image,method,image_width,image_height,num_craft_boxes,num_boundary_patches,intersection_pixels,union_pixels,boundary_pixels,text_pixels,iou,text_coverage
ChartQA/test/png/00795994017065.png,DRIP,336,336,21,144,8338.0,34143.0,28224,14257,0.24420818322935886,0.5848355193939819
ChartQA/test/png/00795994017065.png,Fixed,336,336,21,144,3509.0,38972.0,28224,14257,0.0900390023606692,0.24612471066844357
ChartQA/test/png/01499440003158.png,DRIP,336,336,30,145,10891.0,37618.0,28420,20089,0.2895156573980541,0.5421374881776096
ChartQA/test/png/01499440003158.png,Fixed,336,336,30,144,5209.0,43104.0,28224,20089,0.12084725315515961,0.25929613221165815
ChartQA/test/png/04960398003706.png,DRIP,336,336,12,144,6354.0,30683.0,28224,8813,0.2070853567121859,0.7209803699080903
ChartQA/test/png/04960398003706.png,Fixed,336,336,12,144,2348.0,34689.0,28224,8813,0.06768716307763267,0.26642460002269375
ChartQA/test/png/10146.png,DRIP,336,336,37,145,11840.0,44019.0,28420,27439,0.2689747608987028,0.43150260578009403
ChartQA/test/png/10146.png,Fixed,336,336,37,144,6927.0,48736.0,28224,27439,0.14213312541037426,0.2524508910674587
ChartQA/test/png/13543.png,DRIP,336,336,46,145,15022.0,46969.0,28420,33571,0.3198279716408695,0.4474695421643681
ChartQA/test/png/13543.png,Fixed,336,336,46,144,7674.0,54121.0,28224,33571,0.1417933888878624,0.22859015221470913
ChartQA/test/png/19773854001562.png,DRIP,336,336,11,144,5857.0,30458.0,28224,8091,0.19229759012410533,0.7238907428006427
ChartQA/test/png/19773854001562.png,Fixed,336,336,11,144,2186.0,34129.0,28224,8091,0.06405110023733482,0.2701767395871956
ChartQA/test/png/26282467018528.png,DRIP,336,336,22,144,9697.0,32956.0,28224,14429,0.2942408059230489,0.6720493450689583
ChartQA/test/png/26282467018528.png,Fixed,336,336,22,144,3450.0,39203.0,28224,14429,0.08800346912226105,0.23910180885716265
ChartQA/test/png/32315911008749.png,DRIP,336,336,22,145,9546.0,36019.0,28420,17145,0.2650267914156417,0.5567804024496937
ChartQA/test/png/32315911008749.png,Fixed,336,336,22,144,3722.0,41647.0,28224,17145,0.08937018272624679,0.21708953047535726
ChartQA/test/png/32511750001973.png,DRIP,336,336,20,145,6822.0,32806.0,28420,11208,0.20794976528683778,0.6086723768736617
ChartQA/test/png/32511750001973.png,Fixed,336,336,20,144,2958.0,36474.0,28224,11208,0.08109886494489225,0.2639186295503212
ChartQA/test/png/33677405003863.png,DRIP,336,336,16,145,9408.0,36504.0,28420,17492,0.2577251808021039,0.5378458723988109
ChartQA/test/png/33677405003863.png,Fixed,336,336,16,144,4376.0,41340.0,28224,17492,0.10585389453313981,0.250171506974617
ChartQA/test/png/39067786005185.png,DRIP,336,336,16,144,6898.0,32604.0,28224,11278,0.2115691326217642,0.611633268309984
ChartQA/test/png/39067786005185.png,Fixed,336,336,16,144,2705.0,36797.0,28224,11278,0.07351142756202951,0.23984749068983863
ChartQA/test/png/3960.png,DRIP,336,336,64,144,13313.0,50998.0,28224,36087,0.26104945291972237,0.3689140133566104
ChartQA/test/png/3960.png,Fixed,336,336,64,144,9711.0,54600.0,28224,36087,0.17785714285714285,0.2690996757835232
ChartQA/test/png/4178.png,DRIP,336,336,17,145,3240.0,30981.0,28420,5801,0.10458022659049095,0.5585243923461473
ChartQA/test/png/4178.png,Fixed,336,336,17,144,1228.0,32797.0,28224,5801,0.03744244900448212,0.21168764006205826
ChartQA/test/png/427.png,DRIP,336,336,54,145,12817.0,47141.0,28420,31538,0.27188646825481005,0.4063986302238569
ChartQA/test/png/427.png,Fixed,336,336,54,144,8413.0,51349.0,28224,31538,0.16383960739254902,0.26675756230578984
ChartQA/test/png/4643.png,DRIP,336,336,28,145,10913.0,35342.0,28420,17835,0.30878275140059985,0.6118867395570508
ChartQA/test/png/4643.png,Fixed,336,336,28,144,4025.0,42034.0,28224,17835,0.09575581671979826,0.2256798430053266
ChartQA/test/png/4735.png,DRIP,336,336,19,144,5598.0,34087.0,28224,11461,0.16422683134332736,0.4884390541837536
ChartQA/test/png/4735.png,Fixed,336,336,19,144,3562.0,36123.0,28224,11461,0.09860753536527973,0.31079312450920515
ChartQA/test/png/50565869004099.png,DRIP,336,336,15,145,9782.0,34139.0,28420,15501,0.28653446205219835,0.6310560608992968
ChartQA/test/png/50565869004099.png,Fixed,336,336,15,144,3977.0,39748.0,28224,15501,0.10005534869678978,0.25656409263918456
ChartQA/test/png/52159158000443.png,DRIP,336,336,15,145,7610.0,33009.0,28420,12199,0.23054318519191735,0.623821624723338
ChartQA/test/png/52159158000443.png,Fixed,336,336,15,144,3421.0,37002.0,28224,12199,0.09245446192097724,0.28043282236248873
ChartQA/test/png/56783352006090.png,DRIP,336,336,9,144,3348.0,29302.0,28224,4426,0.11425841239505836,0.7564392227745143
ChartQA/test/png/56783352006090.png,Fixed,336,336,9,144,1245.0,31405.0,28224,4426,0.03964336889030409,0.28129236330772706
ChartQA/test/png/64690068017194.png,DRIP,336,336,22,144,10982.0,38197.0,28224,20955,0.2875094902741053,0.5240753996659508
ChartQA/test/png/64690068017194.png,Fixed,336,336,22,144,5234.0,43945.0,28224,20955,0.11910342473546479,0.24977332378907183
ChartQA/test/png/78465227007926.png,DRIP,336,336,25,144,9236.0,40089.0,28224,21101,0.23038738806156303,0.43770437420027486
ChartQA/test/png/78465227007926.png,Fixed,336,336,25,144,5291.0,44034.0,28224,21101,0.12015715129218331,0.250746410122743
ChartQA/test/png/93336229007592.png,DRIP,336,336,19,145,9538.0,35951.0,28420,17069,0.26530555478289897,0.5587907903216357
ChartQA/test/png/93336229007592.png,Fixed,336,336,19,144,4426.0,40867.0,28224,17069,0.10830254239361832,0.2593004862616439
ChartQA/test/png/OECD_SAVING_RATE_BEL_MEX_000102.png,DRIP,336,336,2,144,507.0,28263.0,28224,546,0.017938647701942468,0.9285714285714286
ChartQA/test/png/OECD_SAVING_RATE_BEL_MEX_000102.png,Fixed,336,336,2,144,182.0,28588.0,28224,546,0.006366307541625857,0.3333333333333333
ChartQA/test/png/OECD_VIOLENCE_AGAINST_WOMEN_JAM_ZWE_000001.png,DRIP,336,336,3,145,2026.0,29555.0,28420,3161,0.06855016071730671,0.6409364125276811
ChartQA/test/png/OECD_VIOLENCE_AGAINST_WOMEN_JAM_ZWE_000001.png,Fixed,336,336,3,144,869.0,30516.0,28224,3161,0.02847686459562197,0.2749130022144891
ChartQA/test/png/multi_col_100190.png,DRIP,336,336,23,144,4766.0,35525.0,28224,12067,0.13415904292751582,0.3949614651528963
ChartQA/test/png/multi_col_100190.png,Fixed,336,336,23,144,3029.0,37262.0,28224,12067,0.08128924910096076,0.2510151653269247
ChartQA/test/png/multi_col_100264.png,DRIP,336,336,5,145,1769.0,29533.0,28420,2882,0.059899095926590595,0.6138098542678695
ChartQA/test/png/multi_col_100264.png,Fixed,336,336,5,144,609.0,30497.0,28224,2882,0.019969177296127488,0.2113115891741846
ChartQA/test/png/multi_col_1009.png,DRIP,336,336,27,145,3686.0,34121.0,28420,9387,0.10802731455701767,0.39267071481836585
ChartQA/test/png/multi_col_1009.png,Fixed,336,336,27,144,2124.0,35487.0,28224,9387,0.05985290388029419,0.22627037392138064
ChartQA/test/png/multi_col_100960.png,DRIP,336,336,13,145,598.0,30531.0,28420,2709,0.01958664963479742,0.2207456626061277
ChartQA/test/png/multi_col_100960.png,Fixed,336,336,13,144,846.0,30087.0,28224,2709,0.028118456476218964,0.3122923588039867
ChartQA/test/png/multi_col_101208.png,DRIP,336,336,20,145,1825.0,33311.0,28420,6716,0.054786707093752815,0.2717391304347826
ChartQA/test/png/multi_col_101208.png,Fixed,336,336,20,144,1699.0,33241.0,28224,6716,0.051111579074035074,0.25297796307325787
ChartQA/test/png/multi_col_103.png,DRIP,336,336,7,145,2634.0,29140.0,28420,3354,0.09039121482498284,0.7853309481216458
ChartQA/test/png/multi_col_103.png,Fixed,336,336,7,144,949.0,30629.0,28224,3354,0.030983708250350975,0.28294573643410853
ChartQA/test/png/multi_col_1303.png,DRIP,336,336,16,145,2071.0,31995.0,28420,5646,0.06472886388498203,0.36680835990081473
ChartQA/test/png/multi_col_1303.png,Fixed,336,336,16,144,1461.0,32409.0,28224,5646,0.04508007035082847,0.2587672688629118
ChartQA/test/png/multi_col_20159.png,DRIP,336,336,6,145,2505.0,29646.0,28420,3731,0.08449706537138231,0.6714017689627446
ChartQA/test/png/multi_col_20159.png,Fixed,336,336,6,144,1014.0,30941.0,28224,3731,0.032772050030703596,0.27177700348432055
ChartQA/test/png/multi_col_20387.png,DRIP,336,336,25,145,4255.0,33231.0,28420,9066,0.12804309229334054,0.46933598058680787
ChartQA/test/png/multi_col_20387.png,Fixed,336,336,25,144,2188.0,35102.0,28224,9066,0.06233263061933793,0.24134127509375689
ChartQA/test/png/multi_col_20452.png,DRIP,336,336,34,145,5733.0,35051.0,28420,12364,0.16356166728481356,0.4636848916208347
ChartQA/test/png/multi_col_20452.png,Fixed,336,336,34,144,3150.0,37438.0,28224,12364,0.08413910999519206,0.2547719184729861
ChartQA/test/png/multi_col_40871.png,DRIP,336,336,19,145,3384.0,30822.0,28420,5786,0.10979170722211408,0.5848600069132388
ChartQA/test/png/multi_col_40871.png,Fixed,336,336,19,144,1544.0,32466.0,28224,5786,0.047557444711390374,0.26685101970273073
ChartQA/test/png/multi_col_41003.png,DRIP,336,336,8,145,3480.0,30108.0,28420,5168,0.11558389796731766,0.673374613003096
ChartQA/test/png/multi_col_41003.png,Fixed,336,336,8,144,1145.0,32247.0,28224,5168,0.035507178962384096,0.22155572755417957
ChartQA/test/png/multi_col_60150.png,DRIP,336,336,17,145,2217.0,30742.0,28420,4539,0.07211632294580704,0.488433575677462
ChartQA/test/png/multi_col_60150.png,Fixed,336,336,17,144,1128.0,31635.0,28224,4539,0.03565670934091987,0.24851288830138796
ChartQA/test/png/multi_col_60240.png,DRIP,336,336,7,145,2401.0,29981.0,28420,3962,0.08008405323371469,0.6060070671378092
ChartQA/test/png/multi_col_60240.png,Fixed,336,336,7,144,746.0,31440.0,28224,3962,0.023727735368956743,0.18828874305906107
ChartQA/test/png/multi_col_60502.png,DRIP,336,336,4,145,1630.0,28793.0,28420,2003,0.056610981835862884,0.8137793310034948
ChartQA/test/png/multi_col_60502.png,Fixed,336,336,4,144,562.0,29665.0,28224,2003,0.01894488454407551,0.28057913130304546
ChartQA/test/png/multi_col_60831.png,DRIP,336,336,9,145,1993.0,30313.0,28420,3886,0.06574736911556098,0.5128667009778692
ChartQA/test/png/multi_col_60831.png,Fixed,336,336,9,144,1185.0,30925.0,28224,3886,0.03831851253031528,0.3049408131755018
ChartQA/test/png/multi_col_80270.png,DRIP,336,336,13,145,4710.0,29748.0,28420,6038,0.15832997176280758,0.7800596223915204
ChartQA/test/png/multi_col_80270.png,Fixed,336,336,13,144,1938.0,32324.0,28224,6038,0.05995545105803737,0.3209672076846638
ChartQA/test/png/multi_col_852.png,DRIP,336,336,5,145,1274.0,28523.0,28420,1377,0.044665708375696805,0.925199709513435
ChartQA/test/png/multi_col_852.png,Fixed,336,336,5,144,250.0,29351.0,28224,1377,0.00851759735613778,0.18155410312273057
ChartQA/test/png/multi_col_959.png,DRIP,336,336,40,145,4844.0,37088.0,28420,13512,0.13060828300258845,0.35849615156897574
ChartQA/test/png/multi_col_959.png,Fixed,336,336,40,144,3389.0,38347.0,28224,13512,0.08837718726367122,0.25081409117821196
ChartQA/test/png/two_col_100025.png,DRIP,336,336,9,144,3097.0,31083.0,28224,5956,0.09963645722742336,0.5199798522498321
ChartQA/test/png/two_col_100025.png,Fixed,336,336,9,144,1278.0,32902.0,28224,5956,0.038842623548720444,0.21457353928811282
ChartQA/test/png/two_col_100193.png,DRIP,336,336,15,145,3578.0,31997.0,28420,7155,0.1118229834046942,0.5000698812019567
ChartQA/test/png/two_col_100193.png,Fixed,336,336,15,144,1863.0,33516.0,28224,7155,0.055585392051557464,0.26037735849056604
ChartQA/test/png/two_col_100878.png,DRIP,336,336,0,145,,,28420,0,,
ChartQA/test/png/two_col_100878.png,Fixed,336,336,0,144,,,28224,0,,
ChartQA/test/png/two_col_101140.png,DRIP,336,336,13,145,2557.0,30390.0,28420,4527,0.08413951957880882,0.5648332228849128
ChartQA/test/png/two_col_101140.png,Fixed,336,336,13,144,1391.0,31360.0,28224,4527,0.044355867346938777,0.30726750607466313
ChartQA/test/png/two_col_101214.png,DRIP,336,336,5,145,1359.0,28856.0,28420,1795,0.04709592459107292,0.7571030640668523
ChartQA/test/png/two_col_101214.png,Fixed,336,336,5,144,573.0,29446.0,28224,1795,0.019459349317394552,0.3192200557103064
ChartQA/test/png/two_col_101527.png,DRIP,336,336,4,145,1557.0,28656.0,28420,1793,0.054334170854271356,0.8683770217512549
ChartQA/test/png/two_col_101527.png,Fixed,336,336,4,144,474.0,29543.0,28224,1793,0.01604440984327929,0.2643614054656999
ChartQA/test/png/two_col_102416.png,DRIP,336,336,10,144,2245.0,28421.0,28224,2442,0.07899088702016115,0.9193284193284194
ChartQA/test/png/two_col_102416.png,Fixed,336,336,10,144,714.0,29952.0,28224,2442,0.023838141025641024,0.29238329238329236
ChartQA/test/png/two_col_103718.png,DRIP,336,336,11,145,2332.0,28717.0,28420,2629,0.08120625413518125,0.8870292887029289
ChartQA/test/png/two_col_103718.png,Fixed,336,336,11,144,636.0,30217.0,28224,2629,0.021047754575239105,0.24191707873716242
ChartQA/test/png/two_col_104683.png,DRIP,336,336,14,145,2844.0,28986.0,28420,3410,0.09811633202235562,0.8340175953079179
ChartQA/test/png/two_col_104683.png,Fixed,336,336,14,144,777.0,30857.0,28224,3410,0.025180672132741354,0.22785923753665688
ChartQA/test/png/two_col_117.png,DRIP,336,336,8,145,1731.0,29483.0,28420,2794,0.05871180002035071,0.6195418754473873
ChartQA/test/png/two_col_117.png,Fixed,336,336,8,144,763.0,30255.0,28224,2794,0.02521897207073211,0.27308518253400144
ChartQA/test/png/two_col_1497.png,DRIP,336,336,11,145,2204.0,30012.0,28420,3796,0.07343729174996667,0.5806111696522656
ChartQA/test/png/two_col_1497.png,Fixed,336,336,11,144,244.0,31776.0,28224,3796,0.0076787512588116814,0.0642781875658588
ChartQA/test/png/two_col_1811.png,DRIP,336,336,4,145,776.0,29329.0,28420,1685,0.026458454089808722,0.4605341246290801
ChartQA/test/png/two_col_1811.png,Fixed,336,336,4,144,568.0,29341.0,28224,1685,0.019358576735625917,0.3370919881305638
ChartQA/test/png/two_col_1825.png,DRIP,336,336,11,145,2284.0,29029.0,28420,2893,0.07867994074890626,0.7894918769443484
ChartQA/test/png/two_col_1825.png,Fixed,336,336,11,144,878.0,30239.0,28224,2893,0.029035351698138166,0.3034911856204632
ChartQA/test/png/two_col_20485.png,DRIP,336,336,5,145,1107.0,28512.0,28420,1199,0.038825757575757576,0.9232693911592994
ChartQA/test/png/two_col_20485.png,Fixed,336,336,5,144,368.0,29055.0,28224,1199,0.01266563414214421,0.30692243536280234
ChartQA/test/png/two_col_2055.png,DRIP,336,336,2,145,409.0,28729.0,28420,718,0.014236485780918236,0.5696378830083565
ChartQA/test/png/two_col_2055.png,Fixed,336,336,2,144,182.0,28760.0,28224,718,0.006328233657858136,0.25348189415041783
ChartQA/test/png/two_col_20719.png,DRIP,336,336,21,145,2966.0,31953.0,28420,6499,0.09282383500766751,0.45637790429296815
ChartQA/test/png/two_col_20719.png,Fixed,336,336,21,144,1673.0,33050.0,28224,6499,0.05062027231467474,0.2574242191106324
ChartQA/test/png/two_col_21522.png,DRIP,336,336,10,145,2136.0,28792.0,28420,2508,0.07418727424284524,0.8516746411483254
ChartQA/test/png/two_col_21522.png,Fixed,336,336,10,144,574.0,30158.0,28224,2508,0.01903309238013131,0.22886762360446572
ChartQA/test/png/two_col_21737.png,DRIP,336,336,14,145,3354.0,28916.0,28420,3850,0.11599114676995435,0.8711688311688311
ChartQA/test/png/two_col_21737.png,Fixed,336,336,14,144,892.0,31182.0,28224,3850,0.028606247193893913,0.2316883116883117
ChartQA/test/png/two_col_22250.png,DRIP,336,336,14,145,2544.0,29341.0,28420,3465,0.08670461129477523,0.7341991341991342
ChartQA/test/png/two_col_22250.png,Fixed,336,336,14,144,709.0,30980.0,28224,3465,0.02288573273079406,0.20461760461760461
ChartQA/test/png/two_col_22287.png,DRIP,336,336,15,145,3207.0,29096.0,28420,3883,0.11022133626615342,0.8259078032449138
ChartQA/test/png/two_col_22287.png,Fixed,336,336,15,144,933.0,31174.0,28224,3883,0.029928786809520755,0.24027813546227145
ChartQA/test/png/two_col_22364.png,DRIP,336,336,6,145,1339.0,28863.0,28420,1782,0.04639157398745799,0.7514029180695847
ChartQA/test/png/two_col_22364.png,Fixed,336,336,6,144,590.0,29416.0,28224,1782,0.02005711177590427,0.33108866442199775
ChartQA/test/png/two_col_22387.png,DRIP,336,336,20,145,4196.0,30106.0,28420,5882,0.13937421112070683,0.7133628017681061
ChartQA/test/png/two_col_22387.png,Fixed,336,336,20,144,1578.0,32528.0,28224,5882,0.0485120511559272,0.26827609656579393
ChartQA/test/png/two_col_22832.png,DRIP,336,336,6,145,1846.0,29104.0,28420,2530,0.06342770753161077,0.7296442687747036
ChartQA/test/png/two_col_22832.png,Fixed,336,336,6,144,619.0,30135.0,28224,2530,0.020540899286543887,0.24466403162055336
ChartQA/test/png/two_col_23276.png,DRIP,336,336,4,144,221.0,29113.0,28224,1110,0.00759111050046371,0.1990990990990991
ChartQA/test/png/two_col_23276.png,Fixed,336,336,4,144,57.0,29277.0,28224,1110,0.0019469207910646582,0.051351351351351354
ChartQA/test/png/two_col_23773.png,DRIP,336,336,16,145,3636.0,30281.0,28420,5497,0.12007529473927546,0.6614517009277788
ChartQA/test/png/two_col_23773.png,Fixed,336,336,16,144,1365.0,32356.0,28224,5497,0.04218692050933366,0.24831726396216117
ChartQA/test/png/two_col_23924.png,DRIP,336,336,9,145,2075.0,28754.0,28420,2409,0.0721638728524727,0.8613532586135326
ChartQA/test/png/two_col_23924.png,Fixed,336,336,9,144,673.0,29960.0,28224,2409,0.02246328437917223,0.27936903279369035
ChartQA/test/png/two_col_24074.png,DRIP,336,336,11,145,1725.0,30442.0,28420,3747,0.05666513369686617,0.46036829463570855
ChartQA/test/png/two_col_24074.png,Fixed,336,336,11,144,718.0,31253.0,28224,3747,0.02297379451572649,0.19161996263677608
ChartQA/test/png/two_col_24134.png,DRIP,336,336,9,144,1181.0,29704.0,28224,2661,0.03975895502289254,0.44381811349116873
ChartQA/test/png/two_col_24134.png,Fixed,336,336,9,144,724.0,30161.0,28224,2661,0.024004509134312523,0.2720781661029688
ChartQA/test/png/two_col_24274.png,DRIP,336,336,7,145,1784.0,29163.0,28420,2527,0.0611734046565854,0.705975464978235
ChartQA/test/png/two_col_24274.png,Fixed,336,336,7,144,518.0,30233.0,28224,2527,0.01713359573975457,0.20498614958448755
ChartQA/test/png/two_col_24431.png,DRIP,336,336,4,144,546.0,29381.0,28224,1703,0.01858343827643715,0.32061068702290074
ChartQA/test/png/two_col_24431.png,Fixed,336,336,4,144,504.0,29423.0,28224,1703,0.017129456547598818,0.2959483264826776
ChartQA/test/png/two_col_24561.png,DRIP,336,336,1,144,1028.0,28275.0,28224,1079,0.03635720601237843,0.9527340129749768
ChartQA/test/png/two_col_24561.png,Fixed,336,336,1,144,361.0,28942.0,28224,1079,0.01247322230668233,0.3345690454124189
ChartQA/test/png/two_col_3365.png,DRIP,336,336,19,144,2942.0,31776.0,28224,6494,0.09258559919436052,0.4530335694487219
ChartQA/test/png/two_col_3365.png,Fixed,336,336,19,144,1329.0,33389.0,28224,6494,0.03980352810805954,0.204650446566061
ChartQA/test/png/two_col_3712.png,DRIP,336,336,8,145,1683.0,28827.0,28420,2090,0.05838276615672807,0.8052631578947368
ChartQA/test/png/two_col_3712.png,Fixed,336,336,8,144,366.0,29948.0,28224,2090,0.01222118338453319,0.17511961722488037
ChartQA/test/png/two_col_40195.png,DRIP,336,336,16,145,3584.0,29684.0,28420,4848,0.12073844495351031,0.7392739273927392
ChartQA/test/png/two_col_40195.png,Fixed,336,336,16,144,1207.0,31865.0,28224,4848,0.037878550133375176,0.24896864686468648
ChartQA/test/png/two_col_4020.png,DRIP,336,336,4,145,475.0,29283.0,28420,1338,0.01622101560632449,0.35500747384155457
ChartQA/test/png/two_col_4020.png,Fixed,336,336,4,144,336.0,29226.0,28224,1338,0.011496612605214535,0.25112107623318386
ChartQA/test/png/two_col_40213.png,DRIP,336,336,10,145,2171.0,28713.0,28420,2464,0.07561035071222094,0.8810876623376623
ChartQA/test/png/two_col_40213.png,Fixed,336,336,10,144,740.0,29948.0,28224,2464,0.02470949646053159,0.3003246753246753
ChartQA/test/png/two_col_40936.png,DRIP,336,336,3,144,922.0,28611.0,28224,1309,0.032225367865506276,0.7043544690603514
ChartQA/test/png/two_col_40936.png,Fixed,336,336,3,144,372.0,29161.0,28224,1309,0.012756764171324715,0.28418640183346067
ChartQA/test/png/two_col_4148.png,DRIP,336,336,8,145,1777.0,29243.0,28420,2600,0.060766679205279894,0.6834615384615385
ChartQA/test/png/two_col_4148.png,Fixed,336,336,8,144,893.0,29931.0,28224,2600,0.029835287828672615,0.3434615384615385
ChartQA/test/png/two_col_42656.png,DRIP,336,336,10,145,1784.0,29484.0,28420,2848,0.060507393840727175,0.6264044943820225
ChartQA/test/png/two_col_42656.png,Fixed,336,336,10,144,716.0,30356.0,28224,2848,0.023586770325471077,0.25140449438202245
ChartQA/test/png/two_col_42809.png,DRIP,336,336,6,145,1336.0,28536.0,28420,1452,0.046818054387440425,0.9201101928374655
ChartQA/test/png/two_col_42809.png,Fixed,336,336,6,144,16.0,29660.0,28224,1452,0.0005394470667565745,0.011019283746556474
ChartQA/test/png/two_col_42876.png,DRIP,336,336,10,145,2202.0,29670.0,28420,3452,0.07421638018200202,0.6378910776361529
ChartQA/test/png/two_col_42876.png,Fixed,336,336,10,144,820.0,30856.0,28224,3452,0.026575058335493906,0.23754345307068367
ChartQA/test/png/two_col_4371.png,DRIP,336,336,8,145,1689.0,28623.0,28420,1892,0.059008489676134576,0.892706131078224
ChartQA/test/png/two_col_4371.png,Fixed,336,336,8,144,500.0,29616.0,28224,1892,0.0168827660723933,0.2642706131078224
ChartQA/test/png/two_col_43770.png,DRIP,336,336,12,145,2533.0,28813.0,28420,2926,0.08791170652136189,0.8656869446343131
ChartQA/test/png/two_col_43770.png,Fixed,336,336,12,144,813.0,30337.0,28224,2926,0.026798958367669844,0.2778537252221463
ChartQA/test/png/two_col_4585.png,DRIP,336,336,4,145,500.0,29177.0,28420,1257,0.017136785824450766,0.39777247414478917
ChartQA/test/png/two_col_4585.png,Fixed,336,336,4,144,164.0,29317.0,28224,1257,0.005594023945151278,0.13046937151949084
ChartQA/test/png/two_col_464.png,DRIP,336,336,3,144,990.0,28851.0,28224,1617,0.03431423520848498,0.6122448979591837
ChartQA/test/png/two_col_464.png,Fixed,336,336,3,144,353.0,29488.0,28224,1617,0.011970971242539338,0.21830550401978974
ChartQA/test/png/two_col_474.png,DRIP,336,336,4,144,873.0,28435.0,28224,1084,0.030701600140671706,0.8053505535055351
ChartQA/test/png/two_col_474.png,Fixed,336,336,4,144,261.0,29047.0,28224,1084,0.008985437394567425,0.24077490774907748
ChartQA/test/png/two_col_4872.png,DRIP,336,336,12,144,3369.0,31001.0,28224,6146,0.10867391374471791,0.5481614057923853
ChartQA/test/png/two_col_4872.png,Fixed,336,336,12,144,1629.0,32741.0,28224,6146,0.04975413090620323,0.2650504393101204
ChartQA/test/png/two_col_5155.png,DRIP,336,336,1,144,220.0,28411.0,28224,407,0.007743479638168315,0.5405405405405406
ChartQA/test/png/two_col_5155.png,Fixed,336,336,1,144,138.0,28493.0,28224,407,0.004843294844347735,0.33906633906633904
ChartQA/test/png/two_col_5244.png,DRIP,336,336,11,145,2175.0,28984.0,28420,2739,0.07504140215291195,0.7940854326396495
ChartQA/test/png/two_col_5244.png,Fixed,336,336,11,144,614.0,30349.0,28224,2739,0.020231309104089098,0.22416940489229645
ChartQA/test/png/two_col_5445.png,DRIP,336,336,22,145,6260.0,33094.0,28420,10934,0.18915815555689852,0.5725260654838119
ChartQA/test/png/two_col_5445.png,Fixed,336,336,22,144,2542.0,36616.0,28224,10934,0.06942320297137863,0.2324858240351198
ChartQA/test/png/two_col_61362.png,DRIP,336,336,8,145,1582.0,28906.0,28420,2068,0.05472912198159552,0.7649903288201161
ChartQA/test/png/two_col_61362.png,Fixed,336,336,8,144,446.0,29846.0,28224,2068,0.01494337599678349,0.21566731141199227
ChartQA/test/png/two_col_61646.png,DRIP,336,336,1,145,0.0,28717.0,28420,297,0.0,0.0
ChartQA/test/png/two_col_61646.png,Fixed,336,336,1,144,0.0,28521.0,28224,297,0.0,0.0
ChartQA/test/png/two_col_66.png,DRIP,336,336,10,144,2091.0,30151.0,28224,4018,0.06935093363404199,0.5204081632653061
ChartQA/test/png/two_col_66.png,Fixed,336,336,10,144,1121.0,31121.0,28224,4018,0.03602069342244787,0.27899452463912394
ChartQA/test/png/two_col_80646.png,DRIP,336,336,8,144,1734.0,28624.0,28224,2134,0.06057853549468977,0.8125585754451734
ChartQA/test/png/two_col_80646.png,Fixed,336,336,8,144,361.0,29997.0,28224,2134,0.012034536787012034,0.169165885660731
ChartQA/test/png/two_col_80717.png,DRIP,336,336,12,145,2470.0,28920.0,28420,2970,0.08540802213001383,0.8316498316498316
ChartQA/test/png/two_col_80717.png,Fixed,336,336,12,144,714.0,30480.0,28224,2970,0.023425196850393702,0.2404040404040404
ChartQA/test/png/two_col_81125.png,DRIP,336,336,8,144,2409.0,29756.0,28224,3941,0.08095846215889232,0.6112661760974372
ChartQA/test/png/two_col_81125.png,Fixed,336,336,8,144,1113.0,31052.0,28224,3941,0.03584310189359784,0.2824156305506217
ChartQA/test/png/two_col_959.png,DRIP,336,336,7,145,945.0,29767.0,28420,2292,0.031746564988074044,0.412303664921466
ChartQA/test/png/two_col_959.png,Fixed,336,336,7,144,539.0,29977.0,28224,2292,0.01798045167962104,0.23516579406631763
ESTVQA/images/train/011379.jpg,DRIP,336,336,3,145,1733.0,29034.0,28420,2347,0.059688640903768,0.7383894333191308
ESTVQA/images/train/011379.jpg,Fixed,336,336,3,144,574.0,29997.0,28224,2347,0.019135246858019136,0.24456753302087772
ESTVQA/images/train/011382.jpg,DRIP,336,336,1,145,8941.0,31290.0,28420,11811,0.2857462448066475,0.757006180679028
ESTVQA/images/train/011382.jpg,Fixed,336,336,1,144,2996.0,37039.0,28224,11811,0.08088771295121358,0.25366184065701464
ESTVQA/images/train/011384.jpg,DRIP,336,336,1,144,2280.0,28224.0,28224,2280,0.08078231292517007,1.0
ESTVQA/images/train/011384.jpg,Fixed,336,336,1,144,684.0,29820.0,28224,2280,0.022937625754527163,0.3
ESTVQA/images/train/011400.jpg,DRIP,336,336,2,144,17598.0,37737.0,28224,27111,0.46633277685030605,0.6491092176607282
ESTVQA/images/train/011400.jpg,Fixed,336,336,2,144,6916.0,48419.0,28224,27111,0.1428364898077201,0.2550994061451072
ESTVQA/images/train/011436.jpg,DRIP,336,336,2,145,8459.0,29808.0,28420,9847,0.2837828770799785,0.8590433634609526
ESTVQA/images/train/011436.jpg,Fixed,336,336,2,144,2388.0,35683.0,28224,9847,0.06692262421881569,0.24251040926170409
ESTVQA/images/train/011437.jpg,DRIP,336,336,5,145,5053.0,29033.0,28420,5666,0.1740433300037888,0.8918108012707378
ESTVQA/images/train/011437.jpg,Fixed,336,336,5,144,1470.0,32420.0,28224,5666,0.045342381246144356,0.2594422873279209
ESTVQA/images/train/011468.jpg,DRIP,336,336,4,145,16422.0,42793.0,28420,30795,0.3837543523473465,0.5332683877252801
ESTVQA/images/train/011468.jpg,Fixed,336,336,4,144,7684.0,51335.0,28224,30795,0.14968345183597936,0.24952102614060725
ESTVQA/images/train/011532.jpg,DRIP,336,336,2,145,4265.0,28945.0,28420,4790,0.14734841941613405,0.8903966597077244
ESTVQA/images/train/011532.jpg,Fixed,336,336,2,144,1089.0,31925.0,28224,4790,0.03411119812059515,0.22734864300626303
ESTVQA/images/train/011540.jpg,DRIP,336,336,2,144,13119.0,30924.0,28224,15819,0.4242336049670159,0.8293191731462166
ESTVQA/images/train/011540.jpg,Fixed,336,336,2,144,3809.0,40234.0,28224,15819,0.0946711736342397,0.24078639610594854
ESTVQA/images/train/011553.jpg,DRIP,336,336,2,145,6243.0,30954.0,28420,8777,0.2016863733281644,0.7112908738749003
ESTVQA/images/train/011553.jpg,Fixed,336,336,2,144,1850.0,35151.0,28224,8777,0.05263008164774829,0.21077817021761422
ESTVQA/images/train/011569.jpg,DRIP,336,336,1,144,989.0,28224.0,28224,989,0.03504109977324263,1.0
ESTVQA/images/train/011569.jpg,Fixed,336,336,1,144,322.0,28891.0,28224,989,0.011145339379045377,0.32558139534883723
ESTVQA/images/train/011573.jpg,DRIP,336,336,1,145,5220.0,30155.0,28420,6955,0.1731056209583817,0.7505391804457225
ESTVQA/images/train/011573.jpg,Fixed,336,336,1,144,1820.0,33359.0,28224,6955,0.05455799034743248,0.2616822429906542
ESTVQA/images/train/011621.jpg,DRIP,336,336,1,145,3778.0,28476.0,28420,3834,0.13267312824834948,0.9853938445487741
ESTVQA/images/train/011621.jpg,Fixed,336,336,1,144,994.0,31064.0,28224,3834,0.03199845480298738,0.25925925925925924
ESTVQA/images/train/011638.jpg,DRIP,336,336,8,145,11768.0,48100.0,28420,31448,0.24465696465696465,0.3742050368862885
ESTVQA/images/train/011638.jpg,Fixed,336,336,8,144,8736.0,50936.0,28224,31448,0.17150934506046803,0.2777919104553549
ESTVQA/images/train/011663.jpg,DRIP,336,336,1,144,902.0,28311.0,28224,989,0.031860407615414504,0.9120323559150657
ESTVQA/images/train/011663.jpg,Fixed,336,336,1,144,322.0,28891.0,28224,989,0.011145339379045377,0.32558139534883723
ESTVQA/images/train/011664.jpg,DRIP,336,336,7,144,14714.0,47496.0,28224,33986,0.30979450901128514,0.43294297651974345
ESTVQA/images/train/011664.jpg,Fixed,336,336,7,144,8298.0,53912.0,28224,33986,0.153917495177326,0.24415935973636202
ESTVQA/images/train/011671.jpg,DRIP,336,336,1,144,13804.0,52388.0,28224,37968,0.26349545697487975,0.3635693215339233
ESTVQA/images/train/011671.jpg,Fixed,336,336,1,144,9492.0,56700.0,28224,37968,0.1674074074074074,0.25
ESTVQA/images/train/011682.jpg,DRIP,336,336,2,144,531.0,28364.0,28224,671,0.01872091383443802,0.7913561847988078
ESTVQA/images/train/011682.jpg,Fixed,336,336,2,144,209.0,28686.0,28224,671,0.007285784006135397,0.3114754098360656
ESTVQA/images/train/011718.jpg,DRIP,336,336,8,144,14663.0,52548.0,28224,38987,0.27904011570373755,0.37609972554954213
ESTVQA/images/train/011718.jpg,Fixed,336,336,8,144,9961.0,57250.0,28224,38987,0.17399126637554585,0.2554954215507733
ESTVQA/images/train/011737.jpg,DRIP,336,336,1,145,2742.0,29680.0,28420,4002,0.09238544474393531,0.6851574212893553
ESTVQA/images/train/011737.jpg,Fixed,336,336,1,144,812.0,31414.0,28224,4002,0.025848347870376265,0.2028985507246377
ESTVQA/images/train/011764.jpg,DRIP,336,336,2,145,15211.0,59865.0,28420,46656,0.254088365489017,0.32602451989026066
ESTVQA/images/train/011764.jpg,Fixed,336,336,2,144,11452.0,63428.0,28224,46656,0.18055117613672195,0.24545610425240055
ESTVQA/images/train/011815.jpg,DRIP,336,336,1,145,11369.0,48496.0,28420,31445,0.23443170570768723,0.36155191604388615
ESTVQA/images/train/011815.jpg,Fixed,336,336,1,144,7980.0,51689.0,28224,31445,0.1543848787943276,0.2537764350453172
ESTVQA/images/train/011824.jpg,DRIP,336,336,1,144,422.0,29483.0,28224,1681,0.014313333107214327,0.2510410469958358
ESTVQA/images/train/011824.jpg,Fixed,336,336,1,144,574.0,29331.0,28224,1681,0.01956973850192629,0.34146341463414637
ESTVQA/images/train/011825.jpg,DRIP,336,336,2,144,8840.0,43025.0,28224,23641,0.20546194073213248,0.3739266528488643
ESTVQA/images/train/011825.jpg,Fixed,336,336,2,144,5756.0,46109.0,28224,23641,0.12483463098310525,0.24347531830294827
ESTVQA/images/train/011827.jpg,DRIP,336,336,8,144,18320.0,63814.0,28224,53910,0.2870843388598113,0.3398256353181228
ESTVQA/images/train/011827.jpg,Fixed,336,336,8,144,13556.0,68578.0,28224,53910,0.19767272303070957,0.2514561305880171
ESTVQA/images/train/011857.jpg,DRIP,336,336,1,144,18606.0,72450.0,28224,62832,0.25681159420289856,0.29612299465240643
ESTVQA/images/train/011857.jpg,Fixed,336,336,1,144,15708.0,75348.0,28224,62832,0.2084726867335563,0.25
ESTVQA/images/train/011896.jpg,DRIP,336,336,1,144,4942.0,28602.0,28224,5320,0.1727851199216838,0.9289473684210526
ESTVQA/images/train/011896.jpg,Fixed,336,336,1,144,1280.0,32264.0,28224,5320,0.03967270022315894,0.24060150375939848
ESTVQA/images/train/011898.jpg,DRIP,336,336,1,144,1155.0,28308.0,28224,1239,0.04080118694362018,0.9322033898305084
ESTVQA/images/train/011898.jpg,Fixed,336,336,1,144,294.0,29169.0,28224,1239,0.010079193664506839,0.23728813559322035
ESTVQA/images/train/011899.jpg,DRIP,336,336,1,144,2534.0,28665.0,28224,2975,0.0884004884004884,0.851764705882353
ESTVQA/images/train/011899.jpg,Fixed,336,336,1,144,980.0,30219.0,28224,2975,0.03242992819087329,0.32941176470588235
ESTVQA/images/train/011929.jpg,DRIP,336,336,2,144,7341.0,28602.0,28224,7719,0.2566603734004615,0.9510299261562378
ESTVQA/images/train/011929.jpg,Fixed,336,336,2,144,1959.0,33984.0,28224,7719,0.057644774011299436,0.2537893509521959
ESTVQA/images/train/011938.jpg,DRIP,336,336,1,145,303.0,28520.0,28420,403,0.010624123422159888,0.7518610421836228
ESTVQA/images/train/011938.jpg,Fixed,336,336,1,144,182.0,28445.0,28224,403,0.00639831253295834,0.45161290322580644
ESTVQA/images/train/011954.jpg,DRIP,336,336,3,145,2503.0,29932.0,28420,4015,0.08362287852465589,0.623412204234122
ESTVQA/images/train/011954.jpg,Fixed,336,336,3,144,1112.0,31127.0,28224,4015,0.0357246120731198,0.27696139476961396
ESTVQA/images/train/011984.jpg,DRIP,336,336,1,145,,,28420,0,,
ESTVQA/images/train/011984.jpg,Fixed,336,336,1,144,,,28224,0,,
ESTVQA/images/train/011987.jpg,DRIP,336,336,2,145,10102.0,38612.0,28420,20294,0.261628509271729,0.4977825958411353
ESTVQA/images/train/011987.jpg,Fixed,336,336,2,144,5068.0,43450.0,28224,20294,0.11663981588032221,0.24972898393613877
ESTVQA/images/train/012077.jpg,DRIP,336,336,4,145,24340.0,104160.0,28420,100080,0.233678955453149,0.2432054356514788
ESTVQA/images/train/012077.jpg,Fixed,336,336,4,144,25251.0,103053.0,28224,100080,0.24502925679019533,0.25230815347721824
ESTVQA/images/train/012118.jpg,DRIP,336,336,5,144,21224.0,83165.0,28224,76165,0.2552035110924067,0.27865817632770956
ESTVQA/images/train/012118.jpg,Fixed,336,336,5,144,19012.0,85377.0,28224,76165,0.22268292397249845,0.24961596533841002
ESTVQA/images/train/012121.jpg,DRIP,336,336,9,145,6585.0,29405.0,28420,7570,0.2239415065465057,0.8698811096433289
ESTVQA/images/train/012121.jpg,Fixed,336,336,9,144,1859.0,33935.0,28224,7570,0.05478119935170178,0.24557463672391017
ESTVQA/images/train/012125.jpg,DRIP,336,336,2,145,8624.0,37835.0,28420,18039,0.22793709528214617,0.4780752813348855
ESTVQA/images/train/012125.jpg,Fixed,336,336,2,144,4410.0,41853.0,28224,18039,0.1053687907676869,0.24447031431897556
ESTVQA/images/train/012174.jpg,DRIP,336,336,16,144,19778.0,84340.0,28224,75894,0.23450320132795827,0.2606003109600232
ESTVQA/images/train/012174.jpg,Fixed,336,336,16,144,19001.0,85117.0,28224,75894,0.22323390157077905,0.25036234748464964
ESTVQA/images/train/012225.jpg,DRIP,336,336,3,145,9959.0,40800.0,28420,22339,0.24409313725490195,0.4458122565916111
ESTVQA/images/train/012225.jpg,Fixed,336,336,3,144,5811.0,44752.0,28224,22339,0.12984894529853414,0.2601280272169748
ESTVQA/images/train/012228.jpg,DRIP,336,336,3,144,14051.0,42832.0,28224,28659,0.3280491221516623,0.4902822847970969
ESTVQA/images/train/012228.jpg,Fixed,336,336,3,144,7801.0,49082.0,28224,28659,0.15893810358176114,0.2722007048396664
ESTVQA/images/train/012254.jpg,DRIP,336,336,5,145,8092.0,38136.0,28420,17808,0.21218795888399414,0.45440251572327045
ESTVQA/images/train/012254.jpg,Fixed,336,336,5,144,4400.0,41632.0,28224,17808,0.10568793235972329,0.24707996406109614
ESTVQA/images/train/012259.jpg,DRIP,336,336,4,145,7122.0,30266.0,28420,8968,0.23531355316196392,0.794157002676182
ESTVQA/images/train/012259.jpg,Fixed,336,336,4,144,2341.0,34851.0,28224,8968,0.06717167369659408,0.2610392506690455
ESTVQA/images/train/012292.jpg,DRIP,336,336,1,144,21210.0,87116.0,28224,80102,0.24346847880986272,0.2647873960700107
ESTVQA/images/train/012292.jpg,Fixed,336,336,1,144,20168.0,88158.0,28224,80102,0.22877107012409537,0.2517789817982073
ESTVQA/images/train/012298.jpg,DRIP,336,336,1,144,12880.0,45248.0,28224,29904,0.28465346534653463,0.4307116104868914
ESTVQA/images/train/012298.jpg,Fixed,336,336,1,144,7476.0,50652.0,28224,29904,0.14759535655058043,0.25
ESTVQA/images/train/012310.jpg,DRIP,336,336,28,145,15284.0,50802.0,28420,37666,0.3008542970749183,0.40577709339988316
ESTVQA/images/train/012310.jpg,Fixed,336,336,28,144,9231.0,56659.0,28224,37666,0.16292204239397096,0.24507513407316944
ESTVQA/images/train/012314.jpg,DRIP,336,336,1,144,4062.0,28977.0,28224,4815,0.14018014287193292,0.8436137071651091
ESTVQA/images/train/012314.jpg,Fixed,336,336,1,144,1260.0,31779.0,28224,4815,0.03964882469555367,0.2616822429906542
ESTVQA/images/train/012347.jpg,DRIP,336,336,4,145,5844.0,29287.0,28420,6711,0.1995424591115512,0.8708091193562807
ESTVQA/images/train/012347.jpg,Fixed,336,336,4,144,1747.0,33188.0,28224,6711,0.05263950825599614,0.26031887945164656
ESTVQA/images/train/012354.jpg,DRIP,336,336,32,144,4976.0,39456.0,28224,16208,0.12611516626115166,0.3070088845014807
ESTVQA/images/train/012354.jpg,Fixed,336,336,32,144,3885.0,40547.0,28224,16208,0.09581473351912595,0.2396964461994077
FUNSD/testing_data/images/82251504.png,DRIP,336,336,27,145,9922.0,56083.0,28420,37585,0.17691635611504378,0.2639882932020753
FUNSD/testing_data/images/82251504.png,Fixed,336,336,27,144,9118.0,56691.0,28224,37585,0.16083681713146708,0.24259678063057072
FUNSD/testing_data/images/82252956_2958.png,DRIP,336,336,21,145,6791.0,39966.0,28420,18337,0.16991943151678926,0.3703441129955827
FUNSD/testing_data/images/82252956_2958.png,Fixed,336,336,21,144,4087.0,42474.0,28224,18337,0.09622357206761784,0.2228826961880351
FUNSD/testing_data/images/82253058_3059.png,DRIP,336,336,38,145,8848.0,53207.0,28420,33635,0.16629390869622418,0.2630593132154006
FUNSD/testing_data/images/82253058_3059.png,Fixed,336,336,38,144,8090.0,53769.0,28224,33635,0.15045844259703547,0.24052326445666716
FUNSD/testing_data/images/82254765.png,DRIP,336,336,23,145,5510.0,36842.0,28420,13932,0.14955757016448618,0.39549239161642263
FUNSD/testing_data/images/82254765.png,Fixed,336,336,23,144,3550.0,38606.0,28224,13932,0.09195461845309019,0.25480907263853
FUNSD/testing_data/images/82491256.png,DRIP,336,336,16,145,6618.0,34792.0,28420,12990,0.19021614164175674,0.5094688221709007
FUNSD/testing_data/images/82491256.png,Fixed,336,336,16,144,3734.0,37480.0,28224,12990,0.0996264674493063,0.28745188606620475
FUNSD/testing_data/images/82504862.png,DRIP,336,336,12,145,4597.0,34972.0,28420,11149,0.1314480155553014,0.41232397524441655
FUNSD/testing_data/images/82504862.png,Fixed,336,336,12,144,3117.0,36256.0,28224,11149,0.08597197705207414,0.27957664364517
FUNSD/testing_data/images/82837252.png,DRIP,336,336,10,145,1391.0,32867.0,28420,5838,0.042322085982900784,0.2382665296334361
FUNSD/testing_data/images/82837252.png,Fixed,336,336,10,144,1228.0,32834.0,28224,5838,0.03740025583236888,0.21034600890716
FUNSD/testing_data/images/83624198.png,DRIP,336,336,22,145,8731.0,34911.0,28420,15222,0.2500930938672625,0.573577716463014
FUNSD/testing_data/images/83624198.png,Fixed,336,336,22,144,3222.0,40224.0,28224,15222,0.08010143198090693,0.21166732361056365
FUNSD/testing_data/images/83772145.png,DRIP,336,336,29,145,11358.0,51808.0,28420,34746,0.2192325509573811,0.3268865480918667
FUNSD/testing_data/images/83772145.png,Fixed,336,336,29,144,8474.0,54496.0,28224,34746,0.15549765120375808,0.24388418810798365
FUNSD/testing_data/images/83996357.png,DRIP,336,336,27,145,6695.0,39013.0,28420,17288,0.1716094635121626,0.38726284127718646
FUNSD/testing_data/images/83996357.png,Fixed,336,336,27,144,4375.0,41137.0,28224,17288,0.10635194593674795,0.25306571031929664
FUNSD/testing_data/images/86075409_5410.png,DRIP,336,336,13,145,1212.0,33549.0,28420,6341,0.03612626307788608,0.19113704463018452
FUNSD/testing_data/images/86075409_5410.png,Fixed,336,336,13,144,1579.0,32986.0,28224,6341,0.047868792821196875,0.2490143510487305
FUNSD/testing_data/images/86220490.png,DRIP,336,336,24,145,8375.0,37269.0,28420,17224,0.22471759371059058,0.4862401300510915
FUNSD/testing_data/images/86220490.png,Fixed,336,336,24,144,4604.0,40844.0,28224,17224,0.11272157477230438,0.26730143985137017
FUNSD/testing_data/images/86236474_6476.png,DRIP,336,336,22,144,6900.0,45214.0,28224,23890,0.15260759941611005,0.2888237756383424
FUNSD/testing_data/images/86236474_6476.png,Fixed,336,336,22,144,6468.0,45646.0,28224,23890,0.14169916312491784,0.27074089577228966
FUNSD/testing_data/images/86263525.png,DRIP,336,336,50,145,6658.0,43686.0,28420,21924,0.15240580506340703,0.3036854588578726
FUNSD/testing_data/images/86263525.png,Fixed,336,336,50,144,5075.0,45073.0,28224,21924,0.11259512346637676,0.23148148148148148
FUNSD/testing_data/images/87093315_87093318.png,DRIP,336,336,74,145,7809.0,47088.0,28420,26477,0.16583843017329256,0.2949352268006194
FUNSD/testing_data/images/87093315_87093318.png,Fixed,336,336,74,144,4703.0,49998.0,28224,26477,0.09406376255050201,0.177625863957397
FUNSD/testing_data/images/87137840.png,DRIP,336,336,10,144,1040.0,30961.0,28224,3777,0.033590646296954234,0.2753508075191951
FUNSD/testing_data/images/87137840.png,Fixed,336,336,10,144,962.0,31039.0,28224,3777,0.0309932665356487,0.2546994969552555
FUNSD/testing_data/images/87528321.png,DRIP,336,336,22,144,5620.0,40699.0,28224,18095,0.13808693088282267,0.3105830339872893
FUNSD/testing_data/images/87528321.png,Fixed,336,336,22,144,4576.0,41743.0,28224,18095,0.1096231703519153,0.252887537993921
FUNSD/testing_data/images/87528380.png,DRIP,336,336,53,145,11322.0,62418.0,28420,45320,0.18138998365856004,0.2498234774933804
FUNSD/testing_data/images/87528380.png,Fixed,336,336,53,144,11619.0,61925.0,28224,45320,0.18763019781994347,0.25637687555163285
FUNSD/testing_data/images/87594142_87594144.png,DRIP,336,336,40,145,11231.0,53852.0,28420,36663,0.20855307138082152,0.3063306330633063
FUNSD/testing_data/images/87594142_87594144.png,Fixed,336,336,40,144,8809.0,56078.0,28224,36663,0.1570847747779878,0.24026948149360391
FUNSD/testing_data/images/89856243.png,DRIP,336,336,20,144,4034.0,43314.0,28224,19124,0.09313385972202982,0.2109391340723698
FUNSD/testing_data/images/89856243.png,Fixed,336,336,20,144,4667.0,42681.0,28224,19124,0.10934607905156861,0.24403890399498013
FUNSD/testing_data/images/93106788.png,DRIP,336,336,9,145,2656.0,33573.0,28420,7809,0.07911119054001728,0.34012037392751954
FUNSD/testing_data/images/93106788.png,Fixed,336,336,9,144,2050.0,33983.0,28224,7809,0.060324279786952296,0.26251760788833395
HME100K/test/test_images/test_10391.jpg,DRIP,336,336,1,144,5180.0,43540.0,28224,20496,0.1189710610932476,0.2527322404371585
HME100K/test/test_images/test_10391.jpg,Fixed,336,336,1,144,5264.0,43456.0,28224,20496,0.1211340206185567,0.2568306010928962
HME100K/test/test_images/test_10503.jpg,DRIP,336,336,1,144,20972.0,101332.0,28224,94080,0.20696324951644102,0.22291666666666668
HME100K/test/test_images/test_10503.jpg,Fixed,336,336,1,144,23520.0,98784.0,28224,94080,0.23809523809523808,0.25
HME100K/test/test_images/test_1053.jpg,DRIP,336,336,0,144,,,28224,0,,
HME100K/test/test_images/test_1053.jpg,Fixed,336,336,0,144,,,28224,0,,
HME100K/test/test_images/test_10531.jpg,DRIP,336,336,1,145,12653.0,67910.0,28420,52143,0.186320129583272,0.24265960915175575
HME100K/test/test_images/test_10531.jpg,Fixed,336,336,1,144,13370.0,66997.0,28224,52143,0.19956117438094242,0.2564102564102564
HME100K/test/test_images/test_10536.jpg,DRIP,336,336,2,145,17612.0,83528.0,28420,72720,0.21085145101043962,0.24218921892189219
HME100K/test/test_images/test_10536.jpg,Fixed,336,336,2,144,19096.0,81848.0,28224,72720,0.23331052683022188,0.2625962596259626
HME100K/test/test_images/test_10577.jpg,DRIP,336,336,0,144,,,28224,0,,
HME100K/test/test_images/test_10577.jpg,Fixed,336,336,0,144,,,28224,0,,
HME100K/test/test_images/test_10660.jpg,DRIP,336,336,2,144,15836.0,71102.0,28224,58714,0.22272228629293128,0.26971420785502603
HME100K/test/test_images/test_10660.jpg,Fixed,336,336,2,144,14881.0,72057.0,28224,58714,0.20651706288077495,0.25344892189256396
HME100K/test/test_images/test_11019.jpg,DRIP,336,336,2,144,17696.0,78202.0,28224,67674,0.2262857727423851,0.2614889026804977
HME100K/test/test_images/test_11019.jpg,Fixed,336,336,2,144,17257.0,78641.0,28224,67674,0.2194402410956117,0.25500192097408164
HME100K/test/test_images/test_114.jpg,DRIP,336,336,1,145,13217.0,75978.0,28420,60775,0.17395825107267893,0.2174742904154669
HME100K/test/test_images/test_114.jpg,Fixed,336,336,1,144,15708.0,73291.0,28224,60775,0.21432372324023413,0.25846153846153846
HME100K/test/test_images/test_11528.jpg,DRIP,336,336,1,144,23254.0,107450.0,28224,102480,0.2164169381107492,0.22691256830601092
HME100K/test/test_images/test_11528.jpg,Fixed,336,336,1,144,25620.0,105084.0,28224,102480,0.24380495603517185,0.25
HME100K/test/test_images/test_11554.jpg,DRIP,336,336,1,145,10508.0,63176.0,28420,45264,0.16632898569076865,0.23214916931778012
HME100K/test/test_images/test_11554.jpg,Fixed,336,336,1,144,10612.0,62876.0,28224,45264,0.16877663973535212,0.23444680098974902
HME100K/test/test_images/test_12049.jpg,DRIP,336,336,0,145,,,28420,0,,
HME100K/test/test_images/test_12049.jpg,Fixed,336,336,0,144,,,28224,0,,
HME100K/test/test_images/test_12329.jpg,DRIP,336,336,2,144,10824.0,61795.0,28224,44395,0.17515980257302372,0.24381124000450502
HME100K/test/test_images/test_12329.jpg,Fixed,336,336,2,144,10444.0,62175.0,28224,44395,0.16797748291113793,0.23525171753575852
HME100K/test/test_images/test_12489.jpg,DRIP,336,336,1,145,14377.0,70838.0,28420,56795,0.20295604054321126,0.253138480500044
HME100K/test/test_images/test_12489.jpg,Fixed,336,336,1,144,13734.0,71285.0,28224,56795,0.192663253138809,0.2418170613610353
HME100K/test/test_images/test_12518.jpg,DRIP,336,336,1,144,18928.0,88928.0,28224,79632,0.2128463476070529,0.23769338959212377
HME100K/test/test_images/test_12518.jpg,Fixed,336,336,1,144,19544.0,88312.0,28224,79632,0.22130627774254916,0.24542897327707455
HME100K/test/test_images/test_12587.jpg,DRIP,336,336,1,144,16170.0,80679.0,28224,68625,0.20042390213066597,0.23562841530054646
HME100K/test/test_images/test_12587.jpg,Fixed,336,336,1,144,17120.0,79729.0,28224,68625,0.21472738903034028,0.24947176684881603
HME100K/test/test_images/test_12908.jpg,DRIP,336,336,1,144,17220.0,78628.0,28224,67624,0.2190059520781401,0.2546433218975512
HME100K/test/test_images/test_12908.jpg,Fixed,336,336,1,144,17700.0,78148.0,28224,67624,0.22649332036648412,0.26174139358807524
HME100K/test/test_images/test_1357.jpg,DRIP,336,336,1,144,16184.0,64261.0,28224,52221,0.2518479326496631,0.3099136362765937
HME100K/test/test_images/test_1357.jpg,Fixed,336,336,1,144,13034.0,67411.0,28224,52221,0.19335123347821573,0.24959307558262
HME100K/test/test_images/test_13810.jpg,DRIP,336,336,1,145,24416.0,104804.0,28420,100800,0.23296820732033127,0.24222222222222223
HME100K/test/test_images/test_13810.jpg,Fixed,336,336,1,144,25200.0,103824.0,28224,100800,0.24271844660194175,0.25
HME100K/test/test_images/test_13938.jpg,DRIP,336,336,1,144,12188.0,79419.0,28224,63383,0.1534645361941097,0.1922913083949955
HME100K/test/test_images/test_13938.jpg,Fixed,336,336,1,144,16080.0,75527.0,28224,63383,0.21290399459795833,0.25369578593629205
HME100K/test/test_images/test_14129.jpg,DRIP,336,336,4,145,18076.0,69786.0,28420,59442,0.2590204338979165,0.3040947478214057
HME100K/test/test_images/test_14129.jpg,Fixed,336,336,4,144,14378.0,73288.0,28224,59442,0.1961849143106648,0.2418828437804919
HME100K/test/test_images/test_14409.jpg,DRIP,336,336,1,144,23296.0,95984.0,28224,91056,0.2427071178529755,0.25584255842558423
HME100K/test/test_images/test_14409.jpg,Fixed,336,336,1,144,23016.0,96264.0,28224,91056,0.23909249563699825,0.25276752767527677
HME100K/test/test_images/test_14771.jpg,DRIP,336,336,1,144,16954.0,97286.0,28224,86016,0.17426967909051663,0.19710286458333334
HME100K/test/test_images/test_14771.jpg,Fixed,336,336,1,144,21504.0,92736.0,28224,86016,0.2318840579710145,0.25
HME100K/test/test_images/test_15709.jpg,DRIP,336,336,1,145,20494.0,81494.0,28420,73568,0.2514786364640342,0.27857220530665505
HME100K/test/test_images/test_15709.jpg,Fixed,336,336,1,144,19040.0,82752.0,28224,73568,0.23008507347254448,0.2588081774684646
HME100K/test/test_images/test_15865.jpg,DRIP,336,336,1,144,22414.0,105602.0,28224,99792,0.21224976799681824,0.22460718294051626
HME100K/test/test_images/test_15865.jpg,Fixed,336,336,1,144,24948.0,103068.0,28224,99792,0.24205378973105135,0.25
HME100K/test/test_images/test_16376.jpg,DRIP,336,336,2,144,20244.0,88476.0,28224,80496,0.22880781228807812,0.25149075730471077
HME100K/test/test_images/test_16376.jpg,Fixed,336,336,2,144,20790.0,87930.0,28224,80496,0.23643807574206754,0.2582737030411449
HME100K/test/test_images/test_17208.jpg,DRIP,336,336,1,144,13170.0,67380.0,28224,52326,0.19545859305431879,0.2516913198027749
HME100K/test/test_images/test_17208.jpg,Fixed,336,336,1,144,13242.0,67308.0,28224,52326,0.1967373863433767,0.253067308794863
HME100K/test/test_images/test_17276.jpg,DRIP,336,336,0,145,,,28420,0,,
HME100K/test/test_images/test_17276.jpg,Fixed,336,336,0,144,,,28224,0,,
HME100K/test/test_images/test_17522.jpg,DRIP,336,336,1,144,15904.0,82040.0,28224,69720,0.19385665529010238,0.2281124497991968
HME100K/test/test_images/test_17522.jpg,Fixed,336,336,1,144,16912.0,81032.0,28224,69720,0.20870767104353835,0.242570281124498
HME100K/test/test_images/test_18139.jpg,DRIP,336,336,1,145,12544.0,61460.0,28420,45584,0.2041002277904328,0.2751842751842752
HME100K/test/test_images/test_18139.jpg,Fixed,336,336,1,144,11888.0,61920.0,28224,45584,0.19198966408268733,0.2607932607932608
HME100K/test/test_images/test_18172.jpg,DRIP,336,336,3,144,17625.0,81405.0,28224,70806,0.21651004238068916,0.24891958308617915
HME100K/test/test_images/test_18172.jpg,Fixed,336,336,3,144,18053.0,80977.0,28224,70806,0.22293984711708262,0.2549642685648109
HME100K/test/test_images/test_18398.jpg,DRIP,336,336,1,145,16268.0,84728.0,28420,72576,0.19200264375413087,0.22415123456790123
HME100K/test/test_images/test_18398.jpg,Fixed,336,336,1,144,18144.0,82656.0,28224,72576,0.21951219512195122,0.25
HME100K/test/test_images/test_1867.jpg,DRIP,336,336,0,145,,,28420,0,,
HME100K/test/test_images/test_1867.jpg,Fixed,336,336,0,144,,,28224,0,,
HME100K/test/test_images/test_19236.jpg,DRIP,336,336,1,145,15386.0,73962.0,28420,60928,0.20802574294908197,0.25252757352941174
HME100K/test/test_images/test_19236.jpg,Fixed,336,336,1,144,15680.0,73472.0,28224,60928,0.21341463414634146,0.25735294117647056
HME100K/test/test_images/test_19362.jpg,DRIP,336,336,1,144,9713.0,59926.0,28224,41415,0.16208323599105565,0.23452855245683932
HME100K/test/test_images/test_19362.jpg,Fixed,336,336,1,144,10206.0,59433.0,28224,41415,0.17172278027358537,0.24643245201014125
HME100K/test/test_images/test_19514.jpg,DRIP,336,336,0,145,,,28420,0,,
HME100K/test/test_images/test_19514.jpg,Fixed,336,336,0,144,,,28224,0,,
HME100K/test/test_images/test_19628.jpg,DRIP,336,336,1,145,10806.0,54477.0,28420,36863,0.1983589404702902,0.29313946233350513
HME100K/test/test_images/test_19628.jpg,Fixed,336,336,1,144,10041.0,55046.0,28224,36863,0.1824110743741598,0.272386946260478
HME100K/test/test_images/test_20065.jpg,DRIP,336,336,1,145,16562.0,75362.0,28420,63504,0.21976592977893367,0.26080246913580246
HME100K/test/test_images/test_20065.jpg,Fixed,336,336,1,144,15680.0,76048.0,28224,63504,0.20618556701030927,0.24691358024691357
HME100K/test/test_images/test_203.jpg,DRIP,336,336,2,144,11792.0,69274.0,28224,52842,0.17022259433553713,0.22315582301956777
HME100K/test/test_images/test_203.jpg,Fixed,336,336,2,144,13174.0,67892.0,28224,52842,0.19404348082248277,0.2493092615722342
HME100K/test/test_images/test_20812.jpg,DRIP,336,336,1,144,17276.0,86940.0,28224,75992,0.19871175523349435,0.2273397199705232
HME100K/test/test_images/test_20812.jpg,Fixed,336,336,1,144,19824.0,84392.0,28224,75992,0.23490378234903783,0.2608695652173913
HME100K/test/test_images/test_21416.jpg,DRIP,336,336,1,144,3122.0,42574.0,28224,17472,0.07333114107201578,0.17868589743589744
HME100K/test/test_images/test_21416.jpg,Fixed,336,336,1,144,4256.0,41440.0,28224,17472,0.10270270270270271,0.24358974358974358
HME100K/test/test_images/test_21622.jpg,DRIP,336,336,1,144,23142.0,99135.0,28224,94053,0.23343924950824632,0.24605275748779942
HME100K/test/test_images/test_21622.jpg,Fixed,336,336,1,144,23198.0,99079.0,28224,94053,0.2341363962090857,0.24664816645933677
HME100K/test/test_images/test_21692.jpg,DRIP,336,336,1,145,21774.0,86847.0,28420,80201,0.25071677778161594,0.27149287415368883
HME100K/test/test_images/test_21692.jpg,Fixed,336,336,1,144,20076.0,88349.0,28224,80201,0.2272351696114274,0.25032106831585643
HME100K/test/test_images/test_22088.jpg,DRIP,336,336,1,144,1967.0,53662.0,28224,27405,0.03665536133576833,0.07177522349936143
HME100K/test/test_images/test_22088.jpg,Fixed,336,336,1,144,6244.0,49385.0,28224,27405,0.1264351523742027,0.22784163473818647
HME100K/test/test_images/test_22563.jpg,DRIP,336,336,1,144,17892.0,82542.0,28224,72210,0.21676237551791816,0.2477773161611965
HME100K/test/test_images/test_22563.jpg,Fixed,336,336,1,144,17612.0,82822.0,28224,72210,0.21264881311728767,0.24389973687854868
HME100K/test/test_images/test_22635.jpg,DRIP,336,336,2,145,18948.0,82638.0,28420,73166,0.22928918899295722,0.25897274690429983
HME100K/test/test_images/test_22635.jpg,Fixed,336,336,2,144,18060.0,83330.0,28224,73166,0.21672866914676586,0.2468359620588798
HME100K/test/test_images/test_22658.jpg,DRIP,336,336,1,144,16894.0,86814.0,28224,75484,0.19459994931693045,0.22380901912988183
HME100K/test/test_images/test_22658.jpg,Fixed,336,336,1,144,18926.0,84782.0,28224,75484,0.22323134627633223,0.250728631233109
HME100K/test/test_images/test_23521.jpg,DRIP,336,336,1,144,12789.0,78582.0,28224,63147,0.1627471940138963,0.202527435982707
HME100K/test/test_images/test_23521.jpg,Fixed,336,336,1,144,15995.0,75376.0,28224,63147,0.21220282317979197,0.2532978605476111
HME100K/test/test_images/test_23917.jpg,DRIP,336,336,1,145,26614.0,108990.0,28420,107184,0.24418754014129737,0.24830198537095088
HME100K/test/test_images/test_23917.jpg,Fixed,336,336,1,144,26796.0,108612.0,28224,107184,0.24671307037896364,0.25
HME100K/test/test_images/test_23971.jpg,DRIP,336,336,1,144,5022.0,40284.0,28224,17082,0.12466487935656836,0.2939936775553214
HME100K/test/test_images/test_23971.jpg,Fixed,336,336,1,144,3650.0,41656.0,28224,17082,0.08762243134242366,0.21367521367521367
HME100K/test/test_images/test_2419.jpg,DRIP,336,336,1,144,12068.0,78444.0,28224,62288,0.1538422314007445,0.19374518366298485
HME100K/test/test_images/test_2419.jpg,Fixed,336,336,1,144,15232.0,75280.0,28224,62288,0.20233793836344316,0.2445414847161572
HME100K/test/test_images/test_24605.jpg,DRIP,336,336,1,145,19796.0,82880.0,28420,74256,0.23885135135135135,0.26659125188536953
HME100K/test/test_images/test_24605.jpg,Fixed,336,336,1,144,18564.0,83916.0,28224,74256,0.22122122122122123,0.25
HME100K/test/test_images/test_24915.jpg,DRIP,336,336,2,144,11113.0,59136.0,28224,42025,0.18792275432900432,0.2644378346222487
HME100K/test/test_images/test_24915.jpg,Fixed,336,336,2,144,10532.0,59717.0,28224,42025,0.17636518914212032,0.25061273051754906
HME100K/test/test_images/test_25355.jpg,DRIP,336,336,1,144,6314.0,65254.0,28224,43344,0.09676035185582493,0.145671834625323
HME100K/test/test_images/test_25355.jpg,Fixed,336,336,1,144,11312.0,60256.0,28224,43344,0.18773234200743494,0.26098191214470284
HME100K/test/test_images/test_25486.jpg,DRIP,336,336,1,144,13650.0,74256.0,28224,59682,0.18382352941176472,0.2287121745249824
HME100K/test/test_images/test_25486.jpg,Fixed,336,336,1,144,14210.0,73696.0,28224,59682,0.19281914893617022,0.23809523809523808
HME100K/test/test_images/test_25578.jpg,DRIP,336,336,1,144,22890.0,103310.0,28224,97976,0.2215661601006679,0.23362864374948966
HME100K/test/test_images/test_25578.jpg,Fixed,336,336,1,144,24584.0,101616.0,28224,97976,0.24193040466068336,0.2509185923083204
HME100K/test/test_images/test_26014.jpg,DRIP,336,336,1,144,25266.0,102083.0,28224,99125,0.247504481647287,0.25489029003783104
HME100K/test/test_images/test_26014.jpg,Fixed,336,336,1,144,24654.0,102695.0,28224,99125,0.240070110521447,0.24871626733921817
HME100K/test/test_images/test_26546.jpg,DRIP,336,336,1,144,15553.0,86012.0,28224,73341,0.18082360600846392,0.21206419328888343
HME100K/test/test_images/test_26546.jpg,Fixed,336,336,1,144,18270.0,83295.0,28224,73341,0.21934089681253377,0.2491103202846975
HME100K/test/test_images/test_26863.jpg,DRIP,336,336,1,145,5378.0,34823.0,28420,11781,0.1544381586882233,0.45649775061539766
HME100K/test/test_images/test_26863.jpg,Fixed,336,336,1,144,2948.0,37057.0,28224,11781,0.07955312086785223,0.25023342670401494
HME100K/test/test_images/test_27049.jpg,DRIP,336,336,2,145,12264.0,60295.0,28420,44139,0.20339995024463056,0.27784952083191733
HME100K/test/test_images/test_27049.jpg,Fixed,336,336,2,144,10375.0,61988.0,28224,44139,0.16737110408466155,0.2350529010625524
HME100K/test/test_images/test_27275.jpg,DRIP,336,336,1,144,25235.0,102620.0,28224,99631,0.24590723055934516,0.2532846202487178
HME100K/test/test_images/test_27275.jpg,Fixed,336,336,1,144,25074.0,102781.0,28224,99631,0.24395559490567323,0.2516686573456053
HME100K/test/test_images/test_27314.jpg,DRIP,336,336,2,144,12671.0,78076.0,28224,62523,0.1622905886572058,0.20266142059722023
HME100K/test/test_images/test_27314.jpg,Fixed,336,336,2,144,15653.0,75094.0,28224,62523,0.2084454150797667,0.2503558690401932
HME100K/test/test_images/test_27456.jpg,DRIP,336,336,1,144,21588.0,94332.0,28224,87696,0.2288512911843277,0.24616858237547892
HME100K/test/test_images/test_27456.jpg,Fixed,336,336,1,144,21924.0,93996.0,28224,87696,0.23324396782841822,0.25
HME100K/test/test_images/test_2778.jpg,DRIP,336,336,2,145,15287.0,66335.0,28420,53202,0.23045149619356298,0.28733882184880266
HME100K/test/test_images/test_2778.jpg,Fixed,336,336,2,144,13002.0,68424.0,28224,53202,0.19002104524728167,0.2443893086726063
HME100K/test/test_images/test_27807.jpg,DRIP,336,336,0,144,,,28224,0,,
HME100K/test/test_images/test_27807.jpg,Fixed,336,336,0,144,,,28224,0,,
HME100K/test/test_images/test_27815.jpg,DRIP,336,336,1,145,23758.0,103962.0,28420,99300,0.22852580750658893,0.23925478348439075
HME100K/test/test_images/test_27815.jpg,Fixed,336,336,1,144,24920.0,102604.0,28224,99300,0.24287552142216678,0.25095669687814703
HME100K/test/test_images/test_28057.jpg,DRIP,336,336,1,144,13160.0,63868.0,28224,48804,0.20604997807978956,0.26965002868617327
HME100K/test/test_images/test_28057.jpg,Fixed,336,336,1,144,11284.0,65744.0,28224,48804,0.17163543441226575,0.23121055651176134
HME100K/test/test_images/test_28364.jpg,DRIP,336,336,1,144,26152.0,108248.0,28224,106176,0.24159337816864976,0.24630801687763712
HME100K/test/test_images/test_28364.jpg,Fixed,336,336,1,144,26544.0,107856.0,28224,106176,0.24610591900311526,0.25
HME100K/test/test_images/test_28533.jpg,DRIP,336,336,2,145,21038.0,90680.0,28420,83298,0.2320026466696074,0.2525630867487815
HME100K/test/test_images/test_28533.jpg,Fixed,336,336,2,144,20736.0,90786.0,28224,83298,0.22840526072301898,0.2489375495209969
HME100K/test/test_images/test_28811.jpg,DRIP,336,336,3,145,20454.0,84626.0,28420,76660,0.24169876869992674,0.2668145056091834
HME100K/test/test_images/test_28811.jpg,Fixed,336,336,3,144,19374.0,85510.0,28224,76660,0.22656999181382295,0.25272632402817635
HME100K/test/test_images/test_2887.jpg,DRIP,336,336,1,144,22540.0,95732.0,28224,90048,0.23544896168470314,0.25031094527363185
HME100K/test/test_images/test_2887.jpg,Fixed,336,336,1,144,22512.0,95760.0,28224,90048,0.23508771929824562,0.25
HME100K/test/test_images/test_28897.jpg,DRIP,336,336,2,145,6908.0,42668.0,28420,21156,0.16190119058779412,0.3265267536396294
HME100K/test/test_images/test_28897.jpg,Fixed,336,336,2,144,4776.0,44604.0,28224,21156,0.10707559860102232,0.2257515598411798
HME100K/test/test_images/test_29196.jpg,DRIP,336,336,1,144,4666.0,40703.0,28224,17145,0.11463528486843721,0.2721493146689997
HME100K/test/test_images/test_29196.jpg,Fixed,336,336,1,144,5133.0,40236.0,28224,17145,0.1275723232925738,0.29938757655293086
HME100K/test/test_images/test_29261.jpg,DRIP,336,336,1,145,22092.0,93712.0,28420,87384,0.23574355472084685,0.2528151606701456
HME100K/test/test_images/test_29261.jpg,Fixed,336,336,1,144,21896.0,93712.0,28224,87384,0.2336520402936657,0.2505721871280784
HME100K/test/test_images/test_29346.jpg,DRIP,336,336,1,144,6636.0,42388.0,28224,20800,0.1565537416249882,0.31903846153846155
HME100K/test/test_images/test_29346.jpg,Fixed,336,336,1,144,4480.0,44544.0,28224,20800,0.10057471264367816,0.2153846153846154
HME100K/test/test_images/test_29764.jpg,DRIP,336,336,1,144,7091.0,50668.0,28224,29535,0.13995026446672457,0.24008803114948365
HME100K/test/test_images/test_29764.jpg,Fixed,336,336,1,144,6930.0,50829.0,28224,29535,0.1363394912353184,0.2346368715083799
HME100K/test/test_images/test_3187.jpg,DRIP,336,336,1,144,11260.0,62165.0,28224,45201,0.18113086141719617,0.24910953297493418
HME100K/test/test_images/test_3187.jpg,Fixed,336,336,1,144,11130.0,62295.0,28224,45201,0.17866602456055863,0.2462334904095042
HME100K/test/test_images/test_3263.jpg,DRIP,336,336,3,145,20000.0,79365.0,28420,70945,0.252000252000252,0.2819085206850377
HME100K/test/test_images/test_3263.jpg,Fixed,336,336,3,144,17808.0,81361.0,28224,70945,0.21887636582637873,0.25101134681795756
HME100K/test/test_images/test_3292.jpg,DRIP,336,336,2,145,19124.0,72815.0,28420,63519,0.26263819268007965,0.3010752688172043
HME100K/test/test_images/test_3292.jpg,Fixed,336,336,2,144,15688.0,76055.0,28224,63519,0.2062717770034843,0.24698121821817093
HME100K/test/test_images/test_344.jpg,DRIP,336,336,1,144,9359.0,67771.0,28224,48906,0.13809741629900696,0.191367112419744
HME100K/test/test_images/test_344.jpg,Fixed,336,336,1,144,11655.0,65475.0,28224,48906,0.17800687285223368,0.23831431726168567
HME100K/test/test_images/test_3467.jpg,DRIP,336,336,1,144,13546.0,64598.0,28224,49920,0.20969689464070096,0.2713541666666667
HME100K/test/test_images/test_3467.jpg,Fixed,336,336,1,144,13650.0,64494.0,28224,49920,0.21164759512512793,0.2734375
HME100K/test/test_images/test_3667.jpg,DRIP,336,336,2,144,12894.0,74210.0,28224,58880,0.17375016844091093,0.21898777173913042
HME100K/test/test_images/test_3667.jpg,Fixed,336,336,2,144,14026.0,73078.0,28224,58880,0.19193190837187663,0.2382133152173913
HME100K/test/test_images/test_3866.jpg,DRIP,336,336,3,145,11248.0,46893.0,28420,29721,0.23986522508689997,0.3784529457286094
HME100K/test/test_images/test_3866.jpg,Fixed,336,336,3,144,7633.0,50312.0,28224,29721,0.15171330895213866,0.2568217758487265
HME100K/test/test_images/test_4367.jpg,DRIP,336,336,3,145,14475.0,60099.0,28420,46154,0.24085259322118505,0.313623954586818
HME100K/test/test_images/test_4367.jpg,Fixed,336,336,3,144,11308.0,63070.0,28224,46154,0.17929284921515776,0.24500584998050007
HME100K/test/test_images/test_455.jpg,DRIP,336,336,0,144,,,28224,0,,
HME100K/test/test_images/test_455.jpg,Fixed,336,336,0,144,,,28224,0,,
HME100K/test/test_images/test_5196.jpg,DRIP,336,336,2,144,14884.0,73856.0,28224,60516,0.20152729636048528,0.24595148390508295
HME100K/test/test_images/test_5196.jpg,Fixed,336,336,2,144,15180.0,73560.0,28224,60516,0.20636215334420882,0.25084275232996234
HME100K/test/test_images/test_5918.jpg,DRIP,336,336,1,144,24327.0,102978.0,28224,99081,0.2362349239643419,0.24552638750113542
HME100K/test/test_images/test_5918.jpg,Fixed,336,336,1,144,24621.0,102684.0,28224,99081,0.23977445366366718,0.24849365670512005
HME100K/test/test_images/test_6029.jpg,DRIP,336,336,1,144,21980.0,99652.0,28224,93408,0.22056757516156222,0.2353117505995204
HME100K/test/test_images/test_6029.jpg,Fixed,336,336,1,144,23352.0,98280.0,28224,93408,0.2376068376068376,0.25
HME100K/test/test_images/test_6320.jpg,DRIP,336,336,1,144,17000.0,85737.0,28224,74513,0.1982807889242684,0.22814810838377195
HME100K/test/test_images/test_6320.jpg,Fixed,336,336,1,144,19027.0,83710.0,28224,74513,0.22729661928085054,0.2553514151892958
HME100K/test/test_images/test_6570.jpg,DRIP,336,336,1,145,24780.0,98506.0,28420,94866,0.25155828071386516,0.261210549617355
HME100K/test/test_images/test_6570.jpg,Fixed,336,336,1,144,23326.0,99764.0,28224,94866,0.2338117958381781,0.24588366748887905
HME100K/test/test_images/test_6802.jpg,DRIP,336,336,1,144,24808.0,104216.0,28224,100800,0.23804406233207953,0.2461111111111111
HME100K/test/test_images/test_6802.jpg,Fixed,336,336,1,144,25200.0,103824.0,28224,100800,0.24271844660194175,0.25
HME100K/test/test_images/test_7168.jpg,DRIP,336,336,1,145,17094.0,85361.0,28420,74035,0.20025538594908682,0.23089079489430675
HME100K/test/test_images/test_7168.jpg,Fixed,336,336,1,144,18564.0,83695.0,28224,74035,0.22180536471712767,0.2507462686567164
HME100K/test/test_images/test_743.jpg,DRIP,336,336,2,145,12355.0,65653.0,28420,49588,0.18818637381383943,0.24915302089215133
HME100K/test/test_images/test_743.jpg,Fixed,336,336,2,144,11870.0,65942.0,28224,49588,0.1800066725304055,0.2393724288134226
HME100K/test/test_images/test_7613.jpg,DRIP,336,336,1,144,14882.0,68529.0,28224,55187,0.21716353660494098,0.2696649573269067
HME100K/test/test_images/test_7613.jpg,Fixed,336,336,1,144,13426.0,69985.0,28224,55187,0.19184110880903052,0.24328193233913784
HME100K/test/test_images/test_7682.jpg,DRIP,336,336,2,145,15676.0,77694.0,28420,64950,0.20176590212886453,0.2413548883756736
HME100K/test/test_images/test_7682.jpg,Fixed,336,336,2,144,16679.0,76495.0,28224,64950,0.21804039479704557,0.25679753656658966
HME100K/test/test_images/test_8671.jpg,DRIP,336,336,1,145,22316.0,92456.0,28420,86352,0.24136886735311933,0.2584306095979248
HME100K/test/test_images/test_8671.jpg,Fixed,336,336,1,144,21728.0,92848.0,28224,86352,0.23401688781664656,0.251621271076524
HME100K/test/test_images/test_8680.jpg,DRIP,336,336,1,144,4277.0,53572.0,28224,29625,0.07983648174419473,0.14437130801687764
HME100K/test/test_images/test_8680.jpg,Fixed,336,336,1,144,7000.0,50849.0,28224,29625,0.13766249090444257,0.23628691983122363
HME100K/test/test_images/test_9379.jpg,DRIP,336,336,1,144,13902.0,77745.0,28224,63423,0.17881535790082964,0.21919492928432902
HME100K/test/test_images/test_9379.jpg,Fixed,336,336,1,144,15106.0,76541.0,28224,63423,0.1973582785696555,0.23817857874903425
HME100K/test/test_images/test_9432.jpg,DRIP,336,336,1,144,14056.0,69011.0,28224,54843,0.2036776745736187,0.2562952427839469
HME100K/test/test_images/test_9432.jpg,Fixed,336,336,1,144,12886.0,70181.0,28224,54843,0.18361094883230503,0.2349616177087322
HME100K/test/test_images/test_9853.jpg,DRIP,336,336,1,144,26026.0,106463.0,28224,104265,0.2444605167992636,0.2496139644175898
HME100K/test/test_images/test_9853.jpg,Fixed,336,336,1,144,26285.0,106204.0,28224,104265,0.24749538623780648,0.2520980194696207
IAM/a01/a01-026u/a01-026u-00-02.png,DRIP,336,336,1,145,15664.0,73858.0,28420,61102,0.21208264507568578,0.2563582206801741
IAM/a01/a01-026u/a01-026u-00-02.png,Fixed,336,336,1,144,15344.0,73982.0,28224,61102,0.20740180043794437,0.25112107623318386
IAM/a01/a01-113/a01-113-02-04.png,DRIP,336,336,1,145,17094.0,74261.0,28420,62935,0.23018812027847727,0.271613569555891
IAM/a01/a01-113/a01-113-02-04.png,Fixed,336,336,1,144,14974.0,76185.0,28224,62935,0.19654787687865066,0.23792802097402083
IAM/a04/a04-006/a04-006-09-04.png,DRIP,336,336,1,144,13692.0,56532.0,28224,42000,0.24219910846953938,0.326
IAM/a04/a04-006/a04-006-09-04.png,Fixed,336,336,1,144,10500.0,59724.0,28224,42000,0.17580872011251758,0.25
IAM/a05/a05-089/a05-089-02-01.png,DRIP,336,336,0,145,,,28420,0,,
IAM/a05/a05-089/a05-089-02-01.png,Fixed,336,336,0,144,,,28224,0,,
IAM/a06/a06-057/a06-057-03-08.png,DRIP,336,336,1,145,26362.0,103194.0,28420,101136,0.25546058879392214,0.2606589147286822
IAM/a06/a06-057/a06-057-03-08.png,Fixed,336,336,1,144,25088.0,104272.0,28224,101136,0.24060150375939848,0.24806201550387597
IAM/b04/b04-004/b04-004-04-02.png,DRIP,336,336,0,144,,,28224,0,,
IAM/b04/b04-004/b04-004-04-02.png,Fixed,336,336,0,144,,,28224,0,,
IAM/b04/b04-020/b04-020-01-01.png,DRIP,336,336,1,145,28420.0,112896.0,28420,112896,0.2517361111111111,0.2517361111111111
IAM/b04/b04-020/b04-020-01-01.png,Fixed,336,336,1,144,28224.0,112896.0,28224,112896,0.25,0.25
IAM/b05/b05-050/b05-050-05-01.png,DRIP,336,336,1,145,16184.0,71996.0,28420,59760,0.2247902661258959,0.2708165997322624
IAM/b05/b05-050/b05-050-05-01.png,Fixed,336,336,1,144,14896.0,73088.0,28224,59760,0.2038091068301226,0.24926372155287818
IAM/c04/c04-008/c04-008-07-02.png,DRIP,336,336,1,145,11854.0,66935.0,28420,50369,0.17709718383506387,0.23534316742440786
IAM/c04/c04-008/c04-008-07-02.png,Fixed,336,336,1,144,12134.0,66459.0,28224,50369,0.18257873275252412,0.24090214219063313
IAM/c04/c04-035/c04-035-06-05.png,DRIP,336,336,1,145,8126.0,52286.0,28420,31992,0.15541445128715142,0.2540010002500625
IAM/c04/c04-035/c04-035-06-05.png,Fixed,336,336,1,144,7374.0,52842.0,28224,31992,0.1395480867491768,0.23049512378094525
IAM/c06/c06-076/c06-076-03-00.png,DRIP,336,336,1,145,19502.0,91238.0,28420,82320,0.21374865735767992,0.2369047619047619
IAM/c06/c06-076/c06-076-03-00.png,Fixed,336,336,1,144,20580.0,89964.0,28224,82320,0.22875816993464052,0.25
IAM/c06/c06-091/c06-091-01-04.png,DRIP,336,336,1,145,15764.0,88193.0,28420,75537,0.17874434478926898,0.2086924288759151
IAM/c06/c06-091/c06-091-01-04.png,Fixed,336,336,1,144,19404.0,84357.0,28224,75537,0.23002240477968633,0.25688073394495414
IAM/d04/d04-032/d04-032-01-09.png,DRIP,336,336,1,145,17780.0,78994.0,28420,68354,0.22508038585209003,0.2601164525850718
IAM/d04/d04-032/d04-032-01-09.png,Fixed,336,336,1,144,16212.0,80366.0,28224,68354,0.20172709852425155,0.23717704889253005
IAM/d06/d06-003/d06-003-02-01.png,DRIP,336,336,1,145,28420.0,112896.0,28420,112896,0.2517361111111111,0.2517361111111111
IAM/d06/d06-003/d06-003-02-01.png,Fixed,336,336,1,144,28224.0,112896.0,28224,112896,0.25,0.25
IAM/d06/d06-015/d06-015-04-06.png,DRIP,336,336,1,145,24304.0,103572.0,28420,99456,0.23465801567991348,0.24436936936936937
IAM/d06/d06-015/d06-015-04-06.png,Fixed,336,336,1,144,24864.0,102816.0,28224,99456,0.24183006535947713,0.25
IAM/d06/d06-063/d06-063-06-01.png,DRIP,336,336,1,145,22148.0,101024.0,28420,94752,0.2192350332594235,0.23374704491725767
IAM/d06/d06-063/d06-063-06-01.png,Fixed,336,336,1,144,23688.0,99288.0,28224,94752,0.23857868020304568,0.25
IAM/e02/e02-000/e02-000-04-01.png,DRIP,336,336,1,144,18886.0,89642.0,28224,80304,0.21068249258160238,0.2351813110181311
IAM/e02/e02-000/e02-000-04-01.png,Fixed,336,336,1,144,20076.0,88452.0,28224,80304,0.22697056030389365,0.25
IAM/e04/e04-034/e04-034-01-05.png,DRIP,336,336,1,144,12740.0,68775.0,28224,53291,0.1852417302798982,0.2390647576513858
IAM/e04/e04-034/e04-034-01-05.png,Fixed,336,336,1,144,13524.0,67991.0,28224,53291,0.19890867908987955,0.2537764350453172
IAM/e04/e04-091/e04-091-02-02.png,DRIP,336,336,1,145,23016.0,95452.0,28420,90048,0.24112643003813436,0.2555970149253731
IAM/e04/e04-091/e04-091-02-02.png,Fixed,336,336,1,144,22512.0,95760.0,28224,90048,0.23508771929824562,0.25
IAM/e07/e07-012/e07-012-07-01.png,DRIP,336,336,1,144,27328.0,111104.0,28224,110208,0.24596774193548387,0.24796747967479674
IAM/e07/e07-012/e07-012-07-01.png,Fixed,336,336,1,144,27552.0,110880.0,28224,110208,0.24848484848484848,0.25
IAM/f02/f02-036/f02-036-00-01.png,DRIP,336,336,1,144,20524.0,88004.0,28224,80304,0.23321667196945595,0.25557880055788007
IAM/f02/f02-036/f02-036-00-01.png,Fixed,336,336,1,144,19712.0,88816.0,28224,80304,0.22194199243379573,0.24546722454672246
IAM/f04/f04-039/f04-039-06-08.png,DRIP,336,336,1,145,25701.0,107044.0,28420,104325,0.24009752998766862,0.2463551401869159
IAM/f04/f04-039/f04-039-06-08.png,Fixed,336,336,1,144,26513.0,106036.0,28224,104325,0.25003772303745897,0.2541385094656123
IAM/g01/g01-031/g01-031-03-00.png,DRIP,336,336,1,145,18312.0,86044.0,28420,75936,0.21282134721770257,0.2411504424778761
IAM/g01/g01-031/g01-031-03-00.png,Fixed,336,336,1,144,18984.0,85176.0,28224,75936,0.22287968441814596,0.25
IAM/g03/g03-004/g03-004-02-04.png,DRIP,336,336,1,145,23324.0,97160.0,28420,92064,0.24005763688760806,0.25334549878345497
IAM/g03/g03-004/g03-004-02-04.png,Fixed,336,336,1,144,23016.0,97272.0,28224,92064,0.23661485319516407,0.25
IAM/g04/g04-098/g04-098-04-05.png,DRIP,336,336,1,145,17444.0,78169.0,28420,67193,0.22315751768603923,0.25961037608084175
IAM/g04/g04-098/g04-098-04-05.png,Fixed,336,336,1,144,16772.0,78645.0,28224,67193,0.21326212728081886,0.24960933430565685
IAM/g06/g06-011e/g06-011e-05-12.png,DRIP,336,336,1,144,15386.0,81046.0,28224,68208,0.18984280532043532,0.22557471264367815
IAM/g06/g06-011e/g06-011e-05-12.png,Fixed,336,336,1,144,17052.0,79380.0,28224,68208,0.21481481481481482,0.25
IAM/g06/g06-031l/g06-031l-03-07.png,DRIP,336,336,1,145,19588.0,94368.0,28420,85536,0.20757036283485927,0.22900299289188178
IAM/g06/g06-031l/g06-031l-03-07.png,Fixed,336,336,1,144,21576.0,92184.0,28224,85536,0.2340536318667014,0.25224466891133557
IAM/g06/g06-037g/g06-037g-01-14.png,DRIP,336,336,1,145,16056.0,75596.0,28420,63232,0.2123921900629663,0.2539220647773279
IAM/g06/g06-037g/g06-037g-01-14.png,Fixed,336,336,1,144,15020.0,76436.0,28224,63232,0.19650426500601811,0.23753795546558704
IAM/h01/h01-027/h01-027-05-00.png,DRIP,336,336,1,145,16380.0,81256.0,28420,69216,0.20158511371467952,0.2366504854368932
IAM/h01/h01-027/h01-027-05-00.png,Fixed,336,336,1,144,17304.0,80136.0,28224,69216,0.21593291404612158,0.25
IAM/h02/h02-017/h02-017-04-04.png,DRIP,336,336,1,145,16814.0,88529.0,28420,76923,0.18992646477425476,0.21858221858221857
IAM/h02/h02-017/h02-017-04-04.png,Fixed,336,336,1,144,19404.0,85743.0,28224,76923,0.22630418809698752,0.25225225225225223
IAM/h04/h04-035/h04-035-06-02.png,DRIP,336,336,2,144,19936.0,94283.0,28224,85995,0.2114485113965402,0.23182743182743182
IAM/h04/h04-035/h04-035-06-02.png,Fixed,336,336,2,144,20538.0,93681.0,28224,85995,0.21923335574983188,0.23882783882783884
IAM/h07/h07-030a/h07-030a-00-04.png,DRIP,336,336,1,144,21179.0,89464.0,28224,82419,0.23673209335598677,0.25696744682658124
IAM/h07/h07-030a/h07-030a-00-04.png,Fixed,336,336,1,144,20661.0,89982.0,28224,82419,0.22961258918450356,0.25068248826120193
IAM/h07/h07-054a/h07-054a-07-03.png,DRIP,336,336,0,145,,,28420,0,,
IAM/h07/h07-054a/h07-054a-07-03.png,Fixed,336,336,0,144,,,28224,0,,
IAM/j01/j01-045/j01-045-02-03.png,DRIP,336,336,1,145,5502.0,52171.0,28420,29253,0.10546088823292633,0.18808327351040918
IAM/j01/j01-045/j01-045-02-03.png,Fixed,336,336,1,144,6510.0,50967.0,28224,29253,0.1277297074577668,0.22254127781765973
IAM/j01/j01-045/j01-045-08-06.png,DRIP,336,336,0,145,,,28420,0,,
IAM/j01/j01-045/j01-045-08-06.png,Fixed,336,336,0,144,,,28224,0,,
IAM/j01/j01-063/j01-063-06-04.png,DRIP,336,336,1,145,17970.0,85879.0,28420,75429,0.20924789529454232,0.2382372827427117
IAM/j01/j01-063/j01-063-06-04.png,Fixed,336,336,1,144,18820.0,84833.0,28224,75429,0.2218476300496269,0.24950615810895013
IAM/j06/j06-014/j06-014-06-05.png,DRIP,336,336,1,145,14112.0,63658.0,28420,49350,0.2216846272267429,0.28595744680851065
IAM/j06/j06-014/j06-014-06-05.png,Fixed,336,336,1,144,12208.0,65366.0,28224,49350,0.18676376097665454,0.2473758865248227
IAM/k02/k02-018/k02-018-00-07.png,DRIP,336,336,1,144,18653.0,83918.0,28224,74347,0.22227650801973356,0.25089109177236474
IAM/k02/k02-018/k02-018-00-07.png,Fixed,336,336,1,144,17922.0,84649.0,28224,74347,0.2117213434299283,0.24105881878219698
IAM/k04/k04-110/k04-110-03-01.png,DRIP,336,336,1,145,13286.0,52217.0,28420,37083,0.25443820977842463,0.3582773777741822
IAM/k04/k04-110/k04-110-03-01.png,Fixed,336,336,1,144,8831.0,56476.0,28224,37083,0.15636730646646363,0.23814146644014778
IAM/l01/l01-105/l01-105-05-03.png,DRIP,336,336,1,145,19152.0,97300.0,28420,88032,0.19683453237410073,0.21755725190839695
IAM/l01/l01-105/l01-105-05-03.png,Fixed,336,336,1,144,22008.0,94248.0,28224,88032,0.23351158645276293,0.25
IAM/l04/l04-071/l04-071-03-08.png,DRIP,336,336,1,145,12824.0,63980.0,28420,48384,0.20043763676148796,0.2650462962962963
IAM/l04/l04-071/l04-071-03-08.png,Fixed,336,336,1,144,12096.0,64512.0,28224,48384,0.1875,0.25
IAM/l04/l04-130/l04-130-00-07.png,DRIP,336,336,1,145,10164.0,61636.0,28420,43380,0.1649036277500162,0.2343015214384509
IAM/l04/l04-130/l04-130-00-07.png,Fixed,336,336,1,144,10116.0,61488.0,28224,43380,0.164519906323185,0.23319502074688797
IAM/l07/l07-111/l07-111-01-05.png,DRIP,336,336,1,144,14546.0,71914.0,28224,58236,0.2022693773117891,0.24977677038258123
IAM/l07/l07-111/l07-111-01-05.png,Fixed,336,336,1,144,14728.0,71732.0,28224,58236,0.20531980148329895,0.2529019850264441
IAM/m02/m02-072/m02-072-04-10.png,DRIP,336,336,1,144,13748.0,80661.0,28224,66185,0.17044172524516185,0.20772078265468005
IAM/m02/m02-072/m02-072-04-10.png,Fixed,336,336,1,144,17206.0,77203.0,28224,66185,0.22286698703418262,0.25996827075621365
IAM/m03/m03-006/m03-006-03-01.png,DRIP,336,336,1,144,10962.0,78757.0,28224,61495,0.13918762776642077,0.17825839499146273
IAM/m03/m03-006/m03-006-03-01.png,Fixed,336,336,1,144,15624.0,74095.0,28224,61495,0.21086443079829947,0.25406943653955605
IAM/p01/p01-147/p01-147-00-02.png,DRIP,336,336,1,145,25522.0,103362.0,28420,100464,0.24691859677637817,0.254041248606466
IAM/p01/p01-147/p01-147-00-02.png,Fixed,336,336,1,144,25116.0,103572.0,28224,100464,0.24249797242497972,0.25
IAM/p03/p03-027/p03-027-02-05.png,DRIP,336,336,1,144,22344.0,99960.0,28224,94080,0.2235294117647059,0.2375
IAM/p03/p03-027/p03-027-02-05.png,Fixed,336,336,1,144,23520.0,98784.0,28224,94080,0.23809523809523808,0.25
IAM/p03/p03-135/p03-135-01-07.png,DRIP,336,336,1,145,24164.0,104384.0,28420,100128,0.23149141630901288,0.24133109619686802
IAM/p03/p03-135/p03-135-01-07.png,Fixed,336,336,1,144,25032.0,103320.0,28224,100128,0.24227642276422764,0.25
IAM/p03/p03-135/p03-135-03-00.png,DRIP,336,336,1,145,19516.0,87192.0,28420,78288,0.22382787411689145,0.24928469241773962
IAM/p03/p03-135/p03-135-03-00.png,Fixed,336,336,1,144,19572.0,86940.0,28224,78288,0.2251207729468599,0.25
IAM/r06/r06-090/r06-090-03-03.png,DRIP,336,336,1,144,10363.0,64296.0,28224,46435,0.16117643399278336,0.22317217616022397
IAM/r06/r06-090/r06-090-03-03.png,Fixed,336,336,1,144,11046.0,63613.0,28224,46435,0.17364375206325752,0.23788090879724347
IC13_857/imgs/000000044.jpg,DRIP,336,336,1,144,24248.0,108472.0,28224,104496,0.22354155911202891,0.2320471596998928
IC13_857/imgs/000000044.jpg,Fixed,336,336,1,144,26124.0,106596.0,28224,104496,0.24507486209613868,0.25
IC13_857/imgs/000000058.jpg,DRIP,336,336,1,144,16433.0,101368.0,28224,89577,0.16211230368558124,0.18345110910166673
IC13_857/imgs/000000058.jpg,Fixed,336,336,1,144,22467.0,95334.0,28224,89577,0.23566618415255838,0.2508121504404032
IC13_857/imgs/000000061.jpg,DRIP,336,336,1,144,16884.0,97356.0,28224,86016,0.1734253666954271,0.1962890625
IC13_857/imgs/000000061.jpg,Fixed,336,336,1,144,21504.0,92736.0,28224,86016,0.2318840579710145,0.25
IC13_857/imgs/000000212.jpg,DRIP,336,336,1,144,23688.0,101304.0,28224,96768,0.23383084577114427,0.24479166666666666
IC13_857/imgs/000000212.jpg,Fixed,336,336,1,144,24192.0,100800.0,28224,96768,0.24,0.25
IC13_857/imgs/000000214.jpg,DRIP,336,336,0,144,,,28224,0,,
IC13_857/imgs/000000214.jpg,Fixed,336,336,0,144,,,28224,0,,
IC13_857/imgs/000000215.jpg,DRIP,336,336,1,145,25371.0,100618.0,28420,97569,0.25215170247868174,0.2600313624204409
IC13_857/imgs/000000215.jpg,Fixed,336,336,1,144,24038.0,101755.0,28224,97569,0.23623409169082601,0.24636923613032827
IC13_857/imgs/000000229.jpg,DRIP,336,336,1,145,28420.0,112896.0,28420,112896,0.2517361111111111,0.2517361111111111
IC13_857/imgs/000000229.jpg,Fixed,336,336,1,144,28224.0,112896.0,28224,112896,0.25,0.25
IC13_857/imgs/000000239.jpg,DRIP,336,336,1,145,20650.0,91434.0,28420,83664,0.22584596539580462,0.2468206157965194
IC13_857/imgs/000000239.jpg,Fixed,336,336,1,144,20916.0,90972.0,28224,83664,0.2299168975069252,0.25
IC13_857/imgs/000000241.jpg,DRIP,336,336,1,144,19600.0,97664.0,28224,89040,0.2006880733944954,0.22012578616352202
IC13_857/imgs/000000241.jpg,Fixed,336,336,1,144,22260.0,95004.0,28224,89040,0.23430592396109637,0.25
IC13_857/imgs/000000299.jpg,DRIP,336,336,1,144,15764.0,86665.0,28224,74205,0.18189580568857094,0.2124385149248703
IC13_857/imgs/000000299.jpg,Fixed,336,336,1,144,17938.0,84491.0,28224,74205,0.21230663620977383,0.2417357320935247
IC13_857/imgs/000000317.jpg,DRIP,336,336,1,144,28224.0,112896.0,28224,112896,0.25,0.25
IC13_857/imgs/000000317.jpg,Fixed,336,336,1,144,28224.0,112896.0,28224,112896,0.25,0.25
IC13_857/imgs/000000395.jpg,DRIP,336,336,1,144,21328.0,99344.0,28224,92448,0.2146883556128201,0.23070266528210454
IC13_857/imgs/000000395.jpg,Fixed,336,336,1,144,23690.0,96982.0,28224,92448,0.24427213297312902,0.2562521633783316
IC13_857/imgs/000000423.jpg,DRIP,336,336,1,144,22960.0,105056.0,28224,99792,0.21855010660980811,0.23007856341189675
IC13_857/imgs/000000423.jpg,Fixed,336,336,1,144,24948.0,103068.0,28224,99792,0.24205378973105135,0.25
IC13_857/imgs/000000538.jpg,DRIP,336,336,1,144,11872.0,81536.0,28224,65184,0.14560439560439561,0.18213058419243985
IC13_857/imgs/000000538.jpg,Fixed,336,336,1,144,16296.0,77112.0,28224,65184,0.2113289760348584,0.25
IC13_857/imgs/000000698.jpg,DRIP,336,336,1,144,12950.0,69317.0,28224,54043,0.18682285730773115,0.2396240031086357
IC13_857/imgs/000000698.jpg,Fixed,336,336,1,144,13090.0,69177.0,28224,54043,0.18922474232765227,0.2422145328719723
IC13_857/imgs/000000707.jpg,DRIP,336,336,1,144,23632.0,107408.0,28224,102816,0.22002085505735142,0.2298474945533769
IC13_857/imgs/000000707.jpg,Fixed,336,336,1,144,25704.0,105336.0,28224,102816,0.24401913875598086,0.25
IC13_857/imgs/000000782.jpg,DRIP,336,336,1,144,24612.0,106764.0,28224,103152,0.23052714398111723,0.23859934853420195
IC13_857/imgs/000000782.jpg,Fixed,336,336,1,144,25788.0,105588.0,28224,103152,0.24423229912490055,0.25
IC13_857/imgs/000000800.jpg,DRIP,336,336,1,145,22932.0,102928.0,28420,97440,0.22279651795429814,0.2353448275862069
IC13_857/imgs/000000800.jpg,Fixed,336,336,1,144,24360.0,101304.0,28224,97440,0.24046434494195687,0.25
IC15_1811/imgs/000000001.jpg,DRIP,336,336,1,145,28420.0,112896.0,28420,112896,0.2517361111111111,0.2517361111111111
IC15_1811/imgs/000000001.jpg,Fixed,336,336,1,144,28224.0,112896.0,28224,112896,0.25,0.25
IC15_1811/imgs/000000114.jpg,DRIP,336,336,1,144,24543.0,105406.0,28224,101725,0.23284253268314897,0.24126812484639962
IC15_1811/imgs/000000114.jpg,Fixed,336,336,1,144,25578.0,104371.0,28224,101725,0.2450680744651292,0.2514426148930941
IC15_1811/imgs/000000229.jpg,DRIP,336,336,1,145,26656.0,105252.0,28420,103488,0.2532588454376164,0.25757575757575757
IC15_1811/imgs/000000229.jpg,Fixed,336,336,1,144,25872.0,105840.0,28224,103488,0.24444444444444444,0.25
IC15_1811/imgs/000000581.jpg,DRIP,336,336,1,145,6706.0,56658.0,28420,34944,0.11835927847788486,0.1919070512820513
IC15_1811/imgs/000000581.jpg,Fixed,336,336,1,144,8736.0,54432.0,28224,34944,0.16049382716049382,0.25
IC15_1811/imgs/000000607.jpg,DRIP,336,336,1,144,28224.0,112896.0,28224,112896,0.25,0.25
IC15_1811/imgs/000000607.jpg,Fixed,336,336,1,144,28224.0,112896.0,28224,112896,0.25,0.25
IC15_1811/imgs/000000813.jpg,DRIP,336,336,0,144,,,28224,0,,
IC15_1811/imgs/000000813.jpg,Fixed,336,336,0,144,,,28224,0,,
IC15_1811/imgs/000001392.jpg,DRIP,336,336,1,145,20090.0,97370.0,28420,89040,0.20632638389647737,0.22562893081761007
IC15_1811/imgs/000001392.jpg,Fixed,336,336,1,144,22260.0,95004.0,28224,89040,0.23430592396109637,0.25
IC15_1811/imgs/000001661.jpg,DRIP,336,336,1,145,14115.0,73839.0,28420,59534,0.19115914354203065,0.23709140995061645
IC15_1811/imgs/000001661.jpg,Fixed,336,336,1,144,14420.0,73338.0,28224,59534,0.1966238512094685,0.2422145328719723
IIIT5K/test/122_8.png,DRIP,336,336,1,145,23044.0,103824.0,28420,98448,0.22195253505933119,0.23407281001137656
IIIT5K/test/122_8.png,Fixed,336,336,1,144,24612.0,102060.0,28224,98448,0.2411522633744856,0.25
IIIT5K/test/137_10.png,DRIP,336,336,1,144,22224.0,97687.0,28224,91687,0.2275021241311536,0.2423898698834077
IIIT5K/test/137_10.png,Fixed,336,336,1,144,23193.0,96718.0,28224,91687,0.23980024400835417,0.25295843467449036
IIIT5K/test/137_3.png,DRIP,336,336,1,145,23758.0,98224.0,28420,93562,0.24187571265678448,0.2539278767020799
IIIT5K/test/137_3.png,Fixed,336,336,1,144,23788.0,97998.0,28224,93562,0.24273964774791323,0.2542485196981681
IIIT5K/test/138_13.png,DRIP,336,336,1,144,27608.0,112168.0,28224,111552,0.24613080379430854,0.24748995983935743
IIIT5K/test/138_13.png,Fixed,336,336,1,144,27888.0,111888.0,28224,111552,0.24924924924924924,0.25
IIIT5K/test/2189_3.png,DRIP,336,336,1,144,18396.0,97524.0,28224,87696,0.18863049095607234,0.20977011494252873
IIIT5K/test/2189_3.png,Fixed,336,336,1,144,21924.0,93996.0,28224,87696,0.23324396782841822,0.25
IIIT5K/test/2301_7.png,DRIP,336,336,1,145,24510.0,101683.0,28420,97773,0.241043242233215,0.25068270381393637
IIIT5K/test/2301_7.png,Fixed,336,336,1,144,24816.0,101181.0,28224,97773,0.24526343878791473,0.2538124021969255
IIIT5K/test/2523_18.png,DRIP,336,336,1,144,13034.0,73990.0,28224,58800,0.176158940397351,0.22166666666666668
IIIT5K/test/2523_18.png,Fixed,336,336,1,144,14700.0,72324.0,28224,58800,0.2032520325203252,0.25
IIIT5K/test/2579_4.png,DRIP,336,336,1,144,11088.0,80351.0,28224,63215,0.1379945489166283,0.17540140789369613
IIIT5K/test/2579_4.png,Fixed,336,336,1,144,16450.0,74989.0,28224,63215,0.21936550694101803,0.26022304832713755
IIIT5K/test/585_4.png,DRIP,336,336,1,145,27034.0,110586.0,28420,109200,0.24446132421825548,0.24756410256410255
IIIT5K/test/585_4.png,Fixed,336,336,1,144,27300.0,110124.0,28224,109200,0.2479023646071701,0.25
IIIT5K/test/770_1.png,DRIP,336,336,1,145,20846.0,93254.0,28420,85680,0.2235400090076565,0.24330065359477124
IIIT5K/test/770_1.png,Fixed,336,336,1,144,21420.0,92484.0,28224,85680,0.23160762942779292,0.25
IIIT5K/test/786_2.png,DRIP,336,336,1,144,17836.0,92708.0,28224,82320,0.19238900634249473,0.21666666666666667
IIIT5K/test/786_2.png,Fixed,336,336,1,144,20580.0,89964.0,28224,82320,0.22875816993464052,0.25
IIIT5K/test/846_1.png,DRIP,336,336,1,144,24752.0,103264.0,28224,99792,0.23969631236442515,0.24803591470258138
IIIT5K/test/846_1.png,Fixed,336,336,1,144,24948.0,103068.0,28224,99792,0.24205378973105135,0.25
IIIT5K/test/905_5.png,DRIP,336,336,1,144,19656.0,98944.0,28224,90376,0.19865782664941786,0.21749136939010358
IIIT5K/test/905_5.png,Fixed,336,336,1,144,23316.0,95284.0,28224,90376,0.24470005457369548,0.25798884659644156
IIIT5K/test/918_1.png,DRIP,336,336,0,144,,,28224,0,,
IIIT5K/test/918_1.png,Fixed,336,336,0,144,,,28224,0,,
IIIT5K/test/955_2.png,DRIP,336,336,1,144,18732.0,96180.0,28224,86688,0.1947598253275109,0.21608527131782945
IIIT5K/test/955_2.png,Fixed,336,336,1,144,21672.0,93240.0,28224,86688,0.23243243243243245,0.25
NonSemanticText/images/0/1025.jpg,DRIP,336,336,1,144,20272.0,101696.0,28224,93744,0.19933920704845814,0.2162485065710872
NonSemanticText/images/0/1025.jpg,Fixed,336,336,1,144,23436.0,98532.0,28224,93744,0.23785166240409208,0.25
NonSemanticText/images/0/1043.jpg,DRIP,336,336,1,144,24080.0,102256.0,28224,98112,0.23548740416210295,0.2454337899543379
NonSemanticText/images/0/1043.jpg,Fixed,336,336,1,144,24528.0,101808.0,28224,98112,0.24092409240924093,0.25
NonSemanticText/images/0/11.jpg,DRIP,336,336,1,144,21868.0,102116.0,28224,95760,0.2141486153002468,0.2283625730994152
NonSemanticText/images/0/11.jpg,Fixed,336,336,1,144,23940.0,100044.0,28224,95760,0.23929471032745592,0.25
NonSemanticText/images/0/1104.jpg,DRIP,336,336,1,144,17920.0,85232.0,28224,74928,0.2102496714848883,0.23916292974588937
NonSemanticText/images/0/1104.jpg,Fixed,336,336,1,144,18732.0,84420.0,28224,74928,0.2218905472636816,0.25
NonSemanticText/images/0/1183.jpg,DRIP,336,336,1,145,18452.0,77840.0,28420,67872,0.2370503597122302,0.27186468646864687
NonSemanticText/images/0/1183.jpg,Fixed,336,336,1,144,16968.0,79128.0,28224,67872,0.21443736730360935,0.25
NonSemanticText/images/0/1190.jpg,DRIP,336,336,1,144,14000.0,96656.0,28224,82432,0.14484356894553882,0.16983695652173914
NonSemanticText/images/0/1190.jpg,Fixed,336,336,1,144,21224.0,89432.0,28224,82432,0.23731997495303694,0.25747282608695654
NonSemanticText/images/0/1209.jpg,DRIP,336,336,1,145,24808.0,106509.0,28420,102897,0.2329192838163911,0.24109546439643528
NonSemanticText/images/0/1209.jpg,Fixed,336,336,1,144,25869.0,105252.0,28224,102897,0.24578155284460151,0.2514067465523776
NonSemanticText/images/0/1242.jpg,DRIP,336,336,1,145,20300.0,80360.0,28420,72240,0.25261324041811845,0.2810077519379845
NonSemanticText/images/0/1242.jpg,Fixed,336,336,1,144,18060.0,82404.0,28224,72240,0.21916411824668705,0.25
NonSemanticText/images/0/1244.jpg,DRIP,336,336,1,144,18018.0,91182.0,28224,80976,0.19760479041916168,0.2225103734439834
NonSemanticText/images/0/1244.jpg,Fixed,336,336,1,144,20244.0,88956.0,28224,80976,0.22757318224740322,0.25
NonSemanticText/images/0/134.jpg,DRIP,336,336,1,145,20006.0,98798.0,28420,90384,0.2024939776108828,0.2213444857496902
NonSemanticText/images/0/134.jpg,Fixed,336,336,1,144,22596.0,96012.0,28224,90384,0.23534558180227472,0.25
NonSemanticText/images/0/1456.jpg,DRIP,336,336,1,144,11550.0,72422.0,28224,55748,0.15948192538179007,0.20718232044198895
NonSemanticText/images/0/1456.jpg,Fixed,336,336,1,144,13482.0,70490.0,28224,55748,0.19126117179741808,0.24183827222501256
NonSemanticText/images/0/1458.jpg,DRIP,336,336,1,145,19852.0,97944.0,28420,89376,0.20268724985706119,0.22211779448621555
NonSemanticText/images/0/1458.jpg,Fixed,336,336,1,144,22344.0,95256.0,28224,89376,0.2345679012345679,0.25
NonSemanticText/images/0/147.jpg,DRIP,336,336,1,144,19740.0,99540.0,28224,91056,0.19831223628691982,0.21678966789667897
NonSemanticText/images/0/147.jpg,Fixed,336,336,1,144,22764.0,96516.0,28224,91056,0.23585726718885988,0.25
NonSemanticText/images/0/1522.jpg,DRIP,336,336,1,144,21469.0,96200.0,28224,89445,0.22317047817047816,0.240024596120521
NonSemanticText/images/0/1522.jpg,Fixed,336,336,1,144,22407.0,95262.0,28224,89445,0.23521446117024628,0.25051148750628877
NonSemanticText/images/0/1559.jpg,DRIP,336,336,1,144,22288.0,99344.0,28224,93408,0.22435174746335965,0.23860911270983212
NonSemanticText/images/0/1559.jpg,Fixed,336,336,1,144,23352.0,98280.0,28224,93408,0.2376068376068376,0.25
NonSemanticText/images/0/1586.jpg,DRIP,336,336,1,144,23940.0,102060.0,28224,97776,0.2345679012345679,0.24484536082474226
NonSemanticText/images/0/1586.jpg,Fixed,336,336,1,144,24444.0,101556.0,28224,97776,0.24069478908188585,0.25
NonSemanticText/images/0/1695.jpg,DRIP,336,336,1,144,24911.0,104818.0,28224,101505,0.23765956228891985,0.24541648194670213
NonSemanticText/images/0/1695.jpg,Fixed,336,336,1,144,25421.0,104308.0,28224,101505,0.24371093300609734,0.2504408649820206
NonSemanticText/images/0/1704.jpg,DRIP,336,336,1,144,16744.0,80174.0,28224,68694,0.20884576047097564,0.2437476344367776
NonSemanticText/images/0/1704.jpg,Fixed,336,336,1,144,17556.0,79362.0,28224,68694,0.2212141831103047,0.2555681718927417
NonSemanticText/images/0/1804.jpg,DRIP,336,336,1,144,21168.0,97776.0,28224,90720,0.21649484536082475,0.23333333333333334
NonSemanticText/images/0/1804.jpg,Fixed,336,336,1,144,22680.0,96264.0,28224,90720,0.2356020942408377,0.25
NonSemanticText/images/0/1808.jpg,DRIP,336,336,1,144,20440.0,89096.0,28224,81312,0.22941546197360152,0.2513774104683196
NonSemanticText/images/0/1808.jpg,Fixed,336,336,1,144,20328.0,89208.0,28224,81312,0.2278719397363465,0.25
NonSemanticText/images/0/1823.jpg,DRIP,336,336,1,145,21798.0,94990.0,28420,88368,0.2294767870302137,0.24667300380228138
NonSemanticText/images/0/1823.jpg,Fixed,336,336,1,144,22092.0,94500.0,28224,88368,0.23377777777777778,0.25
NonSemanticText/images/0/1845.jpg,DRIP,336,336,1,144,18690.0,98574.0,28224,89040,0.18960374946740519,0.2099056603773585
NonSemanticText/images/0/1845.jpg,Fixed,336,336,1,144,22260.0,95004.0,28224,89040,0.23430592396109637,0.25
NonSemanticText/images/0/1854.jpg,DRIP,336,336,1,144,23576.0,97026.0,28224,92378,0.24298641601220292,0.25521227998008184
NonSemanticText/images/0/1854.jpg,Fixed,336,336,1,144,23296.0,97306.0,28224,92378,0.23940969724374653,0.2521812552772305
NonSemanticText/images/0/1882.jpg,DRIP,336,336,1,144,22876.0,97076.0,28224,91728,0.23565041822901645,0.2493894993894994
NonSemanticText/images/0/1882.jpg,Fixed,336,336,1,144,22932.0,97020.0,28224,91728,0.23636363636363636,0.25
NonSemanticText/images/0/1993.jpg,DRIP,336,336,1,144,20188.0,90036.0,28224,82000,0.22422142254209426,0.2461951219512195
NonSemanticText/images/0/1993.jpg,Fixed,336,336,1,144,20872.0,89352.0,28224,82000,0.23359298057122393,0.25453658536585366
NonSemanticText/images/0/2021.jpg,DRIP,336,336,1,144,21336.0,96264.0,28224,89376,0.22164048865619546,0.2387218045112782
NonSemanticText/images/0/2021.jpg,Fixed,336,336,1,144,22344.0,95256.0,28224,89376,0.2345679012345679,0.25
NonSemanticText/images/0/2067.jpg,DRIP,336,336,1,144,21210.0,97062.0,28224,90048,0.21852012115967115,0.2355410447761194
NonSemanticText/images/0/2067.jpg,Fixed,336,336,1,144,22512.0,95760.0,28224,90048,0.23508771929824562,0.25
NonSemanticText/images/0/2163.jpg,DRIP,336,336,1,144,19964.0,99652.0,28224,91392,0.2003371733633043,0.2184436274509804
NonSemanticText/images/0/2163.jpg,Fixed,336,336,1,144,22848.0,96768.0,28224,91392,0.2361111111111111,0.25
NonSemanticText/images/0/217.jpg,DRIP,336,336,1,144,18718.0,94514.0,28224,85008,0.19804473411346468,0.22019104084321475
NonSemanticText/images/0/217.jpg,Fixed,336,336,1,144,21252.0,91980.0,28224,85008,0.2310502283105023,0.25
NonSemanticText/images/0/2297.jpg,DRIP,336,336,1,144,21980.0,97300.0,28224,91056,0.22589928057553957,0.241389913899139
NonSemanticText/images/0/2297.jpg,Fixed,336,336,1,144,22764.0,96516.0,28224,91056,0.23585726718885988,0.25
NonSemanticText/images/0/2418.jpg,DRIP,336,336,1,144,20636.0,92932.0,28224,85344,0.22205483579391383,0.2417979002624672
NonSemanticText/images/0/2418.jpg,Fixed,336,336,1,144,21336.0,92232.0,28224,85344,0.23132969034608378,0.25
NonSemanticText/images/0/2522.jpg,DRIP,336,336,1,144,22330.0,101654.0,28224,95760,0.21966671257402562,0.23318713450292397
NonSemanticText/images/0/2522.jpg,Fixed,336,336,1,144,23940.0,100044.0,28224,95760,0.23929471032745592,0.25
NonSemanticText/images/0/2538.jpg,DRIP,336,336,1,144,17668.0,88172.0,28224,77616,0.20038107335662114,0.22763347763347763
NonSemanticText/images/0/2538.jpg,Fixed,336,336,1,144,19404.0,86436.0,28224,77616,0.22448979591836735,0.25
NonSemanticText/images/0/2545.jpg,DRIP,336,336,1,144,20734.0,95186.0,28224,87696,0.2178261509045448,0.23643039591315454
NonSemanticText/images/0/2545.jpg,Fixed,336,336,1,144,21924.0,93996.0,28224,87696,0.23324396782841822,0.25
NonSemanticText/images/0/2561.jpg,DRIP,336,336,1,144,25312.0,109088.0,28224,106176,0.23203285420944558,0.23839662447257384
NonSemanticText/images/0/2561.jpg,Fixed,336,336,1,144,26544.0,107856.0,28224,106176,0.24610591900311526,0.25
NonSemanticText/images/0/2661.jpg,DRIP,336,336,1,144,21154.0,97454.0,28224,90384,0.21706651343197816,0.2340458488228005
NonSemanticText/images/0/2661.jpg,Fixed,336,336,1,144,22596.0,96012.0,28224,90384,0.23534558180227472,0.25
NonSemanticText/images/0/2770.jpg,DRIP,336,336,1,144,18242.0,90958.0,28224,80976,0.20055410189318146,0.22527662517289074
NonSemanticText/images/0/2770.jpg,Fixed,336,336,1,144,20244.0,88956.0,28224,80976,0.22757318224740322,0.25
NonSemanticText/images/0/2811.jpg,DRIP,336,336,1,144,18844.0,97076.0,28224,87696,0.19411595038938564,0.2148786717752235
NonSemanticText/images/0/2811.jpg,Fixed,336,336,1,144,21924.0,93996.0,28224,87696,0.23324396782841822,0.25
NonSemanticText/images/0/323.jpg,DRIP,336,336,1,144,22540.0,95060.0,28224,89376,0.23711340206185566,0.25219298245614036
NonSemanticText/images/0/323.jpg,Fixed,336,336,1,144,22344.0,95256.0,28224,89376,0.2345679012345679,0.25
NonSemanticText/images/0/343.jpg,DRIP,336,336,1,144,22680.0,98616.0,28224,93072,0.22998296422487224,0.24368231046931407
NonSemanticText/images/0/343.jpg,Fixed,336,336,1,144,23268.0,98028.0,28224,93072,0.23736075407026563,0.25
NonSemanticText/images/0/409.jpg,DRIP,336,336,1,145,25676.0,106904.0,28420,104160,0.2401781037192247,0.246505376344086
NonSemanticText/images/0/409.jpg,Fixed,336,336,1,144,26040.0,106344.0,28224,104160,0.24486571879936808,0.25
NonSemanticText/images/0/505.jpg,DRIP,336,336,1,144,20053.0,98196.0,28224,90025,0.2042140209377164,0.22274923632324353
NonSemanticText/images/0/505.jpg,Fixed,336,336,1,144,22993.0,95256.0,28224,90025,0.2413811203493743,0.2554068314357123
NonSemanticText/images/0/586.jpg,DRIP,336,336,1,144,23408.0,100912.0,28224,96096,0.23196448390677027,0.24358974358974358
NonSemanticText/images/0/586.jpg,Fixed,336,336,1,144,24024.0,100296.0,28224,96096,0.23953098827470687,0.25
NonSemanticText/images/0/696.jpg,DRIP,336,336,1,144,18228.0,98700.0,28224,88704,0.18468085106382978,0.20549242424242425
NonSemanticText/images/0/696.jpg,Fixed,336,336,1,144,22176.0,94752.0,28224,88704,0.23404255319148937,0.25
NonSemanticText/images/0/710.jpg,DRIP,336,336,1,144,20230.0,97706.0,28224,89712,0.20704972059034246,0.22549937578027465
NonSemanticText/images/0/710.jpg,Fixed,336,336,1,144,22428.0,95508.0,28224,89712,0.23482849604221637,0.25
NonSemanticText/images/0/72.jpg,DRIP,336,336,1,144,22904.0,99400.0,28224,94080,0.2304225352112676,0.24345238095238095
NonSemanticText/images/0/72.jpg,Fixed,336,336,1,144,23520.0,98784.0,28224,94080,0.23809523809523808,0.25
NonSemanticText/images/0/782.jpg,DRIP,336,336,1,144,19278.0,100002.0,28224,91056,0.19277614447711044,0.21171586715867158
NonSemanticText/images/0/782.jpg,Fixed,336,336,1,144,22764.0,96516.0,28224,91056,0.23585726718885988,0.25
NonSemanticText/images/0/797.jpg,DRIP,336,336,1,144,18886.0,98378.0,28224,89040,0.19197381528390495,0.21210691823899372
NonSemanticText/images/0/797.jpg,Fixed,336,336,1,144,22260.0,95004.0,28224,89040,0.23430592396109637,0.25
NonSemanticText/images/0/876.jpg,DRIP,336,336,1,145,23968.0,97524.0,28420,93072,0.2457651449899512,0.2575210589651023
NonSemanticText/images/0/876.jpg,Fixed,336,336,1,144,23268.0,98028.0,28224,93072,0.23736075407026563,0.25
NonSemanticText/images/0/962.jpg,DRIP,336,336,1,144,26068.0,105644.0,28224,103488,0.24675324675324675,0.2518939393939394
NonSemanticText/images/0/962.jpg,Fixed,336,336,1,144,25872.0,105840.0,28224,103488,0.24444444444444444,0.25
ORAND/CAR-A/a_test_images/a_car_007001.png,DRIP,336,336,1,144,19236.0,95004.0,28224,86016,0.20247568523430592,0.2236328125
ORAND/CAR-A/a_test_images/a_car_007001.png,Fixed,336,336,1,144,21504.0,92736.0,28224,86016,0.2318840579710145,0.25
ORAND/CAR-A/a_test_images/a_car_007002.png,DRIP,336,336,1,144,17276.0,90160.0,28224,79212,0.19161490683229815,0.21809826793920112
ORAND/CAR-A/a_test_images/a_car_007002.png,Fixed,336,336,1,144,20636.0,86800.0,28224,79212,0.23774193548387096,0.2605160834217038
ORAND/CAR-A/a_test_images/a_car_007005.png,DRIP,336,336,1,144,19040.0,92896.0,28224,83712,0.20496038580778506,0.22744648318042812
ORAND/CAR-A/a_test_images/a_car_007005.png,Fixed,336,336,1,144,21390.0,90546.0,28224,83712,0.23623351666556225,0.25551892201834864
ORAND/CAR-A/a_test_images/a_car_007010.png,DRIP,336,336,1,145,16800.0,86620.0,28420,75000,0.19395058877857307,0.224
ORAND/CAR-A/a_test_images/a_car_007010.png,Fixed,336,336,1,144,18124.0,85100.0,28224,75000,0.21297297297297296,0.24165333333333333
ORAND/CAR-A/a_test_images/a_car_007027.png,DRIP,336,336,1,144,23772.0,101556.0,28224,97104,0.23407775020678245,0.24480968858131488
ORAND/CAR-A/a_test_images/a_car_007027.png,Fixed,336,336,1,144,24276.0,101052.0,28224,97104,0.24023275145469658,0.25
ORAND/CAR-A/a_test_images/a_car_007039.png,DRIP,336,336,1,144,14379.0,76830.0,28224,62985,0.18715345568137445,0.22829245058347225
ORAND/CAR-A/a_test_images/a_car_007039.png,Fixed,336,336,1,144,15792.0,75417.0,28224,62985,0.20939575957675324,0.2507263634198619
ORAND/CAR-A/a_test_images/a_car_007043.png,DRIP,336,336,1,144,12970.0,73878.0,28224,58624,0.1755597065432199,0.2212404475982533
ORAND/CAR-A/a_test_images/a_car_007043.png,Fixed,336,336,1,144,14546.0,72302.0,28224,58624,0.20118392298968216,0.24812363537117904
ORAND/CAR-A/a_test_images/a_car_007051.png,DRIP,336,336,2,145,18597.0,82759.0,28420,72936,0.2247127200666997,0.2549769661072721
ORAND/CAR-A/a_test_images/a_car_007051.png,Fixed,336,336,2,144,18221.0,82939.0,28224,72936,0.21969158055920615,0.24982176154436767
ORAND/CAR-A/a_test_images/a_car_007052.png,DRIP,336,336,1,144,17206.0,76874.0,28224,65856,0.22382079766891277,0.2612670068027211
ORAND/CAR-A/a_test_images/a_car_007052.png,Fixed,336,336,1,144,16464.0,77616.0,28224,65856,0.21212121212121213,0.25
ORAND/CAR-A/a_test_images/a_car_007055.png,DRIP,336,336,1,144,16722.0,81583.0,28224,70081,0.20496917249917262,0.23860960888115182
ORAND/CAR-A/a_test_images/a_car_007055.png,Fixed,336,336,1,144,17701.0,80604.0,28224,70081,0.2196044861297206,0.25257915840242007
ORAND/CAR-A/a_test_images/a_car_007065.png,DRIP,336,336,1,144,21308.0,98308.0,28224,91392,0.21674736542295642,0.23314950980392157
ORAND/CAR-A/a_test_images/a_car_007065.png,Fixed,336,336,1,144,22848.0,96768.0,28224,91392,0.2361111111111111,0.25
ORAND/CAR-A/a_test_images/a_car_007066.png,DRIP,336,336,1,145,18396.0,77968.0,28420,67944,0.23594295095423765,0.27075238431649595
ORAND/CAR-A/a_test_images/a_car_007066.png,Fixed,336,336,1,144,16384.0,79784.0,28224,67944,0.20535445703399177,0.24113976215707053
ORAND/CAR-A/a_test_images/a_car_007074.png,DRIP,336,336,1,144,11914.0,46155.0,28224,29845,0.2581302134113314,0.399195845200201
ORAND/CAR-A/a_test_images/a_car_007074.png,Fixed,336,336,1,144,6658.0,51411.0,28224,29845,0.12950535877535935,0.22308594404422852
ORAND/CAR-A/a_test_images/a_car_007075.png,DRIP,336,336,1,144,13876.0,65188.0,28224,50840,0.21286126280910597,0.2729346970889064
ORAND/CAR-A/a_test_images/a_car_007075.png,Fixed,336,336,1,144,13368.0,65696.0,28224,50840,0.20348270823185582,0.26294256490952006
ORAND/CAR-A/a_test_images/a_car_007083.png,DRIP,336,336,1,144,19418.0,89835.0,28224,81029,0.21615183391773807,0.23964259709486727
ORAND/CAR-A/a_test_images/a_car_007083.png,Fixed,336,336,1,144,20653.0,88600.0,28224,81029,0.2331038374717833,0.254884053857261
ORAND/CAR-A/a_test_images/a_car_007091.png,DRIP,336,336,1,145,19053.0,88228.0,28420,78861,0.21595185201976697,0.2416023129303458
ORAND/CAR-A/a_test_images/a_car_007091.png,Fixed,336,336,1,144,19929.0,87156.0,28224,78861,0.22865895635412364,0.2527104652489824
ORAND/CAR-A/a_test_images/a_car_007093.png,DRIP,336,336,1,144,18942.0,83257.0,28224,73975,0.22751240135964543,0.25605947955390335
ORAND/CAR-A/a_test_images/a_car_007093.png,Fixed,336,336,1,144,18887.0,83312.0,28224,73975,0.2267020357211446,0.2553159851301115
ORAND/CAR-A/a_test_images/a_car_007101.png,DRIP,336,336,1,145,18004.0,96600.0,28420,86184,0.18637681159420288,0.20890188434048082
ORAND/CAR-A/a_test_images/a_car_007101.png,Fixed,336,336,1,144,21992.0,92416.0,28224,86184,0.2379674515235457,0.2551749744732201
ORAND/CAR-A/a_test_images/a_car_007105.png,DRIP,336,336,0,145,,,28420,0,,
ORAND/CAR-A/a_test_images/a_car_007105.png,Fixed,336,336,0,144,,,28224,0,,
ORAND/CAR-A/a_test_images/a_car_007106.png,DRIP,336,336,1,144,25326.0,100344.0,28224,97446,0.25239177230327675,0.2598977895449788
ORAND/CAR-A/a_test_images/a_car_007106.png,Fixed,336,336,1,144,24528.0,101142.0,28224,97446,0.2425105297502521,0.2517086386306262
ORAND/CAR-A/a_test_images/a_car_007107.png,DRIP,336,336,1,145,14028.0,75337.0,28420,60945,0.18620332638676879,0.23017474772335714
ORAND/CAR-A/a_test_images/a_car_007107.png,Fixed,336,336,1,144,15685.0,73484.0,28224,60945,0.2134478253769528,0.2573631963245549
ORAND/CAR-A/a_test_images/a_car_007114.png,DRIP,336,336,1,145,21378.0,87346.0,28420,80304,0.24475076133995832,0.2662133891213389
ORAND/CAR-A/a_test_images/a_car_007114.png,Fixed,336,336,1,144,20076.0,88452.0,28224,80304,0.22697056030389365,0.25
ORAND/CAR-A/a_test_images/a_car_007118.png,DRIP,336,336,1,144,18665.0,87712.0,28224,78153,0.2127987048522437,0.2388264046165854
ORAND/CAR-A/a_test_images/a_car_007118.png,Fixed,336,336,1,144,19617.0,86760.0,28224,78153,0.22610650069156293,0.25100763886223176
ORAND/CAR-A/a_test_images/a_car_007123.png,DRIP,336,336,1,144,11499.0,75264.0,28224,58539,0.15278220663265307,0.19643314713268079
ORAND/CAR-A/a_test_images/a_car_007123.png,Fixed,336,336,1,144,14280.0,72483.0,28224,58539,0.19701171309134555,0.24393993747757906
ORAND/CAR-A/a_test_images/a_car_007126.png,DRIP,336,336,1,144,24626.0,101724.0,28224,98126,0.24208642994770163,0.2509630475103438
ORAND/CAR-A/a_test_images/a_car_007126.png,Fixed,336,336,1,144,24724.0,101626.0,28224,98126,0.24328419892547182,0.2519617634469967
ORAND/CAR-A/a_test_images/a_car_007129.png,DRIP,336,336,1,144,23422.0,103250.0,28224,98448,0.22684745762711864,0.23791240045506257
ORAND/CAR-A/a_test_images/a_car_007129.png,Fixed,336,336,1,144,24612.0,102060.0,28224,98448,0.2411522633744856,0.25
ORAND/CAR-A/a_test_images/a_car_007132.png,DRIP,336,336,1,144,20216.0,83608.0,28224,75600,0.2417950435365037,0.2674074074074074
ORAND/CAR-A/a_test_images/a_car_007132.png,Fixed,336,336,1,144,18900.0,84924.0,28224,75600,0.22255192878338279,0.25
ORAND/CAR-A/a_test_images/a_car_007134.png,DRIP,336,336,1,144,22316.0,103012.0,28224,97104,0.2166349551508562,0.2298154555940023
ORAND/CAR-A/a_test_images/a_car_007134.png,Fixed,336,336,1,144,24276.0,101052.0,28224,97104,0.24023275145469658,0.25
ORAND/CAR-A/a_test_images/a_car_007156.png,DRIP,336,336,1,144,15403.0,75038.0,28224,62217,0.20526933020602894,0.24756899239757624
ORAND/CAR-A/a_test_images/a_car_007156.png,Fixed,336,336,1,144,15585.0,74856.0,28224,62217,0.20819974350753448,0.2504942379092531
ORAND/CAR-A/a_test_images/a_car_007329.png,DRIP,336,336,1,145,26153.0,107856.0,28420,105589,0.242480715027444,0.24768678555531354
ORAND/CAR-A/a_test_images/a_car_007329.png,Fixed,336,336,1,144,26561.0,107252.0,28224,105589,0.24765039346585613,0.2515508244229986
ORAND/CAR-A/a_test_images/a_car_007687.png,DRIP,336,336,0,144,,,28224,0,,
ORAND/CAR-A/a_test_images/a_car_007687.png,Fixed,336,336,0,144,,,28224,0,,
ORAND/CAR-A/a_test_images/a_car_007741.png,DRIP,336,336,1,145,17456.0,88452.0,28420,77488,0.1973499751277529,0.2252735907495354
ORAND/CAR-A/a_test_images/a_car_007741.png,Fixed,336,336,1,144,19376.0,86336.0,28224,77488,0.22442550037064493,0.25005162089613875
ORAND/CAR-A/a_test_images/a_car_007771.png,DRIP,336,336,1,144,19824.0,90513.0,28224,82113,0.21901826257001758,0.24142340433305323
ORAND/CAR-A/a_test_images/a_car_007771.png,Fixed,336,336,1,144,20342.0,89995.0,28224,82113,0.2260347797099839,0.24773178424853556
ORAND/CAR-A/a_test_images/a_car_007932.png,DRIP,336,336,1,145,3640.0,39949.0,28420,15169,0.09111617312072894,0.23996308260267651
ORAND/CAR-A/a_test_images/a_car_007932.png,Fixed,336,336,1,144,3626.0,39767.0,28224,15169,0.09118113008273192,0.23904014766958928
ORAND/CAR-A/a_test_images/a_car_007976.png,DRIP,336,336,1,144,15540.0,86628.0,28224,73944,0.17938772683197118,0.2101590392729633
ORAND/CAR-A/a_test_images/a_car_007976.png,Fixed,336,336,1,144,18990.0,83178.0,28224,73944,0.22830556156676043,0.25681596884128527
ORAND/CAR-A/a_test_images/a_car_008033.png,DRIP,336,336,1,145,20160.0,95956.0,28420,87696,0.2100962941348118,0.22988505747126436
ORAND/CAR-A/a_test_images/a_car_008033.png,Fixed,336,336,1,144,21924.0,93996.0,28224,87696,0.23324396782841822,0.25
ORAND/CAR-A/a_test_images/a_car_008049.png,DRIP,336,336,1,144,21200.0,95941.0,28224,88917,0.22096913728228806,0.23842459822081266
ORAND/CAR-A/a_test_images/a_car_008049.png,Fixed,336,336,1,144,23142.0,93999.0,28224,88917,0.24619410844796222,0.2602651911333041
ORAND/CAR-A/a_test_images/a_car_008102.png,DRIP,336,336,1,144,20580.0,94668.0,28224,87024,0.21739130434782608,0.23648648648648649
ORAND/CAR-A/a_test_images/a_car_008102.png,Fixed,336,336,1,144,21756.0,93492.0,28224,87024,0.23270440251572327,0.25
ORAND/CAR-A/a_test_images/a_car_008316.png,DRIP,336,336,1,145,21364.0,89384.0,28420,82328,0.23901369372594647,0.25949859100184625
ORAND/CAR-A/a_test_images/a_car_008316.png,Fixed,336,336,1,144,20916.0,89636.0,28224,82328,0.23334374581641304,0.25405694295986786
ORAND/CAR-A/a_test_images/a_car_008441.png,DRIP,336,336,1,145,21812.0,85908.0,28420,79300,0.2538995204171905,0.2750567465321564
ORAND/CAR-A/a_test_images/a_car_008441.png,Fixed,336,336,1,144,19212.0,88312.0,28224,79300,0.21754687924630856,0.24226986128625472
ORAND/CAR-A/a_test_images/a_car_008486.png,DRIP,336,336,1,144,17164.0,84644.0,28224,73584,0.20277869665894807,0.2332572298325723
ORAND/CAR-A/a_test_images/a_car_008486.png,Fixed,336,336,1,144,18396.0,83412.0,28224,73584,0.22054380664652568,0.25
ORAND/CAR-A/a_test_images/a_car_008945.png,DRIP,336,336,1,144,18116.0,89713.0,28224,79605,0.20193283024756725,0.2275736448715533
ORAND/CAR-A/a_test_images/a_car_008945.png,Fixed,336,336,1,144,19670.0,88159.0,28224,79605,0.2231195907394594,0.24709503171911312
ORAND/CAR-A/a_test_images/a_car_009004.png,DRIP,336,336,2,145,16416.0,74820.0,28420,62816,0.2194065757818765,0.26133469179826796
ORAND/CAR-A/a_test_images/a_car_009004.png,Fixed,336,336,2,144,16246.0,74794.0,28224,62816,0.21720993662593255,0.25862837493632196
ORAND/CAR-A/a_test_images/a_car_009138.png,DRIP,336,336,1,144,17034.0,82140.0,28224,70950,0.20737764791818847,0.2400845665961945
ORAND/CAR-A/a_test_images/a_car_009138.png,Fixed,336,336,1,144,17880.0,81294.0,28224,70950,0.21994243117573253,0.25200845665961946
ORAND/CAR-A/a_test_images/a_car_009330.png,DRIP,336,336,0,144,,,28224,0,,
ORAND/CAR-A/a_test_images/a_car_009330.png,Fixed,336,336,0,144,,,28224,0,,
ORAND/CAR-A/a_test_images/a_car_009337.png,DRIP,336,336,1,144,20062.0,93170.0,28224,85008,0.2153268219383922,0.23600131752305664
ORAND/CAR-A/a_test_images/a_car_009337.png,Fixed,336,336,1,144,21252.0,91980.0,28224,85008,0.2310502283105023,0.25
ORAND/CAR-A/a_test_images/a_car_009507.png,DRIP,336,336,1,144,20390.0,85190.0,28224,77356,0.23934734123723442,0.2635865349811262
ORAND/CAR-A/a_test_images/a_car_009507.png,Fixed,336,336,1,144,19396.0,86184.0,28224,77356,0.22505337417618118,0.2507368529913646
ORAND/CAR-A/a_test_images/a_car_009646.png,DRIP,336,336,1,144,11760.0,62391.0,28224,45927,0.18848872433524066,0.25605852766346593
ORAND/CAR-A/a_test_images/a_car_009646.png,Fixed,336,336,1,144,10780.0,63371.0,28224,45927,0.1701093560145808,0.23472031702484378
ORAND/CAR-A/a_test_images/a_car_010437.png,DRIP,336,336,1,145,19879.0,91738.0,28420,83197,0.2166931914800846,0.23893890404702092
ORAND/CAR-A/a_test_images/a_car_010437.png,Fixed,336,336,1,144,20482.0,90939.0,28224,83197,0.22522790002089313,0.24618676154188252
ORAND/CAR-A/a_test_images/a_car_010523.png,DRIP,336,336,1,145,24570.0,99941.0,28420,96091,0.2458450485786614,0.2556951223319562
ORAND/CAR-A/a_test_images/a_car_010523.png,Fixed,336,336,1,144,23996.0,100319.0,28224,96091,0.23919696169220186,0.2497216180495572
POIE/image_files/GOG_148.jpg,DRIP,336,336,69,144,15241.0,74196.0,28224,61213,0.20541538627419267,0.24898305915410127
POIE/image_files/GOG_148.jpg,Fixed,336,336,69,144,16230.0,73207.0,28224,61213,0.22170011064515688,0.2651397578945649
POIE/image_files/GOG_168.jpg,DRIP,336,336,28,144,8662.0,50906.0,28224,31344,0.17015675951754214,0.2763527309851965
POIE/image_files/GOG_168.jpg,Fixed,336,336,28,144,6792.0,52776.0,28224,31344,0.12869486130059118,0.21669218989280245
POIE/image_files/GOG_283.jpg,DRIP,336,336,47,144,17824.0,80776.0,28224,70376,0.2206596018619392,0.2532681595998636
POIE/image_files/GOG_283.jpg,Fixed,336,336,47,144,19710.0,78890.0,28224,70376,0.24984155152744328,0.280067068318745
POIE/image_files/GOG_294.jpg,DRIP,336,336,17,145,25471.0,109654.0,28420,106705,0.23228518795483977,0.238704840447964
POIE/image_files/GOG_294.jpg,Fixed,336,336,17,144,26391.0,108538.0,28224,106705,0.243149864563563,0.24732674195211096
POIE/image_files/NZL_18.jpg,DRIP,336,336,31,145,14447.0,62084.0,28420,48111,0.23270085690355002,0.30028475816341377
POIE/image_files/NZL_18.jpg,Fixed,336,336,31,144,12238.0,64097.0,28224,48111,0.1909293726695477,0.2543701024713683
POIE/image_files/NZL_2.jpg,DRIP,336,336,42,145,15149.0,79724.0,28420,66453,0.1900180623149867,0.2279656298436489
POIE/image_files/NZL_2.jpg,Fixed,336,336,42,144,16379.0,78298.0,28224,66453,0.20918797415004214,0.2464749522218711
POIE/image_files/NZL_20.jpg,DRIP,336,336,22,145,17999.0,78802.0,28420,68381,0.22840790842872008,0.2632163905178339
POIE/image_files/NZL_20.jpg,Fixed,336,336,22,144,17183.0,79422.0,28224,68381,0.21635063332577875,0.25128325119550754
POIE/image_files/NZL_26.jpg,DRIP,336,336,33,144,17730.0,83434.0,28224,72940,0.21250329601840975,0.24307650123389088
POIE/image_files/NZL_26.jpg,Fixed,336,336,33,144,18854.0,82310.0,28224,72940,0.2290608674523144,0.25848642720043874
POIE/image_files/NZL_27.jpg,DRIP,336,336,21,144,11154.0,51791.0,28224,34721,0.2153656040624819,0.32124650787707726
POIE/image_files/NZL_27.jpg,Fixed,336,336,21,144,8506.0,54439.0,28224,34721,0.15624827788901338,0.2449814233461018
POIE/image_files/NZL_52.jpg,DRIP,336,336,30,144,14574.0,70452.0,28224,56802,0.20686424799863737,0.25657547269462344
POIE/image_files/NZL_52.jpg,Fixed,336,336,30,144,13559.0,71467.0,28224,56802,0.18972392852645276,0.23870638357804302
POIE/image_files/NZL_62.jpg,DRIP,336,336,45,145,16692.0,74192.0,28420,62464,0.22498382574940695,0.26722592213114754
POIE/image_files/NZL_62.jpg,Fixed,336,336,45,144,16508.0,74180.0,28224,62464,0.22253976813157186,0.2642802254098361
POIE/image_files/NZL_70.jpg,DRIP,336,336,27,145,21567.0,95418.0,28420,88565,0.2260265358737345,0.24351606164963585
POIE/image_files/NZL_70.jpg,Fixed,336,336,27,144,22398.0,94391.0,28224,88565,0.23728957209903487,0.25289900073392424
POIE/image_files/NZL_81.jpg,DRIP,336,336,27,144,12822.0,62392.0,28224,46990,0.20550711629696114,0.27286656735475634
POIE/image_files/NZL_81.jpg,Fixed,336,336,27,144,12018.0,63196.0,28224,46990,0.19017026394075576,0.25575654394552033
POIE/image_files/SGP_13.jpg,DRIP,336,336,31,144,10265.0,65421.0,28224,47462,0.15690680362574708,0.21627828578652394
POIE/image_files/SGP_13.jpg,Fixed,336,336,31,144,11900.0,63786.0,28224,47462,0.1865613143950083,0.25072689730731956
POIE/image_files/SGP_23.jpg,DRIP,336,336,44,144,15975.0,80541.0,28224,68292,0.1983461839311655,0.23392198207696363
POIE/image_files/SGP_23.jpg,Fixed,336,336,44,144,16723.0,79793.0,28224,68292,0.2095797877006755,0.24487494874948748
POIE/image_files/SGP_40.jpg,DRIP,336,336,52,145,15147.0,76025.0,28420,62752,0.19923709306149293,0.241378760836308
POIE/image_files/SGP_40.jpg,Fixed,336,336,52,144,15300.0,75676.0,28224,62752,0.20217770495269305,0.24381693013768485
POIE/image_files/SGP_51.jpg,DRIP,336,336,57,145,14814.0,72597.0,28420,58991,0.2040580189264019,0.2511230526690512
POIE/image_files/SGP_51.jpg,Fixed,336,336,57,144,14658.0,72557.0,28224,58991,0.2020204804498532,0.24847858147853064
POIE/image_files/SGP_54.jpg,DRIP,336,336,39,144,10953.0,70690.0,28224,53419,0.15494412222379403,0.20503940545498792
POIE/image_files/SGP_54.jpg,Fixed,336,336,39,144,13487.0,68156.0,28224,53419,0.19788426550853924,0.2524757108893839
POIE/image_files/SGP_57.jpg,DRIP,336,336,39,144,13648.0,78442.0,28224,63866,0.17398842456847097,0.2136974289919519
POIE/image_files/SGP_57.jpg,Fixed,336,336,39,144,15713.0,76377.0,28224,63866,0.20572947353260798,0.2460307518867629
POIE/image_files/SGP_63.jpg,DRIP,336,336,26,144,17062.0,88532.0,28224,77370,0.19272127592283017,0.22052475119555384
POIE/image_files/SGP_63.jpg,Fixed,336,336,26,144,19438.0,86156.0,28224,77370,0.2256140025070802,0.251234328551118
POIE/image_files/SGP_80.jpg,DRIP,336,336,63,144,14713.0,74332.0,28224,60821,0.19793628585266104,0.24190657831998816
POIE/image_files/SGP_80.jpg,Fixed,336,336,63,144,16233.0,72812.0,28224,60821,0.22294402021644782,0.26689794643297543
POIE/image_files/SGP_82.jpg,DRIP,336,336,24,144,18330.0,78535.0,28224,68641,0.23339912141083594,0.2670415640797774
POIE/image_files/SGP_82.jpg,Fixed,336,336,24,144,16143.0,80722.0,28224,68641,0.1999826565248631,0.23518014014947336
POIE/image_files/UK_148.jpg,DRIP,336,336,28,145,19465.0,74541.0,28420,65586,0.2611314578554084,0.29678589942975636
POIE/image_files/UK_148.jpg,Fixed,336,336,28,144,17443.0,76367.0,28224,65586,0.22841017717076748,0.2659561491781783
POIE/image_files/UK_164.jpg,DRIP,336,336,31,144,14169.0,68044.0,28224,53989,0.2082329081182764,0.26244234936746375
POIE/image_files/UK_164.jpg,Fixed,336,336,31,144,14235.0,67978.0,28224,53989,0.20940598428903467,0.26366482061160607
POIE/image_files/UK_183.jpg,DRIP,336,336,26,144,16278.0,65972.0,28224,54026,0.24674104165403504,0.3012993743753008
POIE/image_files/UK_183.jpg,Fixed,336,336,26,144,13559.0,68691.0,28224,54026,0.1973912157342301,0.25097175434050273
POIE/image_files/UK_184.jpg,DRIP,336,336,4,144,24150.0,104718.0,28224,100644,0.2306193777574056,0.23995469178490522
POIE/image_files/UK_184.jpg,Fixed,336,336,4,144,25088.0,103780.0,28224,100644,0.24174214684910386,0.24927467111800009
POIE/image_files/UK_205.jpg,DRIP,336,336,33,144,14565.0,68524.0,28224,54865,0.21255326600898955,0.26546978948327715
POIE/image_files/UK_205.jpg,Fixed,336,336,33,144,13279.0,69810.0,28224,54865,0.19021630138948575,0.24203043834867402
POIE/image_files/UK_220.jpg,DRIP,336,336,9,144,28224.0,112896.0,28224,112896,0.25,0.25
POIE/image_files/UK_220.jpg,Fixed,336,336,9,144,28224.0,112896.0,28224,112896,0.25,0.25
POIE/image_files/UK_227.jpg,DRIP,336,336,8,144,21384.0,97541.0,28224,90701,0.2192308875242206,0.23576366302466345
POIE/image_files/UK_227.jpg,Fixed,336,336,8,144,22520.0,96405.0,28224,90701,0.2335978424355583,0.24828833199192954
POIE/image_files/UK_254.jpg,DRIP,336,336,26,144,19262.0,85078.0,28224,76116,0.22640400573591293,0.25306111724210417
POIE/image_files/UK_254.jpg,Fixed,336,336,26,144,18730.0,85610.0,28224,76116,0.21878285247050577,0.24607178517000367
POIE/image_files/UK_262.jpg,DRIP,336,336,35,145,12174.0,71433.0,28420,55187,0.17042543362311538,0.22059543008317176
POIE/image_files/UK_262.jpg,Fixed,336,336,35,144,13627.0,69784.0,28224,55187,0.1952739883067752,0.24692409444253174
POIE/image_files/UK_280.jpg,DRIP,336,336,29,144,12158.0,59962.0,28224,43896,0.20276174910776826,0.27697284490614177
POIE/image_files/UK_280.jpg,Fixed,336,336,29,144,10987.0,61133.0,28224,43896,0.17972289925244958,0.25029615454711135
POIE/image_files/UK_303.jpg,DRIP,336,336,7,144,26460.0,110007.0,28224,108243,0.24053014808148573,0.24444998752806185
POIE/image_files/UK_303.jpg,Fixed,336,336,7,144,26978.0,109489.0,28224,108243,0.24639918165295144,0.24923551638443134
POIE/image_files/UK_305.jpg,DRIP,336,336,15,144,15728.0,71223.0,28224,58727,0.22082754166491161,0.2678154852112316
POIE/image_files/UK_305.jpg,Fixed,336,336,15,144,14615.0,72336.0,28224,58727,0.2020432426454324,0.24886338481448056
POIE/image_files/UK_32.jpg,DRIP,336,336,9,144,23692.0,100288.0,28224,95756,0.23623962986598596,0.24742052717323196
POIE/image_files/UK_32.jpg,Fixed,336,336,9,144,23936.0,100044.0,28224,95756,0.23925472791971533,0.2499686703705251
POIE/image_files/UK_331.jpg,DRIP,336,336,36,145,16329.0,74262.0,28420,62171,0.21988365516684172,0.26264657155265314
POIE/image_files/UK_331.jpg,Fixed,336,336,36,144,15373.0,75022.0,28224,62171,0.20491322545386687,0.247269627318203
POIE/image_files/UK_338.jpg,DRIP,336,336,29,144,15011.0,64691.0,28224,51478,0.23204155137499807,0.29160029527176656
POIE/image_files/UK_338.jpg,Fixed,336,336,29,144,13217.0,66485.0,28224,51478,0.19879672106490187,0.2567504565056917
POIE/image_files/UK_379.jpg,DRIP,336,336,35,144,17026.0,75743.0,28224,64545,0.22478644891277083,0.26378495623208614
POIE/image_files/UK_379.jpg,Fixed,336,336,35,144,16098.0,76671.0,28224,64545,0.20996204562350823,0.24940739019288868
POIE/image_files/UK_39.jpg,DRIP,336,336,45,145,15571.0,63571.0,28420,50722,0.24493872992402196,0.3069871061866646
POIE/image_files/UK_39.jpg,Fixed,336,336,45,144,11820.0,67126.0,28224,50722,0.17608676220838423,0.23303497496155515
POIE/image_files/UK_392.jpg,DRIP,336,336,30,145,14962.0,67627.0,28420,54169,0.2212429946618954,0.27620964020011446
POIE/image_files/UK_392.jpg,Fixed,336,336,30,144,13673.0,68720.0,28224,54169,0.19896682188591386,0.25241374217726004
POIE/image_files/UK_423.jpg,DRIP,336,336,22,145,5461.0,53984.0,28420,31025,0.1011596028452875,0.17601933924254634
POIE/image_files/UK_423.jpg,Fixed,336,336,22,144,8098.0,51151.0,28224,31025,0.15831557545307032,0.2610153102336825
POIE/image_files/UK_457.jpg,DRIP,336,336,39,145,16787.0,66572.0,28420,54939,0.2521630715616175,0.3055570723893773
POIE/image_files/UK_457.jpg,Fixed,336,336,39,144,13778.0,69385.0,28224,54939,0.19857317864091661,0.25078723675349024
POIE/image_files/UK_466.jpg,DRIP,336,336,34,144,11479.0,61720.0,28224,44975,0.1859850939727803,0.255230683713174
POIE/image_files/UK_466.jpg,Fixed,336,336,34,144,11680.0,61519.0,28224,44975,0.18986004323867423,0.2596998332406893
POIE/image_files/UK_473.jpg,DRIP,336,336,48,145,16700.0,81545.0,28420,69825,0.2047948985222883,0.23916935195130684
POIE/image_files/UK_473.jpg,Fixed,336,336,48,144,17440.0,80609.0,28224,69825,0.2163530126908906,0.24976727533118512
POIE/image_files/UK_494.jpg,DRIP,336,336,27,144,17159.0,76306.0,28224,65241,0.2248709144759259,0.2630094572431447
POIE/image_files/UK_494.jpg,Fixed,336,336,27,144,15825.0,77640.0,28224,65241,0.20382534775888717,0.24256219248631994
POIE/image_files/UK_498.jpg,DRIP,336,336,40,145,15245.0,72034.0,28420,58859,0.21163617180775746,0.2590088176829372
POIE/image_files/UK_498.jpg,Fixed,336,336,40,144,15677.0,71406.0,28224,58859,0.21954737697112287,0.2663483919196724
POIE/image_files/UK_516.jpg,DRIP,336,336,41,144,14823.0,74368.0,28224,60967,0.19931959982788297,0.2431315301720603
POIE/image_files/UK_516.jpg,Fixed,336,336,41,144,15156.0,74035.0,28224,60967,0.20471398662794624,0.24859350140239803
POIE/image_files/UK_522.jpg,DRIP,336,336,37,144,13424.0,66825.0,28224,52025,0.20088290310512533,0.2580297933685728
POIE/image_files/UK_522.jpg,Fixed,336,336,37,144,13323.0,66926.0,28224,52025,0.19907061530645787,0.25608841902931284
POIE/image_files/UK_539.jpg,DRIP,336,336,35,145,15724.0,68189.0,28420,55493,0.23059437739224803,0.283351053286
POIE/image_files/UK_539.jpg,Fixed,336,336,35,144,15257.0,68460.0,28224,55493,0.22286006427110722,0.2749355774602202
POIE/image_files/UK_548.jpg,DRIP,336,336,23,144,13790.0,58792.0,28224,44358,0.23455572186692067,0.3108796609405293
POIE/image_files/UK_548.jpg,Fixed,336,336,23,144,11111.0,61471.0,28224,44358,0.18075189926957427,0.2504846927273547
POIE/image_files/UK_563.jpg,DRIP,336,336,43,145,16603.0,78501.0,28420,66684,0.21150049043961222,0.24898026513106591
POIE/image_files/UK_563.jpg,Fixed,336,336,43,144,17054.0,77854.0,28224,66684,0.2190510442623372,0.25574350668826107
POIE/image_files/UK_568.jpg,DRIP,336,336,39,145,11353.0,63096.0,28420,46029,0.17993216685685304,0.24664885181081492
POIE/image_files/UK_568.jpg,Fixed,336,336,39,144,12369.0,61884.0,28224,46029,0.19987395772736086,0.26872189271980707
POIE/image_files/UK_70.jpg,DRIP,336,336,38,144,12425.0,64237.0,28224,48438,0.19342435045223158,0.2565134811511623
POIE/image_files/UK_70.jpg,Fixed,336,336,38,144,12445.0,64217.0,28224,48438,0.19379603531775075,0.2569263801147859
POIE/image_files/UK_85.jpg,DRIP,336,336,20,145,22856.0,93493.0,28420,87929,0.24446750024065972,0.25993699462065983
POIE/image_files/UK_85.jpg,Fixed,336,336,20,144,22106.0,94047.0,28224,87929,0.23505268642274607,0.25140738550421365
POIE/image_files/nf0084.jpg,DRIP,336,336,49,144,13723.0,61851.0,28224,47350,0.2218719179964754,0.2898204857444562
POIE/image_files/nf0084.jpg,Fixed,336,336,49,144,11991.0,63583.0,28224,47350,0.1885881446298539,0.25324181626187964
POIE/image_files/nf0364.jpg,DRIP,336,336,13,145,19054.0,83453.0,28420,74087,0.2283201322900315,0.2571841213708208
POIE/image_files/nf0364.jpg,Fixed,336,336,13,144,18285.0,84026.0,28224,74087,0.2176112155761312,0.24680443262650667
POIE/image_files/nf0818.jpg,DRIP,336,336,22,144,10918.0,56823.0,28224,39517,0.19214050648505007,0.2762861553255561
POIE/image_files/nf0818.jpg,Fixed,336,336,22,144,9622.0,58119.0,28224,39517,0.16555687468813984,0.24349014348255182
POIE/image_files/nf1102.jpg,DRIP,336,336,24,145,13445.0,68442.0,28420,53467,0.1964437041582654,0.2514635195541175
POIE/image_files/nf1102.jpg,Fixed,336,336,24,144,13213.0,68478.0,28224,53467,0.19295248108881685,0.24712439448631868
POIE/image_files/nf1345.jpg,DRIP,336,336,4,145,13560.0,56260.0,28420,41400,0.24102381798791325,0.32753623188405795
POIE/image_files/nf1345.jpg,Fixed,336,336,4,144,10246.0,59378.0,28224,41400,0.17255549193303918,0.247487922705314
POIE/image_files/nf1393.jpg,DRIP,336,336,30,144,14642.0,67022.0,28224,53440,0.21846557846677211,0.2739895209580838
POIE/image_files/nf1393.jpg,Fixed,336,336,30,144,13284.0,68380.0,28224,53440,0.19426732962854637,0.24857784431137725
POIE/image_files/nf3684.jpg,DRIP,336,336,37,144,15704.0,71382.0,28224,58862,0.21999943963464177,0.26679351703985593
POIE/image_files/nf3684.jpg,Fixed,336,336,37,144,15483.0,71603.0,28224,58862,0.21623395667779283,0.26303897251197716
POIE/image_files/nf3702.jpg,DRIP,336,336,37,144,13263.0,69584.0,28224,54623,0.1906041618762934,0.24280980539333247
POIE/image_files/nf3702.jpg,Fixed,336,336,37,144,14412.0,68435.0,28224,54623,0.21059399430116169,0.2638449004997895
SROIE/image/X51005230605.jpg,DRIP,336,336,33,145,11159.0,44588.0,28420,27327,0.25026913070781376,0.4083507154096681
SROIE/image/X51005230605.jpg,Fixed,336,336,33,144,6986.0,48565.0,28224,27327,0.14384845053021725,0.2556446005781827
SROIE/image/X51005288570.jpg,DRIP,336,336,27,144,10967.0,50995.0,28224,33738,0.21506030002941465,0.32506372636196573
SROIE/image/X51005288570.jpg,Fixed,336,336,27,144,8559.0,53403.0,28224,33738,0.1602718948373687,0.25369020096034145
SROIE/image/X51005433518.jpg,DRIP,336,336,2,145,1993.0,29178.0,28420,2751,0.06830488724381384,0.7244638313340603
SROIE/image/X51005433518.jpg,Fixed,336,336,2,144,882.0,30093.0,28224,2751,0.02930914166085136,0.32061068702290074
SROIE/image/X51005442343.jpg,DRIP,336,336,18,145,6498.0,36215.0,28420,14293,0.1794284136407566,0.45462813964877913
SROIE/image/X51005442343.jpg,Fixed,336,336,18,144,3502.0,39015.0,28224,14293,0.08976034858387799,0.2450150423284125
SROIE/image/X51005444044.jpg,DRIP,336,336,52,145,15320.0,55265.0,28420,42165,0.2772098072921379,0.3633345191509546
SROIE/image/X51005444044.jpg,Fixed,336,336,52,144,11157.0,59232.0,28224,42165,0.18836102106969205,0.2646033440056919
SROIE/image/X51005444046.jpg,DRIP,336,336,79,145,13123.0,62908.0,28420,47611,0.2086062186049469,0.2756295813992565
SROIE/image/X51005444046.jpg,Fixed,336,336,79,144,12087.0,63748.0,28224,47611,0.18960594842191128,0.25386990401377835
SROIE/image/X51005447842.jpg,DRIP,336,336,46,144,13523.0,56167.0,28224,41466,0.24076414976765717,0.32612260647277286
SROIE/image/X51005447842.jpg,Fixed,336,336,46,144,10768.0,58922.0,28224,41466,0.18275007637215301,0.25968263155356197
SROIE/image/X51005568889.jpg,DRIP,336,336,52,144,16369.0,58870.0,28224,47015,0.27805333786308817,0.34816547910241413
SROIE/image/X51005568889.jpg,Fixed,336,336,52,144,12299.0,62940.0,28224,47015,0.19540832538925962,0.261597362543869
SROIE/image/X51005577191.jpg,DRIP,336,336,30,144,13589.0,53399.0,28224,38764,0.25448042098166634,0.35055721803735423
SROIE/image/X51005577191.jpg,Fixed,336,336,30,144,9960.0,57028.0,28224,38764,0.17465104860770148,0.2569394283355691
SROIE/image/X51005605287.jpg,DRIP,336,336,62,145,14609.0,59814.0,28420,46003,0.2442404788176681,0.3175662456796296
SROIE/image/X51005605287.jpg,Fixed,336,336,62,144,10339.0,63888.0,28224,46003,0.16183007763586277,0.22474621220355195
SROIE/image/X51005663300.jpg,DRIP,336,336,54,144,9736.0,51007.0,28224,32519,0.1908757621502931,0.29939420031366276
SROIE/image/X51005663300.jpg,Fixed,336,336,54,144,8436.0,52307.0,28224,32519,0.16127860515800943,0.2594175712660291
SROIE/image/X51005675103.jpg,DRIP,336,336,62,144,15173.0,54281.0,28224,41230,0.27952690628396676,0.3680087315061848
SROIE/image/X51005675103.jpg,Fixed,336,336,62,144,11893.0,57561.0,28224,41230,0.2066155904171227,0.2884550084889643
SROIE/image/X51005676535.jpg,DRIP,336,336,59,144,14838.0,54177.0,28224,40791,0.27388005980397584,0.3637567110391998
SROIE/image/X51005676535.jpg,Fixed,336,336,59,144,11179.0,57836.0,28224,40791,0.19328791755999725,0.27405555146968696
SROIE/image/X51005676542.jpg,DRIP,336,336,52,145,14132.0,54285.0,28420,39997,0.260329741180805,0.3533264994874616
SROIE/image/X51005676542.jpg,Fixed,336,336,52,144,11111.0,57110.0,28224,39997,0.19455436876203816,0.27779583468760155
SROIE/image/X51005676548.jpg,DRIP,336,336,55,145,12827.0,54858.0,28420,39265,0.23382186736665572,0.32667770278874314
SROIE/image/X51005676548.jpg,Fixed,336,336,55,144,10887.0,56602.0,28224,39265,0.19234302674817144,0.27726983318477016
SROIE/image/X51005677336.jpg,DRIP,336,336,54,145,14481.0,53824.0,28420,39885,0.26904354934601665,0.363068822865739
SROIE/image/X51005677336.jpg,Fixed,336,336,54,144,11123.0,56986.0,28224,39885,0.19518829186115888,0.27887677071580796
SROIE/image/X51005684949.jpg,DRIP,336,336,43,144,15980.0,64117.0,28224,51873,0.2492318729822044,0.30806006978582307
SROIE/image/X51005684949.jpg,Fixed,336,336,43,144,12336.0,67761.0,28224,51873,0.18205162261477842,0.23781157827771673
SROIE/image/X51005715007.jpg,DRIP,336,336,44,145,13534.0,50323.0,28420,35437,0.26894263060628343,0.38191720518102545
SROIE/image/X51005715007.jpg,Fixed,336,336,44,144,8217.0,55444.0,28224,35437,0.14820359281437126,0.23187628749611988
SROIE/image/X51005719823.jpg,DRIP,336,336,36,144,16447.0,67225.0,28224,55448,0.24465600595016734,0.2966202568171981
SROIE/image/X51005719823.jpg,Fixed,336,336,36,144,12373.0,71299.0,28224,55448,0.17353679574748593,0.22314601067667003
SROIE/image/X51005719898.jpg,DRIP,336,336,48,144,16059.0,60400.0,28224,48235,0.2658774834437086,0.3329325178812066
SROIE/image/X51005719898.jpg,Fixed,336,336,48,144,12075.0,64384.0,28224,48235,0.18754659542743538,0.2503368922981238
SROIE/image/X51005745244.jpg,DRIP,336,336,45,145,13417.0,50272.0,28420,35269,0.26688812858052197,0.380419064901188
SROIE/image/X51005745244.jpg,Fixed,336,336,45,144,9069.0,54424.0,28224,35269,0.16663604292224019,0.2571379965408716
SROIE/image/X51005746207.jpg,DRIP,336,336,71,145,17326.0,62812.0,28420,51718,0.27583901165382413,0.3350090877450791
SROIE/image/X51005746207.jpg,Fixed,336,336,71,144,13493.0,66449.0,28224,51718,0.20305798431880087,0.26089562628098534
SROIE/image/X51005757233.jpg,DRIP,336,336,41,145,12305.0,62092.0,28420,45977,0.19817367776847258,0.2676338169084542
SROIE/image/X51005757233.jpg,Fixed,336,336,41,144,12403.0,61798.0,28224,45977,0.2007022880999385,0.26976531744132937
SROIE/image/X51005757282.jpg,DRIP,336,336,49,144,16311.0,65014.0,28224,53101,0.2508844248930999,0.3071693565092936
SROIE/image/X51005757282.jpg,Fixed,336,336,49,144,14108.0,67217.0,28224,53101,0.20988737968073554,0.2656823788629216
SROIE/image/X51005806696.jpg,DRIP,336,336,60,144,13871.0,55089.0,28224,40736,0.25179255386737825,0.34050962293794185
SROIE/image/X51005806696.jpg,Fixed,336,336,60,144,11081.0,57879.0,28224,40736,0.191451130807374,0.27201983503534954
SROIE/image/X51006008081.jpg,DRIP,336,336,68,144,16461.0,69889.0,28224,58126,0.23553062713731773,0.28319512782575784
SROIE/image/X51006008081.jpg,Fixed,336,336,68,144,14703.0,71647.0,28224,58126,0.2052144541990593,0.2529504868733441
SROIE/image/X51006008093.jpg,DRIP,336,336,56,144,13958.0,56913.0,28224,42647,0.24525152425632105,0.3272914859192909
SROIE/image/X51006008093.jpg,Fixed,336,336,56,144,10197.0,60674.0,28224,42647,0.1680621023832284,0.23910239876192932
SROIE/image/X51006008105.jpg,DRIP,336,336,65,144,13787.0,62325.0,28224,47888,0.22121139189731248,0.2879009355162045
SROIE/image/X51006008105.jpg,Fixed,336,336,65,144,12355.0,63757.0,28224,47888,0.19378264347444202,0.2579978282659539
SROIE/image/X51006327960.jpg,DRIP,336,336,43,145,13053.0,52362.0,28420,36995,0.24928383178641,0.35283146371131235
SROIE/image/X51006327960.jpg,Fixed,336,336,43,144,9729.0,55490.0,28224,36995,0.17532888808794378,0.2629814839843222
SROIE/image/X51006328345.jpg,DRIP,336,336,42,145,13953.0,58822.0,28420,44355,0.23720716738635206,0.31457558336151503
SROIE/image/X51006328345.jpg,Fixed,336,336,42,144,11225.0,61354.0,28224,44355,0.18295465658310786,0.25307180701161086
SROIE/image/X51006328937.jpg,DRIP,336,336,57,145,10238.0,47633.0,28420,29451,0.2149350240379569,0.3476282638959628
SROIE/image/X51006328937.jpg,Fixed,336,336,57,144,8246.0,49429.0,28224,29451,0.1668251431345971,0.2799904926827612
SROIE/image/X51006328967.jpg,DRIP,336,336,57,145,16099.0,57967.0,28420,45646,0.2777269825935446,0.3526924593611708
SROIE/image/X51006328967.jpg,Fixed,336,336,57,144,10784.0,63086.0,28224,45646,0.17094125479504169,0.23625290277351793
SROIE/image/X51006334819.jpg,DRIP,336,336,56,144,15623.0,63959.0,28224,51358,0.24426585781516283,0.3041979827874917
SROIE/image/X51006334819.jpg,Fixed,336,336,56,144,12951.0,66631.0,28224,51358,0.19436898740826342,0.2521710346976128
SROIE/image/X51006335818.jpg,DRIP,336,336,59,145,13548.0,57934.0,28420,43062,0.23385231470293782,0.3146161348752961
SROIE/image/X51006335818.jpg,Fixed,336,336,59,144,10043.0,61243.0,28224,43062,0.16398608820599905,0.23322186614648646
SROIE/image/X51006387660.jpg,DRIP,336,336,49,145,15570.0,58495.0,28420,45645,0.26617659629028123,0.3411107459743674
SROIE/image/X51006387660.jpg,Fixed,336,336,49,144,10456.0,63413.0,28224,45645,0.16488732594263006,0.22907218753423156
SROIE/image/X51006387737.jpg,DRIP,336,336,51,145,15554.0,61904.0,28420,49038,0.2512600155078832,0.3171825930910722
SROIE/image/X51006387737.jpg,Fixed,336,336,51,144,12758.0,64504.0,28224,49038,0.1977861838025549,0.26016558587218075
SROIE/image/X51006401845.jpg,DRIP,336,336,61,145,15261.0,57447.0,28420,44288,0.26565355893258136,0.3445854407514451
SROIE/image/X51006401845.jpg,Fixed,336,336,61,144,10585.0,61927.0,28224,44288,0.1709270592794742,0.23900379335260116
SROIE/image/X51006414427.jpg,DRIP,336,336,2,145,1195.0,28574.0,28420,1349,0.04182123608875201,0.8858413639733136
SROIE/image/X51006414427.jpg,Fixed,336,336,2,144,182.0,29391.0,28224,1349,0.006192371814501038,0.13491475166790215
SROIE/image/X51006414512.jpg,DRIP,336,336,10,144,5995.0,34993.0,28224,12764,0.17131997828137055,0.4696803509871514
SROIE/image/X51006414512.jpg,Fixed,336,336,10,144,2751.0,38237.0,28224,12764,0.07194602086983812,0.21552804763397054
SROIE/image/X51006414715.jpg,DRIP,336,336,7,145,3137.0,30805.0,28420,5522,0.10183411783801331,0.5680912712785223
SROIE/image/X51006414715.jpg,Fixed,336,336,7,144,1548.0,32198.0,28224,5522,0.04807752034287844,0.2803332126041289
SROIE/image/X51006438346.jpg,DRIP,336,336,11,145,2130.0,33810.0,28420,7520,0.06299911268855368,0.28324468085106386
SROIE/image/X51006438346.jpg,Fixed,336,336,11,144,2283.0,33461.0,28224,7520,0.06822868413974478,0.3035904255319149
SROIE/image/X51006555819.jpg,DRIP,336,336,69,144,16169.0,64623.0,28224,52568,0.25020503535892796,0.3075825597321564
SROIE/image/X51006555819.jpg,Fixed,336,336,69,144,14245.0,66547.0,28224,52568,0.21405923632921092,0.27098234667478316
SROIE/image/X51006555835.jpg,DRIP,336,336,85,144,16195.0,68221.0,28224,56192,0.2373902464050659,0.28820828587699315
SROIE/image/X51006555835.jpg,Fixed,336,336,85,144,15322.0,69094.0,28224,56192,0.22175586881639506,0.27267226651480636
SROIE/image/X51006556808.jpg,DRIP,336,336,102,144,14884.0,70808.0,28224,57468,0.21020223703536323,0.2589963109904643
SROIE/image/X51006556808.jpg,Fixed,336,336,102,144,14965.0,70727.0,28224,57468,0.21158821949184894,0.2604057910489316
SROIE/image/X51006556809.jpg,DRIP,336,336,86,145,16873.0,68309.0,28420,56762,0.24700991084630136,0.29725872943166204
SROIE/image/X51006556809.jpg,Fixed,336,336,86,144,15696.0,69290.0,28224,56762,0.2265261942560254,0.2765230259680772
SROIE/image/X51006557115.jpg,DRIP,336,336,80,145,17715.0,68032.0,28420,57327,0.26039216839134527,0.3090166937045371
SROIE/image/X51006557115.jpg,Fixed,336,336,80,144,16111.0,69440.0,28224,57327,0.23201324884792626,0.2810368587227659
SROIE/image/X51006557209.jpg,DRIP,336,336,70,145,16227.0,62816.0,28420,50623,0.2583259042282221,0.320545996878889
SROIE/image/X51006557209.jpg,Fixed,336,336,70,144,12773.0,66074.0,28224,50623,0.19331355752640977,0.25231614088457816
SROIE/image/X51006619338.jpg,DRIP,336,336,48,144,14006.0,58241.0,28224,44023,0.24048350818152162,0.3181518751561684
SROIE/image/X51006619338.jpg,Fixed,336,336,48,144,11585.0,60662.0,28224,44023,0.19097622894068775,0.2631578947368421
SROIE/image/X51006619570.jpg,DRIP,336,336,52,145,14634.0,59800.0,28420,46014,0.24471571906354514,0.3180336419350632
SROIE/image/X51006619570.jpg,Fixed,336,336,52,144,11420.0,62818.0,28224,46014,0.18179502690311694,0.2481853348980745
SROIE/image/X51006619784.jpg,DRIP,336,336,62,145,15702.0,64036.0,28420,51318,0.24520582172527952,0.3059745118671811
SROIE/image/X51006619784.jpg,Fixed,336,336,62,144,12496.0,67046.0,28224,51318,0.18637950064135073,0.24350130558478505
SROIE/image/X51006620437.jpg,DRIP,336,336,47,145,13331.0,55964.0,28420,40875,0.2382067043099135,0.3261406727828746
SROIE/image/X51006620437.jpg,Fixed,336,336,47,144,10696.0,58403.0,28224,40875,0.18314127698919577,0.26167584097859325
SROIE/image/X51006912976.jpg,DRIP,336,336,17,145,4884.0,39500.0,28420,15964,0.12364556962025317,0.30593836131295415
SROIE/image/X51006912976.jpg,Fixed,336,336,17,144,4291.0,39897.0,28224,15964,0.10755194626162368,0.26879228263593086
SROIE/image/X51006913061.jpg,DRIP,336,336,3,145,2709.0,28906.0,28420,3195,0.09371756728706843,0.847887323943662
SROIE/image/X51006913061.jpg,Fixed,336,336,3,144,588.0,30831.0,28224,3195,0.01907171353507833,0.18403755868544602
SROIE/image/X51007103668.jpg,DRIP,336,336,53,144,16564.0,61401.0,28224,49741,0.2697675933616716,0.33300496572244226
SROIE/image/X51007103668.jpg,Fixed,336,336,53,144,12464.0,65501.0,28224,49741,0.19028717118822613,0.25057799400896646
SROIE/image/X51007339119.jpg,DRIP,336,336,45,145,13994.0,48186.0,28420,33760,0.29041630349064046,0.4145142180094787
SROIE/image/X51007339119.jpg,Fixed,336,336,45,144,8299.0,53685.0,28224,33760,0.15458694234888704,0.24582345971563982
SROIE/image/X51007579719.jpg,DRIP,336,336,59,144,12347.0,53121.0,28224,37244,0.23243161838067808,0.3315164858769198
SROIE/image/X51007579719.jpg,Fixed,336,336,59,144,10530.0,54938.0,28224,37244,0.19167061050638903,0.28273010417785416
SROIE/image/X51007846303.jpg,DRIP,336,336,2,145,851.0,28844.0,28420,1275,0.02950353626404105,0.6674509803921569
SROIE/image/X51007846303.jpg,Fixed,336,336,2,144,258.0,29241.0,28224,1275,0.008823227659792756,0.2023529411764706
SROIE/image/X51007846360.jpg,DRIP,336,336,13,145,1351.0,33215.0,28420,6146,0.04067439409905163,0.21981776765375854
SROIE/image/X51007846360.jpg,Fixed,336,336,13,144,1040.0,33330.0,28224,6146,0.031203120312031204,0.16921575008135373
SROIE/image/X51007846372.jpg,DRIP,336,336,2,145,1187.0,28700.0,28420,1467,0.041358885017421604,0.809134287661895
SROIE/image/X51007846372.jpg,Fixed,336,336,2,144,385.0,29306.0,28224,1467,0.013137241520507745,0.26244035446489433
SROIE/image/X51007846397.jpg,DRIP,336,336,1,145,3427.0,29680.0,28420,4687,0.11546495956873315,0.7311713249413271
SROIE/image/X51007846397.jpg,Fixed,336,336,1,144,1204.0,31707.0,28224,4687,0.03797268741918188,0.25688073394495414
SROIE/image/X51008042781.jpg,DRIP,336,336,56,144,14351.0,56084.0,28224,42211,0.2558840310962128,0.33998246902466184
SROIE/image/X51008042781.jpg,Fixed,336,336,56,144,10726.0,59709.0,28224,42211,0.1796379105327505,0.25410438037478383
SROIE/image/X51008042786.jpg,DRIP,336,336,67,144,14475.0,58296.0,28224,44547,0.24830177027583367,0.3249377062428446
SROIE/image/X51008042786.jpg,Fixed,336,336,67,144,10861.0,61910.0,28224,44547,0.1754320788240995,0.24380990863582283
STVQA/IIIT_text/img_001247.jpg,DRIP,336,336,1,144,1828.0,28444.0,28224,2048,0.06426662916608072,0.892578125
STVQA/IIIT_text/img_001247.jpg,Fixed,336,336,1,144,448.0,29824.0,28224,2048,0.015021459227467811,0.21875
STVQA/VisualGenome/1/2318701.jpg,DRIP,336,336,3,144,3108.0,42169.0,28224,17053,0.07370343143067182,0.18225532164428546
STVQA/VisualGenome/1/2318701.jpg,Fixed,336,336,3,144,4074.0,41203.0,28224,17053,0.09887629541538237,0.23890224593913095
STVQA/VisualGenome/1/2325179.jpg,DRIP,336,336,0,144,,,28224,0,,
STVQA/VisualGenome/1/2325179.jpg,Fixed,336,336,0,144,,,28224,0,,
STVQA/VisualGenome/1/2328739.jpg,DRIP,336,336,13,145,10615.0,44609.0,28420,26804,0.2379564661839539,0.39602298164453065
STVQA/VisualGenome/1/2328739.jpg,Fixed,336,336,13,144,6072.0,48956.0,28224,26804,0.12402974099191111,0.22653335323086107
STVQA/VisualGenome/1/2340213.jpg,DRIP,336,336,1,144,637.0,28224.0,28224,637,0.022569444444444444,1.0
STVQA/VisualGenome/1/2340213.jpg,Fixed,336,336,1,144,169.0,28692.0,28224,637,0.00589014359403318,0.2653061224489796
STVQA/VisualGenome/1/2348331.jpg,DRIP,336,336,1,145,1026.0,28429.0,28420,1035,0.03608990819233881,0.991304347826087
STVQA/VisualGenome/1/2348331.jpg,Fixed,336,336,1,144,322.0,28937.0,28224,1035,0.011127622075543422,0.3111111111111111
STVQA/VisualGenome/1/2349482.jpg,DRIP,336,336,0,145,,,28420,0,,
STVQA/VisualGenome/1/2349482.jpg,Fixed,336,336,0,144,,,28224,0,,
STVQA/VisualGenome/1/2351171.jpg,DRIP,336,336,1,145,1468.0,28782.0,28420,1830,0.051004099784587587,0.8021857923497268
STVQA/VisualGenome/1/2351171.jpg,Fixed,336,336,1,144,495.0,29559.0,28224,1830,0.016746168679589973,0.27049180327868855
STVQA/VisualGenome/1/2361412.jpg,DRIP,336,336,1,145,809.0,28572.0,28420,961,0.028314433711325773,0.841831425598335
STVQA/VisualGenome/1/2361412.jpg,Fixed,336,336,1,144,372.0,28813.0,28224,961,0.012910838857460175,0.3870967741935484
STVQA/VisualGenome/1/2373097.jpg,DRIP,336,336,1,144,1576.0,28434.0,28224,1786,0.055426601955405504,0.8824188129899216
STVQA/VisualGenome/1/2373097.jpg,Fixed,336,336,1,144,456.0,29554.0,28224,1786,0.01542938350138729,0.2553191489361702
STVQA/VisualGenome/1/2373508.jpg,DRIP,336,336,1,145,630.0,28645.0,28420,855,0.021993367079769593,0.7368421052631579
STVQA/VisualGenome/1/2373508.jpg,Fixed,336,336,1,144,238.0,28841.0,28224,855,0.00825214104920079,0.2783625730994152
STVQA/VisualGenome/1/2373838.jpg,DRIP,336,336,1,145,526.0,28502.0,28420,608,0.01845484527401586,0.8651315789473685
STVQA/VisualGenome/1/2373838.jpg,Fixed,336,336,1,144,266.0,28566.0,28224,608,0.00931176923615487,0.4375
STVQA/VisualGenome/2/2401225.jpg,DRIP,336,336,1,145,855.0,28420.0,28420,855,0.0300844475721323,1.0
STVQA/VisualGenome/2/2401225.jpg,Fixed,336,336,1,144,57.0,29022.0,28224,855,0.00196402728964234,0.06666666666666667
STVQA/VisualGenome/2/2401851.jpg,DRIP,336,336,2,144,596.0,28518.0,28224,890,0.020899081281997335,0.6696629213483146
STVQA/VisualGenome/2/2401851.jpg,Fixed,336,336,2,144,302.0,28812.0,28224,890,0.010481743717895321,0.3393258426966292
STVQA/VisualGenome/2/2404847.jpg,DRIP,336,336,5,145,3392.0,29295.0,28420,4267,0.11578767707799965,0.7949378954769158
STVQA/VisualGenome/2/2404847.jpg,Fixed,336,336,5,144,1022.0,31469.0,28224,4267,0.0324764053512981,0.23951253808296227
STVQA/VisualGenome/2/2412661.jpg,DRIP,336,336,1,144,646.0,28224.0,28224,646,0.022888321995464853,1.0
STVQA/VisualGenome/2/2412661.jpg,Fixed,336,336,1,144,114.0,28756.0,28224,646,0.003964390040339407,0.17647058823529413
STVQA/VisualGenome/2/2413451.jpg,DRIP,336,336,13,144,6065.0,34287.0,28224,12128,0.17688919998833377,0.5000824538258575
STVQA/VisualGenome/2/2413451.jpg,Fixed,336,336,13,144,2573.0,37779.0,28224,12128,0.06810662007993859,0.2121536939313984
STVQA/VisualGenome/2/2414069.jpg,DRIP,336,336,0,144,,,28224,0,,
STVQA/VisualGenome/2/2414069.jpg,Fixed,336,336,0,144,,,28224,0,,
STVQA/VisualGenome/2/2414219.jpg,DRIP,336,336,2,144,3976.0,31743.0,28224,7495,0.1252559619443657,0.5304869913275517
STVQA/VisualGenome/2/2414219.jpg,Fixed,336,336,2,144,2262.0,33457.0,28224,7495,0.06760916997937651,0.3018012008005337
STVQA/VisualGenome/2/767.jpg,DRIP,336,336,0,145,,,28420,0,,
STVQA/VisualGenome/2/767.jpg,Fixed,336,336,0,144,,,28224,0,,
STVQA/coco-text/COCO_train2014_000000003493.jpg,DRIP,336,336,8,145,5792.0,30362.0,28420,7734,0.1907647717541664,0.7489009568140678
STVQA/coco-text/COCO_train2014_000000003493.jpg,Fixed,336,336,8,144,2420.0,33538.0,28224,7734,0.07215695628838929,0.312904059994828
STVQA/coco-text/COCO_train2014_000000016449.jpg,DRIP,336,336,3,144,3075.0,29226.0,28224,4077,0.10521453500307945,0.7542310522442973
STVQA/coco-text/COCO_train2014_000000016449.jpg,Fixed,336,336,3,144,1218.0,31083.0,28224,4077,0.03918540681401409,0.29874908020603386
STVQA/coco-text/COCO_train2014_000000020524.jpg,DRIP,336,336,1,145,1343.0,29464.0,28420,2387,0.04558104805864784,0.5626309174696271
STVQA/coco-text/COCO_train2014_000000020524.jpg,Fixed,336,336,1,144,434.0,30177.0,28224,2387,0.014381813964277429,0.18181818181818182
STVQA/coco-text/COCO_train2014_000000050470.jpg,DRIP,336,336,8,145,6632.0,34183.0,28420,12395,0.194014568645233,0.5350544574425171
STVQA/coco-text/COCO_train2014_000000050470.jpg,Fixed,336,336,8,144,3053.0,37566.0,28224,12395,0.08127029760954055,0.2463089955627269
STVQA/coco-text/COCO_train2014_000000069339.jpg,DRIP,336,336,2,145,752.0,29630.0,28420,1962,0.025379682753965575,0.38328236493374107
STVQA/coco-text/COCO_train2014_000000069339.jpg,Fixed,336,336,2,144,574.0,29612.0,28224,1962,0.01938403349993246,0.29255861365953106
STVQA/coco-text/COCO_train2014_000000092331.jpg,DRIP,336,336,2,144,284.0,28577.0,28224,637,0.009938062077894811,0.44583987441130296
STVQA/coco-text/COCO_train2014_000000092331.jpg,Fixed,336,336,2,144,56.0,28805.0,28224,637,0.0019441069258809235,0.08791208791208792
STVQA/coco-text/COCO_train2014_000000116735.jpg,DRIP,336,336,1,144,1441.0,28232.0,28224,1449,0.05104137149334089,0.9944789510006902
STVQA/coco-text/COCO_train2014_000000116735.jpg,Fixed,336,336,1,144,329.0,29344.0,28224,1449,0.011211832061068702,0.22705314009661837
STVQA/coco-text/COCO_train2014_000000119882.jpg,DRIP,336,336,0,145,,,28420,0,,
STVQA/coco-text/COCO_train2014_000000119882.jpg,Fixed,336,336,0,144,,,28224,0,,
STVQA/coco-text/COCO_train2014_000000159070.jpg,DRIP,336,336,15,145,16590.0,45391.0,28420,33561,0.3654909563569871,0.49432376866005184
STVQA/coco-text/COCO_train2014_000000159070.jpg,Fixed,336,336,15,144,8097.0,53688.0,28224,33561,0.1508158247653107,0.24126217931527666
STVQA/coco-text/COCO_train2014_000000278565.jpg,DRIP,336,336,1,145,1448.0,28568.0,28420,1596,0.05068608232987958,0.9072681704260651
STVQA/coco-text/COCO_train2014_000000278565.jpg,Fixed,336,336,1,144,294.0,29526.0,28224,1596,0.00995732574679943,0.18421052631578946
STVQA/coco-text/COCO_train2014_000000326613.jpg,DRIP,336,336,4,144,14403.0,41180.0,28224,27359,0.3497571636716853,0.5264446799956138
STVQA/coco-text/COCO_train2014_000000326613.jpg,Fixed,336,336,4,144,7154.0,48429.0,28224,27359,0.14772140659522187,0.261486165430023
STVQA/coco-text/COCO_train2014_000000327020.jpg,DRIP,336,336,0,145,,,28420,0,,
STVQA/coco-text/COCO_train2014_000000327020.jpg,Fixed,336,336,0,144,,,28224,0,,
STVQA/coco-text/COCO_train2014_000000351218.jpg,DRIP,336,336,3,145,1274.0,29483.0,28420,2337,0.04321134212936269,0.5451433461703038
STVQA/coco-text/COCO_train2014_000000351218.jpg,Fixed,336,336,3,144,741.0,29820.0,28224,2337,0.024849094567404428,0.3170731707317073
STVQA/coco-text/COCO_train2014_000000382320.jpg,DRIP,336,336,2,144,960.0,28630.0,28224,1366,0.033531260915124,0.7027818448023426
STVQA/coco-text/COCO_train2014_000000382320.jpg,Fixed,336,336,2,144,250.0,29340.0,28224,1366,0.008520790729379687,0.18301610541727673
STVQA/coco-text/COCO_train2014_000000488395.jpg,DRIP,336,336,1,144,371.0,28448.0,28224,595,0.013041338582677165,0.6235294117647059
STVQA/coco-text/COCO_train2014_000000488395.jpg,Fixed,336,336,1,144,238.0,28581.0,28224,595,0.008327210384521186,0.4
STVQA/coco-text/COCO_train2014_000000578070.jpg,DRIP,336,336,3,145,3482.0,31514.0,28420,6576,0.11049057561718602,0.5295012165450121
STVQA/coco-text/COCO_train2014_000000578070.jpg,Fixed,336,336,3,144,1523.0,33277.0,28224,6576,0.04576734681611924,0.23159975669099755
STVQA/icdar/img_852.jpg,DRIP,336,336,1,144,563.0,28301.0,28224,640,0.019893289989753014,0.8796875
STVQA/icdar/img_852.jpg,Fixed,336,336,1,144,155.0,28709.0,28224,640,0.005399003796718799,0.2421875
STVQA/icdar/img_944.jpg,DRIP,336,336,6,145,4214.0,33158.0,28420,8952,0.12708848543337958,0.47073279714030386
STVQA/icdar/img_944.jpg,Fixed,336,336,6,144,1864.0,35312.0,28224,8952,0.05278658812868147,0.20822162645218945
STVQA/imageNet/n01748264_15413.JPEG,DRIP,336,336,1,145,14407.0,48701.0,28420,34688,0.29582554773002606,0.41533095018450183
STVQA/imageNet/n01748264_15413.JPEG,Fixed,336,336,1,144,8960.0,53952.0,28224,34688,0.166073546856465,0.25830258302583026
STVQA/imageNet/n02441942_21631.JPEG,DRIP,336,336,2,144,7513.0,29460.0,28224,8749,0.25502376103190766,0.8587267116241856
STVQA/imageNet/n02441942_21631.JPEG,Fixed,336,336,2,144,1736.0,35237.0,28224,8749,0.04926639611771717,0.1984226768773574
STVQA/imageNet/n03393912_7802.JPEG,DRIP,336,336,4,145,2992.0,31412.0,28420,5984,0.09525022284477269,0.5
STVQA/imageNet/n03393912_7802.JPEG,Fixed,336,336,4,144,1680.0,32528.0,28224,5984,0.051647811116576486,0.2807486631016043
STVQA/imageNet/n03770679_22242.JPEG,DRIP,336,336,4,145,1769.0,29356.0,28420,2705,0.06026025344052323,0.6539741219963031
STVQA/imageNet/n03770679_22242.JPEG,Fixed,336,336,4,144,504.0,30425.0,28224,2705,0.016565324568611338,0.18632162661737522
STVQA/imageNet/n04554684_3186.JPEG,DRIP,336,336,1,144,2031.0,28602.0,28224,2409,0.0710090203482274,0.8430884184308842
STVQA/imageNet/n04554684_3186.JPEG,Fixed,336,336,1,144,462.0,30171.0,28224,2409,0.015312717510191906,0.1917808219178082
STVQA/imageNet/n06359193_29955.JPEG,DRIP,336,336,15,145,6848.0,36680.0,28420,15108,0.1866957470010905,0.4532697908392904
STVQA/imageNet/n06359193_29955.JPEG,Fixed,336,336,15,144,3614.0,39718.0,28224,15108,0.09099149000453195,0.23921101403230077
STVQA/imageNet/n07718472_29620.JPEG,DRIP,336,336,3,145,4517.0,37289.0,28420,13386,0.12113491914505618,0.3374421036904228
STVQA/imageNet/n07718472_29620.JPEG,Fixed,336,336,3,144,3442.0,38168.0,28224,13386,0.09018025571159086,0.257134319438219
STVQA/vizwiz/VizWiz_train_000000000296.jpg,DRIP,336,336,4,144,165.0,28364.0,28224,305,0.005817233112395995,0.5409836065573771
STVQA/vizwiz/VizWiz_train_000000000296.jpg,Fixed,336,336,4,144,70.0,28459.0,28224,305,0.0024596788362205276,0.22950819672131148
STVQA/vizwiz/VizWiz_train_000000009797.jpg,DRIP,336,336,4,145,12648.0,49311.0,28420,33539,0.25649449412909897,0.3771132114851367
STVQA/vizwiz/VizWiz_train_000000009797.jpg,Fixed,336,336,4,144,8200.0,53563.0,28224,33539,0.15309075294513003,0.24449148752198932
STVQA/vizwiz/VizWiz_train_000000011978.jpg,DRIP,336,336,5,145,17695.0,75712.0,28420,64987,0.2337146027049873,0.2722852262760244
STVQA/vizwiz/VizWiz_train_000000011978.jpg,Fixed,336,336,5,144,17254.0,75957.0,28224,64987,0.22715483760548733,0.2654992536968932
STVQA/vizwiz/VizWiz_train_000000014642.jpg,DRIP,336,336,6,145,11070.0,57345.0,28420,39995,0.19304211352341094,0.27678459807475936
STVQA/vizwiz/VizWiz_train_000000014642.jpg,Fixed,336,336,6,144,10157.0,58062.0,28224,39995,0.1749336915710792,0.25395674459307416
WordArt/test_image/1034.png,DRIP,336,336,1,144,23380.0,107324.0,28224,102480,0.21784503000260894,0.22814207650273224
WordArt/test_image/1034.png,Fixed,336,336,1,144,25620.0,105084.0,28224,102480,0.24380495603517185,0.25
WordArt/test_image/1221.png,DRIP,336,336,1,144,28084.0,112364.0,28224,112224,0.2499377024669823,0.25024950099800397
WordArt/test_image/1221.png,Fixed,336,336,1,144,28056.0,112392.0,28224,112224,0.24962630792227206,0.25
WordArt/test_image/1324.png,DRIP,336,336,1,145,28420.0,112896.0,28420,112896,0.2517361111111111,0.2517361111111111
WordArt/test_image/1324.png,Fixed,336,336,1,144,28224.0,112896.0,28224,112896,0.25,0.25
WordArt/test_image/1383.png,DRIP,336,336,1,144,27454.0,111986.0,28224,111216,0.24515564445555693,0.24685297079556898
WordArt/test_image/1383.png,Fixed,336,336,1,144,27804.0,111636.0,28224,111216,0.24905944319036868,0.25
WordArt/test_image/1448.png,DRIP,336,336,1,145,28000.0,111300.0,28420,110880,0.25157232704402516,0.25252525252525254
WordArt/test_image/1448.png,Fixed,336,336,1,144,27720.0,111384.0,28224,110880,0.248868778280543,0.25
WordArt/test_image/1619.png,DRIP,336,336,1,144,20104.0,84276.0,28224,76156,0.23854952774218047,0.26398445296496664
WordArt/test_image/1619.png,Fixed,336,336,1,144,18788.0,85592.0,28224,76156,0.21950649593419946,0.24670413362046326
WordArt/test_image/1627.png,DRIP,336,336,1,145,28420.0,112896.0,28420,112896,0.2517361111111111,0.2517361111111111
WordArt/test_image/1627.png,Fixed,336,336,1,144,28224.0,112896.0,28224,112896,0.25,0.25
WordArt/test_image/1653.png,DRIP,336,336,1,144,28224.0,112896.0,28224,112896,0.25,0.25
WordArt/test_image/1653.png,Fixed,336,336,1,144,28224.0,112896.0,28224,112896,0.25,0.25
WordArt/test_image/1691.png,DRIP,336,336,1,145,27412.0,110880.0,28420,109872,0.24722222222222223,0.24949031600407748
WordArt/test_image/1691.png,Fixed,336,336,1,144,27468.0,110628.0,28224,109872,0.24829157175398633,0.25
WordArt/test_image/1703.png,DRIP,336,336,1,144,26992.0,110432.0,28224,109200,0.24442190669371197,0.24717948717948718
WordArt/test_image/1703.png,Fixed,336,336,1,144,27300.0,110124.0,28224,109200,0.2479023646071701,0.25
WordArt/test_image/1746.png,DRIP,336,336,1,144,28224.0,112896.0,28224,112896,0.25,0.25
WordArt/test_image/1746.png,Fixed,336,336,1,144,28224.0,112896.0,28224,112896,0.25,0.25
WordArt/test_image/1760.png,DRIP,336,336,1,144,28224.0,112896.0,28224,112896,0.25,0.25
WordArt/test_image/1760.png,Fixed,336,336,1,144,28224.0,112896.0,28224,112896,0.25,0.25
WordArt/test_image/1765.png,DRIP,336,336,1,144,24220.0,105812.0,28224,101808,0.22889653347446415,0.2378987898789879
WordArt/test_image/1765.png,Fixed,336,336,1,144,25452.0,104580.0,28224,101808,0.2433734939759036,0.25
WordArt/test_image/1775.png,DRIP,336,336,1,144,18410.0,80551.0,28224,70737,0.2285508559794416,0.2602598357295333
WordArt/test_image/1775.png,Fixed,336,336,1,144,18396.0,80565.0,28224,70737,0.22833736734313909,0.26006191950464397
WordArt/test_image/1791.png,DRIP,336,336,1,145,28420.0,112896.0,28420,112896,0.2517361111111111,0.2517361111111111
WordArt/test_image/1791.png,Fixed,336,336,1,144,28224.0,112896.0,28224,112896,0.25,0.25
WordArt/test_image/1815.png,DRIP,336,336,1,145,27342.0,111622.0,28420,110544,0.24495171202809482,0.2473404255319149
WordArt/test_image/1815.png,Fixed,336,336,1,144,27636.0,111132.0,28224,110544,0.24867724867724866,0.25
WordArt/test_image/1974.png,DRIP,336,336,1,144,25214.0,106834.0,28224,103824,0.236011007731621,0.24285329018338728
WordArt/test_image/1974.png,Fixed,336,336,1,144,25956.0,106092.0,28224,103824,0.24465558194774348,0.25
WordArt/test_image/1975.png,DRIP,336,336,1,145,28420.0,112896.0,28420,112896,0.2517361111111111,0.2517361111111111
WordArt/test_image/1975.png,Fixed,336,336,1,144,28224.0,112896.0,28224,112896,0.25,0.25
WordArt/test_image/2050.png,DRIP,336,336,1,144,19908.0,82236.0,28224,73920,0.24208375893769152,0.26931818181818185
WordArt/test_image/2050.png,Fixed,336,336,1,144,18480.0,83664.0,28224,73920,0.22088353413654618,0.25
WordArt/test_image/2064.png,DRIP,336,336,0,145,,,28420,0,,
WordArt/test_image/2064.png,Fixed,336,336,0,144,,,28224,0,,
WordArt/test_image/2110.png,DRIP,336,336,1,145,27860.0,107072.0,28420,106512,0.2601987447698745,0.26156677181913773
WordArt/test_image/2110.png,Fixed,336,336,1,144,26628.0,108108.0,28224,106512,0.2463092463092463,0.25
WordArt/test_image/251.png,DRIP,336,336,1,144,28154.0,112630.0,28224,112560,0.2499689247980112,0.25012437810945276
WordArt/test_image/251.png,Fixed,336,336,1,144,28140.0,112644.0,28224,112560,0.24981357196122297,0.25
WordArt/test_image/255.png,DRIP,336,336,1,145,26054.0,106190.0,28420,103824,0.24535266974291364,0.25094390507011866
WordArt/test_image/255.png,Fixed,336,336,1,144,25956.0,106092.0,28224,103824,0.24465558194774348,0.25
WordArt/test_image/299.png,DRIP,336,336,1,145,14672.0,78596.0,28420,64848,0.18667616672604204,0.22625215889464595
WordArt/test_image/299.png,Fixed,336,336,1,144,16688.0,76384.0,28224,64848,0.218475073313783,0.25734024179620035
WordArt/test_image/310.png,DRIP,336,336,1,144,24472.0,101864.0,28224,98112,0.24024189114898295,0.24942922374429224
WordArt/test_image/310.png,Fixed,336,336,1,144,24528.0,101808.0,28224,98112,0.24092409240924093,0.25
WordArt/test_image/341.png,DRIP,336,336,1,145,15218.0,56546.0,28420,43344,0.2691260212923991,0.3510981912144703
WordArt/test_image/341.png,Fixed,336,336,1,144,10920.0,60648.0,28224,43344,0.18005540166204986,0.25193798449612403
WordArt/test_image/377.png,DRIP,336,336,1,145,26787.0,104574.0,28420,102941,0.25615353720810147,0.2602170175148872
WordArt/test_image/377.png,Fixed,336,336,1,144,25849.0,105316.0,28224,102941,0.24544228797143833,0.25110500189428897
WordArt/test_image/380.png,DRIP,336,336,1,144,24192.0,93408.0,28224,89376,0.2589928057553957,0.2706766917293233
WordArt/test_image/380.png,Fixed,336,336,1,144,22344.0,95256.0,28224,89376,0.2345679012345679,0.25
WordArt/test_image/384.png,DRIP,336,336,1,145,21392.0,89531.0,28420,82503,0.23893400051378852,0.259287541059113
WordArt/test_image/384.png,Fixed,336,336,1,144,20538.0,90189.0,28224,82503,0.22772178425306855,0.2489364023126432
WordArt/test_image/421.png,DRIP,336,336,1,145,28420.0,112896.0,28420,112896,0.2517361111111111,0.2517361111111111
WordArt/test_image/421.png,Fixed,336,336,1,144,28224.0,112896.0,28224,112896,0.25,0.25
WordArt/test_image/49.png,DRIP,336,336,1,145,24696.0,102508.0,28420,98784,0.24091778202676864,0.25
WordArt/test_image/49.png,Fixed,336,336,1,144,24696.0,102312.0,28224,98784,0.2413793103448276,0.25
WordArt/test_image/503.png,DRIP,336,336,2,145,26614.0,106526.0,28420,104720,0.24983572085688002,0.254144385026738
WordArt/test_image/503.png,Fixed,336,336,2,144,26250.0,106694.0,28224,104720,0.24603070463193807,0.25066844919786097
WordArt/test_image/593.png,DRIP,336,336,1,144,24402.0,104958.0,28224,101136,0.23249299719887956,0.24127906976744187
WordArt/test_image/593.png,Fixed,336,336,1,144,25284.0,104076.0,28224,101136,0.24293785310734464,0.25
WordArt/test_image/617.png,DRIP,336,336,1,144,22316.0,106372.0,28224,100464,0.2097920505396157,0.2221293199554069
WordArt/test_image/617.png,Fixed,336,336,1,144,24864.0,103824.0,28224,100464,0.23948220064724918,0.24749163879598662
WordArt/test_image/631.png,DRIP,336,336,1,145,14359.0,65590.0,28420,51529,0.218920567159628,0.2786586194181917
WordArt/test_image/631.png,Fixed,336,336,1,144,13048.0,66705.0,28224,51529,0.19560752567273818,0.2532166352927478
WordArt/test_image/682.png,DRIP,336,336,1,145,26404.0,104832.0,28420,102816,0.2518696581196581,0.2568082788671024
WordArt/test_image/682.png,Fixed,336,336,1,144,25704.0,105336.0,28224,102816,0.24401913875598086,0.25
WordArt/test_image/702.png,DRIP,336,336,1,145,28420.0,112896.0,28420,112896,0.2517361111111111,0.2517361111111111
WordArt/test_image/702.png,Fixed,336,336,1,144,28224.0,112896.0,28224,112896,0.25,0.25
WordArt/test_image/731.png,DRIP,336,336,1,145,27706.0,110586.0,28420,109872,0.2505380427902266,0.25216615698267075
WordArt/test_image/731.png,Fixed,336,336,1,144,27468.0,110628.0,28224,109872,0.24829157175398633,0.25
WordArt/test_image/754.png,DRIP,336,336,1,144,18312.0,101428.0,28224,91516,0.1805418622076744,0.20009615804886577
WordArt/test_image/754.png,Fixed,336,336,1,144,22988.0,96752.0,28224,91516,0.23759715561435424,0.25119104855981467
WordArt/test_image/755.png,DRIP,336,336,1,144,18540.0,99324.0,28224,89640,0.1866618339978253,0.20682730923694778
WordArt/test_image/755.png,Fixed,336,336,1,144,22632.0,95232.0,28224,89640,0.23765120967741934,0.2524765729585007
WordArt/test_image/758.png,DRIP,336,336,0,145,,,28420,0,,
WordArt/test_image/758.png,Fixed,336,336,0,144,,,28224,0,,
WordArt/test_image/774.png,DRIP,336,336,1,145,28420.0,112896.0,28420,112896,0.2517361111111111,0.2517361111111111
WordArt/test_image/774.png,Fixed,336,336,1,144,28224.0,112896.0,28224,112896,0.25,0.25
WordArt/test_image/785.png,DRIP,336,336,1,144,13076.0,68236.0,28224,53088,0.191629052113254,0.24630801687763712
WordArt/test_image/785.png,Fixed,336,336,1,144,13272.0,68040.0,28224,53088,0.19506172839506172,0.25
WordArt/test_image/811.png,DRIP,336,336,1,144,24738.0,105294.0,28224,101808,0.23494216194654965,0.242986798679868
WordArt/test_image/811.png,Fixed,336,336,1,144,25452.0,104580.0,28224,101808,0.2433734939759036,0.25
WordArt/test_image/813.png,DRIP,336,336,1,144,24990.0,94962.0,28224,91728,0.2631578947368421,0.2724358974358974
WordArt/test_image/813.png,Fixed,336,336,1,144,22932.0,97020.0,28224,91728,0.23636363636363636,0.25
WordArt/test_image/843.png,DRIP,336,336,1,144,23674.0,103670.0,28224,99120,0.22835921674544227,0.23884180790960452
WordArt/test_image/843.png,Fixed,336,336,1,144,24780.0,102564.0,28224,99120,0.2416052416052416,0.25
WordArt/test_image/902.png,DRIP,336,336,1,144,23212.0,95292.0,28224,90280,0.2435881291189187,0.257111209570226
WordArt/test_image/902.png,Fixed,336,336,1,144,22557.0,95947.0,28224,90280,0.23509854398782662,0.24985600354452814
WordArt/test_image/946.png,DRIP,336,336,1,145,27706.0,109242.0,28420,108528,0.25362040240932976,0.2552889576883385
WordArt/test_image/946.png,Fixed,336,336,1,144,27132.0,109620.0,28224,108528,0.2475095785440613,0.25
WordArt/test_image/984.png,DRIP,336,336,1,144,25578.0,108486.0,28224,105840,0.23577235772357724,0.24166666666666667
WordArt/test_image/984.png,Fixed,336,336,1,144,26460.0,107604.0,28224,105840,0.2459016393442623,0.25
WordArt/test_image/995.png,DRIP,336,336,1,144,28224.0,112896.0,28224,112896,0.25,0.25
WordArt/test_image/995.png,Fixed,336,336,1,144,28224.0,112896.0,28224,112896,0.25,0.25
cocotext/imgs/1009550.jpg,DRIP,336,336,1,144,17164.0,90260.0,28224,79200,0.19016175493020163,0.21671717171717172
cocotext/imgs/1009550.jpg,Fixed,336,336,1,144,20148.0,87276.0,28224,79200,0.2308538429808882,0.2543939393939394
cocotext/imgs/1037270.jpg,DRIP,336,336,1,144,11271.0,75292.0,28224,58339,0.1496971789831589,0.19319837501499854
cocotext/imgs/1037270.jpg,Fixed,336,336,1,144,14422.0,72141.0,28224,58339,0.19991405719355151,0.2472102710022455
cocotext/imgs/1058891.jpg,DRIP,336,336,1,145,26334.0,95641.0,28420,93555,0.2753421649710898,0.2814814814814815
cocotext/imgs/1058891.jpg,Fixed,336,336,1,144,22974.0,98805.0,28224,93555,0.23251859723698193,0.24556677890011222
cocotext/imgs/1082499.jpg,DRIP,336,336,1,145,22694.0,97531.0,28420,91805,0.23268499246393454,0.2471978650400305
cocotext/imgs/1082499.jpg,Fixed,336,336,1,144,23267.0,96762.0,28224,91805,0.24045596411814554,0.253439355154948
cocotext/imgs/1162539.jpg,DRIP,336,336,0,144,,,28224,0,,
cocotext/imgs/1162539.jpg,Fixed,336,336,0,144,,,28224,0,,
cocotext/imgs/1210236.jpg,DRIP,336,336,1,144,8974.0,44450.0,28224,25200,0.20188976377952755,0.3561111111111111
cocotext/imgs/1210236.jpg,Fixed,336,336,1,144,6300.0,47124.0,28224,25200,0.13368983957219252,0.25
cocotext/imgs/1238399.jpg,DRIP,336,336,0,144,,,28224,0,,
cocotext/imgs/1238399.jpg,Fixed,336,336,0,144,,,28224,0,,
cocotext/imgs/1240078.jpg,DRIP,336,336,0,144,,,28224,0,,
cocotext/imgs/1240078.jpg,Fixed,336,336,0,144,,,28224,0,,
ct80/timage/026.jpg,DRIP,336,336,1,144,19712.0,86464.0,28224,77952,0.22797927461139897,0.25287356321839083
ct80/timage/026.jpg,Fixed,336,336,1,144,19488.0,86688.0,28224,77952,0.2248062015503876,0.25
ct80/timage/045.jpg,DRIP,336,336,1,145,18648.0,80463.0,28420,70691,0.23175869654375303,0.26379595705252434
ct80/timage/045.jpg,Fixed,336,336,1,144,18417.0,80498.0,28224,70691,0.22878829287684166,0.26052821434128814
ct80/timage/060.jpg,DRIP,336,336,1,144,19362.0,80637.0,28224,71775,0.2401130994456639,0.2697596656217346
ct80/timage/060.jpg,Fixed,336,336,1,144,18615.0,81384.0,28224,71775,0.22873046299026836,0.2593521421107628
ct80/timage/139.jpg,DRIP,336,336,1,145,18942.0,87766.0,28420,78288,0.21582389535811133,0.24195278969957082
ct80/timage/139.jpg,Fixed,336,336,1,144,19572.0,86940.0,28224,78288,0.2251207729468599,0.25
ct80/timage/181.jpg,DRIP,336,336,1,145,17584.0,72996.0,28420,62160,0.24088991177598773,0.2828828828828829
ct80/timage/181.jpg,Fixed,336,336,1,144,15540.0,74844.0,28224,62160,0.20763187429854096,0.25
ct80/timage/239.jpg,DRIP,336,336,1,144,26796.0,109284.0,28224,107856,0.24519600307455802,0.2484423676012461
ct80/timage/239.jpg,Fixed,336,336,1,144,26964.0,109116.0,28224,107856,0.2471131639722864,0.25
ct80/timage/258.jpg,DRIP,336,336,0,144,,,28224,0,,
ct80/timage/258.jpg,Fixed,336,336,0,144,,,28224,0,,
ct80/timage/268.jpg,DRIP,336,336,1,145,21948.0,95984.0,28420,89512,0.22866311051841973,0.24519617481455
ct80/timage/268.jpg,Fixed,336,336,1,144,22512.0,95224.0,28224,89512,0.23641098882634629,0.25149700598802394
ct80/timage/283.jpg,DRIP,336,336,1,144,24220.0,96404.0,28224,92400,0.2512343886145803,0.26212121212121214
ct80/timage/283.jpg,Fixed,336,336,1,144,22960.0,97664.0,28224,92400,0.23509174311926606,0.24848484848484848
ctw/imgs/000000055.jpg,DRIP,336,336,1,144,8400.0,55440.0,28224,35616,0.15151515151515152,0.2358490566037736
ctw/imgs/000000055.jpg,Fixed,336,336,1,144,8904.0,54936.0,28224,35616,0.1620795107033639,0.25
ctw/imgs/000000068.jpg,DRIP,336,336,1,145,16828.0,56280.0,28420,44688,0.2990049751243781,0.37656641604010027
ctw/imgs/000000068.jpg,Fixed,336,336,1,144,11172.0,61740.0,28224,44688,0.18095238095238095,0.25
ctw/imgs/000000204.jpg,DRIP,336,336,1,144,9142.0,81578.0,28224,62496,0.11206452720096104,0.14628136200716846
ctw/imgs/000000204.jpg,Fixed,336,336,1,144,15624.0,75096.0,28224,62496,0.2080536912751678,0.25
ctw/imgs/000000462.jpg,DRIP,336,336,1,145,12124.0,73612.0,28420,57316,0.16470140737923164,0.21152906692721055
ctw/imgs/000000462.jpg,Fixed,336,336,1,144,14952.0,70588.0,28224,57316,0.21182070606902023,0.2608695652173913
ctw/imgs/000000577.jpg,DRIP,336,336,1,145,22540.0,106680.0,28420,100800,0.21128608923884515,0.22361111111111112
ctw/imgs/000000577.jpg,Fixed,336,336,1,144,25200.0,103824.0,28224,100800,0.24271844660194175,0.25
ctw/imgs/000000717.jpg,DRIP,336,336,1,145,24402.0,103810.0,28420,99792,0.23506405933917734,0.24452861952861954
ctw/imgs/000000717.jpg,Fixed,336,336,1,144,24948.0,103068.0,28224,99792,0.24205378973105135,0.25
ctw/imgs/000000753.jpg,DRIP,336,336,1,145,15596.0,70049.0,28420,57225,0.22264414909563307,0.2725382262996942
ctw/imgs/000000753.jpg,Fixed,336,336,1,144,14196.0,71253.0,28224,57225,0.19923371647509577,0.24807339449541285
ctw/imgs/000001233.jpg,DRIP,336,336,1,144,16576.0,81263.0,28224,69615,0.2039796709449565,0.23810960281548516
ctw/imgs/000001233.jpg,Fixed,336,336,1,144,17955.0,79884.0,28224,69615,0.22476340694006308,0.2579185520361991
docVQA/val/documents/fggn0226_77.png,DRIP,336,336,8,145,5979.0,38219.0,28420,15778,0.15644051388053062,0.3789453669666624
docVQA/val/documents/fggn0226_77.png,Fixed,336,336,8,144,3830.0,40172.0,28224,15778,0.09534003783729961,0.242743059956902
docVQA/val/documents/fkxn0226_14.png,DRIP,336,336,64,144,6387.0,47057.0,28224,25220,0.1357290094991181,0.25325138778747025
docVQA/val/documents/fkxn0226_14.png,Fixed,336,336,64,144,6761.0,46683.0,28224,25220,0.14482788166998695,0.26808088818398096
docVQA/val/documents/flpp0227_16.png,DRIP,336,336,32,144,11566.0,52464.0,28224,35806,0.22045593168648978,0.32301848852147685
docVQA/val/documents/flpp0227_16.png,Fixed,336,336,32,144,9106.0,54924.0,28224,35806,0.1657927317748161,0.2543149192872703
docVQA/val/documents/flxn0020_1.png,DRIP,336,336,78,145,11352.0,58169.0,28420,41101,0.19515549519503517,0.27619765942434493
docVQA/val/documents/flxn0020_1.png,Fixed,336,336,78,144,10611.0,58714.0,28224,41101,0.18072350717035118,0.2581689009999757
docVQA/val/documents/fqpb0228_3.png,DRIP,336,336,10,144,4973.0,30205.0,28224,6954,0.16464161562655188,0.7151279838941617
docVQA/val/documents/fqpb0228_3.png,Fixed,336,336,10,144,1546.0,33632.0,28224,6954,0.04596812559467174,0.22231809030773655
docVQA/val/documents/ghgw0023_5.png,DRIP,336,336,9,144,4040.0,32182.0,28224,7998,0.1255360139208253,0.5051262815703926
docVQA/val/documents/ghgw0023_5.png,Fixed,336,336,9,144,1340.0,34882.0,28224,7998,0.03841522848460524,0.16754188547136784
docVQA/val/documents/gtjc0228_4.png,DRIP,336,336,5,144,1375.0,29456.0,28224,2607,0.04667979359043998,0.5274261603375527
docVQA/val/documents/gtjc0228_4.png,Fixed,336,336,5,144,748.0,30083.0,28224,2607,0.024864541435362163,0.2869198312236287
docVQA/val/documents/gzyh0227_9.png,DRIP,336,336,20,144,4794.0,46955.0,28224,23525,0.10209775316792674,0.20378320935175345
docVQA/val/documents/gzyh0227_9.png,Fixed,336,336,20,144,5603.0,46146.0,28224,23525,0.12141897455900837,0.2381721572794899
docVQA/val/documents/hjcw0217_10.png,DRIP,336,336,16,145,17200.0,72090.0,28420,60870,0.2385906505756693,0.28256941021849846
docVQA/val/documents/hjcw0217_10.png,Fixed,336,336,16,144,14823.0,74271.0,28224,60870,0.19957991679121057,0.24351897486446525
docVQA/val/documents/hjxn0226_72.png,DRIP,336,336,27,145,12896.0,58429.0,28420,42905,0.22071231751356346,0.300571029017597
docVQA/val/documents/hjxn0226_72.png,Fixed,336,336,27,144,10308.0,60821.0,28224,42905,0.16948093586096907,0.2402517189138795
docVQA/val/documents/hlkb0228_1.png,DRIP,336,336,43,144,9542.0,43135.0,28224,24453,0.22121247247015186,0.3902179691653376
docVQA/val/documents/hlkb0228_1.png,Fixed,336,336,43,144,6175.0,46502.0,28224,24453,0.13278998752741816,0.25252525252525254
docVQA/val/documents/hrfl0079_8.png,DRIP,336,336,19,144,5430.0,33179.0,28224,10385,0.16365773531450617,0.522869523350987
docVQA/val/documents/hrfl0079_8.png,Fixed,336,336,19,144,2091.0,36518.0,28224,10385,0.05725943370392683,0.2013480982185845
docVQA/val/documents/hslf0227_9.png,DRIP,336,336,22,144,4201.0,34978.0,28224,10955,0.12010406541254502,0.3834778639890461
docVQA/val/documents/hslf0227_9.png,Fixed,336,336,22,144,3309.0,35870.0,28224,10955,0.09224979091162532,0.3020538566864445
docVQA/val/documents/jkhn0226_1.png,DRIP,336,336,16,144,16166.0,63465.0,28224,51407,0.2547230757110218,0.31447079191549787
docVQA/val/documents/jkhn0226_1.png,Fixed,336,336,16,144,13931.0,65700.0,28224,51407,0.21203957382039573,0.27099422257669187
docVQA/val/documents/kpnf0227_2.png,DRIP,336,336,9,144,6905.0,33247.0,28224,11928,0.20768791169128042,0.5788900067069082
docVQA/val/documents/kpnf0227_2.png,Fixed,336,336,9,144,3068.0,37084.0,28224,11928,0.08273109696904325,0.25720992622401073
docVQA/val/documents/krcy0227_27.png,DRIP,336,336,10,144,2551.0,35191.0,28224,9518,0.07249012531613197,0.2680184912796806
docVQA/val/documents/krcy0227_27.png,Fixed,336,336,10,144,2258.0,35484.0,28224,9518,0.06363431405703979,0.23723471317503678
docVQA/val/documents/krcy0227_36.png,DRIP,336,336,15,144,3935.0,36787.0,28224,12498,0.10696713512925762,0.31485037606016963
docVQA/val/documents/krcy0227_36.png,Fixed,336,336,15,144,3186.0,37536.0,28224,12498,0.08487851662404092,0.2549207873259722
docVQA/val/documents/ktlw0227_5.png,DRIP,336,336,1,144,114.0,28319.0,28224,209,0.004025565874501218,0.5454545454545454
docVQA/val/documents/ktlw0227_5.png,Fixed,336,336,1,144,0.0,28433.0,28224,209,0.0,0.0
docVQA/val/documents/lfgl0228_2.png,DRIP,336,336,28,145,17353.0,69077.0,28420,58010,0.25121241513094084,0.2991380796414411
docVQA/val/documents/lfgl0228_2.png,Fixed,336,336,28,144,14105.0,72129.0,28224,58010,0.1955524130377518,0.24314773314945698
docVQA/val/documents/lldj0224_2.png,DRIP,336,336,31,144,10562.0,48915.0,28224,31253,0.21592558519881427,0.33795155665056154
docVQA/val/documents/lldj0224_2.png,Fixed,336,336,31,144,8133.0,51344.0,28224,31253,0.15840215020255533,0.2602310178222891
docVQA/val/documents/lybx0223_35.png,DRIP,336,336,17,145,17221.0,83159.0,28420,71960,0.20708522228502027,0.239313507504169
docVQA/val/documents/lybx0223_35.png,Fixed,336,336,17,144,17590.0,82594.0,28224,71960,0.21296946509431677,0.24444135630906058
docVQA/val/documents/mqdd0228_1.png,DRIP,336,336,47,144,11251.0,56201.0,28224,39228,0.2001921673991566,0.2868104415213623
docVQA/val/documents/mqdd0228_1.png,Fixed,336,336,47,144,9510.0,57942.0,28224,39228,0.1641296468882676,0.24242887733251758
docVQA/val/documents/mqvv0228_2.png,DRIP,336,336,17,144,4578.0,33981.0,28224,10335,0.1347223448397634,0.4429608127721335
docVQA/val/documents/mqvv0228_2.png,Fixed,336,336,17,144,2839.0,35720.0,28224,10335,0.07947928331466965,0.27469762941461057
docVQA/val/documents/myjf0004_2.png,DRIP,336,336,42,144,9507.0,50218.0,28224,31501,0.18931458839459955,0.30179994285895684
docVQA/val/documents/myjf0004_2.png,Fixed,336,336,42,144,7467.0,52258.0,28224,31501,0.14288721344100425,0.23704009396527095
docVQA/val/documents/njhx0227_5.png,DRIP,336,336,108,144,2874.0,60595.0,28224,35245,0.04742965591220398,0.08154348134487162
docVQA/val/documents/njhx0227_5.png,Fixed,336,336,108,144,8272.0,55197.0,28224,35245,0.14986321720383355,0.23469995744077174
docVQA/val/documents/qjgn0226_131.png,DRIP,336,336,1,144,285.0,28642.0,28224,703,0.009950422456532364,0.40540540540540543
docVQA/val/documents/qjgn0226_131.png,Fixed,336,336,1,144,19.0,28908.0,28224,703,0.0006572575065725751,0.02702702702702703
docVQA/val/documents/qrmg0227_1.png,DRIP,336,336,4,144,2027.0,33300.0,28224,7103,0.06087087087087087,0.2853723778685063
docVQA/val/documents/qrmg0227_1.png,Fixed,336,336,4,144,1650.0,33677.0,28224,7103,0.048994862962852985,0.23229621286780233
docVQA/val/documents/rmbv0054_3.png,DRIP,336,336,42,145,9367.0,39452.0,28420,20399,0.23742776031633378,0.4591891759399971
docVQA/val/documents/rmbv0054_3.png,Fixed,336,336,42,144,4868.0,43755.0,28224,20399,0.11125585647354588,0.23863914897789107
docVQA/val/documents/rmdw0217_1.png,DRIP,336,336,4,145,506.0,29454.0,28420,1540,0.017179330481428667,0.32857142857142857
docVQA/val/documents/rmdw0217_1.png,Fixed,336,336,4,144,321.0,29443.0,28224,1540,0.010902421628230819,0.20844155844155843
docVQA/val/documents/rnjg0227_1.png,DRIP,336,336,30,144,7937.0,39631.0,28224,19344,0.2002725139411067,0.410308105872622
docVQA/val/documents/rnjg0227_1.png,Fixed,336,336,30,144,4860.0,42708.0,28224,19344,0.1137960101152009,0.2512406947890819
docVQA/val/documents/rpmy0000_1.png,DRIP,336,336,21,145,7580.0,43444.0,28420,22604,0.17447748826074946,0.33533887807467705
docVQA/val/documents/rpmy0000_1.png,Fixed,336,336,21,144,5266.0,45562.0,28224,22604,0.1155787717835038,0.2329676163510883
docVQA/val/documents/sgmb0228_3.png,DRIP,336,336,5,144,2358.0,32704.0,28224,6838,0.07210127201565558,0.34483767183386954
docVQA/val/documents/sgmb0228_3.png,Fixed,336,336,5,144,1649.0,33413.0,28224,6838,0.04935204860383683,0.24115238373793507
docVQA/val/documents/skdv0228_5.png,DRIP,336,336,29,144,6731.0,49183.0,28224,27690,0.13685623081145926,0.24308414590104732
docVQA/val/documents/skdv0228_5.png,Fixed,336,336,29,144,6385.0,49529.0,28224,27690,0.12891437339740355,0.23058866016612495
docVQA/val/documents/snbx0223_13.png,DRIP,336,336,17,144,7126.0,38782.0,28224,17684,0.18374503635707287,0.4029631305134585
docVQA/val/documents/snbx0223_13.png,Fixed,336,336,17,144,4546.0,41362.0,28224,17684,0.109907644698032,0.2570685365301968
docVQA/val/documents/sxvg0227_1.png,DRIP,336,336,19,144,4522.0,38061.0,28224,14359,0.11880927984025642,0.3149244376349328
docVQA/val/documents/sxvg0227_1.png,Fixed,336,336,19,144,3220.0,39363.0,28224,14359,0.08180270812692123,0.2242495995542865
docVQA/val/documents/tkgj0224_1.png,DRIP,336,336,18,145,12868.0,68076.0,28420,52524,0.18902403196427522,0.2449927652120935
docVQA/val/documents/tkgj0224_1.png,Fixed,336,336,18,144,12336.0,68412.0,28224,52524,0.18031924223820384,0.23486406214302033
docVQA/val/documents/xhfl0228_7.png,DRIP,336,336,29,145,11204.0,36879.0,28420,19663,0.303804333089292,0.5698011493668311
docVQA/val/documents/xhfl0228_7.png,Fixed,336,336,29,144,4989.0,42898.0,28224,19663,0.11629912816448319,0.25372527081320245
docVQA/val/documents/xjhk0226_1.png,DRIP,336,336,20,144,4067.0,32870.0,28224,8713,0.12372984484332218,0.4667737862963388
docVQA/val/documents/xjhk0226_1.png,Fixed,336,336,20,144,2290.0,34647.0,28224,8713,0.06609518861661905,0.2628256628027086
docVQA/val/documents/xnhw0228_30.png,DRIP,336,336,45,144,9712.0,48366.0,28224,29854,0.20080221643303148,0.3253165404970858
docVQA/val/documents/xnhw0228_30.png,Fixed,336,336,45,144,6565.0,51513.0,28224,29854,0.1274435579368315,0.21990353051517383
docVQA/val/documents/yjjl0226_1.png,DRIP,336,336,31,145,8463.0,39515.0,28420,19558,0.21417183348095659,0.43271295633500356
docVQA/val/documents/yjjl0226_1.png,Fixed,336,336,31,144,4980.0,42802.0,28224,19558,0.11634970328489323,0.25462726250127826
docVQA/val/documents/yllg0227_2.png,DRIP,336,336,0,144,,,28224,0,,
docVQA/val/documents/yllg0227_2.png,Fixed,336,336,0,144,,,28224,0,,
docVQA/val/documents/ymvw0217_1.png,DRIP,336,336,3,145,1099.0,29972.0,28420,2651,0.03666755638596023,0.4145605431912486
docVQA/val/documents/ymvw0217_1.png,Fixed,336,336,3,144,692.0,30183.0,28224,2651,0.0229268131067157,0.2610335722368917
docVQA/val/documents/yncd0227_2.png,DRIP,336,336,25,144,7796.0,45697.0,28224,25269,0.1706020088846095,0.30852032134235624
docVQA/val/documents/yncd0227_2.png,Fixed,336,336,25,144,6474.0,47019.0,28224,25269,0.1376890193326102,0.25620325299774427
docVQA/val/documents/yrpf0227_3.png,DRIP,336,336,2,144,1274.0,28823.0,28224,1873,0.04420081185164625,0.6801922050186866
docVQA/val/documents/yrpf0227_3.png,Fixed,336,336,2,144,518.0,29579.0,28224,1873,0.017512424355116806,0.2765616657768286
docVQA/val/documents/yscw0217_61.png,DRIP,336,336,11,145,4629.0,32302.0,28420,8511,0.14330382019689183,0.5438843849136412
docVQA/val/documents/yscw0217_61.png,Fixed,336,336,11,144,1779.0,34956.0,28224,8511,0.050892550635084105,0.20902361649629891
docVQA/val/documents/zrdw0217_1.png,DRIP,336,336,12,145,5167.0,31198.0,28420,7945,0.16561959099942303,0.6503461296412838
docVQA/val/documents/zrdw0217_1.png,Fixed,336,336,12,144,2228.0,33941.0,28224,7945,0.0656433222356442,0.28042794210195093
docVQA/val/documents/ztnk0226_6.png,DRIP,336,336,65,145,5235.0,45050.0,28420,21865,0.11620421753607103,0.23942373656528698
docVQA/val/documents/ztnk0226_6.png,Fixed,336,336,65,144,5259.0,44830.0,28224,21865,0.11730983716261432,0.2405213812028356
docVQA/val/documents/zylj0226_7.png,DRIP,336,336,21,144,9794.0,46873.0,28224,28443,0.20894758176348857,0.34433779840382517
docVQA/val/documents/zylj0226_7.png,Fixed,336,336,21,144,7422.0,49245.0,28224,28443,0.15071580871154433,0.2609429385085961
infographicVQA/infographicVQA_val_v1.0_images/10087.jpeg,DRIP,336,336,29,145,9459.0,40086.0,28420,21125,0.2359676695105523,0.4477633136094675
infographicVQA/infographicVQA_val_v1.0_images/10087.jpeg,Fixed,336,336,29,144,5248.0,44101.0,28224,21125,0.11899956917076711,0.24842603550295858
infographicVQA/infographicVQA_val_v1.0_images/10689.jpeg,DRIP,336,336,46,144,18717.0,65820.0,28224,56313,0.2843664539653601,0.33237440733045653
infographicVQA/infographicVQA_val_v1.0_images/10689.jpeg,Fixed,336,336,46,144,14832.0,69705.0,28224,56313,0.21278244028405424,0.26338500879015503
infographicVQA/infographicVQA_val_v1.0_images/10771.jpeg,DRIP,336,336,14,145,9646.0,41007.0,28420,22233,0.2352281317823786,0.4338595781046193
infographicVQA/infographicVQA_val_v1.0_images/10771.jpeg,Fixed,336,336,14,144,5705.0,44752.0,28224,22233,0.1274803360743654,0.25660054873386406
infographicVQA/infographicVQA_val_v1.0_images/10796.jpeg,DRIP,336,336,63,145,17671.0,59619.0,28420,48870,0.2963987990405743,0.3615919787190505
infographicVQA/infographicVQA_val_v1.0_images/10796.jpeg,Fixed,336,336,63,144,12668.0,64426.0,28224,48870,0.19662869028032162,0.2592183343564559
infographicVQA/infographicVQA_val_v1.0_images/10836.jpeg,DRIP,336,336,39,144,9564.0,41304.0,28224,22644,0.2315514235909355,0.42236354001059884
infographicVQA/infographicVQA_val_v1.0_images/10836.jpeg,Fixed,336,336,39,144,6208.0,44660.0,28224,22644,0.13900582176444246,0.2741565094506271
infographicVQA/infographicVQA_val_v1.0_images/11019.jpeg,DRIP,336,336,56,145,13030.0,53245.0,28420,37855,0.2447178138792375,0.34420816272619204
infographicVQA/infographicVQA_val_v1.0_images/11019.jpeg,Fixed,336,336,56,144,9762.0,56317.0,28224,37855,0.17334019922936236,0.2578787478536521
infographicVQA/infographicVQA_val_v1.0_images/20156.jpeg,DRIP,336,336,30,144,10561.0,52981.0,28224,35318,0.19933561087937185,0.29902599241180133
infographicVQA/infographicVQA_val_v1.0_images/20156.jpeg,Fixed,336,336,30,144,8748.0,54794.0,28224,35318,0.15965251669890865,0.2476923948128433
infographicVQA/infographicVQA_val_v1.0_images/20180.jpeg,DRIP,336,336,25,144,19218.0,71714.0,28224,62708,0.26798114733524836,0.30646807424889966
infographicVQA/infographicVQA_val_v1.0_images/20180.jpeg,Fixed,336,336,25,144,16904.0,74028.0,28224,62708,0.22834603123142594,0.26956688141863877
infographicVQA/infographicVQA_val_v1.0_images/20185.jpeg,DRIP,336,336,9,145,11921.0,49879.0,28420,33380,0.2389983760700896,0.35713001797483523
infographicVQA/infographicVQA_val_v1.0_images/20185.jpeg,Fixed,336,336,9,144,8682.0,52922.0,28224,33380,0.1640527568874948,0.26009586578789695
infographicVQA/infographicVQA_val_v1.0_images/20186.jpeg,DRIP,336,336,23,145,10594.0,37587.0,28420,19761,0.2818527682443398,0.536106472344517
infographicVQA/infographicVQA_val_v1.0_images/20186.jpeg,Fixed,336,336,23,144,5287.0,42698.0,28224,19761,0.12382312988898778,0.26754718890744394
infographicVQA/infographicVQA_val_v1.0_images/20194.jpeg,DRIP,336,336,33,145,9041.0,41280.0,28420,21901,0.21901647286821704,0.41281220035614813
infographicVQA/infographicVQA_val_v1.0_images/20194.jpeg,Fixed,336,336,33,144,5740.0,44385.0,28224,21901,0.12932296947166835,0.2620884891100863
infographicVQA/infographicVQA_val_v1.0_images/20226.jpeg,DRIP,336,336,25,144,6741.0,41756.0,28224,20273,0.16143787719130184,0.33251122182212794
infographicVQA/infographicVQA_val_v1.0_images/20226.jpeg,Fixed,336,336,25,144,4648.0,43849.0,28224,20273,0.10600013683322311,0.22927045824495634
infographicVQA/infographicVQA_val_v1.0_images/20255.jpeg,DRIP,336,336,0,144,,,28224,0,,
infographicVQA/infographicVQA_val_v1.0_images/20255.jpeg,Fixed,336,336,0,144,,,28224,0,,
infographicVQA/infographicVQA_val_v1.0_images/20359.jpeg,DRIP,336,336,16,145,12782.0,44733.0,28420,29095,0.2857398341269309,0.4393194706994329
infographicVQA/infographicVQA_val_v1.0_images/20359.jpeg,Fixed,336,336,16,144,7481.0,49838.0,28224,29095,0.15010634455636263,0.25712321704760266
infographicVQA/infographicVQA_val_v1.0_images/20369.jpeg,DRIP,336,336,6,144,1971.0,30328.0,28224,4075,0.06498944869427592,0.48368098159509204
infographicVQA/infographicVQA_val_v1.0_images/20369.jpeg,Fixed,336,336,6,144,795.0,31504.0,28224,4075,0.025234890807516504,0.1950920245398773
infographicVQA/infographicVQA_val_v1.0_images/30374.jpeg,DRIP,336,336,47,145,14580.0,65558.0,28420,51718,0.22239848683608407,0.2819134537298426
infographicVQA/infographicVQA_val_v1.0_images/30374.jpeg,Fixed,336,336,47,144,13702.0,66240.0,28224,51718,0.2068538647342995,0.264936772497003
infographicVQA/infographicVQA_val_v1.0_images/31257.jpeg,DRIP,336,336,25,144,8423.0,40006.0,28224,20205,0.2105434184872269,0.41687701064093047
infographicVQA/infographicVQA_val_v1.0_images/31257.jpeg,Fixed,336,336,25,144,4865.0,43564.0,28224,20205,0.11167477733908732,0.24078198465726305
infographicVQA/infographicVQA_val_v1.0_images/32369.jpeg,DRIP,336,336,25,144,10776.0,40617.0,28224,23169,0.265307629810178,0.4651042341059174
infographicVQA/infographicVQA_val_v1.0_images/32369.jpeg,Fixed,336,336,25,144,5688.0,45705.0,28224,23169,0.12445027896291434,0.24550045319176486
infographicVQA/infographicVQA_val_v1.0_images/33649.jpeg,DRIP,336,336,17,145,5142.0,33809.0,28420,10531,0.15208968026265196,0.4882727186402051
infographicVQA/infographicVQA_val_v1.0_images/33649.jpeg,Fixed,336,336,17,144,2816.0,35939.0,28224,10531,0.07835499040040068,0.2674010065520843
infographicVQA/infographicVQA_val_v1.0_images/34510.jpeg,DRIP,336,336,13,144,6761.0,31934.0,28224,10471,0.21171791820630048,0.6456880909177729
infographicVQA/infographicVQA_val_v1.0_images/34510.jpeg,Fixed,336,336,13,144,2372.0,36323.0,28224,10471,0.06530297607576467,0.2265304173431382
infographicVQA/infographicVQA_val_v1.0_images/35230.jpeg,DRIP,336,336,6,144,3333.0,31064.0,28224,6173,0.10729461756373938,0.539931961768994
infographicVQA/infographicVQA_val_v1.0_images/35230.jpeg,Fixed,336,336,6,144,1649.0,32748.0,28224,6173,0.05035422010504458,0.2671310545925806
infographicVQA/infographicVQA_val_v1.0_images/36983.jpeg,DRIP,336,336,37,144,11273.0,45112.0,28224,28161,0.24988916474552225,0.4003053868825681
infographicVQA/infographicVQA_val_v1.0_images/36983.jpeg,Fixed,336,336,37,144,7705.0,48680.0,28224,28161,0.158278553820871,0.27360534071943465
infographicVQA/infographicVQA_val_v1.0_images/37095.jpeg,DRIP,336,336,17,144,9383.0,40880.0,28224,22039,0.22952544031311153,0.42574526974908117
infographicVQA/infographicVQA_val_v1.0_images/37095.jpeg,Fixed,336,336,17,144,5515.0,44748.0,28224,22039,0.1232457316528113,0.25023821407504876
infographicVQA/infographicVQA_val_v1.0_images/37190.jpeg,DRIP,336,336,10,144,6706.0,36559.0,28224,15041,0.18342952487759512,0.44584801542450636
infographicVQA/infographicVQA_val_v1.0_images/37190.jpeg,Fixed,336,336,10,144,4072.0,39193.0,28224,15041,0.1038961038961039,0.27072668040688785
infographicVQA/infographicVQA_val_v1.0_images/37275.jpeg,DRIP,336,336,10,145,8676.0,37809.0,28420,18065,0.229469174006189,0.480265707168558
infographicVQA/infographicVQA_val_v1.0_images/37275.jpeg,Fixed,336,336,10,144,4836.0,41453.0,28224,18065,0.1166622439871662,0.26769997232216997
infographicVQA/infographicVQA_val_v1.0_images/37312.jpeg,DRIP,336,336,20,144,10283.0,49864.0,28224,31923,0.20622092090486122,0.32211884847915295
infographicVQA/infographicVQA_val_v1.0_images/37312.jpeg,Fixed,336,336,20,144,7942.0,52205.0,28224,31923,0.15213102193276506,0.2487861416533534
infographicVQA/infographicVQA_val_v1.0_images/37320.jpeg,DRIP,336,336,22,145,11815.0,53524.0,28420,36919,0.2207420970032135,0.3200249194181858
infographicVQA/infographicVQA_val_v1.0_images/37320.jpeg,Fixed,336,336,22,144,9179.0,55964.0,28224,36919,0.16401615324136945,0.24862536905116606
infographicVQA/infographicVQA_val_v1.0_images/37394.jpeg,DRIP,336,336,22,144,10326.0,38313.0,28224,20415,0.26951687416803694,0.5058045554739162
infographicVQA/infographicVQA_val_v1.0_images/37394.jpeg,Fixed,336,336,22,144,5227.0,43412.0,28224,20415,0.12040449645259375,0.25603722752877783
infographicVQA/infographicVQA_val_v1.0_images/39594.jpeg,DRIP,336,336,42,144,9035.0,44252.0,28224,25063,0.20417156286721505,0.36049156126561066
infographicVQA/infographicVQA_val_v1.0_images/39594.jpeg,Fixed,336,336,42,144,6169.0,47118.0,28224,25063,0.13092660978819134,0.24613972788572797
infographicVQA/infographicVQA_val_v1.0_images/39761.jpeg,DRIP,336,336,28,144,8331.0,56443.0,28224,36550,0.14760023386425244,0.22793433652530778
infographicVQA/infographicVQA_val_v1.0_images/39761.jpeg,Fixed,336,336,28,144,8970.0,55804.0,28224,36550,0.1607411655078489,0.2454172366621067
infographicVQA/infographicVQA_val_v1.0_images/40677.jpeg,DRIP,336,336,32,145,10247.0,42057.0,28420,23884,0.24364552868725778,0.4290319879417183
infographicVQA/infographicVQA_val_v1.0_images/40677.jpeg,Fixed,336,336,32,144,5911.0,46197.0,28224,23884,0.12795203151719808,0.2474878579802378
infographicVQA/infographicVQA_val_v1.0_images/41124.jpeg,DRIP,336,336,40,145,8549.0,40821.0,28420,20950,0.20942652066338405,0.40806682577565634
infographicVQA/infographicVQA_val_v1.0_images/41124.jpeg,Fixed,336,336,40,144,5483.0,43691.0,28224,20950,0.12549495319402165,0.2617183770883055
infographicVQA/infographicVQA_val_v1.0_images/41787.jpeg,DRIP,336,336,10,144,7031.0,31198.0,28224,10005,0.22536701070581447,0.7027486256871565
infographicVQA/infographicVQA_val_v1.0_images/41787.jpeg,Fixed,336,336,10,144,2549.0,35680.0,28224,10005,0.07144058295964126,0.2547726136931534
infographicVQA/infographicVQA_val_v1.0_images/41833.jpeg,DRIP,336,336,24,144,12190.0,42749.0,28224,26715,0.2851528690729608,0.456297959947595
infographicVQA/infographicVQA_val_v1.0_images/41833.jpeg,Fixed,336,336,24,144,6677.0,48262.0,28224,26715,0.13834901164477229,0.24993449373011417
infographicVQA/infographicVQA_val_v1.0_images/42012.jpeg,DRIP,336,336,5,145,8278.0,33257.0,28420,13115,0.2489100039089515,0.6311856652687762
infographicVQA/infographicVQA_val_v1.0_images/42012.jpeg,Fixed,336,336,5,144,3404.0,37935.0,28224,13115,0.08973243706339792,0.2595501334349981
infographicVQA/infographicVQA_val_v1.0_images/42097.jpeg,DRIP,336,336,61,144,9891.0,46935.0,28224,28602,0.21073825503355706,0.3458149779735683
infographicVQA/infographicVQA_val_v1.0_images/42097.jpeg,Fixed,336,336,61,144,7000.0,49826.0,28224,28602,0.14048890137679124,0.24473813020068527
infographicVQA/infographicVQA_val_v1.0_images/42555.jpeg,DRIP,336,336,14,145,9114.0,35156.0,28420,15850,0.2592445101831835,0.5750157728706624
infographicVQA/infographicVQA_val_v1.0_images/42555.jpeg,Fixed,336,336,14,144,4219.0,39855.0,28224,15850,0.10585873792497805,0.26618296529968455
infographicVQA/infographicVQA_val_v1.0_images/42607.jpeg,DRIP,336,336,30,144,9139.0,39949.0,28224,20864,0.22876667751383015,0.4380272239263804
infographicVQA/infographicVQA_val_v1.0_images/42607.jpeg,Fixed,336,336,30,144,4645.0,44443.0,28224,20864,0.10451589676664491,0.22263228527607362
infographicVQA/infographicVQA_val_v1.0_images/43498.jpeg,DRIP,336,336,30,145,6721.0,34775.0,28420,13076,0.1932710280373832,0.5139951055368615
infographicVQA/infographicVQA_val_v1.0_images/43498.jpeg,Fixed,336,336,30,144,3348.0,37952.0,28224,13076,0.08821669477234402,0.2560416029366779
infographicVQA/infographicVQA_val_v1.0_images/44541.jpeg,DRIP,336,336,42,144,13652.0,51413.0,28224,36841,0.2655359539416101,0.370565402676366
infographicVQA/infographicVQA_val_v1.0_images/44541.jpeg,Fixed,336,336,42,144,9039.0,56026.0,28224,36841,0.16133580837468317,0.24535164626367362
infographicVQA/infographicVQA_val_v1.0_images/44721.jpeg,DRIP,336,336,27,144,13528.0,46371.0,28224,31675,0.2917340579241336,0.4270876085240726
infographicVQA/infographicVQA_val_v1.0_images/44721.jpeg,Fixed,336,336,27,144,8567.0,51332.0,28224,31675,0.16689394529728044,0.2704656669297553
infographicVQA/infographicVQA_val_v1.0_images/44885.jpeg,DRIP,336,336,18,144,4060.0,33073.0,28224,8909,0.12275874580473498,0.4557189359075093
infographicVQA/infographicVQA_val_v1.0_images/44885.jpeg,Fixed,336,336,18,144,1945.0,35188.0,28224,8909,0.05527452540638854,0.21831855427096195
infographicVQA/infographicVQA_val_v1.0_images/44954.jpeg,DRIP,336,336,64,144,13852.0,56082.0,28224,41710,0.24699547091758497,0.33210261328218654
infographicVQA/infographicVQA_val_v1.0_images/44954.jpeg,Fixed,336,336,64,144,10329.0,59605.0,28224,41710,0.1732908313060985,0.24763845600575402
infographicVQA/infographicVQA_val_v1.0_images/70572.jpeg,DRIP,336,336,89,145,13461.0,57159.0,28420,42200,0.23550097097569936,0.31898104265402843
infographicVQA/infographicVQA_val_v1.0_images/70572.jpeg,Fixed,336,336,89,144,11693.0,58731.0,28224,42200,0.19909417513749128,0.27708530805687204
infographicVQA/infographicVQA_val_v1.0_images/70574.jpeg,DRIP,336,336,26,144,5742.0,33936.0,28224,11454,0.1692008486562942,0.50130958617077
infographicVQA/infographicVQA_val_v1.0_images/70574.jpeg,Fixed,336,336,26,144,2812.0,36866.0,28224,11454,0.07627624369337602,0.24550375414702288
ocrVQA/images/069401673X.jpg,DRIP,336,336,10,145,7792.0,35649.0,28420,15021,0.2185755561165811,0.5187404300645763
ocrVQA/images/069401673X.jpg,Fixed,336,336,10,144,3601.0,39644.0,28224,15021,0.09083341741499344,0.23973104320617802
ocrVQA/images/076491135X.jpg,DRIP,336,336,6,145,9711.0,33445.0,28420,14736,0.2903573030348333,0.6589983713355049
ocrVQA/images/076491135X.jpg,Fixed,336,336,6,144,3618.0,39342.0,28224,14736,0.09196278786030197,0.24552117263843648
ocrVQA/images/081098914X.jpg,DRIP,336,336,0,145,,,28420,0,,
ocrVQA/images/081098914X.jpg,Fixed,336,336,0,144,,,28224,0,,
ocrVQA/images/1118945034.jpg,DRIP,336,336,17,144,15659.0,59542.0,28224,46977,0.2629908300023513,0.3333333333333333
ocrVQA/images/1118945034.jpg,Fixed,336,336,17,144,11948.0,63253.0,28224,46977,0.18889222645566217,0.25433722885667454
ocrVQA/images/1401262031.jpg,DRIP,336,336,0,144,,,28224,0,,
ocrVQA/images/1401262031.jpg,Fixed,336,336,0,144,,,28224,0,,
ocrVQA/images/1416296298.jpg,DRIP,336,336,0,145,,,28420,0,,
ocrVQA/images/1416296298.jpg,Fixed,336,336,0,144,,,28224,0,,
ocrVQA/images/1416297588.jpg,DRIP,336,336,6,144,11400.0,45250.0,28224,28426,0.25193370165745854,0.4010413002181102
ocrVQA/images/1416297588.jpg,Fixed,336,336,6,144,7138.0,49512.0,28224,28426,0.14416707060914527,0.2511081404348132
ocrVQA/images/1416298576.jpg,DRIP,336,336,0,144,,,28224,0,,
ocrVQA/images/1416298576.jpg,Fixed,336,336,0,144,,,28224,0,,
ocrVQA/images/1416298886.jpg,DRIP,336,336,10,145,12495.0,36244.0,28420,20319,0.3447467166979362,0.6149416802007973
ocrVQA/images/1416298886.jpg,Fixed,336,336,10,144,5216.0,43327.0,28224,20319,0.12038682576684284,0.2567055465328018
ocrVQA/images/1416298983.jpg,DRIP,336,336,40,144,13407.0,63587.0,28224,48770,0.21084498403761776,0.2749026040598729
ocrVQA/images/1416298983.jpg,Fixed,336,336,40,144,12486.0,64508.0,28224,48770,0.1935573882309171,0.25601804387943405
ocrVQA/images/1419707450.jpg,DRIP,336,336,0,144,,,28224,0,,
ocrVQA/images/1419707450.jpg,Fixed,336,336,0,144,,,28224,0,,
ocrVQA/images/1419716050.jpg,DRIP,336,336,4,145,9979.0,33838.0,28420,15397,0.29490513623736625,0.648113268818601
ocrVQA/images/1419716050.jpg,Fixed,336,336,4,144,3738.0,39883.0,28224,15397,0.09372414311862197,0.24277456647398843
ocrVQA/images/1423826035.jpg,DRIP,336,336,7,144,5980.0,31055.0,28224,8811,0.1925615842859443,0.6786970831914653
ocrVQA/images/1423826035.jpg,Fixed,336,336,7,144,2563.0,34472.0,28224,8811,0.0743501972615456,0.2908863920099875
ocrVQA/images/1423826507.jpg,DRIP,336,336,6,145,9375.0,30275.0,28420,11230,0.3096614368290669,0.8348174532502226
ocrVQA/images/1423826507.jpg,Fixed,336,336,6,144,3114.0,36340.0,28224,11230,0.08569069895432031,0.27729296527159397
ocrVQA/images/1440588589.jpg,DRIP,336,336,12,144,10840.0,39787.0,28224,22403,0.2724508005127303,0.4838637682453243
ocrVQA/images/1440588589.jpg,Fixed,336,336,12,144,5233.0,45394.0,28224,22403,0.11527955236374851,0.2335847877516404
ocrVQA/images/1449419291.jpg,DRIP,336,336,11,144,15278.0,71719.0,28224,58773,0.2130258369469736,0.2599492964456468
ocrVQA/images/1449419291.jpg,Fixed,336,336,11,144,14878.0,72119.0,28224,58773,0.20629792426406357,0.2531434502237422
ocrVQA/images/145214141X.jpg,DRIP,336,336,18,144,6353.0,32965.0,28224,11094,0.19271955103898072,0.5726518839012079
ocrVQA/images/145214141X.jpg,Fixed,336,336,18,144,2707.0,36611.0,28224,11094,0.07393952637185545,0.2440057688840815
ocrVQA/images/1492612766.jpg,DRIP,336,336,29,145,20358.0,55291.0,28420,47229,0.3681973558083594,0.4310487200660611
ocrVQA/images/1492612766.jpg,Fixed,336,336,29,144,11359.0,64094.0,28224,47229,0.17722407713670546,0.24050900929513647
ocrVQA/images/1514818639.jpg,DRIP,336,336,3,145,5182.0,31203.0,28420,7965,0.16607377495753614,0.6505963590709354
ocrVQA/images/1514818639.jpg,Fixed,336,336,3,144,2082.0,34107.0,28224,7965,0.06104318761544551,0.2613935969868173
ocrVQA/images/151862801X.jpg,DRIP,336,336,4,145,15470.0,48274.0,28420,35324,0.3204623606910552,0.43794587249462125
ocrVQA/images/151862801X.jpg,Fixed,336,336,4,144,8464.0,55084.0,28224,35324,0.15365623411516957,0.23961046314120713
ocrVQA/images/1552974650.jpg,DRIP,336,336,3,145,12293.0,32690.0,28420,16563,0.3760477210156011,0.7421964619936002
ocrVQA/images/1552974650.jpg,Fixed,336,336,3,144,4218.0,40569.0,28224,16563,0.10397101234933077,0.25466401014309004
ocrVQA/images/1570292442.jpg,DRIP,336,336,4,144,10176.0,40811.0,28224,22763,0.24934453946239984,0.4470412511531872
ocrVQA/images/1570292442.jpg,Fixed,336,336,4,144,6044.0,44943.0,28224,22763,0.13448145428654074,0.2655186047533278
ocrVQA/images/1574329820.jpg,DRIP,336,336,4,145,16633.0,37102.0,28420,25315,0.4483046736025012,0.6570412798735927
ocrVQA/images/1574329820.jpg,Fixed,336,336,4,144,6134.0,47405.0,28224,25315,0.12939563337200718,0.2423069326486273
ocrVQA/images/1579129986.jpg,DRIP,336,336,4,144,13838.0,39872.0,28224,25486,0.34706059390048155,0.5429647649690026
ocrVQA/images/1579129986.jpg,Fixed,336,336,4,144,6658.0,47052.0,28224,25486,0.14150301793760095,0.26124146590284864
ocrVQA/images/1594908842.jpg,DRIP,336,336,6,144,12200.0,40644.0,28224,24620,0.3001673063674835,0.49553208773354995
ocrVQA/images/1594908842.jpg,Fixed,336,336,6,144,6386.0,46458.0,28224,24620,0.13745748848422232,0.2593826157595451
ocrVQA/images/1606906631.jpg,DRIP,336,336,3,145,3358.0,31910.0,28420,6848,0.10523346913193356,0.4903621495327103
ocrVQA/images/1606906631.jpg,Fixed,336,336,3,144,1569.0,33503.0,28224,6848,0.04683162701847596,0.2291179906542056
ocrVQA/images/1616557621.jpg,DRIP,336,336,2,145,10528.0,38772.0,28420,20880,0.2715361601155473,0.5042145593869731
ocrVQA/images/1616557621.jpg,Fixed,336,336,2,144,5592.0,43512.0,28224,20880,0.12851627137341423,0.267816091954023
ocrVQA/images/1624380972.jpg,DRIP,336,336,18,144,15767.0,64530.0,28224,52073,0.24433596776693012,0.3027864728362107
ocrVQA/images/1624380972.jpg,Fixed,336,336,18,144,13147.0,67150.0,28224,52073,0.1957855547282204,0.25247249054212356
ocrVQA/images/1624382436.jpg,DRIP,336,336,5,145,13488.0,40204.0,28420,25272,0.33548900606904786,0.533713200379867
ocrVQA/images/1624382436.jpg,Fixed,336,336,5,144,6398.0,47098.0,28224,25272,0.13584440952906704,0.2531655587211143
ocrVQA/images/1631140450.jpg,DRIP,336,336,4,145,8882.0,39893.0,28420,20355,0.22264557691825634,0.4363547040039302
ocrVQA/images/1631140450.jpg,Fixed,336,336,4,144,5145.0,43434.0,28224,20355,0.11845558778836857,0.2527634487840825
ocrVQA/images/1783295996.jpg,DRIP,336,336,5,145,10269.0,42880.0,28420,24729,0.23948227611940298,0.41526143394395243
ocrVQA/images/1783295996.jpg,Fixed,336,336,5,144,6083.0,46870.0,28224,24729,0.12978451034777042,0.24598649359052124
ocrVQA/images/1880366274.jpg,DRIP,336,336,12,144,9337.0,41405.0,28224,22518,0.22550416616350683,0.41464606092903455
ocrVQA/images/1880366274.jpg,Fixed,336,336,12,144,5606.0,45136.0,28224,22518,0.12420241049273308,0.248956390443201
ocrVQA/images/1890989347.jpg,DRIP,336,336,27,145,15395.0,55600.0,28420,42575,0.27688848920863307,0.3615971814445097
ocrVQA/images/1890989347.jpg,Fixed,336,336,27,144,10530.0,60269.0,28224,42575,0.17471668685393818,0.24732824427480915
ocrVQA/images/345532058.jpg,DRIP,336,336,1,145,20678.0,61838.0,28420,54096,0.33438985736925514,0.3822463768115942
ocrVQA/images/345532058.jpg,Fixed,336,336,1,144,13524.0,68796.0,28224,54096,0.19658119658119658,0.25
ocrVQA/images/3822842990.jpg,DRIP,336,336,1,145,5930.0,30281.0,28420,7791,0.19583237013308674,0.7611346425362598
ocrVQA/images/3822842990.jpg,Fixed,336,336,1,144,1926.0,34089.0,28224,7791,0.05649916395318138,0.24720831728917983
ocrVQA/images/684049678.jpg,DRIP,336,336,13,145,11948.0,43000.0,28420,26528,0.27786046511627904,0.45039203860072374
ocrVQA/images/684049678.jpg,Fixed,336,336,13,144,6074.0,48678.0,28224,26528,0.12477916101729734,0.22896562123039807
ocrVQA/images/692543260.jpg,DRIP,336,336,2,144,7325.0,32106.0,28224,11207,0.22815050146390084,0.6536093512982957
ocrVQA/images/692543260.jpg,Fixed,336,336,2,144,2504.0,36927.0,28224,11207,0.06780946191133859,0.22343178370661193
ocrVQA/images/727884816.jpg,DRIP,336,336,11,145,17644.0,55048.0,28420,44272,0.3205202732161023,0.39853632092518976
ocrVQA/images/727884816.jpg,Fixed,336,336,11,144,11079.0,61417.0,28224,44272,0.18038979435661137,0.25024846404047707
ocrVQA/images/754828042.jpg,DRIP,336,336,4,144,4830.0,29009.0,28224,5615,0.1665000517080906,0.8601959038290294
ocrVQA/images/754828042.jpg,Fixed,336,336,4,144,1254.0,32585.0,28224,5615,0.03848396501457726,0.22333036509349954
ocrVQA/images/761183310.jpg,DRIP,336,336,10,145,13174.0,46957.0,28420,31711,0.28055454990736206,0.4154394374191921
ocrVQA/images/761183310.jpg,Fixed,336,336,10,144,8158.0,51777.0,28224,31711,0.15756030669988605,0.257260887389234
ocrVQA/images/761185240.jpg,DRIP,336,336,11,144,9633.0,36085.0,28224,17494,0.26695302757378414,0.5506459357493998
ocrVQA/images/761185240.jpg,Fixed,336,336,11,144,4322.0,41396.0,28224,17494,0.10440622282346121,0.24705613353149652
ocrVQA/images/786447621.jpg,DRIP,336,336,5,145,9557.0,41622.0,28420,22759,0.22961414636490318,0.4199217891823015
ocrVQA/images/786447621.jpg,Fixed,336,336,5,144,5372.0,45611.0,28224,22759,0.11777860603801714,0.23603849026758644
ocrVQA/images/B00UK7LRCI.jpg,DRIP,336,336,1,144,3920.0,32704.0,28224,8400,0.11986301369863013,0.4666666666666667
ocrVQA/images/B00UK7LRCI.jpg,Fixed,336,336,1,144,2168.0,34456.0,28224,8400,0.06292082656141165,0.2580952380952381
ocrVQA/images/B011SJNYEA.jpg,DRIP,336,336,10,144,10842.0,35974.0,28224,18592,0.30138433312948243,0.5831540447504303
ocrVQA/images/B011SJNYEA.jpg,Fixed,336,336,10,144,4663.0,42153.0,28224,18592,0.11062083362987213,0.2508067986230637
svt/image/img_0022.jpg,DRIP,336,336,1,144,22302.0,86226.0,28224,80304,0.2586458840720896,0.2777196652719665
svt/image/img_0022.jpg,Fixed,336,336,1,144,20076.0,88452.0,28224,80304,0.22697056030389365,0.25
svt/image/img_0024.jpg,DRIP,336,336,1,144,18942.0,98007.0,28224,88725,0.19327190914934647,0.21349112426035502
svt/image/img_0024.jpg,Fixed,336,336,1,144,22547.0,94402.0,28224,88725,0.23884027880765238,0.25412228796844183
svt/image/img_0087.jpg,DRIP,336,336,1,145,21252.0,91861.0,28420,84693,0.23134953897736799,0.2509298289114803
svt/image/img_0087.jpg,Fixed,336,336,1,144,21567.0,91350.0,28224,84693,0.2360919540229885,0.25464914455740145
svt/image/img_0113.jpg,DRIP,336,336,1,144,25143.0,97326.0,28224,94245,0.2583379569693607,0.2667833837338851
svt/image/img_0113.jpg,Fixed,336,336,1,144,24193.0,98276.0,28224,94245,0.2461740404574871,0.25670327338320337
svt/image/img_0156.jpg,DRIP,336,336,1,145,24304.0,95508.0,28420,91392,0.25447082966871887,0.2659313725490196
svt/image/img_0156.jpg,Fixed,336,336,1,144,22848.0,96768.0,28224,91392,0.2361111111111111,0.25
svt/image/img_0165.jpg,DRIP,336,336,1,144,8104.0,65345.0,28224,45225,0.124018670135435,0.17919292426755112
svt/image/img_0165.jpg,Fixed,336,336,1,144,12096.0,61353.0,28224,45225,0.19715417339005428,0.26746268656716415
svt/image/img_0183.jpg,DRIP,336,336,1,144,12572.0,93604.0,28224,77952,0.13431049955130123,0.1612787356321839
svt/image/img_0183.jpg,Fixed,336,336,1,144,19488.0,86688.0,28224,77952,0.2248062015503876,0.25
svt/image/img_0203.jpg,DRIP,336,336,1,145,23660.0,95816.0,28420,91056,0.24693161893629456,0.259840098400984
svt/image/img_0203.jpg,Fixed,336,336,1,144,22764.0,96516.0,28224,91056,0.23585726718885988,0.25
svt/image/img_0275.jpg,DRIP,336,336,1,144,27384.0,109704.0,28224,108864,0.24961715160796324,0.2515432098765432
svt/image/img_0275.jpg,Fixed,336,336,1,144,27216.0,109872.0,28224,108864,0.24770642201834864,0.25
svt/image/img_0293.jpg,DRIP,336,336,1,144,16696.0,93000.0,28224,81472,0.1795268817204301,0.20492930086410055
svt/image/img_0293.jpg,Fixed,336,336,1,144,20132.0,89564.0,28224,81472,0.2247778125139565,0.24710329929300864
svt/image/img_0324.jpg,DRIP,336,336,1,145,23982.0,89446.0,28420,85008,0.26811707622476133,0.28211462450592883
svt/image/img_0324.jpg,Fixed,336,336,1,144,21252.0,91980.0,28224,85008,0.2310502283105023,0.25
svt/image/img_0330.jpg,DRIP,336,336,1,145,24920.0,107660.0,28420,104160,0.23146944083224968,0.239247311827957
svt/image/img_0330.jpg,Fixed,336,336,1,144,26040.0,106344.0,28224,104160,0.24486571879936808,0.25
svt/image/img_0420.jpg,DRIP,336,336,2,144,18659.0,98291.0,28224,88726,0.1898342676338627,0.21029912314315985
svt/image/img_0420.jpg,Fixed,336,336,2,144,22195.0,94755.0,28224,88726,0.23423566038731466,0.2501521538218786
svt/image/img_0429.jpg,DRIP,336,336,1,144,22834.0,107870.0,28224,102480,0.2116807268007787,0.2228142076502732
svt/image/img_0429.jpg,Fixed,336,336,1,144,25620.0,105084.0,28224,102480,0.24380495603517185,0.25
svt/image/img_0496.jpg,DRIP,336,336,1,145,21854.0,87171.0,28420,80605,0.2507026419336706,0.2711246200607903
svt/image/img_0496.jpg,Fixed,336,336,1,144,20531.0,88298.0,28224,80605,0.232519422863485,0.2547112462006079
svt/image/img_0512.jpg,DRIP,336,336,1,144,27874.0,111566.0,28224,111216,0.24984314217593173,0.2506294058408862
svt/image/img_0512.jpg,Fixed,336,336,1,144,27804.0,111636.0,28224,111216,0.24905944319036868,0.25
svt/image/img_0564.jpg,DRIP,336,336,1,145,20664.0,97468.0,28420,89712,0.21200804366561332,0.2303370786516854
svt/image/img_0564.jpg,Fixed,336,336,1,144,22428.0,95508.0,28224,89712,0.23482849604221637,0.25
svtp/image/101.jpg,DRIP,336,336,1,145,23268.0,101584.0,28420,96432,0.22905181918412348,0.24128919860627177
svtp/image/101.jpg,Fixed,336,336,1,144,24108.0,100548.0,28224,96432,0.23976608187134502,0.25
svtp/image/129.jpg,DRIP,336,336,2,144,5628.0,50341.0,28224,27745,0.1117975407719354,0.2028473598846639
svtp/image/129.jpg,Fixed,336,336,2,144,7126.0,48843.0,28224,27745,0.14589603423213152,0.2568390701027212
svtp/image/144.jpg,DRIP,336,336,1,145,26306.0,103922.0,28420,101808,0.25313215680991513,0.2583883388338834
svtp/image/144.jpg,Fixed,336,336,1,144,25452.0,104580.0,28224,101808,0.2433734939759036,0.25
svtp/image/154.jpg,DRIP,336,336,1,145,26516.0,108116.0,28420,106212,0.24525509637796442,0.24965164011599442
svtp/image/154.jpg,Fixed,336,336,1,144,26626.0,107810.0,28224,106212,0.2469715239773676,0.250687304636011
svtp/image/156.jpg,DRIP,336,336,1,145,24836.0,97526.0,28420,93942,0.2546602957160142,0.26437589150752594
svtp/image/156.jpg,Fixed,336,336,1,144,23665.0,98501.0,28224,93942,0.24025136800641617,0.25191075344361413
svtp/image/178.jpg,DRIP,336,336,1,144,23268.0,103068.0,28224,98112,0.22575387123064386,0.23715753424657535
svtp/image/178.jpg,Fixed,336,336,1,144,24528.0,101808.0,28224,98112,0.24092409240924093,0.25
svtp/image/408.jpg,DRIP,336,336,0,144,,,28224,0,,
svtp/image/408.jpg,Fixed,336,336,0,144,,,28224,0,,
svtp/image/582.jpg,DRIP,336,336,1,144,20212.0,87644.0,28224,79632,0.23061475970973483,0.2538175607795861
svtp/image/582.jpg,Fixed,336,336,1,144,20160.0,87696.0,28224,79632,0.22988505747126436,0.25316455696202533
svtp/image/601.jpg,DRIP,336,336,1,145,25886.0,98524.0,28420,95990,0.26273801307295686,0.26967392436712156
svtp/image/601.jpg,Fixed,336,336,1,144,24172.0,100042.0,28224,95990,0.24161852022150695,0.2518178976976768
textVQA/train_images/00c90458856a8866.jpg,DRIP,336,336,1,144,4074.0,30513.0,28224,6363,0.13351686166551963,0.6402640264026402
textVQA/train_images/00c90458856a8866.jpg,Fixed,336,336,1,144,1764.0,32823.0,28224,6363,0.053742802303262956,0.27722772277227725
textVQA/train_images/00ecc16a9eb4a5ed.jpg,DRIP,336,336,3,145,1620.0,28483.0,28420,1683,0.05687603131692589,0.9625668449197861
textVQA/train_images/00ecc16a9eb4a5ed.jpg,Fixed,336,336,3,144,381.0,29526.0,28224,1683,0.012903881324933957,0.22638146167557932
textVQA/train_images/0156f0e26eb20c04.jpg,DRIP,336,336,9,145,3280.0,34665.0,28420,9525,0.09461993365065628,0.3443569553805774
textVQA/train_images/0156f0e26eb20c04.jpg,Fixed,336,336,9,144,2727.0,35022.0,28224,9525,0.0778653417851636,0.2862992125984252
textVQA/train_images/016b57639f13e1dc.jpg,DRIP,336,336,3,144,5076.0,29899.0,28224,6751,0.16977156426636342,0.7518886090949489
textVQA/train_images/016b57639f13e1dc.jpg,Fixed,336,336,3,144,1722.0,33253.0,28224,6751,0.051784801371304846,0.2550733224707451
textVQA/train_images/0328a24cc3047ec8.jpg,DRIP,336,336,15,145,2076.0,36089.0,28420,9745,0.05752445343456455,0.21303232426885582
textVQA/train_images/0328a24cc3047ec8.jpg,Fixed,336,336,15,144,2431.0,35538.0,28224,9745,0.0684056502898306,0.24946126218573628
textVQA/train_images/066f5833cd78c07a.jpg,DRIP,336,336,1,145,294.0,31822.0,28420,3696,0.009238891333040036,0.07954545454545454
textVQA/train_images/066f5833cd78c07a.jpg,Fixed,336,336,1,144,1036.0,30884.0,28224,3696,0.033544877606527655,0.2803030303030303
textVQA/train_images/09e15efd7a028959.jpg,DRIP,336,336,2,145,4897.0,31855.0,28420,8332,0.15372782922618114,0.5877340374459914
textVQA/train_images/09e15efd7a028959.jpg,Fixed,336,336,2,144,2107.0,34449.0,28224,8332,0.06116287845801039,0.2528804608737398
textVQA/train_images/0b17193c820ded62.jpg,DRIP,336,336,2,145,3246.0,29034.0,28420,3860,0.11179995866914652,0.8409326424870466
textVQA/train_images/0b17193c820ded62.jpg,Fixed,336,336,2,144,814.0,31270.0,28224,3860,0.02603133994243684,0.21088082901554403
textVQA/train_images/11c07147c48757b5.jpg,DRIP,336,336,4,145,6979.0,32601.0,28420,11160,0.21407318793902028,0.6253584229390681
textVQA/train_images/11c07147c48757b5.jpg,Fixed,336,336,4,144,2795.0,36589.0,28224,11160,0.07638907868485063,0.25044802867383514
textVQA/train_images/135fb97b6e8984b6.jpg,DRIP,336,336,2,144,3786.0,39335.0,28224,14897,0.09625015889157239,0.25414512989192456
textVQA/train_images/135fb97b6e8984b6.jpg,Fixed,336,336,2,144,4059.0,39062.0,28224,14897,0.1039117300701449,0.2724709673088541
textVQA/train_images/1763135fd85e993d.jpg,DRIP,336,336,1,145,364.0,28425.0,28420,369,0.012805628847845207,0.986449864498645
textVQA/train_images/1763135fd85e993d.jpg,Fixed,336,336,1,144,126.0,28467.0,28224,369,0.004426177679418274,0.34146341463414637
textVQA/train_images/18425568d6047c4a.jpg,DRIP,336,336,8,145,15713.0,58258.0,28420,45551,0.26971403069106387,0.3449540075958815
textVQA/train_images/18425568d6047c4a.jpg,Fixed,336,336,8,144,11694.0,62081.0,28224,45551,0.1883668111016253,0.25672323329893965
textVQA/train_images/1aee501a75668a28.jpg,DRIP,336,336,13,145,11322.0,34448.0,28420,17350,0.3286692986530423,0.6525648414985591
textVQA/train_images/1aee501a75668a28.jpg,Fixed,336,336,13,144,3927.0,41647.0,28224,17350,0.09429250606286167,0.2263400576368876
textVQA/train_images/1d9197504e228f43.jpg,DRIP,336,336,13,144,19273.0,66460.0,28224,57509,0.2899939813421607,0.33513015354118486
textVQA/train_images/1d9197504e228f43.jpg,Fixed,336,336,13,144,13895.0,71838.0,28224,57509,0.19342130905648822,0.24161435601384132
textVQA/train_images/26726e25ef9b30e7.jpg,DRIP,336,336,1,145,8786.0,33884.0,28420,14250,0.25929642309054424,0.616561403508772
textVQA/train_images/26726e25ef9b30e7.jpg,Fixed,336,336,1,144,3564.0,38910.0,28224,14250,0.09159599074787972,0.2501052631578947
textVQA/train_images/28965287b0087f08.jpg,DRIP,336,336,4,145,6871.0,39572.0,28420,18023,0.17363287172748407,0.3812350884980303
textVQA/train_images/28965287b0087f08.jpg,Fixed,336,336,4,144,3965.0,42282.0,28224,18023,0.09377512889645712,0.2199966709204905
textVQA/train_images/29d786c10f5ce62a.jpg,DRIP,336,336,5,144,13323.0,56441.0,28224,41540,0.23605180631101505,0.3207270101107366
textVQA/train_images/29d786c10f5ce62a.jpg,Fixed,336,336,5,144,10473.0,59291.0,28224,41540,0.17663726366564908,0.2521184400577756
textVQA/train_images/2fdbba3552d1be9b.jpg,DRIP,336,336,1,144,1932.0,28500.0,28224,2208,0.06778947368421052,0.875
textVQA/train_images/2fdbba3552d1be9b.jpg,Fixed,336,336,1,144,644.0,29788.0,28224,2208,0.021619444071438162,0.2916666666666667
textVQA/train_images/32ec42158c53eb66.jpg,DRIP,336,336,1,145,224.0,29821.0,28420,1625,0.007511485194996815,0.13784615384615384
textVQA/train_images/32ec42158c53eb66.jpg,Fixed,336,336,1,144,350.0,29499.0,28224,1625,0.011864808976575478,0.2153846153846154
textVQA/train_images/34e5c09e01d30529.jpg,DRIP,336,336,2,145,342.0,29974.0,28420,1896,0.011409888570094081,0.18037974683544303
textVQA/train_images/34e5c09e01d30529.jpg,Fixed,336,336,2,144,442.0,29678.0,28224,1896,0.014893186872430757,0.23312236286919832
textVQA/train_images/3aedcf6c7be3e78d.jpg,DRIP,336,336,10,145,12009.0,39776.0,28420,23365,0.3019157280772325,0.5139738925743633
textVQA/train_images/3aedcf6c7be3e78d.jpg,Fixed,336,336,10,144,6056.0,45533.0,28224,23365,0.13300243779237036,0.2591910977958485
textVQA/train_images/3c6a7bac733e2077.jpg,DRIP,336,336,11,144,9479.0,41226.0,28224,22481,0.22992771551933247,0.42164494461990126
textVQA/train_images/3c6a7bac733e2077.jpg,Fixed,336,336,11,144,6777.0,43928.0,28224,22481,0.15427517756328538,0.30145456162982076
textVQA/train_images/42438ea807df291b.jpg,DRIP,336,336,7,145,1946.0,30777.0,28420,4303,0.06322903466874615,0.45224262142691146
textVQA/train_images/42438ea807df291b.jpg,Fixed,336,336,7,144,1059.0,31468.0,28224,4303,0.03365323503241388,0.24610736695328841
textVQA/train_images/5c379ce47127773b.jpg,DRIP,336,336,10,145,5052.0,32538.0,28420,9170,0.15526461368246358,0.5509269356597601
textVQA/train_images/5c379ce47127773b.jpg,Fixed,336,336,10,144,2470.0,34924.0,28224,9170,0.07072500286336043,0.2693565976008724
textVQA/train_images/62c415e7266fd14b.jpg,DRIP,336,336,12,144,5381.0,38032.0,28224,15189,0.14148611695414387,0.35426953716505366
textVQA/train_images/62c415e7266fd14b.jpg,Fixed,336,336,12,144,3887.0,39526.0,28224,15189,0.09834033294540302,0.25590888142734874
textVQA/train_images/773b997bdd2a6e16.jpg,DRIP,336,336,5,145,5802.0,29848.0,28420,7230,0.19438488340927365,0.8024896265560166
textVQA/train_images/773b997bdd2a6e16.jpg,Fixed,336,336,5,144,2006.0,33448.0,28224,7230,0.05997369050466395,0.27745504840940527
textVQA/train_images/79cd31c0380f8464.jpg,DRIP,336,336,1,144,595.0,28446.0,28224,817,0.020916824861140406,0.7282741738066095
textVQA/train_images/79cd31c0380f8464.jpg,Fixed,336,336,1,144,171.0,28870.0,28224,817,0.005923103567717354,0.20930232558139536
textVQA/train_images/7de5f19060c96f5c.jpg,DRIP,336,336,1,144,1638.0,28328.0,28224,1742,0.05782264896921774,0.9402985074626866
textVQA/train_images/7de5f19060c96f5c.jpg,Fixed,336,336,1,144,650.0,29316.0,28224,1742,0.022172192659298675,0.373134328358209
textVQA/train_images/9433af852c82ca07.jpg,DRIP,336,336,10,145,18200.0,68198.0,28420,57978,0.26686999618757146,0.31391217358308326
textVQA/train_images/9433af852c82ca07.jpg,Fixed,336,336,10,144,16024.0,70178.0,28224,57978,0.22833366582119752,0.2763806961261168
textVQA/train_images/9655a546f63dd653.jpg,DRIP,336,336,9,145,13876.0,44015.0,28420,29471,0.31525616267181644,0.47083573682603236
textVQA/train_images/9655a546f63dd653.jpg,Fixed,336,336,9,144,7831.0,49864.0,28224,29471,0.15704716829776993,0.26571884225170506
textVQA/train_images/9fc2185d2de5b452.jpg,DRIP,336,336,6,145,4111.0,29593.0,28420,5284,0.13891798736187613,0.7780090840272521
textVQA/train_images/9fc2185d2de5b452.jpg,Fixed,336,336,6,144,1535.0,31973.0,28224,5284,0.048009257811278266,0.2904996214988645
textVQA/train_images/a30a00e52088ae0b.jpg,DRIP,336,336,5,145,2405.0,32784.0,28420,6769,0.07335895558809175,0.3552962032796573
textVQA/train_images/a30a00e52088ae0b.jpg,Fixed,336,336,5,144,1715.0,33278.0,28224,6769,0.05153554901135886,0.2533609100310238
textVQA/train_images/a56b17c45ac1ac06.jpg,DRIP,336,336,5,144,10789.0,45092.0,28224,27657,0.23926638871640202,0.3901001554760097
textVQA/train_images/a56b17c45ac1ac06.jpg,Fixed,336,336,5,144,7325.0,48556.0,28224,27657,0.15085674273004365,0.2648515746465633
textVQA/train_images/a5f3a2c634ca375a.jpg,DRIP,336,336,9,145,13836.0,56184.0,28420,41600,0.24626228107646306,0.3325961538461538
textVQA/train_images/a5f3a2c634ca375a.jpg,Fixed,336,336,9,144,10052.0,59772.0,28224,41600,0.16817238840928864,0.2416346153846154
textVQA/train_images/afc9c49c9871e24e.jpg,DRIP,336,336,2,145,4555.0,32701.0,28420,8836,0.13929237637992722,0.515504753282028
textVQA/train_images/afc9c49c9871e24e.jpg,Fixed,336,336,2,144,2706.0,34354.0,28224,8836,0.07876812016067998,0.3062471706654595
textVQA/train_images/b5c2c50202792f10.jpg,DRIP,336,336,6,145,16269.0,68284.0,28420,56133,0.23825493527034153,0.2898295120517343
textVQA/train_images/b5c2c50202792f10.jpg,Fixed,336,336,6,144,13399.0,70958.0,28224,56133,0.18883001211984554,0.23870094240464612
textVQA/train_images/b608394619d226e9.jpg,DRIP,336,336,4,144,5081.0,29869.0,28224,6726,0.17010947805416987,0.755426702349093
textVQA/train_images/b608394619d226e9.jpg,Fixed,336,336,4,144,1778.0,33172.0,28224,6726,0.05359942119860123,0.264347308950342
textVQA/train_images/c5d01db7976d7704.jpg,DRIP,336,336,1,144,288.0,28611.0,28224,675,0.010066058508965083,0.4266666666666667
textVQA/train_images/c5d01db7976d7704.jpg,Fixed,336,336,1,144,210.0,28689.0,28224,675,0.007319878699152986,0.3111111111111111
textVQA/train_images/c7372c2a157e69c5.jpg,DRIP,336,336,14,145,15637.0,40245.0,28420,27462,0.3885451608895515,0.569404995994465
textVQA/train_images/c7372c2a157e69c5.jpg,Fixed,336,336,14,144,6523.0,49163.0,28224,27462,0.1326810813009784,0.237528220814216
textVQA/train_images/c9271675f8fd3b88.jpg,DRIP,336,336,6,144,5753.0,32309.0,28224,9838,0.1780618403540809,0.5847733279121773
textVQA/train_images/c9271675f8fd3b88.jpg,Fixed,336,336,6,144,2719.0,35343.0,28224,9838,0.07693178281413575,0.2763773124618825
textVQA/train_images/cb26499cae74775c.jpg,DRIP,336,336,7,145,967.0,33339.0,28420,5886,0.0290050691382465,0.16428814135236153
textVQA/train_images/cb26499cae74775c.jpg,Fixed,336,336,7,144,1552.0,32558.0,28224,5886,0.04766877572332453,0.2636765205572545
textVQA/train_images/d752ed9c0a5bf0fd.jpg,DRIP,336,336,2,144,615.0,28679.0,28224,1070,0.021444262352243802,0.5747663551401869
textVQA/train_images/d752ed9c0a5bf0fd.jpg,Fixed,336,336,2,144,266.0,29028.0,28224,1070,0.009163566211933306,0.2485981308411215
textVQA/train_images/dced6d4991f4632e.jpg,DRIP,336,336,0,145,,,28420,0,,
textVQA/train_images/dced6d4991f4632e.jpg,Fixed,336,336,0,144,,,28224,0,,
textVQA/train_images/dfe9bd50b0154a85.jpg,DRIP,336,336,2,145,6883.0,32827.0,28420,11290,0.20967496268315716,0.6096545615589016
textVQA/train_images/dfe9bd50b0154a85.jpg,Fixed,336,336,2,144,3205.0,36309.0,28224,11290,0.08827012586411083,0.2838795394154119
textVQA/train_images/e6331925eab49904.jpg,DRIP,336,336,0,145,,,28420,0,,
textVQA/train_images/e6331925eab49904.jpg,Fixed,336,336,0,144,,,28224,0,,
textVQA/train_images/ede449a84f6fba77.jpg,DRIP,336,336,5,145,5265.0,32930.0,28420,9775,0.15988460370482843,0.5386189258312021
textVQA/train_images/ede449a84f6fba77.jpg,Fixed,336,336,5,144,2316.0,35683.0,28224,9775,0.06490485665442929,0.2369309462915601
textVQA/train_images/ef0289acb724706c.jpg,DRIP,336,336,1,145,205.0,29370.0,28420,1155,0.006979911474293497,0.1774891774891775
textVQA/train_images/ef0289acb724706c.jpg,Fixed,336,336,1,144,390.0,28989.0,28224,1155,0.013453378867846425,0.33766233766233766
textVQA/train_images/f0823cbf952b7547.jpg,DRIP,336,336,4,144,2805.0,29358.0,28224,3939,0.09554465563049254,0.7121096725057121
textVQA/train_images/f0823cbf952b7547.jpg,Fixed,336,336,4,144,935.0,31228.0,28224,3939,0.029941078519277572,0.23736989083523738
textVQA/train_images/f473176f1265a938.jpg,DRIP,336,336,12,145,10373.0,34542.0,28420,16495,0.30030108273985295,0.6288572294634738
textVQA/train_images/f473176f1265a938.jpg,Fixed,336,336,12,144,4488.0,40231.0,28224,16495,0.11155576545450026,0.2720824492270385
textVQA/train_images/f477eeec5374737a.jpg,DRIP,336,336,0,144,,,28224,0,,
textVQA/train_images/f477eeec5374737a.jpg,Fixed,336,336,0,144,,,28224,0,,
totaltext/imgs/000000024.jpg,DRIP,336,336,1,144,19026.0,90846.0,28224,81648,0.20943134535367544,0.2330246913580247
totaltext/imgs/000000024.jpg,Fixed,336,336,1,144,20412.0,89460.0,28224,81648,0.22816901408450704,0.25
totaltext/imgs/000000072.jpg,DRIP,336,336,1,145,20888.0,88172.0,28420,80640,0.236900603366148,0.2590277777777778
totaltext/imgs/000000072.jpg,Fixed,336,336,1,144,20160.0,88704.0,28224,80640,0.22727272727272727,0.25
totaltext/imgs/000000180.jpg,DRIP,336,336,1,144,25102.0,110306.0,28224,107184,0.22756695012057368,0.23419540229885058
totaltext/imgs/000000180.jpg,Fixed,336,336,1,144,26796.0,108612.0,28224,107184,0.24671307037896364,0.25
totaltext/imgs/000000361.jpg,DRIP,336,336,1,145,19488.0,81172.0,28420,72240,0.24008278716798895,0.26976744186046514
totaltext/imgs/000000361.jpg,Fixed,336,336,1,144,18312.0,82152.0,28224,72240,0.2229038854805726,0.2534883720930233
totaltext/imgs/000000768.jpg,DRIP,336,336,1,144,14994.0,88359.0,28224,75129,0.16969408888737988,0.1995767280277922
totaltext/imgs/000000768.jpg,Fixed,336,336,1,144,19166.0,84187.0,28224,75129,0.22765985247128417,0.25510788111115545
totaltext/imgs/000001202.jpg,DRIP,336,336,1,144,1848.0,31416.0,28224,5040,0.058823529411764705,0.36666666666666664
totaltext/imgs/000001202.jpg,Fixed,336,336,1,144,1260.0,32004.0,28224,5040,0.03937007874015748,0.25
totaltext/imgs/000001358.jpg,DRIP,336,336,1,145,27650.0,109970.0,28420,109200,0.25143220878421385,0.2532051282051282
totaltext/imgs/000001358.jpg,Fixed,336,336,1,144,27300.0,110124.0,28224,109200,0.2479023646071701,0.25
totaltext/imgs/000001379.jpg,DRIP,336,336,1,145,24318.0,99190.0,28420,95088,0.24516584333098096,0.25574204946996465
totaltext/imgs/000001379.jpg,Fixed,336,336,1,144,23772.0,99540.0,28224,95088,0.23881856540084387,0.25
