image,method,image_width,image_height,num_craft_boxes,num_boundary_patches,intersection_pixels,union_pixels,boundary_pixels,text_pixels,iou,text_coverage
ChartQA/test/png/00795994017065.png,DRIP,336,336,21,59,4475.0,21346.0,11564,14257,0.20964115056685093,0.31388090061022655
ChartQA/test/png/00795994017065.png,Fixed,336,336,21,57,1691.0,23738.0,11172,14257,0.07123599292273991,0.11860840288980852
ChartQA/test/png/01499440003158.png,DRIP,336,336,30,59,3567.0,28086.0,11564,20089,0.12700277718436231,0.1775598586291005
ChartQA/test/png/01499440003158.png,Fixed,336,336,30,57,2167.0,29094.0,11172,20089,0.07448271121193373,0.10786997859525113
ChartQA/test/png/04960398003706.png,DRIP,336,336,12,58,3293.0,16888.0,11368,8813,0.19499052581714826,0.37365255872007264
ChartQA/test/png/04960398003706.png,Fixed,336,336,12,57,869.0,19116.0,11172,8813,0.04545930110901862,0.09860433450584365
ChartQA/test/png/10146.png,DRIP,336,336,37,59,4937.0,34066.0,11564,27439,0.1449245582105325,0.17992638215678414
ChartQA/test/png/10146.png,Fixed,336,336,37,57,2154.0,36457.0,11172,27439,0.05908330361796089,0.07850140311235833
ChartQA/test/png/13543.png,DRIP,336,336,46,59,6603.0,38532.0,11564,33571,0.1713640610401744,0.19668761728873135
ChartQA/test/png/13543.png,Fixed,336,336,46,57,3524.0,41219.0,11172,33571,0.08549455348261724,0.10497155282833398
ChartQA/test/png/19773854001562.png,DRIP,336,336,11,59,3206.0,16449.0,11564,8091,0.1949054653778345,0.39624273884563094
ChartQA/test/png/19773854001562.png,Fixed,336,336,11,57,763.0,18500.0,11172,8091,0.041243243243243244,0.0943023112099864
ChartQA/test/png/26282467018528.png,DRIP,336,336,22,58,4025.0,21772.0,11368,14429,0.18487047584052912,0.27895211033335643
ChartQA/test/png/26282467018528.png,Fixed,336,336,22,57,1455.0,24146.0,11172,14429,0.06025842789696016,0.10083858895280338
ChartQA/test/png/32315911008749.png,DRIP,336,336,22,59,3598.0,25111.0,11564,17145,0.1432838198399108,0.20985710119568388
ChartQA/test/png/32315911008749.png,Fixed,336,336,22,57,1709.0,26608.0,11172,17145,0.0642288033674083,0.09967920676582094
ChartQA/test/png/32511750001973.png,DRIP,336,336,20,59,3366.0,19406.0,11564,11208,0.1734515098423168,0.30032119914346894
ChartQA/test/png/32511750001973.png,Fixed,336,336,20,57,1309.0,21071.0,11172,11208,0.062123297422998436,0.11679157744468237
ChartQA/test/png/33677405003863.png,DRIP,336,336,16,59,3156.0,25900.0,11564,17492,0.12185328185328186,0.18042533729705007
ChartQA/test/png/33677405003863.png,Fixed,336,336,16,57,1790.0,26874.0,11172,17492,0.06660712956761182,0.10233249485479076
ChartQA/test/png/39067786005185.png,DRIP,336,336,16,59,3279.0,19563.0,11564,11278,0.1676123293973317,0.2907430395460188
ChartQA/test/png/39067786005185.png,Fixed,336,336,16,57,1326.0,21124.0,11172,11278,0.0627722022344253,0.11757403794999113
ChartQA/test/png/3960.png,DRIP,336,336,64,58,4782.0,42673.0,11368,36087,0.11206149087244863,0.13251309335771885
ChartQA/test/png/3960.png,Fixed,336,336,64,57,3673.0,43586.0,11172,36087,0.08427017849768274,0.10178180508216256
ChartQA/test/png/4178.png,DRIP,336,336,17,59,1455.0,15910.0,11564,5801,0.09145191703331239,0.2508188243406309
ChartQA/test/png/4178.png,Fixed,336,336,17,57,718.0,16255.0,11172,5801,0.04417102430021532,0.12377176348905361
ChartQA/test/png/427.png,DRIP,336,336,54,59,5714.0,37388.0,11564,31538,0.15282978495774044,0.18117826114528504
ChartQA/test/png/427.png,Fixed,336,336,54,57,3118.0,39592.0,11172,31538,0.07875328349161446,0.09886486143699665
ChartQA/test/png/4643.png,DRIP,336,336,28,59,4252.0,25147.0,11564,17835,0.16908577563924126,0.2384076254555649
ChartQA/test/png/4643.png,Fixed,336,336,28,57,1618.0,27389.0,11172,17835,0.05907481105553324,0.09072049341183067
ChartQA/test/png/4735.png,DRIP,336,336,19,59,1814.0,21211.0,11564,11461,0.08552166328791665,0.15827589215600732
ChartQA/test/png/4735.png,Fixed,336,336,19,57,1487.0,21146.0,11172,11461,0.07032062801475457,0.12974435040572377
ChartQA/test/png/50565869004099.png,DRIP,336,336,15,59,4628.0,22437.0,11564,15501,0.20626643490662744,0.2985613831365718
ChartQA/test/png/50565869004099.png,Fixed,336,336,15,57,1228.0,25445.0,11172,15501,0.048260955000982514,0.07922069543900394
ChartQA/test/png/52159158000443.png,DRIP,336,336,15,59,3920.0,19843.0,11564,12199,0.19755077357254447,0.3213378145749652
ChartQA/test/png/52159158000443.png,Fixed,336,336,15,57,1158.0,22213.0,11172,12199,0.052131634628370775,0.09492581359127797
ChartQA/test/png/56783352006090.png,DRIP,336,336,9,58,1367.0,14427.0,11368,4426,0.09475289387953144,0.3088567555354722
ChartQA/test/png/56783352006090.png,Fixed,336,336,9,57,439.0,15159.0,11172,4426,0.028959693911207864,0.09918662449164031
ChartQA/test/png/64690068017194.png,DRIP,336,336,22,59,4287.0,28232.0,11564,20955,0.15184896571266648,0.20458124552612741
ChartQA/test/png/64690068017194.png,Fixed,336,336,22,57,2099.0,30028.0,11172,20955,0.06990142533635274,0.10016702457647339
ChartQA/test/png/78465227007926.png,DRIP,336,336,25,59,3737.0,28928.0,11564,21101,0.12918279867256638,0.17710061134543387
ChartQA/test/png/78465227007926.png,Fixed,336,336,25,57,2293.0,29980.0,11172,21101,0.07648432288192128,0.10866783564759964
ChartQA/test/png/93336229007592.png,DRIP,336,336,19,59,3727.0,24906.0,11564,17069,0.14964265638801896,0.21834905384029527
ChartQA/test/png/93336229007592.png,Fixed,336,336,19,57,1694.0,26547.0,11172,17069,0.06381135344860059,0.09924424395102233
ChartQA/test/png/OECD_SAVING_RATE_BEL_MEX_000102.png,DRIP,336,336,2,59,182.0,11928.0,11564,546,0.015258215962441314,0.3333333333333333
ChartQA/test/png/OECD_SAVING_RATE_BEL_MEX_000102.png,Fixed,336,336,2,57,0.0,11718.0,11172,546,0.0,0.0
ChartQA/test/png/OECD_VIOLENCE_AGAINST_WOMEN_JAM_ZWE_000001.png,DRIP,336,336,3,59,1046.0,13679.0,11564,3161,0.07646757803933037,0.33090794052515027
ChartQA/test/png/OECD_VIOLENCE_AGAINST_WOMEN_JAM_ZWE_000001.png,Fixed,336,336,3,57,350.0,13983.0,11172,3161,0.02503039404991776,0.11072445428661816
ChartQA/test/png/multi_col_100190.png,DRIP,336,336,23,59,2516.0,21115.0,11564,12067,0.11915699739521667,0.20850252755448745
ChartQA/test/png/multi_col_100190.png,Fixed,336,336,23,57,1574.0,21665.0,11172,12067,0.07265174244172629,0.13043838567995358
ChartQA/test/png/multi_col_100264.png,DRIP,336,336,5,59,1002.0,13444.0,11564,2882,0.07453138946742041,0.34767522553782093
ChartQA/test/png/multi_col_100264.png,Fixed,336,336,5,57,271.0,13783.0,11172,2882,0.01966190234346659,0.09403192227619708
ChartQA/test/png/multi_col_1009.png,DRIP,336,336,27,59,1133.0,19818.0,11564,9387,0.05717024926834191,0.12069883881964419
ChartQA/test/png/multi_col_1009.png,Fixed,336,336,27,57,1017.0,19542.0,11172,9387,0.05204175621737796,0.10834132310642378
ChartQA/test/png/multi_col_100960.png,DRIP,336,336,13,59,0.0,14273.0,11564,2709,0.0,0.0
ChartQA/test/png/multi_col_100960.png,Fixed,336,336,13,57,132.0,13749.0,11172,2709,0.009600698232598735,0.048726467331118496
ChartQA/test/png/multi_col_101208.png,DRIP,336,336,20,59,794.0,17486.0,11564,6716,0.04540775477524877,0.1182251340083383
ChartQA/test/png/multi_col_101208.png,Fixed,336,336,20,57,1100.0,16788.0,11172,6716,0.06552299261377174,0.16378796902918405
ChartQA/test/png/multi_col_103.png,DRIP,336,336,7,59,1138.0,13780.0,11564,3354,0.08258345428156749,0.3392963625521765
ChartQA/test/png/multi_col_103.png,Fixed,336,336,7,57,503.0,14023.0,11172,3354,0.03586964272980104,0.14997018485390579
ChartQA/test/png/multi_col_1303.png,DRIP,336,336,16,59,1035.0,16175.0,11564,5646,0.06398763523956723,0.18331562167906482
ChartQA/test/png/multi_col_1303.png,Fixed,336,336,16,57,390.0,16428.0,11172,5646,0.023739956172388606,0.06907545164718384
ChartQA/test/png/multi_col_20159.png,DRIP,336,336,6,59,1418.0,13877.0,11564,3731,0.10218346904950638,0.3800589654248191
ChartQA/test/png/multi_col_20159.png,Fixed,336,336,6,57,334.0,14569.0,11172,3731,0.022925389525705265,0.08952023586169927
ChartQA/test/png/multi_col_20387.png,DRIP,336,336,25,59,1418.0,19212.0,11564,9066,0.07380803664376431,0.15640855945290094
ChartQA/test/png/multi_col_20387.png,Fixed,336,336,25,57,1193.0,19045.0,11172,9066,0.06264111315305855,0.1315905581292742
ChartQA/test/png/multi_col_20452.png,DRIP,336,336,34,59,1713.0,22215.0,11564,12364,0.07711006076975017,0.1385473956648334
ChartQA/test/png/multi_col_20452.png,Fixed,336,336,34,57,1215.0,22321.0,11172,12364,0.0544330451144662,0.09826916855386607
ChartQA/test/png/multi_col_40871.png,DRIP,336,336,19,59,1255.0,16095.0,11564,5786,0.07797452625038832,0.21690286899412375
ChartQA/test/png/multi_col_40871.png,Fixed,336,336,19,57,437.0,16521.0,11172,5786,0.026451183342412688,0.07552713446249568
ChartQA/test/png/multi_col_41003.png,DRIP,336,336,8,59,1654.0,15078.0,11564,5168,0.10969624618649688,0.32004643962848295
ChartQA/test/png/multi_col_41003.png,Fixed,336,336,8,57,526.0,15814.0,11172,5168,0.03326166687745036,0.10178018575851393
ChartQA/test/png/multi_col_60150.png,DRIP,336,336,17,59,839.0,15264.0,11564,4539,0.05496593291404612,0.18484247631636924
ChartQA/test/png/multi_col_60150.png,Fixed,336,336,17,57,430.0,15281.0,11172,4539,0.028139519664943394,0.09473452302269222
ChartQA/test/png/multi_col_60240.png,DRIP,336,336,7,59,1326.0,14200.0,11564,3962,0.09338028169014084,0.3346794548207976
ChartQA/test/png/multi_col_60240.png,Fixed,336,336,7,57,417.0,14717.0,11172,3962,0.028334579058231977,0.10524987380111055
ChartQA/test/png/multi_col_60502.png,DRIP,336,336,4,59,820.0,12747.0,11564,2003,0.06432886169294735,0.4093859211183225
ChartQA/test/png/multi_col_60502.png,Fixed,336,336,4,57,232.0,12943.0,11172,2003,0.017924746967472767,0.11582626060908637
ChartQA/test/png/multi_col_60831.png,DRIP,336,336,9,59,1082.0,14368.0,11564,3886,0.07530623608017817,0.2784354091610911
ChartQA/test/png/multi_col_60831.png,Fixed,336,336,9,57,387.0,14671.0,11172,3886,0.026378569967964012,0.09958826556870819
ChartQA/test/png/multi_col_80270.png,DRIP,336,336,13,59,1204.0,16398.0,11564,6038,0.0734235882424686,0.19940377608479629
ChartQA/test/png/multi_col_80270.png,Fixed,336,336,13,57,634.0,16576.0,11172,6038,0.0382480694980695,0.10500165617754223
ChartQA/test/png/multi_col_852.png,DRIP,336,336,5,59,638.0,12303.0,11564,1377,0.05185727058441031,0.46332607116920843
ChartQA/test/png/multi_col_852.png,Fixed,336,336,5,57,147.0,12402.0,11172,1377,0.01185292694726657,0.10675381263616558
ChartQA/test/png/multi_col_959.png,DRIP,336,336,40,59,1404.0,23672.0,11564,13512,0.05931057789793849,0.10390763765541741
ChartQA/test/png/multi_col_959.png,Fixed,336,336,40,57,1451.0,23233.0,11172,13512,0.06245426763655146,0.10738602723505032
ChartQA/test/png/two_col_100025.png,DRIP,336,336,9,59,2417.0,15103.0,11564,5956,0.16003443024564656,0.4058092679650772
ChartQA/test/png/two_col_100025.png,Fixed,336,336,9,57,708.0,16420.0,11172,5956,0.043118148599269185,0.11887172599059771
ChartQA/test/png/two_col_100193.png,DRIP,336,336,15,59,605.0,18114.0,11564,7155,0.033399580435022634,0.08455625436757512
ChartQA/test/png/two_col_100193.png,Fixed,336,336,15,57,593.0,17734.0,11172,7155,0.03343859253411526,0.08287910552061495
ChartQA/test/png/two_col_100878.png,DRIP,336,336,0,59,,,11564,0,,
ChartQA/test/png/two_col_100878.png,Fixed,336,336,0,57,,,11172,0,,
ChartQA/test/png/two_col_101140.png,DRIP,336,336,13,59,1229.0,14862.0,11564,4527,0.08269411923025165,0.2714822178042854
ChartQA/test/png/two_col_101140.png,Fixed,336,336,13,57,716.0,14983.0,11172,4527,0.047787492491490356,0.1581621382814226
ChartQA/test/png/two_col_101214.png,DRIP,336,336,5,59,476.0,12883.0,11564,1795,0.03694791585810758,0.26518105849582174
ChartQA/test/png/two_col_101214.png,Fixed,336,336,5,57,214.0,12753.0,11172,1795,0.016780365404218615,0.1192200557103064
ChartQA/test/png/two_col_101527.png,DRIP,336,336,4,59,640.0,12717.0,11564,1793,0.0503263348273964,0.3569436698271054
ChartQA/test/png/two_col_101527.png,Fixed,336,336,4,57,168.0,12797.0,11172,1793,0.013128076893021801,0.09369771332961517
ChartQA/test/png/two_col_102416.png,DRIP,336,336,10,59,1064.0,12942.0,11564,2442,0.08221295008499459,0.4357084357084357
ChartQA/test/png/two_col_102416.png,Fixed,336,336,10,57,256.0,13358.0,11172,2442,0.019164545590657285,0.10483210483210484
ChartQA/test/png/two_col_103718.png,DRIP,336,336,11,59,932.0,13261.0,11564,2629,0.07028127592187618,0.35450741726892354
ChartQA/test/png/two_col_103718.png,Fixed,336,336,11,57,324.0,13477.0,11172,2629,0.024040958670327225,0.12324077596044124
ChartQA/test/png/two_col_104683.png,DRIP,336,336,14,59,1276.0,13698.0,11564,3410,0.09315228500511023,0.3741935483870968
ChartQA/test/png/two_col_104683.png,Fixed,336,336,14,57,375.0,14207.0,11172,3410,0.026395438868163583,0.10997067448680352
ChartQA/test/png/two_col_117.png,DRIP,336,336,8,59,974.0,13384.0,11564,2794,0.07277346084877466,0.34860415175375803
ChartQA/test/png/two_col_117.png,Fixed,336,336,8,57,328.0,13638.0,11172,2794,0.024050447279659774,0.11739441660701504
ChartQA/test/png/two_col_1497.png,DRIP,336,336,11,59,831.0,14529.0,11564,3796,0.05719595292174272,0.21891464699683877
ChartQA/test/png/two_col_1497.png,Fixed,336,336,11,57,235.0,14733.0,11172,3796,0.015950587117355596,0.0619072708113804
ChartQA/test/png/two_col_1811.png,DRIP,336,336,4,59,0.0,13249.0,11564,1685,0.0,0.0
ChartQA/test/png/two_col_1811.png,Fixed,336,336,4,57,1.0,12856.0,11172,1685,7.778469197261979e-05,0.0005934718100890207
ChartQA/test/png/two_col_1825.png,DRIP,336,336,11,59,1266.0,13191.0,11564,2893,0.09597452808733227,0.4376080193570688
ChartQA/test/png/two_col_1825.png,Fixed,336,336,11,57,278.0,13787.0,11172,2893,0.020163922535722058,0.09609402004839267
ChartQA/test/png/two_col_20485.png,DRIP,336,336,5,59,772.0,11991.0,11564,1199,0.06438161954799433,0.6438698915763136
ChartQA/test/png/two_col_20485.png,Fixed,336,336,5,57,136.0,12235.0,11172,1199,0.01111565181855333,0.1134278565471226
ChartQA/test/png/two_col_2055.png,DRIP,336,336,2,59,0.0,12282.0,11564,718,0.0,0.0
ChartQA/test/png/two_col_2055.png,Fixed,336,336,2,57,168.0,11722.0,11172,718,0.014332025251663539,0.233983286908078
ChartQA/test/png/two_col_20719.png,DRIP,336,336,21,59,1170.0,16893.0,11564,6499,0.06925945657964838,0.18002769656870288
ChartQA/test/png/two_col_20719.png,Fixed,336,336,21,57,421.0,17250.0,11172,6499,0.024405797101449276,0.06477919679950761
ChartQA/test/png/two_col_21522.png,DRIP,336,336,10,59,1237.0,12835.0,11564,2508,0.09637709388391118,0.4932216905901116
ChartQA/test/png/two_col_21522.png,Fixed,336,336,10,57,273.0,13407.0,11172,2508,0.020362497202953682,0.10885167464114832
ChartQA/test/png/two_col_21737.png,DRIP,336,336,14,59,1540.0,13874.0,11564,3850,0.11099899091826437,0.4
ChartQA/test/png/two_col_21737.png,Fixed,336,336,14,57,89.0,14933.0,11172,3850,0.005959954463269269,0.023116883116883116
ChartQA/test/png/two_col_22250.png,DRIP,336,336,14,59,1128.0,13901.0,11564,3465,0.08114524134954319,0.3255411255411255
ChartQA/test/png/two_col_22250.png,Fixed,336,336,14,57,279.0,14358.0,11172,3465,0.019431675720852488,0.08051948051948052
ChartQA/test/png/two_col_22287.png,DRIP,336,336,15,59,1360.0,14087.0,11564,3883,0.09654291190459288,0.3502446561936647
ChartQA/test/png/two_col_22287.png,Fixed,336,336,15,57,402.0,14653.0,11172,3883,0.02743465501944994,0.1035281998454803
ChartQA/test/png/two_col_22364.png,DRIP,336,336,6,59,835.0,12511.0,11564,1782,0.0667412676844377,0.4685746352413019
ChartQA/test/png/two_col_22364.png,Fixed,336,336,6,57,150.0,12804.0,11172,1782,0.011715089034676664,0.08417508417508418
ChartQA/test/png/two_col_22387.png,DRIP,336,336,20,59,1683.0,15763.0,11564,5882,0.10676901605024425,0.2861271676300578
ChartQA/test/png/two_col_22387.png,Fixed,336,336,20,57,757.0,16297.0,11172,5882,0.046450266920292076,0.1286977218633118
ChartQA/test/png/two_col_22832.png,DRIP,336,336,6,59,906.0,13188.0,11564,2530,0.06869881710646042,0.35810276679841896
ChartQA/test/png/two_col_22832.png,Fixed,336,336,6,57,248.0,13454.0,11172,2530,0.018433179723502304,0.09802371541501977
ChartQA/test/png/two_col_23276.png,DRIP,336,336,4,58,44.0,12434.0,11368,1110,0.003538684252855075,0.03963963963963964
ChartQA/test/png/two_col_23276.png,Fixed,336,336,4,57,96.0,12186.0,11172,1110,0.007877892663712457,0.08648648648648649
ChartQA/test/png/two_col_23773.png,DRIP,336,336,16,59,2471.0,14590.0,11564,5497,0.16936257710760796,0.4495179188648354
ChartQA/test/png/two_col_23773.png,Fixed,336,336,16,57,348.0,16321.0,11172,5497,0.021322222903008396,0.06330725850463889
ChartQA/test/png/two_col_23924.png,DRIP,336,336,9,59,1277.0,12696.0,11564,2409,0.10058286074354127,0.5300954753009548
ChartQA/test/png/two_col_23924.png,Fixed,336,336,9,57,171.0,13410.0,11172,2409,0.012751677852348993,0.07098381070983811
ChartQA/test/png/two_col_24074.png,DRIP,336,336,11,59,1317.0,13994.0,11564,3747,0.09411176218379305,0.3514811849479584
ChartQA/test/png/two_col_24074.png,Fixed,336,336,11,57,368.0,14551.0,11172,3747,0.02529035805099306,0.09821190285561783
ChartQA/test/png/two_col_24134.png,DRIP,336,336,9,58,427.0,13602.0,11368,2661,0.031392442287898836,0.16046599022923713
ChartQA/test/png/two_col_24134.png,Fixed,336,336,9,57,328.0,13505.0,11172,2661,0.024287300999629766,0.1232619316046599
ChartQA/test/png/two_col_24274.png,DRIP,336,336,7,59,727.0,13364.0,11564,2527,0.05439988027536666,0.28769291650178075
ChartQA/test/png/two_col_24274.png,Fixed,336,336,7,57,98.0,13601.0,11172,2527,0.007205352547606794,0.038781163434903045
ChartQA/test/png/two_col_24431.png,DRIP,336,336,4,59,168.0,13099.0,11564,1703,0.012825406519581648,0.09864944216089254
ChartQA/test/png/two_col_24431.png,Fixed,336,336,4,57,246.0,12629.0,11172,1703,0.01947897695779555,0.1444509688784498
ChartQA/test/png/two_col_24561.png,DRIP,336,336,1,59,818.0,11825.0,11564,1079,0.0691754756871036,0.758109360518999
ChartQA/test/png/two_col_24561.png,Fixed,336,336,1,57,14.0,12237.0,11172,1079,0.001144071259295579,0.012974976830398516
ChartQA/test/png/two_col_3365.png,DRIP,336,336,19,59,1154.0,16904.0,11564,6494,0.06826786559394227,0.1777024946104096
ChartQA/test/png/two_col_3365.png,Fixed,336,336,19,57,564.0,17102.0,11172,6494,0.03297859899426968,0.08684939944564213
ChartQA/test/png/two_col_3712.png,DRIP,336,336,8,59,963.0,12691.0,11564,2090,0.07588054526830038,0.46076555023923443
ChartQA/test/png/two_col_3712.png,Fixed,336,336,8,57,12.0,13250.0,11172,2090,0.0009056603773584906,0.005741626794258373
ChartQA/test/png/two_col_40195.png,DRIP,336,336,16,59,1187.0,15225.0,11564,4848,0.07796387520525451,0.24484323432343233
ChartQA/test/png/two_col_40195.png,Fixed,336,336,16,57,412.0,15608.0,11172,4848,0.026396719630958482,0.08498349834983498
ChartQA/test/png/two_col_4020.png,DRIP,336,336,4,59,166.0,12736.0,11564,1338,0.013033919597989949,0.12406576980568013
ChartQA/test/png/two_col_4020.png,Fixed,336,336,4,57,56.0,12454.0,11172,1338,0.004496547294042075,0.04185351270553064
ChartQA/test/png/two_col_40213.png,DRIP,336,336,10,59,933.0,13095.0,11564,2464,0.07124856815578465,0.3786525974025974
ChartQA/test/png/two_col_40213.png,Fixed,336,336,10,57,274.0,13362.0,11172,2464,0.020505912288579554,0.1112012987012987
ChartQA/test/png/two_col_40936.png,DRIP,336,336,3,59,754.0,12119.0,11564,1309,0.062216354484693454,0.5760122230710466
ChartQA/test/png/two_col_40936.png,Fixed,336,336,3,57,21.0,12460.0,11172,1309,0.0016853932584269663,0.016042780748663103
ChartQA/test/png/two_col_4148.png,DRIP,336,336,8,59,1007.0,13157.0,11564,2600,0.07653720452990803,0.3873076923076923
ChartQA/test/png/two_col_4148.png,Fixed,336,336,8,57,260.0,13512.0,11172,2600,0.019242155121373596,0.1
ChartQA/test/png/two_col_42656.png,DRIP,336,336,10,59,1094.0,13318.0,11564,2848,0.08214446613605647,0.38412921348314605
ChartQA/test/png/two_col_42656.png,Fixed,336,336,10,57,260.0,13760.0,11172,2848,0.0188953488372093,0.09129213483146068
ChartQA/test/png/two_col_42809.png,DRIP,336,336,6,59,861.0,12155.0,11564,1452,0.07083504730563554,0.5929752066115702
ChartQA/test/png/two_col_42809.png,Fixed,336,336,6,57,149.0,12475.0,11172,1452,0.011943887775551103,0.10261707988980716
ChartQA/test/png/two_col_42876.png,DRIP,336,336,10,59,550.0,14466.0,11564,3452,0.03802018526199364,0.1593279258400927
ChartQA/test/png/two_col_42876.png,Fixed,336,336,10,57,389.0,14235.0,11172,3452,0.027327010888654725,0.1126882966396292
ChartQA/test/png/two_col_4371.png,DRIP,336,336,8,59,750.0,12706.0,11564,1892,0.05902723122934047,0.3964059196617336
ChartQA/test/png/two_col_4371.png,Fixed,336,336,8,57,207.0,12857.0,11172,1892,0.016100178890876567,0.10940803382663848
ChartQA/test/png/two_col_43770.png,DRIP,336,336,12,59,1153.0,13337.0,11564,2926,0.08645122591287396,0.3940533151059467
ChartQA/test/png/two_col_43770.png,Fixed,336,336,12,57,350.0,13748.0,11172,2926,0.025458248472505093,0.11961722488038277
ChartQA/test/png/two_col_4585.png,DRIP,336,336,4,59,0.0,12821.0,11564,1257,0.0,0.0
ChartQA/test/png/two_col_4585.png,Fixed,336,336,4,57,83.0,12346.0,11172,1257,0.0067228252065446295,0.066030230708035
ChartQA/test/png/two_col_464.png,DRIP,336,336,3,59,508.0,12673.0,11564,1617,0.040085220547620926,0.3141620284477427
ChartQA/test/png/two_col_464.png,Fixed,336,336,3,57,149.0,12640.0,11172,1617,0.011787974683544304,0.09214594928880643
ChartQA/test/png/two_col_474.png,DRIP,336,336,4,59,433.0,12215.0,11564,1084,0.03544821940237413,0.3994464944649446
ChartQA/test/png/two_col_474.png,Fixed,336,336,4,57,13.0,12243.0,11172,1084,0.0010618312505104959,0.011992619926199263
ChartQA/test/png/two_col_4872.png,DRIP,336,336,12,59,1926.0,15784.0,11564,6146,0.12202230106436898,0.31337455255450697
ChartQA/test/png/two_col_4872.png,Fixed,336,336,12,57,436.0,16882.0,11172,6146,0.025826323895273073,0.07094044907256752
ChartQA/test/png/two_col_5155.png,DRIP,336,336,1,58,0.0,11775.0,11368,407,0.0,0.0
ChartQA/test/png/two_col_5155.png,Fixed,336,336,1,57,28.0,11551.0,11172,407,0.0024240325512942603,0.0687960687960688
ChartQA/test/png/two_col_5244.png,DRIP,336,336,11,59,1093.0,13210.0,11564,2739,0.08274034822104466,0.3990507484483388
ChartQA/test/png/two_col_5244.png,Fixed,336,336,11,57,71.0,13840.0,11172,2739,0.005130057803468208,0.025921869295363272
ChartQA/test/png/two_col_5445.png,DRIP,336,336,22,59,2199.0,20299.0,11564,10934,0.10833045962855313,0.20111578562282786
ChartQA/test/png/two_col_5445.png,Fixed,336,336,22,57,1076.0,21030.0,11172,10934,0.05116500237755587,0.09840863361990122
ChartQA/test/png/two_col_61362.png,DRIP,336,336,8,59,1080.0,12552.0,11564,2068,0.08604206500956023,0.5222437137330754
ChartQA/test/png/two_col_61362.png,Fixed,336,336,8,57,100.0,13140.0,11172,2068,0.0076103500761035,0.048355899419729204
ChartQA/test/png/two_col_61646.png,DRIP,336,336,1,59,0.0,11861.0,11564,297,0.0,0.0
ChartQA/test/png/two_col_61646.png,Fixed,336,336,1,57,0.0,11469.0,11172,297,0.0,0.0
ChartQA/test/png/two_col_66.png,DRIP,336,336,10,59,922.0,14660.0,11564,4018,0.06289222373806276,0.22946739671478347
ChartQA/test/png/two_col_66.png,Fixed,336,336,10,57,301.0,14889.0,11172,4018,0.020216267042783263,0.07491289198606271
ChartQA/test/png/two_col_80646.png,DRIP,336,336,8,59,647.0,13051.0,11564,2134,0.04957474523025056,0.30318650421743204
ChartQA/test/png/two_col_80646.png,Fixed,336,336,8,57,260.0,13046.0,11172,2134,0.01992948030047524,0.1218369259606373
ChartQA/test/png/two_col_80717.png,DRIP,336,336,12,59,1266.0,13268.0,11564,2970,0.09541754597527886,0.4262626262626263
ChartQA/test/png/two_col_80717.png,Fixed,336,336,12,57,238.0,13904.0,11172,2970,0.017117376294591483,0.08013468013468013
ChartQA/test/png/two_col_81125.png,DRIP,336,336,8,59,1175.0,14330.0,11564,3941,0.08199581297976273,0.2981476782542502
ChartQA/test/png/two_col_81125.png,Fixed,336,336,8,57,383.0,14730.0,11172,3941,0.026001357773251868,0.0971834559756407
ChartQA/test/png/two_col_959.png,DRIP,336,336,7,59,565.0,13291.0,11564,2292,0.042509969152057785,0.24650959860383945
ChartQA/test/png/two_col_959.png,Fixed,336,336,7,57,270.0,13194.0,11172,2292,0.020463847203274217,0.11780104712041885
ESTVQA/images/train/011379.jpg,DRIP,336,336,3,59,1441.0,12470.0,11564,2347,0.11555733761026464,0.613975287601193
ESTVQA/images/train/011379.jpg,Fixed,336,336,3,57,182.0,13337.0,11172,2347,0.01364624728199745,0.07754580315296122
ESTVQA/images/train/011382.jpg,DRIP,336,336,1,59,4606.0,18769.0,11564,11811,0.2454046566146305,0.3899754466175599
ESTVQA/images/train/011382.jpg,Fixed,336,336,1,57,1134.0,21849.0,11172,11811,0.05190168886447892,0.09601219202438405
ESTVQA/images/train/011384.jpg,DRIP,336,336,1,59,1944.0,11900.0,11564,2280,0.16336134453781512,0.8526315789473684
ESTVQA/images/train/011384.jpg,Fixed,336,336,1,57,266.0,13186.0,11172,2280,0.020172910662824207,0.11666666666666667
ESTVQA/images/train/011400.jpg,DRIP,336,336,2,59,5446.0,33229.0,11564,27111,0.16389298504318517,0.20087787245029692
ESTVQA/images/train/011400.jpg,Fixed,336,336,2,57,2674.0,35609.0,11172,27111,0.07509337527029683,0.09863155176865479
ESTVQA/images/train/011436.jpg,DRIP,336,336,2,59,4550.0,16861.0,11564,9847,0.26985350809560527,0.46206966588808773
ESTVQA/images/train/011436.jpg,Fixed,336,336,2,57,870.0,20149.0,11172,9847,0.04317832150478932,0.08835178226871128
ESTVQA/images/train/011437.jpg,DRIP,336,336,5,59,3327.0,13903.0,11564,5666,0.2393008703157592,0.5871867278503353
ESTVQA/images/train/011437.jpg,Fixed,336,336,5,57,676.0,16162.0,11172,5666,0.04182650662046777,0.11930815390045887
ESTVQA/images/train/011468.jpg,DRIP,336,336,4,59,5404.0,36955.0,11564,30795,0.14623190366662156,0.1754830329598961
ESTVQA/images/train/011468.jpg,Fixed,336,336,4,57,2928.0,39039.0,11172,30795,0.07500192115576731,0.0950803701899659
ESTVQA/images/train/011532.jpg,DRIP,336,336,2,59,1764.0,14590.0,11564,4790,0.12090472926662098,0.3682672233820459
ESTVQA/images/train/011532.jpg,Fixed,336,336,2,57,271.0,15691.0,11172,4790,0.01727104709706201,0.05657620041753653
ESTVQA/images/train/011540.jpg,DRIP,336,336,2,59,3122.0,24261.0,11564,15819,0.12868389596471705,0.1973576079398192
ESTVQA/images/train/011540.jpg,Fixed,336,336,2,57,1568.0,25423.0,11172,15819,0.061676434724462104,0.0991213098173083
ESTVQA/images/train/011553.jpg,DRIP,336,336,2,59,2296.0,18045.0,11564,8777,0.12723746190080354,0.2615927993619688
ESTVQA/images/train/011553.jpg,Fixed,336,336,2,57,980.0,18969.0,11172,8777,0.05166324002319574,0.11165546314230375
ESTVQA/images/train/011569.jpg,DRIP,336,336,1,59,959.0,11594.0,11564,989,0.08271519751595653,0.9696663296258847
ESTVQA/images/train/011569.jpg,Fixed,336,336,1,57,0.0,12161.0,11172,989,0.0,0.0
ESTVQA/images/train/011573.jpg,DRIP,336,336,1,59,3094.0,15425.0,11564,6955,0.2005834683954619,0.44485981308411215
ESTVQA/images/train/011573.jpg,Fixed,336,336,1,57,518.0,17609.0,11172,6955,0.029416775512522007,0.07447879223580157
ESTVQA/images/train/011621.jpg,DRIP,336,336,1,59,2442.0,12956.0,11564,3834,0.18848410003087374,0.6369327073552425
ESTVQA/images/train/011621.jpg,Fixed,336,336,1,57,336.0,14670.0,11172,3834,0.022903885480572598,0.08763693270735524
ESTVQA/images/train/011638.jpg,DRIP,336,336,8,59,3533.0,39479.0,11564,31448,0.08949061526381114,0.11234418722971254
ESTVQA/images/train/011638.jpg,Fixed,336,336,8,57,2835.0,39785.0,11172,31448,0.07125801181349754,0.0901488170948868
ESTVQA/images/train/011663.jpg,DRIP,336,336,1,59,776.0,11777.0,11564,989,0.06589114375477625,0.7846309403437816
ESTVQA/images/train/011663.jpg,Fixed,336,336,1,57,84.0,12077.0,11172,989,0.006955369711020949,0.08493427704752275
ESTVQA/images/train/011664.jpg,DRIP,336,336,7,59,4965.0,40585.0,11564,33986,0.12233583836392756,0.1460895662920026
ESTVQA/images/train/011664.jpg,Fixed,336,336,7,57,3556.0,41602.0,11172,33986,0.08547665977597231,0.10463131877832048
ESTVQA/images/train/011671.jpg,DRIP,336,336,1,59,4844.0,44688.0,11564,37968,0.10839598997493734,0.1275811209439528
ESTVQA/images/train/011671.jpg,Fixed,336,336,1,57,3752.0,45388.0,11172,37968,0.08266502159161011,0.09882005899705015
ESTVQA/images/train/011682.jpg,DRIP,336,336,2,58,447.0,11592.0,11368,671,0.038561076604554864,0.6661698956780924
ESTVQA/images/train/011682.jpg,Fixed,336,336,2,57,55.0,11788.0,11172,671,0.004665761791652528,0.08196721311475409
ESTVQA/images/train/011718.jpg,DRIP,336,336,8,59,6034.0,44517.0,11564,38987,0.13554372486915112,0.15476953856413678
ESTVQA/images/train/011718.jpg,Fixed,336,336,8,57,3984.0,46175.0,11172,38987,0.08628045479155387,0.10218790879010953
ESTVQA/images/train/011737.jpg,DRIP,336,336,1,59,1386.0,14180.0,11564,4002,0.09774330042313117,0.34632683658170915
ESTVQA/images/train/011737.jpg,Fixed,336,336,1,57,238.0,14936.0,11172,4002,0.015934654525977504,0.059470264867566215
ESTVQA/images/train/011764.jpg,DRIP,336,336,2,59,4466.0,53754.0,11564,46656,0.08308218923242922,0.0957218792866941
ESTVQA/images/train/011764.jpg,Fixed,336,336,2,57,4452.0,53376.0,11172,46656,0.08340827338129496,0.09542181069958848
ESTVQA/images/train/011815.jpg,DRIP,336,336,1,59,3570.0,39439.0,11564,31445,0.09051953649940414,0.11353156304658928
ESTVQA/images/train/011815.jpg,Fixed,336,336,1,57,3079.0,39538.0,11172,31445,0.0778744498963023,0.09791699793289871
ESTVQA/images/train/011824.jpg,DRIP,336,336,1,58,406.0,12643.0,11368,1681,0.03211263149568931,0.2415229030339084
ESTVQA/images/train/011824.jpg,Fixed,336,336,1,57,196.0,12657.0,11172,1681,0.015485502093703089,0.11659726353361094
ESTVQA/images/train/011825.jpg,DRIP,336,336,2,59,1148.0,34057.0,11564,23641,0.03370819508471093,0.04855970559620997
ESTVQA/images/train/011825.jpg,Fixed,336,336,2,57,2086.0,32727.0,11172,23641,0.06373942005072264,0.08823653821750349
ESTVQA/images/train/011827.jpg,DRIP,336,336,8,59,7190.0,58284.0,11564,53910,0.12336147141582596,0.13337043220181785
ESTVQA/images/train/011827.jpg,Fixed,336,336,8,57,5276.0,59806.0,11172,53910,0.08821857338728556,0.09786681506214061
ESTVQA/images/train/011857.jpg,DRIP,336,336,1,59,6678.0,67718.0,11564,62832,0.0986148439115154,0.10628342245989304
ESTVQA/images/train/011857.jpg,Fixed,336,336,1,57,6174.0,67830.0,11172,62832,0.09102167182662539,0.0982620320855615
ESTVQA/images/train/011896.jpg,DRIP,336,336,1,59,3472.0,13412.0,11564,5320,0.2588726513569937,0.6526315789473685
ESTVQA/images/train/011896.jpg,Fixed,336,336,1,57,560.0,15932.0,11172,5320,0.0351493848857645,0.10526315789473684
ESTVQA/images/train/011898.jpg,DRIP,336,336,1,58,1022.0,11585.0,11368,1239,0.08821752265861027,0.8248587570621468
ESTVQA/images/train/011898.jpg,Fixed,336,336,1,57,0.0,12411.0,11172,1239,0.0,0.0
ESTVQA/images/train/011899.jpg,DRIP,336,336,1,58,1624.0,12719.0,11368,2975,0.12768299394606494,0.5458823529411765
ESTVQA/images/train/011899.jpg,Fixed,336,336,1,57,294.0,13853.0,11172,2975,0.021222839818089943,0.0988235294117647
ESTVQA/images/train/011929.jpg,DRIP,336,336,2,59,4038.0,15245.0,11564,7719,0.2648737290915054,0.5231247570928876
ESTVQA/images/train/011929.jpg,Fixed,336,336,2,57,784.0,18107.0,11172,7719,0.043298171977688184,0.10156756056484001
ESTVQA/images/train/011938.jpg,DRIP,336,336,1,59,233.0,11734.0,11564,403,0.019856826316686553,0.5781637717121588
ESTVQA/images/train/011938.jpg,Fixed,336,336,1,57,0.0,11575.0,11172,403,0.0,0.0
ESTVQA/images/train/011954.jpg,DRIP,336,336,3,59,2371.0,13208.0,11564,4015,0.17951241671714113,0.5905354919053549
ESTVQA/images/train/011954.jpg,Fixed,336,336,3,57,518.0,14669.0,11172,4015,0.035312563910287,0.1290161892901619
ESTVQA/images/train/011984.jpg,DRIP,336,336,1,59,,,11564,0,,
ESTVQA/images/train/011984.jpg,Fixed,336,336,1,57,,,11172,0,,
ESTVQA/images/train/011987.jpg,DRIP,336,336,2,59,4400.0,27458.0,11564,20294,0.16024473741714618,0.21681285108899181
ESTVQA/images/train/011987.jpg,Fixed,336,336,2,57,2030.0,29436.0,11172,20294,0.06896317434434027,0.10002956538878487
ESTVQA/images/train/012077.jpg,DRIP,336,336,4,59,10892.0,100752.0,11564,100080,0.1081070350960775,0.10883293365307754
ESTVQA/images/train/012077.jpg,Fixed,336,336,4,57,9898.0,101354.0,11172,100080,0.09765771454505989,0.09890087929656274
ESTVQA/images/train/012118.jpg,DRIP,336,336,5,59,8442.0,79287.0,11564,76165,0.10647394907109614,0.11083831156042802
ESTVQA/images/train/012118.jpg,Fixed,336,336,5,57,7896.0,79441.0,11172,76165,0.09939451920293048,0.10366966454408193
ESTVQA/images/train/012121.jpg,DRIP,336,336,9,59,3479.0,15655.0,11564,7570,0.22222931970616416,0.4595772787318362
ESTVQA/images/train/012121.jpg,Fixed,336,336,9,57,814.0,17928.0,11172,7570,0.04540383757251227,0.10752972258916776
ESTVQA/images/train/012125.jpg,DRIP,336,336,2,59,3318.0,26285.0,11564,18039,0.12623169107856191,0.1839348079161816
ESTVQA/images/train/012125.jpg,Fixed,336,336,2,57,1584.0,27627.0,11172,18039,0.05733521555000543,0.08780974555130551
ESTVQA/images/train/012174.jpg,DRIP,336,336,16,59,8476.0,78982.0,11564,75894,0.10731559089412777,0.1116820829051045
ESTVQA/images/train/012174.jpg,Fixed,336,336,16,57,7489.0,79577.0,11172,75894,0.09411010719177652,0.09867710227422458
ESTVQA/images/train/012225.jpg,DRIP,336,336,3,59,3079.0,30824.0,11564,22339,0.09988969634051388,0.13783069967321723
ESTVQA/images/train/012225.jpg,Fixed,336,336,3,57,2562.0,30949.0,11172,22339,0.0827813499628421,0.1146873181431577
ESTVQA/images/train/012228.jpg,DRIP,336,336,3,59,5614.0,34609.0,11564,28659,0.16221214135051576,0.19588959838096234
ESTVQA/images/train/012228.jpg,Fixed,336,336,3,57,2768.0,37063.0,11172,28659,0.0746836467636187,0.0965839701315468
ESTVQA/images/train/012254.jpg,DRIP,336,336,5,59,4524.0,24848.0,11564,17808,0.18206696716033482,0.25404312668463613
ESTVQA/images/train/012254.jpg,Fixed,336,336,5,57,1666.0,27314.0,11172,17808,0.06099436186570989,0.09355345911949685
ESTVQA/images/train/012259.jpg,DRIP,336,336,4,59,2954.0,17578.0,11564,8968,0.16805097280691775,0.32939339875111506
ESTVQA/images/train/012259.jpg,Fixed,336,336,4,57,737.0,19403.0,11172,8968,0.03798381693552543,0.08218108831400535
ESTVQA/images/train/012292.jpg,DRIP,336,336,1,59,7756.0,83910.0,11564,80102,0.09243236801334763,0.09682654615365409
ESTVQA/images/train/012292.jpg,Fixed,336,336,1,57,7672.0,83602.0,11172,80102,0.09176813951819335,0.09577788319892137
ESTVQA/images/train/012298.jpg,DRIP,336,336,1,59,4186.0,37282.0,11564,29904,0.11227938415321066,0.1399812734082397
ESTVQA/images/train/012298.jpg,Fixed,336,336,1,57,3052.0,38024.0,11172,29904,0.08026509572901326,0.10205992509363296
ESTVQA/images/train/012310.jpg,DRIP,336,336,28,59,3798.0,45432.0,11564,37666,0.08359746434231378,0.10083364307332873
ESTVQA/images/train/012310.jpg,Fixed,336,336,28,57,3739.0,45099.0,11172,37666,0.0829064946007672,0.09926724366802953
ESTVQA/images/train/012314.jpg,DRIP,336,336,1,59,1532.0,14847.0,11564,4815,0.10318582878696032,0.3181723779854621
ESTVQA/images/train/012314.jpg,Fixed,336,336,1,57,434.0,15553.0,11172,4815,0.02790458432456761,0.090134994807892
ESTVQA/images/train/012347.jpg,DRIP,336,336,4,59,3242.0,15033.0,11564,6711,0.21565888378899753,0.4830874683355685
ESTVQA/images/train/012347.jpg,Fixed,336,336,4,57,756.0,17127.0,11172,6711,0.0441408302679979,0.1126508717031739
ESTVQA/images/train/012354.jpg,DRIP,336,336,32,59,2964.0,24808.0,11564,16208,0.11947758787487907,0.1828726554787759
ESTVQA/images/train/012354.jpg,Fixed,336,336,32,57,1836.0,25544.0,11172,16208,0.07187597870341372,0.11327739387956565
FUNSD/testing_data/images/82251504.png,DRIP,336,336,27,59,4424.0,44725.0,11564,37585,0.09891559530463946,0.11770653186111481
FUNSD/testing_data/images/82251504.png,Fixed,336,336,27,57,3706.0,45051.0,11172,37585,0.08226232492064549,0.09860316615671146
FUNSD/testing_data/images/82252956_2958.png,DRIP,336,336,21,59,3311.0,26590.0,11564,18337,0.12452049642722827,0.18056388722255548
FUNSD/testing_data/images/82252956_2958.png,Fixed,336,336,21,57,1756.0,27753.0,11172,18337,0.06327243901560192,0.09576266564868845
FUNSD/testing_data/images/82253058_3059.png,DRIP,336,336,38,59,4669.0,40530.0,11564,33635,0.1151986183074266,0.13881373569198752
FUNSD/testing_data/images/82253058_3059.png,Fixed,336,336,38,57,3453.0,41354.0,11172,33635,0.08349857329399817,0.10266091868589267
FUNSD/testing_data/images/82254765.png,DRIP,336,336,23,59,2739.0,22757.0,11564,13932,0.1203585709891462,0.19659776055124892
FUNSD/testing_data/images/82254765.png,Fixed,336,336,23,57,1262.0,23842.0,11172,13932,0.05293180102340408,0.09058283089290842
FUNSD/testing_data/images/82491256.png,DRIP,336,336,16,59,2858.0,21696.0,11564,12990,0.13172935103244837,0.22001539645881446
FUNSD/testing_data/images/82491256.png,Fixed,336,336,16,57,1343.0,22819.0,11172,12990,0.05885446338577501,0.10338722093918398
FUNSD/testing_data/images/82504862.png,DRIP,336,336,12,59,1870.0,20843.0,11564,11149,0.08971837067600634,0.1677280473585075
FUNSD/testing_data/images/82504862.png,Fixed,336,336,12,57,1073.0,21248.0,11172,11149,0.050498870481927714,0.09624181540945376
FUNSD/testing_data/images/82837252.png,DRIP,336,336,10,59,685.0,16717.0,11564,5838,0.040976251719806185,0.11733470366563892
FUNSD/testing_data/images/82837252.png,Fixed,336,336,10,57,543.0,16467.0,11172,5838,0.032975040991073054,0.09301130524152107
FUNSD/testing_data/images/83624198.png,DRIP,336,336,22,59,5148.0,21638.0,11564,15222,0.23791477955448748,0.33819471817106816
FUNSD/testing_data/images/83624198.png,Fixed,336,336,22,57,1619.0,24775.0,11172,15222,0.0653481331987891,0.10635921692287478
FUNSD/testing_data/images/83772145.png,DRIP,336,336,29,59,4019.0,42291.0,11564,34746,0.09503203991392968,0.11566799056006447
FUNSD/testing_data/images/83772145.png,Fixed,336,336,29,57,3709.0,42209.0,11172,34746,0.08787225473240304,0.10674610027053474
FUNSD/testing_data/images/83996357.png,DRIP,336,336,27,59,3635.0,25217.0,11564,17288,0.14414878851568386,0.21026145303100416
FUNSD/testing_data/images/83996357.png,Fixed,336,336,27,57,1385.0,27075.0,11172,17288,0.051154201292705447,0.08011337343822304
FUNSD/testing_data/images/86075409_5410.png,DRIP,336,336,13,59,576.0,17329.0,11564,6341,0.03323907900051936,0.09083740734899858
FUNSD/testing_data/images/86075409_5410.png,Fixed,336,336,13,57,570.0,16943.0,11172,6341,0.03364221212300065,0.08989118435577985
FUNSD/testing_data/images/86220490.png,DRIP,336,336,24,59,3614.0,25174.0,11564,17224,0.143560816715659,0.20982350209010683
FUNSD/testing_data/images/86220490.png,Fixed,336,336,24,57,1428.0,26968.0,11172,17224,0.05295164639572827,0.08290757083139805
FUNSD/testing_data/images/86236474_6476.png,DRIP,336,336,22,59,3204.0,32250.0,11564,23890,0.09934883720930232,0.13411469233989118
FUNSD/testing_data/images/86236474_6476.png,Fixed,336,336,22,57,2483.0,32579.0,11172,23890,0.0762147395561558,0.10393470071159482
FUNSD/testing_data/images/86263525.png,DRIP,336,336,50,59,3293.0,30195.0,11564,21924,0.10905779102500414,0.15020069330414157
FUNSD/testing_data/images/86263525.png,Fixed,336,336,50,57,2353.0,30743.0,11172,21924,0.07653774843053704,0.10732530560116767
FUNSD/testing_data/images/87093315_87093318.png,DRIP,336,336,74,59,4009.0,34032.0,11564,26477,0.11780089327691584,0.1514144351701477
FUNSD/testing_data/images/87093315_87093318.png,Fixed,336,336,74,57,2751.0,34898.0,11172,26477,0.07882973236288612,0.10390149941458625
FUNSD/testing_data/images/87137840.png,DRIP,336,336,10,58,352.0,14793.0,11368,3777,0.023795038193740282,0.09319565792957374
FUNSD/testing_data/images/87137840.png,Fixed,336,336,10,57,231.0,14718.0,11172,3777,0.01569506726457399,0.06115965051628276
FUNSD/testing_data/images/87528321.png,DRIP,336,336,22,59,2641.0,27018.0,11564,18095,0.09774964838255977,0.14595192042000552
FUNSD/testing_data/images/87528321.png,Fixed,336,336,22,57,1554.0,27713.0,11172,18095,0.056074766355140186,0.08588007736943908
FUNSD/testing_data/images/87528380.png,DRIP,336,336,53,59,4182.0,52702.0,11564,45320,0.07935182725513264,0.09227714033539276
FUNSD/testing_data/images/87528380.png,Fixed,336,336,53,57,4133.0,52359.0,11172,45320,0.07893580855249337,0.09119593998234775
FUNSD/testing_data/images/87594142_87594144.png,DRIP,336,336,40,59,4913.0,43314.0,11564,36663,0.11342752920533776,0.13400430952186126
FUNSD/testing_data/images/87594142_87594144.png,Fixed,336,336,40,57,3837.0,43998.0,11172,36663,0.08720850947770353,0.10465592013746829
FUNSD/testing_data/images/89856243.png,DRIP,336,336,20,59,2049.0,28639.0,11564,19124,0.07154579419672474,0.10714285714285714
FUNSD/testing_data/images/89856243.png,Fixed,336,336,20,57,1577.0,28719.0,11172,19124,0.05491138270831157,0.08246182806944154
FUNSD/testing_data/images/93106788.png,DRIP,336,336,9,59,2002.0,17371.0,11564,7809,0.11524955385412469,0.2563708541426559
FUNSD/testing_data/images/93106788.png,Fixed,336,336,9,57,686.0,18295.0,11172,7809,0.0374965837660563,0.08784735561531566
HME100K/test/test_images/test_10391.jpg,DRIP,336,336,1,59,770.0,31290.0,11564,20496,0.024608501118568233,0.03756830601092896
HME100K/test/test_images/test_10391.jpg,Fixed,336,336,1,57,2814.0,28854.0,11172,20496,0.0975254730713246,0.13729508196721313
HME100K/test/test_images/test_10503.jpg,DRIP,336,336,1,59,7644.0,98000.0,11564,94080,0.078,0.08125
HME100K/test/test_images/test_10503.jpg,Fixed,336,336,1,57,9212.0,96040.0,11172,94080,0.09591836734693877,0.09791666666666667
HME100K/test/test_images/test_1053.jpg,DRIP,336,336,0,59,,,11564,0,,
HME100K/test/test_images/test_1053.jpg,Fixed,336,336,0,57,,,11172,0,,
HME100K/test/test_images/test_10531.jpg,DRIP,336,336,1,59,3052.0,60655.0,11564,52143,0.05031736872475476,0.05853134648946167
HME100K/test/test_images/test_10531.jpg,Fixed,336,336,1,57,4698.0,58617.0,11172,52143,0.08014739751266697,0.09009838329210057
HME100K/test/test_images/test_10536.jpg,DRIP,336,336,2,59,6426.0,77858.0,11564,72720,0.08253487117573018,0.08836633663366336
HME100K/test/test_images/test_10536.jpg,Fixed,336,336,2,57,7658.0,76234.0,11172,72720,0.10045386572920219,0.10530803080308031
HME100K/test/test_images/test_10577.jpg,DRIP,336,336,0,59,,,11564,0,,
HME100K/test/test_images/test_10577.jpg,Fixed,336,336,0,57,,,11172,0,,
HME100K/test/test_images/test_10660.jpg,DRIP,336,336,2,59,3012.0,67266.0,11564,58714,0.04477745071804478,0.051299519705692
HME100K/test/test_images/test_10660.jpg,Fixed,336,336,2,57,5866.0,64020.0,11172,58714,0.09162761636988441,0.09990802874953163
HME100K/test/test_images/test_11019.jpg,DRIP,336,336,2,59,6174.0,73064.0,11564,67674,0.0845012591700427,0.09123149215355972
HME100K/test/test_images/test_11019.jpg,Fixed,336,336,2,57,6608.0,72238.0,11172,67674,0.09147540075860351,0.09764459024145167
HME100K/test/test_images/test_114.jpg,DRIP,336,336,1,59,3584.0,68755.0,11564,60775,0.0521271180277798,0.05897161661867544
HME100K/test/test_images/test_114.jpg,Fixed,336,336,1,57,6062.0,65885.0,11172,60775,0.09200880321772786,0.09974496092143151
HME100K/test/test_images/test_11528.jpg,DRIP,336,336,1,59,9702.0,104342.0,11564,102480,0.09298269153361062,0.09467213114754099
HME100K/test/test_images/test_11528.jpg,Fixed,336,336,1,57,10108.0,103544.0,11172,102480,0.09762033531638724,0.09863387978142077
HME100K/test/test_images/test_11554.jpg,DRIP,336,336,1,59,5636.0,51192.0,11564,45264,0.11009532739490545,0.12451396253092965
HME100K/test/test_images/test_11554.jpg,Fixed,336,336,1,57,4256.0,52180.0,11172,45264,0.08156381755461863,0.09402615765288087
HME100K/test/test_images/test_12049.jpg,DRIP,336,336,0,59,,,11564,0,,
HME100K/test/test_images/test_12049.jpg,Fixed,336,336,0,57,,,11172,0,,
HME100K/test/test_images/test_12329.jpg,DRIP,336,336,2,59,758.0,55201.0,11564,44395,0.01373163529646202,0.0170739948192364
HME100K/test/test_images/test_12329.jpg,Fixed,336,336,2,57,4101.0,51466.0,11172,44395,0.07968367465899817,0.09237526748507714
HME100K/test/test_images/test_12489.jpg,DRIP,336,336,1,59,5765.0,62594.0,11564,56795,0.09210147937501997,0.10150541420899727
HME100K/test/test_images/test_12489.jpg,Fixed,336,336,1,57,5122.0,62845.0,11172,56795,0.08150210836184263,0.09018399506998856
HME100K/test/test_images/test_12518.jpg,DRIP,336,336,1,59,7560.0,83636.0,11564,79632,0.09039169735520589,0.0949367088607595
HME100K/test/test_images/test_12518.jpg,Fixed,336,336,1,57,7798.0,83006.0,11172,79632,0.0939450160229381,0.0979254571026723
HME100K/test/test_images/test_12587.jpg,DRIP,336,336,1,59,6104.0,74085.0,11564,68625,0.08239184720253763,0.0889471766848816
HME100K/test/test_images/test_12587.jpg,Fixed,336,336,1,57,6090.0,73707.0,11172,68625,0.08262444543937482,0.0887431693989071
HME100K/test/test_images/test_12908.jpg,DRIP,336,336,1,59,3220.0,75968.0,11564,67624,0.04238626790227464,0.04761623092393233
HME100K/test/test_images/test_12908.jpg,Fixed,336,336,1,57,6972.0,71824.0,11172,67624,0.09707061706393406,0.10309949130486218
HME100K/test/test_images/test_1357.jpg,DRIP,336,336,1,59,5712.0,58073.0,11564,52221,0.09835896199610834,0.10938128339173896
HME100K/test/test_images/test_1357.jpg,Fixed,336,336,1,57,5306.0,58087.0,11172,52221,0.09134574001067365,0.1016066333467379
HME100K/test/test_images/test_13810.jpg,DRIP,336,336,1,59,9240.0,103124.0,11564,100800,0.08960086885691013,0.09166666666666666
HME100K/test/test_images/test_13810.jpg,Fixed,336,336,1,57,9968.0,102004.0,11172,100800,0.09772165797419709,0.09888888888888889
HME100K/test/test_images/test_13938.jpg,DRIP,336,336,1,59,4390.0,70557.0,11564,63383,0.062219198662074635,0.0692614738967862
HME100K/test/test_images/test_13938.jpg,Fixed,336,336,1,57,6118.0,68437.0,11172,63383,0.0893960869120505,0.09652430462426834
HME100K/test/test_images/test_14129.jpg,DRIP,336,336,4,59,4412.0,66594.0,11564,59442,0.06625221491425654,0.07422361293361596
HME100K/test/test_images/test_14129.jpg,Fixed,336,336,4,57,5684.0,64930.0,11172,59442,0.08754042815339597,0.0956226237340601
HME100K/test/test_images/test_14409.jpg,DRIP,336,336,1,59,10178.0,92442.0,11564,91056,0.11010146902922914,0.11177736777367774
HME100K/test/test_images/test_14409.jpg,Fixed,336,336,1,57,8540.0,93688.0,11172,91056,0.09115361625821877,0.09378843788437885
HME100K/test/test_images/test_14771.jpg,DRIP,336,336,1,59,5712.0,91868.0,11564,86016,0.06217616580310881,0.06640625
HME100K/test/test_images/test_14771.jpg,Fixed,336,336,1,57,8344.0,88844.0,11172,86016,0.09391742830129216,0.09700520833333333
HME100K/test/test_images/test_15709.jpg,DRIP,336,336,1,59,8680.0,76452.0,11564,73568,0.11353529011667451,0.11798608090474119
HME100K/test/test_images/test_15709.jpg,Fixed,336,336,1,57,7140.0,77600.0,11172,73568,0.09201030927835052,0.09705306655067421
HME100K/test/test_images/test_15865.jpg,DRIP,336,336,1,59,10038.0,101318.0,11564,99792,0.09907420201741053,0.10058922558922559
HME100K/test/test_images/test_15865.jpg,Fixed,336,336,1,57,9730.0,101234.0,11172,99792,0.09611395380998479,0.09750280583613917
HME100K/test/test_images/test_16376.jpg,DRIP,336,336,2,59,6468.0,85592.0,11564,80496,0.07556781007570801,0.08035181872391174
HME100K/test/test_images/test_16376.jpg,Fixed,336,336,2,57,8232.0,83436.0,11172,80496,0.09866244786423127,0.1022659511031604
HME100K/test/test_images/test_17208.jpg,DRIP,336,336,1,59,2226.0,61664.0,11564,52326,0.036098858329008825,0.04254099300538929
HME100K/test/test_images/test_17208.jpg,Fixed,336,336,1,57,5152.0,58346.0,11172,52326,0.08830082610633119,0.0984596567671903
HME100K/test/test_images/test_17276.jpg,DRIP,336,336,0,59,,,11564,0,,
HME100K/test/test_images/test_17276.jpg,Fixed,336,336,0,57,,,11172,0,,
HME100K/test/test_images/test_17522.jpg,DRIP,336,336,1,59,5446.0,75838.0,11564,69720,0.07181096547904744,0.07811244979919679
HME100K/test/test_images/test_17522.jpg,Fixed,336,336,1,57,7084.0,73808.0,11172,69720,0.09597875569044007,0.10160642570281124
HME100K/test/test_images/test_18139.jpg,DRIP,336,336,1,59,2532.0,54616.0,11564,45584,0.04636004101362238,0.05554580554580554
HME100K/test/test_images/test_18139.jpg,Fixed,336,336,1,57,4144.0,52612.0,11172,45584,0.07876530069185737,0.09090909090909091
HME100K/test/test_images/test_18172.jpg,DRIP,336,336,3,59,5159.0,77211.0,11564,70806,0.06681690432710365,0.07286105697257295
HME100K/test/test_images/test_18172.jpg,Fixed,336,336,3,57,7071.0,74907.0,11172,70806,0.09439705234490768,0.09986441826963817
HME100K/test/test_images/test_18398.jpg,DRIP,336,336,1,59,3276.0,80864.0,11564,72576,0.04051246537396122,0.04513888888888889
HME100K/test/test_images/test_18398.jpg,Fixed,336,336,1,57,7224.0,76524.0,11172,72576,0.09440175631174534,0.09953703703703703
HME100K/test/test_images/test_1867.jpg,DRIP,336,336,0,59,,,11564,0,,
HME100K/test/test_images/test_1867.jpg,Fixed,336,336,0,57,,,11172,0,,
HME100K/test/test_images/test_19236.jpg,DRIP,336,336,1,59,5362.0,67130.0,11564,60928,0.07987486965589155,0.08800551470588236
HME100K/test/test_images/test_19236.jpg,Fixed,336,336,1,57,6076.0,66024.0,11172,60928,0.09202714164546226,0.09972426470588236
HME100K/test/test_images/test_19362.jpg,DRIP,336,336,1,59,5740.0,47239.0,11564,41415,0.1215097694701412,0.1385971266449354
HME100K/test/test_images/test_19362.jpg,Fixed,336,336,1,57,3906.0,48681.0,11172,41415,0.08023664263264929,0.09431365447301703
HME100K/test/test_images/test_19514.jpg,DRIP,336,336,0,59,,,11564,0,,
HME100K/test/test_images/test_19514.jpg,Fixed,336,336,0,57,,,11172,0,,
HME100K/test/test_images/test_19628.jpg,DRIP,336,336,1,59,3610.0,44817.0,11564,36863,0.08054979137380905,0.09793017388709546
HME100K/test/test_images/test_19628.jpg,Fixed,336,336,1,57,3654.0,44381.0,11172,36863,0.08233252968612695,0.0991237826546944
HME100K/test/test_images/test_20065.jpg,DRIP,336,336,1,59,5096.0,69972.0,11564,63504,0.07282913165266107,0.08024691358024691
HME100K/test/test_images/test_20065.jpg,Fixed,336,336,1,57,6370.0,68306.0,11172,63504,0.09325681492109039,0.10030864197530864
HME100K/test/test_images/test_203.jpg,DRIP,336,336,2,59,1876.0,62530.0,11564,52842,0.03000159923236846,0.03550206275311305
HME100K/test/test_images/test_203.jpg,Fixed,336,336,2,57,5586.0,58428.0,11172,52842,0.09560484699116861,0.10571136595889634
HME100K/test/test_images/test_20812.jpg,DRIP,336,336,1,59,5964.0,81592.0,11564,75992,0.07309540150995196,0.078481945467944
HME100K/test/test_images/test_20812.jpg,Fixed,336,336,1,57,7392.0,79772.0,11172,75992,0.09266409266409266,0.09727339719970524
HME100K/test/test_images/test_21416.jpg,DRIP,336,336,1,59,812.0,28224.0,11564,17472,0.028769841269841268,0.046474358974358976
HME100K/test/test_images/test_21416.jpg,Fixed,336,336,1,57,1736.0,26908.0,11172,17472,0.06451612903225806,0.09935897435897435
HME100K/test/test_images/test_21622.jpg,DRIP,336,336,1,59,9898.0,95719.0,11564,94053,0.10340684712544009,0.10523853571922213
HME100K/test/test_images/test_21622.jpg,Fixed,336,336,1,57,9674.0,95551.0,11172,94053,0.10124436164979958,0.10285689983307285
HME100K/test/test_images/test_21692.jpg,DRIP,336,336,1,59,7378.0,84387.0,11564,80201,0.087430528398924,0.09199386541314947
HME100K/test/test_images/test_21692.jpg,Fixed,336,336,1,57,8288.0,83085.0,11172,80201,0.0997532647288921,0.10334035735215272
HME100K/test/test_images/test_22088.jpg,DRIP,336,336,1,59,0.0,38969.0,11564,27405,0.0,0.0
HME100K/test/test_images/test_22088.jpg,Fixed,336,336,1,57,2464.0,36113.0,11172,27405,0.06823027718550106,0.08991060025542784
HME100K/test/test_images/test_22563.jpg,DRIP,336,336,1,59,4340.0,79434.0,11564,72210,0.05463655361683914,0.06010247888104141
HME100K/test/test_images/test_22563.jpg,Fixed,336,336,1,57,7364.0,76018.0,11172,72210,0.09687179352258675,0.101980335133638
HME100K/test/test_images/test_22635.jpg,DRIP,336,336,2,59,5256.0,79474.0,11564,73166,0.06613483655031835,0.07183664543640489
HME100K/test/test_images/test_22635.jpg,Fixed,336,336,2,57,7258.0,77080.0,11172,73166,0.09416190970420342,0.09919908154060629
HME100K/test/test_images/test_22658.jpg,DRIP,336,336,1,59,6118.0,80930.0,11564,75484,0.07559619424193748,0.08105028880292513
HME100K/test/test_images/test_22658.jpg,Fixed,336,336,1,57,7420.0,79236.0,11172,75484,0.09364430309455297,0.09829897726670553
HME100K/test/test_images/test_23521.jpg,DRIP,336,336,1,59,4382.0,70329.0,11564,63147,0.062307156365084104,0.06939363706906108
HME100K/test/test_images/test_23521.jpg,Fixed,336,336,1,57,6188.0,68131.0,11172,63147,0.09082502825439227,0.09799357055758785
HME100K/test/test_images/test_23917.jpg,DRIP,336,336,1,59,11186.0,107562.0,11564,107184,0.10399583496030197,0.10436259143155695
HME100K/test/test_images/test_23917.jpg,Fixed,336,336,1,57,10458.0,107898.0,11172,107184,0.09692487349163098,0.0975705329153605
HME100K/test/test_images/test_23971.jpg,DRIP,336,336,1,59,668.0,27978.0,11564,17082,0.023875902494817358,0.03910549116028568
HME100K/test/test_images/test_23971.jpg,Fixed,336,336,1,57,1414.0,26840.0,11172,17082,0.05268256333830104,0.08277719236623346
HME100K/test/test_images/test_2419.jpg,DRIP,336,336,1,59,4410.0,69442.0,11564,62288,0.06350623541948677,0.07080015412278448
HME100K/test/test_images/test_2419.jpg,Fixed,336,336,1,57,5978.0,67482.0,11172,62288,0.08858658605257698,0.09597354225533009
HME100K/test/test_images/test_24605.jpg,DRIP,336,336,1,59,6174.0,79646.0,11564,74256,0.07751801722622605,0.0831447963800905
HME100K/test/test_images/test_24605.jpg,Fixed,336,336,1,57,7238.0,78190.0,11172,74256,0.09256938227394808,0.097473604826546
HME100K/test/test_images/test_24915.jpg,DRIP,336,336,2,59,3525.0,50064.0,11564,42025,0.07040987535953978,0.08387864366448543
HME100K/test/test_images/test_24915.jpg,Fixed,336,336,2,57,3986.0,49211.0,11172,42025,0.08099815081993864,0.09484830458060678
HME100K/test/test_images/test_25355.jpg,DRIP,336,336,1,59,2016.0,52892.0,11564,43344,0.03811540497617787,0.046511627906976744
HME100K/test/test_images/test_25355.jpg,Fixed,336,336,1,57,4634.0,49882.0,11172,43344,0.09289924221161942,0.10691214470284238
HME100K/test/test_images/test_25486.jpg,DRIP,336,336,1,59,4648.0,66598.0,11564,59682,0.06979188564221148,0.07787942763312221
HME100K/test/test_images/test_25486.jpg,Fixed,336,336,1,57,6272.0,64582.0,11172,59682,0.09711684370257967,0.10509031198686371
HME100K/test/test_images/test_25578.jpg,DRIP,336,336,1,59,9030.0,100510.0,11564,97976,0.08984180678539448,0.0921654282681473
HME100K/test/test_images/test_25578.jpg,Fixed,336,336,1,57,9576.0,99572.0,11172,97976,0.09617161451010324,0.0977382216052911
HME100K/test/test_images/test_26014.jpg,DRIP,336,336,1,59,10990.0,99699.0,11564,99125,0.11023179771111044,0.11087011349306432
HME100K/test/test_images/test_26014.jpg,Fixed,336,336,1,57,9950.0,100347.0,11172,99125,0.09915592892662461,0.1003783102143758
HME100K/test/test_images/test_26546.jpg,DRIP,336,336,1,59,5572.0,79333.0,11564,73341,0.07023558922516482,0.0759738754584748
HME100K/test/test_images/test_26546.jpg,Fixed,336,336,1,57,6804.0,77709.0,11172,73341,0.08755742578079759,0.09277211927843908
HME100K/test/test_images/test_26863.jpg,DRIP,336,336,1,59,672.0,22673.0,11564,11781,0.02963877740043223,0.0570409982174688
HME100K/test/test_images/test_26863.jpg,Fixed,336,336,1,57,1078.0,21875.0,11172,11781,0.04928,0.0915032679738562
HME100K/test/test_images/test_27049.jpg,DRIP,336,336,2,59,1946.0,53757.0,11564,44139,0.03619993675242294,0.0440879947438773
HME100K/test/test_images/test_27049.jpg,Fixed,336,336,2,57,3778.0,51533.0,11172,44139,0.07331224652164632,0.08559323953872992
HME100K/test/test_images/test_27275.jpg,DRIP,336,336,1,59,9814.0,101381.0,11564,99631,0.09680314851895326,0.09850347783320453
HME100K/test/test_images/test_27275.jpg,Fixed,336,336,1,57,9716.0,101087.0,11172,99631,0.09611522747732151,0.09751984824000562
HME100K/test/test_images/test_27314.jpg,DRIP,336,336,2,59,2730.0,71357.0,11564,62523,0.03825833485152123,0.04366393167314428
HME100K/test/test_images/test_27314.jpg,Fixed,336,336,2,57,6132.0,67563.0,11172,62523,0.0907597353581102,0.09807590806583177
HME100K/test/test_images/test_27456.jpg,DRIP,336,336,1,59,6286.0,92974.0,11564,87696,0.06761029965366662,0.07167943805874841
HME100K/test/test_images/test_27456.jpg,Fixed,336,336,1,57,8666.0,90202.0,11172,87696,0.09607325779916188,0.09881864623243934
HME100K/test/test_images/test_2778.jpg,DRIP,336,336,2,59,6870.0,57896.0,11564,53202,0.11866104739532955,0.12913048381639788
HME100K/test/test_images/test_2778.jpg,Fixed,336,336,2,57,5012.0,59362.0,11172,53202,0.08443111754994778,0.09420698469982332
HME100K/test/test_images/test_27807.jpg,DRIP,336,336,0,59,,,11564,0,,
HME100K/test/test_images/test_27807.jpg,Fixed,336,336,0,57,,,11172,0,,
HME100K/test/test_images/test_27815.jpg,DRIP,336,336,1,59,8932.0,101932.0,11564,99300,0.08762704548130126,0.0899496475327291
HME100K/test/test_images/test_27815.jpg,Fixed,336,336,1,57,9688.0,100784.0,11172,99300,0.0961263692649627,0.09756294058408863
HME100K/test/test_images/test_28057.jpg,DRIP,336,336,1,59,5166.0,55202.0,11564,48804,0.09358356581283286,0.10585197934595525
HME100K/test/test_images/test_28057.jpg,Fixed,336,336,1,57,4816.0,55160.0,11172,48804,0.08730964467005076,0.09868043602983362
HME100K/test/test_images/test_28364.jpg,DRIP,336,336,1,59,10864.0,106876.0,11564,106176,0.10165051087241289,0.10232067510548523
HME100K/test/test_images/test_28364.jpg,Fixed,336,336,1,57,10416.0,106932.0,11172,106176,0.0974076983503535,0.0981012658227848
HME100K/test/test_images/test_28533.jpg,DRIP,336,336,2,59,6926.0,87936.0,11564,83298,0.078761826783115,0.08314725443588081
HME100K/test/test_images/test_28533.jpg,Fixed,336,336,2,57,8120.0,86350.0,11172,83298,0.09403590040532715,0.09748133208480396
HME100K/test/test_images/test_28811.jpg,DRIP,336,336,3,59,4788.0,83436.0,11564,76660,0.05738530130878757,0.06245760500913123
HME100K/test/test_images/test_28811.jpg,Fixed,336,336,3,57,7728.0,80104.0,11172,76660,0.09647458304204534,0.10080876597965041
HME100K/test/test_images/test_2887.jpg,DRIP,336,336,1,59,8708.0,92904.0,11564,90048,0.09373116335141651,0.09670398009950248
HME100K/test/test_images/test_2887.jpg,Fixed,336,336,1,57,8848.0,92372.0,11172,90048,0.09578660200060625,0.09825870646766169
HME100K/test/test_images/test_28897.jpg,DRIP,336,336,2,59,1134.0,31586.0,11564,21156,0.035901981890711074,0.05360181508791832
HME100K/test/test_images/test_28897.jpg,Fixed,336,336,2,57,2226.0,30102.0,11172,21156,0.07394857484552521,0.105218377765173
HME100K/test/test_images/test_29196.jpg,DRIP,336,336,1,59,788.0,27921.0,11564,17145,0.028222484868020488,0.04596092155147273
HME100K/test/test_images/test_29196.jpg,Fixed,336,336,1,57,1794.0,26523.0,11172,17145,0.06763940730686574,0.10463692038495188
HME100K/test/test_images/test_29261.jpg,DRIP,336,336,1,59,6020.0,92928.0,11564,87384,0.06478133608815427,0.06889133022063536
HME100K/test/test_images/test_29261.jpg,Fixed,336,336,1,57,8484.0,90072.0,11172,87384,0.09419131361577404,0.09708871189233727
HME100K/test/test_images/test_29346.jpg,DRIP,336,336,1,59,756.0,31608.0,11564,20800,0.023917995444191344,0.03634615384615385
HME100K/test/test_images/test_29346.jpg,Fixed,336,336,1,57,2352.0,29620.0,11172,20800,0.07940580688723835,0.11307692307692307
HME100K/test/test_images/test_29764.jpg,DRIP,336,336,1,59,1106.0,39993.0,11564,29535,0.02765483959692946,0.03744709666497376
HME100K/test/test_images/test_29764.jpg,Fixed,336,336,1,57,2898.0,37809.0,11172,29535,0.07664841704356105,0.09812087353986795
HME100K/test/test_images/test_3187.jpg,DRIP,336,336,1,59,5040.0,51725.0,11564,45201,0.09743837602706622,0.11150195792128492
HME100K/test/test_images/test_3187.jpg,Fixed,336,336,1,57,4368.0,52005.0,11172,45201,0.08399192385347563,0.09663503019844694
HME100K/test/test_images/test_3263.jpg,DRIP,336,336,3,59,5862.0,76647.0,11564,70945,0.07648048847313006,0.08262738741278455
HME100K/test/test_images/test_3263.jpg,Fixed,336,336,3,57,6580.0,75537.0,11172,70945,0.08710962839403207,0.09274790330537741
HME100K/test/test_images/test_3292.jpg,DRIP,336,336,2,59,4116.0,70967.0,11564,63519,0.057998788169149045,0.06479950880838804
HME100K/test/test_images/test_3292.jpg,Fixed,336,336,2,57,5880.0,68811.0,11172,63519,0.08545145398264813,0.09257072686912578
HME100K/test/test_images/test_344.jpg,DRIP,336,336,1,59,5376.0,55094.0,11564,48906,0.09757868370421462,0.1099251625567415
HME100K/test/test_images/test_344.jpg,Fixed,336,336,1,57,4851.0,55227.0,11172,48906,0.08783747080232494,0.09919028340080972
HME100K/test/test_images/test_3467.jpg,DRIP,336,336,1,59,5026.0,56458.0,11564,49920,0.0890219278047398,0.10068108974358975
HME100K/test/test_images/test_3467.jpg,Fixed,336,336,1,57,4564.0,56528.0,11172,49920,0.08073874893857912,0.09142628205128205
HME100K/test/test_images/test_3667.jpg,DRIP,336,336,2,59,4844.0,65600.0,11564,58880,0.07384146341463414,0.08226902173913044
HME100K/test/test_images/test_3667.jpg,Fixed,336,336,2,57,5488.0,64564.0,11172,58880,0.08500092931045164,0.09320652173913044
HME100K/test/test_images/test_3866.jpg,DRIP,336,336,3,59,1828.0,39457.0,11564,29721,0.04632891502141572,0.06150533292957841
HME100K/test/test_images/test_3866.jpg,Fixed,336,336,3,57,2310.0,38583.0,11172,29721,0.05987092761060571,0.07772282224689614
HME100K/test/test_images/test_4367.jpg,DRIP,336,336,3,59,3164.0,54554.0,11564,46154,0.057997580379073946,0.06855310482298392
HME100K/test/test_images/test_4367.jpg,Fixed,336,336,3,57,5054.0,52272.0,11172,46154,0.0966865625956535,0.10950296832343892
HME100K/test/test_images/test_455.jpg,DRIP,336,336,0,59,,,11564,0,,
HME100K/test/test_images/test_455.jpg,Fixed,336,336,0,57,,,11172,0,,
HME100K/test/test_images/test_5196.jpg,DRIP,336,336,2,59,2844.0,69236.0,11564,60516,0.04107689641227107,0.046995835812016655
HME100K/test/test_images/test_5196.jpg,Fixed,336,336,2,57,5938.0,65750.0,11172,60516,0.09031178707224334,0.09812281049639765
HME100K/test/test_images/test_5918.jpg,DRIP,336,336,1,59,10215.0,100430.0,11564,99081,0.10171263566663348,0.10309746570987374
HME100K/test/test_images/test_5918.jpg,Fixed,336,336,1,57,9747.0,100506.0,11172,99081,0.09697928481881679,0.09837405758924517
HME100K/test/test_images/test_6029.jpg,DRIP,336,336,1,59,7784.0,97188.0,11564,93408,0.08009219245174301,0.08333333333333333
HME100K/test/test_images/test_6029.jpg,Fixed,336,336,1,57,9156.0,95424.0,11172,93408,0.09595070422535211,0.09802158273381295
HME100K/test/test_images/test_6320.jpg,DRIP,336,336,1,59,7032.0,79045.0,11564,74513,0.08896198368018217,0.09437279400909908
HME100K/test/test_images/test_6320.jpg,Fixed,336,336,1,57,7168.0,78517.0,11172,74513,0.091292331596979,0.09619797887616927
HME100K/test/test_images/test_6570.jpg,DRIP,336,336,1,59,8974.0,97456.0,11564,94866,0.09208258085700213,0.09459658887272573
HME100K/test/test_images/test_6570.jpg,Fixed,336,336,1,57,9618.0,96420.0,11172,94866,0.09975108898568762,0.10138511163114287
HME100K/test/test_images/test_6802.jpg,DRIP,336,336,1,59,9240.0,103124.0,11564,100800,0.08960086885691013,0.09166666666666666
HME100K/test/test_images/test_6802.jpg,Fixed,336,336,1,57,9968.0,102004.0,11172,100800,0.09772165797419709,0.09888888888888889
HME100K/test/test_images/test_7168.jpg,DRIP,336,336,1,59,5138.0,80461.0,11564,74035,0.06385702389977753,0.06939960829337476
HME100K/test/test_images/test_7168.jpg,Fixed,336,336,1,57,7140.0,78067.0,11172,74035,0.09145989982963353,0.09644087256027555
HME100K/test/test_images/test_743.jpg,DRIP,336,336,2,59,3556.0,57596.0,11564,49588,0.06174039863879436,0.07171089779785432
HME100K/test/test_images/test_743.jpg,Fixed,336,336,2,57,4634.0,56126.0,11172,49588,0.08256423048141681,0.09345002823263693
HME100K/test/test_images/test_7613.jpg,DRIP,336,336,1,59,4172.0,62579.0,11564,55187,0.06666773198676873,0.07559751390726077
HME100K/test/test_images/test_7613.jpg,Fixed,336,336,1,57,5040.0,61319.0,11172,55187,0.08219312121854563,0.0913258557268922
HME100K/test/test_images/test_7682.jpg,DRIP,336,336,2,59,3518.0,72996.0,11564,64950,0.04819442161214313,0.05416474210931486
HME100K/test/test_images/test_7682.jpg,Fixed,336,336,2,57,6650.0,69472.0,11172,64950,0.09572201750345463,0.10238645111624327
HME100K/test/test_images/test_8671.jpg,DRIP,336,336,1,59,8638.0,89278.0,11564,86352,0.09675395954210443,0.10003242542153049
HME100K/test/test_images/test_8671.jpg,Fixed,336,336,1,57,8820.0,88704.0,11172,86352,0.09943181818181818,0.10214007782101167
HME100K/test/test_images/test_8680.jpg,DRIP,336,336,1,59,476.0,40713.0,11564,29625,0.01169159727851055,0.016067510548523206
HME100K/test/test_images/test_8680.jpg,Fixed,336,336,1,57,2912.0,37885.0,11172,29625,0.07686419427213936,0.09829535864978903
HME100K/test/test_images/test_9379.jpg,DRIP,336,336,1,59,4508.0,70479.0,11564,63423,0.06396231501582031,0.07107831543761726
HME100K/test/test_images/test_9379.jpg,Fixed,336,336,1,57,6342.0,68253.0,11172,63423,0.0929189925717551,0.09999526985478455
HME100K/test/test_images/test_9432.jpg,DRIP,336,336,1,59,4186.0,62221.0,11564,54843,0.0672763214991723,0.07632696971354594
HME100K/test/test_images/test_9432.jpg,Fixed,336,336,1,57,5264.0,60751.0,11172,54843,0.08664877944395977,0.09598307897088051
HME100K/test/test_images/test_9853.jpg,DRIP,336,336,1,59,10780.0,105049.0,11564,104265,0.10261877790364496,0.10339039946290701
HME100K/test/test_images/test_9853.jpg,Fixed,336,336,1,57,10178.0,105259.0,11172,104265,0.09669481944536809,0.09761664988251091
IAM/a01/a01-026u/a01-026u-00-02.png,DRIP,336,336,1,59,6970.0,65696.0,11564,61102,0.10609473940574769,0.114071552486007
IAM/a01/a01-026u/a01-026u-00-02.png,Fixed,336,336,1,57,6132.0,66142.0,11172,61102,0.09270962474675698,0.10035678046545121
IAM/a01/a01-113/a01-113-02-04.png,DRIP,336,336,1,59,4690.0,69809.0,11564,62935,0.06718331447234598,0.07452133153253357
IAM/a01/a01-113/a01-113-02-04.png,Fixed,336,336,1,57,6132.0,67975.0,11172,62935,0.09020963589554984,0.09743386033208866
IAM/a04/a04-006/a04-006-09-04.png,DRIP,336,336,1,59,2226.0,51338.0,11564,42000,0.043359694573220614,0.053
IAM/a04/a04-006/a04-006-09-04.png,Fixed,336,336,1,57,4144.0,49028.0,11172,42000,0.0845231296402056,0.09866666666666667
IAM/a05/a05-089/a05-089-02-01.png,DRIP,336,336,0,59,,,11564,0,,
IAM/a05/a05-089/a05-089-02-01.png,Fixed,336,336,0,57,,,11172,0,,
IAM/a06/a06-057/a06-057-03-08.png,DRIP,336,336,1,59,10192.0,102508.0,11564,101136,0.0994263862332696,0.10077519379844961
IAM/a06/a06-057/a06-057-03-08.png,Fixed,336,336,1,57,10290.0,102018.0,11172,101136,0.10086455331412104,0.10174418604651163
IAM/b04/b04-004/b04-004-04-02.png,DRIP,336,336,0,59,,,11564,0,,
IAM/b04/b04-004/b04-004-04-02.png,Fixed,336,336,0,57,,,11172,0,,
IAM/b04/b04-020/b04-020-01-01.png,DRIP,336,336,1,59,11564.0,112896.0,11564,112896,0.10243055555555555,0.10243055555555555
IAM/b04/b04-020/b04-020-01-01.png,Fixed,336,336,1,57,11172.0,112896.0,11172,112896,0.09895833333333333,0.09895833333333333
IAM/b05/b05-050/b05-050-05-01.png,DRIP,336,336,1,59,3136.0,68188.0,11564,59760,0.04599049686161788,0.05247657295850067
IAM/b05/b05-050/b05-050-05-01.png,Fixed,336,336,1,57,5796.0,65136.0,11172,59760,0.08898305084745763,0.09698795180722891
IAM/c04/c04-008/c04-008-07-02.png,DRIP,336,336,1,59,3342.0,58591.0,11564,50369,0.05703947705278968,0.06635033453116004
IAM/c04/c04-008/c04-008-07-02.png,Fixed,336,336,1,57,5076.0,56465.0,11172,50369,0.08989639599752058,0.10077627111914074
IAM/c04/c04-035/c04-035-06-05.png,DRIP,336,336,1,59,1616.0,41940.0,11564,31992,0.0385312350977587,0.05051262815703926
IAM/c04/c04-035/c04-035-06-05.png,Fixed,336,336,1,57,2964.0,40200.0,11172,31992,0.0737313432835821,0.09264816204051013
IAM/c06/c06-076/c06-076-03-00.png,DRIP,336,336,1,59,5880.0,88004.0,11564,82320,0.066815144766147,0.07142857142857142
IAM/c06/c06-076/c06-076-03-00.png,Fixed,336,336,1,57,8134.0,85358.0,11172,82320,0.09529276693455797,0.0988095238095238
IAM/c06/c06-091/c06-091-01-04.png,DRIP,336,336,1,59,4676.0,82425.0,11564,75537,0.05673036093418259,0.06190343805022704
IAM/c06/c06-091/c06-091-01-04.png,Fixed,336,336,1,57,7518.0,79191.0,11172,75537,0.09493503049588968,0.09952738393105366
IAM/d04/d04-032/d04-032-01-09.png,DRIP,336,336,1,59,7630.0,72288.0,11564,68354,0.10555002213368747,0.11162477689674342
IAM/d04/d04-032/d04-032-01-09.png,Fixed,336,336,1,57,6692.0,72834.0,11172,68354,0.09188016585660543,0.0979020979020979
IAM/d06/d06-003/d06-003-02-01.png,DRIP,336,336,1,59,11564.0,112896.0,11564,112896,0.10243055555555555,0.10243055555555555
IAM/d06/d06-003/d06-003-02-01.png,Fixed,336,336,1,57,11172.0,112896.0,11172,112896,0.09895833333333333,0.09895833333333333
IAM/d06/d06-015/d06-015-04-06.png,DRIP,336,336,1,59,8568.0,102452.0,11564,99456,0.08362940694178737,0.08614864864864864
IAM/d06/d06-015/d06-015-04-06.png,Fixed,336,336,1,57,9856.0,100772.0,11172,99456,0.09780494581828286,0.0990990990990991
IAM/d06/d06-063/d06-063-06-01.png,DRIP,336,336,1,59,7868.0,98448.0,11564,94752,0.07992036405005688,0.08303782505910165
IAM/d06/d06-063/d06-063-06-01.png,Fixed,336,336,1,57,9268.0,96656.0,11172,94752,0.09588644264194669,0.09781323877068558
IAM/e02/e02-000/e02-000-04-01.png,DRIP,336,336,1,59,5908.0,85960.0,11564,80304,0.06872964169381107,0.07357043235704323
IAM/e02/e02-000/e02-000-04-01.png,Fixed,336,336,1,57,7882.0,83594.0,11172,80304,0.0942890638084073,0.09815202231520223
IAM/e04/e04-034/e04-034-01-05.png,DRIP,336,336,1,58,2380.0,62279.0,11368,53291,0.038215128695065756,0.04466044923157757
IAM/e04/e04-034/e04-034-01-05.png,Fixed,336,336,1,57,5222.0,59241.0,11172,53291,0.0881484107290559,0.09799027978457901
IAM/e04/e04-091/e04-091-02-02.png,DRIP,336,336,1,59,8680.0,92932.0,11564,90048,0.09340162699608316,0.09639303482587065
IAM/e04/e04-091/e04-091-02-02.png,Fixed,336,336,1,57,8876.0,92344.0,11172,90048,0.09611885991510007,0.09856965174129353
IAM/e07/e07-012/e07-012-07-01.png,DRIP,336,336,1,59,11228.0,110544.0,11564,110208,0.10157041540020263,0.10188008130081301
IAM/e07/e07-012/e07-012-07-01.png,Fixed,336,336,1,57,10836.0,110544.0,11172,110208,0.0980243161094225,0.09832317073170732
IAM/f02/f02-036/f02-036-00-01.png,DRIP,336,336,1,59,9058.0,82810.0,11564,80304,0.10938292476754015,0.11279637377963737
IAM/f02/f02-036/f02-036-00-01.png,Fixed,336,336,1,57,7910.0,83566.0,11172,80304,0.09465572122633607,0.09850069735006974
IAM/f04/f04-039/f04-039-06-08.png,DRIP,336,336,1,59,10052.0,105837.0,11564,104325,0.09497623704375596,0.09635274382937935
IAM/f04/f04-039/f04-039-06-08.png,Fixed,336,336,1,57,10094.0,105403.0,11172,104325,0.09576577516768972,0.09675533189551881
IAM/g01/g01-031/g01-031-03-00.png,DRIP,336,336,1,59,4172.0,83328.0,11564,75936,0.050067204301075266,0.054941002949852505
IAM/g01/g01-031/g01-031-03-00.png,Fixed,336,336,1,57,7504.0,79604.0,11172,75936,0.09426661976785086,0.09882005899705015
IAM/g03/g03-004/g03-004-02-04.png,DRIP,336,336,1,59,6832.0,96796.0,11564,92064,0.07058142898466879,0.07420924574209246
IAM/g03/g03-004/g03-004-02-04.png,Fixed,336,336,1,57,9044.0,94192.0,11172,92064,0.09601664684898929,0.0982360097323601
IAM/g04/g04-098/g04-098-04-05.png,DRIP,336,336,1,59,4858.0,73899.0,11564,67193,0.06573837264374349,0.07229919783310762
IAM/g04/g04-098/g04-098-04-05.png,Fixed,336,336,1,57,6482.0,71883.0,11172,67193,0.09017431103320674,0.09646838212313782
IAM/g06/g06-011e/g06-011e-05-12.png,DRIP,336,336,1,59,2744.0,77028.0,11564,68208,0.035623409669211195,0.040229885057471264
IAM/g06/g06-011e/g06-011e-05-12.png,Fixed,336,336,1,57,6762.0,72618.0,11172,68208,0.0931174089068826,0.09913793103448276
IAM/g06/g06-031l/g06-031l-03-07.png,DRIP,336,336,1,59,6960.0,90140.0,11564,85536,0.07721322387397382,0.0813692480359147
IAM/g06/g06-031l/g06-031l-03-07.png,Fixed,336,336,1,57,8080.0,88628.0,11172,85536,0.09116757683801958,0.09446315001870557
IAM/g06/g06-037g/g06-037g-01-14.png,DRIP,336,336,1,59,3960.0,70836.0,11564,63232,0.05590377774013214,0.06262651821862349
IAM/g06/g06-037g/g06-037g-01-14.png,Fixed,336,336,1,57,6216.0,68188.0,11172,63232,0.09115973485070687,0.09830465587044535
IAM/h01/h01-027/h01-027-05-00.png,DRIP,336,336,1,59,2548.0,78232.0,11564,69216,0.032569792412312094,0.03681229773462783
IAM/h01/h01-027/h01-027-05-00.png,Fixed,336,336,1,57,6748.0,73640.0,11172,69216,0.09163498098859316,0.09749190938511326
IAM/h02/h02-017/h02-017-04-04.png,DRIP,336,336,1,59,5838.0,82649.0,11564,76923,0.07063606335224866,0.07589407589407589
IAM/h02/h02-017/h02-017-04-04.png,Fixed,336,336,1,57,7602.0,80493.0,11172,76923,0.09444299504304722,0.09882609882609883
IAM/h04/h04-035/h04-035-06-02.png,DRIP,336,336,2,59,5264.0,92295.0,11564,85995,0.057034508911642016,0.061212861212861215
IAM/h04/h04-035/h04-035-06-02.png,Fixed,336,336,2,57,7896.0,89271.0,11172,85995,0.08844977652317101,0.09181929181929183
IAM/h07/h07-030a/h07-030a-00-04.png,DRIP,336,336,1,59,5891.0,88092.0,11564,82419,0.06687326885528766,0.07147623727538553
IAM/h07/h07-030a/h07-030a-00-04.png,Fixed,336,336,1,57,8019.0,85572.0,11172,82419,0.09371055952881784,0.09729552651694391
IAM/h07/h07-054a/h07-054a-07-03.png,DRIP,336,336,0,59,,,11564,0,,
IAM/h07/h07-054a/h07-054a-07-03.png,Fixed,336,336,0,57,,,11172,0,,
IAM/j01/j01-045/j01-045-02-03.png,DRIP,336,336,1,59,1008.0,39809.0,11564,29253,0.025320907332512747,0.03445800430725054
IAM/j01/j01-045/j01-045-02-03.png,Fixed,336,336,1,57,2842.0,37583.0,11172,29253,0.07561929595827901,0.09715242881072027
IAM/j01/j01-045/j01-045-08-06.png,DRIP,336,336,0,59,,,11564,0,,
IAM/j01/j01-045/j01-045-08-06.png,Fixed,336,336,0,57,,,11172,0,,
IAM/j01/j01-063/j01-063-06-04.png,DRIP,336,336,1,59,4704.0,82289.0,11564,75429,0.05716438406105312,0.06236328202680667
IAM/j01/j01-063/j01-063-06-04.png,Fixed,336,336,1,57,7476.0,79125.0,11172,75429,0.09448341232227488,0.09911307322117488
IAM/j06/j06-014/j06-014-06-05.png,DRIP,336,336,1,59,5082.0,55832.0,11564,49350,0.09102306920762288,0.10297872340425532
IAM/j06/j06-014/j06-014-06-05.png,Fixed,336,336,1,57,4592.0,55930.0,11172,49350,0.0821026282853567,0.09304964539007092
IAM/k02/k02-018/k02-018-00-07.png,DRIP,336,336,1,59,5325.0,80586.0,11564,74347,0.06607847516938425,0.07162360283535314
IAM/k02/k02-018/k02-018-00-07.png,Fixed,336,336,1,57,7397.0,78122.0,11172,74347,0.09468523591305907,0.09949291834236755
IAM/k04/k04-110/k04-110-03-01.png,DRIP,336,336,1,59,1484.0,47163.0,11564,37083,0.03146534359561521,0.04001833724348084
IAM/k04/k04-110/k04-110-03-01.png,Fixed,336,336,1,57,3360.0,44895.0,11172,37083,0.07484129635816907,0.09060755602297549
IAM/l01/l01-105/l01-105-05-03.png,DRIP,336,336,1,59,6188.0,93408.0,11564,88032,0.06624700239808154,0.07029262086513995
IAM/l01/l01-105/l01-105-05-03.png,Fixed,336,336,1,57,8708.0,90496.0,11172,88032,0.09622524752475248,0.09891857506361323
IAM/l04/l04-071/l04-071-03-08.png,DRIP,336,336,1,59,532.0,59416.0,11564,48384,0.008953817153628653,0.01099537037037037
IAM/l04/l04-071/l04-071-03-08.png,Fixed,336,336,1,57,4788.0,54768.0,11172,48384,0.08742331288343558,0.09895833333333333
IAM/l04/l04-130/l04-130-00-07.png,DRIP,336,336,1,59,2604.0,52340.0,11564,43380,0.049751623996943065,0.060027662517289075
IAM/l04/l04-130/l04-130-00-07.png,Fixed,336,336,1,57,4298.0,50254.0,11172,43380,0.08552553030604529,0.09907791609036422
IAM/l07/l07-111/l07-111-01-05.png,DRIP,336,336,1,59,5796.0,64004.0,11564,58236,0.09055684019748765,0.0995260663507109
IAM/l07/l07-111/l07-111-01-05.png,Fixed,336,336,1,57,5824.0,63584.0,11172,58236,0.09159536990437846,0.10000686860361288
IAM/m02/m02-072/m02-072-04-10.png,DRIP,336,336,1,59,4704.0,73045.0,11564,66185,0.06439865836128414,0.07107350608143839
IAM/m02/m02-072/m02-072-04-10.png,Fixed,336,336,1,57,7014.0,70343.0,11172,66185,0.09971141407105184,0.10597567424643047
IAM/m03/m03-006/m03-006-03-01.png,DRIP,336,336,1,59,5572.0,67487.0,11564,61495,0.08256404937247173,0.09060899260102448
IAM/m03/m03-006/m03-006-03-01.png,Fixed,336,336,1,57,6342.0,66325.0,11172,61495,0.09562005277044855,0.10313033579965851
IAM/p01/p01-147/p01-147-00-02.png,DRIP,336,336,1,59,10150.0,101878.0,11564,100464,0.09962896798131098,0.10103121516164995
IAM/p01/p01-147/p01-147-00-02.png,Fixed,336,336,1,57,9940.0,101696.0,11172,100464,0.09774229074889867,0.09894091415830546
IAM/p03/p03-027/p03-027-02-05.png,DRIP,336,336,1,59,6076.0,99568.0,11564,94080,0.0610236220472441,0.06458333333333334
IAM/p03/p03-027/p03-027-02-05.png,Fixed,336,336,1,57,9212.0,96040.0,11172,94080,0.09591836734693877,0.09791666666666667
IAM/p03/p03-135/p03-135-01-07.png,DRIP,336,336,1,59,9100.0,102592.0,11564,100128,0.08870087336244542,0.09088366890380313
IAM/p03/p03-135/p03-135-01-07.png,Fixed,336,336,1,57,9912.0,101388.0,11172,100128,0.09776304888152444,0.09899328859060402
IAM/p03/p03-135/p03-135-03-00.png,DRIP,336,336,1,59,6062.0,83790.0,11564,78288,0.07234753550543024,0.07743204577968527
IAM/p03/p03-135/p03-135-03-00.png,Fixed,336,336,1,57,7700.0,81760.0,11172,78288,0.09417808219178082,0.09835479256080114
IAM/r06/r06-090/r06-090-03-03.png,DRIP,336,336,1,59,4035.0,53964.0,11564,46435,0.07477207026906826,0.08689566060083988
IAM/r06/r06-090/r06-090-03-03.png,Fixed,336,336,1,57,4522.0,53085.0,11172,46435,0.08518413864556842,0.09738343921610854
IC13_857/imgs/000000044.jpg,DRIP,336,336,1,59,9464.0,106596.0,11564,104496,0.08878381928027318,0.09056806002143623
IC13_857/imgs/000000044.jpg,Fixed,336,336,1,57,10276.0,105392.0,11172,104496,0.09750265674814028,0.09833869239013933
IC13_857/imgs/000000058.jpg,DRIP,336,336,1,59,5219.0,95922.0,11564,89577,0.05440879047559476,0.058262723690232984
IC13_857/imgs/000000058.jpg,Fixed,336,336,1,57,8621.0,92128.0,11172,89577,0.09357632858631469,0.09624122263527468
IC13_857/imgs/000000061.jpg,DRIP,336,336,1,59,6048.0,91532.0,11564,86016,0.06607525237075558,0.0703125
IC13_857/imgs/000000061.jpg,Fixed,336,336,1,57,8540.0,88648.0,11172,86016,0.09633607075173721,0.09928385416666667
IC13_857/imgs/000000212.jpg,DRIP,336,336,1,59,8372.0,99960.0,11564,96768,0.08375350140056022,0.0865162037037037
IC13_857/imgs/000000212.jpg,Fixed,336,336,1,57,9548.0,98392.0,11172,96768,0.09704040978941378,0.09866898148148148
IC13_857/imgs/000000214.jpg,DRIP,336,336,0,59,,,11564,0,,
IC13_857/imgs/000000214.jpg,Fixed,336,336,0,57,,,11172,0,,
IC13_857/imgs/000000215.jpg,DRIP,336,336,1,59,10416.0,98717.0,11564,97569,0.10551374130089042,0.10675521938320573
IC13_857/imgs/000000215.jpg,Fixed,336,336,1,57,10010.0,98731.0,11172,97569,0.10138659590199633,0.10259406163843024
IC13_857/imgs/000000229.jpg,DRIP,336,336,1,59,11564.0,112896.0,11564,112896,0.10243055555555555,0.10243055555555555
IC13_857/imgs/000000229.jpg,Fixed,336,336,1,57,11172.0,112896.0,11172,112896,0.09895833333333333,0.09895833333333333
IC13_857/imgs/000000239.jpg,DRIP,336,336,1,59,7546.0,87682.0,11564,83664,0.0860609931342807,0.09019410977242302
IC13_857/imgs/000000239.jpg,Fixed,336,336,1,57,8148.0,86688.0,11172,83664,0.0939922480620155,0.09738955823293173
IC13_857/imgs/000000241.jpg,DRIP,336,336,1,59,7294.0,93310.0,11564,89040,0.0781695423855964,0.08191823899371069
IC13_857/imgs/000000241.jpg,Fixed,336,336,1,57,8764.0,91448.0,11172,89040,0.09583588487446418,0.09842767295597485
IC13_857/imgs/000000299.jpg,DRIP,336,336,1,59,6272.0,79497.0,11564,74205,0.07889605897077877,0.08452260629337646
IC13_857/imgs/000000299.jpg,Fixed,336,336,1,57,7579.0,77798.0,11172,74205,0.09741895678552148,0.10213597466478
IC13_857/imgs/000000317.jpg,DRIP,336,336,1,58,11368.0,112896.0,11368,112896,0.10069444444444445,0.10069444444444445
IC13_857/imgs/000000317.jpg,Fixed,336,336,1,57,11172.0,112896.0,11172,112896,0.09895833333333333,0.09895833333333333
IC13_857/imgs/000000395.jpg,DRIP,336,336,1,59,8680.0,95332.0,11564,92448,0.09105022447866404,0.09389061959155418
IC13_857/imgs/000000395.jpg,Fixed,336,336,1,57,8778.0,94842.0,11172,92448,0.09255393180236604,0.09495067497403946
IC13_857/imgs/000000423.jpg,DRIP,336,336,1,59,8806.0,102550.0,11564,99792,0.0858703071672355,0.08824354657687991
IC13_857/imgs/000000423.jpg,Fixed,336,336,1,57,9800.0,101164.0,11172,99792,0.09687240520343206,0.09820426487093153
IC13_857/imgs/000000538.jpg,DRIP,336,336,1,59,3528.0,73220.0,11564,65184,0.048183556405353725,0.05412371134020619
IC13_857/imgs/000000538.jpg,Fixed,336,336,1,57,6412.0,69944.0,11172,65184,0.09167333867093674,0.09836769759450172
IC13_857/imgs/000000698.jpg,DRIP,336,336,1,59,5180.0,60427.0,11564,54043,0.08572326939944065,0.09584960124345429
IC13_857/imgs/000000698.jpg,Fixed,336,336,1,57,5489.0,59726.0,11172,54043,0.09190302380872652,0.10156727050681864
IC13_857/imgs/000000707.jpg,DRIP,336,336,1,59,9548.0,104832.0,11564,102816,0.09107905982905982,0.09286492374727669
IC13_857/imgs/000000707.jpg,Fixed,336,336,1,57,10136.0,103852.0,11172,102816,0.09760043138312213,0.09858387799564271
IC13_857/imgs/000000782.jpg,DRIP,336,336,1,59,9968.0,104748.0,11564,103152,0.09516172146484897,0.09663409337676439
IC13_857/imgs/000000782.jpg,Fixed,336,336,1,57,9968.0,104356.0,11172,103152,0.09551918433056077,0.09663409337676439
IC13_857/imgs/000000800.jpg,DRIP,336,336,1,59,8148.0,100856.0,11564,97440,0.08078845086063298,0.08362068965517241
IC13_857/imgs/000000800.jpg,Fixed,336,336,1,57,9632.0,98980.0,11172,97440,0.0973125884016973,0.09885057471264368
IC15_1811/imgs/000000001.jpg,DRIP,336,336,1,59,11564.0,112896.0,11564,112896,0.10243055555555555,0.10243055555555555
IC15_1811/imgs/000000001.jpg,Fixed,336,336,1,57,11172.0,112896.0,11172,112896,0.09895833333333333,0.09895833333333333
IC15_1811/imgs/000000114.jpg,DRIP,336,336,1,59,10276.0,103013.0,11564,101725,0.0997543999301059,0.10101744900466945
IC15_1811/imgs/000000114.jpg,Fixed,336,336,1,57,9996.0,102901.0,11172,101725,0.09714191310094168,0.0982649299582207
IC15_1811/imgs/000000229.jpg,DRIP,336,336,1,59,10976.0,104076.0,11564,103488,0.10546139359698682,0.10606060606060606
IC15_1811/imgs/000000229.jpg,Fixed,336,336,1,57,10192.0,104468.0,11172,103488,0.0975609756097561,0.09848484848484848
IC15_1811/imgs/000000581.jpg,DRIP,336,336,1,59,2128.0,44380.0,11564,34944,0.04794952681388013,0.060897435897435896
IC15_1811/imgs/000000581.jpg,Fixed,336,336,1,57,3500.0,42616.0,11172,34944,0.0821287779237845,0.10016025641025642
IC15_1811/imgs/000000607.jpg,DRIP,336,336,1,59,11564.0,112896.0,11564,112896,0.10243055555555555,0.10243055555555555
IC15_1811/imgs/000000607.jpg,Fixed,336,336,1,57,11172.0,112896.0,11172,112896,0.09895833333333333,0.09895833333333333
IC15_1811/imgs/000000813.jpg,DRIP,336,336,0,59,,,11564,0,,
IC15_1811/imgs/000000813.jpg,Fixed,336,336,0,57,,,11172,0,,
IC15_1811/imgs/000001392.jpg,DRIP,336,336,1,59,6790.0,93814.0,11564,89040,0.07237725712580212,0.07625786163522012
IC15_1811/imgs/000001392.jpg,Fixed,336,336,1,57,8792.0,91420.0,11172,89040,0.09617151607963247,0.09874213836477988
IC15_1811/imgs/000001661.jpg,DRIP,336,336,1,59,4204.0,66894.0,11564,59534,0.0628456961760397,0.07061511069304935
IC15_1811/imgs/000001661.jpg,Fixed,336,336,1,57,6090.0,64616.0,11172,59534,0.09424910238950106,0.10229448718379414
IIIT5K/test/122_8.png,DRIP,336,336,1,59,8582.0,101430.0,11564,98448,0.08461007591442374,0.08717292377701934
IIIT5K/test/122_8.png,Fixed,336,336,1,57,9646.0,99974.0,11172,98448,0.09648508612239182,0.0979806598407281
IIIT5K/test/137_10.png,DRIP,336,336,1,59,8288.0,94963.0,11564,91687,0.08727609700620241,0.09039449431217075
IIIT5K/test/137_10.png,Fixed,336,336,1,57,8918.0,93941.0,11172,91687,0.09493192535740518,0.09726569742711616
IIIT5K/test/137_3.png,DRIP,336,336,1,59,9576.0,95550.0,11564,93562,0.10021978021978022,0.10234924435133921
IIIT5K/test/137_3.png,Fixed,336,336,1,57,8932.0,95802.0,11172,93562,0.09323396171269911,0.09546610803531348
IIIT5K/test/138_13.png,DRIP,336,336,1,59,11116.0,112000.0,11564,111552,0.09925,0.09964859437751004
IIIT5K/test/138_13.png,Fixed,336,336,1,57,11004.0,111720.0,11172,111552,0.09849624060150376,0.09864457831325302
IIIT5K/test/2189_3.png,DRIP,336,336,1,59,6258.0,93002.0,11564,87696,0.06728887550805358,0.07136015325670499
IIIT5K/test/2189_3.png,Fixed,336,336,1,57,8680.0,90188.0,11172,87696,0.09624340266997827,0.09897828863346105
IIIT5K/test/2301_7.png,DRIP,336,336,1,59,10262.0,99075.0,11564,97773,0.10357809740095887,0.10495740132756487
IIIT5K/test/2301_7.png,Fixed,336,336,1,57,9374.0,99571.0,11172,97773,0.094143877233331,0.09587513935340022
IIIT5K/test/2523_18.png,DRIP,336,336,1,59,6076.0,64288.0,11564,58800,0.09451219512195122,0.10333333333333333
IIIT5K/test/2523_18.png,Fixed,336,336,1,57,5782.0,64190.0,11172,58800,0.0900763358778626,0.09833333333333333
IIIT5K/test/2579_4.png,DRIP,336,336,1,59,4704.0,70075.0,11564,63215,0.06712807706029254,0.07441271850035593
IIIT5K/test/2579_4.png,Fixed,336,336,1,57,6188.0,68199.0,11172,63215,0.090734468247335,0.09788815945582535
IIIT5K/test/585_4.png,DRIP,336,336,1,58,10444.0,110124.0,11368,109200,0.09483854563946097,0.09564102564102564
IIIT5K/test/585_4.png,Fixed,336,336,1,57,10710.0,109662.0,11172,109200,0.09766373037150516,0.09807692307692308
IIIT5K/test/770_1.png,DRIP,336,336,1,59,6496.0,90748.0,11564,85680,0.07158284480098735,0.07581699346405228
IIIT5K/test/770_1.png,Fixed,336,336,1,57,8428.0,88424.0,11172,85680,0.09531348955034832,0.09836601307189542
IIIT5K/test/786_2.png,DRIP,336,336,1,59,6762.0,87122.0,11564,82320,0.07761529808773904,0.08214285714285714
IIIT5K/test/786_2.png,Fixed,336,336,1,57,8134.0,85358.0,11172,82320,0.09529276693455797,0.0988095238095238
IIIT5K/test/846_1.png,DRIP,336,336,1,59,10458.0,100898.0,11564,99792,0.10364922991536006,0.10479797979797979
IIIT5K/test/846_1.png,Fixed,336,336,1,57,9716.0,101248.0,11172,99792,0.09596238938053098,0.0973625140291807
IIIT5K/test/905_5.png,DRIP,336,336,1,59,8316.0,93624.0,11564,90376,0.08882337862086645,0.09201557935735151
IIIT5K/test/905_5.png,Fixed,336,336,1,57,8456.0,93092.0,11172,90376,0.0908348730288317,0.09356466318491635
IIIT5K/test/918_1.png,DRIP,336,336,0,59,,,11564,0,,
IIIT5K/test/918_1.png,Fixed,336,336,0,57,,,11172,0,,
IIIT5K/test/955_2.png,DRIP,336,336,1,59,5880.0,92372.0,11564,86688,0.06365565322825098,0.06782945736434108
IIIT5K/test/955_2.png,Fixed,336,336,1,57,8428.0,89432.0,11172,86688,0.09423919849718222,0.09722222222222222
NonSemanticText/images/0/1025.jpg,DRIP,336,336,1,59,6972.0,98336.0,11564,93744,0.0708997722095672,0.07437275985663082
NonSemanticText/images/0/1025.jpg,Fixed,336,336,1,57,9184.0,95732.0,11172,93744,0.09593448376718339,0.0979689366786141
NonSemanticText/images/0/1043.jpg,DRIP,336,336,1,59,10108.0,99568.0,11564,98112,0.1015185601799775,0.10302511415525115
NonSemanticText/images/0/1043.jpg,Fixed,336,336,1,57,9576.0,99708.0,11172,98112,0.09604043807919124,0.0976027397260274
NonSemanticText/images/0/11.jpg,DRIP,336,336,1,59,6860.0,100464.0,11564,95760,0.06828316610925307,0.07163742690058479
NonSemanticText/images/0/11.jpg,Fixed,336,336,1,57,9352.0,97580.0,11172,95760,0.09583931133428981,0.0976608187134503
NonSemanticText/images/0/1104.jpg,DRIP,336,336,1,59,4550.0,81942.0,11564,74928,0.055527080129847944,0.060724962630792224
NonSemanticText/images/0/1104.jpg,Fixed,336,336,1,57,7420.0,78680.0,11172,74928,0.09430604982206406,0.09902840059790732
NonSemanticText/images/0/1183.jpg,DRIP,336,336,1,59,4564.0,74872.0,11564,67872,0.06095736724008975,0.06724422442244224
NonSemanticText/images/0/1183.jpg,Fixed,336,336,1,57,6636.0,72408.0,11172,67872,0.09164733178654293,0.09777227722772278
NonSemanticText/images/0/1190.jpg,DRIP,336,336,1,59,5096.0,88900.0,11564,82432,0.05732283464566929,0.06182065217391304
NonSemanticText/images/0/1190.jpg,Fixed,336,336,1,57,7924.0,85680.0,11172,82432,0.09248366013071896,0.09612771739130435
NonSemanticText/images/0/1209.jpg,DRIP,336,336,1,59,9730.0,104731.0,11564,102897,0.09290467960775702,0.09456057999747321
NonSemanticText/images/0/1209.jpg,Fixed,336,336,1,57,10094.0,103975.0,11172,102897,0.0970810290935321,0.0980980980980981
NonSemanticText/images/0/1242.jpg,DRIP,336,336,1,59,6594.0,77210.0,11564,72240,0.08540344514959203,0.09127906976744186
NonSemanticText/images/0/1242.jpg,Fixed,336,336,1,57,7112.0,76300.0,11172,72240,0.09321100917431192,0.09844961240310078
NonSemanticText/images/0/1244.jpg,DRIP,336,336,1,59,5782.0,86758.0,11564,80976,0.0666451508794578,0.07140387275242047
NonSemanticText/images/0/1244.jpg,Fixed,336,336,1,57,7924.0,84224.0,11172,80976,0.09408244680851063,0.09785615491009682
NonSemanticText/images/0/134.jpg,DRIP,336,336,1,59,6538.0,95410.0,11564,90384,0.06852531181217901,0.07233581164807931
NonSemanticText/images/0/134.jpg,Fixed,336,336,1,57,8904.0,92652.0,11172,90384,0.09610154125113328,0.09851301115241635
NonSemanticText/images/0/1456.jpg,DRIP,336,336,1,59,2982.0,64330.0,11564,55748,0.04635473340587595,0.053490708186840784
NonSemanticText/images/0/1456.jpg,Fixed,336,336,1,57,5460.0,61460.0,11172,55748,0.0888382687927107,0.09794073329984933
NonSemanticText/images/0/1458.jpg,DRIP,336,336,1,59,5796.0,95144.0,11564,89376,0.060918187168922895,0.06484962406015038
NonSemanticText/images/0/1458.jpg,Fixed,336,336,1,57,8820.0,91728.0,11172,89376,0.09615384615384616,0.09868421052631579
NonSemanticText/images/0/147.jpg,DRIP,336,336,1,59,6706.0,95914.0,11564,91056,0.0699168004670851,0.0736469864698647
NonSemanticText/images/0/147.jpg,Fixed,336,336,1,57,8960.0,93268.0,11172,91056,0.09606724707295107,0.0984009840098401
NonSemanticText/images/0/1522.jpg,DRIP,336,336,1,59,8162.0,92847.0,11564,89445,0.08790806380389242,0.09125160713287495
NonSemanticText/images/0/1522.jpg,Fixed,336,336,1,57,8806.0,91811.0,11172,89445,0.09591443291108909,0.09845156241265582
NonSemanticText/images/0/1559.jpg,DRIP,336,336,1,59,7616.0,97356.0,11564,93408,0.07822835777969514,0.0815347721822542
NonSemanticText/images/0/1559.jpg,Fixed,336,336,1,57,9156.0,95424.0,11172,93408,0.09595070422535211,0.09802158273381295
NonSemanticText/images/0/1586.jpg,DRIP,336,336,1,59,9156.0,100184.0,11564,97776,0.09139183901621017,0.0936426116838488
NonSemanticText/images/0/1586.jpg,Fixed,336,336,1,57,9520.0,99428.0,11172,97776,0.0957476767107857,0.09736540664375716
NonSemanticText/images/0/1695.jpg,DRIP,336,336,1,59,10052.0,103017.0,11564,101505,0.09757612821184852,0.09902960445298262
NonSemanticText/images/0/1695.jpg,Fixed,336,336,1,57,9898.0,102779.0,11172,101505,0.09630371963144221,0.09751243781094528
NonSemanticText/images/0/1704.jpg,DRIP,336,336,1,59,4830.0,75428.0,11564,68694,0.0640345760195153,0.07031181762599353
NonSemanticText/images/0/1704.jpg,Fixed,336,336,1,57,6524.0,73342.0,11172,68694,0.08895312372174198,0.09497190438757387
NonSemanticText/images/0/1804.jpg,DRIP,336,336,1,59,6664.0,95620.0,11564,90720,0.06969253294289897,0.0734567901234568
NonSemanticText/images/0/1804.jpg,Fixed,336,336,1,57,8932.0,92960.0,11172,90720,0.09608433734939759,0.09845679012345679
NonSemanticText/images/0/1808.jpg,DRIP,336,336,1,59,7448.0,85428.0,11564,81312,0.08718452966240577,0.09159779614325068
NonSemanticText/images/0/1808.jpg,Fixed,336,336,1,57,7952.0,84532.0,11172,81312,0.09407088439880755,0.09779614325068871
NonSemanticText/images/0/1823.jpg,DRIP,336,336,1,59,6720.0,93212.0,11564,88368,0.07209372183838991,0.07604562737642585
NonSemanticText/images/0/1823.jpg,Fixed,336,336,1,57,8736.0,90804.0,11172,88368,0.09620721554116558,0.09885931558935361
NonSemanticText/images/0/1845.jpg,DRIP,336,336,1,59,6230.0,94374.0,11564,89040,0.06601394451861742,0.0699685534591195
NonSemanticText/images/0/1845.jpg,Fixed,336,336,1,57,8792.0,91420.0,11172,89040,0.09617151607963247,0.09874213836477988
NonSemanticText/images/0/1854.jpg,DRIP,336,336,1,59,8778.0,95164.0,11564,92378,0.09224076331385818,0.09502262443438914
NonSemanticText/images/0/1854.jpg,Fixed,336,336,1,57,8736.0,94814.0,11172,92378,0.09213829181344527,0.09456797072896145
NonSemanticText/images/0/1882.jpg,DRIP,336,336,1,59,8764.0,94528.0,11564,91728,0.0927132701421801,0.09554334554334554
NonSemanticText/images/0/1882.jpg,Fixed,336,336,1,57,9016.0,93884.0,11172,91728,0.09603340292275574,0.09829059829059829
NonSemanticText/images/0/1993.jpg,DRIP,336,336,1,59,7896.0,85668.0,11564,82000,0.09216977167670543,0.09629268292682927
NonSemanticText/images/0/1993.jpg,Fixed,336,336,1,57,7980.0,85192.0,11172,82000,0.09367076720818857,0.09731707317073171
NonSemanticText/images/0/2021.jpg,DRIP,336,336,1,59,6160.0,94780.0,11564,89376,0.06499261447562776,0.06892230576441102
NonSemanticText/images/0/2021.jpg,Fixed,336,336,1,57,8820.0,91728.0,11172,89376,0.09615384615384616,0.09868421052631579
NonSemanticText/images/0/2067.jpg,DRIP,336,336,1,59,6902.0,94710.0,11564,90048,0.07287509238728751,0.07664800995024876
NonSemanticText/images/0/2067.jpg,Fixed,336,336,1,57,8876.0,92344.0,11172,90048,0.09611885991510007,0.09856965174129353
NonSemanticText/images/0/2163.jpg,DRIP,336,336,1,59,7364.0,95592.0,11564,91392,0.0770357352079672,0.08057598039215687
NonSemanticText/images/0/2163.jpg,Fixed,336,336,1,57,8988.0,93576.0,11172,91392,0.09605026929982047,0.09834558823529412
NonSemanticText/images/0/217.jpg,DRIP,336,336,1,59,5782.0,90790.0,11564,85008,0.06368542791056284,0.0680171277997365
NonSemanticText/images/0/217.jpg,Fixed,336,336,1,57,8288.0,87892.0,11172,85008,0.0942975469894871,0.09749670619235837
NonSemanticText/images/0/2297.jpg,DRIP,336,336,1,59,8386.0,94234.0,11564,91056,0.08899123458624275,0.09209717097170972
NonSemanticText/images/0/2297.jpg,Fixed,336,336,1,57,8960.0,93268.0,11172,91056,0.09606724707295107,0.0984009840098401
NonSemanticText/images/0/2418.jpg,DRIP,336,336,1,59,6412.0,90496.0,11564,85344,0.0708539603960396,0.07513123359580053
NonSemanticText/images/0/2418.jpg,Fixed,336,336,1,57,8344.0,88172.0,11172,85344,0.09463321689425214,0.09776902887139108
NonSemanticText/images/0/2522.jpg,DRIP,336,336,1,59,8456.0,98868.0,11564,95760,0.08552817898612292,0.08830409356725147
NonSemanticText/images/0/2522.jpg,Fixed,336,336,1,57,9352.0,97580.0,11172,95760,0.09583931133428981,0.0976608187134503
NonSemanticText/images/0/2538.jpg,DRIP,336,336,1,59,4704.0,84476.0,11564,77616,0.05568445475638051,0.06060606060606061
NonSemanticText/images/0/2538.jpg,Fixed,336,336,1,57,7644.0,81144.0,11172,77616,0.09420289855072464,0.09848484848484848
NonSemanticText/images/0/2545.jpg,DRIP,336,336,1,59,7392.0,91868.0,11564,87696,0.08046327339225846,0.0842911877394636
NonSemanticText/images/0/2545.jpg,Fixed,336,336,1,57,8680.0,90188.0,11172,87696,0.09624340266997827,0.09897828863346105
NonSemanticText/images/0/2561.jpg,DRIP,336,336,1,59,10108.0,107632.0,11564,106176,0.09391259105098855,0.09520042194092827
NonSemanticText/images/0/2561.jpg,Fixed,336,336,1,57,10416.0,106932.0,11172,106176,0.0974076983503535,0.0981012658227848
NonSemanticText/images/0/2661.jpg,DRIP,336,336,1,58,6258.0,95494.0,11368,90384,0.0655329130626008,0.06923791821561338
NonSemanticText/images/0/2661.jpg,Fixed,336,336,1,57,8904.0,92652.0,11172,90384,0.09610154125113328,0.09851301115241635
NonSemanticText/images/0/2770.jpg,DRIP,336,336,1,59,4634.0,87906.0,11564,80976,0.052715400541487496,0.0572268326417704
NonSemanticText/images/0/2770.jpg,Fixed,336,336,1,57,7924.0,84224.0,11172,80976,0.09408244680851063,0.09785615491009682
NonSemanticText/images/0/2811.jpg,DRIP,336,336,1,59,5656.0,93604.0,11564,87696,0.06042476817230033,0.06449553001277139
NonSemanticText/images/0/2811.jpg,Fixed,336,336,1,57,8680.0,90188.0,11172,87696,0.09624340266997827,0.09897828863346105
NonSemanticText/images/0/323.jpg,DRIP,336,336,1,59,8232.0,92708.0,11564,89376,0.08879492600422834,0.09210526315789473
NonSemanticText/images/0/323.jpg,Fixed,336,336,1,57,8820.0,91728.0,11172,89376,0.09615384615384616,0.09868421052631579
NonSemanticText/images/0/343.jpg,DRIP,336,336,1,58,7770.0,96670.0,11368,93072,0.08037653874004344,0.08348375451263539
NonSemanticText/images/0/343.jpg,Fixed,336,336,1,57,9128.0,95116.0,11172,93072,0.09596702973211657,0.09807460890493382
NonSemanticText/images/0/409.jpg,DRIP,336,336,1,59,9772.0,105952.0,11564,104160,0.09223044397463002,0.09381720430107526
NonSemanticText/images/0/409.jpg,Fixed,336,336,1,57,10248.0,105084.0,11172,104160,0.09752198241406874,0.09838709677419355
NonSemanticText/images/0/505.jpg,DRIP,336,336,1,59,7350.0,94239.0,11564,90025,0.07799318753382357,0.08164398778117189
NonSemanticText/images/0/505.jpg,Fixed,336,336,1,57,8666.0,92531.0,11172,90025,0.09365509937210233,0.09626214940294363
NonSemanticText/images/0/586.jpg,DRIP,336,336,1,59,8120.0,99540.0,11564,96096,0.08157524613220815,0.0844988344988345
NonSemanticText/images/0/586.jpg,Fixed,336,336,1,57,9380.0,97888.0,11172,96096,0.09582379862700229,0.09761072261072261
NonSemanticText/images/0/696.jpg,DRIP,336,336,1,59,5292.0,94976.0,11564,88704,0.05571933962264151,0.05965909090909091
NonSemanticText/images/0/696.jpg,Fixed,336,336,1,57,8764.0,91112.0,11172,88704,0.09618930547019053,0.09880050505050506
NonSemanticText/images/0/710.jpg,DRIP,336,336,1,59,7070.0,94206.0,11564,89712,0.07504829840986774,0.07880774032459426
NonSemanticText/images/0/710.jpg,Fixed,336,336,1,57,8820.0,92064.0,11172,89712,0.09580291970802919,0.09831460674157304
NonSemanticText/images/0/72.jpg,DRIP,336,336,1,59,9464.0,96180.0,11564,94080,0.09839883551673945,0.1005952380952381
NonSemanticText/images/0/72.jpg,Fixed,336,336,1,57,9212.0,96040.0,11172,94080,0.09591836734693877,0.09791666666666667
NonSemanticText/images/0/782.jpg,DRIP,336,336,1,59,6118.0,96502.0,11564,91056,0.06339764978964167,0.06718942189421895
NonSemanticText/images/0/782.jpg,Fixed,336,336,1,57,8960.0,93268.0,11172,91056,0.09606724707295107,0.0984009840098401
NonSemanticText/images/0/797.jpg,DRIP,336,336,1,59,6062.0,94542.0,11564,89040,0.06411965052569228,0.0680817610062893
NonSemanticText/images/0/797.jpg,Fixed,336,336,1,57,8792.0,91420.0,11172,89040,0.09617151607963247,0.09874213836477988
NonSemanticText/images/0/876.jpg,DRIP,336,336,1,59,8680.0,95956.0,11564,93072,0.0904581266413773,0.09326113116726835
NonSemanticText/images/0/876.jpg,Fixed,336,336,1,57,9128.0,95116.0,11172,93072,0.09596702973211657,0.09807460890493382
NonSemanticText/images/0/962.jpg,DRIP,336,336,1,59,10192.0,104860.0,11564,103488,0.09719626168224299,0.09848484848484848
NonSemanticText/images/0/962.jpg,Fixed,336,336,1,57,10192.0,104468.0,11172,103488,0.0975609756097561,0.09848484848484848
ORAND/CAR-A/a_test_images/a_car_007001.png,DRIP,336,336,1,59,7280.0,90300.0,11564,86016,0.08062015503875969,0.08463541666666667
ORAND/CAR-A/a_test_images/a_car_007001.png,Fixed,336,336,1,57,8484.0,88704.0,11172,86016,0.09564393939393939,0.0986328125
ORAND/CAR-A/a_test_images/a_car_007002.png,DRIP,336,336,1,59,5096.0,85680.0,11564,79212,0.05947712418300653,0.06433368681512902
ORAND/CAR-A/a_test_images/a_car_007002.png,Fixed,336,336,1,57,7672.0,82712.0,11172,79212,0.0927555856465809,0.09685401201838105
ORAND/CAR-A/a_test_images/a_car_007005.png,DRIP,336,336,1,59,7112.0,88164.0,11564,83712,0.08066784628646613,0.0849579510703364
ORAND/CAR-A/a_test_images/a_car_007005.png,Fixed,336,336,1,57,8036.0,86848.0,11172,83712,0.09252947678703022,0.09599579510703364
ORAND/CAR-A/a_test_images/a_car_007010.png,DRIP,336,336,1,59,7196.0,79368.0,11564,75000,0.09066626348150388,0.09594666666666667
ORAND/CAR-A/a_test_images/a_car_007010.png,Fixed,336,336,1,57,7588.0,78584.0,11172,75000,0.09655909599918558,0.10117333333333334
ORAND/CAR-A/a_test_images/a_car_007027.png,DRIP,336,336,1,59,9184.0,99484.0,11564,97104,0.09231635237827188,0.09457900807381776
ORAND/CAR-A/a_test_images/a_car_007027.png,Fixed,336,336,1,57,9590.0,98686.0,11172,97104,0.09717690452546461,0.098760092272203
ORAND/CAR-A/a_test_images/a_car_007039.png,DRIP,336,336,1,59,6916.0,67633.0,11564,62985,0.1022577735720728,0.10980392156862745
ORAND/CAR-A/a_test_images/a_car_007039.png,Fixed,336,336,1,57,6454.0,67703.0,11172,62985,0.09532812430763778,0.10246884178772724
ORAND/CAR-A/a_test_images/a_car_007043.png,DRIP,336,336,1,59,4542.0,65646.0,11564,58624,0.06918928799926881,0.07747680131004367
ORAND/CAR-A/a_test_images/a_car_007043.png,Fixed,336,336,1,57,5634.0,64162.0,11172,58624,0.08780898351048907,0.0961039847161572
ORAND/CAR-A/a_test_images/a_car_007051.png,DRIP,336,336,2,59,6272.0,78228.0,11564,72936,0.08017589609858362,0.0859931995173851
ORAND/CAR-A/a_test_images/a_car_007051.png,Fixed,336,336,2,57,6846.0,77262.0,11172,72936,0.08860759493670886,0.09386311286607436
ORAND/CAR-A/a_test_images/a_car_007052.png,DRIP,336,336,1,59,5082.0,72338.0,11564,65856,0.0702535320301916,0.07716836734693877
ORAND/CAR-A/a_test_images/a_car_007052.png,Fixed,336,336,1,57,6468.0,70560.0,11172,65856,0.09166666666666666,0.09821428571428571
ORAND/CAR-A/a_test_images/a_car_007055.png,DRIP,336,336,1,59,6678.0,74967.0,11564,70081,0.08907919484573212,0.0952897361624406
ORAND/CAR-A/a_test_images/a_car_007055.png,Fixed,336,336,1,57,6692.0,74561.0,11172,70081,0.08975201512855246,0.09548950500135557
ORAND/CAR-A/a_test_images/a_car_007065.png,DRIP,336,336,1,59,8148.0,94808.0,11564,91392,0.08594211458948611,0.08915441176470588
ORAND/CAR-A/a_test_images/a_car_007065.png,Fixed,336,336,1,57,8876.0,93688.0,11172,91392,0.09473998804542738,0.09712009803921569
ORAND/CAR-A/a_test_images/a_car_007066.png,DRIP,336,336,1,59,7588.0,71920.0,11564,67944,0.10550611790878754,0.1116802072294831
ORAND/CAR-A/a_test_images/a_car_007066.png,Fixed,336,336,1,57,6972.0,72144.0,11172,67944,0.09664005322687957,0.10261391734369481
ORAND/CAR-A/a_test_images/a_car_007074.png,DRIP,336,336,1,59,4452.0,36957.0,11564,29845,0.12046432340287361,0.14917071536270732
ORAND/CAR-A/a_test_images/a_car_007074.png,Fixed,336,336,1,57,2716.0,38301.0,11172,29845,0.07091198663220281,0.09100351817724912
ORAND/CAR-A/a_test_images/a_car_007075.png,DRIP,336,336,1,59,2316.0,60088.0,11564,50840,0.038543469577952336,0.045554681353265146
ORAND/CAR-A/a_test_images/a_car_007075.png,Fixed,336,336,1,57,4892.0,57120.0,11172,50840,0.08564425770308123,0.0962234461054288
ORAND/CAR-A/a_test_images/a_car_007083.png,DRIP,336,336,1,59,8316.0,84277.0,11564,81029,0.09867460873073318,0.10262992262029644
ORAND/CAR-A/a_test_images/a_car_007083.png,Fixed,336,336,1,57,7798.0,84403.0,11172,81029,0.09239008092129426,0.09623714966246652
ORAND/CAR-A/a_test_images/a_car_007091.png,DRIP,336,336,1,59,9302.0,81123.0,11564,78861,0.11466538466279601,0.11795437542004286
ORAND/CAR-A/a_test_images/a_car_007091.png,Fixed,336,336,1,57,7560.0,82473.0,11172,78861,0.09166636353715761,0.09586487617453494
ORAND/CAR-A/a_test_images/a_car_007093.png,DRIP,336,336,1,59,6944.0,78595.0,11564,73975,0.08835167631528723,0.09386955052382562
ORAND/CAR-A/a_test_images/a_car_007093.png,Fixed,336,336,1,57,7112.0,78035.0,11172,73975,0.09113859165758954,0.09614058803649882
ORAND/CAR-A/a_test_images/a_car_007101.png,DRIP,336,336,1,59,8568.0,89180.0,11564,86184,0.09607535321821035,0.09941520467836257
ORAND/CAR-A/a_test_images/a_car_007101.png,Fixed,336,336,1,57,8064.0,89292.0,11172,86184,0.09031044214487301,0.0935672514619883
ORAND/CAR-A/a_test_images/a_car_007105.png,DRIP,336,336,0,59,,,11564,0,,
ORAND/CAR-A/a_test_images/a_car_007105.png,Fixed,336,336,0,57,,,11172,0,,
ORAND/CAR-A/a_test_images/a_car_007106.png,DRIP,336,336,1,59,9618.0,99392.0,11564,97446,0.09676835157759175,0.09870081891509143
ORAND/CAR-A/a_test_images/a_car_007106.png,Fixed,336,336,1,57,9408.0,99210.0,11172,97446,0.09482915028726943,0.09654577920078813
ORAND/CAR-A/a_test_images/a_car_007107.png,DRIP,336,336,1,59,4046.0,68463.0,11564,60945,0.05909761477002176,0.06638772663877267
ORAND/CAR-A/a_test_images/a_car_007107.png,Fixed,336,336,1,57,6342.0,65775.0,11172,60945,0.09641961231470923,0.10406103864139798
ORAND/CAR-A/a_test_images/a_car_007114.png,DRIP,336,336,1,59,7434.0,84434.0,11564,80304,0.08804510031503897,0.09257322175732217
ORAND/CAR-A/a_test_images/a_car_007114.png,Fixed,336,336,1,57,7868.0,83608.0,11172,80304,0.09410582719357,0.09797768479776849
ORAND/CAR-A/a_test_images/a_car_007118.png,DRIP,336,336,1,59,6219.0,83498.0,11564,78153,0.07448082588804522,0.07957468043453227
ORAND/CAR-A/a_test_images/a_car_007118.png,Fixed,336,336,1,57,7423.0,81902.0,11172,78153,0.09063270738199311,0.09498035903932031
ORAND/CAR-A/a_test_images/a_car_007123.png,DRIP,336,336,1,59,4317.0,65786.0,11564,58539,0.06562186483446326,0.07374570798954543
ORAND/CAR-A/a_test_images/a_car_007123.png,Fixed,336,336,1,57,5964.0,63747.0,11172,58539,0.09355734387500589,0.10188079741710654
ORAND/CAR-A/a_test_images/a_car_007126.png,DRIP,336,336,1,59,9912.0,99778.0,11564,98126,0.09934053598989757,0.1010129833071765
ORAND/CAR-A/a_test_images/a_car_007126.png,Fixed,336,336,1,57,9436.0,99862.0,11172,98126,0.09449039674751157,0.09616207732914824
ORAND/CAR-A/a_test_images/a_car_007129.png,DRIP,336,336,1,59,10388.0,99624.0,11564,98448,0.10427206295671726,0.10551763367463027
ORAND/CAR-A/a_test_images/a_car_007129.png,Fixed,336,336,1,57,9576.0,100044.0,11172,98448,0.09571788413098237,0.09726962457337884
ORAND/CAR-A/a_test_images/a_car_007132.png,DRIP,336,336,1,59,6174.0,80990.0,11564,75600,0.07623163353500433,0.08166666666666667
ORAND/CAR-A/a_test_images/a_car_007132.png,Fixed,336,336,1,57,7308.0,79464.0,11172,75600,0.0919661733615222,0.09666666666666666
ORAND/CAR-A/a_test_images/a_car_007134.png,DRIP,336,336,1,59,9282.0,99386.0,11564,97104,0.09339343569516834,0.09558823529411764
ORAND/CAR-A/a_test_images/a_car_007134.png,Fixed,336,336,1,57,9464.0,98812.0,11172,97104,0.09577784074808728,0.09746251441753172
ORAND/CAR-A/a_test_images/a_car_007156.png,DRIP,336,336,1,59,7504.0,66277.0,11564,62217,0.11322178131176729,0.12061012263529261
ORAND/CAR-A/a_test_images/a_car_007156.png,Fixed,336,336,1,57,5894.0,67495.0,11172,62217,0.08732498703607675,0.09473295080122796
ORAND/CAR-A/a_test_images/a_car_007329.png,DRIP,336,336,1,59,11063.0,106090.0,11564,105589,0.10427938542746724,0.1047741715519609
ORAND/CAR-A/a_test_images/a_car_007329.png,Fixed,336,336,1,57,10223.0,106538.0,11172,105589,0.09595637237417635,0.09681879741260926
ORAND/CAR-A/a_test_images/a_car_007687.png,DRIP,336,336,0,58,,,11368,0,,
ORAND/CAR-A/a_test_images/a_car_007687.png,Fixed,336,336,0,57,,,11172,0,,
ORAND/CAR-A/a_test_images/a_car_007741.png,DRIP,336,336,1,59,5600.0,83452.0,11564,77488,0.06710444327277956,0.07226925459425976
ORAND/CAR-A/a_test_images/a_car_007741.png,Fixed,336,336,1,57,7560.0,81100.0,11172,77488,0.09321824907521578,0.09756349370225068
ORAND/CAR-A/a_test_images/a_car_007771.png,DRIP,336,336,1,59,9366.0,84311.0,11564,82113,0.11108870728611925,0.1140623287420993
ORAND/CAR-A/a_test_images/a_car_007771.png,Fixed,336,336,1,57,8372.0,84913.0,11172,82113,0.09859503256274069,0.10195705917455214
ORAND/CAR-A/a_test_images/a_car_007932.png,DRIP,336,336,1,59,616.0,26117.0,11564,15169,0.023586169927633342,0.04060913705583756
ORAND/CAR-A/a_test_images/a_car_007932.png,Fixed,336,336,1,57,1582.0,24759.0,11172,15169,0.06389595702572802,0.10429164743885556
ORAND/CAR-A/a_test_images/a_car_007976.png,DRIP,336,336,1,59,5810.0,79698.0,11564,73944,0.07290019824838766,0.0785729741425944
ORAND/CAR-A/a_test_images/a_car_007976.png,Fixed,336,336,1,57,7294.0,77822.0,11172,73944,0.09372670967078718,0.09864221573082332
ORAND/CAR-A/a_test_images/a_car_008033.png,DRIP,336,336,1,59,8260.0,91000.0,11564,87696,0.09076923076923077,0.0941890166028097
ORAND/CAR-A/a_test_images/a_car_008033.png,Fixed,336,336,1,57,8680.0,90188.0,11172,87696,0.09624340266997827,0.09897828863346105
ORAND/CAR-A/a_test_images/a_car_008049.png,DRIP,336,336,1,59,8708.0,91773.0,11564,88917,0.09488629553354472,0.09793402836353003
ORAND/CAR-A/a_test_images/a_car_008049.png,Fixed,336,336,1,57,8680.0,91409.0,11172,88917,0.09495782690982288,0.09761912795078556
ORAND/CAR-A/a_test_images/a_car_008102.png,DRIP,336,336,1,59,7252.0,91336.0,11564,87024,0.07939914163090128,0.08333333333333333
ORAND/CAR-A/a_test_images/a_car_008102.png,Fixed,336,336,1,57,8428.0,89768.0,11172,87024,0.09388646288209607,0.09684684684684684
ORAND/CAR-A/a_test_images/a_car_008316.png,DRIP,336,336,1,59,6692.0,87200.0,11564,82328,0.07674311926605505,0.08128461762705276
ORAND/CAR-A/a_test_images/a_car_008316.png,Fixed,336,336,1,57,8013.0,85487.0,11172,82328,0.0937335501304292,0.09733019142940433
ORAND/CAR-A/a_test_images/a_car_008441.png,DRIP,336,336,1,59,7840.0,83024.0,11564,79300,0.0944305261129312,0.09886506935687264
ORAND/CAR-A/a_test_images/a_car_008441.png,Fixed,336,336,1,57,7868.0,82604.0,11172,79300,0.09524962471551014,0.09921815889029004
ORAND/CAR-A/a_test_images/a_car_008486.png,DRIP,336,336,1,59,6258.0,78890.0,11564,73584,0.07932564330079858,0.08504566210045662
ORAND/CAR-A/a_test_images/a_car_008486.png,Fixed,336,336,1,57,7168.0,77588.0,11172,73584,0.09238542042583904,0.0974124809741248
ORAND/CAR-A/a_test_images/a_car_008945.png,DRIP,336,336,1,59,9030.0,82139.0,11564,79605,0.109935596975858,0.11343508573582062
ORAND/CAR-A/a_test_images/a_car_008945.png,Fixed,336,336,1,57,8064.0,82713.0,11172,79605,0.09749374342606362,0.10130016958733748
ORAND/CAR-A/a_test_images/a_car_009004.png,DRIP,336,336,2,59,6149.0,68231.0,11564,62816,0.09012032653779074,0.09788907284768211
ORAND/CAR-A/a_test_images/a_car_009004.png,Fixed,336,336,2,57,6370.0,67618.0,11172,62816,0.09420568487680796,0.10140728476821192
ORAND/CAR-A/a_test_images/a_car_009138.png,DRIP,336,336,1,59,5880.0,76634.0,11564,70950,0.07672834512096459,0.0828752642706131
ORAND/CAR-A/a_test_images/a_car_009138.png,Fixed,336,336,1,57,6790.0,75332.0,11172,70950,0.09013433866086125,0.09570119802677943
ORAND/CAR-A/a_test_images/a_car_009330.png,DRIP,336,336,0,59,,,11564,0,,
ORAND/CAR-A/a_test_images/a_car_009330.png,Fixed,336,336,0,57,,,11172,0,,
ORAND/CAR-A/a_test_images/a_car_009337.png,DRIP,336,336,1,59,8092.0,88480.0,11564,85008,0.09145569620253165,0.09519104084321475
ORAND/CAR-A/a_test_images/a_car_009337.png,Fixed,336,336,1,57,8456.0,87724.0,11172,85008,0.09639323332269391,0.09947299077733861
ORAND/CAR-A/a_test_images/a_car_009507.png,DRIP,336,336,1,59,6222.0,82698.0,11564,77356,0.07523761155046071,0.08043332126790423
ORAND/CAR-A/a_test_images/a_car_009507.png,Fixed,336,336,1,57,7454.0,81074.0,11172,77356,0.0919406961541308,0.09635968767774962
ORAND/CAR-A/a_test_images/a_car_009646.png,DRIP,336,336,1,59,3374.0,54117.0,11564,45927,0.062346397619971544,0.07346441091297058
ORAND/CAR-A/a_test_images/a_car_009646.png,Fixed,336,336,1,57,4501.0,52598.0,11172,45927,0.08557359595421879,0.09800335314738606
ORAND/CAR-A/a_test_images/a_car_010437.png,DRIP,336,336,1,59,7769.0,86992.0,11564,83197,0.08930706271841089,0.0933807709412599
ORAND/CAR-A/a_test_images/a_car_010437.png,Fixed,336,336,1,57,8232.0,86137.0,11172,83197,0.09556868709149378,0.09894587545223986
ORAND/CAR-A/a_test_images/a_car_010523.png,DRIP,336,336,1,59,9380.0,98275.0,11564,96091,0.0954464512846604,0.09761580168798327
ORAND/CAR-A/a_test_images/a_car_010523.png,Fixed,336,336,1,57,9380.0,97883.0,11172,96091,0.0958286934401275,0.09761580168798327
POIE/image_files/GOG_148.jpg,DRIP,336,336,69,58,7199.0,65382.0,11368,61213,0.11010675721146493,0.11760573734337477
POIE/image_files/GOG_148.jpg,Fixed,336,336,69,57,5236.0,67149.0,11172,61213,0.0779758447631387,0.08553738584941108
POIE/image_files/GOG_168.jpg,DRIP,336,336,28,58,3622.0,39090.0,11368,31344,0.09265796878997186,0.11555640632976008
POIE/image_files/GOG_168.jpg,Fixed,336,336,28,57,2482.0,40034.0,11172,31344,0.06199730229305091,0.0791858090862685
POIE/image_files/GOG_283.jpg,DRIP,336,336,47,58,6751.0,74993.0,11368,70376,0.09002173536196711,0.09592758895077867
POIE/image_files/GOG_283.jpg,Fixed,336,336,47,57,6350.0,75198.0,11172,70376,0.08444373520572356,0.09022962373536433
POIE/image_files/GOG_294.jpg,DRIP,336,336,17,59,9170.0,109099.0,11564,106705,0.08405209946928936,0.08593786607937773
POIE/image_files/GOG_294.jpg,Fixed,336,336,17,57,10192.0,107685.0,11172,106705,0.09464642243580815,0.09551567405463661
POIE/image_files/NZL_18.jpg,DRIP,336,336,31,59,4878.0,54797.0,11564,48111,0.08901947186889793,0.10139053438922492
POIE/image_files/NZL_18.jpg,Fixed,336,336,31,57,4653.0,54630.0,11172,48111,0.08517298187808896,0.09671384922367027
POIE/image_files/NZL_2.jpg,DRIP,336,336,42,59,5543.0,72474.0,11564,66453,0.07648260065678726,0.08341233653860623
POIE/image_files/NZL_2.jpg,Fixed,336,336,42,57,6072.0,71553.0,11172,66453,0.08486017357762778,0.09137284998419935
POIE/image_files/NZL_20.jpg,DRIP,336,336,22,59,7232.0,72713.0,11564,68381,0.09945951893059013,0.10576037203316711
POIE/image_files/NZL_20.jpg,Fixed,336,336,22,57,7025.0,72528.0,11172,68381,0.09685914405470991,0.10273321536684167
POIE/image_files/NZL_26.jpg,DRIP,336,336,33,58,6490.0,77818.0,11368,72940,0.08339972756945693,0.0889772415684124
POIE/image_files/NZL_26.jpg,Fixed,336,336,33,57,6873.0,77239.0,11172,72940,0.08898354458240008,0.09422813271181793
POIE/image_files/NZL_27.jpg,DRIP,336,336,21,59,3448.0,42837.0,11564,34721,0.08049116418049816,0.09930589556752398
POIE/image_files/NZL_27.jpg,Fixed,336,336,21,57,3325.0,42568.0,11172,34721,0.0781103176094719,0.09576337087065465
POIE/image_files/NZL_52.jpg,DRIP,336,336,30,59,4116.0,64250.0,11564,56802,0.06406225680933852,0.07246223724516743
POIE/image_files/NZL_52.jpg,Fixed,336,336,30,57,5807.0,62167.0,11172,56802,0.09340968681133077,0.10223231576352945
POIE/image_files/NZL_62.jpg,DRIP,336,336,45,59,6006.0,68022.0,11564,62464,0.088294963394196,0.09615138319672131
POIE/image_files/NZL_62.jpg,Fixed,336,336,45,57,5928.0,67708.0,11172,62464,0.08755243102735275,0.09490266393442623
POIE/image_files/NZL_70.jpg,DRIP,336,336,27,59,8380.0,91749.0,11564,88565,0.09133614535308286,0.09461977078981539
POIE/image_files/NZL_70.jpg,Fixed,336,336,27,57,8900.0,90837.0,11172,88565,0.09797769631317635,0.10049116468130752
POIE/image_files/NZL_81.jpg,DRIP,336,336,27,59,3122.0,55432.0,11564,46990,0.05632125847885698,0.06643966801447117
POIE/image_files/NZL_81.jpg,Fixed,336,336,27,57,4498.0,53664.0,11172,46990,0.08381782945736434,0.095722494147691
POIE/image_files/SGP_13.jpg,DRIP,336,336,31,59,3704.0,55322.0,11564,47462,0.06695347239796103,0.0780413804727993
POIE/image_files/SGP_13.jpg,Fixed,336,336,31,57,4926.0,53708.0,11172,47462,0.09171817978699635,0.10378829379292907
POIE/image_files/SGP_23.jpg,DRIP,336,336,44,58,5548.0,74112.0,11368,68292,0.07485967184801381,0.08123938382240965
POIE/image_files/SGP_23.jpg,Fixed,336,336,44,57,5945.0,73519.0,11172,68292,0.08086345026455746,0.08705265624084813
POIE/image_files/SGP_40.jpg,DRIP,336,336,52,59,5546.0,68770.0,11564,62752,0.08064563036207649,0.0883796532381438
POIE/image_files/SGP_40.jpg,Fixed,336,336,52,57,5975.0,67949.0,11172,62752,0.08793359725676611,0.09521608873023968
POIE/image_files/SGP_51.jpg,DRIP,336,336,57,58,7150.0,63209.0,11368,58991,0.11311680298691643,0.12120492956552695
POIE/image_files/SGP_51.jpg,Fixed,336,336,57,57,5970.0,64193.0,11172,58991,0.09300079447914882,0.1012018782526148
POIE/image_files/SGP_54.jpg,DRIP,336,336,39,58,4859.0,59928.0,11368,53419,0.08108063008944066,0.09096014526666542
POIE/image_files/SGP_54.jpg,Fixed,336,336,39,57,5397.0,59194.0,11172,53419,0.09117478122782714,0.101031468204197
POIE/image_files/SGP_57.jpg,DRIP,336,336,39,58,6060.0,69174.0,11368,63866,0.0876051695723827,0.09488616791407009
POIE/image_files/SGP_57.jpg,Fixed,336,336,39,57,6385.0,68653.0,11172,63866,0.09300394738758685,0.09997494754642533
POIE/image_files/SGP_63.jpg,DRIP,336,336,26,59,7014.0,81920.0,11564,77370,0.0856201171875,0.09065529274912756
POIE/image_files/SGP_63.jpg,Fixed,336,336,26,57,7052.0,81490.0,11172,77370,0.08653822554914714,0.09114643918831589
POIE/image_files/SGP_80.jpg,DRIP,336,336,63,58,5078.0,67111.0,11368,60821,0.07566568818822547,0.08349089952483517
POIE/image_files/SGP_80.jpg,Fixed,336,336,63,57,6217.0,65776.0,11172,60821,0.09451775723668207,0.10221798392002762
POIE/image_files/SGP_82.jpg,DRIP,336,336,24,59,4888.0,75317.0,11564,68641,0.0648990267801426,0.0712110837546073
POIE/image_files/SGP_82.jpg,Fixed,336,336,24,57,7101.0,72712.0,11172,68641,0.0976592584442733,0.1034512900453082
POIE/image_files/UK_148.jpg,DRIP,336,336,28,59,7979.0,69171.0,11564,65586,0.11535180928423762,0.12165706095813131
POIE/image_files/UK_148.jpg,Fixed,336,336,28,57,6327.0,70431.0,11172,65586,0.08983260212122503,0.09646875857652548
POIE/image_files/UK_164.jpg,DRIP,336,336,31,59,5616.0,59937.0,11564,53989,0.09369838330246759,0.10402118950156514
POIE/image_files/UK_164.jpg,Fixed,336,336,31,57,5118.0,60043.0,11172,53989,0.08523891211298569,0.09479708829576396
POIE/image_files/UK_183.jpg,DRIP,336,336,26,58,5191.0,60203.0,11368,54026,0.08622493895653041,0.0960833672676119
POIE/image_files/UK_183.jpg,Fixed,336,336,26,57,5139.0,60059.0,11172,54026,0.08556586023743319,0.09512086773035205
POIE/image_files/UK_184.jpg,DRIP,336,336,4,59,8610.0,103598.0,11564,100644,0.08310971254271318,0.08554906402766185
POIE/image_files/UK_184.jpg,Fixed,336,336,4,57,9842.0,101974.0,11172,100644,0.09651479788965815,0.09779023091292079
POIE/image_files/UK_205.jpg,DRIP,336,336,33,58,4871.0,61362.0,11368,54865,0.07938137609595515,0.08878155472523466
POIE/image_files/UK_205.jpg,Fixed,336,336,33,57,6247.0,59790.0,11172,54865,0.10448235490884764,0.11386129590813816
POIE/image_files/UK_220.jpg,DRIP,336,336,9,58,11368.0,112896.0,11368,112896,0.10069444444444445,0.10069444444444445
POIE/image_files/UK_220.jpg,Fixed,336,336,9,57,11172.0,112896.0,11172,112896,0.09895833333333333,0.09895833333333333
POIE/image_files/UK_227.jpg,DRIP,336,336,8,58,6319.0,95750.0,11368,90701,0.06599477806788512,0.06966847113041752
POIE/image_files/UK_227.jpg,Fixed,336,336,8,57,8792.0,93081.0,11172,90701,0.09445536683103964,0.09693388165510855
POIE/image_files/UK_254.jpg,DRIP,336,336,26,58,5551.0,81933.0,11368,76116,0.06775047904995544,0.07292816227862736
POIE/image_files/UK_254.jpg,Fixed,336,336,26,57,7053.0,80235.0,11172,76116,0.08790428117405122,0.09266120132429449
POIE/image_files/UK_262.jpg,DRIP,336,336,35,59,3712.0,63039.0,11564,55187,0.05888418280746839,0.06726221755123489
POIE/image_files/UK_262.jpg,Fixed,336,336,35,57,5560.0,60799.0,11172,55187,0.09144887251435056,0.10074836465109537
POIE/image_files/UK_280.jpg,DRIP,336,336,29,59,3409.0,52051.0,11564,43896,0.06549345833893681,0.07766083470020048
POIE/image_files/UK_280.jpg,Fixed,336,336,29,57,3842.0,51226.0,11172,43896,0.07500097606684106,0.08752505923090942
POIE/image_files/UK_303.jpg,DRIP,336,336,7,58,9884.0,109727.0,11368,108243,0.09007810292817629,0.09131306412423898
POIE/image_files/UK_303.jpg,Fixed,336,336,7,57,10576.0,108839.0,11172,108243,0.09717105081818098,0.09770608722965919
POIE/image_files/UK_305.jpg,DRIP,336,336,15,59,5462.0,64829.0,11564,58727,0.08425241789939687,0.0930066238697703
POIE/image_files/UK_305.jpg,Fixed,336,336,15,57,5312.0,64587.0,11172,58727,0.08224565315001471,0.09045243244163673
POIE/image_files/UK_32.jpg,DRIP,336,336,9,58,7975.0,99149.0,11368,95756,0.08043449757435779,0.08328459835415013
POIE/image_files/UK_32.jpg,Fixed,336,336,9,57,9302.0,97626.0,11172,95756,0.09528199455063201,0.09714273779188771
POIE/image_files/UK_331.jpg,DRIP,336,336,36,59,6499.0,67236.0,11564,62171,0.0966595276340056,0.10453426838879863
POIE/image_files/UK_331.jpg,Fixed,336,336,36,57,6266.0,67077.0,11172,62171,0.09341503048735036,0.10078654034839395
POIE/image_files/UK_338.jpg,DRIP,336,336,29,59,5870.0,57172.0,11564,51478,0.10267263695515287,0.11402929406736859
POIE/image_files/UK_338.jpg,Fixed,336,336,29,57,5274.0,57376.0,11172,51478,0.09191996653653095,0.10245153269357785
POIE/image_files/UK_379.jpg,DRIP,336,336,35,58,5725.0,70188.0,11368,64545,0.08156664956972702,0.08869780773104036
POIE/image_files/UK_379.jpg,Fixed,336,336,35,57,6246.0,69471.0,11172,64545,0.08990801917346807,0.09676969556123635
POIE/image_files/UK_39.jpg,DRIP,336,336,45,59,5919.0,56367.0,11564,50722,0.10500824950769067,0.11669492527897166
POIE/image_files/UK_39.jpg,Fixed,336,336,45,57,4275.0,57619.0,11172,50722,0.0741942761936167,0.08428295414218683
POIE/image_files/UK_392.jpg,DRIP,336,336,30,59,4608.0,61125.0,11564,54169,0.07538650306748466,0.08506710480163931
POIE/image_files/UK_392.jpg,Fixed,336,336,30,57,4530.0,60811.0,11172,54169,0.07449310157701731,0.08362716682973656
POIE/image_files/UK_423.jpg,DRIP,336,336,22,59,1420.0,41169.0,11564,31025,0.03449197211494085,0.045769540692989524
POIE/image_files/UK_423.jpg,Fixed,336,336,22,57,2928.0,39269.0,11172,31025,0.0745626321016578,0.09437550362610797
POIE/image_files/UK_457.jpg,DRIP,336,336,39,59,7066.0,59437.0,11564,54939,0.11888217776805693,0.12861537341415025
POIE/image_files/UK_457.jpg,Fixed,336,336,39,57,5610.0,60501.0,11172,54939,0.09272574007041207,0.10211325288046742
POIE/image_files/UK_466.jpg,DRIP,336,336,34,59,3828.0,52711.0,11564,44975,0.07262241277911631,0.08511395219566426
POIE/image_files/UK_466.jpg,Fixed,336,336,34,57,4332.0,51815.0,11172,44975,0.08360513364855737,0.0963201778765981
POIE/image_files/UK_473.jpg,DRIP,336,336,48,59,6890.0,74499.0,11564,69825,0.09248446287869636,0.09867525957751522
POIE/image_files/UK_473.jpg,Fixed,336,336,48,57,6898.0,74099.0,11172,69825,0.09309167465147977,0.09878983172216255
POIE/image_files/UK_494.jpg,DRIP,336,336,27,59,6481.0,70324.0,11564,65241,0.09215914908139469,0.09933937248049539
POIE/image_files/UK_494.jpg,Fixed,336,336,27,57,5833.0,70580.0,11172,65241,0.0826438084443185,0.08940696801091338
POIE/image_files/UK_498.jpg,DRIP,336,336,40,59,4934.0,65489.0,11564,58859,0.07534089694452503,0.083827452046416
POIE/image_files/UK_498.jpg,Fixed,336,336,40,57,5687.0,64344.0,11172,58859,0.08838430933731195,0.09662073769516981
POIE/image_files/UK_516.jpg,DRIP,336,336,41,59,7509.0,65022.0,11564,60967,0.1154839900341423,0.12316499089671462
POIE/image_files/UK_516.jpg,Fixed,336,336,41,57,5432.0,66707.0,11172,60967,0.08143073440568456,0.08909738055013368
POIE/image_files/UK_522.jpg,DRIP,336,336,37,58,4824.0,58569.0,11368,52025,0.08236439071863956,0.09272465160980298
POIE/image_files/UK_522.jpg,Fixed,336,336,37,57,5102.0,58095.0,11172,52025,0.08782167140029262,0.09806823642479577
POIE/image_files/UK_539.jpg,DRIP,336,336,35,59,6226.0,60831.0,11564,55493,0.10234913119955286,0.11219433081649938
POIE/image_files/UK_539.jpg,Fixed,336,336,35,57,5467.0,61198.0,11172,55493,0.08933298473806334,0.09851693006325123
POIE/image_files/UK_548.jpg,DRIP,336,336,23,59,4411.0,51511.0,11564,44358,0.08563219506513171,0.0994409125749583
POIE/image_files/UK_548.jpg,Fixed,336,336,23,57,4019.0,51511.0,11172,44358,0.07802217002193707,0.09060372424365391
POIE/image_files/UK_563.jpg,DRIP,336,336,43,59,7477.0,70771.0,11564,66684,0.10565061960407511,0.11212584727970727
POIE/image_files/UK_563.jpg,Fixed,336,336,43,57,6181.0,71675.0,11172,66684,0.08623648412975235,0.09269090036590487
POIE/image_files/UK_568.jpg,DRIP,336,336,39,59,4171.0,53422.0,11564,46029,0.07807644790535734,0.09061678507028179
POIE/image_files/UK_568.jpg,Fixed,336,336,39,57,4386.0,52815.0,11172,46029,0.08304458960522579,0.09528775337287362
POIE/image_files/UK_70.jpg,DRIP,336,336,38,58,3634.0,56172.0,11368,48438,0.06469415367086805,0.07502374169040836
POIE/image_files/UK_70.jpg,Fixed,336,336,38,57,4575.0,55035.0,11172,48438,0.08312891796129736,0.0944506379288988
POIE/image_files/UK_85.jpg,DRIP,336,336,20,59,8216.0,91277.0,11564,87929,0.09001172255880452,0.09343902466762956
POIE/image_files/UK_85.jpg,Fixed,336,336,20,57,8456.0,90645.0,11172,87929,0.09328699873131446,0.09616849958489236
POIE/image_files/nf0084.jpg,DRIP,336,336,49,58,5564.0,53154.0,11368,47350,0.10467697633291945,0.11750791974656812
POIE/image_files/nf0084.jpg,Fixed,336,336,49,57,4501.0,54021.0,11172,47350,0.08331944984357935,0.09505807814149947
POIE/image_files/nf0364.jpg,DRIP,336,336,13,59,8208.0,77443.0,11564,74087,0.10598762961145616,0.11078866737754262
POIE/image_files/nf0364.jpg,Fixed,336,336,13,57,8038.0,77221.0,11172,74087,0.10409085611426944,0.10849406778517148
POIE/image_files/nf0818.jpg,DRIP,336,336,22,59,4570.0,46511.0,11564,39517,0.09825632646040722,0.11564643065009995
POIE/image_files/nf0818.jpg,Fixed,336,336,22,57,3624.0,47065.0,11172,39517,0.07699989376394348,0.09170736644988232
POIE/image_files/nf1102.jpg,DRIP,336,336,24,59,5963.0,59068.0,11564,53467,0.1009514457912914,0.11152673611760525
POIE/image_files/nf1102.jpg,Fixed,336,336,24,57,5147.0,59492.0,11172,53467,0.08651583406172259,0.09626498587914041
POIE/image_files/nf1345.jpg,DRIP,336,336,4,59,4592.0,48372.0,11564,41400,0.0949309517902919,0.11091787439613526
POIE/image_files/nf1345.jpg,Fixed,336,336,4,57,3892.0,48680.0,11172,41400,0.0799506984387839,0.0940096618357488
POIE/image_files/nf1393.jpg,DRIP,336,336,30,59,6709.0,58295.0,11564,53440,0.11508705720902307,0.1255426646706587
POIE/image_files/nf1393.jpg,Fixed,336,336,30,57,5221.0,59391.0,11172,53440,0.08790894243235507,0.09769835329341317
POIE/image_files/nf3684.jpg,DRIP,336,336,37,59,6211.0,64215.0,11564,58862,0.09672194970022581,0.10551799123373314
POIE/image_files/nf3684.jpg,Fixed,336,336,37,57,5377.0,64657.0,11172,58862,0.08316191595650896,0.09134925758553905
POIE/image_files/nf3702.jpg,DRIP,336,336,37,58,5827.0,60164.0,11368,54623,0.09685193803603484,0.10667667466085715
POIE/image_files/nf3702.jpg,Fixed,336,336,37,57,4843.0,60952.0,11172,54623,0.07945596534978344,0.0886622851179906
SROIE/image/X51005230605.jpg,DRIP,336,336,33,59,4606.0,34285.0,11564,27327,0.1343444655096981,0.16855124967980387
SROIE/image/X51005230605.jpg,Fixed,336,336,33,57,2706.0,35793.0,11172,27327,0.07560137457044673,0.09902294434076188
SROIE/image/X51005288570.jpg,DRIP,336,336,27,59,3430.0,41872.0,11564,33738,0.0819163163928162,0.10166577746161598
SROIE/image/X51005288570.jpg,Fixed,336,336,27,57,3335.0,41575.0,11172,33738,0.08021647624774504,0.09884996146778113
SROIE/image/X51005433518.jpg,DRIP,336,336,2,59,1292.0,13023.0,11564,2751,0.09920909160715657,0.46964740094511087
SROIE/image/X51005433518.jpg,Fixed,336,336,2,57,202.0,13721.0,11172,2751,0.014721959040886233,0.07342784442021083
SROIE/image/X51005442343.jpg,DRIP,336,336,18,59,2663.0,23194.0,11564,14293,0.11481417608002069,0.18631497936052613
SROIE/image/X51005442343.jpg,Fixed,336,336,18,57,1216.0,24249.0,11172,14293,0.05014639778959957,0.0850766109284265
SROIE/image/X51005444044.jpg,DRIP,336,336,52,59,5366.0,48363.0,11564,42165,0.1109525877220189,0.12726194711253408
SROIE/image/X51005444044.jpg,Fixed,336,336,52,57,3996.0,49341.0,11172,42165,0.08098741411807625,0.09477054429028815
SROIE/image/X51005444046.jpg,DRIP,336,336,79,59,5537.0,53638.0,11564,47611,0.10322905402886014,0.11629665413454873
SROIE/image/X51005444046.jpg,Fixed,336,336,79,57,4321.0,54462.0,11172,47611,0.07933972310969116,0.09075633782109177
SROIE/image/X51005447842.jpg,DRIP,336,336,46,59,5948.0,47082.0,11564,41466,0.12633278110530563,0.14344282062412578
SROIE/image/X51005447842.jpg,Fixed,336,336,46,57,4284.0,48354.0,11172,41466,0.08859660007445093,0.10331355809578932
SROIE/image/X51005568889.jpg,DRIP,336,336,52,59,6681.0,51898.0,11564,47015,0.12873328451963467,0.14210358396256514
SROIE/image/X51005568889.jpg,Fixed,336,336,52,57,4389.0,53798.0,11172,47015,0.08158295847429273,0.09335318515367436
SROIE/image/X51005577191.jpg,DRIP,336,336,30,58,5562.0,44570.0,11368,38764,0.12479246129683644,0.1434836446187184
SROIE/image/X51005577191.jpg,Fixed,336,336,30,57,3253.0,46683.0,11172,38764,0.06968275389328021,0.08391806831080384
SROIE/image/X51005605287.jpg,DRIP,336,336,62,59,6386.0,51181.0,11564,46003,0.12477286493034524,0.13881703367171705
SROIE/image/X51005605287.jpg,Fixed,336,336,62,57,4829.0,52346.0,11172,46003,0.09225155694799984,0.10497141490772341
SROIE/image/X51005663300.jpg,DRIP,336,336,54,59,4566.0,39517.0,11564,32519,0.11554520839132525,0.14041022171653494
SROIE/image/X51005663300.jpg,Fixed,336,336,54,57,3026.0,40665.0,11172,32519,0.07441288577400713,0.09305329192164581
SROIE/image/X51005675103.jpg,DRIP,336,336,62,59,5996.0,46798.0,11564,41230,0.12812513355271593,0.14542808634489449
SROIE/image/X51005675103.jpg,Fixed,336,336,62,57,3499.0,48903.0,11172,41230,0.07154980267059281,0.08486538927965075
SROIE/image/X51005676535.jpg,DRIP,336,336,59,59,6334.0,46021.0,11564,40791,0.1376328197996567,0.1552793508371945
SROIE/image/X51005676535.jpg,Fixed,336,336,59,57,3562.0,48401.0,11172,40791,0.0735935207950249,0.08732318403569415
SROIE/image/X51005676542.jpg,DRIP,336,336,52,59,5558.0,46003.0,11564,39997,0.12081820750820599,0.13896042203165238
SROIE/image/X51005676542.jpg,Fixed,336,336,52,57,3698.0,47471.0,11172,39997,0.0779001916959828,0.09245693427007025
SROIE/image/X51005676548.jpg,DRIP,336,336,55,59,5412.0,45417.0,11564,39265,0.11916242816566484,0.13783267541067107
SROIE/image/X51005676548.jpg,Fixed,336,336,55,57,3381.0,47056.0,11172,39265,0.07185056103366202,0.08610722017063542
SROIE/image/X51005677336.jpg,DRIP,336,336,54,59,5534.0,45915.0,11564,39885,0.12052706087335294,0.13874890309640214
SROIE/image/X51005677336.jpg,Fixed,336,336,54,57,3463.0,47594.0,11172,39885,0.07276127242929781,0.08682462078475617
SROIE/image/X51005684949.jpg,DRIP,336,336,43,59,4630.0,58807.0,11564,51873,0.07873212372676722,0.0892564532608486
SROIE/image/X51005684949.jpg,Fixed,336,336,43,57,4766.0,58279.0,11172,51873,0.08177902846651453,0.09187824108881307
SROIE/image/X51005715007.jpg,DRIP,336,336,44,59,5446.0,41555.0,11564,35437,0.13105522801106967,0.15368118068685271
SROIE/image/X51005715007.jpg,Fixed,336,336,44,57,3550.0,43059.0,11172,35437,0.08244501730184166,0.1001777802861416
SROIE/image/X51005719823.jpg,DRIP,336,336,36,59,7315.0,59697.0,11564,55448,0.12253547079417726,0.1319254075890925
SROIE/image/X51005719823.jpg,Fixed,336,336,36,57,5034.0,61586.0,11172,55448,0.08173935634722176,0.09078776511325927
SROIE/image/X51005719898.jpg,DRIP,336,336,48,58,6331.0,53272.0,11368,48235,0.11884291935726085,0.13125323934902042
SROIE/image/X51005719898.jpg,Fixed,336,336,48,57,4817.0,54590.0,11172,48235,0.0882396043231361,0.0998652430807505
SROIE/image/X51005745244.jpg,DRIP,336,336,45,59,4937.0,41896.0,11564,35269,0.11783941187702883,0.1399812866823556
SROIE/image/X51005745244.jpg,Fixed,336,336,45,57,3249.0,43192.0,11172,35269,0.0752222633821078,0.0921205591312484
SROIE/image/X51005746207.jpg,DRIP,336,336,71,59,6764.0,56518.0,11564,51718,0.11967868643617963,0.1307861866274798
SROIE/image/X51005746207.jpg,Fixed,336,336,71,57,4699.0,58191.0,11172,51718,0.08075131893248097,0.09085811516299934
SROIE/image/X51005757233.jpg,DRIP,336,336,41,59,4828.0,52713.0,11564,45977,0.09159030979075371,0.10500902625225657
SROIE/image/X51005757233.jpg,Fixed,336,336,41,57,4430.0,52719.0,11172,45977,0.08403042546330546,0.09635252408813103
SROIE/image/X51005757282.jpg,DRIP,336,336,49,59,7064.0,57601.0,11564,53101,0.12263675977847607,0.13302950980207529
SROIE/image/X51005757282.jpg,Fixed,336,336,49,57,5074.0,59199.0,11172,53101,0.08571090727883916,0.09555375604979191
SROIE/image/X51005806696.jpg,DRIP,336,336,60,59,5757.0,46543.0,11564,40736,0.12369206969898804,0.14132462686567165
SROIE/image/X51005806696.jpg,Fixed,336,336,60,57,4012.0,47896.0,11172,40736,0.08376482378486722,0.0984878240377062
SROIE/image/X51006008081.jpg,DRIP,336,336,68,59,7226.0,62464.0,11564,58126,0.11568263319672131,0.12431614079757768
SROIE/image/X51006008081.jpg,Fixed,336,336,68,57,5731.0,63567.0,11172,58126,0.09015684238677302,0.09859615318446134
SROIE/image/X51006008093.jpg,DRIP,336,336,56,59,4430.0,49781.0,11564,42647,0.08898977521544364,0.10387600534621427
SROIE/image/X51006008093.jpg,Fixed,336,336,56,57,4285.0,49534.0,11172,42647,0.08650623813945976,0.10047600065655263
SROIE/image/X51006008105.jpg,DRIP,336,336,65,59,7101.0,52351.0,11564,47888,0.1356421080781647,0.14828349482124958
SROIE/image/X51006008105.jpg,Fixed,336,336,65,57,4782.0,54278.0,11172,47888,0.08810199344117321,0.09985800200467758
SROIE/image/X51006327960.jpg,DRIP,336,336,43,59,5006.0,43553.0,11564,36995,0.11494041742245081,0.13531558318691714
SROIE/image/X51006327960.jpg,Fixed,336,336,43,57,3121.0,45046.0,11172,36995,0.06928473116369933,0.08436275172320584
SROIE/image/X51006328345.jpg,DRIP,336,336,42,59,5246.0,50673.0,11564,44355,0.10352653286760208,0.11827302446172923
SROIE/image/X51006328345.jpg,Fixed,336,336,42,57,3984.0,51543.0,11172,44355,0.07729468599033816,0.08982076428812986
SROIE/image/X51006328937.jpg,DRIP,336,336,57,59,3768.0,37247.0,11564,29451,0.10116250973232743,0.1279413262707548
SROIE/image/X51006328937.jpg,Fixed,336,336,57,57,2546.0,38077.0,11172,29451,0.06686451138482548,0.08644867746426267
SROIE/image/X51006328967.jpg,DRIP,336,336,57,59,6208.0,51002.0,11564,45646,0.12172071683463394,0.13600315471235158
SROIE/image/X51006328967.jpg,Fixed,336,336,57,57,3928.0,52890.0,11172,45646,0.07426734732463604,0.08605354247907812
SROIE/image/X51006334819.jpg,DRIP,336,336,56,59,5963.0,56959.0,11564,51358,0.10468933794483752,0.11610654620507029
SROIE/image/X51006334819.jpg,Fixed,336,336,56,57,5018.0,57512.0,11172,51358,0.08725135623869801,0.09770629697418123
SROIE/image/X51006335818.jpg,DRIP,336,336,59,59,4881.0,49745.0,11564,43062,0.09812041411197105,0.11334819562491291
SROIE/image/X51006335818.jpg,Fixed,336,336,59,57,4003.0,50231.0,11172,43062,0.07969182377416337,0.09295898936417259
SROIE/image/X51006387660.jpg,DRIP,336,336,49,59,6115.0,51094.0,11564,45645,0.11968137158961914,0.13396867126738965
SROIE/image/X51006387660.jpg,Fixed,336,336,49,57,4333.0,52484.0,11172,45645,0.0825584940172243,0.09492825062986088
SROIE/image/X51006387737.jpg,DRIP,336,336,51,59,5939.0,54663.0,11564,49038,0.10864753123685125,0.12111015946816754
SROIE/image/X51006387737.jpg,Fixed,336,336,51,57,4489.0,55721.0,11172,49038,0.08056208610757165,0.09154125372160365
SROIE/image/X51006401845.jpg,DRIP,336,336,61,59,6382.0,49470.0,11564,44288,0.12900747928037196,0.14410223988439305
SROIE/image/X51006401845.jpg,Fixed,336,336,61,57,4979.0,50481.0,11172,44288,0.09863116816227888,0.11242322976878613
SROIE/image/X51006414427.jpg,DRIP,336,336,2,59,615.0,12298.0,11564,1349,0.05000813140348024,0.4558932542624166
SROIE/image/X51006414427.jpg,Fixed,336,336,2,57,154.0,12367.0,11172,1349,0.012452494541926094,0.11415863602668644
SROIE/image/X51006414512.jpg,DRIP,336,336,10,59,2842.0,21486.0,11564,12764,0.13227217723168574,0.22265747414603573
SROIE/image/X51006414512.jpg,Fixed,336,336,10,57,1080.0,22856.0,11172,12764,0.04725236261813091,0.08461297398934503
SROIE/image/X51006414715.jpg,DRIP,336,336,7,59,1462.0,15624.0,11564,5522,0.09357398873527906,0.2647591452372329
SROIE/image/X51006414715.jpg,Fixed,336,336,7,57,287.0,16407.0,11172,5522,0.017492533674651065,0.05197392249185078
SROIE/image/X51006438346.jpg,DRIP,336,336,11,59,1025.0,18059.0,11564,7520,0.05675840301234841,0.1363031914893617
SROIE/image/X51006438346.jpg,Fixed,336,336,11,57,593.0,18099.0,11172,7520,0.032764241118293826,0.07885638297872341
SROIE/image/X51006555819.jpg,DRIP,336,336,69,58,5629.0,58307.0,11368,52568,0.09654072409830723,0.10708035306650433
SROIE/image/X51006555819.jpg,Fixed,336,336,69,57,4751.0,58989.0,11172,52568,0.08054043974300293,0.09037817683761984
SROIE/image/X51006555835.jpg,DRIP,336,336,85,59,6615.0,61141.0,11564,56192,0.10819253855841415,0.11772138382687927
SROIE/image/X51006555835.jpg,Fixed,336,336,85,57,4978.0,62386.0,11172,56192,0.07979354342320392,0.08858912300683372
SROIE/image/X51006556808.jpg,DRIP,336,336,102,59,5087.0,63945.0,11564,57468,0.07955274063648447,0.08851882786942299
SROIE/image/X51006556808.jpg,Fixed,336,336,102,57,4783.0,63857.0,11172,57468,0.0749017335609252,0.0832289274030765
SROIE/image/X51006556809.jpg,DRIP,336,336,86,59,7018.0,61308.0,11564,56762,0.11447119462386637,0.12363905429688876
SROIE/image/X51006556809.jpg,Fixed,336,336,86,57,5025.0,62909.0,11172,56762,0.0798772830596576,0.08852753602762412
SROIE/image/X51006557115.jpg,DRIP,336,336,80,59,6825.0,62066.0,11564,57327,0.1099635871491638,0.11905384897168873
SROIE/image/X51006557115.jpg,Fixed,336,336,80,57,4931.0,63568.0,11172,57327,0.07757047571104958,0.08601531564533292
SROIE/image/X51006557209.jpg,DRIP,336,336,70,59,6862.0,55325.0,11564,50623,0.1240307275192047,0.135551034114928
SROIE/image/X51006557209.jpg,Fixed,336,336,70,57,4191.0,57604.0,11172,50623,0.0727553642108187,0.08278845584023073
SROIE/image/X51006619338.jpg,DRIP,336,336,48,59,6014.0,49573.0,11564,44023,0.12131603897282794,0.13661040819571588
SROIE/image/X51006619338.jpg,Fixed,336,336,48,57,4365.0,50830.0,11172,44023,0.0858744835726933,0.09915271562592282
SROIE/image/X51006619570.jpg,DRIP,336,336,52,59,5996.0,51582.0,11564,46014,0.11624209995734947,0.13030816707958448
SROIE/image/X51006619570.jpg,Fixed,336,336,52,57,4401.0,52785.0,11172,46014,0.08337595907928388,0.0956448037553788
SROIE/image/X51006619784.jpg,DRIP,336,336,62,59,6531.0,56351.0,11564,51318,0.11589856435555713,0.1272652870337893
SROIE/image/X51006619784.jpg,Fixed,336,336,62,57,4869.0,57621.0,11172,51318,0.08450044254698807,0.09487898982813048
SROIE/image/X51006620437.jpg,DRIP,336,336,47,59,5359.0,47080.0,11564,40875,0.11382752761257434,0.13110703363914372
SROIE/image/X51006620437.jpg,Fixed,336,336,47,57,4071.0,47976.0,11172,40875,0.08485492746373187,0.09959633027522936
SROIE/image/X51006912976.jpg,DRIP,336,336,17,59,1246.0,26282.0,11564,15964,0.047408872992922915,0.07805061388123277
SROIE/image/X51006912976.jpg,Fixed,336,336,17,57,1827.0,25309.0,11172,15964,0.07218775929511241,0.11444500125281884
SROIE/image/X51006913061.jpg,DRIP,336,336,3,59,2037.0,12722.0,11564,3195,0.16011633390976263,0.6375586854460094
SROIE/image/X51006913061.jpg,Fixed,336,336,3,57,405.0,13962.0,11172,3195,0.029007305543618394,0.1267605633802817
SROIE/image/X51007103668.jpg,DRIP,336,336,53,59,5416.0,55889.0,11564,49741,0.09690636797938772,0.1088840192195573
SROIE/image/X51007103668.jpg,Fixed,336,336,53,57,4628.0,56285.0,11172,49741,0.08222439371058009,0.0930419573390161
SROIE/image/X51007339119.jpg,DRIP,336,336,45,59,6089.0,39235.0,11564,33760,0.15519306741429845,0.18036137440758293
SROIE/image/X51007339119.jpg,Fixed,336,336,45,57,3717.0,41215.0,11172,33760,0.09018561203445348,0.11010071090047394
SROIE/image/X51007579719.jpg,DRIP,336,336,59,59,4586.0,44222.0,11564,37244,0.10370403871376238,0.12313392761250135
SROIE/image/X51007579719.jpg,Fixed,336,336,59,57,4169.0,44247.0,11172,37244,0.09422107713517301,0.1119374932875094
SROIE/image/X51007846303.jpg,DRIP,336,336,2,59,320.0,12519.0,11564,1275,0.025561147056474158,0.25098039215686274
SROIE/image/X51007846303.jpg,Fixed,336,336,2,57,170.0,12277.0,11172,1275,0.01384703103364014,0.13333333333333333
SROIE/image/X51007846360.jpg,DRIP,336,336,13,59,585.0,17125.0,11564,6146,0.034160583941605836,0.09518385942076148
SROIE/image/X51007846360.jpg,Fixed,336,336,13,57,507.0,16811.0,11172,6146,0.030158824579144608,0.08249267816465994
SROIE/image/X51007846372.jpg,DRIP,336,336,2,59,340.0,12691.0,11564,1467,0.026790639035536995,0.23176550783912747
SROIE/image/X51007846372.jpg,Fixed,336,336,2,57,228.0,12411.0,11172,1467,0.01837080009668842,0.1554192229038855
SROIE/image/X51007846397.jpg,DRIP,336,336,1,59,1918.0,14333.0,11564,4687,0.13381706551315148,0.40921698314486876
SROIE/image/X51007846397.jpg,Fixed,336,336,1,57,392.0,15467.0,11172,4687,0.025344281373246267,0.08363558779603157
SROIE/image/X51008042781.jpg,DRIP,336,336,56,59,5178.0,48597.0,11564,42211,0.10654978702389037,0.12266944635284642
SROIE/image/X51008042781.jpg,Fixed,336,336,56,57,3792.0,49591.0,11172,42211,0.07646548768929846,0.08983440335457582
SROIE/image/X51008042786.jpg,DRIP,336,336,67,59,5460.0,50651.0,11564,44547,0.10779648970405323,0.1225671762408243
SROIE/image/X51008042786.jpg,Fixed,336,336,67,57,4480.0,51239.0,11172,44547,0.08743340033958508,0.1005679394796507
STVQA/IIIT_text/img_001247.jpg,DRIP,336,336,1,59,756.0,12856.0,11564,2048,0.05880522713130056,0.369140625
STVQA/IIIT_text/img_001247.jpg,Fixed,336,336,1,57,196.0,13024.0,11172,2048,0.015049140049140049,0.095703125
STVQA/VisualGenome/1/2318701.jpg,DRIP,336,336,3,59,2478.0,26139.0,11564,17053,0.09480087225984161,0.14531167536503842
STVQA/VisualGenome/1/2318701.jpg,Fixed,336,336,3,57,1547.0,26678.0,11172,17053,0.057987855161556336,0.09071717586348443
STVQA/VisualGenome/1/2325179.jpg,DRIP,336,336,0,59,,,11564,0,,
STVQA/VisualGenome/1/2325179.jpg,Fixed,336,336,0,57,,,11172,0,,
STVQA/VisualGenome/1/2328739.jpg,DRIP,336,336,13,59,4972.0,33396.0,11564,26804,0.14888010540184454,0.1854947022832413
STVQA/VisualGenome/1/2328739.jpg,Fixed,336,336,13,57,2724.0,35252.0,11172,26804,0.07727221150573017,0.10162662289210565
STVQA/VisualGenome/1/2340213.jpg,DRIP,336,336,1,59,476.0,11725.0,11564,637,0.04059701492537313,0.7472527472527473
STVQA/VisualGenome/1/2340213.jpg,Fixed,336,336,1,57,0.0,11809.0,11172,637,0.0,0.0
STVQA/VisualGenome/1/2348331.jpg,DRIP,336,336,1,59,756.0,11843.0,11564,1035,0.06383517689774551,0.7304347826086957
STVQA/VisualGenome/1/2348331.jpg,Fixed,336,336,1,57,9.0,12198.0,11172,1035,0.0007378258730939498,0.008695652173913044
STVQA/VisualGenome/1/2349482.jpg,DRIP,336,336,0,59,,,11564,0,,
STVQA/VisualGenome/1/2349482.jpg,Fixed,336,336,0,57,,,11172,0,,
STVQA/VisualGenome/1/2351171.jpg,DRIP,336,336,1,59,1036.0,12358.0,11564,1830,0.08383233532934131,0.566120218579235
STVQA/VisualGenome/1/2351171.jpg,Fixed,336,336,1,57,147.0,12855.0,11172,1830,0.011435239206534423,0.08032786885245902
STVQA/VisualGenome/1/2361412.jpg,DRIP,336,336,1,59,921.0,11604.0,11564,961,0.07936918304033092,0.9583766909469302
STVQA/VisualGenome/1/2361412.jpg,Fixed,336,336,1,57,0.0,12133.0,11172,961,0.0,0.0
STVQA/VisualGenome/1/2373097.jpg,DRIP,336,336,1,59,1050.0,12300.0,11564,1786,0.08536585365853659,0.5879059350503919
STVQA/VisualGenome/1/2373097.jpg,Fixed,336,336,1,57,70.0,12888.0,11172,1786,0.005431409062693979,0.03919372900335946
STVQA/VisualGenome/1/2373508.jpg,DRIP,336,336,1,59,560.0,11859.0,11564,855,0.047221519521038875,0.6549707602339181
STVQA/VisualGenome/1/2373508.jpg,Fixed,336,336,1,57,25.0,12002.0,11172,855,0.002082986168971838,0.029239766081871343
STVQA/VisualGenome/1/2373838.jpg,DRIP,336,336,1,59,498.0,11674.0,11564,608,0.04265890011992462,0.819078947368421
STVQA/VisualGenome/1/2373838.jpg,Fixed,336,336,1,57,196.0,11584.0,11172,608,0.01691988950276243,0.3223684210526316
STVQA/VisualGenome/2/2401225.jpg,DRIP,336,336,1,59,420.0,11999.0,11564,855,0.03500291690974248,0.49122807017543857
STVQA/VisualGenome/2/2401225.jpg,Fixed,336,336,1,57,0.0,12027.0,11172,855,0.0,0.0
STVQA/VisualGenome/2/2401851.jpg,DRIP,336,336,2,58,596.0,11662.0,11368,890,0.05110615674841365,0.6696629213483146
STVQA/VisualGenome/2/2401851.jpg,Fixed,336,336,2,57,98.0,11964.0,11172,890,0.008191240387830158,0.1101123595505618
STVQA/VisualGenome/2/2404847.jpg,DRIP,336,336,5,59,2332.0,13499.0,11564,4267,0.17275353729905918,0.5465198031403796
STVQA/VisualGenome/2/2404847.jpg,Fixed,336,336,5,57,504.0,14935.0,11172,4267,0.033746233679276864,0.11811577220529647
STVQA/VisualGenome/2/2412661.jpg,DRIP,336,336,1,59,140.0,12070.0,11564,646,0.0115990057995029,0.21671826625386997
STVQA/VisualGenome/2/2412661.jpg,Fixed,336,336,1,57,0.0,11818.0,11172,646,0.0,0.0
STVQA/VisualGenome/2/2413451.jpg,DRIP,336,336,13,59,4407.0,19285.0,11564,12128,0.22851957479906662,0.3633740105540897
STVQA/VisualGenome/2/2413451.jpg,Fixed,336,336,13,57,1320.0,21980.0,11172,12128,0.06005459508644222,0.10883905013192612
STVQA/VisualGenome/2/2414069.jpg,DRIP,336,336,0,59,,,11564,0,,
STVQA/VisualGenome/2/2414069.jpg,Fixed,336,336,0,57,,,11172,0,,
STVQA/VisualGenome/2/2414219.jpg,DRIP,336,336,2,59,2604.0,16455.0,11564,7495,0.15824977210574293,0.34743162108072045
STVQA/VisualGenome/2/2414219.jpg,Fixed,336,336,2,57,854.0,17813.0,11172,7495,0.047942513894346825,0.11394262841894597
STVQA/VisualGenome/2/767.jpg,DRIP,336,336,0,59,,,11564,0,,
STVQA/VisualGenome/2/767.jpg,Fixed,336,336,0,57,,,11172,0,,
STVQA/coco-text/COCO_train2014_000000003493.jpg,DRIP,336,336,8,59,3650.0,15648.0,11564,7734,0.23325664621676892,0.47194207395914145
STVQA/coco-text/COCO_train2014_000000003493.jpg,Fixed,336,336,8,57,826.0,18080.0,11172,7734,0.0456858407079646,0.10680113783294544
STVQA/coco-text/COCO_train2014_000000016449.jpg,DRIP,336,336,3,59,1078.0,14563.0,11564,4077,0.07402320950353636,0.2644101054697081
STVQA/coco-text/COCO_train2014_000000016449.jpg,Fixed,336,336,3,57,336.0,14913.0,11172,4077,0.02253067793200563,0.08241353936718175
STVQA/coco-text/COCO_train2014_000000020524.jpg,DRIP,336,336,1,59,196.0,13755.0,11564,2387,0.014249363867684479,0.08211143695014662
STVQA/coco-text/COCO_train2014_000000020524.jpg,Fixed,336,336,1,57,223.0,13336.0,11172,2387,0.016721655668866228,0.09342270632593214
STVQA/coco-text/COCO_train2014_000000050470.jpg,DRIP,336,336,8,59,3088.0,20871.0,11564,12395,0.14795649465765895,0.2491327148043566
STVQA/coco-text/COCO_train2014_000000050470.jpg,Fixed,336,336,8,57,1218.0,22349.0,11172,12395,0.054499082733008186,0.09826542960871319
STVQA/coco-text/COCO_train2014_000000069339.jpg,DRIP,336,336,2,59,1008.0,12518.0,11564,1962,0.08052404537466049,0.5137614678899083
STVQA/coco-text/COCO_train2014_000000069339.jpg,Fixed,336,336,2,57,308.0,12826.0,11172,1962,0.024013722126929673,0.15698267074413863
STVQA/coco-text/COCO_train2014_000000092331.jpg,DRIP,336,336,2,59,579.0,11622.0,11564,637,0.04981930820856995,0.9089481946624803
STVQA/coco-text/COCO_train2014_000000092331.jpg,Fixed,336,336,2,57,70.0,11739.0,11172,637,0.005963029218843173,0.10989010989010989
STVQA/coco-text/COCO_train2014_000000116735.jpg,DRIP,336,336,1,59,1184.0,11829.0,11564,1449,0.10009299179981401,0.8171152518978606
STVQA/coco-text/COCO_train2014_000000116735.jpg,Fixed,336,336,1,57,77.0,12544.0,11172,1449,0.006138392857142857,0.05314009661835749
STVQA/coco-text/COCO_train2014_000000119882.jpg,DRIP,336,336,0,59,,,11564,0,,
STVQA/coco-text/COCO_train2014_000000119882.jpg,Fixed,336,336,0,57,,,11172,0,,
STVQA/coco-text/COCO_train2014_000000159070.jpg,DRIP,336,336,15,59,6841.0,38284.0,11564,33561,0.1786908369031449,0.20383778790858437
STVQA/coco-text/COCO_train2014_000000159070.jpg,Fixed,336,336,15,57,3281.0,41452.0,11172,33561,0.07915179002219434,0.09776228360299156
STVQA/coco-text/COCO_train2014_000000278565.jpg,DRIP,336,336,1,59,1078.0,12082.0,11564,1596,0.08922363847045191,0.6754385964912281
STVQA/coco-text/COCO_train2014_000000278565.jpg,Fixed,336,336,1,57,84.0,12684.0,11172,1596,0.006622516556291391,0.05263157894736842
STVQA/coco-text/COCO_train2014_000000326613.jpg,DRIP,336,336,4,59,4116.0,34807.0,11564,27359,0.11825207573189302,0.15044409517891735
STVQA/coco-text/COCO_train2014_000000326613.jpg,Fixed,336,336,4,57,2814.0,35717.0,11172,27359,0.078786012263068,0.10285463649987207
STVQA/coco-text/COCO_train2014_000000327020.jpg,DRIP,336,336,0,59,,,11564,0,,
STVQA/coco-text/COCO_train2014_000000327020.jpg,Fixed,336,336,0,57,,,11172,0,,
STVQA/coco-text/COCO_train2014_000000351218.jpg,DRIP,336,336,3,59,1269.0,12632.0,11564,2337,0.10045915136162129,0.5430038510911425
STVQA/coco-text/COCO_train2014_000000351218.jpg,Fixed,336,336,3,57,238.0,13271.0,11172,2337,0.017933840705297265,0.10183996576807873
STVQA/coco-text/COCO_train2014_000000382320.jpg,DRIP,336,336,2,59,722.0,12208.0,11564,1366,0.05914154652686763,0.5285505124450952
STVQA/coco-text/COCO_train2014_000000382320.jpg,Fixed,336,336,2,57,126.0,12412.0,11172,1366,0.01015146632291331,0.09224011713030747
STVQA/coco-text/COCO_train2014_000000488395.jpg,DRIP,336,336,1,59,336.0,11823.0,11564,595,0.028419182948490232,0.5647058823529412
STVQA/coco-text/COCO_train2014_000000488395.jpg,Fixed,336,336,1,57,0.0,11767.0,11172,595,0.0,0.0
STVQA/coco-text/COCO_train2014_000000578070.jpg,DRIP,336,336,3,59,2751.0,15389.0,11564,6576,0.17876405224511013,0.41833941605839414
STVQA/coco-text/COCO_train2014_000000578070.jpg,Fixed,336,336,3,57,784.0,16964.0,11172,6576,0.0462155152086772,0.1192214111922141
STVQA/icdar/img_852.jpg,DRIP,336,336,1,59,301.0,11903.0,11564,640,0.025287742585902714,0.4703125
STVQA/icdar/img_852.jpg,Fixed,336,336,1,57,113.0,11699.0,11172,640,0.009658945208992221,0.1765625
STVQA/icdar/img_944.jpg,DRIP,336,336,6,59,1790.0,18726.0,11564,8952,0.09558902061305137,0.19995531724754245
STVQA/icdar/img_944.jpg,Fixed,336,336,6,57,896.0,19228.0,11172,8952,0.04659871021427085,0.10008936550491511
STVQA/imageNet/n01748264_15413.JPEG,DRIP,336,336,1,59,4536.0,41716.0,11564,34688,0.10873525745517308,0.13076568265682656
STVQA/imageNet/n01748264_15413.JPEG,Fixed,336,336,1,57,3584.0,42276.0,11172,34688,0.0847762323777084,0.1033210332103321
STVQA/imageNet/n02441942_21631.JPEG,DRIP,336,336,2,59,2999.0,17314.0,11564,8749,0.1732124292480074,0.3427820322322551
STVQA/imageNet/n02441942_21631.JPEG,Fixed,336,336,2,57,616.0,19305.0,11172,8749,0.03190883190883191,0.07040804663390102
STVQA/imageNet/n03393912_7802.JPEG,DRIP,336,336,4,59,1316.0,16232.0,11564,5984,0.0810744208969936,0.21991978609625668
STVQA/imageNet/n03393912_7802.JPEG,Fixed,336,336,4,57,672.0,16484.0,11172,5984,0.04076680417374424,0.11229946524064172
STVQA/imageNet/n03770679_22242.JPEG,DRIP,336,336,4,59,966.0,13303.0,11564,2705,0.07261519957904232,0.35711645101663586
STVQA/imageNet/n03770679_22242.JPEG,Fixed,336,336,4,57,322.0,13555.0,11172,2705,0.023755071929177425,0.11903881700554529
STVQA/imageNet/n04554684_3186.JPEG,DRIP,336,336,1,59,1444.0,12529.0,11564,2409,0.11525261393566925,0.5994188459941885
STVQA/imageNet/n04554684_3186.JPEG,Fixed,336,336,1,57,196.0,13385.0,11172,2409,0.014643257377661562,0.0813615608136156
STVQA/imageNet/n06359193_29955.JPEG,DRIP,336,336,15,59,3564.0,23108.0,11564,15108,0.15423230050199066,0.23590150913423352
STVQA/imageNet/n06359193_29955.JPEG,Fixed,336,336,15,57,1646.0,24634.0,11172,15108,0.06681821872209141,0.10894890124437384
STVQA/imageNet/n07718472_29620.JPEG,DRIP,336,336,3,59,2982.0,21968.0,11564,13386,0.1357428987618354,0.22277005826983415
STVQA/imageNet/n07718472_29620.JPEG,Fixed,336,336,3,57,1246.0,23312.0,11172,13386,0.053448867536032944,0.09308232481697296
STVQA/vizwiz/VizWiz_train_000000000296.jpg,DRIP,336,336,4,59,205.0,11664.0,11564,305,0.017575445816186558,0.6721311475409836
STVQA/vizwiz/VizWiz_train_000000000296.jpg,Fixed,336,336,4,57,0.0,11477.0,11172,305,0.0,0.0
STVQA/vizwiz/VizWiz_train_000000009797.jpg,DRIP,336,336,4,59,4396.0,40707.0,11564,33539,0.10799125457538016,0.1310712901398372
STVQA/vizwiz/VizWiz_train_000000009797.jpg,Fixed,336,336,4,57,3134.0,41577.0,11172,33539,0.07537821391634798,0.09344345388950177
STVQA/vizwiz/VizWiz_train_000000011978.jpg,DRIP,336,336,5,59,7475.0,69076.0,11564,64987,0.10821414094620418,0.11502300460092019
STVQA/vizwiz/VizWiz_train_000000011978.jpg,Fixed,336,336,5,57,6580.0,69579.0,11172,64987,0.09456876356371893,0.10125101943465616
STVQA/vizwiz/VizWiz_train_000000014642.jpg,DRIP,336,336,6,59,4228.0,47331.0,11564,39995,0.08932834717204369,0.10571321415176897
STVQA/vizwiz/VizWiz_train_000000014642.jpg,Fixed,336,336,6,57,3584.0,47583.0,11172,39995,0.07532101801063405,0.08961120140017502
WordArt/test_image/1034.png,DRIP,336,336,1,58,8932.0,104916.0,11368,102480,0.08513477448625567,0.08715846994535519
WordArt/test_image/1034.png,Fixed,336,336,1,57,10108.0,103544.0,11172,102480,0.09762033531638724,0.09863387978142077
WordArt/test_image/1221.png,DRIP,336,336,1,59,11480.0,112308.0,11564,112224,0.10221889803041635,0.10229540918163672
WordArt/test_image/1221.png,Fixed,336,336,1,57,11088.0,112308.0,11172,112224,0.0987284966342558,0.09880239520958084
WordArt/test_image/1324.png,DRIP,336,336,1,59,11564.0,112896.0,11564,112896,0.10243055555555555,0.10243055555555555
WordArt/test_image/1324.png,Fixed,336,336,1,57,11172.0,112896.0,11172,112896,0.09895833333333333,0.09895833333333333
WordArt/test_image/1383.png,DRIP,336,336,1,59,11424.0,111356.0,11564,111216,0.10258989187830023,0.1027190332326284
WordArt/test_image/1383.png,Fixed,336,336,1,57,10962.0,111426.0,11172,111216,0.09837919336600075,0.09856495468277945
WordArt/test_image/1448.png,DRIP,336,336,1,59,11228.0,111216.0,11564,110880,0.10095669687814703,0.10126262626262626
WordArt/test_image/1448.png,Fixed,336,336,1,57,10920.0,111132.0,11172,110880,0.0982615268329554,0.09848484848484848
WordArt/test_image/1619.png,DRIP,336,336,1,58,6356.0,81168.0,11368,76156,0.07830672186083186,0.08346026577026104
WordArt/test_image/1619.png,Fixed,336,336,1,57,6986.0,80342.0,11172,76156,0.08695327475044186,0.09173275907348075
WordArt/test_image/1627.png,DRIP,336,336,1,59,11564.0,112896.0,11564,112896,0.10243055555555555,0.10243055555555555
WordArt/test_image/1627.png,Fixed,336,336,1,57,11172.0,112896.0,11172,112896,0.09895833333333333,0.09895833333333333
WordArt/test_image/1653.png,DRIP,336,336,1,58,11368.0,112896.0,11368,112896,0.10069444444444445,0.10069444444444445
WordArt/test_image/1653.png,Fixed,336,336,1,57,11172.0,112896.0,11172,112896,0.09895833333333333,0.09895833333333333
WordArt/test_image/1691.png,DRIP,336,336,1,59,11186.0,110250.0,11564,109872,0.10146031746031746,0.10180937818552498
WordArt/test_image/1691.png,Fixed,336,336,1,57,10794.0,110250.0,11172,109872,0.09790476190476191,0.09824159021406728
WordArt/test_image/1703.png,DRIP,336,336,1,58,10906.0,109662.0,11368,109200,0.09945104046980723,0.09987179487179487
WordArt/test_image/1703.png,Fixed,336,336,1,57,10710.0,109662.0,11172,109200,0.09766373037150516,0.09807692307692308
WordArt/test_image/1746.png,DRIP,336,336,1,59,11564.0,112896.0,11564,112896,0.10243055555555555,0.10243055555555555
WordArt/test_image/1746.png,Fixed,336,336,1,57,11172.0,112896.0,11172,112896,0.09895833333333333,0.09895833333333333
WordArt/test_image/1760.png,DRIP,336,336,1,59,11564.0,112896.0,11564,112896,0.10243055555555555,0.10243055555555555
WordArt/test_image/1760.png,Fixed,336,336,1,57,11172.0,112896.0,11172,112896,0.09895833333333333,0.09895833333333333
WordArt/test_image/1765.png,DRIP,336,336,1,59,9254.0,104118.0,11564,101808,0.08887992470082022,0.0908965896589659
WordArt/test_image/1765.png,Fixed,336,336,1,57,10052.0,102928.0,11172,101808,0.09766050054406965,0.09873487348734873
WordArt/test_image/1775.png,DRIP,336,336,1,59,5110.0,77191.0,11564,70737,0.06619942739438535,0.07223942208462332
WordArt/test_image/1775.png,Fixed,336,336,1,57,6832.0,75077.0,11172,70737,0.09099990676239061,0.09658311774601694
WordArt/test_image/1791.png,DRIP,336,336,1,59,11564.0,112896.0,11564,112896,0.10243055555555555,0.10243055555555555
WordArt/test_image/1791.png,Fixed,336,336,1,57,11172.0,112896.0,11172,112896,0.09895833333333333,0.09895833333333333
WordArt/test_image/1815.png,DRIP,336,336,1,59,11368.0,110740.0,11564,110544,0.10265486725663717,0.10283687943262411
WordArt/test_image/1815.png,Fixed,336,336,1,57,10878.0,110838.0,11172,110544,0.09814323607427056,0.09840425531914894
WordArt/test_image/1974.png,DRIP,336,336,1,59,10052.0,105336.0,11564,103824,0.09542796384901649,0.09681769147788566
WordArt/test_image/1974.png,Fixed,336,336,1,57,10038.0,104958.0,11172,103824,0.09563825530212085,0.09668284789644013
WordArt/test_image/1975.png,DRIP,336,336,1,59,11564.0,112896.0,11564,112896,0.10243055555555555,0.10243055555555555
WordArt/test_image/1975.png,Fixed,336,336,1,57,11172.0,112896.0,11172,112896,0.09895833333333333,0.09895833333333333
WordArt/test_image/2050.png,DRIP,336,336,1,59,8246.0,77238.0,11564,73920,0.10676092079028457,0.1115530303030303
WordArt/test_image/2050.png,Fixed,336,336,1,57,7140.0,77952.0,11172,73920,0.09159482758620689,0.09659090909090909
WordArt/test_image/2064.png,DRIP,336,336,0,59,,,11564,0,,
WordArt/test_image/2064.png,Fixed,336,336,0,57,,,11172,0,,
WordArt/test_image/2110.png,DRIP,336,336,1,59,11494.0,106582.0,11564,106512,0.10784184946801524,0.10791272344900105
WordArt/test_image/2110.png,Fixed,336,336,1,57,10374.0,107310.0,11172,106512,0.09667318982387475,0.09739747634069401
WordArt/test_image/251.png,DRIP,336,336,1,58,11312.0,112616.0,11368,112560,0.10044753853804078,0.10049751243781095
WordArt/test_image/251.png,Fixed,336,336,1,57,11130.0,112602.0,11172,112560,0.09884371503170458,0.09888059701492537
WordArt/test_image/255.png,DRIP,336,336,1,59,10612.0,104776.0,11564,103824,0.10128273650454303,0.10221143473570658
WordArt/test_image/255.png,Fixed,336,336,1,57,10080.0,104916.0,11172,103824,0.09607686148919135,0.0970873786407767
WordArt/test_image/299.png,DRIP,336,336,1,59,5012.0,71400.0,11564,64848,0.07019607843137254,0.07728842832469776
WordArt/test_image/299.png,Fixed,336,336,1,57,6398.0,69622.0,11172,64848,0.09189623969434949,0.0986614853195164
WordArt/test_image/310.png,DRIP,336,336,1,59,10332.0,99344.0,11564,98112,0.1040022547914318,0.1053082191780822
WordArt/test_image/310.png,Fixed,336,336,1,57,9716.0,99568.0,11172,98112,0.09758155230596176,0.0990296803652968
WordArt/test_image/341.png,DRIP,336,336,1,59,4984.0,49924.0,11564,43344,0.09983174425126191,0.11498708010335917
WordArt/test_image/341.png,Fixed,336,336,1,57,4424.0,50092.0,11172,43344,0.08831749580771381,0.1020671834625323
WordArt/test_image/377.png,DRIP,336,336,1,59,10813.0,103692.0,11564,102941,0.10427998302665586,0.10504075149843115
WordArt/test_image/377.png,Fixed,336,336,1,57,9987.0,104126.0,11172,102941,0.09591264429633328,0.09701673774297899
WordArt/test_image/380.png,DRIP,336,336,1,59,8344.0,92596.0,11564,89376,0.09011188388267312,0.09335839598997493
WordArt/test_image/380.png,Fixed,336,336,1,57,8792.0,91756.0,11172,89376,0.0958193469636863,0.09837092731829573
WordArt/test_image/384.png,DRIP,336,336,1,59,8638.0,85429.0,11564,82503,0.10111320511770008,0.10469922305855545
WordArt/test_image/384.png,Fixed,336,336,1,57,8232.0,85443.0,11172,82503,0.09634493170885854,0.09977818988400422
WordArt/test_image/421.png,DRIP,336,336,1,59,11564.0,112896.0,11564,112896,0.10243055555555555,0.10243055555555555
WordArt/test_image/421.png,Fixed,336,336,1,57,11172.0,112896.0,11172,112896,0.09895833333333333,0.09895833333333333
WordArt/test_image/49.png,DRIP,336,336,1,59,9408.0,100940.0,11564,98784,0.09320388349514563,0.09523809523809523
WordArt/test_image/49.png,Fixed,336,336,1,57,9800.0,100156.0,11172,98784,0.09784735812133072,0.0992063492063492
WordArt/test_image/503.png,DRIP,336,336,2,59,9954.0,106330.0,11564,104720,0.09361421988150098,0.09505347593582887
WordArt/test_image/503.png,Fixed,336,336,2,57,10220.0,105672.0,11172,104720,0.09671436142024377,0.09759358288770054
WordArt/test_image/593.png,DRIP,336,336,1,59,9996.0,102704.0,11564,101136,0.09732824427480916,0.09883720930232558
WordArt/test_image/593.png,Fixed,336,336,1,57,9996.0,102312.0,11172,101136,0.09770114942528736,0.09883720930232558
WordArt/test_image/617.png,DRIP,336,336,1,58,8498.0,103334.0,11368,100464,0.08223817910852188,0.08458751393534002
WordArt/test_image/617.png,Fixed,336,336,1,57,10262.0,101374.0,11172,100464,0.10122911200110482,0.10214604236343366
WordArt/test_image/631.png,DRIP,336,336,1,59,4158.0,58935.0,11564,51529,0.07055230338508527,0.08069242562440568
WordArt/test_image/631.png,Fixed,336,336,1,57,5250.0,57451.0,11172,51529,0.0913822213712555,0.101884375788391
WordArt/test_image/682.png,DRIP,336,336,1,59,10304.0,104076.0,11564,102816,0.09900457358084477,0.10021786492374728
WordArt/test_image/682.png,Fixed,336,336,1,57,10136.0,103852.0,11172,102816,0.09760043138312213,0.09858387799564271
WordArt/test_image/702.png,DRIP,336,336,1,59,11564.0,112896.0,11564,112896,0.10243055555555555,0.10243055555555555
WordArt/test_image/702.png,Fixed,336,336,1,57,11172.0,112896.0,11172,112896,0.09895833333333333,0.09895833333333333
WordArt/test_image/731.png,DRIP,336,336,1,59,11200.0,110236.0,11564,109872,0.1016002032004064,0.1019367991845056
WordArt/test_image/731.png,Fixed,336,336,1,57,10794.0,110250.0,11172,109872,0.09790476190476191,0.09824159021406728
WordArt/test_image/754.png,DRIP,336,336,1,59,7252.0,95828.0,11564,91516,0.07567725508202196,0.07924297390620219
WordArt/test_image/754.png,Fixed,336,336,1,57,8960.0,93728.0,11172,91516,0.09559576647319905,0.09790637702696796
WordArt/test_image/755.png,DRIP,336,336,1,59,7308.0,93896.0,11564,89640,0.07783079151401551,0.08152610441767068
WordArt/test_image/755.png,Fixed,336,336,1,57,8744.0,92068.0,11172,89640,0.09497328061867316,0.09754573850959393
WordArt/test_image/758.png,DRIP,336,336,0,59,,,11564,0,,
WordArt/test_image/758.png,Fixed,336,336,0,57,,,11172,0,,
WordArt/test_image/774.png,DRIP,336,336,1,59,11564.0,112896.0,11564,112896,0.10243055555555555,0.10243055555555555
WordArt/test_image/774.png,Fixed,336,336,1,57,11172.0,112896.0,11172,112896,0.09895833333333333,0.09895833333333333
WordArt/test_image/785.png,DRIP,336,336,1,59,5026.0,59626.0,11564,53088,0.08429208734444706,0.09467299578059071
WordArt/test_image/785.png,Fixed,336,336,1,57,5208.0,59052.0,11172,53088,0.08819345661450925,0.0981012658227848
WordArt/test_image/811.png,DRIP,336,336,1,58,9856.0,103320.0,11368,101808,0.0953929539295393,0.0968096809680968
WordArt/test_image/811.png,Fixed,336,336,1,57,10052.0,102928.0,11172,101808,0.09766050054406965,0.09873487348734873
WordArt/test_image/813.png,DRIP,336,336,1,59,10388.0,92904.0,11564,91728,0.11181434599156118,0.11324786324786325
WordArt/test_image/813.png,Fixed,336,336,1,57,9016.0,93884.0,11172,91728,0.09603340292275574,0.09829059829059829
WordArt/test_image/843.png,DRIP,336,336,1,59,8176.0,102508.0,11564,99120,0.07975962851679869,0.08248587570621468
WordArt/test_image/843.png,Fixed,336,336,1,57,9828.0,100464.0,11172,99120,0.09782608695652174,0.09915254237288136
WordArt/test_image/902.png,DRIP,336,336,1,59,10808.0,91036.0,11564,90280,0.1187222637198471,0.11971643774922464
WordArt/test_image/902.png,Fixed,336,336,1,57,9054.0,92398.0,11172,90280,0.09798913396393862,0.10028799291094373
WordArt/test_image/946.png,DRIP,336,336,1,59,11382.0,108710.0,11564,108528,0.1047005795235029,0.10487616099071208
WordArt/test_image/946.png,Fixed,336,336,1,57,10626.0,109074.0,11172,108528,0.09742010011551791,0.09791021671826626
WordArt/test_image/984.png,DRIP,336,336,1,59,10584.0,106820.0,11564,105840,0.09908256880733946,0.1
WordArt/test_image/984.png,Fixed,336,336,1,57,10388.0,106624.0,11172,105840,0.0974264705882353,0.09814814814814815
WordArt/test_image/995.png,DRIP,336,336,1,59,11564.0,112896.0,11564,112896,0.10243055555555555,0.10243055555555555
WordArt/test_image/995.png,Fixed,336,336,1,57,11172.0,112896.0,11172,112896,0.09895833333333333,0.09895833333333333
cocotext/imgs/1009550.jpg,DRIP,336,336,1,59,4620.0,86144.0,11564,79200,0.05363112927191679,0.058333333333333334
cocotext/imgs/1009550.jpg,Fixed,336,336,1,57,7744.0,82628.0,11172,79200,0.09372125671685143,0.09777777777777778
cocotext/imgs/1037270.jpg,DRIP,336,336,1,59,3990.0,65913.0,11564,58339,0.06053434072186063,0.06839335607398138
cocotext/imgs/1037270.jpg,Fixed,336,336,1,57,5586.0,63925.0,11172,58339,0.08738365271802893,0.09575069850357394
cocotext/imgs/1058891.jpg,DRIP,336,336,1,59,9674.0,95445.0,11564,93555,0.10135680234690135,0.10340441451552562
cocotext/imgs/1058891.jpg,Fixed,336,336,1,57,9604.0,95123.0,11172,93555,0.10096401501214218,0.10265619154508043
cocotext/imgs/1082499.jpg,DRIP,336,336,1,59,7812.0,95557.0,11564,91805,0.0817522525822284,0.08509340449866565
cocotext/imgs/1082499.jpg,Fixed,336,336,1,57,8750.0,94227.0,11172,91805,0.09286085729143452,0.09531071292413268
cocotext/imgs/1162539.jpg,DRIP,336,336,0,59,,,11564,0,,
cocotext/imgs/1162539.jpg,Fixed,336,336,0,57,,,11172,0,,
cocotext/imgs/1210236.jpg,DRIP,336,336,1,59,2814.0,33950.0,11564,25200,0.08288659793814433,0.11166666666666666
cocotext/imgs/1210236.jpg,Fixed,336,336,1,57,2492.0,33880.0,11172,25200,0.07355371900826446,0.09888888888888889
cocotext/imgs/1238399.jpg,DRIP,336,336,0,59,,,11564,0,,
cocotext/imgs/1238399.jpg,Fixed,336,336,0,57,,,11172,0,,
cocotext/imgs/1240078.jpg,DRIP,336,336,0,59,,,11564,0,,
cocotext/imgs/1240078.jpg,Fixed,336,336,0,57,,,11172,0,,
ct80/timage/026.jpg,DRIP,336,336,1,59,5320.0,84196.0,11564,77952,0.06318589956767542,0.06824712643678162
ct80/timage/026.jpg,Fixed,336,336,1,57,7672.0,81452.0,11172,77952,0.09419044345135785,0.09841954022988506
ct80/timage/045.jpg,DRIP,336,336,1,59,2912.0,79343.0,11564,70691,0.03670141033235446,0.041193362662856656
ct80/timage/045.jpg,Fixed,336,336,1,57,7112.0,74751.0,11172,70691,0.09514253989913178,0.1006068665035153
ct80/timage/060.jpg,DRIP,336,336,1,59,5880.0,77459.0,11564,71775,0.07591112717695814,0.0819226750261233
ct80/timage/060.jpg,Fixed,336,336,1,57,7084.0,75863.0,11172,71775,0.09337885398679198,0.09869731800766283
ct80/timage/139.jpg,DRIP,336,336,1,59,7644.0,82208.0,11564,78288,0.09298365122615804,0.09763948497854077
ct80/timage/139.jpg,Fixed,336,336,1,57,7700.0,81760.0,11172,78288,0.09417808219178082,0.09835479256080114
ct80/timage/181.jpg,DRIP,336,336,1,59,3276.0,70448.0,11564,62160,0.046502384737678856,0.052702702702702706
ct80/timage/181.jpg,Fixed,336,336,1,57,6160.0,67172.0,11172,62160,0.0917048770320967,0.0990990990990991
ct80/timage/239.jpg,DRIP,336,336,1,59,10752.0,108668.0,11564,107856,0.0989435712445246,0.09968847352024922
ct80/timage/239.jpg,Fixed,336,336,1,57,10556.0,108472.0,11172,107856,0.09731543624161074,0.09787123572170302
ct80/timage/258.jpg,DRIP,336,336,0,59,,,11564,0,,
ct80/timage/258.jpg,Fixed,336,336,0,57,,,11172,0,,
ct80/timage/268.jpg,DRIP,336,336,1,59,8008.0,93068.0,11564,89512,0.0860446125413676,0.08946286531414782
ct80/timage/268.jpg,Fixed,336,336,1,57,8764.0,91920.0,11172,89512,0.0953437771975631,0.09790866029135759
ct80/timage/283.jpg,DRIP,336,336,1,59,10248.0,93716.0,11564,92400,0.10935165820137437,0.11090909090909092
ct80/timage/283.jpg,Fixed,336,336,1,57,9296.0,94276.0,11172,92400,0.0986040986040986,0.1006060606060606
ctw/imgs/000000055.jpg,DRIP,336,336,1,59,2380.0,44800.0,11564,35616,0.053125,0.06682389937106918
ctw/imgs/000000055.jpg,Fixed,336,336,1,57,3360.0,43428.0,11172,35616,0.07736943907156674,0.09433962264150944
ctw/imgs/000000068.jpg,DRIP,336,336,1,59,4984.0,51268.0,11564,44688,0.09721463681048607,0.11152882205513784
ctw/imgs/000000068.jpg,Fixed,336,336,1,57,4396.0,51464.0,11172,44688,0.0854189336235038,0.09837092731829573
ctw/imgs/000000204.jpg,DRIP,336,336,1,59,1862.0,72198.0,11564,62496,0.025790188093853014,0.029793906810035842
ctw/imgs/000000204.jpg,Fixed,336,336,1,57,6188.0,67480.0,11172,62496,0.091701244813278,0.09901433691756273
ctw/imgs/000000462.jpg,DRIP,336,336,1,59,2044.0,66836.0,11564,57316,0.03058232090490155,0.0356619443087445
ctw/imgs/000000462.jpg,Fixed,336,336,1,57,5908.0,62580.0,11172,57316,0.09440715883668904,0.10307767464582315
ctw/imgs/000000577.jpg,DRIP,336,336,1,59,9548.0,102816.0,11564,100800,0.09286492374727669,0.09472222222222222
ctw/imgs/000000577.jpg,Fixed,336,336,1,57,9968.0,102004.0,11172,100800,0.09772165797419709,0.09888888888888889
ctw/imgs/000000717.jpg,DRIP,336,336,1,59,8134.0,103222.0,11564,99792,0.0788010307880103,0.08150953984287318
ctw/imgs/000000717.jpg,Fixed,336,336,1,57,9884.0,101080.0,11172,99792,0.09778393351800554,0.09904601571268237
ctw/imgs/000000753.jpg,DRIP,336,336,1,59,3682.0,65107.0,11564,57225,0.056553058810880553,0.06434250764525994
ctw/imgs/000000753.jpg,Fixed,336,336,1,57,5215.0,63182.0,11172,57225,0.08253933082206957,0.09113149847094801
ctw/imgs/000001233.jpg,DRIP,336,336,1,59,6398.0,74781.0,11564,69615,0.0855564916222035,0.09190548014077426
ctw/imgs/000001233.jpg,Fixed,336,336,1,57,7252.0,73535.0,11172,69615,0.09861970490242741,0.10417295123177477
docVQA/val/documents/fggn0226_77.png,DRIP,336,336,8,59,2670.0,24672.0,11564,15778,0.10821984435797666,0.16922296869058182
docVQA/val/documents/fggn0226_77.png,Fixed,336,336,8,57,1384.0,25566.0,11172,15778,0.0541343972463428,0.08771707440740271
docVQA/val/documents/fkxn0226_14.png,DRIP,336,336,64,59,3127.0,33657.0,11564,25220,0.09290786463439997,0.12398889770023791
docVQA/val/documents/fkxn0226_14.png,Fixed,336,336,64,57,2262.0,34130.0,11172,25220,0.06627600351596835,0.08969072164948454
docVQA/val/documents/flpp0227_16.png,DRIP,336,336,32,59,5831.0,41539.0,11564,35806,0.1403741062615855,0.16284980170921073
docVQA/val/documents/flpp0227_16.png,Fixed,336,336,32,57,3496.0,43482.0,11172,35806,0.08040108550664643,0.09763726749706753
docVQA/val/documents/flxn0020_1.png,DRIP,336,336,78,59,5344.0,47321.0,11564,41101,0.11293083409057289,0.13002116736819055
docVQA/val/documents/flxn0020_1.png,Fixed,336,336,78,57,4085.0,48188.0,11172,41101,0.08477214244210177,0.09938930926254835
docVQA/val/documents/fqpb0228_3.png,DRIP,336,336,10,59,2048.0,16470.0,11564,6954,0.12434729811778993,0.29450675870002874
docVQA/val/documents/fqpb0228_3.png,Fixed,336,336,10,57,642.0,17484.0,11172,6954,0.036719286204529855,0.09232096635030199
docVQA/val/documents/ghgw0023_5.png,DRIP,336,336,9,59,1675.0,17887.0,11564,7998,0.09364342818806955,0.2094273568392098
docVQA/val/documents/ghgw0023_5.png,Fixed,336,336,9,57,876.0,18294.0,11172,7998,0.04788455231223352,0.10952738184546136
docVQA/val/documents/gtjc0228_4.png,DRIP,336,336,5,59,1056.0,13115.0,11564,2607,0.08051849027830728,0.4050632911392405
docVQA/val/documents/gtjc0228_4.png,Fixed,336,336,5,57,132.0,13647.0,11172,2607,0.009672455484721917,0.05063291139240506
docVQA/val/documents/gzyh0227_9.png,DRIP,336,336,20,59,2167.0,32922.0,11564,23525,0.0658222465220825,0.09211477151965994
docVQA/val/documents/gzyh0227_9.png,Fixed,336,336,20,57,2058.0,32639.0,11172,23525,0.06305340237139619,0.08748140276301807
docVQA/val/documents/hjcw0217_10.png,DRIP,336,336,16,59,5930.0,66504.0,11564,60870,0.08916756886803802,0.09742073270905208
docVQA/val/documents/hjcw0217_10.png,Fixed,336,336,16,57,5889.0,66153.0,11172,60870,0.08902090608135685,0.09674716609167078
docVQA/val/documents/hjxn0226_72.png,DRIP,336,336,27,59,5131.0,49338.0,11564,42905,0.10399691921034497,0.11958979139960378
docVQA/val/documents/hjxn0226_72.png,Fixed,336,336,27,57,4535.0,49542.0,11172,42905,0.09153849259214404,0.10569863652254982
docVQA/val/documents/hlkb0228_1.png,DRIP,336,336,43,58,3471.0,32350.0,11368,24453,0.1072952086553323,0.1419457735247209
docVQA/val/documents/hlkb0228_1.png,Fixed,336,336,43,57,2654.0,32971.0,11172,24453,0.08049498043735404,0.10853474011368748
docVQA/val/documents/hrfl0079_8.png,DRIP,336,336,19,59,2615.0,19334.0,11564,10385,0.13525395676011173,0.25180548868560426
docVQA/val/documents/hrfl0079_8.png,Fixed,336,336,19,57,882.0,20675.0,11172,10385,0.0426602176541717,0.0849301877708233
docVQA/val/documents/hslf0227_9.png,DRIP,336,336,22,58,2532.0,19791.0,11368,10955,0.12793694103380324,0.23112733911455957
docVQA/val/documents/hslf0227_9.png,Fixed,336,336,22,57,1145.0,20982.0,11172,10955,0.05457058431036126,0.104518484710178
docVQA/val/documents/jkhn0226_1.png,DRIP,336,336,16,58,6636.0,56139.0,11368,51407,0.11820659434617646,0.12908747835897835
docVQA/val/documents/jkhn0226_1.png,Fixed,336,336,16,57,5137.0,57442.0,11172,51407,0.08942933741861356,0.09992802536619526
docVQA/val/documents/kpnf0227_2.png,DRIP,336,336,9,58,3864.0,19432.0,11368,11928,0.1988472622478386,0.323943661971831
docVQA/val/documents/kpnf0227_2.png,Fixed,336,336,9,57,1227.0,21873.0,11172,11928,0.05609655739953367,0.10286720321931589
docVQA/val/documents/krcy0227_27.png,DRIP,336,336,10,58,952.0,19934.0,11368,9518,0.047757600080264875,0.10002101281781887
docVQA/val/documents/krcy0227_27.png,Fixed,336,336,10,57,989.0,19701.0,11172,9518,0.05020049743667834,0.10390838411430973
docVQA/val/documents/krcy0227_36.png,DRIP,336,336,15,58,1928.0,21938.0,11368,12498,0.08788403683106938,0.15426468234917587
docVQA/val/documents/krcy0227_36.png,Fixed,336,336,15,57,1397.0,22273.0,11172,12498,0.06272168095900867,0.11177788446151385
docVQA/val/documents/ktlw0227_5.png,DRIP,336,336,1,59,114.0,11659.0,11564,209,0.009777854018354919,0.5454545454545454
docVQA/val/documents/ktlw0227_5.png,Fixed,336,336,1,57,30.0,11351.0,11172,209,0.0026429389481102987,0.14354066985645933
docVQA/val/documents/lfgl0228_2.png,DRIP,336,336,28,59,5964.0,63610.0,11564,58010,0.09375884294922182,0.10280986036890191
docVQA/val/documents/lfgl0228_2.png,Fixed,336,336,28,57,6108.0,63074.0,11172,58010,0.09683863398547737,0.10529219100155146
docVQA/val/documents/lldj0224_2.png,DRIP,336,336,31,59,4710.0,38107.0,11564,31253,0.12359933870417508,0.15070553226890218
docVQA/val/documents/lldj0224_2.png,Fixed,336,336,31,57,3653.0,38772.0,11172,31253,0.09421747652945424,0.11688477906121013
docVQA/val/documents/lybx0223_35.png,DRIP,336,336,17,59,7301.0,76223.0,11564,71960,0.0957847368904399,0.1014591439688716
docVQA/val/documents/lybx0223_35.png,Fixed,336,336,17,57,6860.0,76272.0,11172,71960,0.08994126284875184,0.09533073929961089
docVQA/val/documents/mqdd0228_1.png,DRIP,336,336,47,59,3987.0,46805.0,11564,39228,0.08518320692233736,0.10163658611196084
docVQA/val/documents/mqdd0228_1.png,Fixed,336,336,47,57,3933.0,46467.0,11172,39228,0.08464071276389695,0.10026001835423677
docVQA/val/documents/mqvv0228_2.png,DRIP,336,336,17,59,2712.0,19187.0,11564,10335,0.14134570281961745,0.2624092888243832
docVQA/val/documents/mqvv0228_2.png,Fixed,336,336,17,57,1104.0,20403.0,11172,10335,0.05410968975150713,0.10682148040638606
docVQA/val/documents/myjf0004_2.png,DRIP,336,336,42,59,4243.0,38822.0,11564,31501,0.10929369944876616,0.1346941366940732
docVQA/val/documents/myjf0004_2.png,Fixed,336,336,42,57,3383.0,39290.0,11172,31501,0.08610333418172562,0.10739341608202914
docVQA/val/documents/njhx0227_5.png,DRIP,336,336,108,58,1127.0,45486.0,11368,35245,0.024776854416743613,0.031976166832174774
docVQA/val/documents/njhx0227_5.png,Fixed,336,336,108,57,3115.0,43302.0,11172,35245,0.07193663110248949,0.08838133068520357
docVQA/val/documents/qjgn0226_131.png,DRIP,336,336,1,59,266.0,12001.0,11564,703,0.022164819598366803,0.3783783783783784
docVQA/val/documents/qjgn0226_131.png,Fixed,336,336,1,57,7.0,11868.0,11172,703,0.0005898213683855747,0.00995732574679943
docVQA/val/documents/qrmg0227_1.png,DRIP,336,336,4,58,1743.0,16728.0,11368,7103,0.10419655667144907,0.245389272138533
docVQA/val/documents/qrmg0227_1.png,Fixed,336,336,4,57,790.0,17485.0,11172,7103,0.04518158421504146,0.11122061100943263
docVQA/val/documents/rmbv0054_3.png,DRIP,336,336,42,59,4370.0,27593.0,11564,20399,0.1583735005254956,0.21422618755821363
docVQA/val/documents/rmbv0054_3.png,Fixed,336,336,42,57,2029.0,29542.0,11172,20399,0.06868187665019294,0.09946566008137654
docVQA/val/documents/rmdw0217_1.png,DRIP,336,336,4,59,126.0,12978.0,11564,1540,0.009708737864077669,0.08181818181818182
docVQA/val/documents/rmdw0217_1.png,Fixed,336,336,4,57,266.0,12446.0,11172,1540,0.021372328458942633,0.17272727272727273
docVQA/val/documents/rnjg0227_1.png,DRIP,336,336,30,58,4963.0,25749.0,11368,19344,0.1927453493339547,0.25656534325889163
docVQA/val/documents/rnjg0227_1.png,Fixed,336,336,30,57,1719.0,28797.0,11172,19344,0.059693718095634965,0.08886476426799007
docVQA/val/documents/rpmy0000_1.png,DRIP,336,336,21,59,4878.0,29290.0,11564,22604,0.16654148173438033,0.21580251282958768
docVQA/val/documents/rpmy0000_1.png,Fixed,336,336,21,57,2242.0,31534.0,11172,22604,0.07109786262446882,0.09918598478145461
docVQA/val/documents/sgmb0228_3.png,DRIP,336,336,5,59,1156.0,17246.0,11564,6838,0.0670300359503653,0.16905527932143902
docVQA/val/documents/sgmb0228_3.png,Fixed,336,336,5,57,686.0,17324.0,11172,6838,0.03959824520895867,0.10032173150043873
docVQA/val/documents/skdv0228_5.png,DRIP,336,336,29,59,2977.0,36277.0,11564,27690,0.0820630151335557,0.10751173708920188
docVQA/val/documents/skdv0228_5.png,Fixed,336,336,29,57,2745.0,36117.0,11172,27690,0.07600299028158485,0.09913326110509209
docVQA/val/documents/snbx0223_13.png,DRIP,336,336,17,58,3814.0,25238.0,11368,17684,0.151121324986132,0.2156751866093644
docVQA/val/documents/snbx0223_13.png,Fixed,336,336,17,57,1393.0,27463.0,11172,17684,0.050722790663802204,0.078771771092513
docVQA/val/documents/sxvg0227_1.png,DRIP,336,336,19,58,2089.0,23638.0,11368,14359,0.08837465098570099,0.14548366877916288
docVQA/val/documents/sxvg0227_1.png,Fixed,336,336,19,57,1397.0,24134.0,11172,14359,0.05788514129443938,0.09729089769482555
docVQA/val/documents/tkgj0224_1.png,DRIP,336,336,18,59,6423.0,57665.0,11564,52524,0.11138472210179486,0.12228695453506969
docVQA/val/documents/tkgj0224_1.png,Fixed,336,336,18,57,5489.0,58207.0,11172,52524,0.09430137268713384,0.1045046074175615
docVQA/val/documents/xhfl0228_7.png,DRIP,336,336,29,59,3770.0,27457.0,11564,19663,0.13730560512801834,0.19173066164878197
docVQA/val/documents/xhfl0228_7.png,Fixed,336,336,29,57,1949.0,28886.0,11172,19663,0.06747213182856747,0.09912017494787163
docVQA/val/documents/xjhk0226_1.png,DRIP,336,336,20,59,1189.0,19088.0,11564,8713,0.06229044425817267,0.13646275680018363
docVQA/val/documents/xjhk0226_1.png,Fixed,336,336,20,57,1087.0,18798.0,11172,8713,0.05782530056388978,0.1247561115574429
docVQA/val/documents/xnhw0228_30.png,DRIP,336,336,45,58,4621.0,36601.0,11368,29854,0.12625338105516243,0.15478662825751993
docVQA/val/documents/xnhw0228_30.png,Fixed,336,336,45,57,2917.0,38109.0,11172,29854,0.07654359862499673,0.09770884973537884
docVQA/val/documents/yjjl0226_1.png,DRIP,336,336,31,59,3648.0,27474.0,11564,19558,0.13278008298755187,0.18652213927804479
docVQA/val/documents/yjjl0226_1.png,Fixed,336,336,31,57,2366.0,28364.0,11172,19558,0.08341559723593288,0.12097351467430208
docVQA/val/documents/yllg0227_2.png,DRIP,336,336,0,59,,,11564,0,,
docVQA/val/documents/yllg0227_2.png,Fixed,336,336,0,57,,,11172,0,,
docVQA/val/documents/ymvw0217_1.png,DRIP,336,336,3,59,358.0,13857.0,11564,2651,0.025835317889875153,0.13504337985665787
docVQA/val/documents/ymvw0217_1.png,Fixed,336,336,3,57,181.0,13642.0,11172,2651,0.013267849288960564,0.06827612221803094
docVQA/val/documents/yncd0227_2.png,DRIP,336,336,25,58,3557.0,33080.0,11368,25269,0.10752720677146312,0.14076536467608533
docVQA/val/documents/yncd0227_2.png,Fixed,336,336,25,57,2190.0,34251.0,11172,25269,0.06393973898572304,0.08666745815030275
docVQA/val/documents/yrpf0227_3.png,DRIP,336,336,2,58,812.0,12429.0,11368,1873,0.06533108053745273,0.4335290977042178
docVQA/val/documents/yrpf0227_3.png,Fixed,336,336,2,57,196.0,12849.0,11172,1873,0.015254105377850416,0.10464495461825948
docVQA/val/documents/yscw0217_61.png,DRIP,336,336,11,59,2324.0,17751.0,11564,8511,0.13092220156610895,0.2730583950182117
docVQA/val/documents/yscw0217_61.png,Fixed,336,336,11,57,740.0,18943.0,11172,8511,0.03906456210737476,0.08694630478204676
docVQA/val/documents/zrdw0217_1.png,DRIP,336,336,12,59,2064.0,17445.0,11564,7945,0.11831470335339639,0.25978602894902453
docVQA/val/documents/zrdw0217_1.png,Fixed,336,336,12,57,811.0,18306.0,11172,7945,0.04430241450890418,0.10207677784770296
docVQA/val/documents/ztnk0226_6.png,DRIP,336,336,65,59,2150.0,31279.0,11564,21865,0.06873621279452669,0.09833066544706151
docVQA/val/documents/ztnk0226_6.png,Fixed,336,336,65,57,2044.0,30993.0,11172,21865,0.0659503758913303,0.09348273496455523
docVQA/val/documents/zylj0226_7.png,DRIP,336,336,21,59,4245.0,35762.0,11564,28443,0.11870141490968067,0.1492458601413353
docVQA/val/documents/zylj0226_7.png,Fixed,336,336,21,57,2497.0,37118.0,11172,28443,0.06727194353144027,0.087789614316352
infographicVQA/infographicVQA_val_v1.0_images/10087.jpeg,DRIP,336,336,29,59,3249.0,29440.0,11564,21125,0.11036005434782609,0.15379881656804734
infographicVQA/infographicVQA_val_v1.0_images/10087.jpeg,Fixed,336,336,29,57,2288.0,30009.0,11172,21125,0.07624379352860808,0.10830769230769231
infographicVQA/infographicVQA_val_v1.0_images/10689.jpeg,DRIP,336,336,46,59,8027.0,59850.0,11564,56313,0.13411862990810358,0.14254257453873884
infographicVQA/infographicVQA_val_v1.0_images/10689.jpeg,Fixed,336,336,46,57,5458.0,62027.0,11172,56313,0.08799393812372032,0.09692255784632323
infographicVQA/infographicVQA_val_v1.0_images/10771.jpeg,DRIP,336,336,14,59,4275.0,29522.0,11564,22233,0.14480726238059752,0.19228174335447307
infographicVQA/infographicVQA_val_v1.0_images/10771.jpeg,Fixed,336,336,14,57,1439.0,31966.0,11172,22233,0.04501658011637365,0.06472360904961094
infographicVQA/infographicVQA_val_v1.0_images/10796.jpeg,DRIP,336,336,63,59,6915.0,53519.0,11564,48870,0.12920645004577813,0.14149785144260282
infographicVQA/infographicVQA_val_v1.0_images/10796.jpeg,Fixed,336,336,63,57,5015.0,55027.0,11172,48870,0.09113707816162975,0.10261919377941478
infographicVQA/infographicVQA_val_v1.0_images/10836.jpeg,DRIP,336,336,39,59,4778.0,29430.0,11564,22644,0.16235134216785593,0.21100512276982866
infographicVQA/infographicVQA_val_v1.0_images/10836.jpeg,Fixed,336,336,39,57,2206.0,31610.0,11172,22644,0.06978804175893705,0.09742095036212683
infographicVQA/infographicVQA_val_v1.0_images/11019.jpeg,DRIP,336,336,56,59,5332.0,44087.0,11564,37855,0.12094268151609318,0.14085325584467046
infographicVQA/infographicVQA_val_v1.0_images/11019.jpeg,Fixed,336,336,56,57,3715.0,45312.0,11172,37855,0.0819871115819209,0.09813763043191125
infographicVQA/infographicVQA_val_v1.0_images/20156.jpeg,DRIP,336,336,30,59,5244.0,41638.0,11564,35318,0.12594264854219703,0.14847952885214338
infographicVQA/infographicVQA_val_v1.0_images/20156.jpeg,Fixed,336,336,30,57,3356.0,43134.0,11172,35318,0.0778040524875968,0.09502236819751968
infographicVQA/infographicVQA_val_v1.0_images/20180.jpeg,DRIP,336,336,25,58,8517.0,65559.0,11368,62708,0.1299135130188075,0.13581999106971998
infographicVQA/infographicVQA_val_v1.0_images/20180.jpeg,Fixed,336,336,25,57,5875.0,68005.0,11172,62708,0.0863907065656937,0.0936882056515915
infographicVQA/infographicVQA_val_v1.0_images/20185.jpeg,DRIP,336,336,9,59,5591.0,39353.0,11564,33380,0.14207303128096968,0.16749550629119234
infographicVQA/infographicVQA_val_v1.0_images/20185.jpeg,Fixed,336,336,9,57,3213.0,41339.0,11172,33380,0.07772321536563535,0.09625524266027562
infographicVQA/infographicVQA_val_v1.0_images/20186.jpeg,DRIP,336,336,23,59,4740.0,26585.0,11564,19761,0.1782960315967651,0.23986640352208896
infographicVQA/infographicVQA_val_v1.0_images/20186.jpeg,Fixed,336,336,23,57,1900.0,29033.0,11172,19761,0.06544277201804843,0.09614898031476139
infographicVQA/infographicVQA_val_v1.0_images/20194.jpeg,DRIP,336,336,33,59,4314.0,29151.0,11564,21901,0.1479880621591026,0.19697730697228438
infographicVQA/infographicVQA_val_v1.0_images/20194.jpeg,Fixed,336,336,33,57,2307.0,30766.0,11172,21901,0.07498537346421374,0.10533765581480298
infographicVQA/infographicVQA_val_v1.0_images/20226.jpeg,DRIP,336,336,25,58,3725.0,27916.0,11368,20273,0.1334360223527726,0.1837419227544024
infographicVQA/infographicVQA_val_v1.0_images/20226.jpeg,Fixed,336,336,25,57,1931.0,29514.0,11172,20273,0.06542657721759165,0.09524983968825532
infographicVQA/infographicVQA_val_v1.0_images/20255.jpeg,DRIP,336,336,0,58,,,11368,0,,
infographicVQA/infographicVQA_val_v1.0_images/20255.jpeg,Fixed,336,336,0,57,,,11172,0,,
infographicVQA/infographicVQA_val_v1.0_images/20359.jpeg,DRIP,336,336,16,59,6153.0,34506.0,11564,29095,0.1783168144670492,0.21147963567623304
infographicVQA/infographicVQA_val_v1.0_images/20359.jpeg,Fixed,336,336,16,57,3027.0,37240.0,11172,29095,0.08128356605800215,0.10403849458669874
infographicVQA/infographicVQA_val_v1.0_images/20369.jpeg,DRIP,336,336,6,59,1600.0,14039.0,11564,4075,0.11396823135550965,0.39263803680981596
infographicVQA/infographicVQA_val_v1.0_images/20369.jpeg,Fixed,336,336,6,57,428.0,14819.0,11172,4075,0.028881840879951413,0.10503067484662576
infographicVQA/infographicVQA_val_v1.0_images/30374.jpeg,DRIP,336,336,47,59,4504.0,58778.0,11564,51718,0.0766273095375821,0.08708766773657141
infographicVQA/infographicVQA_val_v1.0_images/30374.jpeg,Fixed,336,336,47,57,5205.0,57685.0,11172,51718,0.09023142931437982,0.10064194284388414
infographicVQA/infographicVQA_val_v1.0_images/31257.jpeg,DRIP,336,336,25,59,3349.0,28420.0,11564,20205,0.11783954961294862,0.1657510517198713
infographicVQA/infographicVQA_val_v1.0_images/31257.jpeg,Fixed,336,336,25,57,1882.0,29495.0,11172,20205,0.06380742498728598,0.09314526107399158
infographicVQA/infographicVQA_val_v1.0_images/32369.jpeg,DRIP,336,336,25,59,5520.0,29213.0,11564,23169,0.18895697121144697,0.23824938495403342
infographicVQA/infographicVQA_val_v1.0_images/32369.jpeg,Fixed,336,336,25,57,2905.0,31436.0,11172,23169,0.09240997582389616,0.12538305494410634
infographicVQA/infographicVQA_val_v1.0_images/33649.jpeg,DRIP,336,336,17,59,3079.0,19016.0,11564,10531,0.161916281026504,0.29237489317253823
infographicVQA/infographicVQA_val_v1.0_images/33649.jpeg,Fixed,336,336,17,57,996.0,20707.0,11172,10531,0.04809967643791954,0.09457791282879119
infographicVQA/infographicVQA_val_v1.0_images/34510.jpeg,DRIP,336,336,13,59,2604.0,19431.0,11564,10471,0.1340126601821831,0.24868684939356317
infographicVQA/infographicVQA_val_v1.0_images/34510.jpeg,Fixed,336,336,13,57,827.0,20816.0,11172,10471,0.03972905457340507,0.07898004011078216
infographicVQA/infographicVQA_val_v1.0_images/35230.jpeg,DRIP,336,336,6,58,2180.0,15361.0,11368,6173,0.1419178438903717,0.35315081807872994
infographicVQA/infographicVQA_val_v1.0_images/35230.jpeg,Fixed,336,336,6,57,580.0,16765.0,11172,6173,0.03459588428273188,0.0939575571035153
infographicVQA/infographicVQA_val_v1.0_images/36983.jpeg,DRIP,336,336,37,59,5006.0,34719.0,11564,28161,0.1441861804775483,0.1777635737367281
infographicVQA/infographicVQA_val_v1.0_images/36983.jpeg,Fixed,336,336,37,57,2708.0,36625.0,11172,28161,0.07393856655290103,0.09616135790632435
infographicVQA/infographicVQA_val_v1.0_images/37095.jpeg,DRIP,336,336,17,58,4346.0,29061.0,11368,22039,0.14954750352706375,0.1971958800308544
infographicVQA/infographicVQA_val_v1.0_images/37095.jpeg,Fixed,336,336,17,57,2372.0,30839.0,11172,22039,0.0769155938908525,0.10762738781251419
infographicVQA/infographicVQA_val_v1.0_images/37190.jpeg,DRIP,336,336,10,58,1996.0,24413.0,11368,15041,0.08175971818293531,0.13270394255701085
infographicVQA/infographicVQA_val_v1.0_images/37190.jpeg,Fixed,336,336,10,57,1481.0,24732.0,11172,15041,0.059881934336082805,0.0984641978591849
infographicVQA/infographicVQA_val_v1.0_images/37275.jpeg,DRIP,336,336,10,59,3923.0,25706.0,11564,18065,0.15261028553645065,0.21716025463603653
infographicVQA/infographicVQA_val_v1.0_images/37275.jpeg,Fixed,336,336,10,57,2032.0,27205.0,11172,18065,0.07469215217790848,0.11248270135621367
infographicVQA/infographicVQA_val_v1.0_images/37312.jpeg,DRIP,336,336,20,59,5537.0,37950.0,11564,31923,0.14590250329380763,0.1734486107195439
infographicVQA/infographicVQA_val_v1.0_images/37312.jpeg,Fixed,336,336,20,57,3133.0,39962.0,11172,31923,0.07839947950553025,0.09814240516242208
infographicVQA/infographicVQA_val_v1.0_images/37320.jpeg,DRIP,336,336,22,59,5270.0,43213.0,11564,36919,0.12195404160784949,0.14274492808580946
infographicVQA/infographicVQA_val_v1.0_images/37320.jpeg,Fixed,336,336,22,57,4200.0,43891.0,11172,36919,0.09569159964457406,0.11376256128280832
infographicVQA/infographicVQA_val_v1.0_images/37394.jpeg,DRIP,336,336,22,59,4284.0,27695.0,11564,20415,0.1546849611843293,0.20984570168993388
infographicVQA/infographicVQA_val_v1.0_images/37394.jpeg,Fixed,336,336,22,57,1772.0,29815.0,11172,20415,0.05943317122253899,0.08679892236100906
infographicVQA/infographicVQA_val_v1.0_images/39594.jpeg,DRIP,336,336,42,59,3734.0,32893.0,11564,25063,0.11351959383455447,0.1489845589115429
infographicVQA/infographicVQA_val_v1.0_images/39594.jpeg,Fixed,336,336,42,57,2362.0,33873.0,11172,25063,0.06973105423198418,0.09424250887762838
infographicVQA/infographicVQA_val_v1.0_images/39761.jpeg,DRIP,336,336,28,59,5609.0,42505.0,11564,36550,0.13196094577108575,0.1534610123119015
infographicVQA/infographicVQA_val_v1.0_images/39761.jpeg,Fixed,336,336,28,57,4152.0,43570.0,11172,36550,0.09529492770254762,0.11359781121751027
infographicVQA/infographicVQA_val_v1.0_images/40677.jpeg,DRIP,336,336,32,59,4377.0,31071.0,11564,23884,0.14087090856425605,0.1832607603416513
infographicVQA/infographicVQA_val_v1.0_images/40677.jpeg,Fixed,336,336,32,57,2458.0,32598.0,11172,23884,0.07540339898153262,0.10291408474292413
infographicVQA/infographicVQA_val_v1.0_images/41124.jpeg,DRIP,336,336,40,59,3784.0,28730.0,11564,20950,0.13170901496693352,0.18062052505966586
infographicVQA/infographicVQA_val_v1.0_images/41124.jpeg,Fixed,336,336,40,57,1707.0,30415.0,11172,20950,0.05612362321223081,0.08147971360381862
infographicVQA/infographicVQA_val_v1.0_images/41787.jpeg,DRIP,336,336,10,58,4082.0,17291.0,11368,10005,0.2360765716268579,0.4079960019990005
infographicVQA/infographicVQA_val_v1.0_images/41787.jpeg,Fixed,336,336,10,57,958.0,20219.0,11172,10005,0.04738117612146991,0.09575212393803098
infographicVQA/infographicVQA_val_v1.0_images/41833.jpeg,DRIP,336,336,24,59,4278.0,34001.0,11564,26715,0.12581982882856388,0.1601347557551937
infographicVQA/infographicVQA_val_v1.0_images/41833.jpeg,Fixed,336,336,24,57,2743.0,35144.0,11172,26715,0.07805030730707944,0.102676399026764
infographicVQA/infographicVQA_val_v1.0_images/42012.jpeg,DRIP,336,336,5,59,4462.0,20217.0,11564,13115,0.22070534698521047,0.340221120853984
infographicVQA/infographicVQA_val_v1.0_images/42012.jpeg,Fixed,336,336,5,57,1302.0,22985.0,11172,13115,0.05664563845986513,0.0992756385817766
infographicVQA/infographicVQA_val_v1.0_images/42097.jpeg,DRIP,336,336,61,59,4913.0,35253.0,11564,28602,0.1393640257566732,0.1717712048108524
infographicVQA/infographicVQA_val_v1.0_images/42097.jpeg,Fixed,336,336,61,57,2634.0,37140.0,11172,28602,0.07092084006462035,0.092091462135515
infographicVQA/infographicVQA_val_v1.0_images/42555.jpeg,DRIP,336,336,14,59,4660.0,22754.0,11564,15850,0.20479915619231784,0.294006309148265
infographicVQA/infographicVQA_val_v1.0_images/42555.jpeg,Fixed,336,336,14,57,1653.0,25369.0,11172,15850,0.06515826402302022,0.10429022082018928
infographicVQA/infographicVQA_val_v1.0_images/42607.jpeg,DRIP,336,336,30,58,4573.0,27659.0,11368,20864,0.16533497234173325,0.21918136503067484
infographicVQA/infographicVQA_val_v1.0_images/42607.jpeg,Fixed,336,336,30,57,1866.0,30170.0,11172,20864,0.06184951939012264,0.08943634969325154
infographicVQA/infographicVQA_val_v1.0_images/43498.jpeg,DRIP,336,336,30,59,4325.0,20315.0,11564,13076,0.2128968742308639,0.33075864178647907
infographicVQA/infographicVQA_val_v1.0_images/43498.jpeg,Fixed,336,336,30,57,1144.0,23104.0,11172,13076,0.04951523545706371,0.08748852860201897
infographicVQA/infographicVQA_val_v1.0_images/44541.jpeg,DRIP,336,336,42,59,6593.0,41812.0,11564,36841,0.15768200516598105,0.17895822588963384
infographicVQA/infographicVQA_val_v1.0_images/44541.jpeg,Fixed,336,336,42,57,3919.0,44094.0,11172,36841,0.08887830543838164,0.10637604842430987
infographicVQA/infographicVQA_val_v1.0_images/44721.jpeg,DRIP,336,336,27,58,5336.0,37707.0,11368,31675,0.14151218606624766,0.1684609313338595
infographicVQA/infographicVQA_val_v1.0_images/44721.jpeg,Fixed,336,336,27,57,3557.0,39290.0,11172,31675,0.09053194196996692,0.1122967640094712
infographicVQA/infographicVQA_val_v1.0_images/44885.jpeg,DRIP,336,336,18,59,2446.0,18027.0,11564,8909,0.13568536084761745,0.2745538219777753
infographicVQA/infographicVQA_val_v1.0_images/44885.jpeg,Fixed,336,336,18,57,1029.0,19052.0,11172,8909,0.05401007768213311,0.11550117858345493
infographicVQA/infographicVQA_val_v1.0_images/44954.jpeg,DRIP,336,336,64,58,5915.0,47163.0,11368,41710,0.12541611008629647,0.14181251498441622
infographicVQA/infographicVQA_val_v1.0_images/44954.jpeg,Fixed,336,336,64,57,3719.0,49163.0,11172,41710,0.07564631938653052,0.08916327019899305
infographicVQA/infographicVQA_val_v1.0_images/70572.jpeg,DRIP,336,336,89,59,5692.0,48072.0,11564,42200,0.11840572474621401,0.13488151658767772
infographicVQA/infographicVQA_val_v1.0_images/70572.jpeg,Fixed,336,336,89,57,4208.0,49164.0,11172,42200,0.08559108290619152,0.09971563981042654
infographicVQA/infographicVQA_val_v1.0_images/70574.jpeg,DRIP,336,336,26,59,3442.0,19576.0,11564,11454,0.1758275439313445,0.3005063733193644
infographicVQA/infographicVQA_val_v1.0_images/70574.jpeg,Fixed,336,336,26,57,1374.0,21252.0,11172,11454,0.06465273856578205,0.11995809324253535
ocrVQA/images/069401673X.jpg,DRIP,336,336,10,59,4802.0,21783.0,11564,15021,0.2204471376761695,0.31968577325078223
ocrVQA/images/069401673X.jpg,Fixed,336,336,10,57,1456.0,24737.0,11172,15021,0.05885919877107167,0.09693096331802144
ocrVQA/images/076491135X.jpg,DRIP,336,336,6,59,5162.0,21138.0,11564,14736,0.24420474973980508,0.3502985884907709
ocrVQA/images/076491135X.jpg,Fixed,336,336,6,57,1368.0,24540.0,11172,14736,0.05574572127139364,0.09283387622149837
ocrVQA/images/081098914X.jpg,DRIP,336,336,0,59,,,11564,0,,
ocrVQA/images/081098914X.jpg,Fixed,336,336,0,57,,,11172,0,,
ocrVQA/images/1118945034.jpg,DRIP,336,336,17,59,7908.0,50633.0,11564,46977,0.1561827266802283,0.168337697170956
ocrVQA/images/1118945034.jpg,Fixed,336,336,17,57,4658.0,53491.0,11172,46977,0.08708006954440933,0.09915490559209826
ocrVQA/images/1401262031.jpg,DRIP,336,336,0,59,,,11564,0,,
ocrVQA/images/1401262031.jpg,Fixed,336,336,0,57,,,11172,0,,
ocrVQA/images/1416296298.jpg,DRIP,336,336,0,59,,,11564,0,,
ocrVQA/images/1416296298.jpg,Fixed,336,336,0,57,,,11172,0,,
ocrVQA/images/1416297588.jpg,DRIP,336,336,6,59,6144.0,33846.0,11564,28426,0.18152809785499024,0.2161401533807078
ocrVQA/images/1416297588.jpg,Fixed,336,336,6,57,2374.0,37224.0,11172,28426,0.06377605845690952,0.08351509181735031
ocrVQA/images/1416298576.jpg,DRIP,336,336,0,59,,,11564,0,,
ocrVQA/images/1416298576.jpg,Fixed,336,336,0,57,,,11172,0,,
ocrVQA/images/1416298886.jpg,DRIP,336,336,10,59,5740.0,26143.0,11564,20319,0.21956164173966264,0.28249421723510015
ocrVQA/images/1416298886.jpg,Fixed,336,336,10,57,1966.0,29525.0,11172,20319,0.06658763759525825,0.09675673015404301
ocrVQA/images/1416298983.jpg,DRIP,336,336,40,59,6476.0,53858.0,11564,48770,0.12024211816257566,0.13278654910805823
ocrVQA/images/1416298983.jpg,Fixed,336,336,40,57,4428.0,55514.0,11172,48770,0.07976366322008863,0.0907935206069305
ocrVQA/images/1419707450.jpg,DRIP,336,336,0,59,,,11564,0,,
ocrVQA/images/1419707450.jpg,Fixed,336,336,0,57,,,11172,0,,
ocrVQA/images/1419716050.jpg,DRIP,336,336,4,59,5480.0,21481.0,11564,15397,0.25510916623993296,0.35591348964083913
ocrVQA/images/1419716050.jpg,Fixed,336,336,4,57,1652.0,24917.0,11172,15397,0.06630011638640286,0.1072936286289537
ocrVQA/images/1423826035.jpg,DRIP,336,336,7,59,4281.0,16094.0,11564,8811,0.2659997514601715,0.48586993530813755
ocrVQA/images/1423826035.jpg,Fixed,336,336,7,57,645.0,19338.0,11172,8811,0.033354017995656224,0.073203949608444
ocrVQA/images/1423826507.jpg,DRIP,336,336,6,59,4521.0,18273.0,11564,11230,0.24741421769824332,0.4025823686553874
ocrVQA/images/1423826507.jpg,Fixed,336,336,6,57,1134.0,21268.0,11172,11230,0.05331954109460222,0.10097951914514693
ocrVQA/images/1440588589.jpg,DRIP,336,336,12,58,5825.0,27946.0,11368,22403,0.208437701281042,0.2600098201133777
ocrVQA/images/1440588589.jpg,Fixed,336,336,12,57,2302.0,31273.0,11172,22403,0.07360982317014678,0.10275409543364727
ocrVQA/images/1449419291.jpg,DRIP,336,336,11,59,6650.0,63687.0,11564,58773,0.10441691396988396,0.11314719343916424
ocrVQA/images/1449419291.jpg,Fixed,336,336,11,57,6004.0,63941.0,11172,58773,0.09389906319888647,0.10215575179078829
ocrVQA/images/145214141X.jpg,DRIP,336,336,18,59,3474.0,19184.0,11564,11094,0.1810884070058382,0.31314223904813415
ocrVQA/images/145214141X.jpg,Fixed,336,336,18,57,1092.0,21174.0,11172,11094,0.051572683479739305,0.09843158464034614
ocrVQA/images/1492612766.jpg,DRIP,336,336,29,59,7637.0,51156.0,11564,47229,0.14928845101258895,0.16170149696161257
ocrVQA/images/1492612766.jpg,Fixed,336,336,29,57,4309.0,54092.0,11172,47229,0.07966057827405161,0.09123631666984268
ocrVQA/images/1514818639.jpg,DRIP,336,336,3,59,2912.0,16617.0,11564,7965,0.17524222182102667,0.36559949780288764
ocrVQA/images/1514818639.jpg,Fixed,336,336,3,57,762.0,18375.0,11172,7965,0.04146938775510204,0.09566854990583804
ocrVQA/images/151862801X.jpg,DRIP,336,336,4,59,7392.0,39496.0,11564,35324,0.18715819323475796,0.20926282414222624
ocrVQA/images/151862801X.jpg,Fixed,336,336,4,57,3416.0,43080.0,11172,35324,0.07929433611884866,0.09670478994451365
ocrVQA/images/1552974650.jpg,DRIP,336,336,3,59,6633.0,21494.0,11564,16563,0.3085977482088025,0.40047092917949645
ocrVQA/images/1552974650.jpg,Fixed,336,336,3,57,1586.0,26149.0,11172,16563,0.060652415006309995,0.0957555998309485
ocrVQA/images/1570292442.jpg,DRIP,336,336,4,59,4538.0,29789.0,11564,22763,0.15233811138339656,0.19935860826780302
ocrVQA/images/1570292442.jpg,Fixed,336,336,4,57,2364.0,31571.0,11172,22763,0.07487884450920149,0.10385274348723807
ocrVQA/images/1574329820.jpg,DRIP,336,336,4,59,6818.0,30061.0,11564,25315,0.2268054954924986,0.2693264862729607
ocrVQA/images/1574329820.jpg,Fixed,336,336,4,57,2324.0,34163.0,11172,25315,0.06802681263355091,0.09180327868852459
ocrVQA/images/1579129986.jpg,DRIP,336,336,4,58,6026.0,30828.0,11368,25486,0.19547164915012327,0.23644353762850193
ocrVQA/images/1579129986.jpg,Fixed,336,336,4,57,2586.0,34072.0,11172,25486,0.07589809814510448,0.10146747233775406
ocrVQA/images/1594908842.jpg,DRIP,336,336,6,58,6000.0,29988.0,11368,24620,0.2000800320128051,0.2437043054427295
ocrVQA/images/1594908842.jpg,Fixed,336,336,6,57,2520.0,33272.0,11172,24620,0.07573936042317865,0.10235580828594638
ocrVQA/images/1606906631.jpg,DRIP,336,336,3,59,2935.0,15477.0,11564,6848,0.1896362344123538,0.42859228971962615
ocrVQA/images/1606906631.jpg,Fixed,336,336,3,57,755.0,17265.0,11172,6848,0.0437300897770055,0.11025116822429906
ocrVQA/images/1616557621.jpg,DRIP,336,336,2,59,5124.0,27320.0,11564,20880,0.18755490483162518,0.2454022988505747
ocrVQA/images/1616557621.jpg,Fixed,336,336,2,57,1840.0,30212.0,11172,20880,0.06090295246921753,0.08812260536398467
ocrVQA/images/1624380972.jpg,DRIP,336,336,18,59,7301.0,56336.0,11564,52073,0.12959741550695825,0.14020701707218713
ocrVQA/images/1624380972.jpg,Fixed,336,336,18,57,4868.0,58377.0,11172,52073,0.08338900594412182,0.09348414725481535
ocrVQA/images/1624382436.jpg,DRIP,336,336,5,59,5782.0,31054.0,11564,25272,0.1861917949378502,0.22879075656853434
ocrVQA/images/1624382436.jpg,Fixed,336,336,5,57,2548.0,33896.0,11172,25272,0.07517111163559122,0.10082304526748971
ocrVQA/images/1631140450.jpg,DRIP,336,336,4,59,4928.0,26991.0,11564,20355,0.18257937831128895,0.24210267747482192
ocrVQA/images/1631140450.jpg,Fixed,336,336,4,57,1904.0,29623.0,11172,20355,0.06427438139283664,0.09353967084254483
ocrVQA/images/1783295996.jpg,DRIP,336,336,5,59,5467.0,30826.0,11564,24729,0.17735028871731656,0.22107646892312668
ocrVQA/images/1783295996.jpg,Fixed,336,336,5,57,2422.0,33479.0,11172,24729,0.0723438573434093,0.09794168789680133
ocrVQA/images/1880366274.jpg,DRIP,336,336,12,59,4382.0,29700.0,11564,22518,0.14754208754208753,0.19459987565503153
ocrVQA/images/1880366274.jpg,Fixed,336,336,12,57,2161.0,31529.0,11172,22518,0.06854007421738717,0.09596767030819789
ocrVQA/images/1890989347.jpg,DRIP,336,336,27,59,7277.0,46862.0,11564,42575,0.15528573257650122,0.17092190252495595
ocrVQA/images/1890989347.jpg,Fixed,336,336,27,57,4542.0,49205.0,11172,42575,0.09230769230769231,0.10668232530827951
ocrVQA/images/345532058.jpg,DRIP,336,336,1,59,8232.0,57428.0,11564,54096,0.14334470989761092,0.15217391304347827
ocrVQA/images/345532058.jpg,Fixed,336,336,1,57,5292.0,59976.0,11172,54096,0.08823529411764706,0.09782608695652174
ocrVQA/images/3822842990.jpg,DRIP,336,336,1,59,4068.0,15287.0,11564,7791,0.26610845816707007,0.5221409318444359
ocrVQA/images/3822842990.jpg,Fixed,336,336,1,57,742.0,18221.0,11172,7791,0.040722243565117174,0.09523809523809523
ocrVQA/images/684049678.jpg,DRIP,336,336,13,59,4970.0,33122.0,11564,26528,0.15005132540305538,0.18734921592279855
ocrVQA/images/684049678.jpg,Fixed,336,336,13,57,1950.0,35750.0,11172,26528,0.05454545454545454,0.07350723763570567
ocrVQA/images/692543260.jpg,DRIP,336,336,2,59,4229.0,18542.0,11564,11207,0.22807679861935065,0.3773534398144017
ocrVQA/images/692543260.jpg,Fixed,336,336,2,57,1118.0,21261.0,11172,11207,0.05258454447109731,0.09975907914696172
ocrVQA/images/727884816.jpg,DRIP,336,336,11,59,8680.0,47156.0,11564,44272,0.18406989566545084,0.19606071557643656
ocrVQA/images/727884816.jpg,Fixed,336,336,11,57,4418.0,51026.0,11172,44272,0.08658331046917257,0.09979219371160102
ocrVQA/images/754828042.jpg,DRIP,336,336,4,59,4242.0,12937.0,11564,5615,0.3278967303084177,0.7554764024933215
ocrVQA/images/754828042.jpg,Fixed,336,336,4,57,486.0,16301.0,11172,5615,0.02981412183301638,0.08655387355298308
ocrVQA/images/761183310.jpg,DRIP,336,336,10,59,8169.0,35106.0,11564,31711,0.23269526576653562,0.25760777017438746
ocrVQA/images/761183310.jpg,Fixed,336,336,10,57,3231.0,39652.0,11172,31711,0.08148391001714919,0.1018889344391536
ocrVQA/images/761185240.jpg,DRIP,336,336,11,59,5123.0,23935.0,11564,17494,0.21403801963651556,0.2928432605464731
ocrVQA/images/761185240.jpg,Fixed,336,336,11,57,1665.0,27001.0,11172,17494,0.06166438280063701,0.09517548873899623
ocrVQA/images/786447621.jpg,DRIP,336,336,5,59,5738.0,28585.0,11564,22759,0.20073465104075564,0.2521200404235687
ocrVQA/images/786447621.jpg,Fixed,336,336,5,57,2172.0,31759.0,11172,22759,0.06839006265940363,0.0954347730568127
ocrVQA/images/B00UK7LRCI.jpg,DRIP,336,336,1,59,2548.0,17416.0,11564,8400,0.14630225080385853,0.30333333333333334
ocrVQA/images/B00UK7LRCI.jpg,Fixed,336,336,1,57,980.0,18592.0,11172,8400,0.05271084337349398,0.11666666666666667
ocrVQA/images/B011SJNYEA.jpg,DRIP,336,336,10,59,5222.0,24934.0,11564,18592,0.2094329028635598,0.2808734939759036
ocrVQA/images/B011SJNYEA.jpg,Fixed,336,336,10,57,1921.0,27843.0,11172,18592,0.06899400208310887,0.10332401032702238
svt/image/img_0022.jpg,DRIP,336,336,1,59,6664.0,85204.0,11564,80304,0.0782122905027933,0.08298465829846582
svt/image/img_0022.jpg,Fixed,336,336,1,57,7882.0,83594.0,11172,80304,0.0942890638084073,0.09815202231520223
svt/image/img_0024.jpg,DRIP,336,336,1,59,6762.0,93527.0,11564,88725,0.07229997754659083,0.07621301775147929
svt/image/img_0024.jpg,Fixed,336,336,1,57,8554.0,91343.0,11172,88725,0.09364702276036478,0.09641025641025641
svt/image/img_0087.jpg,DRIP,336,336,1,59,5460.0,90797.0,11564,84693,0.06013414540127978,0.06446813786263328
svt/image/img_0087.jpg,Fixed,336,336,1,57,8246.0,87619.0,11172,84693,0.09411200766956938,0.0973634184643359
svt/image/img_0113.jpg,DRIP,336,336,1,59,10346.0,95463.0,11564,94245,0.10837706755496894,0.10977770704016128
svt/image/img_0113.jpg,Fixed,336,336,1,57,8750.0,96667.0,11172,94245,0.0905169292519681,0.09284312165101596
svt/image/img_0156.jpg,DRIP,336,336,1,59,7700.0,95256.0,11564,91392,0.08083480305702528,0.08425245098039216
svt/image/img_0156.jpg,Fixed,336,336,1,57,8932.0,93632.0,11172,91392,0.09539473684210527,0.0977328431372549
svt/image/img_0165.jpg,DRIP,336,336,1,59,1412.0,55377.0,11564,45225,0.02549795041262618,0.031221669430624654
svt/image/img_0165.jpg,Fixed,336,336,1,57,4438.0,51959.0,11172,45225,0.08541349910506361,0.09813156440022111
svt/image/img_0183.jpg,DRIP,336,336,1,59,3682.0,85834.0,11564,77952,0.04289675419996738,0.047234195402298854
svt/image/img_0183.jpg,Fixed,336,336,1,57,7672.0,81452.0,11172,77952,0.09419044345135785,0.09841954022988506
svt/image/img_0203.jpg,DRIP,336,336,1,59,7448.0,95172.0,11564,91056,0.07825831126802,0.08179581795817958
svt/image/img_0203.jpg,Fixed,336,336,1,57,8960.0,93268.0,11172,91056,0.09606724707295107,0.0984009840098401
svt/image/img_0275.jpg,DRIP,336,336,1,59,11396.0,109032.0,11564,108864,0.10451977401129943,0.10468106995884774
svt/image/img_0275.jpg,Fixed,336,336,1,57,10668.0,109368.0,11172,108864,0.09754224270353302,0.09799382716049383
svt/image/img_0293.jpg,DRIP,336,336,1,59,7708.0,85328.0,11564,81472,0.09033377086067879,0.09460919088766692
svt/image/img_0293.jpg,Fixed,336,336,1,57,8288.0,84356.0,11172,81472,0.09825027265399024,0.10172820109976434
svt/image/img_0324.jpg,DRIP,336,336,1,59,9310.0,87262.0,11564,85008,0.10669019733675597,0.10951910408432147
svt/image/img_0324.jpg,Fixed,336,336,1,57,8316.0,87864.0,11172,85008,0.09464627151051626,0.09782608695652174
svt/image/img_0330.jpg,DRIP,336,336,1,59,9212.0,106512.0,11564,104160,0.08648790746582545,0.08844086021505376
svt/image/img_0330.jpg,Fixed,336,336,1,57,10248.0,105084.0,11172,104160,0.09752198241406874,0.09838709677419355
svt/image/img_0420.jpg,DRIP,336,336,2,59,7140.0,93150.0,11564,88726,0.07665056360708535,0.0804724657935667
svt/image/img_0420.jpg,Fixed,336,336,2,57,8470.0,91428.0,11172,88726,0.09264120400752504,0.0954624349119762
svt/image/img_0429.jpg,DRIP,336,336,1,59,9856.0,104188.0,11564,102480,0.09459822628325719,0.09617486338797815
svt/image/img_0429.jpg,Fixed,336,336,1,57,10024.0,103628.0,11172,102480,0.09673061334774385,0.09781420765027322
svt/image/img_0496.jpg,DRIP,336,336,1,59,7154.0,85015.0,11564,80605,0.08414985590778098,0.08875379939209727
svt/image/img_0496.jpg,Fixed,336,336,1,57,7889.0,83888.0,11172,80605,0.09404205607476636,0.09787234042553192
svt/image/img_0512.jpg,DRIP,336,336,1,59,11354.0,111426.0,11564,111216,0.10189722326925493,0.1020896273917422
svt/image/img_0512.jpg,Fixed,336,336,1,57,10962.0,111426.0,11172,111216,0.09837919336600075,0.09856495468277945
svt/image/img_0564.jpg,DRIP,336,336,1,59,7854.0,93422.0,11564,89712,0.08407013337329537,0.08754681647940075
svt/image/img_0564.jpg,Fixed,336,336,1,57,8778.0,92106.0,11172,89712,0.0953032375740994,0.09784644194756555
svtp/image/101.jpg,DRIP,336,336,1,59,8302.0,99694.0,11564,96432,0.08327482095211347,0.0860917537746806
svtp/image/101.jpg,Fixed,336,336,1,57,9408.0,98196.0,11172,96432,0.09580838323353294,0.0975609756097561
svtp/image/129.jpg,DRIP,336,336,2,59,2870.0,36439.0,11564,27745,0.0787617662394687,0.10344206163272662
svtp/image/129.jpg,Fixed,336,336,2,57,2954.0,35963.0,11172,27745,0.08213997719878764,0.10646963416831862
svtp/image/144.jpg,DRIP,336,336,1,59,10696.0,102676.0,11564,101808,0.10417234796836651,0.10506050605060506
svtp/image/144.jpg,Fixed,336,336,1,57,9856.0,103124.0,11172,101808,0.09557426011403747,0.0968096809680968
svtp/image/154.jpg,DRIP,336,336,1,59,9924.0,107852.0,11564,106212,0.09201498349590179,0.09343576996949497
svtp/image/154.jpg,Fixed,336,336,1,57,10302.0,107082.0,11172,106212,0.09620664537457276,0.09699468986555192
svtp/image/156.jpg,DRIP,336,336,1,59,10444.0,95062.0,11564,93942,0.1098651406450527,0.11117498030699793
svtp/image/156.jpg,Fixed,336,336,1,57,9245.0,95869.0,11172,93942,0.09643367511917304,0.09841178599561431
svtp/image/178.jpg,DRIP,336,336,1,59,7812.0,101864.0,11564,98112,0.07669048927982408,0.07962328767123288
svtp/image/178.jpg,Fixed,336,336,1,57,9716.0,99568.0,11172,98112,0.09758155230596176,0.0990296803652968
svtp/image/408.jpg,DRIP,336,336,0,59,,,11564,0,,
svtp/image/408.jpg,Fixed,336,336,0,57,,,11172,0,,
svtp/image/582.jpg,DRIP,336,336,1,58,5712.0,85288.0,11368,79632,0.066973079448457,0.07172995780590717
svtp/image/582.jpg,Fixed,336,336,1,57,7700.0,83104.0,11172,79632,0.09265498652291106,0.09669479606188466
svtp/image/601.jpg,DRIP,336,336,1,59,9926.0,97628.0,11564,95990,0.10167165157536773,0.10340660485467236
svtp/image/601.jpg,Fixed,336,336,1,57,9360.0,97802.0,11172,95990,0.09570356434428744,0.09751015730805292
textVQA/train_images/00c90458856a8866.jpg,DRIP,336,336,1,59,2520.0,15407.0,11564,6363,0.1635620172648796,0.39603960396039606
textVQA/train_images/00c90458856a8866.jpg,Fixed,336,336,1,57,706.0,16829.0,11172,6363,0.04195139342801117,0.11095395253811095
textVQA/train_images/00ecc16a9eb4a5ed.jpg,DRIP,336,336,3,59,1340.0,11907.0,11564,1683,0.11253884269757286,0.7961972667855021
textVQA/train_images/00ecc16a9eb4a5ed.jpg,Fixed,336,336,3,57,196.0,12659.0,11172,1683,0.01548305553361245,0.11645870469399881
textVQA/train_images/0156f0e26eb20c04.jpg,DRIP,336,336,9,59,2058.0,19031.0,11564,9525,0.10813935158425726,0.21606299212598426
textVQA/train_images/0156f0e26eb20c04.jpg,Fixed,336,336,9,57,951.0,19746.0,11172,9525,0.04816165299301124,0.09984251968503936
textVQA/train_images/016b57639f13e1dc.jpg,DRIP,336,336,3,59,2212.0,16103.0,11564,6751,0.13736570825312053,0.32765516219819285
textVQA/train_images/016b57639f13e1dc.jpg,Fixed,336,336,3,57,588.0,17335.0,11172,6751,0.033919815402365154,0.08709820767293734
textVQA/train_images/0328a24cc3047ec8.jpg,DRIP,336,336,15,59,1118.0,20191.0,11564,9745,0.055371204992323314,0.11472550025654181
textVQA/train_images/0328a24cc3047ec8.jpg,Fixed,336,336,15,57,871.0,20046.0,11172,9745,0.04345006485084306,0.08937916880451513
textVQA/train_images/066f5833cd78c07a.jpg,DRIP,336,336,1,59,490.0,14770.0,11564,3696,0.03317535545023697,0.13257575757575757
textVQA/train_images/066f5833cd78c07a.jpg,Fixed,336,336,1,57,420.0,14448.0,11172,3696,0.029069767441860465,0.11363636363636363
textVQA/train_images/09e15efd7a028959.jpg,DRIP,336,336,2,59,2926.0,16970.0,11564,8332,0.17242192103712434,0.3511761881901104
textVQA/train_images/09e15efd7a028959.jpg,Fixed,336,336,2,57,831.0,18673.0,11172,8332,0.04450275799282386,0.09973595775324051
textVQA/train_images/0b17193c820ded62.jpg,DRIP,336,336,2,59,2591.0,12833.0,11564,3860,0.2019013480869633,0.6712435233160622
textVQA/train_images/0b17193c820ded62.jpg,Fixed,336,336,2,57,378.0,14654.0,11172,3860,0.025795004776852735,0.09792746113989638
textVQA/train_images/11c07147c48757b5.jpg,DRIP,336,336,4,59,2905.0,19819.0,11564,11160,0.14657651748322317,0.26030465949820786
textVQA/train_images/11c07147c48757b5.jpg,Fixed,336,336,4,57,1164.0,21168.0,11172,11160,0.054988662131519275,0.1043010752688172
textVQA/train_images/135fb97b6e8984b6.jpg,DRIP,336,336,2,59,948.0,25513.0,11564,14897,0.037157527534982165,0.06363697388735987
textVQA/train_images/135fb97b6e8984b6.jpg,Fixed,336,336,2,57,1806.0,24263.0,11172,14897,0.07443432386761736,0.1212324629119957
textVQA/train_images/1763135fd85e993d.jpg,DRIP,336,336,1,59,160.0,11773.0,11564,369,0.01359041875477788,0.43360433604336046
textVQA/train_images/1763135fd85e993d.jpg,Fixed,336,336,1,57,56.0,11485.0,11172,369,0.004875925119721376,0.15176151761517614
textVQA/train_images/18425568d6047c4a.jpg,DRIP,336,336,8,59,5214.0,51901.0,11564,45551,0.10046049209071116,0.11446510504709008
textVQA/train_images/18425568d6047c4a.jpg,Fixed,336,336,8,57,4041.0,52682.0,11172,45551,0.0767055161155613,0.08871374942372286
textVQA/train_images/1aee501a75668a28.jpg,DRIP,336,336,13,59,5282.0,23632.0,11564,17350,0.2235104942450914,0.30443804034582134
textVQA/train_images/1aee501a75668a28.jpg,Fixed,336,336,13,57,1386.0,27136.0,11172,17350,0.05107606132075472,0.07988472622478386
textVQA/train_images/1d9197504e228f43.jpg,DRIP,336,336,13,59,7282.0,61791.0,11564,57509,0.11784887766826885,0.1266236589055626
textVQA/train_images/1d9197504e228f43.jpg,Fixed,336,336,13,57,5770.0,62911.0,11172,57509,0.09171686986377581,0.1003321219287416
textVQA/train_images/26726e25ef9b30e7.jpg,DRIP,336,336,1,59,4236.0,21578.0,11564,14250,0.19631105755862452,0.29726315789473684
textVQA/train_images/26726e25ef9b30e7.jpg,Fixed,336,336,1,57,1330.0,24092.0,11172,14250,0.055205047318611984,0.09333333333333334
textVQA/train_images/28965287b0087f08.jpg,DRIP,336,336,4,59,5099.0,24488.0,11564,18023,0.20822443645867364,0.28291627365033567
textVQA/train_images/28965287b0087f08.jpg,Fixed,336,336,4,57,1148.0,28047.0,11172,18023,0.040931293899525795,0.06369638794873217
textVQA/train_images/29d786c10f5ce62a.jpg,DRIP,336,336,5,59,6046.0,47058.0,11564,41540,0.12847974839559692,0.1455464612421762
textVQA/train_images/29d786c10f5ce62a.jpg,Fixed,336,336,5,57,4340.0,48372.0,11172,41540,0.08972132638716612,0.1044776119402985
textVQA/train_images/2fdbba3552d1be9b.jpg,DRIP,336,336,1,59,1484.0,12288.0,11564,2208,0.12076822916666667,0.6721014492753623
textVQA/train_images/2fdbba3552d1be9b.jpg,Fixed,336,336,1,57,196.0,13184.0,11172,2208,0.014866504854368932,0.08876811594202899
textVQA/train_images/32ec42158c53eb66.jpg,DRIP,336,336,1,59,0.0,13189.0,11564,1625,0.0,0.0
textVQA/train_images/32ec42158c53eb66.jpg,Fixed,336,336,1,57,70.0,12727.0,11172,1625,0.005500117859668421,0.043076923076923075
textVQA/train_images/34e5c09e01d30529.jpg,DRIP,336,336,2,59,1146.0,12314.0,11564,1896,0.0930648042878025,0.6044303797468354
textVQA/train_images/34e5c09e01d30529.jpg,Fixed,336,336,2,57,256.0,12812.0,11172,1896,0.019981267561660944,0.1350210970464135
textVQA/train_images/3aedcf6c7be3e78d.jpg,DRIP,336,336,10,59,5578.0,29351.0,11564,23365,0.19004463221014617,0.23873314787074684
textVQA/train_images/3aedcf6c7be3e78d.jpg,Fixed,336,336,10,57,2176.0,32361.0,11172,23365,0.06724143258860975,0.09313075112347528
textVQA/train_images/3c6a7bac733e2077.jpg,DRIP,336,336,11,59,5528.0,28517.0,11564,22481,0.19384928288389383,0.2458965348516525
textVQA/train_images/3c6a7bac733e2077.jpg,Fixed,336,336,11,57,2114.0,31539.0,11172,22481,0.06702812391007959,0.09403496285752413
textVQA/train_images/42438ea807df291b.jpg,DRIP,336,336,7,59,1211.0,14656.0,11564,4303,0.0826282751091703,0.28143155937717873
textVQA/train_images/42438ea807df291b.jpg,Fixed,336,336,7,57,516.0,14959.0,11172,4303,0.03449428437729795,0.11991633743899605
textVQA/train_images/5c379ce47127773b.jpg,DRIP,336,336,10,59,2861.0,17873.0,11564,9170,0.16007385441727745,0.3119956379498364
textVQA/train_images/5c379ce47127773b.jpg,Fixed,336,336,10,57,650.0,19692.0,11172,9170,0.033008328255128984,0.07088331515812432
textVQA/train_images/62c415e7266fd14b.jpg,DRIP,336,336,12,59,3780.0,22973.0,11564,15189,0.1645409828929613,0.24886430969780762
textVQA/train_images/62c415e7266fd14b.jpg,Fixed,336,336,12,57,1096.0,25265.0,11172,15189,0.04338017019592321,0.07215748238857067
textVQA/train_images/773b997bdd2a6e16.jpg,DRIP,336,336,5,59,2460.0,16334.0,11564,7230,0.15060609771029754,0.34024896265560167
textVQA/train_images/773b997bdd2a6e16.jpg,Fixed,336,336,5,57,474.0,17928.0,11172,7230,0.02643908969210174,0.06556016597510374
textVQA/train_images/79cd31c0380f8464.jpg,DRIP,336,336,1,59,299.0,12082.0,11564,817,0.024747558351266345,0.3659730722154223
textVQA/train_images/79cd31c0380f8464.jpg,Fixed,336,336,1,57,36.0,11953.0,11172,817,0.0030117962017903455,0.044063647490820076
textVQA/train_images/7de5f19060c96f5c.jpg,DRIP,336,336,1,59,880.0,12426.0,11564,1742,0.07081924995976178,0.505166475315729
textVQA/train_images/7de5f19060c96f5c.jpg,Fixed,336,336,1,57,230.0,12684.0,11172,1742,0.018133081046988332,0.13203214695752008
textVQA/train_images/9433af852c82ca07.jpg,DRIP,336,336,10,59,6563.0,62979.0,11564,57978,0.10420933962114355,0.11319810962778985
textVQA/train_images/9433af852c82ca07.jpg,Fixed,336,336,10,57,5202.0,63948.0,11172,57978,0.08134734471758304,0.08972368829556039
textVQA/train_images/9655a546f63dd653.jpg,DRIP,336,336,9,59,7104.0,33931.0,11564,29471,0.2093660664289293,0.24105052424417223
textVQA/train_images/9655a546f63dd653.jpg,Fixed,336,336,9,57,2764.0,37879.0,11172,29471,0.07296919137252832,0.09378711275491161
textVQA/train_images/9fc2185d2de5b452.jpg,DRIP,336,336,6,59,2346.0,14502.0,11564,5284,0.16177079023582955,0.44398183194549584
textVQA/train_images/9fc2185d2de5b452.jpg,Fixed,336,336,6,57,533.0,15923.0,11172,5284,0.03347359165986309,0.10087055261165784
textVQA/train_images/a30a00e52088ae0b.jpg,DRIP,336,336,5,59,1496.0,16837.0,11564,6769,0.08885193324226406,0.22100753434776185
textVQA/train_images/a30a00e52088ae0b.jpg,Fixed,336,336,5,57,667.0,17274.0,11172,6769,0.03861294430936668,0.09853745014034569
textVQA/train_images/a56b17c45ac1ac06.jpg,DRIP,336,336,5,58,4587.0,34438.0,11368,27657,0.13319588826296533,0.16585312940666017
textVQA/train_images/a56b17c45ac1ac06.jpg,Fixed,336,336,5,57,2744.0,36085.0,11172,27657,0.07604267701260911,0.09921538850923817
textVQA/train_images/a5f3a2c634ca375a.jpg,DRIP,336,336,9,59,5130.0,48034.0,11564,41600,0.10679935046009077,0.1233173076923077
textVQA/train_images/a5f3a2c634ca375a.jpg,Fixed,336,336,9,57,3931.0,48841.0,11172,41600,0.08048565754181937,0.09449519230769231
textVQA/train_images/afc9c49c9871e24e.jpg,DRIP,336,336,2,59,3136.0,17264.0,11564,8836,0.18164967562557924,0.3549117247623359
textVQA/train_images/afc9c49c9871e24e.jpg,Fixed,336,336,2,57,868.0,19140.0,11172,8836,0.04535005224660397,0.09823449524671797
textVQA/train_images/b5c2c50202792f10.jpg,DRIP,336,336,6,59,5558.0,62139.0,11564,56133,0.08944463219556156,0.0990148397555805
textVQA/train_images/b5c2c50202792f10.jpg,Fixed,336,336,6,57,5755.0,61550.0,11172,56133,0.09350121852152721,0.10252436178362104
textVQA/train_images/b608394619d226e9.jpg,DRIP,336,336,4,59,2164.0,16126.0,11564,6726,0.13419322832692546,0.32173654475170976
textVQA/train_images/b608394619d226e9.jpg,Fixed,336,336,4,57,875.0,17023.0,11172,6726,0.051401045644128535,0.13009217960154623
textVQA/train_images/c5d01db7976d7704.jpg,DRIP,336,336,1,58,216.0,11827.0,11368,675,0.018263295848482287,0.32
textVQA/train_images/c5d01db7976d7704.jpg,Fixed,336,336,1,57,84.0,11763.0,11172,675,0.00714103545014027,0.12444444444444444
textVQA/train_images/c7372c2a157e69c5.jpg,DRIP,336,336,14,59,6968.0,32058.0,11564,27462,0.21735604217356042,0.25373243026727843
textVQA/train_images/c7372c2a157e69c5.jpg,Fixed,336,336,14,57,2883.0,35751.0,11172,27462,0.08064110094822523,0.10498142888354818
textVQA/train_images/c9271675f8fd3b88.jpg,DRIP,336,336,6,59,3465.0,17937.0,11564,9838,0.193176116407426,0.3522057328725351
textVQA/train_images/c9271675f8fd3b88.jpg,Fixed,336,336,6,57,600.0,20410.0,11172,9838,0.02939735423811857,0.06098800569221387
textVQA/train_images/cb26499cae74775c.jpg,DRIP,336,336,7,59,1376.0,16074.0,11564,5886,0.08560408112479781,0.23377505946313284
textVQA/train_images/cb26499cae74775c.jpg,Fixed,336,336,7,57,616.0,16442.0,11172,5886,0.037465028585330254,0.10465511382942576
textVQA/train_images/d752ed9c0a5bf0fd.jpg,DRIP,336,336,2,58,404.0,12034.0,11368,1070,0.03357154728269902,0.3775700934579439
textVQA/train_images/d752ed9c0a5bf0fd.jpg,Fixed,336,336,2,57,280.0,11962.0,11172,1070,0.02340745694699883,0.2616822429906542
textVQA/train_images/dced6d4991f4632e.jpg,DRIP,336,336,0,59,,,11564,0,,
textVQA/train_images/dced6d4991f4632e.jpg,Fixed,336,336,0,57,,,11172,0,,
textVQA/train_images/dfe9bd50b0154a85.jpg,DRIP,336,336,2,59,3416.0,19438.0,11564,11290,0.17573824467537813,0.3025686448184234
textVQA/train_images/dfe9bd50b0154a85.jpg,Fixed,336,336,2,57,1022.0,21440.0,11172,11290,0.0476679104477612,0.09052258635961027
textVQA/train_images/e6331925eab49904.jpg,DRIP,336,336,0,59,,,11564,0,,
textVQA/train_images/e6331925eab49904.jpg,Fixed,336,336,0,57,,,11172,0,,
textVQA/train_images/ede449a84f6fba77.jpg,DRIP,336,336,5,59,1150.0,20189.0,11564,9775,0.056961711823270096,0.11764705882352941
textVQA/train_images/ede449a84f6fba77.jpg,Fixed,336,336,5,57,899.0,20048.0,11172,9775,0.044842378292098965,0.09196930946291561
textVQA/train_images/ef0289acb724706c.jpg,DRIP,336,336,1,59,980.0,11739.0,11564,1155,0.08348240906380441,0.8484848484848485
textVQA/train_images/ef0289acb724706c.jpg,Fixed,336,336,1,57,154.0,12173.0,11172,1155,0.012650948821161587,0.13333333333333333
textVQA/train_images/f0823cbf952b7547.jpg,DRIP,336,336,4,59,1479.0,14024.0,11564,3939,0.10546206503137479,0.37547600913937546
textVQA/train_images/f0823cbf952b7547.jpg,Fixed,336,336,4,57,305.0,14806.0,11172,3939,0.02059975685532892,0.07743082000507744
textVQA/train_images/f473176f1265a938.jpg,DRIP,336,336,12,59,3986.0,24073.0,11564,16495,0.16557969509408882,0.24164898454076994
textVQA/train_images/f473176f1265a938.jpg,Fixed,336,336,12,57,1694.0,25973.0,11172,16495,0.06522157625226196,0.10269778720824492
textVQA/train_images/f477eeec5374737a.jpg,DRIP,336,336,0,59,,,11564,0,,
textVQA/train_images/f477eeec5374737a.jpg,Fixed,336,336,0,57,,,11172,0,,
totaltext/imgs/000000024.jpg,DRIP,336,336,1,59,6468.0,86744.0,11564,81648,0.07456423499031634,0.07921810699588477
totaltext/imgs/000000024.jpg,Fixed,336,336,1,57,8050.0,84770.0,11172,81648,0.09496284062758051,0.09859396433470508
totaltext/imgs/000000072.jpg,DRIP,336,336,1,59,7896.0,84308.0,11564,80640,0.09365659249418798,0.09791666666666667
totaltext/imgs/000000072.jpg,Fixed,336,336,1,57,7924.0,83888.0,11172,80640,0.09445927903871829,0.09826388888888889
totaltext/imgs/000000180.jpg,DRIP,336,336,1,59,10696.0,108052.0,11564,107184,0.09898937548587718,0.09979101358411703
totaltext/imgs/000000180.jpg,Fixed,336,336,1,57,10500.0,107856.0,11172,107184,0.09735202492211838,0.09796238244514106
totaltext/imgs/000000361.jpg,DRIP,336,336,1,59,7070.0,76734.0,11564,72240,0.09213647144681628,0.09786821705426356
totaltext/imgs/000000361.jpg,Fixed,336,336,1,57,6272.0,77140.0,11172,72240,0.08130671506352087,0.08682170542635659
totaltext/imgs/000000768.jpg,DRIP,336,336,1,59,4018.0,82675.0,11564,75129,0.048599939522225584,0.05348134541921229
totaltext/imgs/000000768.jpg,Fixed,336,336,1,57,7224.0,79077.0,11172,75129,0.09135399673735727,0.09615461406381025
totaltext/imgs/000001202.jpg,DRIP,336,336,1,59,336.0,16268.0,11564,5040,0.020654044750430294,0.06666666666666667
totaltext/imgs/000001202.jpg,Fixed,336,336,1,57,420.0,15792.0,11172,5040,0.026595744680851064,0.08333333333333333
totaltext/imgs/000001358.jpg,DRIP,336,336,1,59,11256.0,109508.0,11564,109200,0.10278701099463053,0.10307692307692308
totaltext/imgs/000001358.jpg,Fixed,336,336,1,57,10710.0,109662.0,11172,109200,0.09766373037150516,0.09807692307692308
totaltext/imgs/000001379.jpg,DRIP,336,336,1,59,9576.0,97076.0,11564,95088,0.09864436111912316,0.10070671378091872
totaltext/imgs/000001379.jpg,Fixed,336,336,1,57,9338.0,96922.0,11172,95088,0.09634551495016612,0.0982037691401649
