image,method,image_width,image_height,num_craft_boxes,num_boundary_patches,intersection_pixels,union_pixels,boundary_pixels,text_pixels,iou,text_coverage
ChartQA/test/png/00795994017065.png,DRIP,336,336,21,73,4171.0,24394.0,14308,14257,0.1709846683610724,0.2925580416637441
ChartQA/test/png/00795994017065.png,Fixed,336,336,21,72,1961.0,26408.0,14112,14257,0.0742578006664647,0.137546468401487
ChartQA/test/png/00795994017065.png,PruneSID,336,336,21,71,4991.0,23182.0,13916,14257,0.2152963506168579,0.3500736480325454
ChartQA/test/png/01499440003158.png,DRIP,336,336,30,73,4128.0,30269.0,14308,20089,0.13637715154118074,0.20548558912837872
ChartQA/test/png/01499440003158.png,Fixed,336,336,30,72,2500.0,31701.0,14112,20089,0.0788618655562916,0.12444621434615959
ChartQA/test/png/01499440003158.png,PruneSID,336,336,30,71,6019.0,27986.0,13916,20089,0.21507182162509828,0.29961670565981385
ChartQA/test/png/04960398003706.png,DRIP,336,336,12,73,3201.0,19920.0,14308,8813,0.16069277108433735,0.3632134346987405
ChartQA/test/png/04960398003706.png,Fixed,336,336,12,72,998.0,21927.0,14112,8813,0.04551466228850276,0.11324180188358107
ChartQA/test/png/04960398003706.png,PruneSID,336,336,12,71,3091.0,19638.0,13916,8813,0.15739892046033202,0.3507318733688869
ChartQA/test/png/10146.png,DRIP,336,336,37,72,5170.0,36381.0,14112,27439,0.14210714383881695,0.1884179452603958
ChartQA/test/png/10146.png,Fixed,336,336,37,72,3052.0,38499.0,14112,27439,0.07927478635808723,0.11122854331426073
ChartQA/test/png/10146.png,PruneSID,336,336,37,71,7343.0,34012.0,13916,27439,0.21589439021521817,0.26761179343270525
ChartQA/test/png/13543.png,DRIP,336,336,46,73,6391.0,41488.0,14308,33571,0.15404454300038564,0.19037264305501772
ChartQA/test/png/13543.png,Fixed,336,336,46,72,4742.0,42941.0,14112,33571,0.11043059081064717,0.14125286705787735
ChartQA/test/png/13543.png,PruneSID,336,336,46,71,8758.0,38729.0,13916,33571,0.22613545405251878,0.2608799261267165
ChartQA/test/png/19773854001562.png,DRIP,336,336,11,73,2636.0,19763.0,14308,8091,0.13338055963163487,0.32579409220121125
ChartQA/test/png/19773854001562.png,Fixed,336,336,11,72,1243.0,20960.0,14112,8091,0.05930343511450382,0.153627487331603
ChartQA/test/png/19773854001562.png,PruneSID,336,336,11,71,2408.0,19599.0,13916,8091,0.12286341139854075,0.2976146335434433
ChartQA/test/png/26282467018528.png,DRIP,336,336,22,73,4144.0,24593.0,14308,14429,0.16850323262717035,0.28719939011712525
ChartQA/test/png/26282467018528.png,Fixed,336,336,22,72,1920.0,26621.0,14112,14429,0.07212351151346681,0.13306535449442095
ChartQA/test/png/26282467018528.png,PruneSID,336,336,22,71,5999.0,22346.0,13916,14429,0.2684596795847132,0.415759927922933
ChartQA/test/png/32315911008749.png,DRIP,336,336,22,73,4081.0,27372.0,14308,17145,0.14909396463539384,0.23802857976086322
ChartQA/test/png/32315911008749.png,Fixed,336,336,22,72,1954.0,29303.0,14112,17145,0.06668259222605194,0.11396908719743365
ChartQA/test/png/32315911008749.png,PruneSID,336,336,22,71,7004.0,24057.0,13916,17145,0.29114187138878495,0.4085156022163896
ChartQA/test/png/32511750001973.png,DRIP,336,336,20,73,3208.0,22308.0,14308,11208,0.14380491303568227,0.2862241256245539
ChartQA/test/png/32511750001973.png,Fixed,336,336,20,72,1458.0,23862.0,14112,11208,0.06110133266281116,0.13008565310492506
ChartQA/test/png/32511750001973.png,PruneSID,336,336,20,71,5307.0,19817.0,13916,11208,0.2678003734167634,0.4735010706638116
ChartQA/test/png/33677405003863.png,DRIP,336,336,16,73,4426.0,27374.0,14308,17492,0.1616862716446263,0.2530299565515664
ChartQA/test/png/33677405003863.png,Fixed,336,336,16,72,2179.0,29425.0,14112,17492,0.07405267629566695,0.12457123256345758
ChartQA/test/png/33677405003863.png,PruneSID,336,336,16,71,4456.0,26952.0,13916,17492,0.1653309587414663,0.2547450262977361
ChartQA/test/png/39067786005185.png,DRIP,336,336,16,73,4429.0,21157.0,14308,11278,0.20933969844495912,0.39271147366554354
ChartQA/test/png/39067786005185.png,Fixed,336,336,16,72,1555.0,23835.0,14112,11278,0.06524019299349695,0.13787905657031388
ChartQA/test/png/39067786005185.png,PruneSID,336,336,16,71,4007.0,21187.0,13916,11278,0.18912540708925285,0.35529349175385705
ChartQA/test/png/3960.png,DRIP,336,336,64,72,4971.0,45228.0,14112,36087,0.10990979039533033,0.1377504364452573
ChartQA/test/png/3960.png,Fixed,336,336,64,72,4580.0,45619.0,14112,36087,0.10039676450601723,0.1269155097403497
ChartQA/test/png/3960.png,PruneSID,336,336,64,71,8060.0,41943.0,13916,36087,0.19216555801921656,0.22334912849502592
ChartQA/test/png/4178.png,DRIP,336,336,17,72,1176.0,18737.0,14112,5801,0.0627635160377862,0.20272366833304603
ChartQA/test/png/4178.png,Fixed,336,336,17,72,684.0,19229.0,14112,5801,0.03557127255707525,0.1179107050508533
ChartQA/test/png/4178.png,PruneSID,336,336,17,71,1766.0,17951.0,13916,5801,0.098378920394407,0.3044302706429926
ChartQA/test/png/427.png,DRIP,336,336,54,73,4614.0,41232.0,14308,31538,0.11190337601862631,0.14629970194685776
ChartQA/test/png/427.png,Fixed,336,336,54,72,4153.0,41497.0,14112,31538,0.1000795238209991,0.13168241486460777
ChartQA/test/png/427.png,PruneSID,336,336,54,71,7416.0,38038.0,13916,31538,0.19496293180503707,0.23514490455957893
ChartQA/test/png/4643.png,DRIP,336,336,28,73,4265.0,27878.0,14308,17835,0.15298801922663033,0.23913652929632745
ChartQA/test/png/4643.png,Fixed,336,336,28,72,2307.0,29640.0,14112,17835,0.077834008097166,0.1293523969722456
ChartQA/test/png/4643.png,PruneSID,336,336,28,71,6920.0,24831.0,13916,17835,0.2786839031855342,0.38800112139052423
ChartQA/test/png/4735.png,DRIP,336,336,19,72,1827.0,23746.0,14112,11461,0.07693927398298661,0.1594101736323183
ChartQA/test/png/4735.png,Fixed,336,336,19,72,1857.0,23716.0,14112,11461,0.07830156856130882,0.162027746269959
ChartQA/test/png/4735.png,PruneSID,336,336,19,71,3428.0,21949.0,13916,11461,0.15618023600164016,0.2991013000610767
ChartQA/test/png/50565869004099.png,DRIP,336,336,15,73,4517.0,25292.0,14308,15501,0.17859402182508302,0.29140055480291593
ChartQA/test/png/50565869004099.png,Fixed,336,336,15,72,2366.0,27247.0,14112,15501,0.08683524791720189,0.1526353138507193
ChartQA/test/png/50565869004099.png,PruneSID,336,336,15,71,5810.0,23607.0,13916,15501,0.24611344092853815,0.37481452809496163
ChartQA/test/png/52159158000443.png,DRIP,336,336,15,73,3867.0,22640.0,14308,12199,0.17080388692579504,0.31699319616362
ChartQA/test/png/52159158000443.png,Fixed,336,336,15,72,1617.0,24694.0,14112,12199,0.06548149348019762,0.13255184851217314
ChartQA/test/png/52159158000443.png,PruneSID,336,336,15,71,4031.0,22084.0,13916,12199,0.18253033870675603,0.3304369210591032
ChartQA/test/png/56783352006090.png,DRIP,336,336,9,73,1261.0,17473.0,14308,4426,0.07216848852515309,0.2849073655671035
ChartQA/test/png/56783352006090.png,Fixed,336,336,9,72,668.0,17870.0,14112,4426,0.037381085618354785,0.1509263443289652
ChartQA/test/png/56783352006090.png,PruneSID,336,336,9,71,2280.0,16062.0,13916,4426,0.14194994396712737,0.5151378219611388
ChartQA/test/png/64690068017194.png,DRIP,336,336,22,72,4330.0,30737.0,14112,20955,0.1408725640108013,0.20663326175137198
ChartQA/test/png/64690068017194.png,Fixed,336,336,22,72,2651.0,32416.0,14112,20955,0.08178060217176703,0.12650918635170605
ChartQA/test/png/64690068017194.png,PruneSID,336,336,22,71,6196.0,28675.0,13916,20955,0.2160767218831735,0.2956812216654736
ChartQA/test/png/78465227007926.png,DRIP,336,336,25,73,4202.0,31207.0,14308,21101,0.13464927740571025,0.19913748163594142
ChartQA/test/png/78465227007926.png,Fixed,336,336,25,72,2515.0,32698.0,14112,21101,0.0769160193283993,0.11918866404435809
ChartQA/test/png/78465227007926.png,PruneSID,336,336,25,71,6592.0,28425.0,13916,21101,0.2319085312225154,0.31240225581725983
ChartQA/test/png/93336229007592.png,DRIP,336,336,19,73,4125.0,27252.0,14308,17069,0.15136503742844562,0.24166617845216473
ChartQA/test/png/93336229007592.png,Fixed,336,336,19,72,2502.0,28679.0,14112,17069,0.08724153561839673,0.1465815220575312
ChartQA/test/png/93336229007592.png,PruneSID,336,336,19,71,6229.0,24756.0,13916,17069,0.2516157699143642,0.36493057589782646
ChartQA/test/png/OECD_SAVING_RATE_BEL_MEX_000102.png,DRIP,336,336,2,73,0.0,14854.0,14308,546,0.0,0.0
ChartQA/test/png/OECD_SAVING_RATE_BEL_MEX_000102.png,Fixed,336,336,2,72,143.0,14515.0,14112,546,0.009851877368239751,0.2619047619047619
ChartQA/test/png/OECD_SAVING_RATE_BEL_MEX_000102.png,PruneSID,336,336,2,71,312.0,14150.0,13916,546,0.022049469964664312,0.5714285714285714
ChartQA/test/png/OECD_VIOLENCE_AGAINST_WOMEN_JAM_ZWE_000001.png,DRIP,336,336,3,73,1118.0,16351.0,14308,3161,0.0683750229343771,0.353685542549826
ChartQA/test/png/OECD_VIOLENCE_AGAINST_WOMEN_JAM_ZWE_000001.png,Fixed,336,336,3,72,364.0,16909.0,14112,3161,0.021526997456975575,0.11515343245808289
ChartQA/test/png/OECD_VIOLENCE_AGAINST_WOMEN_JAM_ZWE_000001.png,PruneSID,336,336,3,71,1509.0,15568.0,13916,3161,0.09692959917780061,0.4773805757671623
ChartQA/test/png/multi_col_100190.png,DRIP,336,336,23,72,1837.0,24342.0,14112,12067,0.07546627228658286,0.15223336371923427
ChartQA/test/png/multi_col_100190.png,Fixed,336,336,23,72,1951.0,24228.0,14112,12067,0.080526663364702,0.16168061655755367
ChartQA/test/png/multi_col_100190.png,PruneSID,336,336,23,71,3507.0,22476.0,13916,12067,0.15603310197544046,0.29062733073672
ChartQA/test/png/multi_col_100264.png,DRIP,336,336,5,72,513.0,16481.0,14112,2882,0.031126752017474668,0.17800138792505205
ChartQA/test/png/multi_col_100264.png,Fixed,336,336,5,72,364.0,16630.0,14112,2882,0.021888153938665063,0.12630117973629423
ChartQA/test/png/multi_col_100264.png,PruneSID,336,336,5,71,1205.0,15593.0,13916,2882,0.07727826588853973,0.4181124219292158
ChartQA/test/png/multi_col_1009.png,DRIP,336,336,27,72,1234.0,22265.0,14112,9387,0.05542331012800359,0.13145839991477576
ChartQA/test/png/multi_col_1009.png,Fixed,336,336,27,72,1867.0,21632.0,14112,9387,0.0863073224852071,0.19889208479812506
ChartQA/test/png/multi_col_1009.png,PruneSID,336,336,27,71,2678.0,20625.0,13916,9387,0.12984242424242423,0.28528816448279537
ChartQA/test/png/multi_col_100960.png,DRIP,336,336,13,72,30.0,16791.0,14112,2709,0.0017866714311238164,0.01107419712070875
ChartQA/test/png/multi_col_100960.png,Fixed,336,336,13,72,378.0,16443.0,14112,2709,0.022988505747126436,0.13953488372093023
ChartQA/test/png/multi_col_100960.png,PruneSID,336,336,13,71,262.0,16363.0,13916,2709,0.016011733789647375,0.09671465485418974
ChartQA/test/png/multi_col_101208.png,DRIP,336,336,20,72,297.0,20531.0,14112,6716,0.01446592956991866,0.04422275163787969
ChartQA/test/png/multi_col_101208.png,Fixed,336,336,20,72,559.0,20269.0,14112,6716,0.027579061621194927,0.08323406789755806
ChartQA/test/png/multi_col_101208.png,PruneSID,336,336,20,71,1752.0,18880.0,13916,6716,0.09279661016949152,0.2608695652173913
ChartQA/test/png/multi_col_103.png,DRIP,336,336,7,72,712.0,16754.0,14112,3354,0.042497314074250926,0.21228384019081695
ChartQA/test/png/multi_col_103.png,Fixed,336,336,7,72,407.0,17059.0,14112,3354,0.023858373878890907,0.12134764460345855
ChartQA/test/png/multi_col_103.png,PruneSID,336,336,7,71,1361.0,15909.0,13916,3354,0.08554906028034445,0.4057841383422779
ChartQA/test/png/multi_col_1303.png,DRIP,336,336,16,72,749.0,19009.0,14112,5646,0.03940238834236414,0.13266029047113
ChartQA/test/png/multi_col_1303.png,Fixed,336,336,16,72,839.0,18919.0,14112,5646,0.04434695279877372,0.1486007793127878
ChartQA/test/png/multi_col_1303.png,PruneSID,336,336,16,71,1910.0,17652.0,13916,5646,0.10820303648311806,0.3382925965285158
ChartQA/test/png/multi_col_20159.png,DRIP,336,336,6,72,960.0,16883.0,14112,3731,0.05686193212106853,0.2573036719378183
ChartQA/test/png/multi_col_20159.png,Fixed,336,336,6,72,518.0,17325.0,14112,3731,0.0298989898989899,0.13883677298311445
ChartQA/test/png/multi_col_20159.png,PruneSID,336,336,6,71,1506.0,16141.0,13916,3731,0.0933027693451459,0.40364513535245244
ChartQA/test/png/multi_col_20387.png,DRIP,336,336,25,72,537.0,22641.0,14112,9066,0.023718033655757254,0.05923229649238915
ChartQA/test/png/multi_col_20387.png,Fixed,336,336,25,72,916.0,22262.0,14112,9066,0.041146348037013745,0.10103684094418708
ChartQA/test/png/multi_col_20387.png,PruneSID,336,336,25,71,2969.0,20013.0,13916,9066,0.1483535701793834,0.32748731524376795
ChartQA/test/png/multi_col_20452.png,DRIP,336,336,34,72,1019.0,25457.0,14112,12364,0.04002828298699768,0.08241669362665804
ChartQA/test/png/multi_col_20452.png,Fixed,336,336,34,72,1349.0,25127.0,14112,12364,0.05368726867513034,0.10910708508573277
ChartQA/test/png/multi_col_20452.png,PruneSID,336,336,34,71,2504.0,23776.0,13916,12364,0.10531628532974428,0.20252345519249434
ChartQA/test/png/multi_col_40871.png,DRIP,336,336,19,72,900.0,18998.0,14112,5786,0.04737340772712917,0.1555478741790529
ChartQA/test/png/multi_col_40871.png,Fixed,336,336,19,72,537.0,19361.0,14112,5786,0.027736170652342337,0.09281023159350156
ChartQA/test/png/multi_col_40871.png,PruneSID,336,336,19,71,1772.0,17930.0,13916,5786,0.09882877858337981,0.3062564811614241
ChartQA/test/png/multi_col_41003.png,DRIP,336,336,8,72,820.0,18460.0,14112,5168,0.044420368364030335,0.1586687306501548
ChartQA/test/png/multi_col_41003.png,Fixed,336,336,8,72,585.0,18695.0,14112,5168,0.031291789248462154,0.11319659442724458
ChartQA/test/png/multi_col_41003.png,PruneSID,336,336,8,71,1576.0,17508.0,13916,5168,0.09001599268905643,0.30495356037151705
ChartQA/test/png/multi_col_60150.png,DRIP,336,336,17,72,586.0,18065.0,14112,4539,0.032438416828120674,0.129103326723948
ChartQA/test/png/multi_col_60150.png,Fixed,336,336,17,72,692.0,17959.0,14112,4539,0.038532212261261765,0.15245648821326283
ChartQA/test/png/multi_col_60150.png,PruneSID,336,336,17,71,1120.0,17335.0,13916,4539,0.06460917219498125,0.2467503855474774
ChartQA/test/png/multi_col_60240.png,DRIP,336,336,7,72,1003.0,17071.0,14112,3962,0.058754613086521,0.25315497223624434
ChartQA/test/png/multi_col_60240.png,Fixed,336,336,7,72,615.0,17459.0,14112,3962,0.03522538518815511,0.1552246340232206
ChartQA/test/png/multi_col_60240.png,PruneSID,336,336,7,71,1669.0,16209.0,13916,3962,0.10296748719846999,0.42125189298334176
ChartQA/test/png/multi_col_60502.png,DRIP,336,336,4,72,787.0,15328.0,14112,2003,0.05134394572025052,0.3929106340489266
ChartQA/test/png/multi_col_60502.png,Fixed,336,336,4,72,232.0,15883.0,14112,2003,0.01460681231505383,0.11582626060908637
ChartQA/test/png/multi_col_60502.png,PruneSID,336,336,4,71,1078.0,14841.0,13916,2003,0.0726366147833704,0.5381927109335995
ChartQA/test/png/multi_col_60831.png,DRIP,336,336,9,72,603.0,17395.0,14112,3886,0.034665133659097444,0.15517241379310345
ChartQA/test/png/multi_col_60831.png,Fixed,336,336,9,72,404.0,17594.0,14112,3886,0.022962373536432875,0.10396294390118374
ChartQA/test/png/multi_col_60831.png,PruneSID,336,336,9,71,1778.0,16024.0,13916,3886,0.11095856215676485,0.45753988677303137
ChartQA/test/png/multi_col_80270.png,DRIP,336,336,13,73,901.0,19445.0,14308,6038,0.04633581897660067,0.14922159655515072
ChartQA/test/png/multi_col_80270.png,Fixed,336,336,13,72,995.0,19155.0,14112,6038,0.05194466196815453,0.16478966545213647
ChartQA/test/png/multi_col_80270.png,PruneSID,336,336,13,71,1826.0,18128.0,13916,6038,0.10072815533980582,0.3024180192116595
ChartQA/test/png/multi_col_852.png,DRIP,336,336,5,73,610.0,15075.0,14308,1377,0.04046434494195688,0.4429920116194626
ChartQA/test/png/multi_col_852.png,Fixed,336,336,5,72,172.0,15317.0,14112,1377,0.011229353006463407,0.12490922294843863
ChartQA/test/png/multi_col_852.png,PruneSID,336,336,5,71,881.0,14412.0,13916,1377,0.06112961421038024,0.6397966594045026
ChartQA/test/png/multi_col_959.png,DRIP,336,336,40,72,1226.0,26398.0,14112,13512,0.04644291234184408,0.09073416222616933
ChartQA/test/png/multi_col_959.png,Fixed,336,336,40,72,1338.0,26286.0,14112,13512,0.05090162063455832,0.09902309058614565
ChartQA/test/png/multi_col_959.png,PruneSID,336,336,40,71,2689.0,24739.0,13916,13512,0.10869477343465783,0.19900828892835998
ChartQA/test/png/two_col_100025.png,DRIP,336,336,9,72,786.0,19282.0,14112,5956,0.040763406285655016,0.13196776359973136
ChartQA/test/png/two_col_100025.png,Fixed,336,336,9,72,903.0,19165.0,14112,5956,0.04711714062092356,0.15161182001343185
ChartQA/test/png/two_col_100025.png,PruneSID,336,336,9,71,3090.0,16782.0,13916,5956,0.1841258491240615,0.5188045668233714
ChartQA/test/png/two_col_100193.png,DRIP,336,336,15,72,306.0,20961.0,14112,7155,0.014598540145985401,0.042767295597484274
ChartQA/test/png/two_col_100193.png,Fixed,336,336,15,72,936.0,20331.0,14112,7155,0.046038069942452416,0.13081761006289308
ChartQA/test/png/two_col_100193.png,PruneSID,336,336,15,71,1627.0,19444.0,13916,7155,0.0836761983131043,0.22739343116701607
ChartQA/test/png/two_col_100878.png,DRIP,336,336,0,72,,,14112,0,,
ChartQA/test/png/two_col_100878.png,Fixed,336,336,0,72,,,14112,0,,
ChartQA/test/png/two_col_100878.png,PruneSID,336,336,0,71,,,13916,0,,
ChartQA/test/png/two_col_101140.png,DRIP,336,336,13,72,1105.0,17534.0,14112,4527,0.06302041747462074,0.24409100949856416
ChartQA/test/png/two_col_101140.png,Fixed,336,336,13,72,529.0,18110.0,14112,4527,0.02921038100496963,0.11685442898166556
ChartQA/test/png/two_col_101140.png,PruneSID,336,336,13,71,2204.0,16239.0,13916,4527,0.1357226430198904,0.48685663795007733
ChartQA/test/png/two_col_101214.png,DRIP,336,336,5,72,0.0,15907.0,14112,1795,0.0,0.0
ChartQA/test/png/two_col_101214.png,Fixed,336,336,5,72,442.0,15465.0,14112,1795,0.028580666020045265,0.24623955431754874
ChartQA/test/png/two_col_101214.png,PruneSID,336,336,5,71,992.0,14719.0,13916,1795,0.06739588287247775,0.5526462395543176
ChartQA/test/png/two_col_101527.png,DRIP,336,336,4,72,524.0,15381.0,14112,1793,0.03406800598140563,0.29224762967094253
ChartQA/test/png/two_col_101527.png,Fixed,336,336,4,72,220.0,15685.0,14112,1793,0.014026139623844438,0.12269938650306748
ChartQA/test/png/two_col_101527.png,PruneSID,336,336,4,71,1188.0,14521.0,13916,1793,0.08181254734522415,0.6625766871165644
ChartQA/test/png/two_col_102416.png,DRIP,336,336,10,72,492.0,16062.0,14112,2442,0.030631303698169594,0.20147420147420148
ChartQA/test/png/two_col_102416.png,Fixed,336,336,10,72,363.0,16191.0,14112,2442,0.022419862886788957,0.14864864864864866
ChartQA/test/png/two_col_102416.png,PruneSID,336,336,10,71,1091.0,15267.0,13916,2442,0.07146132180520076,0.44676494676494677
ChartQA/test/png/two_col_103718.png,DRIP,336,336,11,72,416.0,16325.0,14112,2629,0.02548238897396631,0.1582350703689616
ChartQA/test/png/two_col_103718.png,Fixed,336,336,11,72,429.0,16312.0,14112,2629,0.02629965669445807,0.16317991631799164
ChartQA/test/png/two_col_103718.png,PruneSID,336,336,11,71,1037.0,15508.0,13916,2629,0.06686871292236266,0.39444655762647396
ChartQA/test/png/two_col_104683.png,DRIP,336,336,14,72,518.0,17004.0,14112,3410,0.030463420371677253,0.15190615835777127
ChartQA/test/png/two_col_104683.png,Fixed,336,336,14,72,418.0,17104.0,14112,3410,0.024438727782974744,0.12258064516129032
ChartQA/test/png/two_col_104683.png,PruneSID,336,336,14,71,997.0,16329.0,13916,3410,0.061057015126462125,0.29237536656891494
ChartQA/test/png/two_col_117.png,DRIP,336,336,8,72,649.0,16257.0,14112,2794,0.03992126468598142,0.23228346456692914
ChartQA/test/png/two_col_117.png,Fixed,336,336,8,72,356.0,16550.0,14112,2794,0.02151057401812689,0.12741589119541877
ChartQA/test/png/two_col_117.png,PruneSID,336,336,8,71,1131.0,15579.0,13916,2794,0.07259772771037935,0.40479599141016465
ChartQA/test/png/two_col_1497.png,DRIP,336,336,11,72,964.0,16944.0,14112,3796,0.056893295561850805,0.25395152792413067
ChartQA/test/png/two_col_1497.png,Fixed,336,336,11,72,165.0,17743.0,14112,3796,0.009299442033477991,0.043466807165437306
ChartQA/test/png/two_col_1497.png,PruneSID,336,336,11,71,1815.0,15897.0,13916,3796,0.11417248537459898,0.4781348788198103
ChartQA/test/png/two_col_1811.png,DRIP,336,336,4,72,61.0,15736.0,14112,1685,0.0038764616166751397,0.03620178041543027
ChartQA/test/png/two_col_1811.png,Fixed,336,336,4,72,0.0,15797.0,14112,1685,0.0,0.0
ChartQA/test/png/two_col_1811.png,PruneSID,336,336,4,71,327.0,15274.0,13916,1685,0.021408930208196935,0.1940652818991098
ChartQA/test/png/two_col_1825.png,DRIP,336,336,11,72,400.0,16605.0,14112,2893,0.02408912978018669,0.13826477704804702
ChartQA/test/png/two_col_1825.png,Fixed,336,336,11,72,539.0,16466.0,14112,2893,0.03273411879023442,0.18631178707224336
ChartQA/test/png/two_col_1825.png,PruneSID,336,336,11,71,904.0,15905.0,13916,2893,0.056837472492926755,0.31247839612858624
ChartQA/test/png/two_col_20485.png,DRIP,336,336,5,72,297.0,15014.0,14112,1199,0.019781537231916876,0.24770642201834864
ChartQA/test/png/two_col_20485.png,Fixed,336,336,5,72,220.0,15091.0,14112,1199,0.014578225432376914,0.1834862385321101
ChartQA/test/png/two_col_20485.png,PruneSID,336,336,5,71,649.0,14466.0,13916,1199,0.04486381860915249,0.5412844036697247
ChartQA/test/png/two_col_2055.png,DRIP,336,336,2,72,33.0,14797.0,14112,718,0.002230181793606812,0.04596100278551532
ChartQA/test/png/two_col_2055.png,Fixed,336,336,2,72,13.0,14817.0,14112,718,0.0008773705878382938,0.018105849582172703
ChartQA/test/png/two_col_2055.png,PruneSID,336,336,2,71,215.0,14419.0,13916,718,0.0149108814758305,0.2994428969359331
ChartQA/test/png/two_col_20719.png,DRIP,336,336,21,72,306.0,20305.0,14112,6499,0.015070179758680129,0.047084166794891524
ChartQA/test/png/two_col_20719.png,Fixed,336,336,21,72,812.0,19799.0,14112,6499,0.04101217233193596,0.12494229881520234
ChartQA/test/png/two_col_20719.png,PruneSID,336,336,21,71,2479.0,17936.0,13916,6499,0.13821364852809992,0.38144329896907214
ChartQA/test/png/two_col_21522.png,DRIP,336,336,10,72,437.0,16183.0,14112,2508,0.027003645801149355,0.17424242424242425
ChartQA/test/png/two_col_21522.png,Fixed,336,336,10,72,495.0,16125.0,14112,2508,0.030697674418604652,0.19736842105263158
ChartQA/test/png/two_col_21522.png,PruneSID,336,336,10,71,1248.0,15176.0,13916,2508,0.08223510806536637,0.49760765550239233
ChartQA/test/png/two_col_21737.png,DRIP,336,336,14,72,509.0,17453.0,14112,3850,0.02916404056609179,0.13220779220779222
ChartQA/test/png/two_col_21737.png,Fixed,336,336,14,72,319.0,17643.0,14112,3850,0.018080825256475655,0.08285714285714285
ChartQA/test/png/two_col_21737.png,PruneSID,336,336,14,71,1752.0,16014.0,13916,3850,0.10940427126264518,0.45506493506493506
ChartQA/test/png/two_col_22250.png,DRIP,336,336,14,72,538.0,17039.0,14112,3465,0.03157462292388051,0.15526695526695528
ChartQA/test/png/two_col_22250.png,Fixed,336,336,14,72,341.0,17236.0,14112,3465,0.019784172661870502,0.09841269841269841
ChartQA/test/png/two_col_22250.png,PruneSID,336,336,14,71,1105.0,16276.0,13916,3465,0.06789137380191693,0.3189033189033189
ChartQA/test/png/two_col_22287.png,DRIP,336,336,15,72,463.0,17532.0,14112,3883,0.02640885238421173,0.11923770280710791
ChartQA/test/png/two_col_22287.png,Fixed,336,336,15,72,592.0,17403.0,14112,3883,0.0340171234844567,0.15245943857841876
ChartQA/test/png/two_col_22287.png,PruneSID,336,336,15,71,1575.0,16224.0,13916,3883,0.09707840236686391,0.4056142158125161
ChartQA/test/png/two_col_22364.png,DRIP,336,336,6,72,398.0,15496.0,14112,1782,0.025684047496128033,0.22334455667789002
ChartQA/test/png/two_col_22364.png,Fixed,336,336,6,72,286.0,15608.0,14112,1782,0.018323936442849822,0.16049382716049382
ChartQA/test/png/two_col_22364.png,PruneSID,336,336,6,71,953.0,14745.0,13916,1782,0.06463207867073584,0.5347923681257014
ChartQA/test/png/two_col_22387.png,DRIP,336,336,20,72,601.0,19393.0,14112,5882,0.030990563605424636,0.10217613056783408
ChartQA/test/png/two_col_22387.png,Fixed,336,336,20,72,704.0,19290.0,14112,5882,0.03649559357179886,0.11968718123087385
ChartQA/test/png/two_col_22387.png,PruneSID,336,336,20,71,1842.0,17956.0,13916,5882,0.1025840944531076,0.31315878952737164
ChartQA/test/png/two_col_22832.png,DRIP,336,336,6,72,91.0,16551.0,14112,2530,0.00549815721104465,0.03596837944664032
ChartQA/test/png/two_col_22832.png,Fixed,336,336,6,72,319.0,16323.0,14112,2530,0.01954297616859646,0.12608695652173912
ChartQA/test/png/two_col_22832.png,PruneSID,336,336,6,71,1144.0,15302.0,13916,2530,0.07476146908900798,0.45217391304347826
ChartQA/test/png/two_col_23276.png,DRIP,336,336,4,72,54.0,15168.0,14112,1110,0.003560126582278481,0.04864864864864865
ChartQA/test/png/two_col_23276.png,Fixed,336,336,4,72,178.0,15044.0,14112,1110,0.011831959585216698,0.16036036036036036
ChartQA/test/png/two_col_23276.png,PruneSID,336,336,4,71,147.0,14879.0,13916,1110,0.009879696216143558,0.13243243243243244
ChartQA/test/png/two_col_23773.png,DRIP,336,336,16,72,1332.0,18277.0,14112,5497,0.07287848115117361,0.24231398944879026
ChartQA/test/png/two_col_23773.png,Fixed,336,336,16,72,1024.0,18585.0,14112,5497,0.05509819747107883,0.18628342732399492
ChartQA/test/png/two_col_23773.png,PruneSID,336,336,16,71,3304.0,16109.0,13916,5497,0.2051027376000993,0.6010551209750773
ChartQA/test/png/two_col_23924.png,DRIP,336,336,9,72,532.0,15989.0,14112,2409,0.03327287510163237,0.22083852220838524
ChartQA/test/png/two_col_23924.png,Fixed,336,336,9,72,396.0,16125.0,14112,2409,0.02455813953488372,0.1643835616438356
ChartQA/test/png/two_col_23924.png,PruneSID,336,336,9,71,1208.0,15117.0,13916,2409,0.07991003505986638,0.5014528850145289
ChartQA/test/png/two_col_24074.png,DRIP,336,336,11,72,567.0,17292.0,14112,3747,0.03278972935461485,0.1513210568454764
ChartQA/test/png/two_col_24074.png,Fixed,336,336,11,72,745.0,17114.0,14112,3747,0.043531611546102605,0.19882572724846545
ChartQA/test/png/two_col_24074.png,PruneSID,336,336,11,71,2047.0,15616.0,13916,3747,0.13108350409836064,0.5463037096343741
ChartQA/test/png/two_col_24134.png,DRIP,336,336,9,72,331.0,16442.0,14112,2661,0.020131370879455053,0.12438932732055619
ChartQA/test/png/two_col_24134.png,Fixed,336,336,9,72,215.0,16558.0,14112,2661,0.012984659983089746,0.08079669297256671
ChartQA/test/png/two_col_24134.png,PruneSID,336,336,9,71,1198.0,15379.0,13916,2661,0.07789843292801872,0.45020668921458096
ChartQA/test/png/two_col_24274.png,DRIP,336,336,7,72,328.0,16311.0,14112,2527,0.020109128808779353,0.1297981796596755
ChartQA/test/png/two_col_24274.png,Fixed,336,336,7,72,414.0,16225.0,14112,2527,0.02551617873651772,0.16383062920459043
ChartQA/test/png/two_col_24274.png,PruneSID,336,336,7,71,1522.0,14921.0,13916,2527,0.1020038871389317,0.6022952117134943
ChartQA/test/png/two_col_24431.png,DRIP,336,336,4,73,136.0,15875.0,14308,1703,0.008566929133858267,0.07985907222548444
ChartQA/test/png/two_col_24431.png,Fixed,336,336,4,72,63.0,15752.0,14112,1703,0.003999492127983748,0.0369935408103347
ChartQA/test/png/two_col_24431.png,PruneSID,336,336,4,71,421.0,15198.0,13916,1703,0.02770101329122253,0.24721080446271285
ChartQA/test/png/two_col_24561.png,DRIP,336,336,1,72,664.0,14527.0,14112,1079,0.045707992014868866,0.6153846153846154
ChartQA/test/png/two_col_24561.png,Fixed,336,336,1,72,182.0,15009.0,14112,1079,0.012126057698714105,0.1686746987951807
ChartQA/test/png/two_col_24561.png,PruneSID,336,336,1,71,1021.0,13974.0,13916,1079,0.07306426220123086,0.9462465245597775
ChartQA/test/png/two_col_3365.png,DRIP,336,336,19,72,1288.0,19318.0,14112,6494,0.06667356869241123,0.1983369263935941
ChartQA/test/png/two_col_3365.png,Fixed,336,336,19,72,626.0,19980.0,14112,6494,0.031331331331331334,0.09639667385278719
ChartQA/test/png/two_col_3365.png,PruneSID,336,336,19,71,2563.0,17847.0,13916,6494,0.143609570235894,0.3946720049276255
ChartQA/test/png/two_col_3712.png,DRIP,336,336,8,72,670.0,15532.0,14112,2090,0.043136749935616794,0.32057416267942584
ChartQA/test/png/two_col_3712.png,Fixed,336,336,8,72,154.0,16048.0,14112,2090,0.009596211365902293,0.07368421052631578
ChartQA/test/png/two_col_3712.png,PruneSID,336,336,8,71,854.0,15152.0,13916,2090,0.05636219640971489,0.40861244019138754
ChartQA/test/png/two_col_40195.png,DRIP,336,336,16,72,94.0,18866.0,14112,4848,0.004982508215838015,0.019389438943894388
ChartQA/test/png/two_col_40195.png,Fixed,336,336,16,72,930.0,18030.0,14112,4848,0.051580698835274545,0.19183168316831684
ChartQA/test/png/two_col_40195.png,PruneSID,336,336,16,71,2055.0,16709.0,13916,4848,0.12298761146687413,0.4238861386138614
ChartQA/test/png/two_col_4020.png,DRIP,336,336,4,72,9.0,15441.0,14112,1338,0.0005828638041577618,0.006726457399103139
ChartQA/test/png/two_col_4020.png,Fixed,336,336,4,72,90.0,15360.0,14112,1338,0.005859375,0.06726457399103139
ChartQA/test/png/two_col_4020.png,PruneSID,336,336,4,71,227.0,15027.0,13916,1338,0.015106142277234311,0.1696562032884903
ChartQA/test/png/two_col_40213.png,DRIP,336,336,10,72,493.0,16083.0,14112,2464,0.030653485046322204,0.20008116883116883
ChartQA/test/png/two_col_40213.png,Fixed,336,336,10,72,385.0,16191.0,14112,2464,0.023778642455685256,0.15625
ChartQA/test/png/two_col_40213.png,PruneSID,336,336,10,71,1183.0,15197.0,13916,2464,0.07784431137724551,0.48011363636363635
ChartQA/test/png/two_col_40936.png,DRIP,336,336,3,72,441.0,14980.0,14112,1309,0.029439252336448597,0.33689839572192515
ChartQA/test/png/two_col_40936.png,Fixed,336,336,3,72,154.0,15267.0,14112,1309,0.010087116001834021,0.11764705882352941
ChartQA/test/png/two_col_40936.png,PruneSID,336,336,3,71,1034.0,14191.0,13916,1309,0.0728630822352195,0.7899159663865546
ChartQA/test/png/two_col_4148.png,DRIP,336,336,8,72,119.0,16593.0,14112,2600,0.007171698909178569,0.04576923076923077
ChartQA/test/png/two_col_4148.png,Fixed,336,336,8,72,0.0,16712.0,14112,2600,0.0,0.0
ChartQA/test/png/two_col_4148.png,PruneSID,336,336,8,71,1169.0,15347.0,13916,2600,0.0761712386785691,0.44961538461538464
ChartQA/test/png/two_col_42656.png,DRIP,336,336,10,72,174.0,16786.0,14112,2848,0.010365781007982843,0.061095505617977525
ChartQA/test/png/two_col_42656.png,Fixed,336,336,10,72,402.0,16558.0,14112,2848,0.024278294480009663,0.14115168539325842
ChartQA/test/png/two_col_42656.png,PruneSID,336,336,10,71,1061.0,15703.0,13916,2848,0.06756670699866267,0.37254213483146065
ChartQA/test/png/two_col_42809.png,DRIP,336,336,6,72,588.0,14976.0,14112,1452,0.03926282051282051,0.4049586776859504
ChartQA/test/png/two_col_42809.png,Fixed,336,336,6,72,0.0,15564.0,14112,1452,0.0,0.0
ChartQA/test/png/two_col_42809.png,PruneSID,336,336,6,71,705.0,14663.0,13916,1452,0.04808020186864898,0.4855371900826446
ChartQA/test/png/two_col_42876.png,DRIP,336,336,10,72,451.0,17113.0,14112,3452,0.026354233623561034,0.130648899188876
ChartQA/test/png/two_col_42876.png,Fixed,336,336,10,72,606.0,16958.0,14112,3452,0.03573534614931006,0.17555040556199306
ChartQA/test/png/two_col_42876.png,PruneSID,336,336,10,71,1473.0,15895.0,13916,3452,0.0926706511481598,0.42670915411355737
ChartQA/test/png/two_col_4371.png,DRIP,336,336,8,72,453.0,15551.0,14112,1892,0.02912995948813581,0.2394291754756871
ChartQA/test/png/two_col_4371.png,Fixed,336,336,8,72,253.0,15751.0,14112,1892,0.01606247222398578,0.13372093023255813
ChartQA/test/png/two_col_4371.png,PruneSID,336,336,8,71,859.0,14949.0,13916,1892,0.057462037594487925,0.4540169133192389
ChartQA/test/png/two_col_43770.png,DRIP,336,336,12,72,508.0,16530.0,14112,2926,0.03073200241984271,0.17361585782638414
ChartQA/test/png/two_col_43770.png,Fixed,336,336,12,72,407.0,16631.0,14112,2926,0.024472370873669654,0.13909774436090225
ChartQA/test/png/two_col_43770.png,PruneSID,336,336,12,71,1131.0,15711.0,13916,2926,0.0719877792629368,0.3865345181134655
ChartQA/test/png/two_col_4585.png,DRIP,336,336,4,72,0.0,15369.0,14112,1257,0.0,0.0
ChartQA/test/png/two_col_4585.png,Fixed,336,336,4,72,66.0,15303.0,14112,1257,0.004312879827484807,0.05250596658711217
ChartQA/test/png/two_col_4585.png,PruneSID,336,336,4,71,303.0,14870.0,13916,1257,0.020376597175521184,0.24105011933174225
ChartQA/test/png/two_col_464.png,DRIP,336,336,3,72,335.0,15394.0,14112,1617,0.021761725347538,0.20717377860235003
ChartQA/test/png/two_col_464.png,Fixed,336,336,3,72,154.0,15575.0,14112,1617,0.009887640449438202,0.09523809523809523
ChartQA/test/png/two_col_464.png,PruneSID,336,336,3,71,918.0,14615.0,13916,1617,0.06281217926787547,0.5677179962894249
ChartQA/test/png/two_col_474.png,DRIP,336,336,4,72,153.0,15043.0,14112,1084,0.010170843581732368,0.1411439114391144
ChartQA/test/png/two_col_474.png,Fixed,336,336,4,72,163.0,15033.0,14112,1084,0.0108428124792124,0.1503690036900369
ChartQA/test/png/two_col_474.png,PruneSID,336,336,4,71,928.0,14072.0,13916,1084,0.06594656054576464,0.8560885608856088
ChartQA/test/png/two_col_4872.png,DRIP,336,336,12,72,588.0,19670.0,14112,6146,0.0298932384341637,0.09567198177676538
ChartQA/test/png/two_col_4872.png,Fixed,336,336,12,72,503.0,19755.0,14112,6146,0.02546190837762592,0.08184184835665473
ChartQA/test/png/two_col_4872.png,PruneSID,336,336,12,71,1953.0,18109.0,13916,6146,0.10784692694240433,0.31776765375854216
ChartQA/test/png/two_col_5155.png,DRIP,336,336,1,72,12.0,14507.0,14112,407,0.0008271868753015786,0.029484029484029485
ChartQA/test/png/two_col_5155.png,Fixed,336,336,1,72,55.0,14464.0,14112,407,0.0038025442477876105,0.13513513513513514
ChartQA/test/png/two_col_5155.png,PruneSID,336,336,1,71,34.0,14289.0,13916,407,0.0023794527258730494,0.08353808353808354
ChartQA/test/png/two_col_5244.png,DRIP,336,336,11,72,607.0,16244.0,14112,2739,0.03736764343757695,0.22161372763782403
ChartQA/test/png/two_col_5244.png,Fixed,336,336,11,72,275.0,16576.0,14112,2739,0.016590250965250967,0.10040160642570281
ChartQA/test/png/two_col_5244.png,PruneSID,336,336,11,71,729.0,15926.0,13916,2739,0.04577420570136883,0.2661555312157722
ChartQA/test/png/two_col_5445.png,DRIP,336,336,22,72,1864.0,23182.0,14112,10934,0.08040721249245104,0.17047740991402963
ChartQA/test/png/two_col_5445.png,Fixed,336,336,22,72,1703.0,23343.0,14112,10934,0.07295548986848306,0.15575269800621913
ChartQA/test/png/two_col_5445.png,PruneSID,336,336,22,71,4823.0,20027.0,13916,10934,0.24082488640335548,0.441101152368758
ChartQA/test/png/two_col_61362.png,DRIP,336,336,8,72,546.0,15634.0,14112,2068,0.034923883842906484,0.2640232108317215
ChartQA/test/png/two_col_61362.png,Fixed,336,336,8,72,220.0,15960.0,14112,2068,0.013784461152882205,0.10638297872340426
ChartQA/test/png/two_col_61362.png,PruneSID,336,336,8,71,939.0,15045.0,13916,2068,0.062412761714855436,0.45406189555125726
ChartQA/test/png/two_col_61646.png,DRIP,336,336,1,72,0.0,14409.0,14112,297,0.0,0.0
ChartQA/test/png/two_col_61646.png,Fixed,336,336,1,72,0.0,14409.0,14112,297,0.0,0.0
ChartQA/test/png/two_col_61646.png,PruneSID,336,336,1,71,0.0,14213.0,13916,297,0.0,0.0
ChartQA/test/png/two_col_66.png,DRIP,336,336,10,72,977.0,17153.0,14112,4018,0.056957966536465926,0.24315579890492783
ChartQA/test/png/two_col_66.png,Fixed,336,336,10,72,592.0,17538.0,14112,4018,0.03375527426160337,0.14733698357391736
ChartQA/test/png/two_col_66.png,PruneSID,336,336,10,71,1989.0,15945.0,13916,4018,0.12474129821260584,0.4950223992035839
ChartQA/test/png/two_col_80646.png,DRIP,336,336,8,72,378.0,15868.0,14112,2134,0.02382152760272246,0.17713214620431114
ChartQA/test/png/two_col_80646.png,Fixed,336,336,8,72,275.0,15971.0,14112,2134,0.017218708909899193,0.12886597938144329
ChartQA/test/png/two_col_80646.png,PruneSID,336,336,8,71,1411.0,14639.0,13916,2134,0.09638636518887903,0.6611996251171509
ChartQA/test/png/two_col_80717.png,DRIP,336,336,12,72,379.0,16703.0,14112,2970,0.022690534634496797,0.12760942760942762
ChartQA/test/png/two_col_80717.png,Fixed,336,336,12,72,363.0,16719.0,14112,2970,0.021711824869908487,0.12222222222222222
ChartQA/test/png/two_col_80717.png,PruneSID,336,336,12,71,1341.0,15545.0,13916,2970,0.0862656802830492,0.45151515151515154
ChartQA/test/png/two_col_81125.png,DRIP,336,336,8,72,806.0,17247.0,14112,3941,0.04673276511857134,0.20451662014717076
ChartQA/test/png/two_col_81125.png,Fixed,336,336,8,72,765.0,17288.0,14112,3941,0.044250347061545584,0.19411316924638417
ChartQA/test/png/two_col_81125.png,PruneSID,336,336,8,71,2232.0,15625.0,13916,3941,0.142848,0.5663537173306268
ChartQA/test/png/two_col_959.png,DRIP,336,336,7,73,188.0,16412.0,14308,2292,0.011455032902754082,0.08202443280977312
ChartQA/test/png/two_col_959.png,Fixed,336,336,7,72,119.0,16285.0,14112,2292,0.007307338041142156,0.051919720767888304
ChartQA/test/png/two_col_959.png,PruneSID,336,336,7,71,846.0,15362.0,13916,2292,0.05507095430282515,0.36910994764397903
ESTVQA/images/train/011379.jpg,DRIP,336,336,3,72,1141.0,15318.0,14112,2347,0.07448753100927014,0.48615253515125695
ESTVQA/images/train/011379.jpg,Fixed,336,336,3,72,392.0,16067.0,14112,2347,0.024397834069832577,0.1670217298679165
ESTVQA/images/train/011379.jpg,PruneSID,336,336,3,71,1640.0,14623.0,13916,2347,0.11215208917458798,0.6987643800596506
ESTVQA/images/train/011382.jpg,DRIP,336,336,1,73,5096.0,21023.0,14308,11811,0.24240117966037197,0.43146219625772586
ESTVQA/images/train/011382.jpg,Fixed,336,336,1,72,1834.0,24089.0,14112,11811,0.07613433517373075,0.1552789772246211
ESTVQA/images/train/011382.jpg,PruneSID,336,336,1,71,2340.0,23387.0,13916,11811,0.1000555864369094,0.19812039624079247
ESTVQA/images/train/011384.jpg,DRIP,336,336,1,73,992.0,15596.0,14308,2280,0.06360605283406001,0.43508771929824563
ESTVQA/images/train/011384.jpg,Fixed,336,336,1,72,418.0,15974.0,14112,2280,0.026167522223613373,0.18333333333333332
ESTVQA/images/train/011384.jpg,PruneSID,336,336,1,71,1460.0,14736.0,13916,2280,0.0990770901194354,0.6403508771929824
ESTVQA/images/train/011400.jpg,DRIP,336,336,2,72,9142.0,32081.0,14112,27111,0.2849661793584988,0.3372063000258198
ESTVQA/images/train/011400.jpg,Fixed,336,336,2,72,3458.0,37765.0,14112,27111,0.09156626506024096,0.1275497030725536
ESTVQA/images/train/011400.jpg,PruneSID,336,336,2,71,4816.0,36211.0,13916,27111,0.13299826019717764,0.17764007229537826
ESTVQA/images/train/011436.jpg,DRIP,336,336,2,73,5670.0,18485.0,14308,9847,0.30673519069515826,0.5758098913374632
ESTVQA/images/train/011436.jpg,Fixed,336,336,2,72,1266.0,22693.0,14112,9847,0.05578812849777465,0.12856707626688332
ESTVQA/images/train/011436.jpg,PruneSID,336,336,2,71,2571.0,21192.0,13916,9847,0.1213193657984145,0.2610947496699502
ESTVQA/images/train/011437.jpg,DRIP,336,336,5,73,2696.0,17278.0,14308,5666,0.1560365783076745,0.47582068478644546
ESTVQA/images/train/011437.jpg,Fixed,336,336,5,72,476.0,19302.0,14112,5666,0.02466065692674334,0.08400988351570773
ESTVQA/images/train/011437.jpg,PruneSID,336,336,5,71,2191.0,17391.0,13916,5666,0.1259847047323328,0.3866925520649488
ESTVQA/images/train/011468.jpg,DRIP,336,336,4,73,6636.0,38467.0,14308,30795,0.17251150336652196,0.2154895275207014
ESTVQA/images/train/011468.jpg,Fixed,336,336,4,72,3416.0,41491.0,14112,30795,0.08233110795112193,0.11092709855496022
ESTVQA/images/train/011468.jpg,PruneSID,336,336,4,71,6106.0,38605.0,13916,30795,0.15816604066830722,0.19827894138658872
ESTVQA/images/train/011532.jpg,DRIP,336,336,2,73,1503.0,17595.0,14308,4790,0.08542199488491048,0.3137787056367432
ESTVQA/images/train/011532.jpg,Fixed,336,336,2,72,731.0,18171.0,14112,4790,0.04022893621704914,0.15260960334029228
ESTVQA/images/train/011532.jpg,PruneSID,336,336,2,71,1648.0,17058.0,13916,4790,0.0966115605580959,0.34405010438413364
ESTVQA/images/train/011540.jpg,DRIP,336,336,2,73,5404.0,24723.0,14308,15819,0.21858188731141043,0.34161451419179467
ESTVQA/images/train/011540.jpg,Fixed,336,336,2,72,2260.0,27671.0,14112,15819,0.08167395468179682,0.14286617358872242
ESTVQA/images/train/011540.jpg,PruneSID,336,336,2,71,2660.0,27075.0,13916,15819,0.09824561403508772,0.16815222201150515
ESTVQA/images/train/011553.jpg,DRIP,336,336,2,73,4425.0,18660.0,14308,8777,0.23713826366559485,0.5041585963313205
ESTVQA/images/train/011553.jpg,Fixed,336,336,2,72,792.0,22097.0,14112,8777,0.03584196949812192,0.0902358436823516
ESTVQA/images/train/011553.jpg,PruneSID,336,336,2,71,2045.0,20648.0,13916,8777,0.09904106935296397,0.23299532870001138
ESTVQA/images/train/011569.jpg,DRIP,336,336,1,72,637.0,14464.0,14112,989,0.04404037610619469,0.6440849342770475
ESTVQA/images/train/011569.jpg,Fixed,336,336,1,72,0.0,15101.0,14112,989,0.0,0.0
ESTVQA/images/train/011569.jpg,PruneSID,336,336,1,71,407.0,14498.0,13916,989,0.028072837632776935,0.4115267947421638
ESTVQA/images/train/011573.jpg,DRIP,336,336,1,72,3640.0,17427.0,14112,6955,0.20887129167383944,0.5233644859813084
ESTVQA/images/train/011573.jpg,Fixed,336,336,1,72,910.0,20157.0,14112,6955,0.045145606985166446,0.1308411214953271
ESTVQA/images/train/011573.jpg,PruneSID,336,336,1,71,1792.0,19079.0,13916,6955,0.09392525813721893,0.25765636232925954
ESTVQA/images/train/011621.jpg,DRIP,336,336,1,73,1482.0,16660.0,14308,3834,0.08895558223289315,0.3865414710485133
ESTVQA/images/train/011621.jpg,Fixed,336,336,1,72,0.0,17946.0,14112,3834,0.0,0.0
ESTVQA/images/train/011621.jpg,PruneSID,336,336,1,71,790.0,16960.0,13916,3834,0.04658018867924528,0.20605112154407929
ESTVQA/images/train/011638.jpg,DRIP,336,336,8,73,6797.0,38959.0,14308,31448,0.1744654636925999,0.2161345713558891
ESTVQA/images/train/011638.jpg,Fixed,336,336,8,72,3450.0,42110.0,14112,31448,0.08192828306815483,0.10970490969219028
ESTVQA/images/train/011638.jpg,PruneSID,336,336,8,71,5075.0,40289.0,13916,31448,0.12596490357169451,0.16137751208343934
ESTVQA/images/train/011663.jpg,DRIP,336,336,1,72,902.0,14199.0,14112,989,0.06352560039439398,0.9120323559150657
ESTVQA/images/train/011663.jpg,Fixed,336,336,1,72,238.0,14863.0,14112,989,0.016012917984256206,0.24064711830131447
ESTVQA/images/train/011663.jpg,PruneSID,336,336,1,71,303.0,14602.0,13916,989,0.020750582112039447,0.3063700707785642
ESTVQA/images/train/011664.jpg,DRIP,336,336,7,72,8050.0,40048.0,14112,33986,0.20100878945265682,0.23686223739186724
ESTVQA/images/train/011664.jpg,Fixed,336,336,7,72,4256.0,43842.0,14112,33986,0.09707586332740295,0.12522803507326546
ESTVQA/images/train/011664.jpg,PruneSID,336,336,7,71,6205.0,41697.0,13916,33986,0.14881166510780153,0.18257517801447654
ESTVQA/images/train/011671.jpg,DRIP,336,336,1,73,6286.0,45990.0,14308,37968,0.13668188736681888,0.16556047197640117
ESTVQA/images/train/011671.jpg,Fixed,336,336,1,72,4746.0,47334.0,14112,37968,0.1002661934338953,0.125
ESTVQA/images/train/011671.jpg,PruneSID,336,336,1,71,5110.0,46774.0,13916,37968,0.10924872792577073,0.13458702064896755
ESTVQA/images/train/011682.jpg,DRIP,336,336,2,72,311.0,14472.0,14112,671,0.021489773355444997,0.46348733233979134
ESTVQA/images/train/011682.jpg,Fixed,336,336,2,72,121.0,14662.0,14112,671,0.008252625835493112,0.18032786885245902
ESTVQA/images/train/011682.jpg,PruneSID,336,336,2,71,374.0,14213.0,13916,671,0.02631393794413565,0.5573770491803278
ESTVQA/images/train/011718.jpg,DRIP,336,336,8,73,8855.0,44440.0,14308,38987,0.19925742574257427,0.22712699104829814
ESTVQA/images/train/011718.jpg,Fixed,336,336,8,72,4704.0,48395.0,14112,38987,0.09720012397974997,0.12065560314976786
ESTVQA/images/train/011718.jpg,PruneSID,336,336,8,71,5339.0,47564.0,13916,38987,0.11224875956605837,0.13694308359196655
ESTVQA/images/train/011737.jpg,DRIP,336,336,1,73,2048.0,16262.0,14308,4002,0.12593776903209938,0.511744127936032
ESTVQA/images/train/011737.jpg,Fixed,336,336,1,72,812.0,17302.0,14112,4002,0.046930990636920585,0.2028985507246377
ESTVQA/images/train/011737.jpg,PruneSID,336,336,1,71,1650.0,16268.0,13916,4002,0.10142611261372018,0.4122938530734633
ESTVQA/images/train/011764.jpg,DRIP,336,336,2,73,10199.0,50765.0,14308,46656,0.2009061361174037,0.21859996570644719
ESTVQA/images/train/011764.jpg,Fixed,336,336,2,72,5678.0,55090.0,14112,46656,0.1030677073879107,0.12169924554183814
ESTVQA/images/train/011764.jpg,PruneSID,336,336,2,71,6713.0,53859.0,13916,46656,0.12464026439406599,0.14388288751714678
ESTVQA/images/train/011815.jpg,DRIP,336,336,1,73,4550.0,41203.0,14308,31445,0.11042885226803874,0.14469709015741772
ESTVQA/images/train/011815.jpg,Fixed,336,336,1,72,3990.0,41567.0,14112,31445,0.09598960714027954,0.1268882175226586
ESTVQA/images/train/011815.jpg,PruneSID,336,336,1,71,3247.0,42114.0,13916,31445,0.07710025169777271,0.10325965972332644
ESTVQA/images/train/011824.jpg,DRIP,336,336,1,72,546.0,15247.0,14112,1681,0.03581032334229685,0.32480666270077335
ESTVQA/images/train/011824.jpg,Fixed,336,336,1,72,451.0,15342.0,14112,1681,0.029396428105853214,0.2682926829268293
ESTVQA/images/train/011824.jpg,PruneSID,336,336,1,71,392.0,15205.0,13916,1681,0.02578099309437685,0.23319452706722188
ESTVQA/images/train/011825.jpg,DRIP,336,336,2,72,4018.0,33735.0,14112,23641,0.1191047873128798,0.1699589695867349
ESTVQA/images/train/011825.jpg,Fixed,336,336,2,72,3094.0,34659.0,14112,23641,0.08926974234686517,0.13087432849710248
ESTVQA/images/train/011825.jpg,PruneSID,336,336,2,71,4200.0,33357.0,13916,23641,0.1259106034715352,0.17765745949832917
ESTVQA/images/train/011827.jpg,DRIP,336,336,8,72,8764.0,59258.0,14112,53910,0.14789564278240913,0.16256724169912817
ESTVQA/images/train/011827.jpg,Fixed,336,336,8,72,7140.0,60882.0,14112,53910,0.11727604217995467,0.13244296048970505
ESTVQA/images/train/011827.jpg,PruneSID,336,336,8,71,8106.0,59720.0,13916,53910,0.13573342263898192,0.150361713967724
ESTVQA/images/train/011857.jpg,DRIP,336,336,1,73,7238.0,69902.0,14308,62832,0.10354496294812737,0.11519607843137254
ESTVQA/images/train/011857.jpg,Fixed,336,336,1,72,7854.0,69090.0,14112,62832,0.11367781155015197,0.125
ESTVQA/images/train/011857.jpg,PruneSID,336,336,1,71,8372.0,68376.0,13916,62832,0.12244062244062244,0.13324420677361853
ESTVQA/images/train/011896.jpg,DRIP,336,336,1,72,3298.0,16134.0,14112,5320,0.2044130407834387,0.6199248120300752
ESTVQA/images/train/011896.jpg,Fixed,336,336,1,72,840.0,18592.0,14112,5320,0.045180722891566265,0.15789473684210525
ESTVQA/images/train/011896.jpg,PruneSID,336,336,1,71,1716.0,17520.0,13916,5320,0.09794520547945205,0.3225563909774436
ESTVQA/images/train/011898.jpg,DRIP,336,336,1,72,294.0,15057.0,14112,1239,0.019525801952580194,0.23728813559322035
ESTVQA/images/train/011898.jpg,Fixed,336,336,1,72,294.0,15057.0,14112,1239,0.019525801952580194,0.23728813559322035
ESTVQA/images/train/011898.jpg,PruneSID,336,336,1,71,497.0,14658.0,13916,1239,0.03390639923591213,0.4011299435028249
ESTVQA/images/train/011899.jpg,DRIP,336,336,1,72,1440.0,15647.0,14112,2975,0.09203042116699686,0.48403361344537815
ESTVQA/images/train/011899.jpg,Fixed,336,336,1,72,490.0,16597.0,14112,2975,0.029523407844791228,0.16470588235294117
ESTVQA/images/train/011899.jpg,PruneSID,336,336,1,71,852.0,16039.0,13916,2975,0.05312051873558202,0.28638655462184875
ESTVQA/images/train/011929.jpg,DRIP,336,336,2,72,3134.0,18697.0,14112,7719,0.1676204738728138,0.40601114133955174
ESTVQA/images/train/011929.jpg,Fixed,336,336,2,72,924.0,20907.0,14112,7719,0.04419572392021811,0.11970462495141858
ESTVQA/images/train/011929.jpg,PruneSID,336,336,2,71,2036.0,19599.0,13916,7719,0.10388285116587581,0.26376473636481407
ESTVQA/images/train/011938.jpg,DRIP,336,336,1,73,278.0,14433.0,14308,403,0.019261414813275132,0.6898263027295285
ESTVQA/images/train/011938.jpg,Fixed,336,336,1,72,0.0,14515.0,14112,403,0.0,0.0
ESTVQA/images/train/011938.jpg,PruneSID,336,336,1,71,208.0,14111.0,13916,403,0.014740273545460987,0.5161290322580645
ESTVQA/images/train/011954.jpg,DRIP,336,336,3,73,1071.0,17252.0,14308,4015,0.062079758868536984,0.2667496886674969
ESTVQA/images/train/011954.jpg,Fixed,336,336,3,72,606.0,17521.0,14112,4015,0.03458706694823355,0.15093399750933997
ESTVQA/images/train/011954.jpg,PruneSID,336,336,3,71,2064.0,15867.0,13916,4015,0.13008130081300814,0.5140722291407223
ESTVQA/images/train/011984.jpg,DRIP,336,336,1,73,,,14308,0,,
ESTVQA/images/train/011984.jpg,Fixed,336,336,1,72,,,14112,0,,
ESTVQA/images/train/011984.jpg,PruneSID,336,336,1,71,,,13916,0,,
ESTVQA/images/train/011987.jpg,DRIP,336,336,2,73,4270.0,30332.0,14308,20294,0.14077541869972307,0.21040701685227162
ESTVQA/images/train/011987.jpg,Fixed,336,336,2,72,2534.0,31872.0,14112,20294,0.07950552208835342,0.12486449196806938
ESTVQA/images/train/011987.jpg,PruneSID,336,336,2,71,2464.0,31746.0,13916,20294,0.07761607761607761,0.12141519660983542
ESTVQA/images/train/012077.jpg,DRIP,336,336,4,72,11745.0,102447.0,14112,100080,0.11464464552402706,0.11735611510791367
ESTVQA/images/train/012077.jpg,Fixed,336,336,4,72,12959.0,101233.0,14112,100080,0.12801161676528405,0.12948641087130297
ESTVQA/images/train/012077.jpg,PruneSID,336,336,4,71,12188.0,101808.0,13916,100080,0.11971554298286971,0.12178257394084732
ESTVQA/images/train/012118.jpg,DRIP,336,336,5,72,9884.0,80393.0,14112,76165,0.12294602763922233,0.12977089214206
ESTVQA/images/train/012118.jpg,Fixed,336,336,5,72,10449.0,79828.0,14112,76165,0.13089392193215413,0.13718899757106282
ESTVQA/images/train/012118.jpg,PruneSID,336,336,5,71,10416.0,79665.0,13916,76165,0.1307475051779326,0.1367557276964485
ESTVQA/images/train/012121.jpg,DRIP,336,336,9,73,3874.0,18004.0,14308,7570,0.21517440568762497,0.5117569352708058
ESTVQA/images/train/012121.jpg,Fixed,336,336,9,72,1083.0,20599.0,14112,7570,0.05257536773629788,0.14306472919418758
ESTVQA/images/train/012121.jpg,PruneSID,336,336,9,71,3602.0,17884.0,13916,7570,0.2014090807425632,0.47582562747688245
ESTVQA/images/train/012125.jpg,DRIP,336,336,2,73,2828.0,29519.0,14308,18039,0.0958027033436092,0.15677143965851767
ESTVQA/images/train/012125.jpg,Fixed,336,336,2,72,1734.0,30417.0,14112,18039,0.057007594437321236,0.0961250623648761
ESTVQA/images/train/012125.jpg,PruneSID,336,336,2,71,3094.0,28861.0,13916,18039,0.10720349260247393,0.1715172681412495
ESTVQA/images/train/012174.jpg,DRIP,336,336,16,73,8554.0,81648.0,14308,75894,0.10476680384087791,0.11270983213429256
ESTVQA/images/train/012174.jpg,Fixed,336,336,16,72,9438.0,80568.0,14112,75894,0.11714328269288055,0.12435765673175746
ESTVQA/images/train/012174.jpg,PruneSID,336,336,16,71,9847.0,79963.0,13916,75894,0.12314445431011843,0.1297467520489103
ESTVQA/images/train/012225.jpg,DRIP,336,336,3,73,5547.0,31100.0,14308,22339,0.17836012861736333,0.24831013026545504
ESTVQA/images/train/012225.jpg,Fixed,336,336,3,72,3176.0,33275.0,14112,22339,0.09544703230653644,0.14217288150767715
ESTVQA/images/train/012225.jpg,PruneSID,336,336,3,71,3387.0,32868.0,13916,22339,0.10304855786783497,0.15161824611665697
ESTVQA/images/train/012228.jpg,DRIP,336,336,3,73,7938.0,35029.0,14308,28659,0.22661223557623683,0.2769810530723333
ESTVQA/images/train/012228.jpg,Fixed,336,336,3,72,3962.0,38809.0,14112,28659,0.10208972145636322,0.13824627516661434
ESTVQA/images/train/012228.jpg,PruneSID,336,336,3,71,3824.0,38751.0,13916,28659,0.09868132435291993,0.13343103388115427
ESTVQA/images/train/012254.jpg,DRIP,336,336,5,73,5693.0,26423.0,14308,17808,0.2154562313136283,0.31968778077268645
ESTVQA/images/train/012254.jpg,Fixed,336,336,5,72,1985.0,29935.0,14112,17808,0.06631033906798063,0.11146675651392632
ESTVQA/images/train/012254.jpg,PruneSID,336,336,5,71,3235.0,28489.0,13916,17808,0.11355259924883289,0.18165992812219228
ESTVQA/images/train/012259.jpg,DRIP,336,336,4,73,4176.0,19100.0,14308,8968,0.2186387434554974,0.4656556645851918
ESTVQA/images/train/012259.jpg,Fixed,336,336,4,72,601.0,22479.0,14112,8968,0.026736064771564573,0.06701605709188224
ESTVQA/images/train/012259.jpg,PruneSID,336,336,4,71,1422.0,21462.0,13916,8968,0.06625663964215824,0.15856378233719892
ESTVQA/images/train/012292.jpg,DRIP,336,336,1,73,10598.0,83812.0,14308,80102,0.12644967307784089,0.1323063094554443
ESTVQA/images/train/012292.jpg,Fixed,336,336,1,72,10144.0,84070.0,14112,80102,0.12066135363387653,0.12663853586676987
ESTVQA/images/train/012292.jpg,PruneSID,336,336,1,71,11326.0,82692.0,13916,80102,0.1369660910366178,0.1413947217297945
ESTVQA/images/train/012298.jpg,DRIP,336,336,1,72,6594.0,37422.0,14112,29904,0.17620650953984288,0.2205056179775281
ESTVQA/images/train/012298.jpg,Fixed,336,336,1,72,3738.0,40278.0,14112,29904,0.09280500521376434,0.125
ESTVQA/images/train/012298.jpg,PruneSID,336,336,1,71,5418.0,38402.0,13916,29904,0.14108640174990886,0.18117977528089887
ESTVQA/images/train/012310.jpg,DRIP,336,336,28,73,7167.0,44807.0,14308,37666,0.15995268596424667,0.19027770403015984
ESTVQA/images/train/012310.jpg,Fixed,336,336,28,72,4447.0,47331.0,14112,37666,0.09395533582641398,0.11806403653162002
ESTVQA/images/train/012310.jpg,PruneSID,336,336,28,71,7396.0,44186.0,13916,37666,0.1673833340877201,0.19635745765411777
ESTVQA/images/train/012314.jpg,DRIP,336,336,1,72,3360.0,15567.0,14112,4815,0.21584120254384273,0.6978193146417445
ESTVQA/images/train/012314.jpg,Fixed,336,336,1,72,394.0,18533.0,14112,4815,0.02125937516861814,0.0818276220145379
ESTVQA/images/train/012314.jpg,PruneSID,336,336,1,71,1288.0,17443.0,13916,4815,0.07384050908673967,0.2674974039460021
ESTVQA/images/train/012347.jpg,DRIP,336,336,4,73,3748.0,17271.0,14308,6711,0.2170111748016907,0.5584860676501266
ESTVQA/images/train/012347.jpg,Fixed,336,336,4,72,660.0,20163.0,14112,6711,0.03273322422258593,0.09834599910594546
ESTVQA/images/train/012347.jpg,PruneSID,336,336,4,71,2404.0,18223.0,13916,6711,0.1319211984854305,0.35821785128892863
ESTVQA/images/train/012354.jpg,DRIP,336,336,32,72,3117.0,27203.0,14112,16208,0.11458295040988126,0.19231243830207306
ESTVQA/images/train/012354.jpg,Fixed,336,336,32,72,1592.0,28728.0,14112,16208,0.05541631857421331,0.09822309970384994
ESTVQA/images/train/012354.jpg,PruneSID,336,336,32,71,5672.0,24452.0,13916,16208,0.23196466546703745,0.34995064165844025
FUNSD/testing_data/images/82251504.png,DRIP,336,336,27,73,3861.0,48032.0,14308,37585,0.08038391072618255,0.10272715178927763
FUNSD/testing_data/images/82251504.png,Fixed,336,336,27,72,4730.0,46967.0,14112,37585,0.10070900845274341,0.12584807769056805
FUNSD/testing_data/images/82251504.png,PruneSID,336,336,27,71,8055.0,43446.0,13916,37585,0.18540256870597985,0.21431422109884263
FUNSD/testing_data/images/82252956_2958.png,DRIP,336,336,21,72,4121.0,28328.0,14112,18337,0.14547444224795256,0.22473687080765664
FUNSD/testing_data/images/82252956_2958.png,Fixed,336,336,21,72,2997.0,29452.0,14112,18337,0.10175879396984924,0.1634400392648743
FUNSD/testing_data/images/82252956_2958.png,PruneSID,336,336,21,71,4774.0,27479.0,13916,18337,0.1737326685832818,0.26034793041391724
FUNSD/testing_data/images/82253058_3059.png,DRIP,336,336,38,72,3887.0,43860.0,14112,33635,0.08862289101687186,0.11556414449234428
FUNSD/testing_data/images/82253058_3059.png,Fixed,336,336,38,72,4000.0,43747.0,14112,33635,0.09143484124625689,0.11892374015162777
FUNSD/testing_data/images/82253058_3059.png,PruneSID,336,336,38,71,7740.0,39811.0,13916,33635,0.19441862801738213,0.23011743719339972
FUNSD/testing_data/images/82254765.png,DRIP,336,336,23,72,1925.0,26119.0,14112,13932,0.07370113710325817,0.1381711168532874
FUNSD/testing_data/images/82254765.png,Fixed,336,336,23,72,1703.0,26341.0,14112,13932,0.06465206332333624,0.12223657766293425
FUNSD/testing_data/images/82254765.png,PruneSID,336,336,23,71,3931.0,23917.0,13916,13932,0.16436007860517624,0.2821561871949469
FUNSD/testing_data/images/82491256.png,DRIP,336,336,16,72,1934.0,25168.0,14112,12990,0.07684361093452002,0.14888375673595072
FUNSD/testing_data/images/82491256.png,Fixed,336,336,16,72,1421.0,25681.0,14112,12990,0.05533273626416417,0.10939183987682832
FUNSD/testing_data/images/82491256.png,PruneSID,336,336,16,71,4972.0,21934.0,13916,12990,0.22668004012036108,0.3827559661277906
FUNSD/testing_data/images/82504862.png,DRIP,336,336,12,72,1615.0,23646.0,14112,11149,0.0682990780681722,0.1448560409005292
FUNSD/testing_data/images/82504862.png,Fixed,336,336,12,72,1241.0,24020.0,14112,11149,0.05166527893422148,0.1113104314288277
FUNSD/testing_data/images/82504862.png,PruneSID,336,336,12,71,5033.0,20032.0,13916,11149,0.25124800319488816,0.4514306215804108
FUNSD/testing_data/images/82837252.png,DRIP,336,336,10,72,424.0,19526.0,14112,5838,0.021714636894397215,0.07262761219595752
FUNSD/testing_data/images/82837252.png,Fixed,336,336,10,72,870.0,19080.0,14112,5838,0.04559748427672956,0.14902363823227133
FUNSD/testing_data/images/82837252.png,PruneSID,336,336,10,71,1651.0,18103.0,13916,5838,0.09120035353256366,0.2828023295649195
FUNSD/testing_data/images/83624198.png,DRIP,336,336,22,72,3745.0,25589.0,14112,15222,0.14635194810270039,0.24602548942320326
FUNSD/testing_data/images/83624198.png,Fixed,336,336,22,72,1900.0,27434.0,14112,15222,0.06925712619377415,0.12481934042832742
FUNSD/testing_data/images/83624198.png,PruneSID,336,336,22,71,6382.0,22756.0,13916,15222,0.28045350676744596,0.4192615950597819
FUNSD/testing_data/images/83772145.png,DRIP,336,336,29,72,4273.0,44585.0,14112,34746,0.0958394078726029,0.12297818453922754
FUNSD/testing_data/images/83772145.png,Fixed,336,336,29,72,3759.0,45099.0,14112,34746,0.08334996341382292,0.10818511483336211
FUNSD/testing_data/images/83772145.png,PruneSID,336,336,29,71,8224.0,40438.0,13916,34746,0.20337306493891885,0.23668911529384679
FUNSD/testing_data/images/83996357.png,DRIP,336,336,27,72,2872.0,28528.0,14112,17288,0.10067302299495233,0.16612679315131884
FUNSD/testing_data/images/83996357.png,Fixed,336,336,27,72,2102.0,29298.0,14112,17288,0.07174551163901972,0.12158722813512263
FUNSD/testing_data/images/83996357.png,PruneSID,336,336,27,71,5550.0,25654.0,13916,17288,0.21634053169096437,0.3210319296621934
FUNSD/testing_data/images/86075409_5410.png,DRIP,336,336,13,72,664.0,19789.0,14112,6341,0.03355399464348881,0.10471534458287336
FUNSD/testing_data/images/86075409_5410.png,Fixed,336,336,13,72,295.0,20158.0,14112,6341,0.014634388332175811,0.04652263049992115
FUNSD/testing_data/images/86075409_5410.png,PruneSID,336,336,13,71,2106.0,18151.0,13916,6341,0.11602666519750977,0.33212427061977606
FUNSD/testing_data/images/86220490.png,DRIP,336,336,24,72,3069.0,28267.0,14112,17224,0.10857183287932926,0.1781816070599164
FUNSD/testing_data/images/86220490.png,Fixed,336,336,24,72,2318.0,29018.0,14112,17224,0.07988145289130884,0.1345796562935439
FUNSD/testing_data/images/86220490.png,PruneSID,336,336,24,71,6077.0,25063.0,13916,17224,0.242468978174999,0.3528216442173711
FUNSD/testing_data/images/86236474_6476.png,DRIP,336,336,22,72,2979.0,35023.0,14112,23890,0.08505839020072524,0.1246965257429887
FUNSD/testing_data/images/86236474_6476.png,Fixed,336,336,22,72,3189.0,34813.0,14112,23890,0.09160371125728894,0.13348681456676434
FUNSD/testing_data/images/86236474_6476.png,PruneSID,336,336,22,71,6488.0,31318.0,13916,23890,0.2071652085062903,0.2715780661364588
FUNSD/testing_data/images/86263525.png,DRIP,336,336,50,73,3586.0,32646.0,14308,21924,0.10984500398211113,0.1635650428753877
FUNSD/testing_data/images/86263525.png,Fixed,336,336,50,72,2741.0,33295.0,14112,21924,0.08232467337438054,0.12502280605728883
FUNSD/testing_data/images/86263525.png,PruneSID,336,336,50,71,5012.0,30828.0,13916,21924,0.16257947320617622,0.22860791826309068
FUNSD/testing_data/images/87093315_87093318.png,DRIP,336,336,74,73,2640.0,38145.0,14308,26477,0.06920959496657492,0.09970918155380142
FUNSD/testing_data/images/87093315_87093318.png,Fixed,336,336,74,72,3387.0,37202.0,14112,26477,0.091043492285361,0.12792234769800204
FUNSD/testing_data/images/87093315_87093318.png,PruneSID,336,336,74,71,7342.0,33051.0,13916,26477,0.22214153883392332,0.277297276881822
FUNSD/testing_data/images/87137840.png,DRIP,336,336,10,72,390.0,17499.0,14112,3777,0.02228698782787588,0.10325655281969817
FUNSD/testing_data/images/87137840.png,Fixed,336,336,10,72,412.0,17477.0,14112,3777,0.023573839903873663,0.10908128144029654
FUNSD/testing_data/images/87137840.png,PruneSID,336,336,10,71,1504.0,16189.0,13916,3777,0.09290258817715732,0.39819962933545144
FUNSD/testing_data/images/87528321.png,DRIP,336,336,22,72,3105.0,29102.0,14112,18095,0.10669369802762697,0.17159436308372478
FUNSD/testing_data/images/87528321.png,Fixed,336,336,22,72,2332.0,29875.0,14112,18095,0.07805857740585774,0.12887537993920972
FUNSD/testing_data/images/87528321.png,PruneSID,336,336,22,71,5081.0,26930.0,13916,18095,0.18867434088377275,0.28079579994473614
FUNSD/testing_data/images/87528380.png,DRIP,336,336,53,72,6157.0,53275.0,14112,45320,0.1155701548568747,0.13585613415710504
FUNSD/testing_data/images/87528380.png,Fixed,336,336,53,72,5749.0,53683.0,14112,45320,0.10709163049755044,0.12685348631950574
FUNSD/testing_data/images/87528380.png,PruneSID,336,336,53,71,8419.0,50817.0,13916,45320,0.1656729047366039,0.18576787290379523
FUNSD/testing_data/images/87594142_87594144.png,DRIP,336,336,40,72,5148.0,45627.0,14112,36663,0.11282793083042936,0.1404140414041404
FUNSD/testing_data/images/87594142_87594144.png,Fixed,336,336,40,72,4775.0,46000.0,14112,36663,0.10380434782608695,0.13024029675694843
FUNSD/testing_data/images/87594142_87594144.png,PruneSID,336,336,40,71,7089.0,43490.0,13916,36663,0.16300298919291792,0.19335569920628426
FUNSD/testing_data/images/89856243.png,DRIP,336,336,20,72,1943.0,31293.0,14112,19124,0.06209056338478254,0.10160008366450533
FUNSD/testing_data/images/89856243.png,Fixed,336,336,20,72,2378.0,30858.0,14112,19124,0.07706267418497634,0.12434637105208116
FUNSD/testing_data/images/89856243.png,PruneSID,336,336,20,71,3492.0,29548.0,13916,19124,0.11818058751861378,0.18259778289060866
FUNSD/testing_data/images/93106788.png,DRIP,336,336,9,72,1248.0,20673.0,14112,7809,0.060368596720359886,0.15981559738762965
FUNSD/testing_data/images/93106788.png,Fixed,336,336,9,72,577.0,21344.0,14112,7809,0.02703335832083958,0.07388910231783839
FUNSD/testing_data/images/93106788.png,PruneSID,336,336,9,71,2132.0,19593.0,13916,7809,0.10881437247996734,0.27301831220386735
HME100K/test/test_images/test_10391.jpg,DRIP,336,336,1,73,518.0,34286.0,14308,20496,0.015108207431604737,0.025273224043715847
HME100K/test/test_images/test_10391.jpg,Fixed,336,336,1,72,2954.0,31654.0,14112,20496,0.09332153914197258,0.14412568306010928
HME100K/test/test_images/test_10391.jpg,PruneSID,336,336,1,71,4060.0,30352.0,13916,20496,0.13376383763837638,0.19808743169398907
HME100K/test/test_images/test_10503.jpg,DRIP,336,336,1,72,10780.0,97412.0,14112,94080,0.11066398390342053,0.11458333333333333
HME100K/test/test_images/test_10503.jpg,Fixed,336,336,1,72,11760.0,96432.0,14112,94080,0.12195121951219512,0.125
HME100K/test/test_images/test_10503.jpg,PruneSID,336,336,1,71,11564.0,96432.0,13916,94080,0.11991869918699187,0.12291666666666666
HME100K/test/test_images/test_1053.jpg,DRIP,336,336,0,73,,,14308,0,,
HME100K/test/test_images/test_1053.jpg,Fixed,336,336,0,72,,,14112,0,,
HME100K/test/test_images/test_1053.jpg,PruneSID,336,336,0,71,,,13916,0,,
HME100K/test/test_images/test_10531.jpg,DRIP,336,336,1,72,1638.0,64617.0,14112,52143,0.025349366265843352,0.031413612565445025
HME100K/test/test_images/test_10531.jpg,Fixed,336,336,1,72,6286.0,59969.0,14112,52143,0.10482082409244776,0.12055309437508391
HME100K/test/test_images/test_10531.jpg,PruneSID,336,336,1,71,7487.0,58572.0,13916,52143,0.12782558218944207,0.14358590798381374
HME100K/test/test_images/test_10536.jpg,DRIP,336,336,2,72,6350.0,80482.0,14112,72720,0.0788996297308715,0.08732123212321233
HME100K/test/test_images/test_10536.jpg,Fixed,336,336,2,72,10108.0,76724.0,14112,72720,0.13174495594598823,0.138998899889989
HME100K/test/test_images/test_10536.jpg,PruneSID,336,336,2,71,9800.0,76836.0,13916,72720,0.1275443802384299,0.13476347634763478
HME100K/test/test_images/test_10577.jpg,DRIP,336,336,0,72,,,14112,0,,
HME100K/test/test_images/test_10577.jpg,Fixed,336,336,0,72,,,14112,0,,
HME100K/test/test_images/test_10577.jpg,PruneSID,336,336,0,71,,,13916,0,,
HME100K/test/test_images/test_10660.jpg,DRIP,336,336,2,73,3810.0,69212.0,14308,58714,0.05504825752759637,0.06489082671935144
HME100K/test/test_images/test_10660.jpg,Fixed,336,336,2,72,7627.0,65199.0,14112,58714,0.11698032178407644,0.12990087543005074
HME100K/test/test_images/test_10660.jpg,PruneSID,336,336,2,71,9450.0,63180.0,13916,58714,0.14957264957264957,0.1609496883196512
HME100K/test/test_images/test_11019.jpg,DRIP,336,336,2,72,6426.0,75360.0,14112,67674,0.08527070063694267,0.09495522652717439
HME100K/test/test_images/test_11019.jpg,Fixed,336,336,2,72,8190.0,73596.0,14112,67674,0.11128322191423447,0.12102136714247717
HME100K/test/test_images/test_11019.jpg,PruneSID,336,336,2,71,10248.0,71342.0,13916,67674,0.14364609907207535,0.15143186452699708
HME100K/test/test_images/test_114.jpg,DRIP,336,336,1,72,4914.0,69973.0,14112,60775,0.07022708759092793,0.08085561497326203
HME100K/test/test_images/test_114.jpg,Fixed,336,336,1,72,7854.0,67033.0,14112,60775,0.11716617188548924,0.12923076923076923
HME100K/test/test_images/test_114.jpg,PruneSID,336,336,1,71,8372.0,66319.0,13916,60775,0.12623833290610534,0.13775401069518717
HME100K/test/test_images/test_11528.jpg,DRIP,336,336,1,72,9898.0,106694.0,14112,102480,0.09276997769321611,0.09658469945355191
HME100K/test/test_images/test_11528.jpg,Fixed,336,336,1,72,12810.0,103782.0,14112,102480,0.12343180898421692,0.125
HME100K/test/test_images/test_11528.jpg,PruneSID,336,336,1,71,11158.0,105238.0,13916,102480,0.10602634029533059,0.10887978142076503
HME100K/test/test_images/test_11554.jpg,DRIP,336,336,1,73,4872.0,54700.0,14308,45264,0.08906764168190127,0.10763520678685047
HME100K/test/test_images/test_11554.jpg,Fixed,336,336,1,72,5768.0,53608.0,14112,45264,0.10759588121175943,0.12743018734535172
HME100K/test/test_images/test_11554.jpg,PruneSID,336,336,1,71,4928.0,54252.0,13916,45264,0.0908353609083536,0.1088723930717568
HME100K/test/test_images/test_12049.jpg,DRIP,336,336,0,72,,,14112,0,,
HME100K/test/test_images/test_12049.jpg,Fixed,336,336,0,72,,,14112,0,,
HME100K/test/test_images/test_12049.jpg,PruneSID,336,336,0,71,,,13916,0,,
HME100K/test/test_images/test_12329.jpg,DRIP,336,336,2,72,2060.0,56447.0,14112,44395,0.03649441068613035,0.046401621804257234
HME100K/test/test_images/test_12329.jpg,Fixed,336,336,2,72,5824.0,52683.0,14112,44395,0.11054799460926674,0.13118594436310396
HME100K/test/test_images/test_12329.jpg,PruneSID,336,336,2,71,7392.0,50919.0,13916,44395,0.14517174335709657,0.16650523707624731
HME100K/test/test_images/test_12489.jpg,DRIP,336,336,1,72,6342.0,64565.0,14112,56795,0.09822659335553319,0.11166475922176249
HME100K/test/test_images/test_12489.jpg,Fixed,336,336,1,72,6762.0,64145.0,14112,56795,0.10541741367214903,0.11905977638876662
HME100K/test/test_images/test_12489.jpg,PruneSID,336,336,1,71,5950.0,64761.0,13916,56795,0.09187628356572629,0.10476274319922528
HME100K/test/test_images/test_12518.jpg,DRIP,336,336,1,72,8946.0,84798.0,14112,79632,0.10549777117384844,0.11234177215189874
HME100K/test/test_images/test_12518.jpg,Fixed,336,336,1,72,9772.0,83972.0,14112,79632,0.11637212404134711,0.12271448663853728
HME100K/test/test_images/test_12518.jpg,PruneSID,336,336,1,71,8624.0,84924.0,13916,79632,0.10154962083745467,0.10829817158931083
HME100K/test/test_images/test_12587.jpg,DRIP,336,336,1,73,5754.0,77179.0,14308,68625,0.07455395897847861,0.08384699453551912
HME100K/test/test_images/test_12587.jpg,Fixed,336,336,1,72,8554.0,74183.0,14112,68625,0.11530943747219713,0.12464845173041894
HME100K/test/test_images/test_12587.jpg,PruneSID,336,336,1,71,8358.0,74183.0,13916,68625,0.11266732270196676,0.12179234972677595
HME100K/test/test_images/test_12908.jpg,DRIP,336,336,1,72,3696.0,78040.0,14112,67624,0.047360328036904153,0.05465515201703537
HME100K/test/test_images/test_12908.jpg,Fixed,336,336,1,72,8988.0,72748.0,14112,67624,0.12354978831033156,0.13291139240506328
HME100K/test/test_images/test_12908.jpg,PruneSID,336,336,1,71,9772.0,71768.0,13916,67624,0.13616096310333295,0.14450490949958594
HME100K/test/test_images/test_1357.jpg,DRIP,336,336,1,73,4760.0,61769.0,14308,52221,0.07706130907089316,0.0911510694931158
HME100K/test/test_images/test_1357.jpg,Fixed,336,336,1,72,6720.0,59613.0,14112,52221,0.11272708972875044,0.12868386281381053
HME100K/test/test_images/test_1357.jpg,PruneSID,336,336,1,71,6776.0,59361.0,13916,52221,0.11414902040059972,0.12975622833725894
HME100K/test/test_images/test_13810.jpg,DRIP,336,336,1,73,12096.0,103012.0,14308,100800,0.11742321282957326,0.12
HME100K/test/test_images/test_13810.jpg,Fixed,336,336,1,72,12600.0,102312.0,14112,100800,0.12315270935960591,0.125
HME100K/test/test_images/test_13810.jpg,PruneSID,336,336,1,71,13020.0,101696.0,13916,100800,0.1280286343612335,0.12916666666666668
HME100K/test/test_images/test_13938.jpg,DRIP,336,336,1,73,5039.0,72652.0,14308,63383,0.06935803556681165,0.07950081252070744
HME100K/test/test_images/test_13938.jpg,Fixed,336,336,1,72,7938.0,69557.0,14112,63383,0.11412223068850008,0.12523862865437105
HME100K/test/test_images/test_13938.jpg,PruneSID,336,336,1,71,9772.0,67527.0,13916,63383,0.1447124853762199,0.15417383210008992
HME100K/test/test_images/test_14129.jpg,DRIP,336,336,4,73,4760.0,68990.0,14308,59442,0.06899550659515871,0.08007805928468087
HME100K/test/test_images/test_14129.jpg,Fixed,336,336,4,72,6804.0,66750.0,14112,59442,0.10193258426966292,0.11446452003633795
HME100K/test/test_images/test_14129.jpg,PruneSID,336,336,4,71,9068.0,64290.0,13916,59442,0.14104837455280758,0.15255206756165673
HME100K/test/test_images/test_14409.jpg,DRIP,336,336,1,73,12390.0,92974.0,14308,91056,0.13326306279174824,0.136070110701107
HME100K/test/test_images/test_14409.jpg,Fixed,336,336,1,72,11368.0,93800.0,14112,91056,0.12119402985074627,0.12484624846248463
HME100K/test/test_images/test_14409.jpg,PruneSID,336,336,1,71,10598.0,94374.0,13916,91056,0.11229787865301884,0.116389913899139
HME100K/test/test_images/test_14771.jpg,DRIP,336,336,1,72,4662.0,95466.0,14112,86016,0.048834139903211615,0.05419921875
HME100K/test/test_images/test_14771.jpg,Fixed,336,336,1,72,10752.0,89376.0,14112,86016,0.12030075187969924,0.125
HME100K/test/test_images/test_14771.jpg,PruneSID,336,336,1,71,10598.0,89334.0,13916,86016,0.1186334430340072,0.12320963541666667
HME100K/test/test_images/test_15709.jpg,DRIP,336,336,1,73,8890.0,78986.0,14308,73568,0.11255159142126453,0.12084058286211397
HME100K/test/test_images/test_15709.jpg,Fixed,336,336,1,72,9170.0,78510.0,14112,73568,0.11680040759138963,0.12464658547194432
HME100K/test/test_images/test_15709.jpg,PruneSID,336,336,1,71,8853.0,78631.0,13916,73568,0.1125891823835383,0.1203376468029578
HME100K/test/test_images/test_15865.jpg,DRIP,336,336,1,72,9478.0,104426.0,14112,99792,0.09076283684139966,0.09497755331088664
HME100K/test/test_images/test_15865.jpg,Fixed,336,336,1,72,12474.0,101430.0,14112,99792,0.12298136645962733,0.125
HME100K/test/test_images/test_15865.jpg,PruneSID,336,336,1,71,11340.0,102368.0,13916,99792,0.11077680525164114,0.11363636363636363
HME100K/test/test_images/test_16376.jpg,DRIP,336,336,2,72,8876.0,85732.0,14112,80496,0.10353193673307516,0.11026634863844166
HME100K/test/test_images/test_16376.jpg,Fixed,336,336,2,72,10762.0,83846.0,14112,80496,0.12835436395296138,0.13369608427747962
HME100K/test/test_images/test_16376.jpg,PruneSID,336,336,2,71,11578.0,82834.0,13916,80496,0.13977352294951348,0.14383323394951303
HME100K/test/test_images/test_17208.jpg,DRIP,336,336,1,73,4158.0,62476.0,14308,52326,0.06655355656572123,0.07946336429308566
HME100K/test/test_images/test_17208.jpg,Fixed,336,336,1,72,6468.0,59970.0,14112,52326,0.10785392696348174,0.12360967778924435
HME100K/test/test_images/test_17208.jpg,PruneSID,336,336,1,71,7696.0,58546.0,13916,52326,0.1314521914392102,0.1470779344876352
HME100K/test/test_images/test_17276.jpg,DRIP,336,336,0,73,,,14308,0,,
HME100K/test/test_images/test_17276.jpg,Fixed,336,336,0,72,,,14112,0,,
HME100K/test/test_images/test_17276.jpg,PruneSID,336,336,0,71,,,13916,0,,
HME100K/test/test_images/test_17522.jpg,DRIP,336,336,1,72,8148.0,75684.0,14112,69720,0.1076581576026637,0.11686746987951807
HME100K/test/test_images/test_17522.jpg,Fixed,336,336,1,72,7994.0,75838.0,14112,69720,0.10540889791397452,0.11465863453815262
HME100K/test/test_images/test_17522.jpg,PruneSID,336,336,1,71,7910.0,75726.0,13916,69720,0.10445553706784988,0.11345381526104417
HME100K/test/test_images/test_18139.jpg,DRIP,336,336,1,73,2616.0,57276.0,14308,45584,0.04567358055730149,0.05738855738855739
HME100K/test/test_images/test_18139.jpg,Fixed,336,336,1,72,5936.0,53760.0,14112,45584,0.11041666666666666,0.13022113022113022
HME100K/test/test_images/test_18139.jpg,PruneSID,336,336,1,71,6916.0,52584.0,13916,45584,0.13152289669861555,0.1517199017199017
HME100K/test/test_images/test_18172.jpg,DRIP,336,336,3,73,6083.0,79031.0,14308,70806,0.07696979666206931,0.08591079851989944
HME100K/test/test_images/test_18172.jpg,Fixed,336,336,3,72,8649.0,76269.0,14112,70806,0.1134012508358573,0.12215066519786459
HME100K/test/test_images/test_18172.jpg,PruneSID,336,336,3,71,10702.0,74020.0,13916,70806,0.14458254525803838,0.15114538315961923
HME100K/test/test_images/test_18398.jpg,DRIP,336,336,1,73,4564.0,82320.0,14308,72576,0.0554421768707483,0.0628858024691358
HME100K/test/test_images/test_18398.jpg,Fixed,336,336,1,72,9072.0,77616.0,14112,72576,0.11688311688311688,0.125
HME100K/test/test_images/test_18398.jpg,PruneSID,336,336,1,71,10276.0,76216.0,13916,72576,0.13482733284349743,0.1415895061728395
HME100K/test/test_images/test_1867.jpg,DRIP,336,336,0,72,,,14112,0,,
HME100K/test/test_images/test_1867.jpg,Fixed,336,336,0,72,,,14112,0,,
HME100K/test/test_images/test_1867.jpg,PruneSID,336,336,0,71,,,13916,0,,
HME100K/test/test_images/test_19236.jpg,DRIP,336,336,1,73,5348.0,69888.0,14308,60928,0.0765224358974359,0.08777573529411764
HME100K/test/test_images/test_19236.jpg,Fixed,336,336,1,72,8106.0,66934.0,14112,60928,0.12110437147040368,0.13304227941176472
HME100K/test/test_images/test_19236.jpg,PruneSID,336,336,1,71,6608.0,68236.0,13916,60928,0.09684037751333607,0.10845588235294118
HME100K/test/test_images/test_19362.jpg,DRIP,336,336,1,73,4197.0,51526.0,14308,41415,0.0814540232115825,0.10134009416877943
HME100K/test/test_images/test_19362.jpg,Fixed,336,336,1,72,4536.0,50991.0,14112,41415,0.08895687474260164,0.10952553422672945
HME100K/test/test_images/test_19362.jpg,PruneSID,336,336,1,71,4382.0,50949.0,13916,41415,0.08600757620365464,0.10580707473137752
HME100K/test/test_images/test_19514.jpg,DRIP,336,336,0,73,,,14308,0,,
HME100K/test/test_images/test_19514.jpg,Fixed,336,336,0,72,,,14112,0,,
HME100K/test/test_images/test_19514.jpg,PruneSID,336,336,0,71,,,13916,0,,
HME100K/test/test_images/test_19628.jpg,DRIP,336,336,1,73,3218.0,47953.0,14308,36863,0.06710737597230622,0.08729620486666848
HME100K/test/test_images/test_19628.jpg,Fixed,336,336,1,72,5348.0,45627.0,14112,36863,0.11721130032656103,0.14507772020725387
HME100K/test/test_images/test_19628.jpg,PruneSID,336,336,1,71,4912.0,45867.0,13916,36863,0.10709224496914993,0.13325014241922795
HME100K/test/test_images/test_20065.jpg,DRIP,336,336,1,72,6174.0,71442.0,14112,63504,0.08641975308641975,0.09722222222222222
HME100K/test/test_images/test_20065.jpg,Fixed,336,336,1,72,8036.0,69580.0,14112,63504,0.11549295774647887,0.12654320987654322
HME100K/test/test_images/test_20065.jpg,PruneSID,336,336,1,71,9898.0,67522.0,13916,63504,0.14658925979680695,0.1558641975308642
HME100K/test/test_images/test_203.jpg,DRIP,336,336,2,73,2352.0,64798.0,14308,52842,0.0362974165869317,0.044510048824798455
HME100K/test/test_images/test_203.jpg,Fixed,336,336,2,72,7271.0,59683.0,14112,52842,0.12182698590888527,0.1375988796790432
HME100K/test/test_images/test_203.jpg,PruneSID,336,336,2,71,9142.0,57616.0,13916,52842,0.15867120244376562,0.17300632072972258
HME100K/test/test_images/test_20812.jpg,DRIP,336,336,1,72,5572.0,84532.0,14112,75992,0.06591586618085458,0.0733235077376566
HME100K/test/test_images/test_20812.jpg,Fixed,336,336,1,72,9912.0,80192.0,14112,75992,0.12360335195530726,0.13043478260869565
HME100K/test/test_images/test_20812.jpg,PruneSID,336,336,1,71,8736.0,81172.0,13916,75992,0.10762331838565023,0.11495946941783346
HME100K/test/test_images/test_21416.jpg,DRIP,336,336,1,72,826.0,30758.0,14112,17472,0.026854802002730997,0.047275641025641024
HME100K/test/test_images/test_21416.jpg,Fixed,336,336,1,72,1918.0,29666.0,14112,17472,0.06465313827277018,0.10977564102564102
HME100K/test/test_images/test_21416.jpg,PruneSID,336,336,1,71,3066.0,28322.0,13916,17472,0.10825506673257539,0.17548076923076922
HME100K/test/test_images/test_21622.jpg,DRIP,336,336,1,72,10136.0,98029.0,14112,94053,0.10339797406889797,0.10776902384825578
HME100K/test/test_images/test_21622.jpg,Fixed,336,336,1,72,11886.0,96279.0,14112,94053,0.12345371264761786,0.12637555420879718
HME100K/test/test_images/test_21622.jpg,PruneSID,336,336,1,71,10724.0,97245.0,13916,94053,0.11027816340171731,0.11402081804939768
HME100K/test/test_images/test_21692.jpg,DRIP,336,336,1,73,7789.0,86720.0,14308,80201,0.08981780442804428,0.0971184897943916
HME100K/test/test_images/test_21692.jpg,Fixed,336,336,1,72,9758.0,84555.0,14112,80201,0.1154041747974691,0.12166930586900412
HME100K/test/test_images/test_21692.jpg,PruneSID,336,336,1,71,11060.0,83057.0,13916,80201,0.13316156374537969,0.1379035174125011
HME100K/test/test_images/test_22088.jpg,DRIP,336,336,1,73,231.0,41482.0,14308,27405,0.005568680391495107,0.00842911877394636
HME100K/test/test_images/test_22088.jpg,Fixed,336,336,1,72,2646.0,38871.0,14112,27405,0.06807131280388978,0.09655172413793103
HME100K/test/test_images/test_22088.jpg,PruneSID,336,336,1,71,6216.0,35105.0,13916,27405,0.17706879361914257,0.2268199233716475
HME100K/test/test_images/test_22563.jpg,DRIP,336,336,1,72,6776.0,79546.0,14112,72210,0.08518341588514822,0.09383741864007755
HME100K/test/test_images/test_22563.jpg,Fixed,336,336,1,72,8384.0,77938.0,14112,72210,0.10757268598116451,0.11610580252042653
HME100K/test/test_images/test_22563.jpg,PruneSID,336,336,1,71,9898.0,76228.0,13916,72210,0.1298473002046492,0.13707242764160088
HME100K/test/test_images/test_22635.jpg,DRIP,336,336,2,73,6642.0,80832.0,14308,73166,0.08217042755344418,0.09077987043162125
HME100K/test/test_images/test_22635.jpg,Fixed,336,336,2,72,9310.0,77968.0,14112,73166,0.11940796224091935,0.12724489516988766
HME100K/test/test_images/test_22635.jpg,PruneSID,336,336,2,71,10710.0,76372.0,13916,73166,0.14023464096789398,0.14637946587212639
HME100K/test/test_images/test_22658.jpg,DRIP,336,336,1,73,6146.0,83646.0,14308,75484,0.07347631685914449,0.08142122833978062
HME100K/test/test_images/test_22658.jpg,Fixed,336,336,1,72,9490.0,80106.0,14112,75484,0.11846802986043492,0.125722007312808
HME100K/test/test_images/test_22658.jpg,PruneSID,336,336,1,71,10528.0,78872.0,13916,75484,0.13348209757581905,0.1394732658576652
HME100K/test/test_images/test_23521.jpg,DRIP,336,336,1,72,4522.0,72737.0,14112,63147,0.06216918487152343,0.07161068617669882
HME100K/test/test_images/test_23521.jpg,Fixed,336,336,1,72,8043.0,69216.0,14112,63147,0.11620145631067962,0.12736947123378783
HME100K/test/test_images/test_23521.jpg,PruneSID,336,336,1,71,8806.0,68257.0,13916,63147,0.12901240898369398,0.13945238887041347
HME100K/test/test_images/test_23917.jpg,DRIP,336,336,1,73,12362.0,109130.0,14308,107184,0.11327774214239897,0.11533437826541275
HME100K/test/test_images/test_23917.jpg,Fixed,336,336,1,72,13398.0,107898.0,14112,107184,0.12417282989490074,0.125
HME100K/test/test_images/test_23917.jpg,PruneSID,336,336,1,71,13440.0,107660.0,13916,107184,0.12483745123537061,0.12539184952978055
HME100K/test/test_images/test_23971.jpg,DRIP,336,336,1,72,556.0,30638.0,14112,17082,0.018147398655264706,0.03254888186395036
HME100K/test/test_images/test_23971.jpg,Fixed,336,336,1,72,2142.0,29052.0,14112,17082,0.07372986369268897,0.12539515279241306
HME100K/test/test_images/test_23971.jpg,PruneSID,336,336,1,71,3514.0,27484.0,13916,17082,0.1278562072478533,0.20571361667252078
HME100K/test/test_images/test_2419.jpg,DRIP,336,336,1,73,7252.0,69344.0,14308,62288,0.10458006460544532,0.11642692011302337
HME100K/test/test_images/test_2419.jpg,Fixed,336,336,1,72,7616.0,68784.0,14112,62288,0.11072342405210514,0.1222707423580786
HME100K/test/test_images/test_2419.jpg,PruneSID,336,336,1,71,7616.0,68588.0,13916,62288,0.11103983204059019,0.1222707423580786
HME100K/test/test_images/test_24605.jpg,DRIP,336,336,1,73,5866.0,82698.0,14308,74256,0.07093279160318267,0.07899698340874811
HME100K/test/test_images/test_24605.jpg,Fixed,336,336,1,72,9282.0,79086.0,14112,74256,0.11736590546999469,0.125
HME100K/test/test_images/test_24605.jpg,PruneSID,336,336,1,71,10752.0,77420.0,13916,74256,0.13887884267631104,0.14479638009049775
HME100K/test/test_images/test_24915.jpg,DRIP,336,336,2,73,3427.0,52906.0,14308,42025,0.06477526178505273,0.0815466983938132
HME100K/test/test_images/test_24915.jpg,Fixed,336,336,2,72,4560.0,51577.0,14112,42025,0.08841150125055743,0.10850684116597263
HME100K/test/test_images/test_24915.jpg,PruneSID,336,336,2,71,4984.0,50957.0,13916,42025,0.09780795572737798,0.1185960737656157
HME100K/test/test_images/test_25355.jpg,DRIP,336,336,1,73,3178.0,54474.0,14308,43344,0.05833975841685942,0.0733204134366925
HME100K/test/test_images/test_25355.jpg,Fixed,336,336,1,72,5418.0,52038.0,14112,43344,0.10411622276029056,0.125
HME100K/test/test_images/test_25355.jpg,PruneSID,336,336,1,71,5544.0,51716.0,13916,43344,0.10720086626962642,0.12790697674418605
HME100K/test/test_images/test_25486.jpg,DRIP,336,336,1,72,4690.0,69104.0,14112,59682,0.06786871961102107,0.07858315740089139
HME100K/test/test_images/test_25486.jpg,Fixed,336,336,1,72,7476.0,66318.0,14112,59682,0.11272957568081064,0.12526389866291343
HME100K/test/test_images/test_25486.jpg,PruneSID,336,336,1,71,9534.0,64064.0,13916,59682,0.14881993006993008,0.1597466572836031
HME100K/test/test_images/test_25578.jpg,DRIP,336,336,1,73,11942.0,100342.0,14308,97976,0.11901297562336809,0.12188699273291419
HME100K/test/test_images/test_25578.jpg,Fixed,336,336,1,72,12292.0,99796.0,14112,97976,0.1231712693895547,0.1254592961541602
HME100K/test/test_images/test_25578.jpg,PruneSID,336,336,1,71,12600.0,99292.0,13916,97976,0.12689844096201103,0.1286029231648567
HME100K/test/test_images/test_26014.jpg,DRIP,336,336,1,73,12259.0,101174.0,14308,99125,0.12116749362484433,0.12367213114754098
HME100K/test/test_images/test_26014.jpg,Fixed,336,336,1,72,12390.0,100847.0,14112,99125,0.12285938104256944,0.1249936948297604
HME100K/test/test_images/test_26014.jpg,PruneSID,336,336,1,71,12236.0,100805.0,13916,99125,0.12138286791329796,0.12344010088272384
HME100K/test/test_images/test_26546.jpg,DRIP,336,336,1,73,6510.0,81139.0,14308,73341,0.0802326871171693,0.08876344745776578
HME100K/test/test_images/test_26546.jpg,Fixed,336,336,1,72,8666.0,78787.0,14112,73341,0.1099927653039207,0.11816037414270326
HME100K/test/test_images/test_26546.jpg,PruneSID,336,336,1,71,8525.0,78732.0,13916,73341,0.10827871767515114,0.11623784786135995
HME100K/test/test_images/test_26863.jpg,DRIP,336,336,1,72,974.0,24919.0,14112,11781,0.03908664071591958,0.08267549444020032
HME100K/test/test_images/test_26863.jpg,Fixed,336,336,1,72,1649.0,24244.0,14112,11781,0.0680168289061211,0.13997113997113997
HME100K/test/test_images/test_26863.jpg,PruneSID,336,336,1,71,2232.0,23465.0,13916,11781,0.09512039207330066,0.1894576012223071
HME100K/test/test_images/test_27049.jpg,DRIP,336,336,2,73,1526.0,56921.0,14308,44139,0.026809086277472288,0.03457260019483903
HME100K/test/test_images/test_27049.jpg,Fixed,336,336,2,72,4388.0,53863.0,14112,44139,0.08146594136977146,0.09941321733614264
HME100K/test/test_images/test_27049.jpg,PruneSID,336,336,2,71,7980.0,50075.0,13916,44139,0.15936095856215676,0.18079249643172704
HME100K/test/test_images/test_27275.jpg,DRIP,336,336,1,73,11088.0,102851.0,14308,99631,0.10780643844007351,0.11129066254479028
HME100K/test/test_images/test_27275.jpg,Fixed,336,336,1,72,12558.0,101185.0,14112,99631,0.12410930473884468,0.12604510644277384
HME100K/test/test_images/test_27275.jpg,PruneSID,336,336,1,71,12796.0,100751.0,13916,99631,0.1270061835614535,0.12843392116911403
HME100K/test/test_images/test_27314.jpg,DRIP,336,336,2,72,3542.0,73093.0,14112,62523,0.04845881274540654,0.05665115237592566
HME100K/test/test_images/test_27314.jpg,Fixed,336,336,2,72,8135.0,68500.0,14112,62523,0.11875912408759125,0.13011211874030357
HME100K/test/test_images/test_27314.jpg,PruneSID,336,336,2,71,9087.0,67352.0,13916,62523,0.13491804252286496,0.14533851542632312
HME100K/test/test_images/test_27456.jpg,DRIP,336,336,1,72,8120.0,93688.0,14112,87696,0.08667065152420801,0.09259259259259259
HME100K/test/test_images/test_27456.jpg,Fixed,336,336,1,72,10962.0,90846.0,14112,87696,0.12066574202496533,0.125
HME100K/test/test_images/test_27456.jpg,PruneSID,336,336,1,71,12180.0,89432.0,13916,87696,0.13619286161552913,0.1388888888888889
HME100K/test/test_images/test_2778.jpg,DRIP,336,336,2,73,6153.0,61357.0,14308,53202,0.1002819564189905,0.11565354685914063
HME100K/test/test_images/test_2778.jpg,Fixed,336,336,2,72,5989.0,61325.0,14112,53202,0.0976600081532817,0.11257095597909852
HME100K/test/test_images/test_2778.jpg,PruneSID,336,336,2,71,5614.0,61504.0,13916,53202,0.09127861602497399,0.10552234878388031
HME100K/test/test_images/test_27807.jpg,DRIP,336,336,0,73,,,14308,0,,
HME100K/test/test_images/test_27807.jpg,Fixed,336,336,0,72,,,14112,0,,
HME100K/test/test_images/test_27807.jpg,PruneSID,336,336,0,71,,,13916,0,,
HME100K/test/test_images/test_27815.jpg,DRIP,336,336,1,72,11284.0,102128.0,14112,99300,0.1104887983706721,0.11363544813695871
HME100K/test/test_images/test_27815.jpg,Fixed,336,336,1,72,12460.0,100952.0,14112,99300,0.12342499405658135,0.12547834843907352
HME100K/test/test_images/test_27815.jpg,PruneSID,336,336,1,71,12740.0,100476.0,13916,99300,0.12679644890322067,0.1282980866062437
HME100K/test/test_images/test_28057.jpg,DRIP,336,336,1,73,7756.0,55356.0,14308,48804,0.14011127971674253,0.1589213998852553
HME100K/test/test_images/test_28057.jpg,Fixed,336,336,1,72,5488.0,57428.0,14112,48804,0.09556313993174062,0.11244979919678715
HME100K/test/test_images/test_28057.jpg,PruneSID,336,336,1,71,6972.0,55748.0,13916,48804,0.12506278252134606,0.14285714285714285
HME100K/test/test_images/test_28364.jpg,DRIP,336,336,1,72,13132.0,107156.0,14112,106176,0.12255030049647243,0.12368143459915612
HME100K/test/test_images/test_28364.jpg,Fixed,336,336,1,72,13272.0,107016.0,14112,106176,0.12401883830455258,0.125
HME100K/test/test_images/test_28364.jpg,PruneSID,336,336,1,71,12880.0,107212.0,13916,106176,0.12013580569339254,0.12130801687763713
HME100K/test/test_images/test_28533.jpg,DRIP,336,336,2,72,7906.0,89504.0,14112,83298,0.088331247765463,0.09491224279094336
HME100K/test/test_images/test_28533.jpg,Fixed,336,336,2,72,10038.0,87372.0,14112,83298,0.11488806482626013,0.12050709500828351
HME100K/test/test_images/test_28533.jpg,PruneSID,336,336,2,71,9502.0,87712.0,13916,83298,0.1083318132068588,0.1140723666834738
HME100K/test/test_images/test_28811.jpg,DRIP,336,336,3,73,5527.0,85441.0,14308,76660,0.06468791329689494,0.07209757370206105
HME100K/test/test_images/test_28811.jpg,Fixed,336,336,3,72,9701.0,81071.0,14112,76660,0.11966054446102799,0.12654578659013827
HME100K/test/test_images/test_28811.jpg,PruneSID,336,336,3,71,11046.0,79530.0,13916,76660,0.13889098453413806,0.14409079050352205
HME100K/test/test_images/test_2887.jpg,DRIP,336,336,1,72,8428.0,95732.0,14112,90048,0.08803743784732378,0.09359452736318408
HME100K/test/test_images/test_2887.jpg,Fixed,336,336,1,72,11256.0,92904.0,14112,90048,0.12115732368896925,0.125
HME100K/test/test_images/test_2887.jpg,PruneSID,336,336,1,71,11088.0,92876.0,13916,90048,0.11938498643352427,0.12313432835820895
HME100K/test/test_images/test_28897.jpg,DRIP,336,336,2,73,1644.0,33820.0,14308,21156,0.04861028976936724,0.07770845150311968
HME100K/test/test_images/test_28897.jpg,Fixed,336,336,2,72,3500.0,31768.0,14112,21156,0.1101737597582473,0.1654377008886368
HME100K/test/test_images/test_28897.jpg,PruneSID,336,336,2,71,5256.0,29816.0,13916,21156,0.176281191306681,0.24844015882019285
HME100K/test/test_images/test_29196.jpg,DRIP,336,336,1,72,1484.0,29773.0,14112,17145,0.049843818224565885,0.08655584718576845
HME100K/test/test_images/test_29196.jpg,Fixed,336,336,1,72,2094.0,29163.0,14112,17145,0.07180331241641806,0.1221347331583552
HME100K/test/test_images/test_29196.jpg,PruneSID,336,336,1,71,4872.0,26189.0,13916,17145,0.1860323036389324,0.28416447944007
HME100K/test/test_images/test_29261.jpg,DRIP,336,336,1,73,7920.0,93772.0,14308,87384,0.08446018001109074,0.09063444108761329
HME100K/test/test_images/test_29261.jpg,Fixed,336,336,1,72,10948.0,90548.0,14112,87384,0.12090824755930556,0.1252860935640392
HME100K/test/test_images/test_29261.jpg,PruneSID,336,336,1,71,11648.0,89652.0,13916,87384,0.1299245973319056,0.13329671335713633
HME100K/test/test_images/test_29346.jpg,DRIP,336,336,1,73,2212.0,32896.0,14308,20800,0.06724221789883268,0.10634615384615384
HME100K/test/test_images/test_29346.jpg,Fixed,336,336,1,72,2632.0,32280.0,14112,20800,0.0815365551425031,0.12653846153846154
HME100K/test/test_images/test_29346.jpg,PruneSID,336,336,1,71,1456.0,33260.0,13916,20800,0.043776307877330126,0.07
HME100K/test/test_images/test_29764.jpg,DRIP,336,336,1,73,658.0,43185.0,14308,29535,0.015236772027324302,0.02227865244625021
HME100K/test/test_images/test_29764.jpg,Fixed,336,336,1,72,4004.0,39643.0,14112,29535,0.10100143783265646,0.1355679702048417
HME100K/test/test_images/test_29764.jpg,PruneSID,336,336,1,71,5446.0,38005.0,13916,29535,0.14329693461386658,0.18439140003385812
HME100K/test/test_images/test_3187.jpg,DRIP,336,336,1,72,4008.0,55305.0,14112,45201,0.07247084350420396,0.08867060463264087
HME100K/test/test_images/test_3187.jpg,Fixed,336,336,1,72,6305.0,53008.0,14112,45201,0.118944310292786,0.13948806442335346
HME100K/test/test_images/test_3187.jpg,PruneSID,336,336,1,71,5614.0,53503.0,13916,45201,0.10492869558716333,0.1242007920178757
HME100K/test/test_images/test_3263.jpg,DRIP,336,336,3,73,7794.0,77459.0,14308,70945,0.10062097367639654,0.1098597505109592
HME100K/test/test_images/test_3263.jpg,Fixed,336,336,3,72,8526.0,76531.0,14112,70945,0.11140583554376658,0.12017760236803157
HME100K/test/test_images/test_3263.jpg,PruneSID,336,336,3,71,11366.0,73495.0,13916,70945,0.1546499761888564,0.16020861230530692
HME100K/test/test_images/test_3292.jpg,DRIP,336,336,2,73,6112.0,71715.0,14308,63519,0.08522624276650631,0.09622317731702325
HME100K/test/test_images/test_3292.jpg,Fixed,336,336,2,72,7994.0,69637.0,14112,63519,0.11479529560434826,0.12585210724350193
HME100K/test/test_images/test_3292.jpg,PruneSID,336,336,2,71,10738.0,66697.0,13916,63519,0.16099674648035145,0.1690517797824273
HME100K/test/test_images/test_344.jpg,DRIP,336,336,1,72,5163.0,57855.0,14112,48906,0.08924034223489759,0.10556986872776346
HME100K/test/test_images/test_344.jpg,Fixed,336,336,1,72,5544.0,57474.0,14112,48906,0.09646100845599749,0.11336032388663968
HME100K/test/test_images/test_344.jpg,PruneSID,336,336,1,71,5110.0,57712.0,13916,48906,0.08854311061824231,0.10448615711773607
HME100K/test/test_images/test_3467.jpg,DRIP,336,336,1,73,5460.0,58768.0,14308,49920,0.09290770487340048,0.109375
HME100K/test/test_images/test_3467.jpg,Fixed,336,336,1,72,6090.0,57942.0,14112,49920,0.10510510510510511,0.1219951923076923
HME100K/test/test_images/test_3467.jpg,PruneSID,336,336,1,71,7316.0,56520.0,13916,49920,0.1294409058740269,0.1465544871794872
HME100K/test/test_images/test_3667.jpg,DRIP,336,336,2,72,5514.0,67478.0,14112,58880,0.08171552209609058,0.09364809782608696
HME100K/test/test_images/test_3667.jpg,Fixed,336,336,2,72,6804.0,66188.0,14112,58880,0.10279809028826978,0.1155570652173913
HME100K/test/test_images/test_3667.jpg,PruneSID,336,336,2,71,7308.0,65488.0,13916,58880,0.11159296359638407,0.12411684782608695
HME100K/test/test_images/test_3866.jpg,DRIP,336,336,3,72,4173.0,39660.0,14112,29721,0.10521936459909229,0.14040577369536691
HME100K/test/test_images/test_3866.jpg,Fixed,336,336,3,72,2704.0,41129.0,14112,29721,0.06574436528969826,0.09097944214528447
HME100K/test/test_images/test_3866.jpg,PruneSID,336,336,3,71,5061.0,38576.0,13916,29721,0.1311955620074658,0.1702836378318361
HME100K/test/test_images/test_4367.jpg,DRIP,336,336,3,72,4009.0,56257.0,14112,46154,0.07126224292088096,0.08686137712874291
HME100K/test/test_images/test_4367.jpg,Fixed,336,336,3,72,6310.0,53956.0,14112,46154,0.11694714211579806,0.1367162109459635
HME100K/test/test_images/test_4367.jpg,PruneSID,336,336,3,71,10149.0,49921.0,13916,46154,0.20330121592115544,0.21989426701910994
HME100K/test/test_images/test_455.jpg,DRIP,336,336,0,72,,,14112,0,,
HME100K/test/test_images/test_455.jpg,Fixed,336,336,0,72,,,14112,0,,
HME100K/test/test_images/test_455.jpg,PruneSID,336,336,0,71,,,13916,0,,
HME100K/test/test_images/test_5196.jpg,DRIP,336,336,2,72,2772.0,71856.0,14112,60516,0.03857715430861723,0.04580606781677573
HME100K/test/test_images/test_5196.jpg,Fixed,336,336,2,72,7350.0,67278.0,14112,60516,0.10924819406046553,0.1214554828475114
HME100K/test/test_images/test_5196.jpg,PruneSID,336,336,2,71,7448.0,66984.0,13916,60516,0.11119073211513197,0.12307488928547822
HME100K/test/test_images/test_5918.jpg,DRIP,336,336,1,72,11461.0,101732.0,14112,99081,0.1126587504423387,0.1156730351934276
HME100K/test/test_images/test_5918.jpg,Fixed,336,336,1,72,12371.0,100822.0,14112,99081,0.12270139453690662,0.1248574398724276
HME100K/test/test_images/test_5918.jpg,PruneSID,336,336,1,71,11987.0,101010.0,13916,99081,0.11867141867141867,0.1209818229529375
HME100K/test/test_images/test_6029.jpg,DRIP,336,336,1,73,10248.0,97468.0,14308,93408,0.10514220051709279,0.10971223021582734
HME100K/test/test_images/test_6029.jpg,Fixed,336,336,1,72,11676.0,95844.0,14112,93408,0.12182296231375986,0.125
HME100K/test/test_images/test_6029.jpg,PruneSID,336,336,1,71,12068.0,95256.0,13916,93408,0.1266901822457378,0.12919664268585132
HME100K/test/test_images/test_6320.jpg,DRIP,336,336,1,73,6990.0,81831.0,14308,74513,0.08541995087436302,0.09380913397662152
HME100K/test/test_images/test_6320.jpg,Fixed,336,336,1,72,8988.0,79637.0,14112,74513,0.1128621118324397,0.1206232469501966
HME100K/test/test_images/test_6320.jpg,PruneSID,336,336,1,71,8862.0,79567.0,13916,74513,0.11137783251850641,0.11893226685276395
HME100K/test/test_images/test_6570.jpg,DRIP,336,336,1,72,11174.0,97804.0,14112,94866,0.11424890597521574,0.1177871945691818
HME100K/test/test_images/test_6570.jpg,Fixed,336,336,1,72,11802.0,97176.0,14112,94866,0.1214497406767103,0.12440705837707924
HME100K/test/test_images/test_6570.jpg,PruneSID,336,336,1,71,12362.0,96420.0,13916,94866,0.12820991495540343,0.13031012164526806
HME100K/test/test_images/test_6802.jpg,DRIP,336,336,1,72,12208.0,102704.0,14112,100800,0.11886586695747,0.12111111111111111
HME100K/test/test_images/test_6802.jpg,Fixed,336,336,1,72,12600.0,102312.0,14112,100800,0.12315270935960591,0.125
HME100K/test/test_images/test_6802.jpg,PruneSID,336,336,1,71,13328.0,101388.0,13916,100800,0.13145539906103287,0.1322222222222222
HME100K/test/test_images/test_7168.jpg,DRIP,336,336,1,72,4550.0,83597.0,14112,74035,0.054427790470949915,0.061457418788410885
HME100K/test/test_images/test_7168.jpg,Fixed,336,336,1,72,9282.0,78865.0,14112,74035,0.1176947949026818,0.1253731343283582
HME100K/test/test_images/test_7168.jpg,PruneSID,336,336,1,71,10416.0,77535.0,13916,74035,0.1343393306248791,0.1406902140879314
HME100K/test/test_images/test_743.jpg,DRIP,336,336,2,73,4438.0,59458.0,14308,49588,0.07464092300447375,0.08949745906267645
HME100K/test/test_images/test_743.jpg,Fixed,336,336,2,72,5852.0,57848.0,14112,49588,0.10116166505324298,0.11801242236024845
HME100K/test/test_images/test_743.jpg,PruneSID,336,336,2,71,7490.0,56014.0,13916,49588,0.13371657085728567,0.1510446075663467
HME100K/test/test_images/test_7613.jpg,DRIP,336,336,1,72,4987.0,64312.0,14112,55187,0.07754384873740515,0.09036548462500227
HME100K/test/test_images/test_7613.jpg,Fixed,336,336,1,72,6720.0,62579.0,14112,55187,0.10738426628741271,0.12176780763585628
HME100K/test/test_images/test_7613.jpg,PruneSID,336,336,1,71,7252.0,61851.0,13916,55187,0.11724951900535158,0.1314077590736949
HME100K/test/test_images/test_7682.jpg,DRIP,336,336,2,72,3833.0,75229.0,14112,64950,0.050951095986919936,0.05901462663587375
HME100K/test/test_images/test_7682.jpg,Fixed,336,336,2,72,8960.0,70102.0,14112,64950,0.12781375709680182,0.13795227097767512
HME100K/test/test_images/test_7682.jpg,PruneSID,336,336,2,71,10142.0,68724.0,13916,64950,0.14757581048833013,0.15615088529638183
HME100K/test/test_images/test_8671.jpg,DRIP,336,336,1,72,10864.0,89600.0,14112,86352,0.12125,0.125810635538262
HME100K/test/test_images/test_8671.jpg,Fixed,336,336,1,72,10598.0,89866.0,14112,86352,0.11793114192241783,0.1227302204928664
HME100K/test/test_images/test_8671.jpg,PruneSID,336,336,1,71,10262.0,90006.0,13916,86352,0.11401462124747239,0.11883916990920881
HME100K/test/test_images/test_8680.jpg,DRIP,336,336,1,73,294.0,43639.0,14308,29625,0.006737092967299892,0.009924050632911392
HME100K/test/test_images/test_8680.jpg,Fixed,336,336,1,72,3500.0,40237.0,14112,29625,0.08698461614931531,0.11814345991561181
HME100K/test/test_images/test_8680.jpg,PruneSID,336,336,1,71,3094.0,40447.0,13916,29625,0.07649516651420377,0.10443881856540084
HME100K/test/test_images/test_9379.jpg,DRIP,336,336,1,72,4385.0,73150.0,14112,63423,0.059945317840054684,0.06913895589927944
HME100K/test/test_images/test_9379.jpg,Fixed,336,336,1,72,7308.0,70227.0,14112,63423,0.10406254004869922,0.11522633744855967
HME100K/test/test_images/test_9379.jpg,PruneSID,336,336,1,71,7308.0,70031.0,13916,63423,0.10435378618040582,0.11522633744855967
HME100K/test/test_images/test_9432.jpg,DRIP,336,336,1,72,5053.0,63902.0,14112,54843,0.0790742073800507,0.0921357329103076
HME100K/test/test_images/test_9432.jpg,Fixed,336,336,1,72,6370.0,62585.0,14112,54843,0.10178157705520492,0.11614973652061339
HME100K/test/test_images/test_9432.jpg,PruneSID,336,336,1,71,8316.0,60443.0,13916,54843,0.13758417020994987,0.15163284284229528
HME100K/test/test_images/test_9853.jpg,DRIP,336,336,1,73,11522.0,107051.0,14308,104265,0.10763094226116524,0.11050688150386036
HME100K/test/test_images/test_9853.jpg,Fixed,336,336,1,72,13195.0,105182.0,14112,104265,0.12544922134966058,0.1265525344075193
HME100K/test/test_images/test_9853.jpg,PruneSID,336,336,1,71,12019.0,106162.0,13916,104265,0.11321376763813794,0.11527358173883853
IAM/a01/a01-026u/a01-026u-00-02.png,DRIP,336,336,1,73,7000.0,68410.0,14308,61102,0.1023242216050285,0.11456253477791234
IAM/a01/a01-026u/a01-026u-00-02.png,Fixed,336,336,1,72,7448.0,67766.0,14112,61102,0.1099076232919163,0.12189453700369873
IAM/a01/a01-026u/a01-026u-00-02.png,PruneSID,336,336,1,71,7574.0,67444.0,13916,61102,0.11230057529209418,0.12395666262970116
IAM/a01/a01-113/a01-113-02-04.png,DRIP,336,336,1,73,5152.0,72091.0,14308,62935,0.07146523144359213,0.08186223881782792
IAM/a01/a01-113/a01-113-02-04.png,Fixed,336,336,1,72,7546.0,69501.0,14112,62935,0.10857397735284384,0.11990148565980774
IAM/a01/a01-113/a01-113-02-04.png,PruneSID,336,336,1,71,10276.0,66575.0,13916,62935,0.15435223432219303,0.1632795741638198
IAM/a04/a04-006/a04-006-09-04.png,DRIP,336,336,1,72,3206.0,52906.0,14112,42000,0.06059804181000265,0.07633333333333334
IAM/a04/a04-006/a04-006-09-04.png,Fixed,336,336,1,72,5250.0,50862.0,14112,42000,0.10322047894302229,0.125
IAM/a04/a04-006/a04-006-09-04.png,PruneSID,336,336,1,71,10220.0,45696.0,13916,42000,0.22365196078431374,0.24333333333333335
IAM/a05/a05-089/a05-089-02-01.png,DRIP,336,336,0,73,,,14308,0,,
IAM/a05/a05-089/a05-089-02-01.png,Fixed,336,336,0,72,,,14112,0,,
IAM/a05/a05-089/a05-089-02-01.png,PruneSID,336,336,0,71,,,13916,0,,
IAM/a06/a06-057/a06-057-03-08.png,DRIP,336,336,1,72,12446.0,102802.0,14112,101136,0.12106768350810296,0.12306201550387597
IAM/a06/a06-057/a06-057-03-08.png,Fixed,336,336,1,72,12642.0,102606.0,14112,101136,0.12320916905444126,0.125
IAM/a06/a06-057/a06-057-03-08.png,PruneSID,336,336,1,71,12544.0,102508.0,13916,101136,0.12237093690248566,0.12403100775193798
IAM/b04/b04-004/b04-004-04-02.png,DRIP,336,336,0,72,,,14112,0,,
IAM/b04/b04-004/b04-004-04-02.png,Fixed,336,336,0,72,,,14112,0,,
IAM/b04/b04-004/b04-004-04-02.png,PruneSID,336,336,0,71,,,13916,0,,
IAM/b04/b04-020/b04-020-01-01.png,DRIP,336,336,1,73,14308.0,112896.0,14308,112896,0.1267361111111111,0.1267361111111111
IAM/b04/b04-020/b04-020-01-01.png,Fixed,336,336,1,72,14112.0,112896.0,14112,112896,0.125,0.125
IAM/b04/b04-020/b04-020-01-01.png,PruneSID,336,336,1,71,13916.0,112896.0,13916,112896,0.1232638888888889,0.1232638888888889
IAM/b05/b05-050/b05-050-05-01.png,DRIP,336,336,1,73,5292.0,68776.0,14308,59760,0.0769454460858439,0.08855421686746988
IAM/b05/b05-050/b05-050-05-01.png,Fixed,336,336,1,72,7448.0,66424.0,14112,59760,0.11212814645308924,0.12463186077643909
IAM/b05/b05-050/b05-050-05-01.png,PruneSID,336,336,1,71,10248.0,63428.0,13916,59760,0.16156902314435265,0.1714859437751004
IAM/c04/c04-008/c04-008-07-02.png,DRIP,336,336,1,73,4854.0,59823.0,14308,50369,0.0811393611152901,0.09636879826877642
IAM/c04/c04-008/c04-008-07-02.png,Fixed,336,336,1,72,6566.0,57915.0,14112,50369,0.11337304670638004,0.1303579582679823
IAM/c04/c04-008/c04-008-07-02.png,PruneSID,336,336,1,71,8242.0,56043.0,13916,50369,0.1470656460218047,0.16363239294010204
IAM/c04/c04-035/c04-035-06-05.png,DRIP,336,336,1,73,1204.0,45096.0,14308,31992,0.026698598545325528,0.03763440860215054
IAM/c04/c04-035/c04-035-06-05.png,Fixed,336,336,1,72,3612.0,42492.0,14112,31992,0.08500423609149958,0.11290322580645161
IAM/c04/c04-035/c04-035-06-05.png,PruneSID,336,336,1,71,7006.0,38902.0,13916,31992,0.18009356845406405,0.2189922480620155
IAM/c06/c06-076/c06-076-03-00.png,DRIP,336,336,1,73,8036.0,88592.0,14308,82320,0.09070796460176991,0.09761904761904762
IAM/c06/c06-076/c06-076-03-00.png,Fixed,336,336,1,72,10290.0,86142.0,14112,82320,0.11945392491467577,0.125
IAM/c06/c06-076/c06-076-03-00.png,PruneSID,336,336,1,71,10976.0,85260.0,13916,82320,0.12873563218390804,0.13333333333333333
IAM/c06/c06-091/c06-091-01-04.png,DRIP,336,336,1,73,7168.0,82677.0,14308,75537,0.08669884006434679,0.09489389305903068
IAM/c06/c06-091/c06-091-01-04.png,Fixed,336,336,1,72,9702.0,79947.0,14112,75537,0.12135539795114263,0.12844036697247707
IAM/c06/c06-091/c06-091-01-04.png,PruneSID,336,336,1,71,10794.0,78659.0,13916,75537,0.13722523805286108,0.14289685849318876
IAM/d04/d04-032/d04-032-01-09.png,DRIP,336,336,1,73,9296.0,73366.0,14308,68354,0.12670719406809694,0.13599789332006906
IAM/d04/d04-032/d04-032-01-09.png,Fixed,336,336,1,72,8028.0,74438.0,14112,68354,0.10784814207797093,0.11744740615033503
IAM/d04/d04-032/d04-032-01-09.png,PruneSID,336,336,1,71,9254.0,73016.0,13916,68354,0.12673934480113946,0.13538344500687596
IAM/d06/d06-003/d06-003-02-01.png,DRIP,336,336,1,73,14308.0,112896.0,14308,112896,0.1267361111111111,0.1267361111111111
IAM/d06/d06-003/d06-003-02-01.png,Fixed,336,336,1,72,14112.0,112896.0,14112,112896,0.125,0.125
IAM/d06/d06-003/d06-003-02-01.png,PruneSID,336,336,1,71,13916.0,112896.0,13916,112896,0.1232638888888889,0.1232638888888889
IAM/d06/d06-015/d06-015-04-06.png,DRIP,336,336,1,73,8960.0,104804.0,14308,99456,0.08549292011755276,0.09009009009009009
IAM/d06/d06-015/d06-015-04-06.png,Fixed,336,336,1,72,12432.0,101136.0,14112,99456,0.12292358803986711,0.125
IAM/d06/d06-015/d06-015-04-06.png,PruneSID,336,336,1,71,13356.0,100016.0,13916,99456,0.13353863381858902,0.13429054054054054
IAM/d06/d06-063/d06-063-06-01.png,DRIP,336,336,1,72,10444.0,98420.0,14112,94752,0.10611664295874822,0.11022458628841608
IAM/d06/d06-063/d06-063-06-01.png,Fixed,336,336,1,72,11844.0,97020.0,14112,94752,0.12207792207792208,0.125
IAM/d06/d06-063/d06-063-06-01.png,PruneSID,336,336,1,71,12264.0,96404.0,13916,94752,0.12721463839674702,0.12943262411347517
IAM/e02/e02-000/e02-000-04-01.png,DRIP,336,336,1,72,7882.0,86534.0,14112,80304,0.09108558485681928,0.09815202231520223
IAM/e02/e02-000/e02-000-04-01.png,Fixed,336,336,1,72,10038.0,84378.0,14112,80304,0.11896465903434544,0.125
IAM/e02/e02-000/e02-000-04-01.png,PruneSID,336,336,1,71,11774.0,82446.0,13916,80304,0.14280862625233487,0.14661785216178522
IAM/e04/e04-034/e04-034-01-05.png,DRIP,336,336,1,72,4522.0,62881.0,14112,53291,0.07191361460536569,0.08485485353999737
IAM/e04/e04-034/e04-034-01-05.png,Fixed,336,336,1,72,6762.0,60641.0,14112,53291,0.1115087152256724,0.1268882175226586
IAM/e04/e04-034/e04-034-01-05.png,PruneSID,336,336,1,71,9366.0,57841.0,13916,53291,0.16192666101900036,0.1757520031525023
IAM/e04/e04-091/e04-091-02-02.png,DRIP,336,336,1,72,9296.0,94864.0,14112,90048,0.09799291617473435,0.10323383084577115
IAM/e04/e04-091/e04-091-02-02.png,Fixed,336,336,1,72,11256.0,92904.0,14112,90048,0.12115732368896925,0.125
IAM/e04/e04-091/e04-091-02-02.png,PruneSID,336,336,1,71,12180.0,91784.0,13916,90048,0.13270286760219646,0.13526119402985073
IAM/e07/e07-012/e07-012-07-01.png,DRIP,336,336,1,72,13440.0,110880.0,14112,110208,0.12121212121212122,0.12195121951219512
IAM/e07/e07-012/e07-012-07-01.png,Fixed,336,336,1,72,13776.0,110544.0,14112,110208,0.12462006079027356,0.125
IAM/e07/e07-012/e07-012-07-01.png,PruneSID,336,336,1,71,13468.0,110656.0,13916,110208,0.12171052631578948,0.12220528455284553
IAM/f02/f02-036/f02-036-00-01.png,DRIP,336,336,1,72,9870.0,84546.0,14112,80304,0.11674118231495281,0.12290794979079497
IAM/f02/f02-036/f02-036-00-01.png,Fixed,336,336,1,72,9842.0,84574.0,14112,80304,0.11637146167853005,0.12255927475592747
IAM/f02/f02-036/f02-036-00-01.png,PruneSID,336,336,1,71,9828.0,84392.0,13916,80304,0.11645653616456536,0.12238493723849372
IAM/f04/f04-039/f04-039-06-08.png,DRIP,336,336,1,73,11813.0,106820.0,14308,104325,0.11058790488672533,0.11323268631679846
IAM/f04/f04-039/f04-039-06-08.png,Fixed,336,336,1,72,13339.0,105098.0,14112,104325,0.12691963691031227,0.1278600527198658
IAM/f04/f04-039/f04-039-06-08.png,PruneSID,336,336,1,71,12628.0,105613.0,13916,104325,0.11956861371232708,0.12104481188593338
IAM/g01/g01-031/g01-031-03-00.png,DRIP,336,336,1,73,4816.0,85428.0,14308,75936,0.05637495902982629,0.06342182890855458
IAM/g01/g01-031/g01-031-03-00.png,Fixed,336,336,1,72,9492.0,80556.0,14112,75936,0.11783107403545359,0.125
IAM/g01/g01-031/g01-031-03-00.png,PruneSID,336,336,1,71,11984.0,77868.0,13916,75936,0.15390147428982381,0.15781710914454278
IAM/g03/g03-004/g03-004-02-04.png,DRIP,336,336,1,73,8344.0,98028.0,14308,92064,0.08511853756069694,0.09063260340632603
IAM/g03/g03-004/g03-004-02-04.png,Fixed,336,336,1,72,11508.0,94668.0,14112,92064,0.12156166814551908,0.125
IAM/g03/g03-004/g03-004-02-04.png,PruneSID,336,336,1,71,13188.0,92792.0,13916,92064,0.14212432106216052,0.14324817518248176
IAM/g04/g04-098/g04-098-04-05.png,DRIP,336,336,1,73,6622.0,74879.0,14308,67193,0.08843601009628868,0.09855193249296802
IAM/g04/g04-098/g04-098-04-05.png,Fixed,336,336,1,72,8386.0,72919.0,14112,67193,0.11500431986176442,0.12480466715282842
IAM/g04/g04-098/g04-098-04-05.png,PruneSID,336,336,1,71,11564.0,69545.0,13916,67193,0.16628082536487165,0.17210126054797376
IAM/g06/g06-011e/g06-011e-05-12.png,DRIP,336,336,1,73,4704.0,77812.0,14308,68208,0.060453400503778336,0.06896551724137931
IAM/g06/g06-011e/g06-011e-05-12.png,Fixed,336,336,1,72,8526.0,73794.0,14112,68208,0.11553784860557768,0.125
IAM/g06/g06-011e/g06-011e-05-12.png,PruneSID,336,336,1,71,11368.0,70756.0,13916,68208,0.16066481994459833,0.16666666666666666
IAM/g06/g06-031l/g06-031l-03-07.png,DRIP,336,336,1,73,8948.0,90896.0,14308,85536,0.09844217567329695,0.1046109240553685
IAM/g06/g06-031l/g06-031l-03-07.png,Fixed,336,336,1,72,10824.0,88824.0,14112,85536,0.12185895703863821,0.12654320987654322
IAM/g06/g06-031l/g06-031l-03-07.png,PruneSID,336,336,1,71,11200.0,88252.0,13916,85536,0.1269093051715542,0.1309390198279087
IAM/g06/g06-037g/g06-037g-01-14.png,DRIP,336,336,1,73,3680.0,73860.0,14308,63232,0.04982399133495803,0.05819838056680162
IAM/g06/g06-037g/g06-037g-01-14.png,Fixed,336,336,1,72,7476.0,69868.0,14112,63232,0.10700177477529055,0.11823127530364372
IAM/g06/g06-037g/g06-037g-01-14.png,PruneSID,336,336,1,71,9504.0,67644.0,13916,63232,0.14050026609898883,0.15030364372469635
IAM/h01/h01-027/h01-027-05-00.png,DRIP,336,336,1,73,6216.0,77308.0,14308,69216,0.08040565012676566,0.08980582524271845
IAM/h01/h01-027/h01-027-05-00.png,Fixed,336,336,1,72,8652.0,74676.0,14112,69216,0.11586051743532058,0.125
IAM/h01/h01-027/h01-027-05-00.png,PruneSID,336,336,1,71,12152.0,70980.0,13916,69216,0.17120315581854043,0.1755663430420712
IAM/h02/h02-017/h02-017-04-04.png,DRIP,336,336,1,73,6398.0,84833.0,14308,76923,0.07541876392441621,0.08317408317408317
IAM/h02/h02-017/h02-017-04-04.png,Fixed,336,336,1,72,9702.0,81333.0,14112,76923,0.1192873741285825,0.12612612612612611
IAM/h02/h02-017/h02-017-04-04.png,PruneSID,336,336,1,71,9310.0,81529.0,13916,76923,0.11419249592169657,0.12103012103012104
IAM/h04/h04-035/h04-035-06-02.png,DRIP,336,336,2,73,7056.0,93247.0,14308,85995,0.07566999474513926,0.08205128205128205
IAM/h04/h04-035/h04-035-06-02.png,Fixed,336,336,2,72,10206.0,89901.0,14112,85995,0.11352487736510161,0.11868131868131868
IAM/h04/h04-035/h04-035-06-02.png,PruneSID,336,336,2,71,12628.0,87283.0,13916,85995,0.14467880343251263,0.14684574684574683
IAM/h07/h07-030a/h07-030a-00-04.png,DRIP,336,336,1,72,8565.0,87966.0,14112,82419,0.09736716458631745,0.10392021257234375
IAM/h07/h07-030a/h07-030a-00-04.png,Fixed,336,336,1,72,10343.0,86188.0,14112,82419,0.1200051051190421,0.12549290818864584
IAM/h07/h07-030a/h07-030a-00-04.png,PruneSID,336,336,1,71,11918.0,84417.0,13916,82419,0.14118009405688428,0.14460257950229924
IAM/h07/h07-054a/h07-054a-07-03.png,DRIP,336,336,0,73,,,14308,0,,
IAM/h07/h07-054a/h07-054a-07-03.png,Fixed,336,336,0,72,,,14112,0,,
IAM/h07/h07-054a/h07-054a-07-03.png,PruneSID,336,336,0,71,,,13916,0,,
IAM/j01/j01-045/j01-045-02-03.png,DRIP,336,336,1,73,1890.0,41671.0,14308,29253,0.045355283050562745,0.06460875807609476
IAM/j01/j01-045/j01-045-02-03.png,Fixed,336,336,1,72,3556.0,39809.0,14112,29253,0.08932653420080887,0.1215601818616894
IAM/j01/j01-045/j01-045-02-03.png,PruneSID,336,336,1,71,6496.0,36673.0,13916,29253,0.17713304065661387,0.22206269442450347
IAM/j01/j01-045/j01-045-08-06.png,DRIP,336,336,0,73,,,14308,0,,
IAM/j01/j01-045/j01-045-08-06.png,Fixed,336,336,0,72,,,14112,0,,
IAM/j01/j01-045/j01-045-08-06.png,PruneSID,336,336,0,71,,,13916,0,,
IAM/j01/j01-063/j01-063-06-04.png,DRIP,336,336,1,72,5552.0,83989.0,14112,75429,0.06610389455762064,0.07360564239218338
IAM/j01/j01-063/j01-063-06-04.png,Fixed,336,336,1,72,9646.0,79895.0,14112,75429,0.12073346266975406,0.1278818491561601
IAM/j01/j01-063/j01-063-06-04.png,PruneSID,336,336,1,71,11102.0,78243.0,13916,75429,0.1418912873995118,0.14718476978350503
IAM/j06/j06-014/j06-014-06-05.png,DRIP,336,336,1,73,6860.0,56798.0,14308,49350,0.12077890066551639,0.13900709219858157
IAM/j06/j06-014/j06-014-06-05.png,Fixed,336,336,1,72,6104.0,57358.0,14112,49350,0.10641933121796436,0.12368794326241135
IAM/j06/j06-014/j06-014-06-05.png,PruneSID,336,336,1,71,10346.0,52920.0,13916,49350,0.1955026455026455,0.20964539007092198
IAM/k02/k02-018/k02-018-00-07.png,DRIP,336,336,1,73,7000.0,81655.0,14308,74347,0.08572653236176597,0.09415309292910272
IAM/k02/k02-018/k02-018-00-07.png,Fixed,336,336,1,72,8946.0,79513.0,14112,74347,0.11250990404084867,0.12032765276339327
IAM/k02/k02-018/k02-018-00-07.png,PruneSID,336,336,1,71,10416.0,77847.0,13916,74347,0.1338009171837065,0.14009980227850485
IAM/k04/k04-110/k04-110-03-01.png,DRIP,336,336,1,73,3024.0,48367.0,14308,37083,0.06252196745715054,0.08154680042067794
IAM/k04/k04-110/k04-110-03-01.png,Fixed,336,336,1,72,3948.0,47247.0,14112,37083,0.08356086100704807,0.10646387832699619
IAM/k04/k04-110/k04-110-03-01.png,PruneSID,336,336,1,71,8540.0,42459.0,13916,37083,0.20113521279351845,0.23029420489172936
IAM/l01/l01-105/l01-105-05-03.png,DRIP,336,336,1,73,7812.0,94528.0,14308,88032,0.08264218009478673,0.08874045801526717
IAM/l01/l01-105/l01-105-05-03.png,Fixed,336,336,1,72,11004.0,91140.0,14112,88032,0.12073732718894009,0.125
IAM/l01/l01-105/l01-105-05-03.png,PruneSID,336,336,1,71,12096.0,89852.0,13916,88032,0.13462137737612964,0.13740458015267176
IAM/l04/l04-071/l04-071-03-08.png,DRIP,336,336,1,73,3976.0,58716.0,14308,48384,0.06771578445398188,0.08217592592592593
IAM/l04/l04-071/l04-071-03-08.png,Fixed,336,336,1,72,6048.0,56448.0,14112,48384,0.10714285714285714,0.125
IAM/l04/l04-071/l04-071-03-08.png,PruneSID,336,336,1,71,10164.0,52136.0,13916,48384,0.19495166487647692,0.21006944444444445
IAM/l04/l04-130/l04-130-00-07.png,DRIP,336,336,1,73,2688.0,55000.0,14308,43380,0.048872727272727276,0.06196403872752421
IAM/l04/l04-130/l04-130-00-07.png,Fixed,336,336,1,72,5040.0,52452.0,14112,43380,0.09608785175017158,0.11618257261410789
IAM/l04/l04-130/l04-130-00-07.png,PruneSID,336,336,1,71,5012.0,52284.0,13916,43380,0.09586106648305409,0.11553711387736285
IAM/l07/l07-111/l07-111-01-05.png,DRIP,336,336,1,73,7168.0,65376.0,14308,58236,0.109642682329907,0.12308537674290816
IAM/l07/l07-111/l07-111-01-05.png,Fixed,336,336,1,72,7364.0,64984.0,14112,58236,0.11332020189585129,0.12645099251322206
IAM/l07/l07-111/l07-111-01-05.png,PruneSID,336,336,1,71,7686.0,64466.0,13916,58236,0.1192256383209754,0.13198021842159488
IAM/m02/m02-072/m02-072-04-10.png,DRIP,336,336,1,73,5488.0,75005.0,14308,66185,0.07316845543630425,0.08291909042834479
IAM/m02/m02-072/m02-072-04-10.png,Fixed,336,336,1,72,9093.0,71204.0,14112,66185,0.12770349980338183,0.13738762559492332
IAM/m02/m02-072/m02-072-04-10.png,PruneSID,336,336,1,71,8050.0,72051.0,13916,66185,0.11172641601088118,0.12162876784769963
IAM/m03/m03-006/m03-006-03-01.png,DRIP,336,336,1,73,7420.0,68383.0,14308,61495,0.10850650015354693,0.12066021627774616
IAM/m03/m03-006/m03-006-03-01.png,Fixed,336,336,1,72,7714.0,67893.0,14112,61495,0.11361996082070316,0.12544109277177007
IAM/m03/m03-006/m03-006-03-01.png,PruneSID,336,336,1,71,6272.0,69139.0,13916,61495,0.09071580439404678,0.10199203187250996
IAM/p01/p01-147/p01-147-00-02.png,DRIP,336,336,1,73,10808.0,103964.0,14308,100464,0.10395906275249124,0.10758082497212931
IAM/p01/p01-147/p01-147-00-02.png,Fixed,336,336,1,72,12558.0,102018.0,14112,100464,0.123095924248662,0.125
IAM/p01/p01-147/p01-147-00-02.png,PruneSID,336,336,1,71,12698.0,101682.0,13916,100464,0.12487952636651521,0.12639353400222966
IAM/p03/p03-027/p03-027-02-05.png,DRIP,336,336,1,72,9604.0,98588.0,14112,94080,0.09741550695825049,0.10208333333333333
IAM/p03/p03-027/p03-027-02-05.png,Fixed,336,336,1,72,11760.0,96432.0,14112,94080,0.12195121951219512,0.125
IAM/p03/p03-027/p03-027-02-05.png,PruneSID,336,336,1,71,12740.0,95256.0,13916,94080,0.1337448559670782,0.13541666666666666
IAM/p03/p03-135/p03-135-01-07.png,DRIP,336,336,1,73,10584.0,103852.0,14308,100128,0.1019142626044756,0.10570469798657718
IAM/p03/p03-135/p03-135-01-07.png,Fixed,336,336,1,72,12516.0,101724.0,14112,100128,0.12303881090008258,0.125
IAM/p03/p03-135/p03-135-01-07.png,PruneSID,336,336,1,71,13048.0,100996.0,13916,100128,0.12919323537565844,0.1303131991051454
IAM/p03/p03-135/p03-135-03-00.png,DRIP,336,336,1,73,5740.0,86856.0,14308,78288,0.06608639587362991,0.07331902718168813
IAM/p03/p03-135/p03-135-03-00.png,Fixed,336,336,1,72,9786.0,82614.0,14112,78288,0.11845449923741738,0.125
IAM/p03/p03-135/p03-135-03-00.png,PruneSID,336,336,1,71,11102.0,81102.0,13916,78288,0.1368893492145693,0.14180972818311874
IAM/r06/r06-090/r06-090-03-03.png,DRIP,336,336,1,72,3209.0,57338.0,14112,46435,0.0559663748299557,0.06910735436631851
IAM/r06/r06-090/r06-090-03-03.png,Fixed,336,336,1,72,6006.0,54541.0,14112,46435,0.11011899305109918,0.12934209109507913
IAM/r06/r06-090/r06-090-03-03.png,PruneSID,336,336,1,71,5418.0,54933.0,13916,46435,0.09862923925509257,0.11667922902982664
IC13_857/imgs/000000044.jpg,DRIP,336,336,1,73,11928.0,106876.0,14308,104496,0.11160597327744302,0.11414790996784566
IC13_857/imgs/000000044.jpg,Fixed,336,336,1,72,13062.0,105546.0,14112,104496,0.12375646637485077,0.125
IC13_857/imgs/000000044.jpg,PruneSID,336,336,1,71,12124.0,106288.0,13916,104496,0.11406743940990516,0.1160235798499464
IC13_857/imgs/000000058.jpg,DRIP,336,336,1,73,7781.0,96104.0,14308,89577,0.08096437193040873,0.0868638154883508
IC13_857/imgs/000000058.jpg,Fixed,336,336,1,72,11253.0,92436.0,14112,89577,0.1217382837855381,0.1256237650289695
IC13_857/imgs/000000058.jpg,PruneSID,336,336,1,71,9237.0,94256.0,13916,89577,0.09799906637243253,0.1031179878763522
IC13_857/imgs/000000061.jpg,DRIP,336,336,1,73,8008.0,92316.0,14308,86016,0.08674552623597209,0.09309895833333333
IC13_857/imgs/000000061.jpg,Fixed,336,336,1,72,10752.0,89376.0,14112,86016,0.12030075187969924,0.125
IC13_857/imgs/000000061.jpg,PruneSID,336,336,1,71,9520.0,90412.0,13916,86016,0.10529575720037163,0.11067708333333333
IC13_857/imgs/000000212.jpg,DRIP,336,336,1,73,11732.0,99344.0,14308,96768,0.11809470124013528,0.12123842592592593
IC13_857/imgs/000000212.jpg,Fixed,336,336,1,72,12096.0,98784.0,14112,96768,0.12244897959183673,0.125
IC13_857/imgs/000000212.jpg,PruneSID,336,336,1,71,11592.0,99092.0,13916,96768,0.11698219836111896,0.11979166666666667
IC13_857/imgs/000000214.jpg,DRIP,336,336,0,72,,,14112,0,,
IC13_857/imgs/000000214.jpg,Fixed,336,336,0,72,,,14112,0,,
IC13_857/imgs/000000214.jpg,PruneSID,336,336,0,71,,,13916,0,,
IC13_857/imgs/000000215.jpg,DRIP,336,336,1,73,12659.0,99218.0,14308,97569,0.12758773609627286,0.1297440785495393
IC13_857/imgs/000000215.jpg,Fixed,336,336,1,72,12222.0,99459.0,14112,97569,0.12288480680481405,0.1252651969375519
IC13_857/imgs/000000215.jpg,PruneSID,336,336,1,71,11522.0,99963.0,13916,97569,0.1152626471794564,0.11809078703276656
IC13_857/imgs/000000229.jpg,DRIP,336,336,1,73,14308.0,112896.0,14308,112896,0.1267361111111111,0.1267361111111111
IC13_857/imgs/000000229.jpg,Fixed,336,336,1,72,14112.0,112896.0,14112,112896,0.125,0.125
IC13_857/imgs/000000229.jpg,PruneSID,336,336,1,71,13916.0,112896.0,13916,112896,0.1232638888888889,0.1232638888888889
IC13_857/imgs/000000239.jpg,DRIP,336,336,1,73,7630.0,90342.0,14308,83664,0.08445684177901751,0.09119812583668005
IC13_857/imgs/000000239.jpg,Fixed,336,336,1,72,10458.0,87318.0,14112,83664,0.11976911976911978,0.125
IC13_857/imgs/000000239.jpg,PruneSID,336,336,1,71,9338.0,88242.0,13916,83664,0.10582262414723148,0.11161311914323963
IC13_857/imgs/000000241.jpg,DRIP,336,336,1,73,8036.0,95312.0,14308,89040,0.08431257344300823,0.09025157232704402
IC13_857/imgs/000000241.jpg,Fixed,336,336,1,72,11130.0,92022.0,14112,89040,0.12094933820173437,0.125
IC13_857/imgs/000000241.jpg,PruneSID,336,336,1,71,10500.0,92456.0,13916,89040,0.11356753482737734,0.1179245283018868
IC13_857/imgs/000000299.jpg,DRIP,336,336,1,73,6035.0,82478.0,14308,74205,0.07317102742549528,0.08132875143184422
IC13_857/imgs/000000299.jpg,Fixed,336,336,1,72,9282.0,79035.0,14112,74205,0.11744163977984437,0.12508591065292096
IC13_857/imgs/000000299.jpg,PruneSID,336,336,1,71,7098.0,81023.0,13916,74205,0.08760475420559594,0.09565393167576308
IC13_857/imgs/000000317.jpg,DRIP,336,336,1,73,14308.0,112896.0,14308,112896,0.1267361111111111,0.1267361111111111
IC13_857/imgs/000000317.jpg,Fixed,336,336,1,72,14112.0,112896.0,14112,112896,0.125,0.125
IC13_857/imgs/000000317.jpg,PruneSID,336,336,1,71,13916.0,112896.0,13916,112896,0.1232638888888889,0.1232638888888889
IC13_857/imgs/000000395.jpg,DRIP,336,336,1,72,8400.0,98160.0,14112,92448,0.08557457212713937,0.0908618899273105
IC13_857/imgs/000000395.jpg,Fixed,336,336,1,72,12014.0,94546.0,14112,92448,0.1270704207475726,0.12995413637937003
IC13_857/imgs/000000395.jpg,PruneSID,336,336,1,71,9528.0,96836.0,13916,92448,0.09839315956875543,0.10306334371754933
IC13_857/imgs/000000423.jpg,DRIP,336,336,1,73,10304.0,103796.0,14308,99792,0.09927164823307257,0.10325476992143659
IC13_857/imgs/000000423.jpg,Fixed,336,336,1,72,12474.0,101430.0,14112,99792,0.12298136645962733,0.125
IC13_857/imgs/000000423.jpg,PruneSID,336,336,1,71,11382.0,102326.0,13916,99792,0.11123272677520865,0.11405723905723905
IC13_857/imgs/000000538.jpg,DRIP,336,336,1,72,5264.0,74032.0,14112,65184,0.07110438729198185,0.08075601374570447
IC13_857/imgs/000000538.jpg,Fixed,336,336,1,72,8148.0,71148.0,14112,65184,0.11452184179456906,0.125
IC13_857/imgs/000000538.jpg,PruneSID,336,336,1,71,7420.0,71680.0,13916,65184,0.103515625,0.11383161512027491
IC13_857/imgs/000000698.jpg,DRIP,336,336,1,72,5460.0,62695.0,14112,54043,0.08708828455219715,0.1010306607701275
IC13_857/imgs/000000698.jpg,Fixed,336,336,1,72,6902.0,61253.0,14112,54043,0.11268019525574258,0.1277131173324945
IC13_857/imgs/000000698.jpg,PruneSID,336,336,1,71,5516.0,62443.0,13916,54043,0.0883365629454062,0.10206687267546213
IC13_857/imgs/000000707.jpg,DRIP,336,336,1,73,11732.0,105392.0,14308,102816,0.11131774707757705,0.11410675381263617
IC13_857/imgs/000000707.jpg,Fixed,336,336,1,72,12852.0,104076.0,14112,102816,0.1234866828087167,0.125
IC13_857/imgs/000000707.jpg,PruneSID,336,336,1,71,12628.0,104104.0,13916,102816,0.12130177514792899,0.12282135076252723
IC13_857/imgs/000000782.jpg,DRIP,336,336,1,72,11340.0,105924.0,14112,103152,0.1070578905630452,0.10993485342019543
IC13_857/imgs/000000782.jpg,Fixed,336,336,1,72,12894.0,104370.0,14112,103152,0.12354124748490945,0.125
IC13_857/imgs/000000782.jpg,PruneSID,336,336,1,71,13090.0,103978.0,13916,103152,0.12589201561868857,0.126900108577633
IC13_857/imgs/000000800.jpg,DRIP,336,336,1,73,10108.0,101640.0,14308,97440,0.09944903581267217,0.10373563218390805
IC13_857/imgs/000000800.jpg,Fixed,336,336,1,72,12180.0,99372.0,14112,97440,0.12256973795435334,0.125
IC13_857/imgs/000000800.jpg,PruneSID,336,336,1,71,11928.0,99428.0,13916,97440,0.11996620670233737,0.12241379310344827
IC15_1811/imgs/000000001.jpg,DRIP,336,336,1,73,14308.0,112896.0,14308,112896,0.1267361111111111,0.1267361111111111
IC15_1811/imgs/000000001.jpg,Fixed,336,336,1,72,14112.0,112896.0,14112,112896,0.125,0.125
IC15_1811/imgs/000000001.jpg,PruneSID,336,336,1,71,13916.0,112896.0,13916,112896,0.1232638888888889,0.1232638888888889
IC15_1811/imgs/000000114.jpg,DRIP,336,336,1,72,12323.0,103514.0,14112,101725,0.11904669899723709,0.12114032931924305
IC15_1811/imgs/000000114.jpg,Fixed,336,336,1,72,12824.0,103013.0,14112,101725,0.12448914214710764,0.12606537232735315
IC15_1811/imgs/000000114.jpg,PruneSID,336,336,1,71,11833.0,103808.0,13916,101725,0.1139892879161529,0.11632342098795773
IC15_1811/imgs/000000229.jpg,DRIP,336,336,1,73,12740.0,105056.0,14308,103488,0.12126865671641791,0.12310606060606061
IC15_1811/imgs/000000229.jpg,Fixed,336,336,1,72,12936.0,104664.0,14112,103488,0.12359550561797752,0.125
IC15_1811/imgs/000000229.jpg,PruneSID,336,336,1,71,12544.0,104860.0,13916,103488,0.11962616822429907,0.12121212121212122
IC15_1811/imgs/000000581.jpg,DRIP,336,336,1,73,3346.0,45906.0,14308,34944,0.07288807563281488,0.09575320512820513
IC15_1811/imgs/000000581.jpg,Fixed,336,336,1,72,4368.0,44688.0,14112,34944,0.09774436090225563,0.125
IC15_1811/imgs/000000581.jpg,PruneSID,336,336,1,71,3066.0,45794.0,13916,34944,0.06695200244573525,0.08774038461538461
IC15_1811/imgs/000000607.jpg,DRIP,336,336,1,72,14112.0,112896.0,14112,112896,0.125,0.125
IC15_1811/imgs/000000607.jpg,Fixed,336,336,1,72,14112.0,112896.0,14112,112896,0.125,0.125
IC15_1811/imgs/000000607.jpg,PruneSID,336,336,1,71,13916.0,112896.0,13916,112896,0.1232638888888889,0.1232638888888889
IC15_1811/imgs/000000813.jpg,DRIP,336,336,0,72,,,14112,0,,
IC15_1811/imgs/000000813.jpg,Fixed,336,336,0,72,,,14112,0,,
IC15_1811/imgs/000000813.jpg,PruneSID,336,336,0,71,,,13916,0,,
IC15_1811/imgs/000001392.jpg,DRIP,336,336,1,72,8344.0,94808.0,14112,89040,0.08800945067926758,0.09371069182389936
IC15_1811/imgs/000001392.jpg,Fixed,336,336,1,72,11130.0,92022.0,14112,89040,0.12094933820173437,0.125
IC15_1811/imgs/000001392.jpg,PruneSID,336,336,1,71,9758.0,93198.0,13916,89040,0.10470181763557158,0.10959119496855346
IC15_1811/imgs/000001661.jpg,DRIP,336,336,1,73,5226.0,68616.0,14308,59534,0.076162994053865,0.08778177176067457
IC15_1811/imgs/000001661.jpg,Fixed,336,336,1,72,7518.0,66128.0,14112,59534,0.11368860391967094,0.12628078073033897
IC15_1811/imgs/000001661.jpg,PruneSID,336,336,1,71,9562.0,63888.0,13916,59534,0.14966816929626847,0.16061410286558941
IIIT5K/test/122_8.png,DRIP,336,336,1,73,10136.0,102620.0,14308,98448,0.09877216916780354,0.10295790671217292
IIIT5K/test/122_8.png,Fixed,336,336,1,72,12306.0,100254.0,14112,98448,0.12274821952241308,0.125
IIIT5K/test/122_8.png,PruneSID,336,336,1,71,12208.0,100156.0,13916,98448,0.12188985183114341,0.12400455062571103
IIIT5K/test/137_10.png,DRIP,336,336,1,73,10766.0,95229.0,14308,91687,0.11305379663757889,0.11742122656428938
IIIT5K/test/137_10.png,Fixed,336,336,1,72,11634.0,94165.0,14112,91687,0.12354908936441353,0.1268882175226586
IIIT5K/test/137_10.png,PruneSID,336,336,1,71,10884.0,94719.0,13916,91687,0.11490830773128939,0.11870821381439026
IIIT5K/test/137_3.png,DRIP,336,336,1,73,11130.0,96740.0,14308,93562,0.1150506512301013,0.11895855154870567
IIIT5K/test/137_3.png,Fixed,336,336,1,72,12014.0,95660.0,14112,93562,0.12559063349362326,0.12840683183343665
IIIT5K/test/137_3.png,PruneSID,336,336,1,71,10248.0,97230.0,13916,93562,0.10539956803455723,0.1095316474637139
IIIT5K/test/138_13.png,DRIP,336,336,1,73,14084.0,111776.0,14308,111552,0.12600200400801603,0.12625502008032127
IIIT5K/test/138_13.png,Fixed,336,336,1,72,13944.0,111720.0,14112,111552,0.12481203007518797,0.125
IIIT5K/test/138_13.png,PruneSID,336,336,1,71,13468.0,112000.0,13916,111552,0.12025,0.12073293172690763
IIIT5K/test/2189_3.png,DRIP,336,336,1,72,8120.0,93688.0,14112,87696,0.08667065152420801,0.09259259259259259
IIIT5K/test/2189_3.png,Fixed,336,336,1,72,10962.0,90846.0,14112,87696,0.12066574202496533,0.125
IIIT5K/test/2189_3.png,PruneSID,336,336,1,71,10640.0,90972.0,13916,87696,0.11695906432748537,0.12132822477650064
IIIT5K/test/2301_7.png,DRIP,336,336,1,73,11858.0,100223.0,14308,97773,0.11831615497440708,0.12128092622707701
IIIT5K/test/2301_7.png,Fixed,336,336,1,72,12510.0,99375.0,14112,97773,0.1258867924528302,0.12794943389279248
IIIT5K/test/2301_7.png,PruneSID,336,336,1,71,10699.0,100990.0,13916,97773,0.10594118229527676,0.1094269379071932
IIIT5K/test/2523_18.png,DRIP,336,336,1,73,6174.0,66934.0,14308,58800,0.09224011713030747,0.105
IIIT5K/test/2523_18.png,Fixed,336,336,1,72,7350.0,65562.0,14112,58800,0.11210762331838565,0.125
IIIT5K/test/2523_18.png,PruneSID,336,336,1,71,6664.0,66052.0,13916,58800,0.10089020771513353,0.11333333333333333
IIIT5K/test/2579_4.png,DRIP,336,336,1,72,5068.0,72259.0,14112,63215,0.07013659198162167,0.08017084552716919
IIIT5K/test/2579_4.png,Fixed,336,336,1,72,7728.0,69599.0,14112,63215,0.11103607810457047,0.12224946610772759
IIIT5K/test/2579_4.png,PruneSID,336,336,1,71,7924.0,69207.0,13916,63215,0.11449708844481049,0.12534999604524244
IIIT5K/test/585_4.png,DRIP,336,336,1,73,12922.0,110586.0,14308,109200,0.11685023420686162,0.11833333333333333
IIIT5K/test/585_4.png,Fixed,336,336,1,72,13650.0,109662.0,14112,109200,0.124473381846036,0.125
IIIT5K/test/585_4.png,PruneSID,336,336,1,71,13454.0,109662.0,13916,109200,0.12268607174773395,0.1232051282051282
IIIT5K/test/770_1.png,DRIP,336,336,1,73,8652.0,91336.0,14308,85680,0.0947271612507664,0.10098039215686275
IIIT5K/test/770_1.png,Fixed,336,336,1,72,10710.0,89082.0,14112,85680,0.12022630834512023,0.125
IIIT5K/test/770_1.png,PruneSID,336,336,1,71,11956.0,87640.0,13916,85680,0.13642172523961663,0.13954248366013072
IIIT5K/test/786_2.png,DRIP,336,336,1,72,8036.0,88396.0,14112,82320,0.09090909090909091,0.09761904761904762
IIIT5K/test/786_2.png,Fixed,336,336,1,72,10290.0,86142.0,14112,82320,0.11945392491467577,0.125
IIIT5K/test/786_2.png,PruneSID,336,336,1,71,8036.0,88200.0,13916,82320,0.09111111111111111,0.09761904761904762
IIIT5K/test/846_1.png,DRIP,336,336,1,73,12208.0,101892.0,14308,99792,0.11981313547677934,0.122334455667789
IIIT5K/test/846_1.png,Fixed,336,336,1,72,12474.0,101430.0,14112,99792,0.12298136645962733,0.125
IIIT5K/test/846_1.png,PruneSID,336,336,1,71,12642.0,101066.0,13916,99792,0.12508657708823936,0.12668350168350168
IIIT5K/test/905_5.png,DRIP,336,336,1,73,9100.0,95584.0,14308,90376,0.09520421827920991,0.10069044879171461
IIIT5K/test/905_5.png,Fixed,336,336,1,72,11816.0,92672.0,14112,90376,0.12750345303867403,0.13074267504647252
IIIT5K/test/905_5.png,PruneSID,336,336,1,71,10472.0,93820.0,13916,90376,0.11161799189938179,0.11587147030185005
IIIT5K/test/918_1.png,DRIP,336,336,0,72,,,14112,0,,
IIIT5K/test/918_1.png,Fixed,336,336,0,72,,,14112,0,,
IIIT5K/test/918_1.png,PruneSID,336,336,0,71,,,13916,0,,
IIIT5K/test/955_2.png,DRIP,336,336,1,72,8204.0,92596.0,14112,86688,0.08859993952222558,0.09463824289405685
IIIT5K/test/955_2.png,Fixed,336,336,1,72,10836.0,89964.0,14112,86688,0.12044817927170869,0.125
IIIT5K/test/955_2.png,PruneSID,336,336,1,71,8820.0,91784.0,13916,86688,0.09609517998779744,0.10174418604651163
NonSemanticText/images/0/1025.jpg,DRIP,336,336,1,73,9072.0,98980.0,14308,93744,0.09165487977369166,0.0967741935483871
NonSemanticText/images/0/1025.jpg,Fixed,336,336,1,72,11718.0,96138.0,14112,93744,0.1218872870249017,0.125
NonSemanticText/images/0/1025.jpg,PruneSID,336,336,1,71,11886.0,95774.0,13916,93744,0.124104663060956,0.1267921146953405
NonSemanticText/images/0/1043.jpg,DRIP,336,336,1,73,11564.0,100856.0,14308,98112,0.11465852304275402,0.11786529680365297
NonSemanticText/images/0/1043.jpg,Fixed,336,336,1,72,12264.0,99960.0,14112,98112,0.1226890756302521,0.125
NonSemanticText/images/0/1043.jpg,PruneSID,336,336,1,71,11984.0,100044.0,13916,98112,0.11978729359082003,0.12214611872146118
NonSemanticText/images/0/11.jpg,DRIP,336,336,1,73,9786.0,100282.0,14308,95760,0.09758481083344968,0.10219298245614035
NonSemanticText/images/0/11.jpg,Fixed,336,336,1,72,11970.0,97902.0,14112,95760,0.12226512226512226,0.125
NonSemanticText/images/0/11.jpg,PruneSID,336,336,1,71,12208.0,97468.0,13916,95760,0.12525136455041655,0.12748538011695906
NonSemanticText/images/0/1104.jpg,DRIP,336,336,1,73,8246.0,80990.0,14308,74928,0.10181503889369058,0.11005231689088191
NonSemanticText/images/0/1104.jpg,Fixed,336,336,1,72,9366.0,79674.0,14112,74928,0.11755403268318397,0.125
NonSemanticText/images/0/1104.jpg,PruneSID,336,336,1,71,10948.0,77896.0,13916,74928,0.14054636951833213,0.1461136023916293
NonSemanticText/images/0/1183.jpg,DRIP,336,336,1,73,8428.0,73752.0,14308,67872,0.11427486712224753,0.12417491749174918
NonSemanticText/images/0/1183.jpg,Fixed,336,336,1,72,8484.0,73500.0,14112,67872,0.11542857142857142,0.125
NonSemanticText/images/0/1183.jpg,PruneSID,336,336,1,71,10262.0,71526.0,13916,67872,0.14347230377764728,0.1511963696369637
NonSemanticText/images/0/1190.jpg,DRIP,336,336,1,73,6524.0,90216.0,14308,82432,0.0723153320918684,0.07914402173913043
NonSemanticText/images/0/1190.jpg,Fixed,336,336,1,72,10752.0,85792.0,14112,82432,0.12532637075718014,0.13043478260869565
NonSemanticText/images/0/1190.jpg,PruneSID,336,336,1,71,9184.0,87164.0,13916,82432,0.10536460006424671,0.11141304347826086
NonSemanticText/images/0/1209.jpg,DRIP,336,336,1,73,11130.0,106075.0,14308,102897,0.10492576007541833,0.1081664188460305
NonSemanticText/images/0/1209.jpg,Fixed,336,336,1,72,12975.0,104034.0,14112,102897,0.12471884191706557,0.12609697075716494
NonSemanticText/images/0/1209.jpg,PruneSID,336,336,1,71,12894.0,103919.0,13916,102897,0.12407740644155545,0.12530977579521269
NonSemanticText/images/0/1242.jpg,DRIP,336,336,1,73,8792.0,77756.0,14308,72240,0.11307166006481816,0.12170542635658915
NonSemanticText/images/0/1242.jpg,Fixed,336,336,1,72,9030.0,77322.0,14112,72240,0.11678435632808257,0.125
NonSemanticText/images/0/1242.jpg,PruneSID,336,336,1,71,10136.0,76020.0,13916,72240,0.13333333333333333,0.14031007751937985
NonSemanticText/images/0/1244.jpg,DRIP,336,336,1,73,7756.0,87528.0,14308,80976,0.08861164427383238,0.09578146611341633
NonSemanticText/images/0/1244.jpg,Fixed,336,336,1,72,10122.0,84966.0,14112,80976,0.11913000494315373,0.125
NonSemanticText/images/0/1244.jpg,PruneSID,336,336,1,71,11088.0,83804.0,13916,80976,0.13230872034747745,0.13692946058091288
NonSemanticText/images/0/134.jpg,DRIP,336,336,1,73,9184.0,95508.0,14308,90384,0.09615948402228086,0.10161090458488228
NonSemanticText/images/0/134.jpg,Fixed,336,336,1,72,11298.0,93198.0,14112,90384,0.12122577737719693,0.125
NonSemanticText/images/0/134.jpg,PruneSID,336,336,1,71,11298.0,93002.0,13916,90384,0.12148125846755983,0.125
NonSemanticText/images/0/1456.jpg,DRIP,336,336,1,73,5586.0,64470.0,14308,55748,0.08664495114006515,0.10020090406830738
NonSemanticText/images/0/1456.jpg,Fixed,336,336,1,72,7056.0,62804.0,14112,55748,0.11234953187695051,0.12656956303365144
NonSemanticText/images/0/1456.jpg,PruneSID,336,336,1,71,8568.0,61096.0,13916,55748,0.14023831347387716,0.15369161225514816
NonSemanticText/images/0/1458.jpg,DRIP,336,336,1,73,9128.0,94556.0,14308,89376,0.09653538643766657,0.10213032581453634
NonSemanticText/images/0/1458.jpg,Fixed,336,336,1,72,11172.0,92316.0,14112,89376,0.12101910828025478,0.125
NonSemanticText/images/0/1458.jpg,PruneSID,336,336,1,71,10892.0,92400.0,13916,89376,0.11787878787878787,0.1218671679197995
NonSemanticText/images/0/147.jpg,DRIP,336,336,1,73,8862.0,96502.0,14308,91056,0.09183229363122007,0.09732472324723247
NonSemanticText/images/0/147.jpg,Fixed,336,336,1,72,11382.0,93786.0,14112,91056,0.12136139722346619,0.125
NonSemanticText/images/0/147.jpg,PruneSID,336,336,1,71,11004.0,93968.0,13916,91056,0.11710369487485102,0.12084870848708487
NonSemanticText/images/0/1522.jpg,DRIP,336,336,1,73,9828.0,93925.0,14308,89445,0.10463667820069204,0.10987757840013417
NonSemanticText/images/0/1522.jpg,Fixed,336,336,1,72,11214.0,92343.0,14112,89445,0.12143854975471882,0.1253731343283582
NonSemanticText/images/0/1522.jpg,PruneSID,336,336,1,71,11017.0,92344.0,13916,89445,0.11930390712986226,0.12317066353625132
NonSemanticText/images/0/1559.jpg,DRIP,336,336,1,72,9212.0,98308.0,14112,93408,0.09370549700939904,0.09862110311750599
NonSemanticText/images/0/1559.jpg,Fixed,336,336,1,72,11676.0,95844.0,14112,93408,0.12182296231375986,0.125
NonSemanticText/images/0/1559.jpg,PruneSID,336,336,1,71,11844.0,95480.0,13916,93408,0.12404692082111438,0.12679856115107913
NonSemanticText/images/0/1586.jpg,DRIP,336,336,1,73,10612.0,101472.0,14308,97776,0.10458057395143489,0.10853379152348225
NonSemanticText/images/0/1586.jpg,Fixed,336,336,1,72,12222.0,99666.0,14112,97776,0.12262958280657396,0.125
NonSemanticText/images/0/1586.jpg,PruneSID,336,336,1,71,12376.0,99316.0,13916,97776,0.12461234846349027,0.1265750286368843
NonSemanticText/images/0/1695.jpg,DRIP,336,336,1,73,11737.0,104076.0,14308,101505,0.11277335793074292,0.11562977193241712
NonSemanticText/images/0/1695.jpg,Fixed,336,336,1,72,12723.0,102894.0,14112,101505,0.12365152487025483,0.1253435791340328
NonSemanticText/images/0/1695.jpg,PruneSID,336,336,1,71,12482.0,102939.0,13916,101505,0.1212562779898775,0.1229693118565588
NonSemanticText/images/0/1704.jpg,DRIP,336,336,1,73,9254.0,73748.0,14308,68694,0.1254813689862776,0.134713366524005
NonSemanticText/images/0/1704.jpg,Fixed,336,336,1,72,8938.0,73868.0,14112,68694,0.1209996209454703,0.13011325588843276
NonSemanticText/images/0/1704.jpg,PruneSID,336,336,1,71,9968.0,72642.0,13916,68694,0.13722089149527822,0.14510728739045622
NonSemanticText/images/0/1804.jpg,DRIP,336,336,1,73,9632.0,95396.0,14308,90720,0.10096859407103023,0.10617283950617284
NonSemanticText/images/0/1804.jpg,Fixed,336,336,1,72,11340.0,93492.0,14112,90720,0.12129380053908356,0.125
NonSemanticText/images/0/1804.jpg,PruneSID,336,336,1,71,11088.0,93548.0,13916,90720,0.11852738700987728,0.12222222222222222
NonSemanticText/images/0/1808.jpg,DRIP,336,336,1,73,8764.0,86856.0,14308,81312,0.10090264345583494,0.10778236914600552
NonSemanticText/images/0/1808.jpg,Fixed,336,336,1,72,10164.0,85260.0,14112,81312,0.11921182266009853,0.125
NonSemanticText/images/0/1808.jpg,PruneSID,336,336,1,71,11620.0,83608.0,13916,81312,0.13898191560616208,0.14290633608815426
NonSemanticText/images/0/1823.jpg,DRIP,336,336,1,73,8372.0,94304.0,14308,88368,0.08877672209026129,0.09474017743979721
NonSemanticText/images/0/1823.jpg,Fixed,336,336,1,72,11046.0,91434.0,14112,88368,0.1208084519981626,0.125
NonSemanticText/images/0/1823.jpg,PruneSID,336,336,1,71,11956.0,90328.0,13916,88368,0.1323620582765034,0.135297845373891
NonSemanticText/images/0/1845.jpg,DRIP,336,336,1,73,9184.0,94164.0,14308,89040,0.09753196550698781,0.10314465408805032
NonSemanticText/images/0/1845.jpg,Fixed,336,336,1,72,11130.0,92022.0,14112,89040,0.12094933820173437,0.125
NonSemanticText/images/0/1845.jpg,PruneSID,336,336,1,71,11228.0,91728.0,13916,89040,0.1224053724053724,0.1261006289308176
NonSemanticText/images/0/1854.jpg,DRIP,336,336,1,73,12334.0,94352.0,14308,92378,0.1307232491097168,0.133516638160601
NonSemanticText/images/0/1854.jpg,Fixed,336,336,1,72,11648.0,94842.0,14112,92378,0.12281478669787647,0.12609062763861525
NonSemanticText/images/0/1854.jpg,PruneSID,336,336,1,71,11144.0,95150.0,13916,92378,0.11712033631108776,0.12063478317348286
NonSemanticText/images/0/1882.jpg,DRIP,336,336,1,73,11144.0,94892.0,14308,91728,0.11743877249926232,0.12148962148962149
NonSemanticText/images/0/1882.jpg,Fixed,336,336,1,72,11466.0,94374.0,14112,91728,0.12149532710280374,0.125
NonSemanticText/images/0/1882.jpg,PruneSID,336,336,1,71,11438.0,94206.0,13916,91728,0.12141477188289493,0.1246947496947497
NonSemanticText/images/0/1993.jpg,DRIP,336,336,1,73,9828.0,86480.0,14308,82000,0.11364477335800185,0.11985365853658536
NonSemanticText/images/0/1993.jpg,Fixed,336,336,1,72,10500.0,85612.0,14112,82000,0.12264635798719806,0.12804878048780488
NonSemanticText/images/0/1993.jpg,PruneSID,336,336,1,71,11620.0,84296.0,13916,82000,0.13784758470152794,0.14170731707317072
NonSemanticText/images/0/2021.jpg,DRIP,336,336,1,72,7840.0,95648.0,14112,89376,0.08196721311475409,0.08771929824561403
NonSemanticText/images/0/2021.jpg,Fixed,336,336,1,72,11172.0,92316.0,14112,89376,0.12101910828025478,0.125
NonSemanticText/images/0/2021.jpg,PruneSID,336,336,1,71,11396.0,91896.0,13916,89376,0.12400975015234612,0.1275062656641604
NonSemanticText/images/0/2067.jpg,DRIP,336,336,1,73,9576.0,94780.0,14308,90048,0.10103397341211226,0.10634328358208955
NonSemanticText/images/0/2067.jpg,Fixed,336,336,1,72,11256.0,92904.0,14112,90048,0.12115732368896925,0.125
NonSemanticText/images/0/2067.jpg,PruneSID,336,336,1,71,12054.0,91910.0,13916,90048,0.13115003808073114,0.13386194029850745
NonSemanticText/images/0/2163.jpg,DRIP,336,336,1,73,9744.0,95956.0,14308,91392,0.10154654216515903,0.10661764705882353
NonSemanticText/images/0/2163.jpg,Fixed,336,336,1,72,11424.0,94080.0,14112,91392,0.12142857142857143,0.125
NonSemanticText/images/0/2163.jpg,PruneSID,336,336,1,71,11788.0,93520.0,13916,91392,0.12604790419161677,0.12898284313725492
NonSemanticText/images/0/217.jpg,DRIP,336,336,1,72,8512.0,90608.0,14112,85008,0.09394313967861558,0.10013175230566534
NonSemanticText/images/0/217.jpg,Fixed,336,336,1,72,10626.0,88494.0,14112,85008,0.12007593735168486,0.125
NonSemanticText/images/0/217.jpg,PruneSID,336,336,1,71,11200.0,87724.0,13916,85008,0.12767315671879986,0.13175230566534915
NonSemanticText/images/0/2297.jpg,DRIP,336,336,1,73,9716.0,95648.0,14308,91056,0.1015807962529274,0.10670356703567035
NonSemanticText/images/0/2297.jpg,Fixed,336,336,1,72,11382.0,93786.0,14112,91056,0.12136139722346619,0.125
NonSemanticText/images/0/2297.jpg,PruneSID,336,336,1,71,12306.0,92666.0,13916,91056,0.13279951654328448,0.13514760147601476
NonSemanticText/images/0/2418.jpg,DRIP,336,336,1,73,8064.0,91588.0,14308,85344,0.08804646896973403,0.09448818897637795
NonSemanticText/images/0/2418.jpg,Fixed,336,336,1,72,10668.0,88788.0,14112,85344,0.12015137180700095,0.125
NonSemanticText/images/0/2418.jpg,PruneSID,336,336,1,71,11984.0,87276.0,13916,85344,0.13731151748476098,0.14041994750656167
NonSemanticText/images/0/2522.jpg,DRIP,336,336,1,73,11088.0,98980.0,14308,95760,0.11202263083451203,0.11578947368421053
NonSemanticText/images/0/2522.jpg,Fixed,336,336,1,72,11970.0,97902.0,14112,95760,0.12226512226512226,0.125
NonSemanticText/images/0/2522.jpg,PruneSID,336,336,1,71,12334.0,97342.0,13916,95760,0.12670789587228534,0.12880116959064328
NonSemanticText/images/0/2538.jpg,DRIP,336,336,1,73,7854.0,84070.0,14308,77616,0.09342214820982514,0.10119047619047619
NonSemanticText/images/0/2538.jpg,Fixed,336,336,1,72,9702.0,82026.0,14112,77616,0.11827956989247312,0.125
NonSemanticText/images/0/2538.jpg,PruneSID,336,336,1,71,10906.0,80626.0,13916,77616,0.13526653932974475,0.1405122655122655
NonSemanticText/images/0/2545.jpg,DRIP,336,336,1,73,9870.0,92134.0,14308,87696,0.10712657650812947,0.11254789272030652
NonSemanticText/images/0/2545.jpg,Fixed,336,336,1,72,10962.0,90846.0,14112,87696,0.12066574202496533,0.125
NonSemanticText/images/0/2545.jpg,PruneSID,336,336,1,71,10850.0,90762.0,13916,87696,0.11954342125559154,0.1237228607918263
NonSemanticText/images/0/2561.jpg,DRIP,336,336,1,73,13216.0,107268.0,14308,106176,0.1232054293918037,0.12447257383966245
NonSemanticText/images/0/2561.jpg,Fixed,336,336,1,72,13272.0,107016.0,14112,106176,0.12401883830455258,0.125
NonSemanticText/images/0/2561.jpg,PruneSID,336,336,1,71,12964.0,107128.0,13916,106176,0.12101411395713539,0.12209915611814345
NonSemanticText/images/0/2661.jpg,DRIP,336,336,1,73,8064.0,96628.0,14308,90384,0.08345407128368589,0.08921933085501858
NonSemanticText/images/0/2661.jpg,Fixed,336,336,1,72,11298.0,93198.0,14112,90384,0.12122577737719693,0.125
NonSemanticText/images/0/2661.jpg,PruneSID,336,336,1,71,11522.0,92778.0,13916,90384,0.12418892409838539,0.12747831474597274
NonSemanticText/images/0/2770.jpg,DRIP,336,336,1,73,8638.0,86646.0,14308,80976,0.09969300371627081,0.10667358229598893
NonSemanticText/images/0/2770.jpg,Fixed,336,336,1,72,10122.0,84966.0,14112,80976,0.11913000494315373,0.125
NonSemanticText/images/0/2770.jpg,PruneSID,336,336,1,71,10976.0,83916.0,13916,80976,0.13079746413079746,0.1355463347164592
NonSemanticText/images/0/2811.jpg,DRIP,336,336,1,73,9170.0,92834.0,14308,87696,0.09877846478660836,0.10456577266922094
NonSemanticText/images/0/2811.jpg,Fixed,336,336,1,72,10962.0,90846.0,14112,87696,0.12066574202496533,0.125
NonSemanticText/images/0/2811.jpg,PruneSID,336,336,1,71,10906.0,90706.0,13916,87696,0.12023460410557185,0.12436143039591316
NonSemanticText/images/0/323.jpg,DRIP,336,336,1,73,11564.0,92120.0,14308,89376,0.125531914893617,0.12938596491228072
NonSemanticText/images/0/323.jpg,Fixed,336,336,1,72,11172.0,92316.0,14112,89376,0.12101910828025478,0.125
NonSemanticText/images/0/323.jpg,PruneSID,336,336,1,71,12152.0,91140.0,13916,89376,0.13333333333333333,0.13596491228070176
NonSemanticText/images/0/343.jpg,DRIP,336,336,1,73,10556.0,96824.0,14308,93072,0.10902255639097744,0.11341756919374248
NonSemanticText/images/0/343.jpg,Fixed,336,336,1,72,11634.0,95550.0,14112,93072,0.12175824175824176,0.125
NonSemanticText/images/0/343.jpg,PruneSID,336,336,1,71,11760.0,95228.0,13916,93072,0.12349309026756836,0.1263537906137184
NonSemanticText/images/0/409.jpg,DRIP,336,336,1,73,12684.0,105784.0,14308,104160,0.11990471148755956,0.1217741935483871
NonSemanticText/images/0/409.jpg,Fixed,336,336,1,72,13020.0,105252.0,14112,104160,0.12370311252992817,0.125
NonSemanticText/images/0/409.jpg,PruneSID,336,336,1,71,12992.0,105084.0,13916,104160,0.12363442579269918,0.12473118279569892
NonSemanticText/images/0/505.jpg,DRIP,336,336,1,73,10178.0,94155.0,14308,90025,0.10809834846795179,0.11305748403221327
NonSemanticText/images/0/505.jpg,Fixed,336,336,1,72,11634.0,92503.0,14112,90025,0.12576889398181682,0.12923076923076923
NonSemanticText/images/0/505.jpg,PruneSID,336,336,1,71,10799.0,93142.0,13916,90025,0.1159412509931073,0.11995556789780616
NonSemanticText/images/0/586.jpg,DRIP,336,336,1,72,9464.0,100744.0,14112,96096,0.09394107837687604,0.09848484848484848
NonSemanticText/images/0/586.jpg,Fixed,336,336,1,72,12012.0,98196.0,14112,96096,0.1223267750213858,0.125
NonSemanticText/images/0/586.jpg,PruneSID,336,336,1,71,11312.0,98700.0,13916,96096,0.11460992907801418,0.11771561771561771
NonSemanticText/images/0/696.jpg,DRIP,336,336,1,72,6132.0,96684.0,14112,88704,0.0634231103388358,0.06912878787878787
NonSemanticText/images/0/696.jpg,Fixed,336,336,1,72,11088.0,91728.0,14112,88704,0.12087912087912088,0.125
NonSemanticText/images/0/696.jpg,PruneSID,336,336,1,71,9996.0,92624.0,13916,88704,0.10792019347037485,0.11268939393939394
NonSemanticText/images/0/710.jpg,DRIP,336,336,1,72,8876.0,94948.0,14112,89712,0.09348274845178413,0.09893882646691636
NonSemanticText/images/0/710.jpg,Fixed,336,336,1,72,11214.0,92610.0,14112,89712,0.12108843537414966,0.125
NonSemanticText/images/0/710.jpg,PruneSID,336,336,1,71,11130.0,92498.0,13916,89712,0.12032692598758891,0.12406367041198502
NonSemanticText/images/0/72.jpg,DRIP,336,336,1,73,11256.0,97132.0,14308,94080,0.11588353992505045,0.11964285714285715
NonSemanticText/images/0/72.jpg,Fixed,336,336,1,72,11760.0,96432.0,14112,94080,0.12195121951219512,0.125
NonSemanticText/images/0/72.jpg,PruneSID,336,336,1,71,12012.0,95984.0,13916,94080,0.12514585764294048,0.12767857142857142
NonSemanticText/images/0/782.jpg,DRIP,336,336,1,73,9604.0,95760.0,14308,91056,0.10029239766081871,0.10547355473554736
NonSemanticText/images/0/782.jpg,Fixed,336,336,1,72,11382.0,93786.0,14112,91056,0.12136139722346619,0.125
NonSemanticText/images/0/782.jpg,PruneSID,336,336,1,71,10108.0,94864.0,13916,91056,0.10655253837072019,0.11100861008610086
NonSemanticText/images/0/797.jpg,DRIP,336,336,1,72,7350.0,95802.0,14112,89040,0.07672073651907059,0.08254716981132075
NonSemanticText/images/0/797.jpg,Fixed,336,336,1,72,11130.0,92022.0,14112,89040,0.12094933820173437,0.125
NonSemanticText/images/0/797.jpg,PruneSID,336,336,1,71,10486.0,92470.0,13916,89040,0.11339894019682059,0.11776729559748428
NonSemanticText/images/0/876.jpg,DRIP,336,336,1,73,9394.0,97986.0,14308,93072,0.0958708386912416,0.10093261131167268
NonSemanticText/images/0/876.jpg,Fixed,336,336,1,72,11634.0,95550.0,14112,93072,0.12175824175824176,0.125
NonSemanticText/images/0/876.jpg,PruneSID,336,336,1,71,11788.0,95200.0,13916,93072,0.12382352941176471,0.1266546329723225
NonSemanticText/images/0/962.jpg,DRIP,336,336,1,73,13132.0,104664.0,14308,103488,0.1254681647940075,0.1268939393939394
NonSemanticText/images/0/962.jpg,Fixed,336,336,1,72,12936.0,104664.0,14112,103488,0.12359550561797752,0.125
NonSemanticText/images/0/962.jpg,PruneSID,336,336,1,71,12936.0,104468.0,13916,103488,0.12382739212007504,0.125
ORAND/CAR-A/a_test_images/a_car_007001.png,DRIP,336,336,1,73,8372.0,91952.0,14308,86016,0.091047503045067,0.09733072916666667
ORAND/CAR-A/a_test_images/a_car_007001.png,Fixed,336,336,1,72,10752.0,89376.0,14112,86016,0.12030075187969924,0.125
ORAND/CAR-A/a_test_images/a_car_007001.png,PruneSID,336,336,1,71,10724.0,89208.0,13916,86016,0.12021343377275581,0.12467447916666667
ORAND/CAR-A/a_test_images/a_car_007002.png,DRIP,336,336,1,72,8764.0,84560.0,14112,79212,0.10364238410596026,0.11063980205019441
ORAND/CAR-A/a_test_images/a_car_007002.png,Fixed,336,336,1,72,10332.0,82992.0,14112,79212,0.12449392712550607,0.13043478260869565
ORAND/CAR-A/a_test_images/a_car_007002.png,PruneSID,336,336,1,71,8316.0,84812.0,13916,79212,0.09805216242984484,0.10498409331919406
ORAND/CAR-A/a_test_images/a_car_007005.png,DRIP,336,336,1,73,8008.0,90012.0,14308,83712,0.08896591565569036,0.09566131498470948
ORAND/CAR-A/a_test_images/a_car_007005.png,Fixed,336,336,1,72,10752.0,87072.0,14112,83712,0.12348401323042998,0.12844036697247707
ORAND/CAR-A/a_test_images/a_car_007005.png,PruneSID,336,336,1,71,9966.0,87662.0,13916,83712,0.11368666012639456,0.11905103211009174
ORAND/CAR-A/a_test_images/a_car_007010.png,DRIP,336,336,1,72,8876.0,80236.0,14112,75000,0.11062366020240291,0.11834666666666667
ORAND/CAR-A/a_test_images/a_car_007010.png,Fixed,336,336,1,72,9296.0,79816.0,14112,75000,0.11646787611506465,0.12394666666666666
ORAND/CAR-A/a_test_images/a_car_007010.png,PruneSID,336,336,1,71,7484.0,81432.0,13916,75000,0.09190490224972983,0.09978666666666666
ORAND/CAR-A/a_test_images/a_car_007027.png,DRIP,336,336,1,72,12222.0,98994.0,14112,97104,0.12346202800169707,0.1258650519031142
ORAND/CAR-A/a_test_images/a_car_007027.png,Fixed,336,336,1,72,12138.0,99078.0,14112,97104,0.122509537939805,0.125
ORAND/CAR-A/a_test_images/a_car_007027.png,PruneSID,336,336,1,71,12544.0,98476.0,13916,97104,0.12738129087290304,0.12918108419838523
ORAND/CAR-A/a_test_images/a_car_007039.png,DRIP,336,336,1,73,7462.0,69831.0,14308,62985,0.10685798570835302,0.11847265221878225
ORAND/CAR-A/a_test_images/a_car_007039.png,Fixed,336,336,1,72,7294.0,69803.0,14112,62985,0.10449407618583728,0.11580535048027309
ORAND/CAR-A/a_test_images/a_car_007039.png,PruneSID,336,336,1,71,7113.0,69788.0,13916,62985,0.10192296669914598,0.11293165039295071
ORAND/CAR-A/a_test_images/a_car_007043.png,DRIP,336,336,1,72,5144.0,67592.0,14112,58624,0.07610368090898331,0.08774563318777293
ORAND/CAR-A/a_test_images/a_car_007043.png,Fixed,336,336,1,72,7238.0,65498.0,14112,58624,0.11050719105926898,0.12346479257641921
ORAND/CAR-A/a_test_images/a_car_007043.png,PruneSID,336,336,1,71,7938.0,64602.0,13916,58624,0.12287545277235999,0.13540529475982532
ORAND/CAR-A/a_test_images/a_car_007051.png,DRIP,336,336,2,73,6314.0,80930.0,14308,72936,0.07801804028172495,0.08656904683558188
ORAND/CAR-A/a_test_images/a_car_007051.png,Fixed,336,336,2,72,9317.0,77731.0,14112,72936,0.11986208848464576,0.1277421300866513
ORAND/CAR-A/a_test_images/a_car_007051.png,PruneSID,336,336,2,71,10360.0,76492.0,13916,72936,0.13543900015687915,0.1420423384885379
ORAND/CAR-A/a_test_images/a_car_007052.png,DRIP,336,336,1,72,5474.0,74494.0,14112,65856,0.07348242811501597,0.08312074829931973
ORAND/CAR-A/a_test_images/a_car_007052.png,Fixed,336,336,1,72,8232.0,71736.0,14112,65856,0.11475409836065574,0.125
ORAND/CAR-A/a_test_images/a_car_007052.png,PruneSID,336,336,1,71,8582.0,71190.0,13916,65856,0.12055063913470992,0.13031462585034015
ORAND/CAR-A/a_test_images/a_car_007055.png,DRIP,336,336,1,72,6146.0,78047.0,14112,70081,0.07874742142555127,0.08769852028367175
ORAND/CAR-A/a_test_images/a_car_007055.png,Fixed,336,336,1,72,8848.0,75345.0,14112,70081,0.11743314088526113,0.12625390619426094
ORAND/CAR-A/a_test_images/a_car_007055.png,PruneSID,336,336,1,71,8518.0,75479.0,13916,70081,0.11285258151273864,0.1215450692769795
ORAND/CAR-A/a_test_images/a_car_007065.png,DRIP,336,336,1,72,9156.0,96348.0,14112,91392,0.0950305143853531,0.10018382352941177
ORAND/CAR-A/a_test_images/a_car_007065.png,Fixed,336,336,1,72,11424.0,94080.0,14112,91392,0.12142857142857143,0.125
ORAND/CAR-A/a_test_images/a_car_007065.png,PruneSID,336,336,1,71,10808.0,94500.0,13916,91392,0.11437037037037037,0.11825980392156862
ORAND/CAR-A/a_test_images/a_car_007066.png,DRIP,336,336,1,73,8148.0,74104.0,14308,67944,0.10995357875418331,0.1199222889438361
ORAND/CAR-A/a_test_images/a_car_007066.png,Fixed,336,336,1,72,8624.0,73432.0,14112,67944,0.11744198714456912,0.12692805840103616
ORAND/CAR-A/a_test_images/a_car_007066.png,PruneSID,336,336,1,71,8288.0,73572.0,13916,67944,0.11265155222095362,0.12198280937242435
ORAND/CAR-A/a_test_images/a_car_007074.png,DRIP,336,336,1,73,4021.0,40132.0,14308,29845,0.10019435861656534,0.13472943541631763
ORAND/CAR-A/a_test_images/a_car_007074.png,Fixed,336,336,1,72,3290.0,40667.0,14112,29845,0.08090097622150638,0.11023622047244094
ORAND/CAR-A/a_test_images/a_car_007074.png,PruneSID,336,336,1,71,5838.0,37923.0,13916,29845,0.1539435171268096,0.19561065505109734
ORAND/CAR-A/a_test_images/a_car_007075.png,DRIP,336,336,1,72,5728.0,59224.0,14112,50840,0.09671754694042956,0.11266719118804092
ORAND/CAR-A/a_test_images/a_car_007075.png,Fixed,336,336,1,72,6712.0,58240.0,14112,50840,0.11524725274725275,0.13202202989771833
ORAND/CAR-A/a_test_images/a_car_007075.png,PruneSID,336,336,1,71,6356.0,58400.0,13916,50840,0.10883561643835617,0.12501966955153423
ORAND/CAR-A/a_test_images/a_car_007083.png,DRIP,336,336,1,73,8568.0,86769.0,14308,81029,0.09874494347059434,0.10573992027545694
ORAND/CAR-A/a_test_images/a_car_007083.png,Fixed,336,336,1,72,10654.0,84487.0,14112,81029,0.12610224058139122,0.1314837897542855
ORAND/CAR-A/a_test_images/a_car_007083.png,PruneSID,336,336,1,71,10825.0,84120.0,13916,81029,0.12868521160247265,0.13359414530600155
ORAND/CAR-A/a_test_images/a_car_007091.png,DRIP,336,336,1,73,9435.0,83734.0,14308,78861,0.11267824300761936,0.11964088713052079
ORAND/CAR-A/a_test_images/a_car_007091.png,Fixed,336,336,1,72,9464.0,83509.0,14112,78861,0.11332910225245184,0.12000862276664004
ORAND/CAR-A/a_test_images/a_car_007091.png,PruneSID,336,336,1,71,8442.0,84335.0,13916,78861,0.10010078852196597,0.10704911172823069
ORAND/CAR-A/a_test_images/a_car_007093.png,DRIP,336,336,1,72,8232.0,79855.0,14112,73975,0.10308684490639283,0.11128083812098682
ORAND/CAR-A/a_test_images/a_car_007093.png,Fixed,336,336,1,72,8904.0,79183.0,14112,73975,0.1124483790712653,0.12036498817167962
ORAND/CAR-A/a_test_images/a_car_007093.png,PruneSID,336,336,1,71,8932.0,78959.0,13916,73975,0.1131220000253296,0.12074349442379183
ORAND/CAR-A/a_test_images/a_car_007101.png,DRIP,336,336,1,73,10276.0,90216.0,14308,86184,0.11390440720049659,0.11923326835607537
ORAND/CAR-A/a_test_images/a_car_007101.png,Fixed,336,336,1,72,10808.0,89488.0,14112,86184,0.12077596996245307,0.1254061078622482
ORAND/CAR-A/a_test_images/a_car_007101.png,PruneSID,336,336,1,71,9296.0,90804.0,13916,86184,0.10237434474252236,0.1078622482131254
ORAND/CAR-A/a_test_images/a_car_007105.png,DRIP,336,336,0,73,,,14308,0,,
ORAND/CAR-A/a_test_images/a_car_007105.png,Fixed,336,336,0,72,,,14112,0,,
ORAND/CAR-A/a_test_images/a_car_007105.png,PruneSID,336,336,0,71,,,13916,0,,
ORAND/CAR-A/a_test_images/a_car_007106.png,DRIP,336,336,1,73,12754.0,99000.0,14308,97446,0.12882828282828282,0.13088274531535415
ORAND/CAR-A/a_test_images/a_car_007106.png,Fixed,336,336,1,72,12264.0,99294.0,14112,97446,0.12351199468245816,0.1258543193153131
ORAND/CAR-A/a_test_images/a_car_007106.png,PruneSID,336,336,1,71,10234.0,101128.0,13916,97446,0.10119848113282177,0.10502226874371447
ORAND/CAR-A/a_test_images/a_car_007107.png,DRIP,336,336,1,73,4536.0,70717.0,14308,60945,0.0641429924911973,0.07442776273689392
ORAND/CAR-A/a_test_images/a_car_007107.png,Fixed,336,336,1,72,7462.0,67595.0,14112,60945,0.11039278053110436,0.12243826400853228
ORAND/CAR-A/a_test_images/a_car_007107.png,PruneSID,336,336,1,71,7014.0,67847.0,13916,60945,0.10337966306542662,0.11508737386167857
ORAND/CAR-A/a_test_images/a_car_007114.png,DRIP,336,336,1,72,7210.0,87206.0,14112,80304,0.08267779739926152,0.08978382147838215
ORAND/CAR-A/a_test_images/a_car_007114.png,Fixed,336,336,1,72,10038.0,84378.0,14112,80304,0.11896465903434544,0.125
ORAND/CAR-A/a_test_images/a_car_007114.png,PruneSID,336,336,1,71,8596.0,85624.0,13916,80304,0.10039241334205364,0.10704323570432357
ORAND/CAR-A/a_test_images/a_car_007118.png,DRIP,336,336,1,73,8139.0,84322.0,14308,78153,0.09652285287350869,0.10414187555180224
ORAND/CAR-A/a_test_images/a_car_007118.png,Fixed,336,336,1,72,9831.0,82434.0,14112,78153,0.11925904359851518,0.1257917162488964
ORAND/CAR-A/a_test_images/a_car_007118.png,PruneSID,336,336,1,71,8262.0,83807.0,13916,78153,0.09858365053038529,0.10571571148900234
ORAND/CAR-A/a_test_images/a_car_007123.png,DRIP,336,336,1,73,5320.0,67527.0,14308,58539,0.07878330149421713,0.09087958455047063
ORAND/CAR-A/a_test_images/a_car_007123.png,Fixed,336,336,1,72,6762.0,65889.0,14112,58539,0.10262714565405455,0.11551273509967713
ORAND/CAR-A/a_test_images/a_car_007123.png,PruneSID,336,336,1,71,5236.0,67219.0,13916,58539,0.07789464288370848,0.08944464374177899
ORAND/CAR-A/a_test_images/a_car_007126.png,DRIP,336,336,1,73,12208.0,100226.0,14308,98126,0.12180472132979467,0.12441147096590098
ORAND/CAR-A/a_test_images/a_car_007126.png,Fixed,336,336,1,72,12362.0,99876.0,14112,98126,0.12377347911410148,0.12598088172349836
ORAND/CAR-A/a_test_images/a_car_007126.png,PruneSID,336,336,1,71,11158.0,100884.0,13916,98126,0.1106022758812101,0.11371094307319161
ORAND/CAR-A/a_test_images/a_car_007129.png,DRIP,336,336,1,72,10570.0,101990.0,14112,98448,0.10363761153054221,0.10736632536973834
ORAND/CAR-A/a_test_images/a_car_007129.png,Fixed,336,336,1,72,12306.0,100254.0,14112,98448,0.12274821952241308,0.125
ORAND/CAR-A/a_test_images/a_car_007129.png,PruneSID,336,336,1,71,12054.0,100310.0,13916,98448,0.12016748080949058,0.12244027303754267
ORAND/CAR-A/a_test_images/a_car_007132.png,DRIP,336,336,1,73,7924.0,81984.0,14308,75600,0.09665300546448087,0.10481481481481482
ORAND/CAR-A/a_test_images/a_car_007132.png,Fixed,336,336,1,72,9450.0,80262.0,14112,75600,0.11773940345368916,0.125
ORAND/CAR-A/a_test_images/a_car_007132.png,PruneSID,336,336,1,71,8330.0,81186.0,13916,75600,0.10260389722365926,0.11018518518518519
ORAND/CAR-A/a_test_images/a_car_007134.png,DRIP,336,336,1,73,9940.0,101472.0,14308,97104,0.09795805739514349,0.10236447520184544
ORAND/CAR-A/a_test_images/a_car_007134.png,Fixed,336,336,1,72,12138.0,99078.0,14112,97104,0.122509537939805,0.125
ORAND/CAR-A/a_test_images/a_car_007134.png,PruneSID,336,336,1,71,11032.0,99988.0,13916,97104,0.11033323998879865,0.11361014994232987
ORAND/CAR-A/a_test_images/a_car_007156.png,DRIP,336,336,1,72,6468.0,69861.0,14112,62217,0.09258384506376949,0.1039587251072858
ORAND/CAR-A/a_test_images/a_car_007156.png,Fixed,336,336,1,72,7801.0,68528.0,14112,62217,0.11383667989726827,0.12538373756368837
ORAND/CAR-A/a_test_images/a_car_007156.png,PruneSID,336,336,1,71,7938.0,68195.0,13916,62217,0.11640149571082924,0.1275857080862144
ORAND/CAR-A/a_test_images/a_car_007329.png,DRIP,336,336,1,73,12685.0,107212.0,14308,105589,0.11831697944259971,0.12013562018770894
ORAND/CAR-A/a_test_images/a_car_007329.png,Fixed,336,336,1,72,13303.0,106398.0,14112,105589,0.125030545686949,0.12598850259023195
ORAND/CAR-A/a_test_images/a_car_007329.png,PruneSID,336,336,1,71,11761.0,107744.0,13916,105589,0.1091568904068904,0.11138470863442215
ORAND/CAR-A/a_test_images/a_car_007687.png,DRIP,336,336,0,72,,,14112,0,,
ORAND/CAR-A/a_test_images/a_car_007687.png,Fixed,336,336,0,72,,,14112,0,,
ORAND/CAR-A/a_test_images/a_car_007687.png,PruneSID,336,336,0,71,,,13916,0,,
ORAND/CAR-A/a_test_images/a_car_007741.png,DRIP,336,336,1,73,7756.0,84040.0,14308,77488,0.09228938600666349,0.10009291761304977
ORAND/CAR-A/a_test_images/a_car_007741.png,Fixed,336,336,1,72,9688.0,81912.0,14112,77488,0.11827326887391347,0.12502581044806937
ORAND/CAR-A/a_test_images/a_car_007741.png,PruneSID,336,336,1,71,8260.0,83144.0,13916,77488,0.09934571346098335,0.10659715052653314
ORAND/CAR-A/a_test_images/a_car_007771.png,DRIP,336,336,1,72,8792.0,87433.0,14112,82113,0.10055699792984342,0.107071961808727
ORAND/CAR-A/a_test_images/a_car_007771.png,Fixed,336,336,1,72,10486.0,85739.0,14112,82113,0.12230140309544081,0.12770206909989892
ORAND/CAR-A/a_test_images/a_car_007771.png,PruneSID,336,336,1,71,11116.0,84913.0,13916,82113,0.1309104612956791,0.1353744230511612
ORAND/CAR-A/a_test_images/a_car_007932.png,DRIP,336,336,1,73,1358.0,28119.0,14308,15169,0.04829474732387354,0.08952468850946008
ORAND/CAR-A/a_test_images/a_car_007932.png,Fixed,336,336,1,72,2597.0,26684.0,14112,15169,0.09732423924449109,0.17120443008767883
ORAND/CAR-A/a_test_images/a_car_007932.png,PruneSID,336,336,1,71,2170.0,26915.0,13916,15169,0.08062418725617686,0.1430549146285187
ORAND/CAR-A/a_test_images/a_car_007976.png,DRIP,336,336,1,73,8134.0,80118.0,14308,73944,0.10152525025587258,0.11000216379963215
ORAND/CAR-A/a_test_images/a_car_007976.png,Fixed,336,336,1,72,9666.0,78390.0,14112,73944,0.12330654420206659,0.13072054527750732
ORAND/CAR-A/a_test_images/a_car_007976.png,PruneSID,336,336,1,71,8582.0,79278.0,13916,73944,0.10825197406594515,0.11606080276966353
ORAND/CAR-A/a_test_images/a_car_008033.png,DRIP,336,336,1,72,9856.0,91952.0,14112,87696,0.1071863580998782,0.1123882503192848
ORAND/CAR-A/a_test_images/a_car_008033.png,Fixed,336,336,1,72,10962.0,90846.0,14112,87696,0.12066574202496533,0.125
ORAND/CAR-A/a_test_images/a_car_008033.png,PruneSID,336,336,1,71,10374.0,91238.0,13916,87696,0.11370262390670553,0.11829501915708812
ORAND/CAR-A/a_test_images/a_car_008049.png,DRIP,336,336,1,72,10122.0,92907.0,14112,88917,0.1089476573347541,0.11383649920712574
ORAND/CAR-A/a_test_images/a_car_008049.png,Fixed,336,336,1,72,11605.0,91424.0,14112,88917,0.12693603430171507,0.13051497463927034
ORAND/CAR-A/a_test_images/a_car_008049.png,PruneSID,336,336,1,71,10098.0,92735.0,13916,88917,0.10889092575618699,0.11356658456763048
ORAND/CAR-A/a_test_images/a_car_008102.png,DRIP,336,336,1,72,8330.0,92806.0,14112,87024,0.0897571277719113,0.09572072072072071
ORAND/CAR-A/a_test_images/a_car_008102.png,Fixed,336,336,1,72,10878.0,90258.0,14112,87024,0.12052117263843648,0.125
ORAND/CAR-A/a_test_images/a_car_008102.png,PruneSID,336,336,1,71,11270.0,89670.0,13916,87024,0.12568306010928962,0.12950450450450451
ORAND/CAR-A/a_test_images/a_car_008316.png,DRIP,336,336,1,72,9492.0,86948.0,14112,82328,0.10916869853245618,0.11529491788941794
ORAND/CAR-A/a_test_images/a_car_008316.png,Fixed,336,336,1,72,10458.0,85982.0,14112,82328,0.12163010862738713,0.12702847147993393
ORAND/CAR-A/a_test_images/a_car_008316.png,PruneSID,336,336,1,71,10766.0,85478.0,13916,82328,0.12595053698027564,0.1307696045087941
ORAND/CAR-A/a_test_images/a_car_008441.png,DRIP,336,336,1,72,9100.0,84312.0,14112,79300,0.10793244140810324,0.11475409836065574
ORAND/CAR-A/a_test_images/a_car_008441.png,Fixed,336,336,1,72,9618.0,83794.0,14112,79300,0.114781487934697,0.12128625472887768
ORAND/CAR-A/a_test_images/a_car_008441.png,PruneSID,336,336,1,71,10136.0,83080.0,13916,79300,0.12200288878189697,0.12781841109709963
ORAND/CAR-A/a_test_images/a_car_008486.png,DRIP,336,336,1,73,7042.0,80850.0,14308,73584,0.0870995670995671,0.09570015220700152
ORAND/CAR-A/a_test_images/a_car_008486.png,Fixed,336,336,1,72,9198.0,78498.0,14112,73584,0.11717495987158909,0.125
ORAND/CAR-A/a_test_images/a_car_008486.png,PruneSID,336,336,1,71,9100.0,78400.0,13916,73584,0.11607142857142858,0.12366818873668188
ORAND/CAR-A/a_test_images/a_car_008945.png,DRIP,336,336,1,73,8694.0,85219.0,14308,79605,0.10201950269306141,0.10921424533634821
ORAND/CAR-A/a_test_images/a_car_008945.png,Fixed,336,336,1,72,10094.0,83623.0,14112,79605,0.12070841754062878,0.12680108033414986
ORAND/CAR-A/a_test_images/a_car_008945.png,PruneSID,336,336,1,71,9366.0,84155.0,13916,79605,0.11129463489988711,0.117655926135293
ORAND/CAR-A/a_test_images/a_car_009004.png,DRIP,336,336,2,73,6619.0,70505.0,14308,62816,0.09387986667612226,0.10537124299541518
ORAND/CAR-A/a_test_images/a_car_009004.png,Fixed,336,336,2,72,7700.0,69228.0,14112,62816,0.11122667128907379,0.12258023433520122
ORAND/CAR-A/a_test_images/a_car_009004.png,PruneSID,336,336,2,71,9030.0,67702.0,13916,62816,0.13337862987799473,0.14375318390219052
ORAND/CAR-A/a_test_images/a_car_009138.png,DRIP,336,336,1,72,6692.0,78370.0,14112,70950,0.08538981753221896,0.0943199436222692
ORAND/CAR-A/a_test_images/a_car_009138.png,Fixed,336,336,1,72,9018.0,76044.0,14112,70950,0.11858923780968912,0.12710359408033828
ORAND/CAR-A/a_test_images/a_car_009138.png,PruneSID,336,336,1,71,9282.0,75584.0,13916,70950,0.12280376799322608,0.1308245243128964
ORAND/CAR-A/a_test_images/a_car_009330.png,DRIP,336,336,0,73,,,14308,0,,
ORAND/CAR-A/a_test_images/a_car_009330.png,Fixed,336,336,0,72,,,14112,0,,
ORAND/CAR-A/a_test_images/a_car_009330.png,PruneSID,336,336,0,71,,,13916,0,,
ORAND/CAR-A/a_test_images/a_car_009337.png,DRIP,336,336,1,72,8904.0,90216.0,14112,85008,0.09869646182495345,0.10474308300395258
ORAND/CAR-A/a_test_images/a_car_009337.png,Fixed,336,336,1,72,10626.0,88494.0,14112,85008,0.12007593735168486,0.125
ORAND/CAR-A/a_test_images/a_car_009337.png,PruneSID,336,336,1,71,9240.0,89684.0,13916,85008,0.10302841086481423,0.10869565217391304
ORAND/CAR-A/a_test_images/a_car_009507.png,DRIP,336,336,1,73,9050.0,82614.0,14308,77356,0.10954559759846999,0.11699157143595842
ORAND/CAR-A/a_test_images/a_car_009507.png,Fixed,336,336,1,72,9722.0,81746.0,14112,77356,0.1189293665745113,0.12567868038678318
ORAND/CAR-A/a_test_images/a_car_009507.png,PruneSID,336,336,1,71,9590.0,81682.0,13916,77356,0.11740652775397273,0.12397228398572832
ORAND/CAR-A/a_test_images/a_car_009646.png,DRIP,336,336,1,73,5656.0,54579.0,14308,45927,0.10362960112863923,0.12315195854290505
ORAND/CAR-A/a_test_images/a_car_009646.png,Fixed,336,336,1,72,5530.0,54509.0,14112,45927,0.10145113650956723,0.12040847431793934
ORAND/CAR-A/a_test_images/a_car_009646.png,PruneSID,336,336,1,71,6678.0,53165.0,13916,45927,0.12560895325872284,0.14540466392318244
ORAND/CAR-A/a_test_images/a_car_010437.png,DRIP,336,336,1,72,8847.0,88462.0,14112,83197,0.10000904343107775,0.10633796891714846
ORAND/CAR-A/a_test_images/a_car_010437.png,Fixed,336,336,1,72,10346.0,86963.0,14112,83197,0.118970136724814,0.12435544550885248
ORAND/CAR-A/a_test_images/a_car_010437.png,PruneSID,336,336,1,71,10164.0,86949.0,13916,83197,0.11689611151364593,0.12216786662980636
ORAND/CAR-A/a_test_images/a_car_010523.png,DRIP,336,336,1,73,12292.0,98107.0,14308,96091,0.12529177326796254,0.12792040877917807
ORAND/CAR-A/a_test_images/a_car_010523.png,Fixed,336,336,1,72,11998.0,98205.0,14112,96091,0.1221730054477878,0.1248608090247786
ORAND/CAR-A/a_test_images/a_car_010523.png,PruneSID,336,336,1,71,9851.0,100156.0,13916,96091,0.09835656376053356,0.10251740537615385
POIE/image_files/GOG_148.jpg,DRIP,336,336,69,72,5389.0,69936.0,14112,61213,0.07705616563715396,0.08803685491643932
POIE/image_files/GOG_148.jpg,Fixed,336,336,69,72,8195.0,67130.0,14112,61213,0.12207656785341874,0.13387679087775473
POIE/image_files/GOG_148.jpg,PruneSID,336,336,69,71,9332.0,65797.0,13916,61213,0.14183017462802255,0.15245127668959207
POIE/image_files/GOG_168.jpg,DRIP,336,336,28,72,3590.0,41866.0,14112,31344,0.08574977308555869,0.11453547728432874
POIE/image_files/GOG_168.jpg,Fixed,336,336,28,72,3118.0,42338.0,14112,31344,0.07364542491378903,0.09947677386421644
POIE/image_files/GOG_168.jpg,PruneSID,336,336,28,71,6314.0,38946.0,13916,31344,0.16212191239151647,0.20144206227667177
POIE/image_files/GOG_283.jpg,DRIP,336,336,47,72,8365.0,76123.0,14112,70376,0.10988794451085743,0.1188615437080823
POIE/image_files/GOG_283.jpg,Fixed,336,336,47,72,8594.0,75894.0,14112,70376,0.11323688302105568,0.12211549391838127
POIE/image_files/GOG_283.jpg,PruneSID,336,336,47,71,9838.0,74454.0,13916,70376,0.13213527815832596,0.1397919745367739
POIE/image_files/GOG_294.jpg,DRIP,336,336,17,73,12987.0,108026.0,14308,106705,0.1202210578934701,0.12170938568951783
POIE/image_files/GOG_294.jpg,Fixed,336,336,17,72,13374.0,107443.0,14112,106705,0.12447530318401386,0.12533620730050138
POIE/image_files/GOG_294.jpg,PruneSID,336,336,17,71,12817.0,107804.0,13916,106705,0.11889169233052577,0.12011620823766458
POIE/image_files/NZL_18.jpg,DRIP,336,336,31,73,5109.0,57310.0,14308,48111,0.08914674576862677,0.10619193115919437
POIE/image_files/NZL_18.jpg,Fixed,336,336,31,72,6584.0,55639.0,14112,48111,0.11833426193856827,0.13685020057783043
POIE/image_files/NZL_18.jpg,PruneSID,336,336,31,71,9086.0,52941.0,13916,48111,0.17162501652783288,0.1888549396187982
POIE/image_files/NZL_2.jpg,DRIP,336,336,42,73,6821.0,73940.0,14308,66453,0.09225047335677576,0.10264397393646638
POIE/image_files/NZL_2.jpg,Fixed,336,336,42,72,9117.0,71448.0,14112,66453,0.12760329190460196,0.13719470904248116
POIE/image_files/NZL_2.jpg,PruneSID,336,336,42,71,8675.0,71694.0,13916,66453,0.12100036265238374,0.1305433915699818
POIE/image_files/NZL_20.jpg,DRIP,336,336,22,73,8715.0,73974.0,14308,68381,0.11781166355746614,0.12744768283587546
POIE/image_files/NZL_20.jpg,Fixed,336,336,22,72,11464.0,71029.0,14112,68381,0.1613988652522209,0.16764890832248724
POIE/image_files/NZL_20.jpg,PruneSID,336,336,22,71,11530.0,70767.0,13916,68381,0.1629290488504529,0.16861408870885186
POIE/image_files/NZL_26.jpg,DRIP,336,336,33,73,8080.0,79168.0,14308,72940,0.10206143896523848,0.1107759802577461
POIE/image_files/NZL_26.jpg,Fixed,336,336,33,72,11465.0,75587.0,14112,72940,0.151679521610859,0.1571839868384974
POIE/image_files/NZL_26.jpg,PruneSID,336,336,33,71,10617.0,76239.0,13916,72940,0.13925943414787706,0.14555799287085275
POIE/image_files/NZL_27.jpg,DRIP,336,336,21,73,5630.0,43399.0,14308,34721,0.12972649139381093,0.16214970766970999
POIE/image_files/NZL_27.jpg,Fixed,336,336,21,72,4210.0,44623.0,14112,34721,0.09434596508526993,0.12125226807983641
POIE/image_files/NZL_27.jpg,PruneSID,336,336,21,71,6446.0,42191.0,13916,34721,0.15278139887653766,0.18565133492698943
POIE/image_files/NZL_52.jpg,DRIP,336,336,30,72,7084.0,63830.0,14112,56802,0.11098229672567758,0.12471391852399563
POIE/image_files/NZL_52.jpg,Fixed,336,336,30,72,7626.0,63288.0,14112,56802,0.12049677664012134,0.1342558360621105
POIE/image_files/NZL_52.jpg,PruneSID,336,336,30,71,7995.0,62723.0,13916,56802,0.12746520415158713,0.14075208619414808
POIE/image_files/NZL_62.jpg,DRIP,336,336,45,73,7081.0,69691.0,14308,62464,0.10160565926733725,0.11336129610655737
POIE/image_files/NZL_62.jpg,Fixed,336,336,45,72,6788.0,69788.0,14112,62464,0.09726600561701151,0.10867059426229508
POIE/image_files/NZL_62.jpg,PruneSID,336,336,45,71,9696.0,66684.0,13916,62464,0.14540219542918842,0.1552254098360656
POIE/image_files/NZL_70.jpg,DRIP,336,336,27,73,11030.0,91843.0,14308,88565,0.12009625121130625,0.12454129735222717
POIE/image_files/NZL_70.jpg,Fixed,336,336,27,72,10248.0,92429.0,14112,88565,0.11087429270034296,0.11571162423079094
POIE/image_files/NZL_70.jpg,PruneSID,336,336,27,71,12048.0,90433.0,13916,88565,0.1332257030066458,0.1360356800090329
POIE/image_files/NZL_81.jpg,DRIP,336,336,27,72,5320.0,55782.0,14112,46990,0.09537126671686207,0.11321557778250692
POIE/image_files/NZL_81.jpg,Fixed,336,336,27,72,4413.0,56689.0,14112,46990,0.07784579018857274,0.09391359863800809
POIE/image_files/NZL_81.jpg,PruneSID,336,336,27,71,7602.0,53304.0,13916,46990,0.14261593876632148,0.16177910193658226
POIE/image_files/SGP_13.jpg,DRIP,336,336,31,73,4879.0,56891.0,14308,47462,0.08576048935684027,0.10279802789600101
POIE/image_files/SGP_13.jpg,Fixed,336,336,31,72,8009.0,53565.0,14112,47462,0.1495192756464109,0.16874552273397667
POIE/image_files/SGP_13.jpg,PruneSID,336,336,31,71,7435.0,53943.0,13916,47462,0.13783067311792077,0.156651637099153
POIE/image_files/SGP_23.jpg,DRIP,336,336,44,72,7322.0,75082.0,14112,68292,0.09752004475107216,0.10721607216072161
POIE/image_files/SGP_23.jpg,Fixed,336,336,44,72,7465.0,74939.0,14112,68292,0.09961435300711245,0.10931002167164529
POIE/image_files/SGP_23.jpg,PruneSID,336,336,44,71,10593.0,71615.0,13916,68292,0.14791593939817077,0.1551133368476542
POIE/image_files/SGP_40.jpg,DRIP,336,336,52,72,7284.0,69580.0,14112,62752,0.10468525438344352,0.11607598164201938
POIE/image_files/SGP_40.jpg,Fixed,336,336,52,72,8496.0,68368.0,14112,62752,0.12426866370231687,0.1353901070882203
POIE/image_files/SGP_40.jpg,PruneSID,336,336,52,71,8217.0,68451.0,13916,62752,0.12004207389227331,0.1309440336562978
POIE/image_files/SGP_51.jpg,DRIP,336,336,57,72,6540.0,66563.0,14112,58991,0.0982527830776858,0.11086436914105542
POIE/image_files/SGP_51.jpg,Fixed,336,336,57,72,9230.0,63873.0,14112,58991,0.1445055031077294,0.1564645454391348
POIE/image_files/SGP_51.jpg,PruneSID,336,336,57,71,9157.0,63750.0,13916,58991,0.1436392156862745,0.15522706853587837
POIE/image_files/SGP_54.jpg,DRIP,336,336,39,72,5731.0,61800.0,14112,53419,0.09273462783171521,0.10728392519515528
POIE/image_files/SGP_54.jpg,Fixed,336,336,39,72,9073.0,58458.0,14112,53419,0.15520544664545485,0.16984593496695932
POIE/image_files/SGP_54.jpg,PruneSID,336,336,39,71,8116.0,59219.0,13916,53419,0.1370506087573245,0.1519309608940639
POIE/image_files/SGP_57.jpg,DRIP,336,336,39,72,7886.0,70092.0,14112,63866,0.11250927352622268,0.12347728055616447
POIE/image_files/SGP_57.jpg,Fixed,336,336,39,72,10013.0,67965.0,14112,63866,0.14732582947105127,0.156781386026994
POIE/image_files/SGP_57.jpg,PruneSID,336,336,39,71,9530.0,68252.0,13916,63866,0.13962960792357734,0.14921867660413993
POIE/image_files/SGP_63.jpg,DRIP,336,336,26,73,6450.0,85228.0,14308,77370,0.07567935420284413,0.08336564559906941
POIE/image_files/SGP_63.jpg,Fixed,336,336,26,72,9121.0,82361.0,14112,77370,0.11074416289263123,0.11788807031149025
POIE/image_files/SGP_63.jpg,PruneSID,336,336,26,71,10596.0,80690.0,13916,77370,0.13131738753253192,0.13695230709577355
POIE/image_files/SGP_80.jpg,DRIP,336,336,63,72,5499.0,69434.0,14112,60821,0.07919751130570038,0.09041285082455074
POIE/image_files/SGP_80.jpg,Fixed,336,336,63,72,10047.0,64886.0,14112,60821,0.15484079770674722,0.1651896548889364
POIE/image_files/SGP_80.jpg,PruneSID,336,336,63,71,9859.0,64878.0,13916,60821,0.15196214433243935,0.162098617253909
POIE/image_files/SGP_82.jpg,DRIP,336,336,24,73,6323.0,76626.0,14308,68641,0.08251768329287709,0.09211695633804869
POIE/image_files/SGP_82.jpg,Fixed,336,336,24,72,10236.0,72517.0,14112,68641,0.14115310892618282,0.14912370157777421
POIE/image_files/SGP_82.jpg,PruneSID,336,336,24,71,9603.0,72954.0,13916,68641,0.1316308906982482,0.13990180795734328
POIE/image_files/UK_148.jpg,DRIP,336,336,28,73,9192.0,70702.0,14308,65586,0.13001046646488076,0.14015186167779708
POIE/image_files/UK_148.jpg,Fixed,336,336,28,72,9032.0,70666.0,14112,65586,0.1278125265332692,0.13771231665294423
POIE/image_files/UK_148.jpg,PruneSID,336,336,28,71,9076.0,70426.0,13916,65586,0.1288728594553148,0.13838319153477877
POIE/image_files/UK_164.jpg,DRIP,336,336,31,73,7214.0,61083.0,14308,53989,0.11810159946302572,0.13361981144307172
POIE/image_files/UK_164.jpg,Fixed,336,336,31,72,7347.0,60754.0,14112,53989,0.12093030911544919,0.1360832762229343
POIE/image_files/UK_164.jpg,PruneSID,336,336,31,71,8249.0,59656.0,13916,53989,0.13827611640069734,0.15279038322621274
POIE/image_files/UK_183.jpg,DRIP,336,336,26,73,7495.0,60839.0,14308,54026,0.12319400384621707,0.138729500610817
POIE/image_files/UK_183.jpg,Fixed,336,336,26,72,6696.0,61442.0,14112,54026,0.10898082744702321,0.12394032502868989
POIE/image_files/UK_183.jpg,PruneSID,336,336,26,71,10037.0,57905.0,13916,54026,0.17333563595544427,0.18578092029763446
POIE/image_files/UK_184.jpg,DRIP,336,336,4,72,10570.0,104186.0,14112,100644,0.10145317029159388,0.10502364770875561
POIE/image_files/UK_184.jpg,Fixed,336,336,4,72,12502.0,102254.0,14112,100644,0.1222641657050091,0.12422002305154803
POIE/image_files/UK_184.jpg,PruneSID,336,336,4,71,12390.0,102170.0,13916,100644,0.1212684741117745,0.12310718969834267
POIE/image_files/UK_205.jpg,DRIP,336,336,33,73,6907.0,62266.0,14308,54865,0.11092731185558732,0.12589082292900755
POIE/image_files/UK_205.jpg,Fixed,336,336,33,72,8359.0,60618.0,14112,54865,0.13789633442211885,0.15235578237492026
POIE/image_files/UK_205.jpg,PruneSID,336,336,33,71,8358.0,60423.0,13916,54865,0.13832481008887343,0.15233755581882802
POIE/image_files/UK_220.jpg,DRIP,336,336,9,72,14112.0,112896.0,14112,112896,0.125,0.125
POIE/image_files/UK_220.jpg,Fixed,336,336,9,72,14112.0,112896.0,14112,112896,0.125,0.125
POIE/image_files/UK_220.jpg,PruneSID,336,336,9,71,13916.0,112896.0,13916,112896,0.1232638888888889,0.1232638888888889
POIE/image_files/UK_227.jpg,DRIP,336,336,8,72,10435.0,94378.0,14112,90701,0.1105660217423552,0.11504834566322311
POIE/image_files/UK_227.jpg,Fixed,336,336,8,72,11320.0,93493.0,14112,90701,0.1210785834233579,0.12480568020198234
POIE/image_files/UK_227.jpg,PruneSID,336,336,8,71,11326.0,93291.0,13916,90701,0.12140506586916208,0.1248718316225841
POIE/image_files/UK_254.jpg,DRIP,336,336,26,73,8689.0,81735.0,14308,76116,0.1063069676393222,0.11415471123022755
POIE/image_files/UK_254.jpg,Fixed,336,336,26,72,9417.0,80811.0,14112,76116,0.11653116531165311,0.12371906038152294
POIE/image_files/UK_254.jpg,PruneSID,336,336,26,71,11596.0,78436.0,13916,76116,0.147840277423632,0.15234641862420517
POIE/image_files/UK_262.jpg,DRIP,336,336,35,72,5312.0,63987.0,14112,55187,0.0830168628002563,0.09625455270262924
POIE/image_files/UK_262.jpg,Fixed,336,336,35,72,8061.0,61238.0,14112,55187,0.1316339527744211,0.14606700853461865
POIE/image_files/UK_262.jpg,PruneSID,336,336,35,71,7444.0,61659.0,13916,55187,0.12072852300556286,0.1348868392918622
POIE/image_files/UK_280.jpg,DRIP,336,336,29,72,3148.0,54860.0,14112,43896,0.05738242799854174,0.07171496263896483
POIE/image_files/UK_280.jpg,Fixed,336,336,29,72,4843.0,53165.0,14112,43896,0.09109376469481802,0.11032895935848369
POIE/image_files/UK_280.jpg,PruneSID,336,336,29,71,7556.0,50256.0,13916,43896,0.15035020694046483,0.17213413522872242
POIE/image_files/UK_303.jpg,DRIP,336,336,7,73,13312.0,109239.0,14308,108243,0.12186124003332144,0.12298254852507784
POIE/image_files/UK_303.jpg,Fixed,336,336,7,72,13328.0,109027.0,14112,108243,0.12224494849899566,0.12313036408820893
POIE/image_files/UK_303.jpg,PruneSID,336,336,7,71,13228.0,108931.0,13916,108243,0.12143466965326674,0.12220651681863955
POIE/image_files/UK_305.jpg,DRIP,336,336,15,72,7791.0,65048.0,14112,58727,0.1197730906407576,0.13266470277725748
POIE/image_files/UK_305.jpg,Fixed,336,336,15,72,6521.0,66318.0,14112,58727,0.09832926204047167,0.11103921535239328
POIE/image_files/UK_305.jpg,PruneSID,336,336,15,71,10071.0,62572.0,13916,58727,0.16095058492616507,0.1714884124848877
POIE/image_files/UK_32.jpg,DRIP,336,336,9,73,10131.0,99933.0,14308,95756,0.10137792320854973,0.10580015873678934
POIE/image_files/UK_32.jpg,Fixed,336,336,9,72,12166.0,97702.0,14112,95756,0.12452150416572844,0.12705209073060697
POIE/image_files/UK_32.jpg,PruneSID,336,336,9,71,12262.0,97410.0,13916,95756,0.12588029976388462,0.12805463887380425
POIE/image_files/UK_331.jpg,DRIP,336,336,36,73,7993.0,68486.0,14308,62171,0.11670998452238414,0.1285647649225523
POIE/image_files/UK_331.jpg,Fixed,336,336,36,72,8738.0,67545.0,14112,62171,0.1293656081131098,0.14054784385002653
POIE/image_files/UK_331.jpg,PruneSID,336,336,36,71,8785.0,67302.0,13916,62171,0.13053103919645775,0.141303823325988
POIE/image_files/UK_338.jpg,DRIP,336,336,29,73,6540.0,59246.0,14308,51478,0.11038719913580664,0.12704456272582462
POIE/image_files/UK_338.jpg,Fixed,336,336,29,72,5956.0,59634.0,14112,51478,0.09987590971593387,0.11569991064143906
POIE/image_files/UK_338.jpg,PruneSID,336,336,29,71,9195.0,56199.0,13916,51478,0.16361501094325523,0.17861999300672132
POIE/image_files/UK_379.jpg,DRIP,336,336,35,73,6606.0,72247.0,14308,64545,0.09143632261547192,0.1023471996281664
POIE/image_files/UK_379.jpg,Fixed,336,336,35,72,8791.0,69866.0,14112,64545,0.12582658231471675,0.13619955070106127
POIE/image_files/UK_379.jpg,PruneSID,336,336,35,71,10237.0,68224.0,13916,64545,0.1500498358348968,0.15860252536989697
POIE/image_files/UK_39.jpg,DRIP,336,336,45,73,6869.0,58161.0,14308,50722,0.11810319629992606,0.13542447064390206
POIE/image_files/UK_39.jpg,Fixed,336,336,45,72,5092.0,59742.0,14112,50722,0.08523316929463359,0.10039036315602697
POIE/image_files/UK_39.jpg,PruneSID,336,336,45,71,9273.0,55365.0,13916,50722,0.1674884855052831,0.1828200780726312
POIE/image_files/UK_392.jpg,DRIP,336,336,30,73,5359.0,63118.0,14308,54169,0.08490446465350614,0.09893112296701065
POIE/image_files/UK_392.jpg,Fixed,336,336,30,72,5989.0,62292.0,14112,54169,0.09614396712258395,0.11056139120160978
POIE/image_files/UK_392.jpg,PruneSID,336,336,30,71,8525.0,59560.0,13916,54169,0.14313297515110812,0.15737783603167863
POIE/image_files/UK_423.jpg,DRIP,336,336,22,72,1809.0,43328.0,14112,31025,0.04175129246676514,0.058307816277195806
POIE/image_files/UK_423.jpg,Fixed,336,336,22,72,4628.0,40509.0,14112,31025,0.1142462168900738,0.14917002417405317
POIE/image_files/UK_423.jpg,PruneSID,336,336,22,71,5837.0,39104.0,13916,31025,0.14926861702127658,0.18813859790491538
POIE/image_files/UK_457.jpg,DRIP,336,336,39,73,7526.0,61721.0,14308,54939,0.12193580790978759,0.13698829611023136
POIE/image_files/UK_457.jpg,Fixed,336,336,39,72,8483.0,60568.0,14112,54939,0.14005745608241976,0.15440761571925227
POIE/image_files/UK_457.jpg,PruneSID,336,336,39,71,9391.0,59464.0,13916,54939,0.15792748553746805,0.17093503704108193
POIE/image_files/UK_466.jpg,DRIP,336,336,34,72,3900.0,55187.0,14112,44975,0.07066881693152373,0.0867148415786548
POIE/image_files/UK_466.jpg,Fixed,336,336,34,72,5318.0,53769.0,14112,44975,0.09890457326712418,0.11824346859366315
POIE/image_files/UK_466.jpg,PruneSID,336,336,34,71,8157.0,50734.0,13916,44975,0.1607797532226909,0.1813674263479711
POIE/image_files/UK_473.jpg,DRIP,336,336,48,73,7396.0,76737.0,14308,69825,0.09638114599215503,0.105921947726459
POIE/image_files/UK_473.jpg,Fixed,336,336,48,72,8576.0,75361.0,14112,69825,0.11379891455792784,0.12282133906194057
POIE/image_files/UK_473.jpg,PruneSID,336,336,48,71,9161.0,74580.0,13916,69825,0.12283454009117727,0.13119942713927676
POIE/image_files/UK_494.jpg,DRIP,336,336,27,73,7584.0,71965.0,14308,65241,0.10538456193983187,0.1162459189773302
POIE/image_files/UK_494.jpg,Fixed,336,336,27,72,8267.0,71086.0,14112,65241,0.11629575443828602,0.12671479591054705
POIE/image_files/UK_494.jpg,PruneSID,336,336,27,71,8640.0,70517.0,13916,65241,0.12252364678020902,0.1324320595944268
POIE/image_files/UK_498.jpg,DRIP,336,336,40,73,6699.0,66468.0,14308,58859,0.10078534031413612,0.11381436993492924
POIE/image_files/UK_498.jpg,Fixed,336,336,40,72,7898.0,65073.0,14112,58859,0.12137138290842592,0.13418508639290508
POIE/image_files/UK_498.jpg,PruneSID,336,336,40,71,10199.0,62576.0,13916,58859,0.16298580925594477,0.17327851305662686
POIE/image_files/UK_516.jpg,DRIP,336,336,41,73,6770.0,68505.0,14308,60967,0.09882490329173053,0.1110436793675267
POIE/image_files/UK_516.jpg,Fixed,336,336,41,72,7311.0,67768.0,14112,60967,0.10788277653169638,0.11991733232732461
POIE/image_files/UK_516.jpg,PruneSID,336,336,41,71,8540.0,66343.0,13916,60967,0.12872495967924272,0.14007577869995244
POIE/image_files/UK_522.jpg,DRIP,336,336,37,72,6747.0,59390.0,14112,52025,0.11360498400404108,0.12968765016818837
POIE/image_files/UK_522.jpg,Fixed,336,336,37,72,6809.0,59328.0,14112,52025,0.11476874325782092,0.13087938491110043
POIE/image_files/UK_522.jpg,PruneSID,336,336,37,71,9102.0,56839.0,13916,52025,0.16013652597688208,0.17495434887073522
POIE/image_files/UK_539.jpg,DRIP,336,336,35,73,7565.0,62236.0,14308,55493,0.12155344173790089,0.13632350026129422
POIE/image_files/UK_539.jpg,Fixed,336,336,35,72,6517.0,63088.0,14112,55493,0.10330015216839969,0.11743823545312021
POIE/image_files/UK_539.jpg,PruneSID,336,336,35,71,9336.0,60073.0,13916,55493,0.15541091671799312,0.1682374353522066
POIE/image_files/UK_548.jpg,DRIP,336,336,23,73,7017.0,51649.0,14308,44358,0.1358593583612461,0.1581901798999053
POIE/image_files/UK_548.jpg,Fixed,336,336,23,72,3502.0,54968.0,14112,44358,0.06370979478969582,0.07894855493935705
POIE/image_files/UK_548.jpg,PruneSID,336,336,23,71,7501.0,50773.0,13916,44358,0.14773600141807652,0.16910140222733216
POIE/image_files/UK_563.jpg,DRIP,336,336,43,73,7929.0,73063.0,14308,66684,0.10852278170893612,0.11890408493791614
POIE/image_files/UK_563.jpg,Fixed,336,336,43,72,8173.0,72623.0,14112,66684,0.11254010437464715,0.12256313358526782
POIE/image_files/UK_563.jpg,PruneSID,336,336,43,71,10856.0,69744.0,13916,66684,0.15565496673548979,0.16279767260512268
POIE/image_files/UK_568.jpg,DRIP,336,336,39,73,6125.0,54212.0,14308,46029,0.1129823655279274,0.1330682830389537
POIE/image_files/UK_568.jpg,Fixed,336,336,39,72,4936.0,55205.0,14112,46029,0.08941219092473508,0.10723674205392253
POIE/image_files/UK_568.jpg,PruneSID,336,336,39,71,7264.0,52681.0,13916,46029,0.13788652455344433,0.1578135523257077
POIE/image_files/UK_70.jpg,DRIP,336,336,38,73,5136.0,57610.0,14308,48438,0.08915118902968235,0.10603245385854082
POIE/image_files/UK_70.jpg,Fixed,336,336,38,72,6982.0,55568.0,14112,48438,0.12564785488050675,0.14414302820099922
POIE/image_files/UK_70.jpg,PruneSID,336,336,38,71,8226.0,54128.0,13916,48438,0.1519731007981082,0.16982534373838723
POIE/image_files/UK_85.jpg,DRIP,336,336,20,73,9364.0,92873.0,14308,87929,0.1008258589686992,0.10649501302186992
POIE/image_files/UK_85.jpg,Fixed,336,336,20,72,10920.0,91121.0,14112,87929,0.11984065144148989,0.12419110873545702
POIE/image_files/UK_85.jpg,PruneSID,336,336,20,71,11768.0,90077.0,13916,87929,0.1306437825416033,0.1338352534431189
POIE/image_files/nf0084.jpg,DRIP,336,336,49,72,4584.0,56878.0,14112,47350,0.08059355110939204,0.09681098204857444
POIE/image_files/nf0084.jpg,Fixed,336,336,49,72,6506.0,54956.0,14112,47350,0.11838561758497708,0.13740232312565998
POIE/image_files/nf0084.jpg,PruneSID,336,336,49,71,7601.0,53665.0,13916,47350,0.14163793906643063,0.16052798310454067
POIE/image_files/nf0364.jpg,DRIP,336,336,13,73,9550.0,78845.0,14308,74087,0.12112372376181114,0.12890250651261356
POIE/image_files/nf0364.jpg,Fixed,336,336,13,72,9174.0,79025.0,14112,74087,0.116089844985764,0.12382739212007504
POIE/image_files/nf0364.jpg,PruneSID,336,336,13,71,8404.0,79599.0,13916,74087,0.1055792158192942,0.11343420573109993
POIE/image_files/nf0818.jpg,DRIP,336,336,22,72,5856.0,47773.0,14112,39517,0.12257969983044815,0.14818938684616748
POIE/image_files/nf0818.jpg,Fixed,336,336,22,72,4512.0,49117.0,14112,39517,0.0918622880061893,0.11417870789786674
POIE/image_files/nf0818.jpg,PruneSID,336,336,22,71,5732.0,47701.0,13916,39517,0.12016519569820339,0.14505149682415164
POIE/image_files/nf1102.jpg,DRIP,336,336,24,72,6653.0,60926.0,14112,53467,0.10919804352821455,0.12443189256924832
POIE/image_files/nf1102.jpg,Fixed,336,336,24,72,6931.0,60648.0,14112,53467,0.11428241656773512,0.12963136140049003
POIE/image_files/nf1102.jpg,PruneSID,336,336,24,71,7510.0,59873.0,13916,53467,0.12543216474871813,0.14046047094469485
POIE/image_files/nf1345.jpg,DRIP,336,336,4,73,7660.0,48048.0,14308,41400,0.1594239094239094,0.185024154589372
POIE/image_files/nf1345.jpg,Fixed,336,336,4,72,4736.0,50776.0,14112,41400,0.09327241216322672,0.11439613526570049
POIE/image_files/nf1345.jpg,PruneSID,336,336,4,71,5474.0,49842.0,13916,41400,0.10982705348902531,0.1322222222222222
POIE/image_files/nf1393.jpg,DRIP,336,336,30,72,6451.0,61101.0,14112,53440,0.1055792867547176,0.12071482035928144
POIE/image_files/nf1393.jpg,Fixed,336,336,30,72,7462.0,60090.0,14112,53440,0.12418039607255783,0.13963323353293414
POIE/image_files/nf1393.jpg,PruneSID,336,336,30,71,7555.0,59801.0,13916,53440,0.1263356800053511,0.14137350299401197
POIE/image_files/nf3684.jpg,DRIP,336,336,37,72,4380.0,68594.0,14112,58862,0.06385398139778989,0.07441133498691856
POIE/image_files/nf3684.jpg,Fixed,336,336,37,72,7960.0,65014.0,14112,58862,0.12243516781001015,0.1352315585607013
POIE/image_files/nf3684.jpg,PruneSID,336,336,37,71,7743.0,65035.0,13916,58862,0.11905896824786653,0.1315449695898882
POIE/image_files/nf3702.jpg,DRIP,336,336,37,73,6887.0,62044.0,14308,54623,0.1110018696409,0.1260824194936199
POIE/image_files/nf3702.jpg,Fixed,336,336,37,72,7371.0,61364.0,14112,54623,0.12011928818199596,0.13494315581348515
POIE/image_files/nf3702.jpg,PruneSID,336,336,37,71,7571.0,60968.0,13916,54623,0.12417989765122688,0.13860461710268568
SROIE/image/X51005230605.jpg,DRIP,336,336,33,72,4280.0,37159.0,14112,27327,0.11518070992222611,0.15662165623742086
SROIE/image/X51005230605.jpg,Fixed,336,336,33,72,4628.0,36811.0,14112,27327,0.1257232892341963,0.16935631426794012
SROIE/image/X51005230605.jpg,PruneSID,336,336,33,71,6818.0,34425.0,13916,27327,0.19805374001452433,0.24949683463241482
SROIE/image/X51005288570.jpg,DRIP,336,336,27,72,3159.0,44691.0,14112,33738,0.07068537289387125,0.09363329183709763
SROIE/image/X51005288570.jpg,Fixed,336,336,27,72,3795.0,44055.0,14112,33738,0.08614232209737828,0.11248443891161301
SROIE/image/X51005288570.jpg,PruneSID,336,336,27,71,7713.0,39941.0,13916,33738,0.19310983700958914,0.22861461853103326
SROIE/image/X51005433518.jpg,DRIP,336,336,2,73,811.0,16248.0,14308,2751,0.04991383554899065,0.29480189022173753
SROIE/image/X51005433518.jpg,Fixed,336,336,2,72,294.0,16569.0,14112,2751,0.017743979721166033,0.10687022900763359
SROIE/image/X51005433518.jpg,PruneSID,336,336,2,71,1909.0,14758.0,13916,2751,0.12935357094457245,0.6939294801890221
SROIE/image/X51005442343.jpg,DRIP,336,336,18,72,1796.0,26609.0,14112,14293,0.06749596001352925,0.12565591548310362
SROIE/image/X51005442343.jpg,Fixed,336,336,18,72,2171.0,26234.0,14112,14293,0.08275520317145689,0.1518925348072483
SROIE/image/X51005442343.jpg,PruneSID,336,336,18,71,5657.0,22552.0,13916,14293,0.2508424973394821,0.3957881480444973
SROIE/image/X51005444044.jpg,DRIP,336,336,52,72,4636.0,51641.0,14112,42165,0.08977362948045157,0.10994900984228625
SROIE/image/X51005444044.jpg,Fixed,336,336,52,72,4812.0,51465.0,14112,42165,0.09350043719032353,0.11412308786908573
SROIE/image/X51005444044.jpg,PruneSID,336,336,52,71,8854.0,47227.0,13916,42165,0.1874775022762403,0.20998458437092374
SROIE/image/X51005444046.jpg,DRIP,336,336,79,72,4004.0,57719.0,14112,47611,0.06937057121571753,0.08409821259792905
SROIE/image/X51005444046.jpg,Fixed,336,336,79,72,5898.0,55825.0,14112,47611,0.10565158978952083,0.12387893554010627
SROIE/image/X51005444046.jpg,PruneSID,336,336,79,71,9425.0,52102.0,13916,47611,0.18089516717208554,0.19795845497889145
SROIE/image/X51005447842.jpg,DRIP,336,336,46,72,5914.0,49664.0,14112,41466,0.11908021907216494,0.14262287175034968
SROIE/image/X51005447842.jpg,Fixed,336,336,46,72,5300.0,50278.0,14112,41466,0.10541389872309957,0.12781555973568706
SROIE/image/X51005447842.jpg,PruneSID,336,336,46,71,7476.0,47906.0,13916,41466,0.156055608900764,0.18029228765735783
SROIE/image/X51005568889.jpg,DRIP,336,336,52,72,5347.0,55780.0,14112,47015,0.09585873072785944,0.11372966074657025
SROIE/image/X51005568889.jpg,Fixed,336,336,52,72,5481.0,55646.0,14112,47015,0.09849764583258455,0.11657981495267468
SROIE/image/X51005568889.jpg,PruneSID,336,336,52,71,10344.0,50587.0,13916,47015,0.20447941170656492,0.22001488886525578
SROIE/image/X51005577191.jpg,DRIP,336,336,30,72,4861.0,48015.0,14112,38764,0.1012391960845569,0.1253998555360644
SROIE/image/X51005577191.jpg,Fixed,336,336,30,72,4936.0,47940.0,14112,38764,0.10296203587818106,0.12733464038798886
SROIE/image/X51005577191.jpg,PruneSID,336,336,30,71,8361.0,44319.0,13916,38764,0.18865497867731673,0.21568981529253947
SROIE/image/X51005605287.jpg,DRIP,336,336,62,72,3996.0,56119.0,14112,46003,0.07120583046739963,0.08686390018042302
SROIE/image/X51005605287.jpg,Fixed,336,336,62,72,6706.0,53409.0,14112,46003,0.1255593626542343,0.14577310175423341
SROIE/image/X51005605287.jpg,PruneSID,336,336,62,71,10213.0,49706.0,13916,46003,0.20546815273810004,0.22200726039606114
SROIE/image/X51005663300.jpg,DRIP,336,336,54,72,3562.0,43069.0,14112,32519,0.08270449743434953,0.10953596359051632
SROIE/image/X51005663300.jpg,Fixed,336,336,54,72,4747.0,41884.0,14112,32519,0.11333683506828383,0.1459761985300901
SROIE/image/X51005663300.jpg,PruneSID,336,336,54,71,7227.0,39208.0,13916,32519,0.1843246276270149,0.22223930625172975
SROIE/image/X51005675103.jpg,DRIP,336,336,62,72,5648.0,49694.0,14112,41230,0.1136555721012597,0.13698763036623818
SROIE/image/X51005675103.jpg,Fixed,336,336,62,72,5898.0,49444.0,14112,41230,0.11928646549631906,0.14305117632791656
SROIE/image/X51005675103.jpg,PruneSID,336,336,62,71,9557.0,45589.0,13916,41230,0.20963390291517692,0.23179723502304148
SROIE/image/X51005676535.jpg,DRIP,336,336,59,72,4886.0,50017.0,14112,40791,0.09768678649259252,0.11978132431173544
SROIE/image/X51005676535.jpg,Fixed,336,336,59,72,5432.0,49471.0,14112,40791,0.10980170200723656,0.13316662989384914
SROIE/image/X51005676535.jpg,PruneSID,336,336,59,71,8501.0,46206.0,13916,40791,0.18398043544128467,0.2084038145669388
SROIE/image/X51005676542.jpg,DRIP,336,336,52,72,4358.0,49751.0,14112,39997,0.08759622922152319,0.10895817186288971
SROIE/image/X51005676542.jpg,Fixed,336,336,52,72,5294.0,48815.0,14112,39997,0.10845027143296118,0.1323599269945246
SROIE/image/X51005676542.jpg,PruneSID,336,336,52,71,8562.0,45351.0,13916,39997,0.18879407289806177,0.21406605495412157
SROIE/image/X51005676548.jpg,DRIP,336,336,55,72,4474.0,48903.0,14112,39265,0.09148722982230129,0.1139437157774099
SROIE/image/X51005676548.jpg,Fixed,336,336,55,72,5527.0,47850.0,14112,39265,0.1155067920585162,0.14076149242327773
SROIE/image/X51005676548.jpg,PruneSID,336,336,55,71,8793.0,44388.0,13916,39265,0.1980940794809408,0.2239398955813065
SROIE/image/X51005677336.jpg,DRIP,336,336,54,72,4701.0,49296.0,14112,39885,0.09536270691333983,0.11786385859345619
SROIE/image/X51005677336.jpg,Fixed,336,336,54,72,5482.0,48515.0,14112,39885,0.1129959806245491,0.1374451548201078
SROIE/image/X51005677336.jpg,PruneSID,336,336,54,71,8531.0,45270.0,13916,39885,0.18844709520653855,0.2138899335589821
SROIE/image/X51005684949.jpg,DRIP,336,336,43,72,7560.0,58425.0,14112,51873,0.1293966623876765,0.14574055867214158
SROIE/image/X51005684949.jpg,Fixed,336,336,43,72,7401.0,58584.0,14112,51873,0.12633142154854568,0.14267538025562432
SROIE/image/X51005684949.jpg,PruneSID,336,336,43,71,8747.0,57042.0,13916,51873,0.15334315066091653,0.1686233686118019
SROIE/image/X51005715007.jpg,DRIP,336,336,44,73,3633.0,46112.0,14308,35437,0.07878643303261623,0.10251996500832464
SROIE/image/X51005715007.jpg,Fixed,336,336,44,72,3977.0,45572.0,14112,35437,0.08726849820064952,0.11222733301351695
SROIE/image/X51005715007.jpg,PruneSID,336,336,44,71,9190.0,40163.0,13916,35437,0.2288175684087344,0.2593334650224342
SROIE/image/X51005719823.jpg,DRIP,336,336,36,72,6712.0,62848.0,14112,55448,0.10679735234215885,0.12105035348434569
SROIE/image/X51005719823.jpg,Fixed,336,336,36,72,7743.0,61817.0,14112,55448,0.12525680638012196,0.13964435146443516
SROIE/image/X51005719823.jpg,PruneSID,336,336,36,71,10452.0,58912.0,13916,55448,0.17741716458446496,0.18850093781561103
SROIE/image/X51005719898.jpg,DRIP,336,336,48,72,6210.0,56137.0,14112,48235,0.11062222776421968,0.1287446874676065
SROIE/image/X51005719898.jpg,Fixed,336,336,48,72,6157.0,56190.0,14112,48235,0.10957465741235095,0.12764590027987976
SROIE/image/X51005719898.jpg,PruneSID,336,336,48,71,9069.0,53082.0,13916,48235,0.17084887532496892,0.18801700010365918
SROIE/image/X51005745244.jpg,DRIP,336,336,45,73,5242.0,44335.0,14308,35269,0.1182361565354686,0.1486291077149905
SROIE/image/X51005745244.jpg,Fixed,336,336,45,72,4448.0,44933.0,14112,35269,0.09899183228362228,0.12611641951855737
SROIE/image/X51005745244.jpg,PruneSID,336,336,45,71,7657.0,41528.0,13916,35269,0.18438162203814293,0.2171028381865094
SROIE/image/X51005746207.jpg,DRIP,336,336,71,72,6617.0,59213.0,14112,51718,0.11174910914832892,0.12794384933678796
SROIE/image/X51005746207.jpg,Fixed,336,336,71,72,5741.0,60089.0,14112,51718,0.09554161327364409,0.11100583935960401
SROIE/image/X51005746207.jpg,PruneSID,336,336,71,71,10541.0,55093.0,13916,51718,0.19133102208992067,0.20381685293321475
SROIE/image/X51005757233.jpg,DRIP,336,336,41,72,4977.0,55112.0,14112,45977,0.09030701117723908,0.10824977706244426
SROIE/image/X51005757233.jpg,Fixed,336,336,41,72,6364.0,53725.0,14112,45977,0.11845509539320614,0.13841703460425864
SROIE/image/X51005757233.jpg,PruneSID,336,336,41,71,9406.0,50487.0,13916,45977,0.1863053855447937,0.2045805511451378
SROIE/image/X51005757282.jpg,DRIP,336,336,49,72,6521.0,60692.0,14112,53101,0.10744414420351941,0.12280371367770852
SROIE/image/X51005757282.jpg,Fixed,336,336,49,72,6551.0,60662.0,14112,53101,0.10799182354686625,0.12336867478955199
SROIE/image/X51005757282.jpg,PruneSID,336,336,49,71,10117.0,56900.0,13916,53101,0.17780316344463973,0.1905237189506789
SROIE/image/X51005806696.jpg,DRIP,336,336,60,72,4952.0,49896.0,14112,40736,0.09924643257976591,0.12156323644933228
SROIE/image/X51005806696.jpg,Fixed,336,336,60,72,5068.0,49780.0,14112,40736,0.10180795500200884,0.12441084053417124
SROIE/image/X51005806696.jpg,PruneSID,336,336,60,71,8792.0,45860.0,13916,40736,0.19171391190580025,0.21582875098193244
SROIE/image/X51006008081.jpg,DRIP,336,336,68,72,6798.0,65440.0,14112,58126,0.10388141809290953,0.11695282661803667
SROIE/image/X51006008081.jpg,Fixed,336,336,68,72,7825.0,64413.0,14112,58126,0.12148168847903373,0.1346213398479166
SROIE/image/X51006008081.jpg,PruneSID,336,336,68,71,8860.0,63182.0,13916,58126,0.14022981228830997,0.1524274851185356
SROIE/image/X51006008093.jpg,DRIP,336,336,56,72,3185.0,53574.0,14112,42647,0.05945047971030724,0.07468286163153329
SROIE/image/X51006008093.jpg,Fixed,336,336,56,72,5309.0,51450.0,14112,42647,0.10318756073858115,0.12448706825802518
SROIE/image/X51006008093.jpg,PruneSID,336,336,56,71,8898.0,47665.0,13916,42647,0.18667785586908633,0.20864304640420195
SROIE/image/X51006008105.jpg,DRIP,336,336,65,72,5099.0,56901.0,14112,47888,0.08961178186675102,0.10647761443367858
SROIE/image/X51006008105.jpg,Fixed,336,336,65,72,6301.0,55699.0,14112,47888,0.1131259089032119,0.1315778483127297
SROIE/image/X51006008105.jpg,PruneSID,336,336,65,71,8898.0,52906.0,13916,47888,0.16818508297735607,0.18580855329101237
SROIE/image/X51006327960.jpg,DRIP,336,336,43,72,4616.0,46491.0,14112,36995,0.09928803424318686,0.12477361805649412
SROIE/image/X51006327960.jpg,Fixed,336,336,43,72,4357.0,46750.0,14112,36995,0.09319786096256684,0.11777267198270036
SROIE/image/X51006327960.jpg,PruneSID,336,336,43,71,8957.0,41954.0,13916,36995,0.21349573342231967,0.24211379916204892
SROIE/image/X51006328345.jpg,DRIP,336,336,42,73,5318.0,53345.0,14308,44355,0.0996906926609804,0.1198962912862135
SROIE/image/X51006328345.jpg,Fixed,336,336,42,72,5406.0,53061.0,14112,44355,0.10188273873466387,0.12188028407169428
SROIE/image/X51006328345.jpg,PruneSID,336,336,42,71,8124.0,50147.0,13916,44355,0.16200370909525993,0.18315860669597564
SROIE/image/X51006328937.jpg,DRIP,336,336,57,72,2749.0,40814.0,14112,29451,0.06735433919733425,0.09334148246239517
SROIE/image/X51006328937.jpg,Fixed,336,336,57,72,3075.0,40488.0,14112,29451,0.07594842916419679,0.1044107161047163
SROIE/image/X51006328937.jpg,PruneSID,336,336,57,71,7706.0,35661.0,13916,29451,0.2160904068870755,0.2616549522936403
SROIE/image/X51006328967.jpg,DRIP,336,336,57,72,4949.0,54809.0,14112,45646,0.09029538944333959,0.1084213293607326
SROIE/image/X51006328967.jpg,Fixed,336,336,57,72,6333.0,53425.0,14112,45646,0.11854000935891437,0.13874162029531611
SROIE/image/X51006328967.jpg,PruneSID,336,336,57,71,9204.0,50358.0,13916,45646,0.18277135708328368,0.201638697804846
SROIE/image/X51006334819.jpg,DRIP,336,336,56,72,6090.0,59380.0,14112,51358,0.10255978443920512,0.11857938393239612
SROIE/image/X51006334819.jpg,Fixed,336,336,56,72,6777.0,58693.0,14112,51358,0.11546521731722692,0.13195607305580434
SROIE/image/X51006334819.jpg,PruneSID,336,336,56,71,9925.0,55349.0,13916,51358,0.179316699488699,0.1932512948323533
SROIE/image/X51006335818.jpg,DRIP,336,336,59,73,5444.0,51926.0,14308,43062,0.10484150521896544,0.12642236774882729
SROIE/image/X51006335818.jpg,Fixed,336,336,59,72,6850.0,50324.0,14112,43062,0.1361179556474048,0.15907296456272352
SROIE/image/X51006335818.jpg,PruneSID,336,336,59,71,8646.0,48332.0,13916,43062,0.17888769345361252,0.2007802703079281
SROIE/image/X51006387660.jpg,DRIP,336,336,49,73,6322.0,53631.0,14308,45645,0.11787958456862635,0.1385036696242743
SROIE/image/X51006387660.jpg,Fixed,336,336,49,72,5790.0,53967.0,14112,45645,0.10728778698093279,0.1268485047650345
SROIE/image/X51006387660.jpg,PruneSID,336,336,49,71,9881.0,49680.0,13916,45645,0.19889291465378423,0.21647496987621864
SROIE/image/X51006387737.jpg,DRIP,336,336,51,73,6147.0,57199.0,14308,49038,0.10746691375723352,0.12535176801664016
SROIE/image/X51006387737.jpg,Fixed,336,336,51,72,6140.0,57010.0,14112,49038,0.10770040343799334,0.12520902157510502
SROIE/image/X51006387737.jpg,PruneSID,336,336,51,71,9405.0,53549.0,13916,49038,0.17563353190535771,0.1917900403768506
SROIE/image/X51006401845.jpg,DRIP,336,336,61,73,5475.0,53121.0,14308,44288,0.10306658383690066,0.12362265173410404
SROIE/image/X51006401845.jpg,Fixed,336,336,61,72,6522.0,51878.0,14112,44288,0.1257180307644859,0.14726336705202311
SROIE/image/X51006401845.jpg,PruneSID,336,336,61,71,8644.0,49560.0,13916,44288,0.17441485068603713,0.1951770231213873
SROIE/image/X51006414427.jpg,DRIP,336,336,2,72,79.0,15382.0,14112,1349,0.005135873098426733,0.05856189770200148
SROIE/image/X51006414427.jpg,Fixed,336,336,2,72,0.0,15461.0,14112,1349,0.0,0.0
SROIE/image/X51006414427.jpg,PruneSID,336,336,2,71,1075.0,14190.0,13916,1349,0.07575757575757576,0.7968865826538176
SROIE/image/X51006414512.jpg,DRIP,336,336,10,72,2432.0,24444.0,14112,12764,0.09949271804941907,0.19053588216859918
SROIE/image/X51006414512.jpg,Fixed,336,336,10,72,1302.0,25574.0,14112,12764,0.0509110815672167,0.10200564086493262
SROIE/image/X51006414512.jpg,PruneSID,336,336,10,71,5128.0,21552.0,13916,12764,0.23793615441722346,0.40175493575681603
SROIE/image/X51006414715.jpg,DRIP,336,336,7,72,838.0,18796.0,14112,5522,0.04458395403277293,0.1517566099239406
SROIE/image/X51006414715.jpg,Fixed,336,336,7,72,1006.0,18628.0,14112,5522,0.05400472407129053,0.18218036943136545
SROIE/image/X51006414715.jpg,PruneSID,336,336,7,71,2853.0,16585.0,13916,5522,0.17202291227012362,0.5166606302064469
SROIE/image/X51006438346.jpg,DRIP,336,336,11,72,1267.0,20365.0,14112,7520,0.06221458384483182,0.1684840425531915
SROIE/image/X51006438346.jpg,Fixed,336,336,11,72,962.0,20670.0,14112,7520,0.04654088050314465,0.12792553191489361
SROIE/image/X51006438346.jpg,PruneSID,336,336,11,71,3512.0,17924.0,13916,7520,0.19593840660566839,0.46702127659574466
SROIE/image/X51006555819.jpg,DRIP,336,336,69,72,6588.0,60092.0,14112,52568,0.10963189775677294,0.12532339065591233
SROIE/image/X51006555819.jpg,Fixed,336,336,69,72,7515.0,59165.0,14112,52568,0.12701766246936533,0.14295769289301477
SROIE/image/X51006555819.jpg,PruneSID,336,336,69,71,9486.0,56998.0,13916,52568,0.16642689217165516,0.1804519859990869
SROIE/image/X51006555835.jpg,DRIP,336,336,85,72,7132.0,63172.0,14112,56192,0.1128981194199962,0.12692198177676536
SROIE/image/X51006555835.jpg,Fixed,336,336,85,72,7147.0,63157.0,14112,56192,0.11316243646784996,0.127188923690205
SROIE/image/X51006555835.jpg,PruneSID,336,336,85,71,10020.0,60088.0,13916,56192,0.16675542537611504,0.17831719817767655
SROIE/image/X51006556808.jpg,DRIP,336,336,102,72,6435.0,65145.0,14112,57468,0.0987796454064011,0.11197536020045938
SROIE/image/X51006556808.jpg,Fixed,336,336,102,72,7363.0,64217.0,14112,57468,0.11465811233785446,0.1281234774135171
SROIE/image/X51006556808.jpg,PruneSID,336,336,102,71,9898.0,61486.0,13916,57468,0.1609797352242787,0.17223498294703138
SROIE/image/X51006556809.jpg,DRIP,336,336,86,73,7208.0,63862.0,14308,56762,0.11286837242804798,0.12698636411683872
SROIE/image/X51006556809.jpg,Fixed,336,336,86,72,7590.0,63284.0,14112,56762,0.11993552872764048,0.13371621859694865
SROIE/image/X51006556809.jpg,PruneSID,336,336,86,71,10310.0,60368.0,13916,56762,0.17078584680625497,0.1816356012825482
SROIE/image/X51006557115.jpg,DRIP,336,336,80,73,7504.0,64131.0,14308,57327,0.11701049414479736,0.1308981806129747
SROIE/image/X51006557115.jpg,Fixed,336,336,80,72,7849.0,63590.0,14112,57327,0.12343135713162447,0.1369162872642908
SROIE/image/X51006557115.jpg,PruneSID,336,336,80,71,9581.0,61662.0,13916,57327,0.15537932600304888,0.16712892703263732
SROIE/image/X51006557209.jpg,DRIP,336,336,70,72,6945.0,57790.0,14112,50623,0.12017650112476207,0.1371906050609407
SROIE/image/X51006557209.jpg,Fixed,336,336,70,72,6168.0,58567.0,14112,50623,0.10531527993580002,0.12184185054224364
SROIE/image/X51006557209.jpg,PruneSID,336,336,70,71,9777.0,54762.0,13916,50623,0.17853621124137176,0.19313355589356618
SROIE/image/X51006619338.jpg,DRIP,336,336,48,72,6529.0,51606.0,14112,44023,0.12651629655466418,0.14830883856166094
SROIE/image/X51006619338.jpg,Fixed,336,336,48,72,6090.0,52045.0,14112,44023,0.11701412239408204,0.1383367785021466
SROIE/image/X51006619338.jpg,PruneSID,336,336,48,71,9752.0,48187.0,13916,44023,0.20237823479361652,0.22152056879358517
SROIE/image/X51006619570.jpg,DRIP,336,336,52,72,4624.0,55502.0,14112,46014,0.08331231306979929,0.10049115486591037
SROIE/image/X51006619570.jpg,Fixed,336,336,52,72,5400.0,54726.0,14112,46014,0.09867339107553996,0.11735558742991263
SROIE/image/X51006619570.jpg,PruneSID,336,336,52,71,9426.0,50504.0,13916,46014,0.18663868208458737,0.20485069761376973
SROIE/image/X51006619784.jpg,DRIP,336,336,62,72,5232.0,60198.0,14112,51318,0.08691318648460082,0.10195253127557583
SROIE/image/X51006619784.jpg,Fixed,336,336,62,72,6110.0,59320.0,14112,51318,0.10300067430883345,0.11906153786195876
SROIE/image/X51006619784.jpg,PruneSID,336,336,62,71,9318.0,55916.0,13916,51318,0.1666428213749195,0.18157371682450602
SROIE/image/X51006620437.jpg,DRIP,336,336,47,73,5027.0,50156.0,14308,40875,0.10022729085254008,0.12298470948012233
SROIE/image/X51006620437.jpg,Fixed,336,336,47,72,4847.0,50140.0,14112,40875,0.09666932588751496,0.11858103975535168
SROIE/image/X51006620437.jpg,PruneSID,336,336,47,71,9209.0,45582.0,13916,40875,0.2020315036637269,0.22529663608562692
SROIE/image/X51006912976.jpg,DRIP,336,336,17,72,769.0,29307.0,14112,15964,0.026239464974238236,0.04817088449010273
SROIE/image/X51006912976.jpg,Fixed,336,336,17,72,2524.0,27552.0,14112,15964,0.09160859465737514,0.15810573791029817
SROIE/image/X51006912976.jpg,PruneSID,336,336,17,71,4513.0,25367.0,13916,15964,0.17790830606693736,0.2826985717865197
SROIE/image/X51006913061.jpg,DRIP,336,336,3,72,850.0,16457.0,14112,3195,0.05164975390411375,0.26604068857589985
SROIE/image/X51006913061.jpg,Fixed,336,336,3,72,126.0,17181.0,14112,3195,0.007333682556312206,0.03943661971830986
SROIE/image/X51006913061.jpg,PruneSID,336,336,3,71,2438.0,14673.0,13916,3195,0.16615552375110748,0.7630672926447575
SROIE/image/X51007103668.jpg,DRIP,336,336,53,72,7241.0,56612.0,14112,49741,0.12790574436515226,0.1455740737017752
SROIE/image/X51007103668.jpg,Fixed,336,336,53,72,6703.0,57150.0,14112,49741,0.11728783902012248,0.1347580466818118
SROIE/image/X51007103668.jpg,PruneSID,336,336,53,71,10012.0,53645.0,13916,49741,0.18663435548513374,0.20128264409641947
SROIE/image/X51007339119.jpg,DRIP,336,336,45,72,4012.0,43860.0,14112,33760,0.09147286821705426,0.11883886255924171
SROIE/image/X51007339119.jpg,Fixed,336,336,45,72,5173.0,42699.0,14112,33760,0.12115037822899834,0.153228672985782
SROIE/image/X51007339119.jpg,PruneSID,336,336,45,71,7010.0,40666.0,13916,33760,0.17237987507991934,0.20764218009478674
SROIE/image/X51007579719.jpg,DRIP,336,336,59,72,4336.0,47020.0,14112,37244,0.09221607826456826,0.11642143700998818
SROIE/image/X51007579719.jpg,Fixed,336,336,59,72,5018.0,46338.0,14112,37244,0.10829125124088221,0.13473311137364408
SROIE/image/X51007579719.jpg,PruneSID,336,336,59,71,8574.0,42586.0,13916,37244,0.20133377166204855,0.23021157770379122
SROIE/image/X51007846303.jpg,DRIP,336,336,2,72,181.0,15206.0,14112,1275,0.011903196106799947,0.1419607843137255
SROIE/image/X51007846303.jpg,Fixed,336,336,2,72,168.0,15219.0,14112,1275,0.011038833037650306,0.13176470588235295
SROIE/image/X51007846303.jpg,PruneSID,336,336,2,71,432.0,14759.0,13916,1275,0.029270275763940645,0.3388235294117647
SROIE/image/X51007846360.jpg,DRIP,336,336,13,72,338.0,19920.0,14112,6146,0.016967871485943774,0.054995118776439963
SROIE/image/X51007846360.jpg,Fixed,336,336,13,72,1176.0,19082.0,14112,6146,0.061628760088041086,0.19134396355353075
SROIE/image/X51007846360.jpg,PruneSID,336,336,13,71,2550.0,17512.0,13916,6146,0.14561443581544084,0.4149040026033192
SROIE/image/X51007846372.jpg,DRIP,336,336,2,73,515.0,15260.0,14308,1467,0.0337483617300131,0.3510565780504431
SROIE/image/X51007846372.jpg,Fixed,336,336,2,72,210.0,15369.0,14112,1467,0.013663868826859263,0.14314928425357873
SROIE/image/X51007846372.jpg,PruneSID,336,336,2,71,1110.0,14273.0,13916,1467,0.07776921460099488,0.7566462167689162
SROIE/image/X51007846397.jpg,DRIP,336,336,1,72,1302.0,17497.0,14112,4687,0.07441275647253814,0.277789630893962
SROIE/image/X51007846397.jpg,Fixed,336,336,1,72,602.0,18197.0,14112,4687,0.03308237621585976,0.12844036697247707
SROIE/image/X51007846397.jpg,PruneSID,336,336,1,71,3542.0,15061.0,13916,4687,0.23517694708186707,0.7557072754427139
SROIE/image/X51008042781.jpg,DRIP,336,336,56,72,5508.0,50815.0,14112,42211,0.10839319098691332,0.13048731373338704
SROIE/image/X51008042781.jpg,Fixed,336,336,56,72,5043.0,51280.0,14112,42211,0.0983424336973479,0.1194712278789889
SROIE/image/X51008042781.jpg,PruneSID,336,336,56,71,8817.0,47310.0,13916,42211,0.18636651870640455,0.20887920210371705
SROIE/image/X51008042786.jpg,DRIP,336,336,67,72,5721.0,52938.0,14112,44547,0.10806981752238468,0.128426156643545
SROIE/image/X51008042786.jpg,Fixed,336,336,67,72,5431.0,53228.0,14112,44547,0.10203276471030284,0.12191617841829977
SROIE/image/X51008042786.jpg,PruneSID,336,336,67,71,10409.0,48054.0,13916,44547,0.21661047987680526,0.23366332188475095
STVQA/IIIT_text/img_001247.jpg,DRIP,336,336,1,72,1268.0,14892.0,14112,2048,0.08514638732205211,0.619140625
STVQA/IIIT_text/img_001247.jpg,Fixed,336,336,1,72,120.0,16040.0,14112,2048,0.007481296758104738,0.05859375
STVQA/IIIT_text/img_001247.jpg,PruneSID,336,336,1,71,840.0,15124.0,13916,2048,0.05554086220576567,0.41015625
STVQA/VisualGenome/1/2318701.jpg,DRIP,336,336,3,73,3532.0,27829.0,14308,17053,0.12691796327571958,0.20711898199730253
STVQA/VisualGenome/1/2318701.jpg,Fixed,336,336,3,72,2730.0,28435.0,14112,17053,0.09600844030244417,0.16008913387673723
STVQA/VisualGenome/1/2318701.jpg,PruneSID,336,336,3,71,2218.0,28751.0,13916,17053,0.07714514277764252,0.13006509118630152
STVQA/VisualGenome/1/2325179.jpg,DRIP,336,336,0,73,,,14308,0,,
STVQA/VisualGenome/1/2325179.jpg,Fixed,336,336,0,72,,,14112,0,,
STVQA/VisualGenome/1/2325179.jpg,PruneSID,336,336,0,71,,,13916,0,,
STVQA/VisualGenome/1/2328739.jpg,DRIP,336,336,13,73,8977.0,32135.0,14308,26804,0.2793527306674965,0.33491269959707504
STVQA/VisualGenome/1/2328739.jpg,Fixed,336,336,13,72,3576.0,37340.0,14112,26804,0.09576861274772362,0.13341292344426206
STVQA/VisualGenome/1/2328739.jpg,PruneSID,336,336,13,71,4844.0,35876.0,13916,26804,0.13502062660274278,0.1807192956275183
STVQA/VisualGenome/1/2340213.jpg,DRIP,336,336,1,73,322.0,14623.0,14308,637,0.02202010531354715,0.5054945054945055
STVQA/VisualGenome/1/2340213.jpg,Fixed,336,336,1,72,0.0,14749.0,14112,637,0.0,0.0
STVQA/VisualGenome/1/2340213.jpg,PruneSID,336,336,1,71,206.0,14347.0,13916,637,0.014358402453474594,0.32339089481946626
STVQA/VisualGenome/1/2348331.jpg,DRIP,336,336,1,73,798.0,14545.0,14308,1035,0.054864214506703333,0.7710144927536232
STVQA/VisualGenome/1/2348331.jpg,Fixed,336,336,1,72,0.0,15147.0,14112,1035,0.0,0.0
STVQA/VisualGenome/1/2348331.jpg,PruneSID,336,336,1,71,756.0,14195.0,13916,1035,0.05325818950334625,0.7304347826086957
STVQA/VisualGenome/1/2349482.jpg,DRIP,336,336,0,73,,,14308,0,,
STVQA/VisualGenome/1/2349482.jpg,Fixed,336,336,0,72,,,14112,0,,
STVQA/VisualGenome/1/2349482.jpg,PruneSID,336,336,0,71,,,13916,0,,
STVQA/VisualGenome/1/2351171.jpg,DRIP,336,336,1,73,1349.0,14789.0,14308,1830,0.091216444654811,0.7371584699453552
STVQA/VisualGenome/1/2351171.jpg,Fixed,336,336,1,72,210.0,15732.0,14112,1830,0.013348588863463006,0.11475409836065574
STVQA/VisualGenome/1/2351171.jpg,PruneSID,336,336,1,71,768.0,14978.0,13916,1830,0.05127520363199359,0.419672131147541
STVQA/VisualGenome/1/2361412.jpg,DRIP,336,336,1,72,809.0,14264.0,14112,961,0.05671620863712844,0.841831425598335
STVQA/VisualGenome/1/2361412.jpg,Fixed,336,336,1,72,0.0,15073.0,14112,961,0.0,0.0
STVQA/VisualGenome/1/2361412.jpg,PruneSID,336,336,1,71,543.0,14334.0,13916,961,0.03788195897865215,0.5650364203954215
STVQA/VisualGenome/1/2373097.jpg,DRIP,336,336,1,72,918.0,14980.0,14112,1786,0.061281708945260346,0.5139977603583427
STVQA/VisualGenome/1/2373097.jpg,Fixed,336,336,1,72,266.0,15632.0,14112,1786,0.01701637666325486,0.14893617021276595
STVQA/VisualGenome/1/2373097.jpg,PruneSID,336,336,1,71,1120.0,14582.0,13916,1786,0.07680702235632972,0.6270996640537514
STVQA/VisualGenome/1/2373508.jpg,DRIP,336,336,1,73,690.0,14473.0,14308,855,0.04767498099910177,0.8070175438596491
STVQA/VisualGenome/1/2373508.jpg,Fixed,336,336,1,72,0.0,14967.0,14112,855,0.0,0.0
STVQA/VisualGenome/1/2373508.jpg,PruneSID,336,336,1,71,504.0,14267.0,13916,855,0.03532627742342469,0.5894736842105263
STVQA/VisualGenome/1/2373838.jpg,DRIP,336,336,1,73,272.0,14644.0,14308,608,0.01857416006555586,0.4473684210526316
STVQA/VisualGenome/1/2373838.jpg,Fixed,336,336,1,72,12.0,14708.0,14112,608,0.0008158825129181398,0.019736842105263157
STVQA/VisualGenome/1/2373838.jpg,PruneSID,336,336,1,71,280.0,14244.0,13916,608,0.01965739960685201,0.4605263157894737
STVQA/VisualGenome/2/2401225.jpg,DRIP,336,336,1,72,323.0,14644.0,14112,855,0.022056815077847583,0.37777777777777777
STVQA/VisualGenome/2/2401225.jpg,Fixed,336,336,1,72,0.0,14967.0,14112,855,0.0,0.0
STVQA/VisualGenome/2/2401225.jpg,PruneSID,336,336,1,71,532.0,14239.0,13916,855,0.03736217430999368,0.6222222222222222
STVQA/VisualGenome/2/2401851.jpg,DRIP,336,336,2,72,512.0,14490.0,14112,890,0.03533471359558316,0.5752808988764045
STVQA/VisualGenome/2/2401851.jpg,Fixed,336,336,2,72,182.0,14820.0,14112,890,0.012280701754385965,0.20449438202247192
STVQA/VisualGenome/2/2401851.jpg,PruneSID,336,336,2,71,344.0,14462.0,13916,890,0.02378647489973724,0.3865168539325843
STVQA/VisualGenome/2/2404847.jpg,DRIP,336,336,5,72,1568.0,16811.0,14112,4267,0.09327226220926774,0.36747129130536677
STVQA/VisualGenome/2/2404847.jpg,Fixed,336,336,5,72,469.0,17910.0,14112,4267,0.026186487995533223,0.1099132880243731
STVQA/VisualGenome/2/2404847.jpg,PruneSID,336,336,5,71,1128.0,17055.0,13916,4267,0.06613896218117854,0.2643543473166159
STVQA/VisualGenome/2/2412661.jpg,DRIP,336,336,1,72,460.0,14298.0,14112,646,0.032172331794656596,0.7120743034055728
STVQA/VisualGenome/2/2412661.jpg,Fixed,336,336,1,72,0.0,14758.0,14112,646,0.0,0.0
STVQA/VisualGenome/2/2412661.jpg,PruneSID,336,336,1,71,406.0,14156.0,13916,646,0.028680418197230856,0.628482972136223
STVQA/VisualGenome/2/2413451.jpg,DRIP,336,336,13,72,4663.0,21577.0,14112,12128,0.21610974648931733,0.3844821899736148
STVQA/VisualGenome/2/2413451.jpg,Fixed,336,336,13,72,1379.0,24861.0,14112,12128,0.05546840432806403,0.11370382585751979
STVQA/VisualGenome/2/2413451.jpg,PruneSID,336,336,13,71,4454.0,21590.0,13916,12128,0.2062992125984252,0.36724934036939316
STVQA/VisualGenome/2/2414069.jpg,DRIP,336,336,0,72,,,14112,0,,
STVQA/VisualGenome/2/2414069.jpg,Fixed,336,336,0,72,,,14112,0,,
STVQA/VisualGenome/2/2414069.jpg,PruneSID,336,336,0,71,,,13916,0,,
STVQA/VisualGenome/2/2414219.jpg,DRIP,336,336,2,73,2996.0,18807.0,14308,7495,0.15930238740894348,0.399733155436958
STVQA/VisualGenome/2/2414219.jpg,Fixed,336,336,2,72,1467.0,20140.0,14112,7495,0.07284011916583913,0.19573048699132756
STVQA/VisualGenome/2/2414219.jpg,PruneSID,336,336,2,71,2016.0,19395.0,13916,7495,0.10394431554524362,0.2689793195463642
STVQA/VisualGenome/2/767.jpg,DRIP,336,336,0,72,,,14112,0,,
STVQA/VisualGenome/2/767.jpg,Fixed,336,336,0,72,,,14112,0,,
STVQA/VisualGenome/2/767.jpg,PruneSID,336,336,0,71,,,13916,0,,
STVQA/coco-text/COCO_train2014_000000003493.jpg,DRIP,336,336,8,73,2547.0,19495.0,14308,7734,0.1306488843293152,0.32932505818463925
STVQA/coco-text/COCO_train2014_000000003493.jpg,Fixed,336,336,8,72,1201.0,20645.0,14112,7734,0.05817389198353112,0.15528833721230928
STVQA/coco-text/COCO_train2014_000000003493.jpg,PruneSID,336,336,8,71,2134.0,19516.0,13916,7734,0.1093461774953884,0.27592448926816654
STVQA/coco-text/COCO_train2014_000000016449.jpg,DRIP,336,336,3,72,1212.0,16977.0,14112,4077,0.07139070507156742,0.2972774098601913
STVQA/coco-text/COCO_train2014_000000016449.jpg,Fixed,336,336,3,72,105.0,18084.0,14112,4077,0.0058062375580623755,0.025754231052244298
STVQA/coco-text/COCO_train2014_000000016449.jpg,PruneSID,336,336,3,71,1458.0,16535.0,13916,4077,0.08817659510130027,0.3576158940397351
STVQA/coco-text/COCO_train2014_000000020524.jpg,DRIP,336,336,1,73,518.0,16177.0,14308,2387,0.03202077022933795,0.21700879765395895
STVQA/coco-text/COCO_train2014_000000020524.jpg,Fixed,336,336,1,72,36.0,16463.0,14112,2387,0.0021867217396586286,0.01508169250104734
STVQA/coco-text/COCO_train2014_000000020524.jpg,PruneSID,336,336,1,71,406.0,15897.0,13916,2387,0.02553940995156319,0.17008797653958943
STVQA/coco-text/COCO_train2014_000000050470.jpg,DRIP,336,336,8,73,2605.0,24098.0,14308,12395,0.10810025728276206,0.2101653892698669
STVQA/coco-text/COCO_train2014_000000050470.jpg,Fixed,336,336,8,72,1730.0,24777.0,14112,12395,0.06982281955038948,0.13957240822912464
STVQA/coco-text/COCO_train2014_000000050470.jpg,PruneSID,336,336,8,71,2000.0,24311.0,13916,12395,0.08226728641355766,0.16135538523598225
STVQA/coco-text/COCO_train2014_000000069339.jpg,DRIP,336,336,2,73,674.0,15596.0,14308,1962,0.04321620928443191,0.3435270132517839
STVQA/coco-text/COCO_train2014_000000069339.jpg,Fixed,336,336,2,72,552.0,15522.0,14112,1962,0.03556242752222652,0.28134556574923547
STVQA/coco-text/COCO_train2014_000000069339.jpg,PruneSID,336,336,2,71,658.0,15220.0,13916,1962,0.04323258869908016,0.33537206931702346
STVQA/coco-text/COCO_train2014_000000092331.jpg,DRIP,336,336,2,72,637.0,14112.0,14112,637,0.04513888888888889,1.0
STVQA/coco-text/COCO_train2014_000000092331.jpg,Fixed,336,336,2,72,46.0,14703.0,14112,637,0.003128613208188805,0.07221350078492936
STVQA/coco-text/COCO_train2014_000000092331.jpg,PruneSID,336,336,2,71,465.0,14088.0,13916,637,0.033006814310051105,0.7299843014128728
STVQA/coco-text/COCO_train2014_000000116735.jpg,DRIP,336,336,1,73,663.0,15094.0,14308,1449,0.0439247383066119,0.4575569358178054
STVQA/coco-text/COCO_train2014_000000116735.jpg,Fixed,336,336,1,72,0.0,15561.0,14112,1449,0.0,0.0
STVQA/coco-text/COCO_train2014_000000116735.jpg,PruneSID,336,336,1,71,713.0,14652.0,13916,1449,0.04866229866229866,0.49206349206349204
STVQA/coco-text/COCO_train2014_000000119882.jpg,DRIP,336,336,0,73,,,14308,0,,
STVQA/coco-text/COCO_train2014_000000119882.jpg,Fixed,336,336,0,72,,,14112,0,,
STVQA/coco-text/COCO_train2014_000000119882.jpg,PruneSID,336,336,0,71,,,13916,0,,
STVQA/coco-text/COCO_train2014_000000159070.jpg,DRIP,336,336,15,73,7993.0,39876.0,14308,33561,0.20044638378974822,0.23816334435803463
STVQA/coco-text/COCO_train2014_000000159070.jpg,Fixed,336,336,15,72,3679.0,43994.0,14112,33561,0.08362503977815157,0.10962128661243706
STVQA/coco-text/COCO_train2014_000000159070.jpg,PruneSID,336,336,15,71,7586.0,39891.0,13916,33561,0.19016820836780227,0.2260361729388278
STVQA/coco-text/COCO_train2014_000000278565.jpg,DRIP,336,336,1,73,812.0,15092.0,14308,1596,0.05380333951762523,0.5087719298245614
STVQA/coco-text/COCO_train2014_000000278565.jpg,Fixed,336,336,1,72,126.0,15582.0,14112,1596,0.008086253369272238,0.07894736842105263
STVQA/coco-text/COCO_train2014_000000278565.jpg,PruneSID,336,336,1,71,804.0,14708.0,13916,1596,0.05466412836551537,0.5037593984962406
STVQA/coco-text/COCO_train2014_000000326613.jpg,DRIP,336,336,4,72,6762.0,34709.0,14112,27359,0.19481978737503242,0.24715815636536423
STVQA/coco-text/COCO_train2014_000000326613.jpg,Fixed,336,336,4,72,2494.0,38977.0,14112,27359,0.06398645354952921,0.09115830256953836
STVQA/coco-text/COCO_train2014_000000326613.jpg,PruneSID,336,336,4,71,5425.0,35850.0,13916,27359,0.15132496513249652,0.1982894111626887
STVQA/coco-text/COCO_train2014_000000327020.jpg,DRIP,336,336,0,72,,,14112,0,,
STVQA/coco-text/COCO_train2014_000000327020.jpg,Fixed,336,336,0,72,,,14112,0,,
STVQA/coco-text/COCO_train2014_000000327020.jpg,PruneSID,336,336,0,71,,,13916,0,,
STVQA/coco-text/COCO_train2014_000000351218.jpg,DRIP,336,336,3,72,1161.0,15288.0,14112,2337,0.07594191522762951,0.496790757381258
STVQA/coco-text/COCO_train2014_000000351218.jpg,Fixed,336,336,3,72,475.0,15974.0,14112,2337,0.029735820708651557,0.2032520325203252
STVQA/coco-text/COCO_train2014_000000351218.jpg,PruneSID,336,336,3,71,1204.0,15049.0,13916,2337,0.0800053159678384,0.5151904150620453
STVQA/coco-text/COCO_train2014_000000382320.jpg,DRIP,336,336,2,73,606.0,15068.0,14308,1366,0.04021767985134059,0.44363103953147875
STVQA/coco-text/COCO_train2014_000000382320.jpg,Fixed,336,336,2,72,84.0,15394.0,14112,1366,0.005456671430427439,0.06149341142020498
STVQA/coco-text/COCO_train2014_000000382320.jpg,PruneSID,336,336,2,71,848.0,14434.0,13916,1366,0.05875017320216156,0.6207906295754027
STVQA/coco-text/COCO_train2014_000000488395.jpg,DRIP,336,336,1,73,168.0,14735.0,14308,595,0.01140142517814727,0.2823529411764706
STVQA/coco-text/COCO_train2014_000000488395.jpg,Fixed,336,336,1,72,119.0,14588.0,14112,595,0.008157389635316698,0.2
STVQA/coco-text/COCO_train2014_000000488395.jpg,PruneSID,336,336,1,71,203.0,14308.0,13916,595,0.014187866927592954,0.3411764705882353
STVQA/coco-text/COCO_train2014_000000578070.jpg,DRIP,336,336,3,72,2009.0,18679.0,14112,6576,0.10755393757695808,0.3055048661800487
STVQA/coco-text/COCO_train2014_000000578070.jpg,Fixed,336,336,3,72,752.0,19936.0,14112,6576,0.0377207062600321,0.11435523114355231
STVQA/coco-text/COCO_train2014_000000578070.jpg,PruneSID,336,336,3,71,2279.0,18213.0,13916,6576,0.12513040136166476,0.3465632603406326
STVQA/icdar/img_852.jpg,DRIP,336,336,1,73,337.0,14611.0,14308,640,0.023064814181096436,0.5265625
STVQA/icdar/img_852.jpg,Fixed,336,336,1,72,50.0,14702.0,14112,640,0.0034008978370289756,0.078125
STVQA/icdar/img_852.jpg,PruneSID,336,336,1,71,211.0,14345.0,13916,640,0.014708957825026141,0.3296875
STVQA/icdar/img_944.jpg,DRIP,336,336,6,73,1373.0,21887.0,14308,8952,0.06273130168593229,0.15337354781054513
STVQA/icdar/img_944.jpg,Fixed,336,336,6,72,728.0,22336.0,14112,8952,0.03259312320916905,0.08132260947274352
STVQA/icdar/img_944.jpg,PruneSID,336,336,6,71,1810.0,21058.0,13916,8952,0.08595308196409915,0.20218945487042
STVQA/imageNet/n01748264_15413.JPEG,DRIP,336,336,1,73,8821.0,40175.0,14308,34688,0.21956440572495334,0.2542954335793358
STVQA/imageNet/n01748264_15413.JPEG,Fixed,336,336,1,72,5133.0,43667.0,14112,34688,0.11754872100212975,0.14797624538745388
STVQA/imageNet/n01748264_15413.JPEG,PruneSID,336,336,1,71,5250.0,43354.0,13916,34688,0.12109609263274439,0.1513491697416974
STVQA/imageNet/n02441942_21631.JPEG,DRIP,336,336,2,72,5033.0,17828.0,14112,8749,0.28230872784384115,0.5752657446565321
STVQA/imageNet/n02441942_21631.JPEG,Fixed,336,336,2,72,966.0,21895.0,14112,8749,0.04411966202329299,0.11041261858498114
STVQA/imageNet/n02441942_21631.JPEG,PruneSID,336,336,2,71,3853.0,18812.0,13916,8749,0.20481607484584308,0.4403931877928906
STVQA/imageNet/n03393912_7802.JPEG,DRIP,336,336,4,73,716.0,19576.0,14308,5984,0.03657539844707806,0.1196524064171123
STVQA/imageNet/n03393912_7802.JPEG,Fixed,336,336,4,72,398.0,19698.0,14112,5984,0.020205096964158797,0.06651069518716578
STVQA/imageNet/n03393912_7802.JPEG,PruneSID,336,336,4,71,1750.0,18150.0,13916,5984,0.09641873278236915,0.2924465240641711
STVQA/imageNet/n03770679_22242.JPEG,DRIP,336,336,4,73,1043.0,15970.0,14308,2705,0.06530995616781465,0.3855822550831793
STVQA/imageNet/n03770679_22242.JPEG,Fixed,336,336,4,72,686.0,16131.0,14112,2705,0.04252681172896906,0.2536044362292052
STVQA/imageNet/n03770679_22242.JPEG,PruneSID,336,336,4,71,1351.0,15270.0,13916,2705,0.08847413228552718,0.4994454713493531
STVQA/imageNet/n04554684_3186.JPEG,DRIP,336,336,1,72,1172.0,15349.0,14112,2409,0.0763567659130888,0.48650892486508923
STVQA/imageNet/n04554684_3186.JPEG,Fixed,336,336,1,72,433.0,16088.0,14112,2409,0.026914470412729985,0.1797426317974263
STVQA/imageNet/n04554684_3186.JPEG,PruneSID,336,336,1,71,770.0,15555.0,13916,2409,0.049501767920282866,0.319634703196347
STVQA/imageNet/n06359193_29955.JPEG,DRIP,336,336,15,73,2959.0,26457.0,14308,15108,0.11184185659749783,0.1958564998676198
STVQA/imageNet/n06359193_29955.JPEG,Fixed,336,336,15,72,2186.0,27034.0,14112,15108,0.08086113782644078,0.14469155414350013
STVQA/imageNet/n06359193_29955.JPEG,PruneSID,336,336,15,71,3796.0,25228.0,13916,15108,0.15046773426351673,0.25125761186126555
STVQA/imageNet/n07718472_29620.JPEG,DRIP,336,336,3,73,1972.0,25722.0,14308,13386,0.07666588912215225,0.1473180935305543
STVQA/imageNet/n07718472_29620.JPEG,Fixed,336,336,3,72,1736.0,25762.0,14112,13386,0.0673860725098983,0.1296877334528612
STVQA/imageNet/n07718472_29620.JPEG,PruneSID,336,336,3,71,1834.0,25468.0,13916,13386,0.07201193654782471,0.13700881518003885
STVQA/vizwiz/VizWiz_train_000000000296.jpg,DRIP,336,336,4,72,100.0,14317.0,14112,305,0.006984703499336453,0.32786885245901637
STVQA/vizwiz/VizWiz_train_000000000296.jpg,Fixed,336,336,4,72,30.0,14387.0,14112,305,0.002085215819837353,0.09836065573770492
STVQA/vizwiz/VizWiz_train_000000000296.jpg,PruneSID,336,336,4,71,210.0,14011.0,13916,305,0.014988223538648204,0.6885245901639344
STVQA/vizwiz/VizWiz_train_000000009797.jpg,DRIP,336,336,4,73,9194.0,38653.0,14308,33539,0.2378599332522702,0.27412862637526464
STVQA/vizwiz/VizWiz_train_000000009797.jpg,Fixed,336,336,4,72,4270.0,43381.0,14112,33539,0.09843018833129712,0.1273144697218164
STVQA/vizwiz/VizWiz_train_000000009797.jpg,PruneSID,336,336,4,71,6068.0,41387.0,13916,33539,0.14661608717713293,0.1809237007662721
STVQA/vizwiz/VizWiz_train_000000011978.jpg,DRIP,336,336,5,72,9234.0,69865.0,14112,64987,0.13216918342517714,0.142089956452829
STVQA/vizwiz/VizWiz_train_000000011978.jpg,Fixed,336,336,5,72,8974.0,70125.0,14112,64987,0.12797147950089127,0.13808915629279703
STVQA/vizwiz/VizWiz_train_000000011978.jpg,PruneSID,336,336,5,71,9940.0,68963.0,13916,64987,0.1441352609370242,0.15295366765660826
STVQA/vizwiz/VizWiz_train_000000014642.jpg,DRIP,336,336,6,73,8162.0,46141.0,14308,39995,0.17689256843154677,0.20407550943867983
STVQA/vizwiz/VizWiz_train_000000014642.jpg,Fixed,336,336,6,72,4796.0,49311.0,14112,39995,0.09726024619253311,0.1199149893736717
STVQA/vizwiz/VizWiz_train_000000014642.jpg,PruneSID,336,336,6,71,5022.0,48889.0,13916,39995,0.10272249381251407,0.125565695711964
WordArt/test_image/1034.png,DRIP,336,336,1,72,10458.0,106134.0,14112,102480,0.09853581321725366,0.10204918032786885
WordArt/test_image/1034.png,Fixed,336,336,1,72,12810.0,103782.0,14112,102480,0.12343180898421692,0.125
WordArt/test_image/1034.png,PruneSID,336,336,1,71,11718.0,104678.0,13916,102480,0.11194329276447773,0.11434426229508196
WordArt/test_image/1221.png,DRIP,336,336,1,73,14280.0,112252.0,14308,112224,0.12721376901970566,0.12724550898203593
WordArt/test_image/1221.png,Fixed,336,336,1,72,14028.0,112308.0,14112,112224,0.12490650710545999,0.125
WordArt/test_image/1221.png,PruneSID,336,336,1,71,13860.0,112280.0,13916,112224,0.12344139650872818,0.12350299401197605
WordArt/test_image/1324.png,DRIP,336,336,1,72,14112.0,112896.0,14112,112896,0.125,0.125
WordArt/test_image/1324.png,Fixed,336,336,1,72,14112.0,112896.0,14112,112896,0.125,0.125
WordArt/test_image/1324.png,PruneSID,336,336,1,71,13916.0,112896.0,13916,112896,0.1232638888888889,0.1232638888888889
WordArt/test_image/1383.png,DRIP,336,336,1,73,13678.0,111846.0,14308,111216,0.12229315308549256,0.12298590130916415
WordArt/test_image/1383.png,Fixed,336,336,1,72,13902.0,111426.0,14112,111216,0.12476441764040709,0.125
WordArt/test_image/1383.png,PruneSID,336,336,1,71,13706.0,111426.0,13916,111216,0.12300540268877999,0.12323766364551864
WordArt/test_image/1448.png,DRIP,336,336,1,73,13888.0,111300.0,14308,110880,0.12477987421383648,0.12525252525252525
WordArt/test_image/1448.png,Fixed,336,336,1,72,13860.0,111132.0,14112,110880,0.12471655328798185,0.125
WordArt/test_image/1448.png,PruneSID,336,336,1,71,13580.0,111216.0,13916,110880,0.12210473313192347,0.12247474747474747
WordArt/test_image/1619.png,DRIP,336,336,1,72,8946.0,81322.0,14112,76156,0.11000713214136396,0.11746940490571983
WordArt/test_image/1619.png,Fixed,336,336,1,72,9394.0,80874.0,14112,76156,0.11615599574646981,0.12335206681023163
WordArt/test_image/1619.png,PruneSID,336,336,1,71,10108.0,79964.0,13916,76156,0.12640688309739384,0.1327275592205473
WordArt/test_image/1627.png,DRIP,336,336,1,73,14308.0,112896.0,14308,112896,0.1267361111111111,0.1267361111111111
WordArt/test_image/1627.png,Fixed,336,336,1,72,14112.0,112896.0,14112,112896,0.125,0.125
WordArt/test_image/1627.png,PruneSID,336,336,1,71,13916.0,112896.0,13916,112896,0.1232638888888889,0.1232638888888889
WordArt/test_image/1653.png,DRIP,336,336,1,72,14112.0,112896.0,14112,112896,0.125,0.125
WordArt/test_image/1653.png,Fixed,336,336,1,72,14112.0,112896.0,14112,112896,0.125,0.125
WordArt/test_image/1653.png,PruneSID,336,336,1,71,13916.0,112896.0,13916,112896,0.1232638888888889,0.1232638888888889
WordArt/test_image/1691.png,DRIP,336,336,1,73,13426.0,110754.0,14308,109872,0.12122361269118949,0.1221967380224261
WordArt/test_image/1691.png,Fixed,336,336,1,72,13734.0,110250.0,14112,109872,0.12457142857142857,0.125
WordArt/test_image/1691.png,PruneSID,336,336,1,71,13160.0,110628.0,13916,109872,0.11895722601872943,0.11977573904179409
WordArt/test_image/1703.png,DRIP,336,336,1,72,12572.0,110740.0,14112,109200,0.11352718078381795,0.11512820512820512
WordArt/test_image/1703.png,Fixed,336,336,1,72,13650.0,109662.0,14112,109200,0.124473381846036,0.125
WordArt/test_image/1703.png,PruneSID,336,336,1,71,12376.0,110740.0,13916,109200,0.11175726927939317,0.11333333333333333
WordArt/test_image/1746.png,DRIP,336,336,1,73,14308.0,112896.0,14308,112896,0.1267361111111111,0.1267361111111111
WordArt/test_image/1746.png,Fixed,336,336,1,72,14112.0,112896.0,14112,112896,0.125,0.125
WordArt/test_image/1746.png,PruneSID,336,336,1,71,13916.0,112896.0,13916,112896,0.1232638888888889,0.1232638888888889
WordArt/test_image/1760.png,DRIP,336,336,1,73,14308.0,112896.0,14308,112896,0.1267361111111111,0.1267361111111111
WordArt/test_image/1760.png,Fixed,336,336,1,72,14112.0,112896.0,14112,112896,0.125,0.125
WordArt/test_image/1760.png,PruneSID,336,336,1,71,13916.0,112896.0,13916,112896,0.1232638888888889,0.1232638888888889
WordArt/test_image/1765.png,DRIP,336,336,1,72,11480.0,104440.0,14112,101808,0.10991957104557641,0.11276127612761276
WordArt/test_image/1765.png,Fixed,336,336,1,72,12726.0,103194.0,14112,101808,0.12332112332112333,0.125
WordArt/test_image/1765.png,PruneSID,336,336,1,71,13118.0,102606.0,13916,101808,0.12784827398007914,0.12885038503850385
WordArt/test_image/1775.png,DRIP,336,336,1,72,5810.0,79039.0,14112,70737,0.07350801503055454,0.08213523332909227
WordArt/test_image/1775.png,Fixed,336,336,1,72,9198.0,75651.0,14112,70737,0.12158464527897847,0.13003095975232198
WordArt/test_image/1775.png,PruneSID,336,336,1,71,8980.0,75673.0,13916,70737,0.1186684814927385,0.12694912139333023
WordArt/test_image/1791.png,DRIP,336,336,1,73,14308.0,112896.0,14308,112896,0.1267361111111111,0.1267361111111111
WordArt/test_image/1791.png,Fixed,336,336,1,72,14112.0,112896.0,14112,112896,0.125,0.125
WordArt/test_image/1791.png,PruneSID,336,336,1,71,13916.0,112896.0,13916,112896,0.1232638888888889,0.1232638888888889
WordArt/test_image/1815.png,DRIP,336,336,1,73,13132.0,111720.0,14308,110544,0.11754385964912281,0.11879432624113476
WordArt/test_image/1815.png,Fixed,336,336,1,72,13818.0,110838.0,14112,110544,0.1246684350132626,0.125
WordArt/test_image/1815.png,PruneSID,336,336,1,71,13132.0,111328.0,13916,110544,0.11795774647887323,0.11879432624113476
WordArt/test_image/1974.png,DRIP,336,336,1,72,11508.0,106428.0,14112,103824,0.10812943962115233,0.11084142394822007
WordArt/test_image/1974.png,Fixed,336,336,1,72,12978.0,104958.0,14112,103824,0.12364945978391356,0.125
WordArt/test_image/1974.png,PruneSID,336,336,1,71,12418.0,105322.0,13916,103824,0.11790509105410076,0.11960625674217908
WordArt/test_image/1975.png,DRIP,336,336,1,73,14308.0,112896.0,14308,112896,0.1267361111111111,0.1267361111111111
WordArt/test_image/1975.png,Fixed,336,336,1,72,14112.0,112896.0,14112,112896,0.125,0.125
WordArt/test_image/1975.png,PruneSID,336,336,1,71,13916.0,112896.0,13916,112896,0.1232638888888889,0.1232638888888889
WordArt/test_image/2050.png,DRIP,336,336,1,72,7798.0,80234.0,14112,73920,0.09719071715232944,0.10549242424242425
WordArt/test_image/2050.png,Fixed,336,336,1,72,9240.0,78792.0,14112,73920,0.11727078891257996,0.125
WordArt/test_image/2050.png,PruneSID,336,336,1,71,8974.0,78862.0,13916,73920,0.11379371560447364,0.12140151515151515
WordArt/test_image/2064.png,DRIP,336,336,0,73,,,14308,0,,
WordArt/test_image/2064.png,Fixed,336,336,0,72,,,14112,0,,
WordArt/test_image/2064.png,PruneSID,336,336,0,71,,,13916,0,,
WordArt/test_image/2110.png,DRIP,336,336,1,72,13342.0,107282.0,14112,106512,0.12436382617773718,0.12526288117770767
WordArt/test_image/2110.png,Fixed,336,336,1,72,13314.0,107310.0,14112,106512,0.12407045009784735,0.125
WordArt/test_image/2110.png,PruneSID,336,336,1,71,11928.0,108500.0,13916,106512,0.10993548387096774,0.11198738170347003
WordArt/test_image/251.png,DRIP,336,336,1,72,14028.0,112644.0,14112,112560,0.12453392990305742,0.12462686567164179
WordArt/test_image/251.png,Fixed,336,336,1,72,14070.0,112602.0,14112,112560,0.12495337560611712,0.125
WordArt/test_image/251.png,PruneSID,336,336,1,71,13888.0,112588.0,13916,112560,0.12335239990052226,0.12338308457711443
WordArt/test_image/255.png,DRIP,336,336,1,72,12250.0,105686.0,14112,103824,0.11590939197244668,0.11798813376483279
WordArt/test_image/255.png,Fixed,336,336,1,72,12978.0,104958.0,14112,103824,0.12364945978391356,0.125
WordArt/test_image/255.png,PruneSID,336,336,1,71,12740.0,105000.0,13916,103824,0.12133333333333333,0.12270765911542611
WordArt/test_image/299.png,DRIP,336,336,1,73,8792.0,70364.0,14308,64848,0.12495025865499403,0.13557858376511225
WordArt/test_image/299.png,Fixed,336,336,1,72,8442.0,70518.0,14112,64848,0.11971411554496725,0.13018134715025906
WordArt/test_image/299.png,PruneSID,336,336,1,71,7434.0,71330.0,13916,64848,0.1042198233562316,0.11463730569948187
WordArt/test_image/310.png,DRIP,336,336,1,72,11956.0,100268.0,14112,98112,0.11924043563250489,0.1218607305936073
WordArt/test_image/310.png,Fixed,336,336,1,72,12264.0,99960.0,14112,98112,0.1226890756302521,0.125
WordArt/test_image/310.png,PruneSID,336,336,1,71,12264.0,99764.0,13916,98112,0.1229301150715689,0.125
WordArt/test_image/341.png,DRIP,336,336,1,73,6048.0,51604.0,14308,43344,0.11720021703743896,0.13953488372093023
WordArt/test_image/341.png,Fixed,336,336,1,72,5320.0,52136.0,14112,43344,0.10204081632653061,0.1227390180878553
WordArt/test_image/341.png,PruneSID,336,336,1,71,7210.0,50050.0,13916,43344,0.14405594405594405,0.166343669250646
WordArt/test_image/377.png,DRIP,336,336,1,73,13151.0,104098.0,14308,102941,0.12633287863359527,0.12775279043335502
WordArt/test_image/377.png,Fixed,336,336,1,72,12927.0,104126.0,14112,102941,0.12414766724929413,0.1255767867030629
WordArt/test_image/377.png,PruneSID,336,336,1,71,11768.0,105089.0,13916,102941,0.11198127301620531,0.11431791025927474
WordArt/test_image/380.png,DRIP,336,336,1,72,11312.0,92176.0,14112,89376,0.1227217496962333,0.12656641604010024
WordArt/test_image/380.png,Fixed,336,336,1,72,11172.0,92316.0,14112,89376,0.12101910828025478,0.125
WordArt/test_image/380.png,PruneSID,336,336,1,71,12348.0,90944.0,13916,89376,0.13577586206896552,0.13815789473684212
WordArt/test_image/384.png,DRIP,336,336,1,73,9982.0,86829.0,14308,82503,0.11496159117345588,0.12098953977431123
WordArt/test_image/384.png,Fixed,336,336,1,72,10444.0,86171.0,14112,82503,0.12120086804145246,0.12658933614535228
WordArt/test_image/384.png,PruneSID,336,336,1,71,8834.0,87585.0,13916,82503,0.10086201975224068,0.10707489424626983
WordArt/test_image/421.png,DRIP,336,336,1,73,14308.0,112896.0,14308,112896,0.1267361111111111,0.1267361111111111
WordArt/test_image/421.png,Fixed,336,336,1,72,14112.0,112896.0,14112,112896,0.125,0.125
WordArt/test_image/421.png,PruneSID,336,336,1,71,13916.0,112896.0,13916,112896,0.1232638888888889,0.1232638888888889
WordArt/test_image/49.png,DRIP,336,336,1,73,10584.0,102508.0,14308,98784,0.10325047801147227,0.10714285714285714
WordArt/test_image/49.png,Fixed,336,336,1,72,12348.0,100548.0,14112,98784,0.12280701754385964,0.125
WordArt/test_image/49.png,PruneSID,336,336,1,71,12348.0,100352.0,13916,98784,0.123046875,0.125
WordArt/test_image/503.png,DRIP,336,336,2,73,12488.0,106540.0,14308,104720,0.11721419185282524,0.11925133689839572
WordArt/test_image/503.png,Fixed,336,336,2,72,13174.0,105658.0,14112,104720,0.12468530541937194,0.12580213903743315
WordArt/test_image/503.png,PruneSID,336,336,2,71,13440.0,105196.0,13916,104720,0.12776151184455684,0.12834224598930483
WordArt/test_image/593.png,DRIP,336,336,1,73,12250.0,103194.0,14308,101136,0.11870845204178537,0.12112403100775193
WordArt/test_image/593.png,Fixed,336,336,1,72,12642.0,102606.0,14112,101136,0.12320916905444126,0.125
WordArt/test_image/593.png,PruneSID,336,336,1,71,11956.0,103096.0,13916,101136,0.11596958174904944,0.1182170542635659
WordArt/test_image/617.png,DRIP,336,336,1,72,11438.0,103138.0,14112,100464,0.11089995927786073,0.11385172798216277
WordArt/test_image/617.png,Fixed,336,336,1,72,12558.0,102018.0,14112,100464,0.123095924248662,0.125
WordArt/test_image/617.png,PruneSID,336,336,1,71,12810.0,101570.0,13916,100464,0.12611991729841487,0.12750836120401338
WordArt/test_image/631.png,DRIP,336,336,1,73,8778.0,57059.0,14308,51529,0.15384076131723304,0.17035067631818976
WordArt/test_image/631.png,Fixed,336,336,1,72,6239.0,59402.0,14112,51529,0.10503013366553314,0.12107745153214694
WordArt/test_image/631.png,PruneSID,336,336,1,71,5390.0,60055.0,13916,51529,0.08975106152693364,0.10460129247608144
WordArt/test_image/682.png,DRIP,336,336,1,72,12096.0,104832.0,14112,102816,0.11538461538461539,0.11764705882352941
WordArt/test_image/682.png,Fixed,336,336,1,72,12852.0,104076.0,14112,102816,0.1234866828087167,0.125
WordArt/test_image/682.png,PruneSID,336,336,1,71,12068.0,104664.0,13916,102816,0.11530230069555912,0.11737472766884531
WordArt/test_image/702.png,DRIP,336,336,1,73,14308.0,112896.0,14308,112896,0.1267361111111111,0.1267361111111111
WordArt/test_image/702.png,Fixed,336,336,1,72,14112.0,112896.0,14112,112896,0.125,0.125
WordArt/test_image/702.png,PruneSID,336,336,1,71,13916.0,112896.0,13916,112896,0.1232638888888889,0.1232638888888889
WordArt/test_image/731.png,DRIP,336,336,1,72,13678.0,110306.0,14112,109872,0.12400050767863942,0.12449031600407748
WordArt/test_image/731.png,Fixed,336,336,1,72,13734.0,110250.0,14112,109872,0.12457142857142857,0.125
WordArt/test_image/731.png,PruneSID,336,336,1,71,13664.0,110124.0,13916,109872,0.12407831172133231,0.12436289500509684
WordArt/test_image/754.png,DRIP,336,336,1,73,8008.0,97816.0,14308,91516,0.0818679970556964,0.08750382446785261
WordArt/test_image/754.png,Fixed,336,336,1,72,11508.0,94120.0,14112,91516,0.1222694432639184,0.12574850299401197
WordArt/test_image/754.png,PruneSID,336,336,1,71,9912.0,95520.0,13916,91516,0.10376884422110552,0.1083089295860833
WordArt/test_image/755.png,DRIP,336,336,1,72,7616.0,96136.0,14112,89640,0.07922110343679786,0.08496207050423918
WordArt/test_image/755.png,Fixed,336,336,1,72,11340.0,92412.0,14112,89640,0.12271133619010519,0.12650602409638553
WordArt/test_image/755.png,PruneSID,336,336,1,71,10724.0,92832.0,13916,89640,0.11552051016890727,0.11963409192324855
WordArt/test_image/758.png,DRIP,336,336,0,73,,,14308,0,,
WordArt/test_image/758.png,Fixed,336,336,0,72,,,14112,0,,
WordArt/test_image/758.png,PruneSID,336,336,0,71,,,13916,0,,
WordArt/test_image/774.png,DRIP,336,336,1,73,14308.0,112896.0,14308,112896,0.1267361111111111,0.1267361111111111
WordArt/test_image/774.png,Fixed,336,336,1,72,14112.0,112896.0,14112,112896,0.125,0.125
WordArt/test_image/774.png,PruneSID,336,336,1,71,13916.0,112896.0,13916,112896,0.1232638888888889,0.1232638888888889
WordArt/test_image/785.png,DRIP,336,336,1,72,7924.0,59276.0,14112,53088,0.1336797354747284,0.14926160337552744
WordArt/test_image/785.png,Fixed,336,336,1,72,6636.0,60564.0,14112,53088,0.10957004160887657,0.125
WordArt/test_image/785.png,PruneSID,336,336,1,71,6202.0,60802.0,13916,53088,0.10200322357817176,0.11682489451476794
WordArt/test_image/811.png,DRIP,336,336,1,72,12012.0,103908.0,14112,101808,0.11560226354082458,0.11798679867986799
WordArt/test_image/811.png,Fixed,336,336,1,72,12726.0,103194.0,14112,101808,0.12332112332112333,0.125
WordArt/test_image/811.png,PruneSID,336,336,1,71,12866.0,102858.0,13916,101808,0.12508506873553832,0.12637513751375137
WordArt/test_image/813.png,DRIP,336,336,1,73,11662.0,94374.0,14308,91728,0.12357217030114226,0.12713675213675213
WordArt/test_image/813.png,Fixed,336,336,1,72,11466.0,94374.0,14112,91728,0.12149532710280374,0.125
WordArt/test_image/813.png,PruneSID,336,336,1,71,9996.0,95648.0,13916,91728,0.10450819672131148,0.10897435897435898
WordArt/test_image/843.png,DRIP,336,336,1,73,11494.0,101934.0,14308,99120,0.11275923636863068,0.11596045197740112
WordArt/test_image/843.png,Fixed,336,336,1,72,12390.0,100842.0,14112,99120,0.12286547271970012,0.125
WordArt/test_image/843.png,PruneSID,336,336,1,71,12040.0,100996.0,13916,99120,0.11921264208483505,0.12146892655367232
WordArt/test_image/902.png,DRIP,336,336,1,72,10738.0,93654.0,14112,90280,0.11465607448694129,0.11894107221976075
WordArt/test_image/902.png,Fixed,336,336,1,72,11553.0,92839.0,14112,90280,0.12444123698014843,0.1279685423128046
WordArt/test_image/902.png,PruneSID,336,336,1,71,8148.0,96048.0,13916,90280,0.08483258370814593,0.09025254762959681
WordArt/test_image/946.png,DRIP,336,336,1,73,13482.0,109354.0,14308,108528,0.1232876712328767,0.12422600619195047
WordArt/test_image/946.png,Fixed,336,336,1,72,13566.0,109074.0,14112,108528,0.12437427801309203,0.125
WordArt/test_image/946.png,PruneSID,336,336,1,71,13356.0,109088.0,13916,108528,0.12243326488706366,0.12306501547987617
WordArt/test_image/984.png,DRIP,336,336,1,73,12152.0,107996.0,14308,105840,0.11252268602540835,0.11481481481481481
WordArt/test_image/984.png,Fixed,336,336,1,72,13230.0,106722.0,14112,105840,0.12396694214876033,0.125
WordArt/test_image/984.png,PruneSID,336,336,1,71,12838.0,106918.0,13916,105840,0.12007332722273144,0.12129629629629629
WordArt/test_image/995.png,DRIP,336,336,1,72,14112.0,112896.0,14112,112896,0.125,0.125
WordArt/test_image/995.png,Fixed,336,336,1,72,14112.0,112896.0,14112,112896,0.125,0.125
WordArt/test_image/995.png,PruneSID,336,336,1,71,13916.0,112896.0,13916,112896,0.1232638888888889,0.1232638888888889
cocotext/imgs/1009550.jpg,DRIP,336,336,1,72,4648.0,88664.0,14112,79200,0.05242262925200758,0.05868686868686869
cocotext/imgs/1009550.jpg,Fixed,336,336,1,72,10080.0,83232.0,14112,79200,0.12110726643598616,0.12727272727272726
cocotext/imgs/1009550.jpg,PruneSID,336,336,1,71,10192.0,82924.0,13916,79200,0.12290772273406975,0.12868686868686868
cocotext/imgs/1037270.jpg,DRIP,336,336,1,72,4970.0,67481.0,14112,58339,0.07365036084231116,0.08519172423250312
cocotext/imgs/1037270.jpg,Fixed,336,336,1,72,7196.0,65255.0,14112,58339,0.11027507470691901,0.12334801762114538
cocotext/imgs/1037270.jpg,PruneSID,336,336,1,71,6020.0,66235.0,13916,58339,0.090888503057296,0.10318997583091928
cocotext/imgs/1058891.jpg,DRIP,336,336,1,73,13174.0,94689.0,14308,93555,0.13912914910918903,0.14081556303778525
cocotext/imgs/1058891.jpg,Fixed,336,336,1,72,11690.0,95977.0,14112,93555,0.1218000145868281,0.12495323606434718
cocotext/imgs/1058891.jpg,PruneSID,336,336,1,71,11942.0,95529.0,13916,93555,0.12500915952223932,0.12764683875794988
cocotext/imgs/1082499.jpg,DRIP,336,336,1,72,9632.0,96285.0,14112,91805,0.1000363504180298,0.10491803278688525
cocotext/imgs/1082499.jpg,Fixed,336,336,1,72,11746.0,94171.0,14112,91805,0.1247305433732253,0.1279451010293557
cocotext/imgs/1082499.jpg,PruneSID,336,336,1,71,10234.0,95487.0,13916,91805,0.10717689318964885,0.11147540983606558
cocotext/imgs/1162539.jpg,DRIP,336,336,0,73,,,14308,0,,
cocotext/imgs/1162539.jpg,Fixed,336,336,0,72,,,14112,0,,
cocotext/imgs/1162539.jpg,PruneSID,336,336,0,71,,,13916,0,,
cocotext/imgs/1210236.jpg,DRIP,336,336,1,72,2954.0,36358.0,14112,25200,0.08124759337697343,0.11722222222222223
cocotext/imgs/1210236.jpg,Fixed,336,336,1,72,3150.0,36162.0,14112,25200,0.08710801393728224,0.125
cocotext/imgs/1210236.jpg,PruneSID,336,336,1,71,4326.0,34790.0,13916,25200,0.12434607645875252,0.17166666666666666
cocotext/imgs/1238399.jpg,DRIP,336,336,0,72,,,14112,0,,
cocotext/imgs/1238399.jpg,Fixed,336,336,0,72,,,14112,0,,
cocotext/imgs/1238399.jpg,PruneSID,336,336,0,71,,,13916,0,,
cocotext/imgs/1240078.jpg,DRIP,336,336,0,73,,,14308,0,,
cocotext/imgs/1240078.jpg,Fixed,336,336,0,72,,,14112,0,,
cocotext/imgs/1240078.jpg,PruneSID,336,336,0,71,,,13916,0,,
ct80/timage/026.jpg,DRIP,336,336,1,72,8120.0,83944.0,14112,77952,0.09673115410273515,0.10416666666666667
ct80/timage/026.jpg,Fixed,336,336,1,72,9744.0,82320.0,14112,77952,0.11836734693877551,0.125
ct80/timage/026.jpg,PruneSID,336,336,1,71,10192.0,81676.0,13916,77952,0.1247857387727117,0.1307471264367816
ct80/timage/045.jpg,DRIP,336,336,1,73,6076.0,78923.0,14308,70691,0.0769864298113351,0.08595153555615283
ct80/timage/045.jpg,Fixed,336,336,1,72,9366.0,75437.0,14112,70691,0.12415658098810928,0.13249211356466878
ct80/timage/045.jpg,PruneSID,336,336,1,71,9590.0,75017.0,13916,70691,0.127837690123572,0.13566083376950389
ct80/timage/060.jpg,DRIP,336,336,1,73,8904.0,77179.0,14308,71775,0.11536817009808367,0.12405433646812958
ct80/timage/060.jpg,Fixed,336,336,1,72,9417.0,76470.0,14112,71775,0.12314633189486072,0.13120167189132706
ct80/timage/060.jpg,PruneSID,336,336,1,71,8003.0,77688.0,13916,71775,0.10301462259293584,0.11150121908742598
ct80/timage/139.jpg,DRIP,336,336,1,73,8470.0,84126.0,14308,78288,0.10068230986853054,0.10819027181688126
ct80/timage/139.jpg,Fixed,336,336,1,72,9786.0,82614.0,14112,78288,0.11845449923741738,0.125
ct80/timage/139.jpg,PruneSID,336,336,1,71,7378.0,84826.0,13916,78288,0.0869780491830335,0.094241773962804
ct80/timage/181.jpg,DRIP,336,336,1,72,4914.0,71358.0,14112,62160,0.06886403766921718,0.07905405405405405
ct80/timage/181.jpg,Fixed,336,336,1,72,7770.0,68502.0,14112,62160,0.11342734518700184,0.125
ct80/timage/181.jpg,PruneSID,336,336,1,71,8162.0,67914.0,13916,62160,0.12018140589569161,0.1313063063063063
ct80/timage/239.jpg,DRIP,336,336,1,73,11956.0,110208.0,14308,107856,0.10848577235772358,0.1108515057113188
ct80/timage/239.jpg,Fixed,336,336,1,72,13482.0,108486.0,14112,107856,0.12427409988385599,0.125
ct80/timage/239.jpg,PruneSID,336,336,1,71,12124.0,109648.0,13916,107856,0.11057201225740551,0.11240913811007269
ct80/timage/258.jpg,DRIP,336,336,0,72,,,14112,0,,
ct80/timage/258.jpg,Fixed,336,336,0,72,,,14112,0,,
ct80/timage/258.jpg,PruneSID,336,336,0,71,,,13916,0,,
ct80/timage/268.jpg,DRIP,336,336,1,72,10644.0,92980.0,14112,89512,0.11447623144762314,0.11891143086960408
ct80/timage/268.jpg,Fixed,336,336,1,72,11256.0,92368.0,14112,89512,0.12186038454876147,0.12574850299401197
ct80/timage/268.jpg,PruneSID,336,336,1,71,10128.0,93300.0,13916,89512,0.10855305466237943,0.11314684064706408
ct80/timage/283.jpg,DRIP,336,336,1,72,12446.0,94066.0,14112,92400,0.13231135585652626,0.1346969696969697
ct80/timage/283.jpg,Fixed,336,336,1,72,11592.0,94920.0,14112,92400,0.12212389380530973,0.12545454545454546
ct80/timage/283.jpg,PruneSID,336,336,1,71,10514.0,95802.0,13916,92400,0.10974718690632763,0.11378787878787879
ctw/imgs/000000055.jpg,DRIP,336,336,1,73,6580.0,43344.0,14308,35616,0.15180878552971577,0.18474842767295596
ctw/imgs/000000055.jpg,Fixed,336,336,1,72,4452.0,45276.0,14112,35616,0.09833024118738404,0.125
ctw/imgs/000000055.jpg,PruneSID,336,336,1,71,3388.0,46144.0,13916,35616,0.07342233009708737,0.09512578616352202
ctw/imgs/000000068.jpg,DRIP,336,336,1,73,7462.0,51534.0,14308,44688,0.1447976093452866,0.16697994987468673
ctw/imgs/000000068.jpg,Fixed,336,336,1,72,5586.0,53214.0,14112,44688,0.10497237569060773,0.125
ctw/imgs/000000068.jpg,PruneSID,336,336,1,71,5404.0,53200.0,13916,44688,0.10157894736842105,0.12092731829573934
ctw/imgs/000000204.jpg,DRIP,336,336,1,72,4774.0,71834.0,14112,62496,0.06645877996491911,0.0763888888888889
ctw/imgs/000000204.jpg,Fixed,336,336,1,72,7812.0,68796.0,14112,62496,0.11355311355311355,0.125
ctw/imgs/000000204.jpg,PruneSID,336,336,1,71,4900.0,71512.0,13916,62496,0.06851996867658575,0.07840501792114696
ctw/imgs/000000462.jpg,DRIP,336,336,1,73,4396.0,67228.0,14308,57316,0.06538942107455227,0.07669760625305325
ctw/imgs/000000462.jpg,Fixed,336,336,1,72,7476.0,63952.0,14112,57316,0.11690017513134851,0.13043478260869565
ctw/imgs/000000462.jpg,PruneSID,336,336,1,71,6356.0,64876.0,13916,57316,0.09797151488994389,0.11089399120664387
ctw/imgs/000000577.jpg,DRIP,336,336,1,73,9436.0,105672.0,14308,100800,0.08929517753047164,0.09361111111111112
ctw/imgs/000000577.jpg,Fixed,336,336,1,72,12600.0,102312.0,14112,100800,0.12315270935960591,0.125
ctw/imgs/000000577.jpg,PruneSID,336,336,1,71,12320.0,102396.0,13916,100800,0.12031719989062073,0.12222222222222222
ctw/imgs/000000717.jpg,DRIP,336,336,1,73,10290.0,103810.0,14308,99792,0.09912339851652056,0.10311447811447812
ctw/imgs/000000717.jpg,Fixed,336,336,1,72,12474.0,101430.0,14112,99792,0.12298136645962733,0.125
ctw/imgs/000000717.jpg,PruneSID,336,336,1,71,12908.0,100800.0,13916,99792,0.12805555555555556,0.12934904601571268
ctw/imgs/000000753.jpg,DRIP,336,336,1,73,7280.0,64253.0,14308,57225,0.11330210262555834,0.12721712538226299
ctw/imgs/000000753.jpg,Fixed,336,336,1,72,7098.0,64239.0,14112,57225,0.11049362536776725,0.12403669724770643
ctw/imgs/000000753.jpg,PruneSID,336,336,1,71,6258.0,64883.0,13916,57225,0.09645053403819183,0.10935779816513762
ctw/imgs/000001233.jpg,DRIP,336,336,1,73,6636.0,77287.0,14308,69615,0.08586178788153247,0.09532428355957767
ctw/imgs/000001233.jpg,Fixed,336,336,1,72,8750.0,74977.0,14112,69615,0.11670245541966202,0.1256913021618904
ctw/imgs/000001233.jpg,PruneSID,336,336,1,71,7098.0,76433.0,13916,69615,0.09286564703727447,0.10196078431372549
docVQA/val/documents/fggn0226_77.png,DRIP,336,336,8,73,2409.0,27677.0,14308,15778,0.08703978032301189,0.15268094815565977
docVQA/val/documents/fggn0226_77.png,Fixed,336,336,8,72,1926.0,27964.0,14112,15778,0.06887426691460449,0.1220687032577006
docVQA/val/documents/fggn0226_77.png,PruneSID,336,336,8,71,3929.0,25765.0,13916,15778,0.1524936929943722,0.2490176194701483
docVQA/val/documents/fkxn0226_14.png,DRIP,336,336,64,73,4086.0,35442.0,14308,25220,0.11528694768918232,0.1620142743854084
docVQA/val/documents/fkxn0226_14.png,Fixed,336,336,64,72,2742.0,36590.0,14112,25220,0.0749385077890134,0.10872323552735924
docVQA/val/documents/fkxn0226_14.png,PruneSID,336,336,64,71,4200.0,34936.0,13916,25220,0.12021983054728647,0.16653449643140364
docVQA/val/documents/flpp0227_16.png,DRIP,336,336,32,72,4226.0,45692.0,14112,35806,0.09248883830867548,0.11802491202591744
docVQA/val/documents/flpp0227_16.png,Fixed,336,336,32,72,4203.0,45715.0,14112,35806,0.09193918845018047,0.1173825615818578
docVQA/val/documents/flpp0227_16.png,PruneSID,336,336,32,71,9216.0,40506.0,13916,35806,0.22752184861502,0.257387030106686
docVQA/val/documents/flxn0020_1.png,DRIP,336,336,78,72,3703.0,51510.0,14112,41101,0.07188895360124248,0.09009513150531617
docVQA/val/documents/flxn0020_1.png,Fixed,336,336,78,72,4838.0,50375.0,14112,41101,0.09603970223325062,0.11771003138609766
docVQA/val/documents/flxn0020_1.png,PruneSID,336,336,78,71,8099.0,46918.0,13916,41101,0.17262031629651733,0.19705116663828132
docVQA/val/documents/fqpb0228_3.png,DRIP,336,336,10,72,2706.0,18360.0,14112,6954,0.14738562091503268,0.38912855910267474
docVQA/val/documents/fqpb0228_3.png,Fixed,336,336,10,72,702.0,20364.0,14112,6954,0.03447259870359458,0.10094909404659189
docVQA/val/documents/fqpb0228_3.png,PruneSID,336,336,10,71,4163.0,16707.0,13916,6954,0.24917699168013407,0.5986482599942479
docVQA/val/documents/ghgw0023_5.png,DRIP,336,336,9,73,1681.0,20625.0,14308,7998,0.0815030303030303,0.21017754438609654
docVQA/val/documents/ghgw0023_5.png,Fixed,336,336,9,72,719.0,21391.0,14112,7998,0.03361226684119489,0.08989747436859215
docVQA/val/documents/ghgw0023_5.png,PruneSID,336,336,9,71,4616.0,17298.0,13916,7998,0.26685165915134695,0.5771442860715179
docVQA/val/documents/gtjc0228_4.png,DRIP,336,336,5,72,1001.0,15718.0,14112,2607,0.06368494719429953,0.38396624472573837
docVQA/val/documents/gtjc0228_4.png,Fixed,336,336,5,72,308.0,16411.0,14112,2607,0.0187678995795503,0.11814345991561181
docVQA/val/documents/gtjc0228_4.png,PruneSID,336,336,5,71,1650.0,14873.0,13916,2607,0.11093928595441403,0.6329113924050633
docVQA/val/documents/gzyh0227_9.png,DRIP,336,336,20,72,2331.0,35306.0,14112,23525,0.06602277233331445,0.09908607863974495
docVQA/val/documents/gzyh0227_9.png,Fixed,336,336,20,72,2459.0,35178.0,14112,23525,0.06990164307237479,0.10452709883103081
docVQA/val/documents/gzyh0227_9.png,PruneSID,336,336,20,71,3499.0,33942.0,13916,23525,0.10308762005774556,0.14873538788522847
docVQA/val/documents/hjcw0217_10.png,DRIP,336,336,16,72,7213.0,67769.0,14112,60870,0.10643509569272086,0.11849843929686217
docVQA/val/documents/hjcw0217_10.png,Fixed,336,336,16,72,7446.0,67536.0,14112,60870,0.11025230987917554,0.12232626909807787
docVQA/val/documents/hjcw0217_10.png,PruneSID,336,336,16,71,10026.0,64760.0,13916,60870,0.1548177887584929,0.16471168063085265
docVQA/val/documents/hjxn0226_72.png,DRIP,336,336,27,73,4265.0,52948.0,14308,42905,0.0805507290171489,0.09940566367556229
docVQA/val/documents/hjxn0226_72.png,Fixed,336,336,27,72,4990.0,52027.0,14112,42905,0.09591173813596786,0.11630346113506584
docVQA/val/documents/hjxn0226_72.png,PruneSID,336,336,27,71,7731.0,49090.0,13916,42905,0.15748624974536565,0.18018878918540962
docVQA/val/documents/hlkb0228_1.png,DRIP,336,336,43,72,2687.0,35878.0,14112,24453,0.07489269190032889,0.10988426777900462
docVQA/val/documents/hlkb0228_1.png,Fixed,336,336,43,72,2402.0,36163.0,14112,24453,0.06642148051876227,0.09822925612399297
docVQA/val/documents/hlkb0228_1.png,PruneSID,336,336,43,71,5250.0,33119.0,13916,24453,0.15851927896373683,0.21469758311863574
docVQA/val/documents/hrfl0079_8.png,DRIP,336,336,19,73,2021.0,22672.0,14308,10385,0.0891407904022583,0.19460760712566202
docVQA/val/documents/hrfl0079_8.png,Fixed,336,336,19,72,2259.0,22238.0,14112,10385,0.10158287615792787,0.21752527684159845
docVQA/val/documents/hrfl0079_8.png,PruneSID,336,336,19,71,5115.0,19186.0,13916,10385,0.2666006463045971,0.4925373134328358
docVQA/val/documents/hslf0227_9.png,DRIP,336,336,22,72,1684.0,23383.0,14112,10955,0.07201813283154429,0.15371976266544957
docVQA/val/documents/hslf0227_9.png,Fixed,336,336,22,72,1628.0,23439.0,14112,10955,0.06945688809249541,0.14860794157918758
docVQA/val/documents/hslf0227_9.png,PruneSID,336,336,22,71,4876.0,19995.0,13916,10955,0.24386096524131032,0.4450935645823825
docVQA/val/documents/jkhn0226_1.png,DRIP,336,336,16,72,8623.0,56896.0,14112,51407,0.1515572272215973,0.16773980197249402
docVQA/val/documents/jkhn0226_1.png,Fixed,336,336,16,72,7105.0,58414.0,14112,51407,0.12163180059574759,0.13821074950882176
docVQA/val/documents/jkhn0226_1.png,PruneSID,336,336,16,71,8876.0,56447.0,13916,51407,0.15724484915053058,0.1726613107164394
docVQA/val/documents/kpnf0227_2.png,DRIP,336,336,9,72,2694.0,23346.0,14112,11928,0.11539450012850166,0.22585513078470826
docVQA/val/documents/kpnf0227_2.png,Fixed,336,336,9,72,1392.0,24648.0,14112,11928,0.05647517039922103,0.11670020120724346
docVQA/val/documents/kpnf0227_2.png,PruneSID,336,336,9,71,4090.0,21754.0,13916,11928,0.18801140020226165,0.34289067739771967
docVQA/val/documents/krcy0227_27.png,DRIP,336,336,10,72,1354.0,22276.0,14112,9518,0.060782905369007004,0.14225677663374658
docVQA/val/documents/krcy0227_27.png,Fixed,336,336,10,72,1075.0,22555.0,14112,9518,0.047661272445134115,0.11294389577642362
docVQA/val/documents/krcy0227_27.png,PruneSID,336,336,10,71,1898.0,21536.0,13916,9518,0.08813150074294206,0.19941164110107165
docVQA/val/documents/krcy0227_36.png,DRIP,336,336,15,72,2625.0,23985.0,14112,12498,0.10944340212632896,0.2100336053768603
docVQA/val/documents/krcy0227_36.png,Fixed,336,336,15,72,1050.0,25560.0,14112,12498,0.04107981220657277,0.08401344215074412
docVQA/val/documents/krcy0227_36.png,PruneSID,336,336,15,71,3090.0,23324.0,13916,12498,0.13248156405419312,0.2472395583293327
docVQA/val/documents/ktlw0227_5.png,DRIP,336,336,1,72,30.0,14291.0,14112,209,0.002099223287383668,0.14354066985645933
docVQA/val/documents/ktlw0227_5.png,Fixed,336,336,1,72,0.0,14321.0,14112,209,0.0,0.0
docVQA/val/documents/ktlw0227_5.png,PruneSID,336,336,1,71,30.0,14095.0,13916,209,0.002128414331323164,0.14354066985645933
docVQA/val/documents/lfgl0228_2.png,DRIP,336,336,28,72,5997.0,66125.0,14112,58010,0.09069187145557656,0.10337872780555077
docVQA/val/documents/lfgl0228_2.png,Fixed,336,336,28,72,7377.0,64745.0,14112,58010,0.11393930033207197,0.12716772970177556
docVQA/val/documents/lfgl0228_2.png,PruneSID,336,336,28,71,10195.0,61731.0,13916,58010,0.16515203058430933,0.1757455611101534
docVQA/val/documents/lldj0224_2.png,DRIP,336,336,31,73,3715.0,41846.0,14308,31253,0.0887778999187497,0.11886858861549292
docVQA/val/documents/lldj0224_2.png,Fixed,336,336,31,72,3544.0,41821.0,14112,31253,0.08474211520527965,0.1133971138770678
docVQA/val/documents/lldj0224_2.png,PruneSID,336,336,31,71,8205.0,36964.0,13916,31253,0.22197273022400174,0.2625347966595207
docVQA/val/documents/lybx0223_35.png,DRIP,336,336,17,73,8325.0,77943.0,14308,71960,0.10680882183133829,0.11568927181767649
docVQA/val/documents/lybx0223_35.png,Fixed,336,336,17,72,9016.0,77056.0,14112,71960,0.11700581395348837,0.12529182879377432
docVQA/val/documents/lybx0223_35.png,PruneSID,336,336,17,71,9856.0,76020.0,13916,71960,0.12965009208103132,0.1369649805447471
docVQA/val/documents/mqdd0228_1.png,DRIP,336,336,47,72,4942.0,48398.0,14112,39228,0.10211165750650854,0.12598144182726623
docVQA/val/documents/mqdd0228_1.png,Fixed,336,336,47,72,4172.0,49168.0,14112,39228,0.08485193621867881,0.10635260528194147
docVQA/val/documents/mqdd0228_1.png,PruneSID,336,336,47,71,8529.0,44615.0,13916,39228,0.1911688893869775,0.21742122973386357
docVQA/val/documents/mqvv0228_2.png,DRIP,336,336,17,73,2702.0,21941.0,14308,10335,0.1231484435531653,0.2614417029511369
docVQA/val/documents/mqvv0228_2.png,Fixed,336,336,17,72,1379.0,23068.0,14112,10335,0.05977978151551933,0.13343009192065797
docVQA/val/documents/mqvv0228_2.png,PruneSID,336,336,17,71,3785.0,20466.0,13916,10335,0.18494087755301475,0.36623125302370585
docVQA/val/documents/myjf0004_2.png,DRIP,336,336,42,72,3740.0,41873.0,14112,31501,0.08931769875576147,0.11872638963842418
docVQA/val/documents/myjf0004_2.png,Fixed,336,336,42,72,3478.0,42135.0,14112,31501,0.08254420315652071,0.11040919335894099
docVQA/val/documents/myjf0004_2.png,PruneSID,336,336,42,71,7153.0,38264.0,13916,31501,0.18693811415429645,0.22707215643947812
docVQA/val/documents/njhx0227_5.png,DRIP,336,336,108,72,981.0,48376.0,14112,35245,0.02027865057053084,0.027833735281600228
docVQA/val/documents/njhx0227_5.png,Fixed,336,336,108,72,4992.0,44365.0,14112,35245,0.11252113152259664,0.14163711164704212
docVQA/val/documents/njhx0227_5.png,PruneSID,336,336,108,71,2778.0,46383.0,13916,35245,0.05989263307677382,0.07881969073627465
docVQA/val/documents/qjgn0226_131.png,DRIP,336,336,1,72,0.0,14815.0,14112,703,0.0,0.0
docVQA/val/documents/qjgn0226_131.png,Fixed,336,336,1,72,56.0,14759.0,14112,703,0.0037942950064367505,0.07965860597439545
docVQA/val/documents/qjgn0226_131.png,PruneSID,336,336,1,71,168.0,14451.0,13916,703,0.011625493045463982,0.23897581792318634
docVQA/val/documents/qrmg0227_1.png,DRIP,336,336,4,72,684.0,20531.0,14112,7103,0.03331547416102479,0.09629733915247078
docVQA/val/documents/qrmg0227_1.png,Fixed,336,336,4,72,1180.0,20035.0,14112,7103,0.05889693037184927,0.16612698859636774
docVQA/val/documents/qrmg0227_1.png,PruneSID,336,336,4,71,1787.0,19232.0,13916,7103,0.09291805324459235,0.25158383781500776
docVQA/val/documents/rmbv0054_3.png,DRIP,336,336,42,72,2205.0,32306.0,14112,20399,0.06825357518727171,0.10809353399676455
docVQA/val/documents/rmbv0054_3.png,Fixed,336,336,42,72,2623.0,31888.0,14112,20399,0.0822566482689413,0.12858473454581107
docVQA/val/documents/rmbv0054_3.png,PruneSID,336,336,42,71,6770.0,27545.0,13916,20399,0.24577963332728262,0.331879013677141
docVQA/val/documents/rmdw0217_1.png,DRIP,336,336,4,72,96.0,15556.0,14112,1540,0.0061712522499357166,0.06233766233766234
docVQA/val/documents/rmdw0217_1.png,Fixed,336,336,4,72,330.0,15322.0,14112,1540,0.021537658269155463,0.21428571428571427
docVQA/val/documents/rmdw0217_1.png,PruneSID,336,336,4,71,276.0,15180.0,13916,1540,0.01818181818181818,0.17922077922077922
docVQA/val/documents/rnjg0227_1.png,DRIP,336,336,30,72,4742.0,28714.0,14112,19344,0.16514592184996865,0.24514061207609594
docVQA/val/documents/rnjg0227_1.png,Fixed,336,336,30,72,2187.0,31269.0,14112,19344,0.06994147558284564,0.11305831265508685
docVQA/val/documents/rnjg0227_1.png,PruneSID,336,336,30,71,5140.0,28120.0,13916,19344,0.18278805120910385,0.26571546732837054
docVQA/val/documents/rpmy0000_1.png,DRIP,336,336,21,72,3931.0,32785.0,14112,22604,0.11990239438767729,0.17390727304901787
docVQA/val/documents/rpmy0000_1.png,Fixed,336,336,21,72,3804.0,32912.0,14112,22604,0.11558094312105008,0.1682887984427535
docVQA/val/documents/rpmy0000_1.png,PruneSID,336,336,21,71,5979.0,30541.0,13916,22604,0.19576962116499133,0.26451070606972216
docVQA/val/documents/sgmb0228_3.png,DRIP,336,336,5,73,1537.0,19609.0,14308,6838,0.07838237543984905,0.22477332553378182
docVQA/val/documents/sgmb0228_3.png,Fixed,336,336,5,72,1176.0,19774.0,14112,6838,0.05947203398401942,0.17198011114360925
docVQA/val/documents/sgmb0228_3.png,PruneSID,336,336,5,71,3219.0,17535.0,13916,6838,0.18357570573139437,0.47075168177829774
docVQA/val/documents/skdv0228_5.png,DRIP,336,336,29,73,3421.0,38577.0,14308,27690,0.08867978329056174,0.12354640664499819
docVQA/val/documents/skdv0228_5.png,Fixed,336,336,29,72,3933.0,37869.0,14112,27690,0.10385803691673928,0.14203683640303358
docVQA/val/documents/skdv0228_5.png,PruneSID,336,336,29,71,4816.0,36790.0,13916,27690,0.1309051372655613,0.1739256049115204
docVQA/val/documents/snbx0223_13.png,DRIP,336,336,17,72,2833.0,28963.0,14112,17684,0.09781445292269447,0.16020131192038
docVQA/val/documents/snbx0223_13.png,Fixed,336,336,17,72,1834.0,29962.0,14112,17684,0.061210867098324545,0.10370956797104727
docVQA/val/documents/snbx0223_13.png,PruneSID,336,336,17,71,4307.0,27293.0,13916,17684,0.1578060308504012,0.24355349468446053
docVQA/val/documents/sxvg0227_1.png,DRIP,336,336,19,72,995.0,27476.0,14112,14359,0.036213422623380405,0.06929451911693014
docVQA/val/documents/sxvg0227_1.png,Fixed,336,336,19,72,1885.0,26586.0,14112,14359,0.07090197848491687,0.13127655129187268
docVQA/val/documents/sxvg0227_1.png,PruneSID,336,336,19,71,3424.0,24851.0,13916,14359,0.13778117580781457,0.2384567170415767
docVQA/val/documents/tkgj0224_1.png,DRIP,336,336,18,72,4980.0,61656.0,14112,52524,0.08077072790969249,0.09481379940598583
docVQA/val/documents/tkgj0224_1.png,Fixed,336,336,18,72,7295.0,59341.0,14112,52524,0.12293355352960011,0.1388888888888889
docVQA/val/documents/tkgj0224_1.png,PruneSID,336,336,18,71,9255.0,57185.0,13916,52524,0.16184314068374575,0.17620516335389536
docVQA/val/documents/xhfl0228_7.png,DRIP,336,336,29,73,5216.0,28755.0,14308,19663,0.1813945400799861,0.2652697960636729
docVQA/val/documents/xhfl0228_7.png,Fixed,336,336,29,72,2472.0,31303.0,14112,19663,0.07897006676676357,0.12571835426944006
docVQA/val/documents/xhfl0228_7.png,PruneSID,336,336,29,71,5330.0,28249.0,13916,19663,0.18867924528301888,0.2710674871586228
docVQA/val/documents/xjhk0226_1.png,DRIP,336,336,20,72,1117.0,21708.0,14112,8713,0.051455684540261656,0.12819924251119016
docVQA/val/documents/xjhk0226_1.png,Fixed,336,336,20,72,711.0,22114.0,14112,8713,0.032151578185764675,0.0816022036038104
docVQA/val/documents/xjhk0226_1.png,PruneSID,336,336,20,71,4074.0,18555.0,13916,8713,0.21956345998383184,0.46757718351887984
docVQA/val/documents/xnhw0228_30.png,DRIP,336,336,45,72,2848.0,41118.0,14112,29854,0.06926406926406926,0.0953976016614189
docVQA/val/documents/xnhw0228_30.png,Fixed,336,336,45,72,4119.0,39847.0,14112,29854,0.10337039174843778,0.13797146111073894
docVQA/val/documents/xnhw0228_30.png,PruneSID,336,336,45,71,7348.0,36422.0,13916,29854,0.20174619735324803,0.24613117170228446
docVQA/val/documents/yjjl0226_1.png,DRIP,336,336,31,73,3650.0,30216.0,14308,19558,0.1207969287794546,0.18662439922282442
docVQA/val/documents/yjjl0226_1.png,Fixed,336,336,31,72,2438.0,31232.0,14112,19558,0.07806096311475409,0.12465487268636875
docVQA/val/documents/yjjl0226_1.png,PruneSID,336,336,31,71,5668.0,27806.0,13916,19558,0.20384089764798966,0.2898046835054709
docVQA/val/documents/yllg0227_2.png,DRIP,336,336,0,73,,,14308,0,,
docVQA/val/documents/yllg0227_2.png,Fixed,336,336,0,72,,,14112,0,,
docVQA/val/documents/yllg0227_2.png,PruneSID,336,336,0,71,,,13916,0,,
docVQA/val/documents/ymvw0217_1.png,DRIP,336,336,3,73,112.0,16847.0,14308,2651,0.006648067905265033,0.042248208223311955
docVQA/val/documents/ymvw0217_1.png,Fixed,336,336,3,72,403.0,16360.0,14112,2651,0.02463325183374083,0.15201810637495286
docVQA/val/documents/ymvw0217_1.png,PruneSID,336,336,3,71,946.0,15621.0,13916,2651,0.060559503232827605,0.35684647302904565
docVQA/val/documents/yncd0227_2.png,DRIP,336,336,25,72,3125.0,36256.0,14112,25269,0.08619263018534863,0.12366931813684752
docVQA/val/documents/yncd0227_2.png,Fixed,336,336,25,72,2908.0,36473.0,14112,25269,0.07973021138924684,0.11508172068542483
docVQA/val/documents/yncd0227_2.png,PruneSID,336,336,25,71,5165.0,34020.0,13916,25269,0.15182245737801292,0.2044006490165816
docVQA/val/documents/yrpf0227_3.png,DRIP,336,336,2,72,462.0,15523.0,14112,1873,0.029762288217483734,0.24666310731446878
docVQA/val/documents/yrpf0227_3.png,Fixed,336,336,2,72,292.0,15693.0,14112,1873,0.018607022239214937,0.15589962626801923
docVQA/val/documents/yrpf0227_3.png,PruneSID,336,336,2,71,434.0,15355.0,13916,1873,0.028264408987300555,0.23171382808328883
docVQA/val/documents/yscw0217_61.png,DRIP,336,336,11,72,1988.0,20635.0,14112,8511,0.09634116791858492,0.23358007284690402
docVQA/val/documents/yscw0217_61.png,Fixed,336,336,11,72,904.0,21719.0,14112,8511,0.04162254247433123,0.10621548584185173
docVQA/val/documents/yscw0217_61.png,PruneSID,336,336,11,71,4491.0,17936.0,13916,8511,0.25039027653880463,0.5276700740218541
docVQA/val/documents/zrdw0217_1.png,DRIP,336,336,12,72,1391.0,20666.0,14112,7945,0.0673086228588019,0.1750786658275645
docVQA/val/documents/zrdw0217_1.png,Fixed,336,336,12,72,816.0,21241.0,14112,7945,0.03841627042041335,0.10270610446821901
docVQA/val/documents/zrdw0217_1.png,PruneSID,336,336,12,71,3999.0,17862.0,13916,7945,0.22388310379576756,0.503335431088735
docVQA/val/documents/ztnk0226_6.png,DRIP,336,336,65,72,2024.0,33953.0,14112,21865,0.059611816334344536,0.09256803109993139
docVQA/val/documents/ztnk0226_6.png,Fixed,336,336,65,72,2998.0,32979.0,14112,21865,0.0909063343339701,0.13711410930711182
docVQA/val/documents/ztnk0226_6.png,PruneSID,336,336,65,71,4347.0,31434.0,13916,21865,0.13828974995228097,0.19881088497598903
docVQA/val/documents/zylj0226_7.png,DRIP,336,336,21,72,3201.0,39354.0,14112,28443,0.08133861869187377,0.11254087121611644
docVQA/val/documents/zylj0226_7.png,Fixed,336,336,21,72,3400.0,39155.0,14112,28443,0.08683437619716511,0.11953732025454418
docVQA/val/documents/zylj0226_7.png,PruneSID,336,336,21,71,6201.0,36158.0,13916,28443,0.1714973173294983,0.21801497732306718
infographicVQA/infographicVQA_val_v1.0_images/10087.jpeg,DRIP,336,336,29,73,2036.0,33397.0,14308,21125,0.06096355960116178,0.09637869822485207
infographicVQA/infographicVQA_val_v1.0_images/10087.jpeg,Fixed,336,336,29,72,2706.0,32531.0,14112,21125,0.0831821954443454,0.128094674556213
infographicVQA/infographicVQA_val_v1.0_images/10087.jpeg,PruneSID,336,336,29,71,4958.0,30083.0,13916,21125,0.16481069042316257,0.234698224852071
infographicVQA/infographicVQA_val_v1.0_images/10689.jpeg,DRIP,336,336,46,73,8768.0,61853.0,14308,56313,0.14175545244369717,0.15570117024488128
infographicVQA/infographicVQA_val_v1.0_images/10689.jpeg,Fixed,336,336,46,72,6950.0,63475.0,14112,56313,0.10949192595510043,0.12341732814802976
infographicVQA/infographicVQA_val_v1.0_images/10689.jpeg,PruneSID,336,336,46,71,8523.0,61706.0,13916,56313,0.1381227109195216,0.15135048745405147
infographicVQA/infographicVQA_val_v1.0_images/10771.jpeg,DRIP,336,336,14,72,5337.0,31008.0,14112,22233,0.17211687306501547,0.2400485764404264
infographicVQA/infographicVQA_val_v1.0_images/10771.jpeg,Fixed,336,336,14,72,2877.0,33468.0,14112,22233,0.08596271064897813,0.1294022399136419
infographicVQA/infographicVQA_val_v1.0_images/10771.jpeg,PruneSID,336,336,14,71,5285.0,30864.0,13916,22233,0.17123509590461378,0.23770971079026673
infographicVQA/infographicVQA_val_v1.0_images/10796.jpeg,DRIP,336,336,63,72,5399.0,57583.0,14112,48870,0.0937603112029592,0.11047677511765909
infographicVQA/infographicVQA_val_v1.0_images/10796.jpeg,Fixed,336,336,63,72,5876.0,57106.0,14112,48870,0.10289636815746156,0.12023736443625946
infographicVQA/infographicVQA_val_v1.0_images/10796.jpeg,PruneSID,336,336,63,71,7984.0,54802.0,13916,48870,0.14568811357249736,0.16337221199099652
infographicVQA/infographicVQA_val_v1.0_images/10836.jpeg,DRIP,336,336,39,73,3501.0,33451.0,14308,22644,0.10466054826462587,0.15461049284578696
infographicVQA/infographicVQA_val_v1.0_images/10836.jpeg,Fixed,336,336,39,72,3822.0,32934.0,14112,22644,0.11605028238294772,0.16878643349231584
infographicVQA/infographicVQA_val_v1.0_images/10836.jpeg,PruneSID,336,336,39,71,5529.0,31031.0,13916,22644,0.1781766620476298,0.24417064122946475
infographicVQA/infographicVQA_val_v1.0_images/11019.jpeg,DRIP,336,336,56,73,4212.0,47951.0,14308,37855,0.08783966966278076,0.11126667547219654
infographicVQA/infographicVQA_val_v1.0_images/11019.jpeg,Fixed,336,336,56,72,5069.0,46898.0,14112,37855,0.10808563264957995,0.13390569277506273
infographicVQA/infographicVQA_val_v1.0_images/11019.jpeg,PruneSID,336,336,56,71,8685.0,43086.0,13916,37855,0.2015735969920624,0.22942808083476424
infographicVQA/infographicVQA_val_v1.0_images/20156.jpeg,DRIP,336,336,30,72,3445.0,45985.0,14112,35318,0.07491573339132326,0.09754232969024293
infographicVQA/infographicVQA_val_v1.0_images/20156.jpeg,Fixed,336,336,30,72,4367.0,45063.0,14112,35318,0.09690877216341566,0.12364799818789286
infographicVQA/infographicVQA_val_v1.0_images/20156.jpeg,PruneSID,336,336,30,71,6766.0,42468.0,13916,35318,0.15931995855703118,0.19157370179511862
infographicVQA/infographicVQA_val_v1.0_images/20180.jpeg,DRIP,336,336,25,72,8281.0,68539.0,14112,62708,0.12082172193933381,0.13205651591503476
infographicVQA/infographicVQA_val_v1.0_images/20180.jpeg,Fixed,336,336,25,72,7801.0,69019.0,14112,62708,0.11302684767962445,0.12440199017669197
infographicVQA/infographicVQA_val_v1.0_images/20180.jpeg,PruneSID,336,336,25,71,8693.0,67931.0,13916,62708,0.12796808526298745,0.13862665050711234
infographicVQA/infographicVQA_val_v1.0_images/20185.jpeg,DRIP,336,336,9,73,8040.0,39648.0,14308,33380,0.20278450363196127,0.2408627920910725
infographicVQA/infographicVQA_val_v1.0_images/20185.jpeg,Fixed,336,336,9,72,4601.0,42891.0,14112,33380,0.10727192184840642,0.1378370281605752
infographicVQA/infographicVQA_val_v1.0_images/20185.jpeg,PruneSID,336,336,9,71,4562.0,42734.0,13916,33380,0.10675340478307671,0.1366686638705812
infographicVQA/infographicVQA_val_v1.0_images/20186.jpeg,DRIP,336,336,23,72,4031.0,29842.0,14112,19761,0.13507807787681791,0.20398765244673853
infographicVQA/infographicVQA_val_v1.0_images/20186.jpeg,Fixed,336,336,23,72,1873.0,32000.0,14112,19761,0.05853125,0.09478265269976216
infographicVQA/infographicVQA_val_v1.0_images/20186.jpeg,PruneSID,336,336,23,71,5102.0,28575.0,13916,19761,0.17854768153980752,0.25818531450837506
infographicVQA/infographicVQA_val_v1.0_images/20194.jpeg,DRIP,336,336,33,73,3071.0,33138.0,14308,21901,0.09267306415595389,0.14022190767544862
infographicVQA/infographicVQA_val_v1.0_images/20194.jpeg,Fixed,336,336,33,72,2827.0,33186.0,14112,21901,0.08518652443801603,0.12908086388749374
infographicVQA/infographicVQA_val_v1.0_images/20194.jpeg,PruneSID,336,336,33,71,5463.0,30354.0,13916,21901,0.17997627989721288,0.24944066480982605
infographicVQA/infographicVQA_val_v1.0_images/20226.jpeg,DRIP,336,336,25,72,3329.0,31056.0,14112,20273,0.10719345698093766,0.16420855324816258
infographicVQA/infographicVQA_val_v1.0_images/20226.jpeg,Fixed,336,336,25,72,2650.0,31735.0,14112,20273,0.08350401764613204,0.1307157302816554
infographicVQA/infographicVQA_val_v1.0_images/20226.jpeg,PruneSID,336,336,25,71,4355.0,29834.0,13916,20273,0.1459743916337065,0.21481773787796576
infographicVQA/infographicVQA_val_v1.0_images/20255.jpeg,DRIP,336,336,0,72,,,14112,0,,
infographicVQA/infographicVQA_val_v1.0_images/20255.jpeg,Fixed,336,336,0,72,,,14112,0,,
infographicVQA/infographicVQA_val_v1.0_images/20255.jpeg,PruneSID,336,336,0,71,,,13916,0,,
infographicVQA/infographicVQA_val_v1.0_images/20359.jpeg,DRIP,336,336,16,73,6077.0,37326.0,14308,29095,0.16280876600760863,0.2088675030073896
infographicVQA/infographicVQA_val_v1.0_images/20359.jpeg,Fixed,336,336,16,72,4223.0,38984.0,14112,29095,0.10832649292017238,0.14514521395428767
infographicVQA/infographicVQA_val_v1.0_images/20359.jpeg,PruneSID,336,336,16,71,5494.0,37517.0,13916,29095,0.14644028040621584,0.18882969582402476
infographicVQA/infographicVQA_val_v1.0_images/20369.jpeg,DRIP,336,336,6,72,1186.0,17001.0,14112,4075,0.06976060231751073,0.2910429447852761
infographicVQA/infographicVQA_val_v1.0_images/20369.jpeg,Fixed,336,336,6,72,737.0,17450.0,14112,4075,0.04223495702005731,0.18085889570552147
infographicVQA/infographicVQA_val_v1.0_images/20369.jpeg,PruneSID,336,336,6,71,1467.0,16524.0,13916,4075,0.08877995642701525,0.36
infographicVQA/infographicVQA_val_v1.0_images/30374.jpeg,DRIP,336,336,47,73,5930.0,60096.0,14308,51718,0.09867545260915868,0.11466027301906492
infographicVQA/infographicVQA_val_v1.0_images/30374.jpeg,Fixed,336,336,47,72,5916.0,59914.0,14112,51718,0.09874152952565343,0.11438957422947522
infographicVQA/infographicVQA_val_v1.0_images/30374.jpeg,PruneSID,336,336,47,71,8098.0,57536.0,13916,51718,0.14074666295884317,0.15657991414981245
infographicVQA/infographicVQA_val_v1.0_images/31257.jpeg,DRIP,336,336,25,72,3302.0,31015.0,14112,20205,0.10646461389650169,0.16342489482801287
infographicVQA/infographicVQA_val_v1.0_images/31257.jpeg,Fixed,336,336,25,72,2653.0,31664.0,14112,20205,0.08378600303183426,0.13130413264043553
infographicVQA/infographicVQA_val_v1.0_images/31257.jpeg,PruneSID,336,336,25,71,4105.0,30016.0,13916,20205,0.13676039445628999,0.20316753278891364
infographicVQA/infographicVQA_val_v1.0_images/32369.jpeg,DRIP,336,336,25,73,4755.0,32722.0,14308,23169,0.14531507854043152,0.20523112780007768
infographicVQA/infographicVQA_val_v1.0_images/32369.jpeg,Fixed,336,336,25,72,3141.0,34140.0,14112,23169,0.09200351493848857,0.13556907937330054
infographicVQA/infographicVQA_val_v1.0_images/32369.jpeg,PruneSID,336,336,25,71,6335.0,30750.0,13916,23169,0.20601626016260163,0.2734256981311235
infographicVQA/infographicVQA_val_v1.0_images/33649.jpeg,DRIP,336,336,17,73,2595.0,22244.0,14308,10531,0.11666067254090991,0.24641534517139874
infographicVQA/infographicVQA_val_v1.0_images/33649.jpeg,Fixed,336,336,17,72,1628.0,23015.0,14112,10531,0.07073647621116663,0.15459120691292375
infographicVQA/infographicVQA_val_v1.0_images/33649.jpeg,PruneSID,336,336,17,71,2909.0,21538.0,13916,10531,0.13506360850589655,0.276232076725857
infographicVQA/infographicVQA_val_v1.0_images/34510.jpeg,DRIP,336,336,13,72,1027.0,23556.0,14112,10471,0.04359823399558499,0.09808041256804508
infographicVQA/infographicVQA_val_v1.0_images/34510.jpeg,Fixed,336,336,13,72,1266.0,23317.0,14112,10471,0.05429514946176609,0.12090535765447426
infographicVQA/infographicVQA_val_v1.0_images/34510.jpeg,PruneSID,336,336,13,71,2156.0,22231.0,13916,10471,0.09698169223156854,0.20590201508929423
infographicVQA/infographicVQA_val_v1.0_images/35230.jpeg,DRIP,336,336,6,72,2073.0,18212.0,14112,6173,0.11382604875905997,0.3358172687510125
infographicVQA/infographicVQA_val_v1.0_images/35230.jpeg,Fixed,336,336,6,72,942.0,19343.0,14112,6173,0.048699788037015974,0.15260003239915762
infographicVQA/infographicVQA_val_v1.0_images/35230.jpeg,PruneSID,336,336,6,71,2154.0,17935.0,13916,6173,0.12010036241984946,0.3489389275878827
infographicVQA/infographicVQA_val_v1.0_images/36983.jpeg,DRIP,336,336,37,72,3198.0,39075.0,14112,28161,0.08184261036468331,0.11356130819218067
infographicVQA/infographicVQA_val_v1.0_images/36983.jpeg,Fixed,336,336,37,72,3336.0,38937.0,14112,28161,0.08567686262423915,0.1184617023543198
infographicVQA/infographicVQA_val_v1.0_images/36983.jpeg,PruneSID,336,336,37,71,6731.0,35346.0,13916,28161,0.19043173202059638,0.2390185007634672
infographicVQA/infographicVQA_val_v1.0_images/37095.jpeg,DRIP,336,336,17,72,4250.0,31901.0,14112,22039,0.1332246638036425,0.19283996551567675
infographicVQA/infographicVQA_val_v1.0_images/37095.jpeg,Fixed,336,336,17,72,2334.0,33817.0,14112,22039,0.06901854097051778,0.10590317165025637
infographicVQA/infographicVQA_val_v1.0_images/37095.jpeg,PruneSID,336,336,17,71,5940.0,30015.0,13916,22039,0.19790104947526238,0.26952221062661647
infographicVQA/infographicVQA_val_v1.0_images/37190.jpeg,DRIP,336,336,10,72,2662.0,26491.0,14112,15041,0.10048695783473632,0.17698291337012168
infographicVQA/infographicVQA_val_v1.0_images/37190.jpeg,Fixed,336,336,10,72,1662.0,27491.0,14112,15041,0.06045614928522062,0.1104979722092946
infographicVQA/infographicVQA_val_v1.0_images/37190.jpeg,PruneSID,336,336,10,71,3501.0,25456.0,13916,15041,0.1375314267756128,0.2327637790040556
infographicVQA/infographicVQA_val_v1.0_images/37275.jpeg,DRIP,336,336,10,73,4463.0,27910.0,14308,18065,0.1599068434252956,0.24705231109880985
infographicVQA/infographicVQA_val_v1.0_images/37275.jpeg,Fixed,336,336,10,72,2255.0,29922.0,14112,18065,0.07536260945123989,0.12482701356213673
infographicVQA/infographicVQA_val_v1.0_images/37275.jpeg,PruneSID,336,336,10,71,3405.0,28576.0,13916,18065,0.11915593505039193,0.18848602269582065
infographicVQA/infographicVQA_val_v1.0_images/37312.jpeg,DRIP,336,336,20,72,5739.0,40296.0,14112,31923,0.14242108397855865,0.17977633681045013
infographicVQA/infographicVQA_val_v1.0_images/37312.jpeg,Fixed,336,336,20,72,3583.0,42452.0,14112,31923,0.08440120606802977,0.11223882467186667
infographicVQA/infographicVQA_val_v1.0_images/37312.jpeg,PruneSID,336,336,20,71,4885.0,40954.0,13916,31923,0.1192801679933584,0.15302446511919307
infographicVQA/infographicVQA_val_v1.0_images/37320.jpeg,DRIP,336,336,22,72,4028.0,47003.0,14112,36919,0.08569665766014935,0.10910371353503616
infographicVQA/infographicVQA_val_v1.0_images/37320.jpeg,Fixed,336,336,22,72,4954.0,46077.0,14112,36919,0.10751568027432341,0.1341856496654839
infographicVQA/infographicVQA_val_v1.0_images/37320.jpeg,PruneSID,336,336,22,71,7278.0,43557.0,13916,36919,0.16709139747916524,0.19713426690863783
infographicVQA/infographicVQA_val_v1.0_images/37394.jpeg,DRIP,336,336,22,72,2937.0,31590.0,14112,20415,0.0929724596391263,0.14386480529022777
infographicVQA/infographicVQA_val_v1.0_images/37394.jpeg,Fixed,336,336,22,72,1318.0,33209.0,14112,20415,0.039688036375681295,0.06456037227528778
infographicVQA/infographicVQA_val_v1.0_images/37394.jpeg,PruneSID,336,336,22,71,4065.0,30266.0,13916,20415,0.13430912575166853,0.1991182953710507
infographicVQA/infographicVQA_val_v1.0_images/39594.jpeg,DRIP,336,336,42,72,4015.0,35160.0,14112,25063,0.11419226393629124,0.16019630531061724
infographicVQA/infographicVQA_val_v1.0_images/39594.jpeg,Fixed,336,336,42,72,2864.0,36311.0,14112,25063,0.07887417036159841,0.11427203447312771
infographicVQA/infographicVQA_val_v1.0_images/39594.jpeg,PruneSID,336,336,42,71,5452.0,33527.0,13916,25063,0.16261520565514362,0.21753181981406855
infographicVQA/infographicVQA_val_v1.0_images/39761.jpeg,DRIP,336,336,28,73,5356.0,45502.0,14308,36550,0.11770911168739835,0.1465389876880985
infographicVQA/infographicVQA_val_v1.0_images/39761.jpeg,Fixed,336,336,28,72,5284.0,45378.0,14112,36550,0.11644409185067654,0.1445690834473324
infographicVQA/infographicVQA_val_v1.0_images/39761.jpeg,PruneSID,336,336,28,71,8548.0,41918.0,13916,36550,0.20392194284078438,0.23387140902872777
infographicVQA/infographicVQA_val_v1.0_images/40677.jpeg,DRIP,336,336,32,73,3654.0,34538.0,14308,23884,0.10579651398459668,0.152989449003517
infographicVQA/infographicVQA_val_v1.0_images/40677.jpeg,Fixed,336,336,32,72,2668.0,35328.0,14112,23884,0.07552083333333333,0.11170658181209178
infographicVQA/infographicVQA_val_v1.0_images/40677.jpeg,PruneSID,336,336,32,71,5607.0,32193.0,13916,23884,0.17416829745596868,0.2347596717467761
infographicVQA/infographicVQA_val_v1.0_images/41124.jpeg,DRIP,336,336,40,72,3263.0,31799.0,14112,20950,0.10261328972609202,0.15575178997613365
infographicVQA/infographicVQA_val_v1.0_images/41124.jpeg,Fixed,336,336,40,72,2433.0,32629.0,14112,20950,0.0745655705047657,0.11613365155131265
infographicVQA/infographicVQA_val_v1.0_images/41124.jpeg,PruneSID,336,336,40,71,5084.0,29782.0,13916,20950,0.17070713854005776,0.24267303102625298
infographicVQA/infographicVQA_val_v1.0_images/41787.jpeg,DRIP,336,336,10,72,3266.0,20851.0,14112,10005,0.15663517337297972,0.3264367816091954
infographicVQA/infographicVQA_val_v1.0_images/41787.jpeg,Fixed,336,336,10,72,1242.0,22875.0,14112,10005,0.05429508196721312,0.12413793103448276
infographicVQA/infographicVQA_val_v1.0_images/41787.jpeg,PruneSID,336,336,10,71,3596.0,20325.0,13916,10005,0.1769249692496925,0.35942028985507246
infographicVQA/infographicVQA_val_v1.0_images/41833.jpeg,DRIP,336,336,24,72,4764.0,36063.0,14112,26715,0.13210215456284835,0.17832678270634475
infographicVQA/infographicVQA_val_v1.0_images/41833.jpeg,Fixed,336,336,24,72,3599.0,37228.0,14112,26715,0.0966745460406146,0.1347183230394909
infographicVQA/infographicVQA_val_v1.0_images/41833.jpeg,PruneSID,336,336,24,71,6598.0,34033.0,13916,26715,0.19387065495254605,0.24697735354669662
infographicVQA/infographicVQA_val_v1.0_images/42012.jpeg,DRIP,336,336,5,73,4608.0,22815.0,14308,13115,0.2019723865877712,0.35135341212352267
infographicVQA/infographicVQA_val_v1.0_images/42012.jpeg,Fixed,336,336,5,72,1841.0,25386.0,14112,13115,0.07252028677223667,0.1403736179946626
infographicVQA/infographicVQA_val_v1.0_images/42012.jpeg,PruneSID,336,336,5,71,1975.0,25056.0,13916,13115,0.07882343550446999,0.1505909264201296
infographicVQA/infographicVQA_val_v1.0_images/42097.jpeg,DRIP,336,336,61,72,4224.0,38490.0,14112,28602,0.10974279033515198,0.14768198028109922
infographicVQA/infographicVQA_val_v1.0_images/42097.jpeg,Fixed,336,336,61,72,3625.0,39089.0,14112,28602,0.0927370871600706,0.1267393888539263
infographicVQA/infographicVQA_val_v1.0_images/42097.jpeg,PruneSID,336,336,61,71,6329.0,36189.0,13916,28602,0.17488739672276107,0.22127823229144816
infographicVQA/infographicVQA_val_v1.0_images/42555.jpeg,DRIP,336,336,14,73,4110.0,26048.0,14308,15850,0.15778562653562653,0.2593059936908517
infographicVQA/infographicVQA_val_v1.0_images/42555.jpeg,Fixed,336,336,14,72,1517.0,28445.0,14112,15850,0.05333098962910881,0.09570977917981073
infographicVQA/infographicVQA_val_v1.0_images/42555.jpeg,PruneSID,336,336,14,71,4618.0,25148.0,13916,15850,0.18363289327183077,0.2913564668769716
infographicVQA/infographicVQA_val_v1.0_images/42607.jpeg,DRIP,336,336,30,72,3481.0,31495.0,14112,20864,0.11052548023495792,0.16684240797546013
infographicVQA/infographicVQA_val_v1.0_images/42607.jpeg,Fixed,336,336,30,72,3192.0,31784.0,14112,20864,0.1004278882456582,0.15299079754601227
infographicVQA/infographicVQA_val_v1.0_images/42607.jpeg,PruneSID,336,336,30,71,5596.0,29184.0,13916,20864,0.19174890350877194,0.2682131901840491
infographicVQA/infographicVQA_val_v1.0_images/43498.jpeg,DRIP,336,336,30,73,2449.0,24935.0,14308,13076,0.09821535993583316,0.18728969103701437
infographicVQA/infographicVQA_val_v1.0_images/43498.jpeg,Fixed,336,336,30,72,1970.0,25218.0,14112,13076,0.07811880402886827,0.15065769348424596
infographicVQA/infographicVQA_val_v1.0_images/43498.jpeg,PruneSID,336,336,30,71,3701.0,23291.0,13916,13076,0.15890258039586105,0.2830376261853778
infographicVQA/infographicVQA_val_v1.0_images/44541.jpeg,DRIP,336,336,42,72,6641.0,44312.0,14112,36841,0.149869109947644,0.18026112211937786
infographicVQA/infographicVQA_val_v1.0_images/44541.jpeg,Fixed,336,336,42,72,5507.0,45446.0,14112,36841,0.12117678123487216,0.14948019869167503
infographicVQA/infographicVQA_val_v1.0_images/44541.jpeg,PruneSID,336,336,42,71,6708.0,44049.0,13916,36841,0.15228495539058776,0.18207974810672892
infographicVQA/infographicVQA_val_v1.0_images/44721.jpeg,DRIP,336,336,27,73,5944.0,40039.0,14308,31675,0.14845525612527785,0.18765588003157063
infographicVQA/infographicVQA_val_v1.0_images/44721.jpeg,Fixed,336,336,27,72,4857.0,40930.0,14112,31675,0.11866601514781334,0.1533385951065509
infographicVQA/infographicVQA_val_v1.0_images/44721.jpeg,PruneSID,336,336,27,71,6758.0,38833.0,13916,31675,0.17402724486905466,0.21335438042620364
infographicVQA/infographicVQA_val_v1.0_images/44885.jpeg,DRIP,336,336,18,72,2633.0,20388.0,14112,8909,0.1291445948597214,0.2955438320799192
infographicVQA/infographicVQA_val_v1.0_images/44885.jpeg,Fixed,336,336,18,72,1941.0,21080.0,14112,8909,0.09207779886148007,0.21786957009765406
infographicVQA/infographicVQA_val_v1.0_images/44885.jpeg,PruneSID,336,336,18,71,3424.0,19401.0,13916,8909,0.17648574815731147,0.3843304523515546
infographicVQA/infographicVQA_val_v1.0_images/44954.jpeg,DRIP,336,336,64,73,6547.0,49471.0,14308,41710,0.13234015888096057,0.1569647566530808
infographicVQA/infographicVQA_val_v1.0_images/44954.jpeg,Fixed,336,336,64,72,5367.0,50455.0,14112,41710,0.10637201466653454,0.12867417885399185
infographicVQA/infographicVQA_val_v1.0_images/44954.jpeg,PruneSID,336,336,64,71,8542.0,47084.0,13916,41710,0.18142044006456545,0.20479501318628626
infographicVQA/infographicVQA_val_v1.0_images/70572.jpeg,DRIP,336,336,89,73,5235.0,51273.0,14308,42200,0.10210052074191095,0.1240521327014218
infographicVQA/infographicVQA_val_v1.0_images/70572.jpeg,Fixed,336,336,89,72,5561.0,50751.0,14112,42200,0.10957419558235305,0.13177725118483413
infographicVQA/infographicVQA_val_v1.0_images/70572.jpeg,PruneSID,336,336,89,71,10465.0,45651.0,13916,42200,0.2292392280563405,0.24798578199052132
infographicVQA/infographicVQA_val_v1.0_images/70574.jpeg,DRIP,336,336,26,72,2840.0,22726.0,14112,11454,0.1249669981518965,0.24794831499912695
infographicVQA/infographicVQA_val_v1.0_images/70574.jpeg,Fixed,336,336,26,72,1775.0,23791.0,14112,11454,0.07460804505905595,0.15496769687445433
infographicVQA/infographicVQA_val_v1.0_images/70574.jpeg,PruneSID,336,336,26,71,4324.0,21046.0,13916,11454,0.20545471823624442,0.37751004016064255
ocrVQA/images/069401673X.jpg,DRIP,336,336,10,73,5007.0,24322.0,14308,15021,0.20586300468711455,0.3333333333333333
ocrVQA/images/069401673X.jpg,Fixed,336,336,10,72,1717.0,27416.0,14112,15021,0.06262766267872776,0.11430663737434259
ocrVQA/images/069401673X.jpg,PruneSID,336,336,10,71,4204.0,24733.0,13916,15021,0.16997533659483283,0.2798748418880234
ocrVQA/images/076491135X.jpg,DRIP,336,336,6,72,6898.0,21950.0,14112,14736,0.3142596810933941,0.46810532030401736
ocrVQA/images/076491135X.jpg,Fixed,336,336,6,72,1778.0,27070.0,14112,14736,0.06568156630956778,0.12065689467969598
ocrVQA/images/076491135X.jpg,PruneSID,336,336,6,71,4097.0,24555.0,13916,14736,0.16684992873141927,0.27802660152008685
ocrVQA/images/081098914X.jpg,DRIP,336,336,0,72,,,14112,0,,
ocrVQA/images/081098914X.jpg,Fixed,336,336,0,72,,,14112,0,,
ocrVQA/images/081098914X.jpg,PruneSID,336,336,0,71,,,13916,0,,
ocrVQA/images/1118945034.jpg,DRIP,336,336,17,73,8249.0,53036.0,14308,46977,0.15553586243306433,0.1755965685335377
ocrVQA/images/1118945034.jpg,Fixed,336,336,17,72,6114.0,54975.0,14112,46977,0.11121418826739426,0.13014879621942652
ocrVQA/images/1118945034.jpg,PruneSID,336,336,17,71,6275.0,54618.0,13916,46977,0.11488886447691238,0.13357600527917918
ocrVQA/images/1401262031.jpg,DRIP,336,336,0,72,,,14112,0,,
ocrVQA/images/1401262031.jpg,Fixed,336,336,0,72,,,14112,0,,
ocrVQA/images/1401262031.jpg,PruneSID,336,336,0,71,,,13916,0,,
ocrVQA/images/1416296298.jpg,DRIP,336,336,0,73,,,14308,0,,
ocrVQA/images/1416296298.jpg,Fixed,336,336,0,72,,,14112,0,,
ocrVQA/images/1416296298.jpg,PruneSID,336,336,0,71,,,13916,0,,
ocrVQA/images/1416297588.jpg,DRIP,336,336,6,72,7872.0,34666.0,14112,28426,0.22708129002480817,0.27692957151903186
ocrVQA/images/1416297588.jpg,Fixed,336,336,6,72,2976.0,39562.0,14112,28426,0.07522369950963045,0.10469288679378035
ocrVQA/images/1416297588.jpg,PruneSID,336,336,6,71,4688.0,37654.0,13916,28426,0.12450204493546502,0.16491943994934216
ocrVQA/images/1416298576.jpg,DRIP,336,336,0,72,,,14112,0,,
ocrVQA/images/1416298576.jpg,Fixed,336,336,0,72,,,14112,0,,
ocrVQA/images/1416298576.jpg,PruneSID,336,336,0,71,,,13916,0,,
ocrVQA/images/1416298886.jpg,DRIP,336,336,10,73,6435.0,28192.0,14308,20319,0.2282562429057889,0.31669865642994244
ocrVQA/images/1416298886.jpg,Fixed,336,336,10,72,2392.0,32039.0,14112,20319,0.07465900933237617,0.11772232885476648
ocrVQA/images/1416298886.jpg,PruneSID,336,336,10,71,6903.0,27332.0,13916,20319,0.25256110054148984,0.3397312859884837
ocrVQA/images/1416298983.jpg,DRIP,336,336,40,72,8818.0,54064.0,14112,48770,0.1631029890500148,0.18080787369284396
ocrVQA/images/1416298983.jpg,Fixed,336,336,40,72,6468.0,56414.0,14112,48770,0.11465239125039883,0.13262251384047571
ocrVQA/images/1416298983.jpg,PruneSID,336,336,40,71,7764.0,54922.0,13916,48770,0.1413641163832344,0.1591962271888456
ocrVQA/images/1419707450.jpg,DRIP,336,336,0,72,,,14112,0,,
ocrVQA/images/1419707450.jpg,Fixed,336,336,0,72,,,14112,0,,
ocrVQA/images/1419707450.jpg,PruneSID,336,336,0,71,,,13916,0,,
ocrVQA/images/1419716050.jpg,DRIP,336,336,4,72,6768.0,22741.0,14112,15397,0.29761224220570776,0.4395661492498539
ocrVQA/images/1419716050.jpg,Fixed,336,336,4,72,2289.0,27220.0,14112,15397,0.08409257898603968,0.14866532441384686
ocrVQA/images/1419716050.jpg,PruneSID,336,336,4,71,3310.0,26003.0,13916,15397,0.12729300465330923,0.21497694356043384
ocrVQA/images/1423826035.jpg,DRIP,336,336,7,72,2506.0,20417.0,14112,8811,0.12274085321055983,0.2844172057655204
ocrVQA/images/1423826035.jpg,Fixed,336,336,7,72,595.0,22328.0,14112,8811,0.026648154783231816,0.06752922483259562
ocrVQA/images/1423826035.jpg,PruneSID,336,336,7,71,3182.0,19545.0,13916,8811,0.16280378613456126,0.36113948473499036
ocrVQA/images/1423826507.jpg,DRIP,336,336,6,73,4247.0,21291.0,14308,11230,0.19947395613169883,0.37818343722172754
ocrVQA/images/1423826507.jpg,Fixed,336,336,6,72,1582.0,23760.0,14112,11230,0.06658249158249158,0.1408726625111309
ocrVQA/images/1423826507.jpg,PruneSID,336,336,6,71,3677.0,21469.0,13916,11230,0.17127020354930364,0.327426536064114
ocrVQA/images/1440588589.jpg,DRIP,336,336,12,72,4564.0,31951.0,14112,22403,0.14284372946073676,0.20372271570771772
ocrVQA/images/1440588589.jpg,Fixed,336,336,12,72,3559.0,32956.0,14112,22403,0.10799247481490472,0.15886265232334956
ocrVQA/images/1440588589.jpg,PruneSID,336,336,12,71,5369.0,30950.0,13916,22403,0.17347334410339257,0.23965540329420168
ocrVQA/images/1449419291.jpg,DRIP,336,336,11,73,9042.0,64039.0,14308,58773,0.1411952091694124,0.15384615384615385
ocrVQA/images/1449419291.jpg,Fixed,336,336,11,72,8137.0,64748.0,14112,58773,0.12567183542348798,0.13844792676909465
ocrVQA/images/1449419291.jpg,PruneSID,336,336,11,71,6512.0,66177.0,13916,58773,0.09840276833340889,0.11079917649260715
ocrVQA/images/145214141X.jpg,DRIP,336,336,18,72,3427.0,21779.0,14112,11094,0.15735341383901924,0.3089057148007932
ocrVQA/images/145214141X.jpg,Fixed,336,336,18,72,1540.0,23666.0,14112,11094,0.06507225555649455,0.13881377321074453
ocrVQA/images/145214141X.jpg,PruneSID,336,336,18,71,3926.0,21084.0,13916,11094,0.18620755074938342,0.3538849828736254
ocrVQA/images/1492612766.jpg,DRIP,336,336,29,73,9086.0,52451.0,14308,47229,0.1732283464566929,0.1923817993182155
ocrVQA/images/1492612766.jpg,Fixed,336,336,29,72,5653.0,55688.0,14112,47229,0.10151199540295934,0.11969340871074975
ocrVQA/images/1492612766.jpg,PruneSID,336,336,29,71,6769.0,54376.0,13916,47229,0.12448506694129763,0.1433229583518601
ocrVQA/images/1514818639.jpg,DRIP,336,336,3,73,4076.0,18197.0,14308,7965,0.22399296587349563,0.5117388575015693
ocrVQA/images/1514818639.jpg,Fixed,336,336,3,72,1004.0,21073.0,14112,7965,0.0476439045223746,0.12605147520401758
ocrVQA/images/1514818639.jpg,PruneSID,336,336,3,71,2058.0,19823.0,13916,7965,0.10381879634767695,0.2583804143126177
ocrVQA/images/151862801X.jpg,DRIP,336,336,4,73,9206.0,40426.0,14308,35324,0.22772473160837084,0.26061601177669574
ocrVQA/images/151862801X.jpg,Fixed,336,336,4,72,3724.0,45712.0,14112,35324,0.08146657332866643,0.10542407428377307
ocrVQA/images/151862801X.jpg,PruneSID,336,336,4,71,4421.0,44819.0,13916,35324,0.09864120127624446,0.1251557015060582
ocrVQA/images/1552974650.jpg,DRIP,336,336,3,73,6566.0,24305.0,14308,16563,0.2701501748611397,0.39642576827869347
ocrVQA/images/1552974650.jpg,Fixed,336,336,3,72,2053.0,28622.0,14112,16563,0.07172804136678079,0.1239509750649037
ocrVQA/images/1552974650.jpg,PruneSID,336,336,3,71,2797.0,27682.0,13916,16563,0.10104038725525612,0.1688703737245668
ocrVQA/images/1570292442.jpg,DRIP,336,336,4,72,5166.0,31709.0,14112,22763,0.16291904506606958,0.2269472389403857
ocrVQA/images/1570292442.jpg,Fixed,336,336,4,72,3457.0,33418.0,14112,22763,0.10344724400023939,0.15186926152088917
ocrVQA/images/1570292442.jpg,PruneSID,336,336,4,71,3968.0,32711.0,13916,22763,0.1213047598667115,0.1743179721477837
ocrVQA/images/1574329820.jpg,DRIP,336,336,4,73,9604.0,30019.0,14308,25315,0.319930710549985,0.3793798143393245
ocrVQA/images/1574329820.jpg,Fixed,336,336,4,72,2984.0,36443.0,14112,25315,0.08188129407567983,0.11787477779972348
ocrVQA/images/1574329820.jpg,PruneSID,336,336,4,71,5250.0,33981.0,13916,25315,0.15449810188046262,0.20738692474817302
ocrVQA/images/1579129986.jpg,DRIP,336,336,4,73,6856.0,32938.0,14308,25486,0.20814864290485155,0.26901043710272304
ocrVQA/images/1579129986.jpg,Fixed,336,336,4,72,3820.0,35778.0,14112,25486,0.10676952317066353,0.14988621203798164
ocrVQA/images/1579129986.jpg,PruneSID,336,336,4,71,4586.0,34816.0,13916,25486,0.13172104779411764,0.17994192890214236
ocrVQA/images/1594908842.jpg,DRIP,336,336,6,72,8004.0,30728.0,14112,24620,0.26047904191616766,0.32510154346060116
ocrVQA/images/1594908842.jpg,Fixed,336,336,6,72,3422.0,35310.0,14112,24620,0.09691305579156047,0.1389926888708367
ocrVQA/images/1594908842.jpg,PruneSID,336,336,6,71,4052.0,34484.0,13916,24620,0.11750376986428489,0.1645816409423233
ocrVQA/images/1606906631.jpg,DRIP,336,336,3,73,1709.0,19447.0,14308,6848,0.087879878644521,0.24956191588785046
ocrVQA/images/1606906631.jpg,Fixed,336,336,3,72,896.0,20064.0,14112,6848,0.044657097288676235,0.1308411214953271
ocrVQA/images/1606906631.jpg,PruneSID,336,336,3,71,2595.0,18169.0,13916,6848,0.14282569211293963,0.3789427570093458
ocrVQA/images/1616557621.jpg,DRIP,336,336,2,73,9016.0,26172.0,14308,20880,0.3444902949717255,0.43180076628352493
ocrVQA/images/1616557621.jpg,Fixed,336,336,2,72,2856.0,32136.0,14112,20880,0.0888722927557879,0.1367816091954023
ocrVQA/images/1616557621.jpg,PruneSID,336,336,2,71,2632.0,32164.0,13916,20880,0.08183061808232807,0.12605363984674328
ocrVQA/images/1624380972.jpg,DRIP,336,336,18,72,7610.0,58575.0,14112,52073,0.1299189073836961,0.14614099437328365
ocrVQA/images/1624380972.jpg,Fixed,336,336,18,72,6751.0,59434.0,14112,52073,0.11358818184877342,0.129644921552436
ocrVQA/images/1624380972.jpg,PruneSID,336,336,18,71,8929.0,57060.0,13916,52073,0.156484402383456,0.17147081981065043
ocrVQA/images/1624382436.jpg,DRIP,336,336,5,73,6838.0,32742.0,14308,25272,0.2088449086799829,0.2705761316872428
ocrVQA/images/1624382436.jpg,Fixed,336,336,5,72,3052.0,36332.0,14112,25272,0.08400308268193328,0.12076606521050966
ocrVQA/images/1624382436.jpg,PruneSID,336,336,5,71,4312.0,34876.0,13916,25272,0.12363803188439042,0.1706236150680595
ocrVQA/images/1631140450.jpg,DRIP,336,336,4,73,7566.0,27097.0,14308,20355,0.2792191017455807,0.37170228445099485
ocrVQA/images/1631140450.jpg,Fixed,336,336,4,72,2595.0,31872.0,14112,20355,0.08141942771084337,0.12748710390567428
ocrVQA/images/1631140450.jpg,PruneSID,336,336,4,71,3402.0,30869.0,13916,20355,0.11020765168939713,0.1671333824613117
ocrVQA/images/1783295996.jpg,DRIP,336,336,5,73,8181.0,30856.0,14308,24729,0.265134819808141,0.3308261555259008
ocrVQA/images/1783295996.jpg,Fixed,336,336,5,72,2956.0,35885.0,14112,24729,0.08237425107983837,0.11953576772210765
ocrVQA/images/1783295996.jpg,PruneSID,336,336,5,71,3332.0,35313.0,13916,24729,0.09435618610709937,0.1347405879736342
ocrVQA/images/1880366274.jpg,DRIP,336,336,12,72,4840.0,31790.0,14112,22518,0.1522491349480969,0.21493915978328448
ocrVQA/images/1880366274.jpg,Fixed,336,336,12,72,2183.0,34447.0,14112,22518,0.06337271750805586,0.096944666489031
ocrVQA/images/1880366274.jpg,PruneSID,336,336,12,71,4051.0,32383.0,13916,22518,0.12509650125065622,0.17990052402522427
ocrVQA/images/1890989347.jpg,DRIP,336,336,27,73,8381.0,48502.0,14308,42575,0.1727969980619356,0.19685261303581914
ocrVQA/images/1890989347.jpg,Fixed,336,336,27,72,5718.0,50969.0,14112,42575,0.11218583845082306,0.13430416911332943
ocrVQA/images/1890989347.jpg,PruneSID,336,336,27,71,8526.0,47965.0,13916,42575,0.17775461273845514,0.20025836758661186
ocrVQA/images/345532058.jpg,DRIP,336,336,1,73,11368.0,57036.0,14308,54096,0.19931271477663232,0.21014492753623187
ocrVQA/images/345532058.jpg,Fixed,336,336,1,72,6762.0,61446.0,14112,54096,0.11004784688995216,0.125
ocrVQA/images/345532058.jpg,PruneSID,336,336,1,71,3234.0,64778.0,13916,54096,0.049924357034795766,0.059782608695652176
ocrVQA/images/3822842990.jpg,DRIP,336,336,1,72,3718.0,18185.0,14112,7791,0.2044542205114105,0.4772173020151457
ocrVQA/images/3822842990.jpg,Fixed,336,336,1,72,1352.0,20551.0,14112,7791,0.06578755291713298,0.17353356436914388
ocrVQA/images/3822842990.jpg,PruneSID,336,336,1,71,1019.0,20688.0,13916,7791,0.04925560711523588,0.13079193941727635
ocrVQA/images/684049678.jpg,DRIP,336,336,13,73,8056.0,32780.0,14308,26528,0.24575960951799877,0.30367913148371534
ocrVQA/images/684049678.jpg,Fixed,336,336,13,72,2093.0,38547.0,14112,26528,0.054297351285443746,0.07889776839565742
ocrVQA/images/684049678.jpg,PruneSID,336,336,13,71,5531.0,34913.0,13916,26528,0.1584223641623464,0.20849668275030156
ocrVQA/images/692543260.jpg,DRIP,336,336,2,73,5951.0,19564.0,14308,11207,0.3041811490492742,0.5310074060854822
ocrVQA/images/692543260.jpg,Fixed,336,336,2,72,1566.0,23753.0,14112,11207,0.06592851429293142,0.1397340947622022
ocrVQA/images/692543260.jpg,PruneSID,336,336,2,71,3307.0,21816.0,13916,11207,0.1515859919325266,0.2950834299991077
ocrVQA/images/727884816.jpg,DRIP,336,336,11,73,12351.0,46229.0,14308,44272,0.2671699582513141,0.2789799421756415
ocrVQA/images/727884816.jpg,Fixed,336,336,11,72,5418.0,52966.0,14112,44272,0.10229203640070988,0.12237983375496927
ocrVQA/images/727884816.jpg,PruneSID,336,336,11,71,5876.0,52312.0,13916,44272,0.11232604373757456,0.13272497289483196
ocrVQA/images/754828042.jpg,DRIP,336,336,4,72,3180.0,16547.0,14112,5615,0.19217985133256785,0.566340160284951
ocrVQA/images/754828042.jpg,Fixed,336,336,4,72,736.0,18991.0,14112,5615,0.03875519983149913,0.1310774710596616
ocrVQA/images/754828042.jpg,PruneSID,336,336,4,71,1988.0,17543.0,13916,5615,0.11332155275608505,0.35405164737310774
ocrVQA/images/761183310.jpg,DRIP,336,336,10,73,8314.0,37705.0,14308,31711,0.22050125977987003,0.26218031597868247
ocrVQA/images/761183310.jpg,Fixed,336,336,10,72,3805.0,42018.0,14112,31711,0.0905564281974392,0.11998990886443191
ocrVQA/images/761183310.jpg,PruneSID,336,336,10,71,4529.0,41098.0,13916,31711,0.11020000973283371,0.1428211030872568
ocrVQA/images/761185240.jpg,DRIP,336,336,11,73,5079.0,26723.0,14308,17494,0.19006099614564234,0.29032811249571283
ocrVQA/images/761185240.jpg,Fixed,336,336,11,72,1996.0,29610.0,14112,17494,0.0674096588990206,0.11409626157539728
ocrVQA/images/761185240.jpg,PruneSID,336,336,11,71,3201.0,28209.0,13916,17494,0.11347442305647133,0.18297702069280897
ocrVQA/images/786447621.jpg,DRIP,336,336,5,73,6867.0,30200.0,14308,22759,0.2273841059602649,0.3017267894019948
ocrVQA/images/786447621.jpg,Fixed,336,336,5,72,2828.0,34043.0,14112,22759,0.08307140968774784,0.12425853508502131
ocrVQA/images/786447621.jpg,PruneSID,336,336,5,71,2983.0,33692.0,13916,22759,0.08853733824053188,0.13106902763741815
ocrVQA/images/B00UK7LRCI.jpg,DRIP,336,336,1,72,2996.0,19516.0,14112,8400,0.15351506456241032,0.3566666666666667
ocrVQA/images/B00UK7LRCI.jpg,Fixed,336,336,1,72,980.0,21532.0,14112,8400,0.045513654096228866,0.11666666666666667
ocrVQA/images/B00UK7LRCI.jpg,PruneSID,336,336,1,71,2324.0,19992.0,13916,8400,0.11624649859943978,0.27666666666666667
ocrVQA/images/B011SJNYEA.jpg,DRIP,336,336,10,72,6313.0,26391.0,14112,18592,0.23921033685726195,0.33955464716006883
ocrVQA/images/B011SJNYEA.jpg,Fixed,336,336,10,72,1988.0,30716.0,14112,18592,0.06472196900638104,0.10692771084337349
ocrVQA/images/B011SJNYEA.jpg,PruneSID,336,336,10,71,5151.0,27357.0,13916,18592,0.1882881894944621,0.27705464716006883
svt/image/img_0022.jpg,DRIP,336,336,1,72,8568.0,85848.0,14112,80304,0.09980430528375733,0.10669456066945607
svt/image/img_0022.jpg,Fixed,336,336,1,72,10038.0,84378.0,14112,80304,0.11896465903434544,0.125
svt/image/img_0022.jpg,PruneSID,336,336,1,71,11732.0,82488.0,13916,80304,0.14222674813306177,0.14609483960948397
svt/image/img_0024.jpg,DRIP,336,336,1,72,7490.0,95347.0,14112,88725,0.07855517216063432,0.0844181459566075
svt/image/img_0024.jpg,Fixed,336,336,1,72,11389.0,91448.0,14112,88725,0.12454072259644826,0.1283629191321499
svt/image/img_0024.jpg,PruneSID,336,336,1,71,9702.0,92939.0,13916,88725,0.1043910521955261,0.1093491124260355
svt/image/img_0087.jpg,DRIP,336,336,1,73,7840.0,91161.0,14308,84693,0.08600168931889733,0.09256963385403752
svt/image/img_0087.jpg,Fixed,336,336,1,72,10878.0,87927.0,14112,84693,0.12371626462861238,0.12844036697247707
svt/image/img_0087.jpg,PruneSID,336,336,1,71,8659.0,89950.0,13916,84693,0.09626459143968871,0.10223985453343251
svt/image/img_0113.jpg,DRIP,336,336,1,72,10247.0,98110.0,14112,94245,0.10444399143818163,0.1087272534351955
svt/image/img_0113.jpg,Fixed,336,336,1,72,12251.0,96106.0,14112,94245,0.1274738309782948,0.12999098095389675
svt/image/img_0113.jpg,PruneSID,336,336,1,71,11012.0,97149.0,13916,94245,0.11335165570412459,0.1168443949281129
svt/image/img_0156.jpg,DRIP,336,336,1,72,8484.0,97020.0,14112,91392,0.08744588744588745,0.09283088235294118
svt/image/img_0156.jpg,Fixed,336,336,1,72,11424.0,94080.0,14112,91392,0.12142857142857143,0.125
svt/image/img_0156.jpg,PruneSID,336,336,1,71,11928.0,93380.0,13916,91392,0.127736131934033,0.13051470588235295
svt/image/img_0165.jpg,DRIP,336,336,1,72,1132.0,58205.0,14112,45225,0.019448500987887637,0.025030403537866223
svt/image/img_0165.jpg,Fixed,336,336,1,72,6228.0,53109.0,14112,45225,0.11726825961701406,0.13771144278606964
svt/image/img_0165.jpg,PruneSID,336,336,1,71,3764.0,55377.0,13916,45225,0.06797045704895534,0.08322830292979547
svt/image/img_0183.jpg,DRIP,336,336,1,72,4312.0,87752.0,14112,77952,0.04913848117421825,0.05531609195402299
svt/image/img_0183.jpg,Fixed,336,336,1,72,9744.0,82320.0,14112,77952,0.11836734693877551,0.125
svt/image/img_0183.jpg,PruneSID,336,336,1,71,9436.0,82432.0,13916,77952,0.11447010869565218,0.12104885057471264
svt/image/img_0203.jpg,DRIP,336,336,1,73,9156.0,96208.0,14308,91056,0.09516880093131548,0.10055350553505535
svt/image/img_0203.jpg,Fixed,336,336,1,72,11382.0,93786.0,14112,91056,0.12136139722346619,0.125
svt/image/img_0203.jpg,PruneSID,336,336,1,71,11690.0,93282.0,13916,91056,0.12531892540897493,0.12838253382533826
svt/image/img_0275.jpg,DRIP,336,336,1,73,13132.0,110040.0,14308,108864,0.1193384223918575,0.1206275720164609
svt/image/img_0275.jpg,Fixed,336,336,1,72,13608.0,109368.0,14112,108864,0.12442396313364056,0.125
svt/image/img_0275.jpg,PruneSID,336,336,1,71,13580.0,109200.0,13916,108864,0.12435897435897436,0.12474279835390946
svt/image/img_0293.jpg,DRIP,336,336,1,72,7784.0,87800.0,14112,81472,0.08865603644646924,0.09554202670856245
svt/image/img_0293.jpg,Fixed,336,336,1,72,10332.0,85252.0,14112,81472,0.1211936376859194,0.12681657501963864
svt/image/img_0293.jpg,PruneSID,336,336,1,71,8212.0,87176.0,13916,81472,0.0942002385977792,0.10079536527886881
svt/image/img_0324.jpg,DRIP,336,336,1,73,8246.0,91070.0,14308,85008,0.09054573405073021,0.09700263504611331
svt/image/img_0324.jpg,Fixed,336,336,1,72,10626.0,88494.0,14112,85008,0.12007593735168486,0.125
svt/image/img_0324.jpg,PruneSID,336,336,1,71,11774.0,87150.0,13916,85008,0.1351004016064257,0.13850461133069827
svt/image/img_0330.jpg,DRIP,336,336,1,73,11536.0,106932.0,14308,104160,0.1078816444095313,0.110752688172043
svt/image/img_0330.jpg,Fixed,336,336,1,72,13020.0,105252.0,14112,104160,0.12370311252992817,0.125
svt/image/img_0330.jpg,PruneSID,336,336,1,71,13188.0,104888.0,13916,104160,0.12573411639081686,0.12661290322580646
svt/image/img_0420.jpg,DRIP,336,336,2,72,7826.0,95012.0,14112,88726,0.0823685429208942,0.0882041340756937
svt/image/img_0420.jpg,Fixed,336,336,2,72,11183.0,91655.0,14112,88726,0.12201189242267198,0.12603971778283704
svt/image/img_0420.jpg,PruneSID,336,336,2,71,9772.0,92870.0,13916,88726,0.10522235382793152,0.110136825733156
svt/image/img_0429.jpg,DRIP,336,336,1,73,11340.0,105448.0,14308,102480,0.10754115772703134,0.11065573770491803
svt/image/img_0429.jpg,Fixed,336,336,1,72,12810.0,103782.0,14112,102480,0.12343180898421692,0.125
svt/image/img_0429.jpg,PruneSID,336,336,1,71,12838.0,103558.0,13916,102480,0.12396917669325402,0.12527322404371585
svt/image/img_0496.jpg,DRIP,336,336,1,73,6272.0,88641.0,14308,80605,0.07075732448866777,0.07781155015197569
svt/image/img_0496.jpg,Fixed,336,336,1,72,10290.0,84427.0,14112,80605,0.12188044109112015,0.1276595744680851
svt/image/img_0496.jpg,PruneSID,336,336,1,71,9898.0,84623.0,13916,80605,0.11696583671105965,0.12279635258358662
svt/image/img_0512.jpg,DRIP,336,336,1,73,13818.0,111706.0,14308,111216,0.12369971174332624,0.12424471299093656
svt/image/img_0512.jpg,Fixed,336,336,1,72,13902.0,111426.0,14112,111216,0.12476441764040709,0.125
svt/image/img_0512.jpg,PruneSID,336,336,1,71,13566.0,111566.0,13916,111216,0.12159618521771866,0.12197885196374622
svt/image/img_0564.jpg,DRIP,336,336,1,73,9394.0,94626.0,14308,89712,0.09927504068649208,0.10471285892634208
svt/image/img_0564.jpg,Fixed,336,336,1,72,11214.0,92610.0,14112,89712,0.12108843537414966,0.125
svt/image/img_0564.jpg,PruneSID,336,336,1,71,9940.0,93688.0,13916,89712,0.10609683203825464,0.11079900124843944
svtp/image/101.jpg,DRIP,336,336,1,73,9324.0,101416.0,14308,96432,0.09193815571507455,0.09668989547038327
svtp/image/101.jpg,Fixed,336,336,1,72,12054.0,98490.0,14112,96432,0.12238805970149254,0.125
svtp/image/101.jpg,PruneSID,336,336,1,71,11676.0,98672.0,13916,96432,0.11833144154370034,0.1210801393728223
svtp/image/129.jpg,DRIP,336,336,2,72,1932.0,39925.0,14112,27745,0.04839073262366938,0.06963416831861596
svtp/image/129.jpg,Fixed,336,336,2,72,4340.0,37517.0,14112,27745,0.11568089132926407,0.1564245810055866
svtp/image/129.jpg,PruneSID,336,336,2,71,3738.0,37923.0,13916,27745,0.0985681512538565,0.13472697783384394
svtp/image/144.jpg,DRIP,336,336,1,73,10486.0,105630.0,14308,101808,0.09927104042412194,0.102997799779978
svtp/image/144.jpg,Fixed,336,336,1,72,12726.0,103194.0,14112,101808,0.12332112332112333,0.125
svtp/image/144.jpg,PruneSID,336,336,1,71,11158.0,104566.0,13916,101808,0.10670772526442629,0.1095984598459846
svtp/image/154.jpg,DRIP,336,336,1,73,12810.0,107710.0,14308,106212,0.1189304614241946,0.12060784092192972
svtp/image/154.jpg,Fixed,336,336,1,72,13326.0,106998.0,14112,106212,0.12454438400717771,0.12546604903400746
svtp/image/154.jpg,PruneSID,336,336,1,71,12866.0,107262.0,13916,106212,0.11994928306389961,0.12113508831393816
svtp/image/156.jpg,DRIP,336,336,1,73,11093.0,97157.0,14308,93942,0.11417602437292218,0.11808349832875605
svtp/image/156.jpg,Fixed,336,336,1,72,11975.0,96079.0,14112,93942,0.12463701745438649,0.12747227012411913
svtp/image/156.jpg,PruneSID,336,336,1,71,9028.0,98830.0,13916,93942,0.09134878073459476,0.09610185007770752
svtp/image/178.jpg,DRIP,336,336,1,73,11340.0,101080.0,14308,98112,0.11218836565096953,0.11558219178082192
svtp/image/178.jpg,Fixed,336,336,1,72,12264.0,99960.0,14112,98112,0.1226890756302521,0.125
svtp/image/178.jpg,PruneSID,336,336,1,71,11620.0,100408.0,13916,98112,0.11572783045175683,0.11843607305936073
svtp/image/408.jpg,DRIP,336,336,0,72,,,14112,0,,
svtp/image/408.jpg,Fixed,336,336,0,72,,,14112,0,,
svtp/image/408.jpg,PruneSID,336,336,0,71,,,13916,0,,
svtp/image/582.jpg,DRIP,336,336,1,72,7612.0,86132.0,14112,79632,0.08837598105233826,0.09558971267832027
svtp/image/582.jpg,Fixed,336,336,1,72,10272.0,83472.0,14112,79632,0.12305922944220817,0.1289933694996986
svtp/image/582.jpg,PruneSID,336,336,1,71,8288.0,85260.0,13916,79632,0.09720853858784893,0.10407876230661041
svtp/image/601.jpg,DRIP,336,336,1,73,12290.0,98008.0,14308,95990,0.12539792669986125,0.12803417022606522
svtp/image/601.jpg,Fixed,336,336,1,72,12096.0,98006.0,14112,95990,0.12342101503989551,0.12601312636732992
svtp/image/601.jpg,PruneSID,336,336,1,71,11548.0,98358.0,13916,95990,0.11740783667825698,0.12030419835399521
textVQA/train_images/00c90458856a8866.jpg,DRIP,336,336,1,73,2402.0,18269.0,14308,6363,0.13147955553122775,0.3774948923463775
textVQA/train_images/00c90458856a8866.jpg,Fixed,336,336,1,72,588.0,19887.0,14112,6363,0.029567053854276663,0.0924092409240924
textVQA/train_images/00c90458856a8866.jpg,PruneSID,336,336,1,71,1688.0,18591.0,13916,6363,0.0907966220214082,0.26528367122426527
textVQA/train_images/00ecc16a9eb4a5ed.jpg,DRIP,336,336,3,73,1219.0,14772.0,14308,1683,0.08252098564852424,0.7243018419489008
textVQA/train_images/00ecc16a9eb4a5ed.jpg,Fixed,336,336,3,72,194.0,15601.0,14112,1683,0.012435100314082431,0.11527035056446822
textVQA/train_images/00ecc16a9eb4a5ed.jpg,PruneSID,336,336,3,71,1302.0,14297.0,13916,1683,0.0910680562355739,0.7736185383244206
textVQA/train_images/0156f0e26eb20c04.jpg,DRIP,336,336,9,73,726.0,23107.0,14308,9525,0.031419050504176226,0.07622047244094488
textVQA/train_images/0156f0e26eb20c04.jpg,Fixed,336,336,9,72,476.0,23161.0,14112,9525,0.020551789646388326,0.049973753280839896
textVQA/train_images/0156f0e26eb20c04.jpg,PruneSID,336,336,9,71,2218.0,21223.0,13916,9525,0.10450925882297507,0.23286089238845145
textVQA/train_images/016b57639f13e1dc.jpg,DRIP,336,336,3,72,2444.0,18419.0,14112,6751,0.132689071067919,0.3620204414160865
textVQA/train_images/016b57639f13e1dc.jpg,Fixed,336,336,3,72,602.0,20261.0,14112,6751,0.029712255071319284,0.08917197452229299
textVQA/train_images/016b57639f13e1dc.jpg,PruneSID,336,336,3,71,2313.0,18354.0,13916,6751,0.12602157567832625,0.3426159087542586
textVQA/train_images/0328a24cc3047ec8.jpg,DRIP,336,336,15,72,1376.0,22481.0,14112,9745,0.061207241670744185,0.14120061570035916
textVQA/train_images/0328a24cc3047ec8.jpg,Fixed,336,336,15,72,1354.0,22503.0,14112,9745,0.06016975514375861,0.13894304771677785
textVQA/train_images/0328a24cc3047ec8.jpg,PruneSID,336,336,15,71,3023.0,20638.0,13916,9745,0.14647737183835643,0.31021036428937915
textVQA/train_images/066f5833cd78c07a.jpg,DRIP,336,336,1,72,686.0,17122.0,14112,3696,0.04006541291905151,0.1856060606060606
textVQA/train_images/066f5833cd78c07a.jpg,Fixed,336,336,1,72,84.0,17724.0,14112,3696,0.004739336492890996,0.022727272727272728
textVQA/train_images/066f5833cd78c07a.jpg,PruneSID,336,336,1,71,1498.0,16114.0,13916,3696,0.09296264118158123,0.4053030303030303
textVQA/train_images/09e15efd7a028959.jpg,DRIP,336,336,2,73,3180.0,19460.0,14308,8332,0.16341212744090441,0.3816610657705233
textVQA/train_images/09e15efd7a028959.jpg,Fixed,336,336,2,72,622.0,21822.0,14112,8332,0.02850334524791495,0.07465194431108978
textVQA/train_images/09e15efd7a028959.jpg,PruneSID,336,336,2,71,817.0,21431.0,13916,8332,0.0381223461341048,0.09805568891022563
textVQA/train_images/0b17193c820ded62.jpg,DRIP,336,336,2,73,2152.0,16016.0,14308,3860,0.13436563436563437,0.5575129533678757
textVQA/train_images/0b17193c820ded62.jpg,Fixed,336,336,2,72,616.0,17356.0,14112,3860,0.035492048859184146,0.15958549222797927
textVQA/train_images/0b17193c820ded62.jpg,PruneSID,336,336,2,71,2174.0,15602.0,13916,3860,0.13934111011408792,0.5632124352331607
textVQA/train_images/11c07147c48757b5.jpg,DRIP,336,336,4,72,3514.0,21758.0,14112,11160,0.16150381468885008,0.3148745519713262
textVQA/train_images/11c07147c48757b5.jpg,Fixed,336,336,4,72,1484.0,23788.0,14112,11160,0.062384395493526146,0.13297491039426523
textVQA/train_images/11c07147c48757b5.jpg,PruneSID,336,336,4,71,3192.0,21884.0,13916,11160,0.14585998903308353,0.2860215053763441
textVQA/train_images/135fb97b6e8984b6.jpg,DRIP,336,336,2,72,782.0,28227.0,14112,14897,0.027703971374924717,0.05249379069611331
textVQA/train_images/135fb97b6e8984b6.jpg,Fixed,336,336,2,72,1850.0,27159.0,14112,14897,0.06811738281969144,0.1241860777337719
textVQA/train_images/135fb97b6e8984b6.jpg,PruneSID,336,336,2,71,2672.0,26141.0,13916,14897,0.10221491144179641,0.17936497281331812
textVQA/train_images/1763135fd85e993d.jpg,DRIP,336,336,1,72,57.0,14424.0,14112,369,0.003951747088186356,0.15447154471544716
textVQA/train_images/1763135fd85e993d.jpg,Fixed,336,336,1,72,108.0,14373.0,14112,369,0.007514088916718848,0.2926829268292683
textVQA/train_images/1763135fd85e993d.jpg,PruneSID,336,336,1,71,230.0,14055.0,13916,369,0.016364283173247954,0.6233062330623306
textVQA/train_images/18425568d6047c4a.jpg,DRIP,336,336,8,73,8775.0,51084.0,14308,45551,0.17177589852008457,0.1926412153410463
textVQA/train_images/18425568d6047c4a.jpg,Fixed,336,336,8,72,5414.0,54249.0,14112,45551,0.0997990746373205,0.11885578801782617
textVQA/train_images/18425568d6047c4a.jpg,PruneSID,336,336,8,71,6112.0,53355.0,13916,45551,0.11455346265579608,0.13417927158569515
textVQA/train_images/1aee501a75668a28.jpg,DRIP,336,336,13,73,5178.0,26480.0,14308,17350,0.19554380664652568,0.29844380403458215
textVQA/train_images/1aee501a75668a28.jpg,Fixed,336,336,13,72,1732.0,29730.0,14112,17350,0.058257652203161786,0.0998270893371758
textVQA/train_images/1aee501a75668a28.jpg,PruneSID,336,336,13,71,3275.0,27991.0,13916,17350,0.11700189346575685,0.18876080691642652
textVQA/train_images/1d9197504e228f43.jpg,DRIP,336,336,13,73,8562.0,63255.0,14308,57509,0.1353568887834954,0.14888104470604602
textVQA/train_images/1d9197504e228f43.jpg,Fixed,336,336,13,72,8314.0,63307.0,14112,57509,0.13132828913074385,0.14456867620720235
textVQA/train_images/1d9197504e228f43.jpg,PruneSID,336,336,13,71,10934.0,60491.0,13916,57509,0.180754161776132,0.19012676276756682
textVQA/train_images/26726e25ef9b30e7.jpg,DRIP,336,336,1,73,4250.0,24308.0,14308,14250,0.17483955899292414,0.2982456140350877
textVQA/train_images/26726e25ef9b30e7.jpg,Fixed,336,336,1,72,2072.0,26290.0,14112,14250,0.07881323697223279,0.1454035087719298
textVQA/train_images/26726e25ef9b30e7.jpg,PruneSID,336,336,1,71,2926.0,25240.0,13916,14250,0.1159270998415214,0.20533333333333334
textVQA/train_images/28965287b0087f08.jpg,DRIP,336,336,4,73,5056.0,27275.0,14308,18023,0.18537121906507792,0.28053043333518285
textVQA/train_images/28965287b0087f08.jpg,Fixed,336,336,4,72,2368.0,29767.0,14112,18023,0.07955118083784056,0.1313876713088831
textVQA/train_images/28965287b0087f08.jpg,PruneSID,336,336,4,71,3149.0,28790.0,13916,18023,0.1093782563390066,0.17472118959107807
textVQA/train_images/29d786c10f5ce62a.jpg,DRIP,336,336,5,73,10818.0,45030.0,14308,41540,0.2402398401065956,0.26042368801155513
textVQA/train_images/29d786c10f5ce62a.jpg,Fixed,336,336,5,72,5232.0,50420.0,14112,41540,0.10376834589448632,0.12595089070775156
textVQA/train_images/29d786c10f5ce62a.jpg,PruneSID,336,336,5,71,4682.0,50774.0,13916,41540,0.09221254973017687,0.11271064034665383
textVQA/train_images/2fdbba3552d1be9b.jpg,DRIP,336,336,1,72,840.0,15480.0,14112,2208,0.05426356589147287,0.3804347826086957
textVQA/train_images/2fdbba3552d1be9b.jpg,Fixed,336,336,1,72,322.0,15998.0,14112,2208,0.020127515939492437,0.14583333333333334
textVQA/train_images/2fdbba3552d1be9b.jpg,PruneSID,336,336,1,71,574.0,15550.0,13916,2208,0.036913183279742766,0.259963768115942
textVQA/train_images/32ec42158c53eb66.jpg,DRIP,336,336,1,73,84.0,15849.0,14308,1625,0.005300018928639031,0.05169230769230769
textVQA/train_images/32ec42158c53eb66.jpg,Fixed,336,336,1,72,54.0,15683.0,14112,1625,0.003443218771918638,0.03323076923076923
textVQA/train_images/32ec42158c53eb66.jpg,PruneSID,336,336,1,71,798.0,14743.0,13916,1625,0.054127382486603814,0.4910769230769231
textVQA/train_images/34e5c09e01d30529.jpg,DRIP,336,336,2,73,224.0,15980.0,14308,1896,0.014017521902377972,0.11814345991561181
textVQA/train_images/34e5c09e01d30529.jpg,Fixed,336,336,2,72,478.0,15530.0,14112,1896,0.030779137153895686,0.2521097046413502
textVQA/train_images/34e5c09e01d30529.jpg,PruneSID,336,336,2,71,782.0,15030.0,13916,1896,0.0520292747837658,0.41244725738396626
textVQA/train_images/3aedcf6c7be3e78d.jpg,DRIP,336,336,10,73,8969.0,28704.0,14308,23365,0.31246516164994426,0.3838647549753905
textVQA/train_images/3aedcf6c7be3e78d.jpg,Fixed,336,336,10,72,2548.0,34929.0,14112,23365,0.07294798018838215,0.10905200085598117
textVQA/train_images/3aedcf6c7be3e78d.jpg,PruneSID,336,336,10,71,6050.0,31231.0,13916,23365,0.19371778041048957,0.2589343034453242
textVQA/train_images/3c6a7bac733e2077.jpg,DRIP,336,336,11,72,5046.0,31547.0,14112,22481,0.1599518179224649,0.2244562074640808
textVQA/train_images/3c6a7bac733e2077.jpg,Fixed,336,336,11,72,1628.0,34965.0,14112,22481,0.04656084656084656,0.07241670744183977
textVQA/train_images/3c6a7bac733e2077.jpg,PruneSID,336,336,11,71,5266.0,31131.0,13916,22481,0.1691561466062767,0.23424224901027535
textVQA/train_images/42438ea807df291b.jpg,DRIP,336,336,7,73,1416.0,17195.0,14308,4303,0.08234952020936319,0.32907273994887287
textVQA/train_images/42438ea807df291b.jpg,Fixed,336,336,7,72,954.0,17461.0,14112,4303,0.054636046045472765,0.22170578666046944
textVQA/train_images/42438ea807df291b.jpg,PruneSID,336,336,7,71,1155.0,17064.0,13916,4303,0.06768635724331927,0.2684173832210086
textVQA/train_images/5c379ce47127773b.jpg,DRIP,336,336,10,73,3653.0,19825.0,14308,9170,0.1842622950819672,0.39836423118865866
textVQA/train_images/5c379ce47127773b.jpg,Fixed,336,336,10,72,983.0,22299.0,14112,9170,0.04408269429122382,0.10719738276990186
textVQA/train_images/5c379ce47127773b.jpg,PruneSID,336,336,10,71,2370.0,20716.0,13916,9170,0.11440432515929716,0.2584514721919302
textVQA/train_images/62c415e7266fd14b.jpg,DRIP,336,336,12,72,3170.0,26131.0,14112,15189,0.12131185182350465,0.2087036671275265
textVQA/train_images/62c415e7266fd14b.jpg,Fixed,336,336,12,72,1290.0,28011.0,14112,15189,0.046053336189354185,0.08492988346829942
textVQA/train_images/62c415e7266fd14b.jpg,PruneSID,336,336,12,71,3990.0,25115.0,13916,15189,0.1588692016723074,0.26269010468101917
textVQA/train_images/773b997bdd2a6e16.jpg,DRIP,336,336,5,73,2420.0,19118.0,14308,7230,0.12658227848101267,0.334716459197787
textVQA/train_images/773b997bdd2a6e16.jpg,Fixed,336,336,5,72,727.0,20615.0,14112,7230,0.03526558331312151,0.10055325034578147
textVQA/train_images/773b997bdd2a6e16.jpg,PruneSID,336,336,5,71,2521.0,18625.0,13916,7230,0.13535570469798658,0.348686030428769
textVQA/train_images/79cd31c0380f8464.jpg,DRIP,336,336,1,72,36.0,14893.0,14112,817,0.002417243000067146,0.044063647490820076
textVQA/train_images/79cd31c0380f8464.jpg,Fixed,336,336,1,72,266.0,14663.0,14112,817,0.018140898861078905,0.32558139534883723
textVQA/train_images/79cd31c0380f8464.jpg,PruneSID,336,336,1,71,182.0,14551.0,13916,817,0.012507731427393306,0.22276621787025705
textVQA/train_images/7de5f19060c96f5c.jpg,DRIP,336,336,1,72,1278.0,14576.0,14112,1742,0.08767837541163556,0.7336394948335246
textVQA/train_images/7de5f19060c96f5c.jpg,Fixed,336,336,1,72,0.0,15854.0,14112,1742,0.0,0.0
textVQA/train_images/7de5f19060c96f5c.jpg,PruneSID,336,336,1,71,724.0,14934.0,13916,1742,0.04847997857238516,0.41561423650975887
textVQA/train_images/9433af852c82ca07.jpg,DRIP,336,336,10,73,8603.0,63683.0,14308,57978,0.135090997597475,0.14838386974369588
textVQA/train_images/9433af852c82ca07.jpg,Fixed,336,336,10,72,6911.0,65179.0,14112,57978,0.10603108363123091,0.1192003863534444
textVQA/train_images/9433af852c82ca07.jpg,PruneSID,336,336,10,71,8099.0,63795.0,13916,57978,0.12695352300337018,0.13969091724447205
textVQA/train_images/9655a546f63dd653.jpg,DRIP,336,336,9,73,9840.0,33939.0,14308,29471,0.2899319367099797,0.3338875504733467
textVQA/train_images/9655a546f63dd653.jpg,Fixed,336,336,9,72,3029.0,40554.0,14112,29471,0.07469053607535632,0.1027790030877812
textVQA/train_images/9655a546f63dd653.jpg,PruneSID,336,336,9,71,4088.0,39299.0,13916,29471,0.10402300312985063,0.13871263275762613
textVQA/train_images/9fc2185d2de5b452.jpg,DRIP,336,336,6,72,1657.0,17739.0,14112,5284,0.09341000056372964,0.3135881907645723
textVQA/train_images/9fc2185d2de5b452.jpg,Fixed,336,336,6,72,596.0,18800.0,14112,5284,0.03170212765957447,0.11279333838001514
textVQA/train_images/9fc2185d2de5b452.jpg,PruneSID,336,336,6,71,1519.0,17681.0,13916,5284,0.08591143034896216,0.28747161241483726
textVQA/train_images/a30a00e52088ae0b.jpg,DRIP,336,336,5,72,2448.0,18433.0,14112,6769,0.13280529485162482,0.36164869256906484
textVQA/train_images/a30a00e52088ae0b.jpg,Fixed,336,336,5,72,672.0,20209.0,14112,6769,0.03325251125736058,0.09927611168562564
textVQA/train_images/a30a00e52088ae0b.jpg,PruneSID,336,336,5,71,1414.0,19271.0,13916,6769,0.07337450054486015,0.20889348500517063
textVQA/train_images/a56b17c45ac1ac06.jpg,DRIP,336,336,5,72,6463.0,35306.0,14112,27657,0.18305670424290488,0.23368405828542502
textVQA/train_images/a56b17c45ac1ac06.jpg,Fixed,336,336,5,72,3722.0,38047.0,14112,27657,0.09782637264436092,0.1345771414108544
textVQA/train_images/a56b17c45ac1ac06.jpg,PruneSID,336,336,5,71,5110.0,36463.0,13916,27657,0.14014206181608754,0.184763351050367
textVQA/train_images/a5f3a2c634ca375a.jpg,DRIP,336,336,9,72,8525.0,47187.0,14112,41600,0.18066416597791765,0.2049278846153846
textVQA/train_images/a5f3a2c634ca375a.jpg,Fixed,336,336,9,72,5272.0,50440.0,14112,41600,0.10452022204599525,0.12673076923076923
textVQA/train_images/a5f3a2c634ca375a.jpg,PruneSID,336,336,9,71,5092.0,50424.0,13916,41600,0.10098365857528162,0.12240384615384615
textVQA/train_images/afc9c49c9871e24e.jpg,DRIP,336,336,2,73,2626.0,20518.0,14308,8836,0.12798518374110537,0.2971933001358081
textVQA/train_images/afc9c49c9871e24e.jpg,Fixed,336,336,2,72,1544.0,21404.0,14112,8836,0.0721360493365726,0.17473970122227253
textVQA/train_images/afc9c49c9871e24e.jpg,PruneSID,336,336,2,71,1696.0,21056.0,13916,8836,0.08054711246200608,0.19194205522861024
textVQA/train_images/b5c2c50202792f10.jpg,DRIP,336,336,6,73,6202.0,64239.0,14308,56133,0.09654571210635284,0.11048759196907346
textVQA/train_images/b5c2c50202792f10.jpg,Fixed,336,336,6,72,7406.0,62839.0,14112,56133,0.11785674501503843,0.13193665045516897
textVQA/train_images/b5c2c50202792f10.jpg,PruneSID,336,336,6,71,7354.0,62695.0,13916,56133,0.11729803014594466,0.1310102791584273
textVQA/train_images/b608394619d226e9.jpg,DRIP,336,336,4,73,3542.0,17492.0,14308,6726,0.20249256803109994,0.5266131430270592
textVQA/train_images/b608394619d226e9.jpg,Fixed,336,336,4,72,1288.0,19550.0,14112,6726,0.06588235294117648,0.19149568837347605
textVQA/train_images/b608394619d226e9.jpg,PruneSID,336,336,4,71,2134.0,18508.0,13916,6726,0.1153014912470283,0.31727624145108535
textVQA/train_images/c5d01db7976d7704.jpg,DRIP,336,336,1,73,258.0,14725.0,14308,675,0.017521222410865876,0.38222222222222224
textVQA/train_images/c5d01db7976d7704.jpg,Fixed,336,336,1,72,120.0,14667.0,14112,675,0.008181632235631009,0.17777777777777778
textVQA/train_images/c5d01db7976d7704.jpg,PruneSID,336,336,1,71,312.0,14279.0,13916,675,0.02185026962672456,0.4622222222222222
textVQA/train_images/c7372c2a157e69c5.jpg,DRIP,336,336,14,72,7587.0,33987.0,14112,27462,0.22323241239297378,0.27627266768625736
textVQA/train_images/c7372c2a157e69c5.jpg,Fixed,336,336,14,72,2567.0,39007.0,14112,27462,0.06580870100238419,0.09347461947418251
textVQA/train_images/c7372c2a157e69c5.jpg,PruneSID,336,336,14,71,6384.0,34994.0,13916,27462,0.18243127393267417,0.2324666812322482
textVQA/train_images/c9271675f8fd3b88.jpg,DRIP,336,336,6,72,2719.0,21231.0,14112,9838,0.128067448542226,0.2763773124618825
textVQA/train_images/c9271675f8fd3b88.jpg,Fixed,336,336,6,72,801.0,23149.0,14112,9838,0.034601926649099314,0.08141898759910551
textVQA/train_images/c9271675f8fd3b88.jpg,PruneSID,336,336,6,71,3075.0,20679.0,13916,9838,0.1487015813143769,0.31256352917259606
textVQA/train_images/cb26499cae74775c.jpg,DRIP,336,336,7,73,757.0,19437.0,14308,5886,0.03894633945567732,0.12861026163778458
textVQA/train_images/cb26499cae74775c.jpg,Fixed,336,336,7,72,826.0,19172.0,14112,5886,0.04308366367619445,0.14033299354400272
textVQA/train_images/cb26499cae74775c.jpg,PruneSID,336,336,7,71,1284.0,18518.0,13916,5886,0.06933794146236094,0.218144750254842
textVQA/train_images/d752ed9c0a5bf0fd.jpg,DRIP,336,336,2,73,236.0,15142.0,14308,1070,0.015585787874785366,0.2205607476635514
textVQA/train_images/d752ed9c0a5bf0fd.jpg,Fixed,336,336,2,72,114.0,15068.0,14112,1070,0.00756570215025219,0.10654205607476636
textVQA/train_images/d752ed9c0a5bf0fd.jpg,PruneSID,336,336,2,71,390.0,14596.0,13916,1070,0.0267196492189641,0.3644859813084112
textVQA/train_images/dced6d4991f4632e.jpg,DRIP,336,336,0,72,,,14112,0,,
textVQA/train_images/dced6d4991f4632e.jpg,Fixed,336,336,0,72,,,14112,0,,
textVQA/train_images/dced6d4991f4632e.jpg,PruneSID,336,336,0,71,,,13916,0,,
textVQA/train_images/dfe9bd50b0154a85.jpg,DRIP,336,336,2,72,4088.0,21314.0,14112,11290,0.19179881767852117,0.3620903454384411
textVQA/train_images/dfe9bd50b0154a85.jpg,Fixed,336,336,2,72,924.0,24478.0,14112,11290,0.037748182041016425,0.08184233835252436
textVQA/train_images/dfe9bd50b0154a85.jpg,PruneSID,336,336,2,71,3642.0,21564.0,13916,11290,0.16889259877573734,0.3225863596102746
textVQA/train_images/e6331925eab49904.jpg,DRIP,336,336,0,72,,,14112,0,,
textVQA/train_images/e6331925eab49904.jpg,Fixed,336,336,0,72,,,14112,0,,
textVQA/train_images/e6331925eab49904.jpg,PruneSID,336,336,0,71,,,13916,0,,
textVQA/train_images/ede449a84f6fba77.jpg,DRIP,336,336,5,73,1299.0,22784.0,14308,9775,0.05701369382022472,0.13289002557544757
textVQA/train_images/ede449a84f6fba77.jpg,Fixed,336,336,5,72,670.0,23217.0,14112,9775,0.028858164276176938,0.06854219948849105
textVQA/train_images/ede449a84f6fba77.jpg,PruneSID,336,336,5,71,2574.0,21117.0,13916,9775,0.12189231424918312,0.2633248081841432
textVQA/train_images/ef0289acb724706c.jpg,DRIP,336,336,1,73,96.0,15367.0,14308,1155,0.006247152990173749,0.08311688311688312
textVQA/train_images/ef0289acb724706c.jpg,Fixed,336,336,1,72,290.0,14977.0,14112,1155,0.01936302330239701,0.2510822510822511
textVQA/train_images/ef0289acb724706c.jpg,PruneSID,336,336,1,71,670.0,14401.0,13916,1155,0.04652454690646483,0.5800865800865801
textVQA/train_images/f0823cbf952b7547.jpg,DRIP,336,336,4,72,1722.0,16329.0,14112,3939,0.10545654969685835,0.43716679360243715
textVQA/train_images/f0823cbf952b7547.jpg,Fixed,336,336,4,72,474.0,17577.0,14112,3939,0.02696705922512374,0.12033511043412033
textVQA/train_images/f0823cbf952b7547.jpg,PruneSID,336,336,4,71,2145.0,15710.0,13916,3939,0.13653723742838955,0.5445544554455446
textVQA/train_images/f473176f1265a938.jpg,DRIP,336,336,12,73,7006.0,23797.0,14308,16495,0.29440685800731187,0.424734768111549
textVQA/train_images/f473176f1265a938.jpg,Fixed,336,336,12,72,2020.0,28587.0,14112,16495,0.07066148948822891,0.1224613519248257
textVQA/train_images/f473176f1265a938.jpg,PruneSID,336,336,12,71,5323.0,25088.0,13916,16495,0.21217315051020408,0.3227038496514095
textVQA/train_images/f477eeec5374737a.jpg,DRIP,336,336,0,73,,,14308,0,,
textVQA/train_images/f477eeec5374737a.jpg,Fixed,336,336,0,72,,,14112,0,,
textVQA/train_images/f477eeec5374737a.jpg,PruneSID,336,336,0,71,,,13916,0,,
totaltext/imgs/000000024.jpg,DRIP,336,336,1,73,9212.0,86744.0,14308,81648,0.10619754680438993,0.11282578875171467
totaltext/imgs/000000024.jpg,Fixed,336,336,1,72,10206.0,85554.0,14112,81648,0.11929307805596466,0.125
totaltext/imgs/000000024.jpg,PruneSID,336,336,1,71,10724.0,84840.0,13916,81648,0.1264026402640264,0.1313443072702332
totaltext/imgs/000000072.jpg,DRIP,336,336,1,73,11788.0,83160.0,14308,80640,0.14175084175084174,0.14618055555555556
totaltext/imgs/000000072.jpg,Fixed,336,336,1,72,10080.0,84672.0,14112,80640,0.11904761904761904,0.125
totaltext/imgs/000000072.jpg,PruneSID,336,336,1,71,9464.0,85092.0,13916,80640,0.11122079631457717,0.11736111111111111
totaltext/imgs/000000180.jpg,DRIP,336,336,1,72,10136.0,111160.0,14112,107184,0.09118387909319899,0.09456635318704285
totaltext/imgs/000000180.jpg,Fixed,336,336,1,72,13398.0,107898.0,14112,107184,0.12417282989490074,0.125
totaltext/imgs/000000180.jpg,PruneSID,336,336,1,71,13048.0,108052.0,13916,107184,0.12075667271313811,0.12173458725182863
totaltext/imgs/000000361.jpg,DRIP,336,336,1,73,6888.0,79660.0,14308,72240,0.08646748681898067,0.09534883720930233
totaltext/imgs/000000361.jpg,Fixed,336,336,1,72,8904.0,77448.0,14112,72240,0.11496746203904555,0.12325581395348838
totaltext/imgs/000000361.jpg,PruneSID,336,336,1,71,8694.0,77462.0,13916,72240,0.1122356768480029,0.12034883720930233
totaltext/imgs/000000768.jpg,DRIP,336,336,1,72,6412.0,82829.0,14112,75129,0.07741250045273998,0.08534653728919592
totaltext/imgs/000000768.jpg,Fixed,336,336,1,72,9749.0,79492.0,14112,75129,0.12264127207769335,0.12976347349225997
totaltext/imgs/000000768.jpg,PruneSID,336,336,1,71,8148.0,80897.0,13916,75129,0.1007206694933063,0.10845346004871621
totaltext/imgs/000001202.jpg,DRIP,336,336,1,72,294.0,18858.0,14112,5040,0.015590200445434299,0.058333333333333334
totaltext/imgs/000001202.jpg,Fixed,336,336,1,72,630.0,18522.0,14112,5040,0.034013605442176874,0.125
totaltext/imgs/000001202.jpg,PruneSID,336,336,1,71,210.0,18746.0,13916,5040,0.011202389843166542,0.041666666666666664
totaltext/imgs/000001358.jpg,DRIP,336,336,1,73,12460.0,111048.0,14308,109200,0.11220373171961674,0.1141025641025641
totaltext/imgs/000001358.jpg,Fixed,336,336,1,72,13650.0,109662.0,14112,109200,0.124473381846036,0.125
totaltext/imgs/000001358.jpg,PruneSID,336,336,1,71,13300.0,109816.0,13916,109200,0.1211116777154513,0.12179487179487179
totaltext/imgs/000001379.jpg,DRIP,336,336,1,73,11578.0,97818.0,14308,95088,0.11836267353656792,0.12176089517078917
totaltext/imgs/000001379.jpg,Fixed,336,336,1,72,11886.0,97314.0,14112,95088,0.12214069917997411,0.125
totaltext/imgs/000001379.jpg,PruneSID,336,336,1,71,10710.0,98294.0,13916,95088,0.1089588377723971,0.11263250883392226
