image,method,image_width,image_height,num_craft_boxes,num_boundary_patches,intersection_pixels,union_pixels,boundary_pixels,text_pixels,iou,text_coverage
1012.png,DRIP,336,336,1,73,460.0,15633.0,14308,1785,0.029424934433570013,0.25770308123249297
1012.png,Fixed,336,336,1,72,238.0,15659.0,14112,1785,0.015198927134555208,0.13333333333333333
1013.png,DRIP,336,336,1,73,460.0,15633.0,14308,1785,0.029424934433570013,0.25770308123249297
1013.png,Fixed,336,336,1,72,238.0,15659.0,14112,1785,0.015198927134555208,0.13333333333333333
1014.png,DRIP,336,336,17,73,7975.0,49568.0,14308,43235,0.1608900903808909,0.1844570371227015
1014.png,Fixed,336,336,17,72,5178.0,52169.0,14112,43235,0.09925434645095746,0.11976408002775529
1015.png,DRIP,336,336,17,73,7975.0,49568.0,14308,43235,0.1608900903808909,0.1844570371227015
1015.png,Fixed,336,336,17,72,5178.0,52169.0,14112,43235,0.09925434645095746,0.11976408002775529
1018.png,DRIP,336,336,17,73,7975.0,49568.0,14308,43235,0.1608900903808909,0.1844570371227015
1018.png,Fixed,336,336,17,72,5178.0,52169.0,14112,43235,0.09925434645095746,0.11976408002775529
1020.png,DRIP,336,336,17,73,7975.0,49568.0,14308,43235,0.1608900903808909,0.1844570371227015
1020.png,Fixed,336,336,17,72,5178.0,52169.0,14112,43235,0.09925434645095746,0.11976408002775529
1022.png,DRIP,336,336,17,73,7975.0,49568.0,14308,43235,0.1608900903808909,0.1844570371227015
1022.png,Fixed,336,336,17,72,5178.0,52169.0,14112,43235,0.09925434645095746,0.11976408002775529
1023.png,DRIP,336,336,12,73,6239.0,35373.0,14308,27304,0.17637746303677945,0.2285013184881336
1023.png,Fixed,336,336,12,72,3782.0,37634.0,14112,27304,0.10049423393739704,0.1385145033694697
1024.png,DRIP,336,336,12,73,6239.0,35373.0,14308,27304,0.17637746303677945,0.2285013184881336
1024.png,Fixed,336,336,12,72,3782.0,37634.0,14112,27304,0.10049423393739704,0.1385145033694697
1025.png,DRIP,336,336,12,73,6239.0,35373.0,14308,27304,0.17637746303677945,0.2285013184881336
1025.png,Fixed,336,336,12,72,3782.0,37634.0,14112,27304,0.10049423393739704,0.1385145033694697
1026.png,DRIP,336,336,12,73,6239.0,35373.0,14308,27304,0.17637746303677945,0.2285013184881336
1026.png,Fixed,336,336,12,72,3782.0,37634.0,14112,27304,0.10049423393739704,0.1385145033694697
10265.png,DRIP,336,336,22,73,5732.0,29001.0,14308,20425,0.1976483569532085,0.28063647490820076
10265.png,Fixed,336,336,22,72,1599.0,32938.0,14112,20425,0.04854575262614609,0.07828641370869033
10268.png,DRIP,336,336,22,73,5732.0,29001.0,14308,20425,0.1976483569532085,0.28063647490820076
10268.png,Fixed,336,336,22,72,1599.0,32938.0,14112,20425,0.04854575262614609,0.07828641370869033
10269.png,DRIP,336,336,22,73,5732.0,29001.0,14308,20425,0.1976483569532085,0.28063647490820076
10269.png,Fixed,336,336,22,72,1599.0,32938.0,14112,20425,0.04854575262614609,0.07828641370869033
10292.png,DRIP,336,336,42,73,5952.0,28755.0,14308,20399,0.20699008868022953,0.29177900877493995
10292.png,Fixed,336,336,42,72,2623.0,31888.0,14112,20399,0.0822566482689413,0.12858473454581107
10293.png,DRIP,336,336,42,73,5952.0,28755.0,14308,20399,0.20699008868022953,0.29177900877493995
10293.png,Fixed,336,336,42,72,2623.0,31888.0,14112,20399,0.0822566482689413,0.12858473454581107
10295.png,DRIP,336,336,42,73,5952.0,28755.0,14308,20399,0.20699008868022953,0.29177900877493995
10295.png,Fixed,336,336,42,72,2623.0,31888.0,14112,20399,0.0822566482689413,0.12858473454581107
10303.png,DRIP,336,336,22,73,5732.0,29001.0,14308,20425,0.1976483569532085,0.28063647490820076
10303.png,Fixed,336,336,22,72,1599.0,32938.0,14112,20425,0.04854575262614609,0.07828641370869033
1031.png,DRIP,336,336,17,73,5778.0,32216.0,14308,23686,0.17935187484479762,0.24394156885924176
1031.png,Fixed,336,336,17,72,2977.0,34821.0,14112,23686,0.08549438557192499,0.1256860592755214
1032.png,DRIP,336,336,17,73,5778.0,32216.0,14308,23686,0.17935187484479762,0.24394156885924176
1032.png,Fixed,336,336,17,72,2977.0,34821.0,14112,23686,0.08549438557192499,0.1256860592755214
1033.png,DRIP,336,336,17,73,5778.0,32216.0,14308,23686,0.17935187484479762,0.24394156885924176
1033.png,Fixed,336,336,17,72,2977.0,34821.0,14112,23686,0.08549438557192499,0.1256860592755214
1034.png,DRIP,336,336,17,73,5778.0,32216.0,14308,23686,0.17935187484479762,0.24394156885924176
1034.png,Fixed,336,336,17,72,2977.0,34821.0,14112,23686,0.08549438557192499,0.1256860592755214
1035.png,DRIP,336,336,17,73,5778.0,32216.0,14308,23686,0.17935187484479762,0.24394156885924176
1035.png,Fixed,336,336,17,72,2977.0,34821.0,14112,23686,0.08549438557192499,0.1256860592755214
10536.png,DRIP,336,336,12,73,6239.0,35373.0,14308,27304,0.17637746303677945,0.2285013184881336
10536.png,Fixed,336,336,12,72,3782.0,37634.0,14112,27304,0.10049423393739704,0.1385145033694697
11316.png,DRIP,336,336,72,73,3147.0,35258.0,14308,24097,0.0892563389868966,0.1305971697721708
11316.png,Fixed,336,336,72,72,2612.0,35597.0,14112,24097,0.07337696996937944,0.108395235921484
11317.png,DRIP,336,336,72,73,3147.0,35258.0,14308,24097,0.0892563389868966,0.1305971697721708
11317.png,Fixed,336,336,72,72,2612.0,35597.0,14112,24097,0.07337696996937944,0.108395235921484
11318.png,DRIP,336,336,72,73,3147.0,35258.0,14308,24097,0.0892563389868966,0.1305971697721708
11318.png,Fixed,336,336,72,72,2612.0,35597.0,14112,24097,0.07337696996937944,0.108395235921484
11319.png,DRIP,336,336,72,73,3147.0,35258.0,14308,24097,0.0892563389868966,0.1305971697721708
11319.png,Fixed,336,336,72,72,2612.0,35597.0,14112,24097,0.07337696996937944,0.108395235921484
11320.png,DRIP,336,336,72,73,3147.0,35258.0,14308,24097,0.0892563389868966,0.1305971697721708
11320.png,Fixed,336,336,72,72,2612.0,35597.0,14112,24097,0.07337696996937944,0.108395235921484
11333.png,DRIP,336,336,29,72,8968.0,65507.0,14112,60363,0.13690139985039768,0.14856783128737802
11333.png,Fixed,336,336,29,72,6608.0,67867.0,14112,60363,0.0973669088069312,0.10947103358017328
11336.png,DRIP,336,336,29,72,8968.0,65507.0,14112,60363,0.13690139985039768,0.14856783128737802
11336.png,Fixed,336,336,29,72,6608.0,67867.0,14112,60363,0.0973669088069312,0.10947103358017328
1162.png,DRIP,336,336,11,72,1580.0,19843.0,14112,7311,0.07962505669505619,0.21611270688004378
1162.png,Fixed,336,336,11,72,1135.0,20288.0,14112,7311,0.055944400630914826,0.15524552044863904
1163.png,DRIP,336,336,11,72,1580.0,19843.0,14112,7311,0.07962505669505619,0.21611270688004378
1163.png,Fixed,336,336,11,72,1135.0,20288.0,14112,7311,0.055944400630914826,0.15524552044863904
1164.png,DRIP,336,336,11,72,1580.0,19843.0,14112,7311,0.07962505669505619,0.21611270688004378
1164.png,Fixed,336,336,11,72,1135.0,20288.0,14112,7311,0.055944400630914826,0.15524552044863904
1165.png,DRIP,336,336,11,72,1580.0,19843.0,14112,7311,0.07962505669505619,0.21611270688004378
1165.png,Fixed,336,336,11,72,1135.0,20288.0,14112,7311,0.055944400630914826,0.15524552044863904
1166.png,DRIP,336,336,11,72,1580.0,19843.0,14112,7311,0.07962505669505619,0.21611270688004378
1166.png,Fixed,336,336,11,72,1135.0,20288.0,14112,7311,0.055944400630914826,0.15524552044863904
1167.png,DRIP,336,336,15,73,3066.0,22909.0,14308,11667,0.1338338644200969,0.2627924916430959
1167.png,Fixed,336,336,15,72,1598.0,24181.0,14112,11667,0.06608494272362599,0.13696751521385103
1168.png,DRIP,336,336,15,73,3066.0,22909.0,14308,11667,0.1338338644200969,0.2627924916430959
1168.png,Fixed,336,336,15,72,1598.0,24181.0,14112,11667,0.06608494272362599,0.13696751521385103
1169.png,DRIP,336,336,15,73,3066.0,22909.0,14308,11667,0.1338338644200969,0.2627924916430959
1169.png,Fixed,336,336,15,72,1598.0,24181.0,14112,11667,0.06608494272362599,0.13696751521385103
1170.png,DRIP,336,336,15,73,3066.0,22909.0,14308,11667,0.1338338644200969,0.2627924916430959
1170.png,Fixed,336,336,15,72,1598.0,24181.0,14112,11667,0.06608494272362599,0.13696751521385103
1171.png,DRIP,336,336,15,73,3066.0,22909.0,14308,11667,0.1338338644200969,0.2627924916430959
1171.png,Fixed,336,336,15,72,1598.0,24181.0,14112,11667,0.06608494272362599,0.13696751521385103
1182.png,DRIP,336,336,10,73,4326.0,33979.0,14308,23997,0.12731392919155948,0.18027253406675833
1182.png,Fixed,336,336,10,72,2624.0,35485.0,14112,23997,0.0739467380583345,0.1093470017085469
1183.png,DRIP,336,336,10,73,4326.0,33979.0,14308,23997,0.12731392919155948,0.18027253406675833
1183.png,Fixed,336,336,10,72,2624.0,35485.0,14112,23997,0.0739467380583345,0.1093470017085469
1184.png,DRIP,336,336,10,73,4326.0,33979.0,14308,23997,0.12731392919155948,0.18027253406675833
1184.png,Fixed,336,336,10,72,2624.0,35485.0,14112,23997,0.0739467380583345,0.1093470017085469
1185.png,DRIP,336,336,10,73,4326.0,33979.0,14308,23997,0.12731392919155948,0.18027253406675833
1185.png,Fixed,336,336,10,72,2624.0,35485.0,14112,23997,0.0739467380583345,0.1093470017085469
1191.png,DRIP,336,336,27,73,6867.0,44247.0,14308,36806,0.1551969625059326,0.18657284138455688
1191.png,Fixed,336,336,27,72,4243.0,46675.0,14112,36806,0.09090519550080343,0.11528011737216758
1192.png,DRIP,336,336,27,73,6867.0,44247.0,14308,36806,0.1551969625059326,0.18657284138455688
1192.png,Fixed,336,336,27,72,4243.0,46675.0,14112,36806,0.09090519550080343,0.11528011737216758
1193.png,DRIP,336,336,27,73,6867.0,44247.0,14308,36806,0.1551969625059326,0.18657284138455688
1193.png,Fixed,336,336,27,72,4243.0,46675.0,14112,36806,0.09090519550080343,0.11528011737216758
1194.png,DRIP,336,336,27,73,6867.0,44247.0,14308,36806,0.1551969625059326,0.18657284138455688
1194.png,Fixed,336,336,27,72,4243.0,46675.0,14112,36806,0.09090519550080343,0.11528011737216758
12545.png,DRIP,336,336,25,73,2592.0,22227.0,14308,10511,0.11661492779052504,0.24659880125582723
12545.png,Fixed,336,336,25,72,1624.0,22999.0,14112,10511,0.07061176572894473,0.15450480449053372
12547.png,DRIP,336,336,25,73,2592.0,22227.0,14308,10511,0.11661492779052504,0.24659880125582723
12547.png,Fixed,336,336,25,72,1624.0,22999.0,14112,10511,0.07061176572894473,0.15450480449053372
12548.png,DRIP,336,336,25,73,2592.0,22227.0,14308,10511,0.11661492779052504,0.24659880125582723
12548.png,Fixed,336,336,25,72,1624.0,22999.0,14112,10511,0.07061176572894473,0.15450480449053372
12550.png,DRIP,336,336,25,73,2592.0,22227.0,14308,10511,0.11661492779052504,0.24659880125582723
12550.png,Fixed,336,336,25,72,1624.0,22999.0,14112,10511,0.07061176572894473,0.15450480449053372
1257.png,DRIP,336,336,31,73,6505.0,54154.0,14308,46351,0.1201203973852347,0.14034217168993118
1257.png,Fixed,336,336,31,72,5544.0,54919.0,14112,46351,0.10094866985924726,0.11960906992297901
12577.png,DRIP,336,336,22,73,2384.0,26084.0,14308,14160,0.09139702499616623,0.16836158192090395
12577.png,Fixed,336,336,22,72,1992.0,26280.0,14112,14160,0.07579908675799087,0.14067796610169492
1258.png,DRIP,336,336,31,73,6505.0,54154.0,14308,46351,0.1201203973852347,0.14034217168993118
1258.png,Fixed,336,336,31,72,5544.0,54919.0,14112,46351,0.10094866985924726,0.11960906992297901
1261.png,DRIP,336,336,31,73,6505.0,54154.0,14308,46351,0.1201203973852347,0.14034217168993118
1261.png,Fixed,336,336,31,72,5544.0,54919.0,14112,46351,0.10094866985924726,0.11960906992297901
1263.png,DRIP,336,336,31,73,6505.0,54154.0,14308,46351,0.1201203973852347,0.14034217168993118
1263.png,Fixed,336,336,31,72,5544.0,54919.0,14112,46351,0.10094866985924726,0.11960906992297901
13613.png,DRIP,336,336,0,73,,,14308,0,,
13613.png,Fixed,336,336,0,72,,,14112,0,,
14993.png,DRIP,336,336,4,73,1638.0,16457.0,14308,3787,0.09953211399404509,0.43253234750462105
14993.png,Fixed,336,336,4,72,400.0,17499.0,14112,3787,0.02285844905423167,0.10562450488513335
14994.png,DRIP,336,336,4,73,1638.0,16457.0,14308,3787,0.09953211399404509,0.43253234750462105
14994.png,Fixed,336,336,4,72,400.0,17499.0,14112,3787,0.02285844905423167,0.10562450488513335
15003.png,DRIP,336,336,3,73,574.0,15006.0,14308,1272,0.03825136612021858,0.45125786163522014
15003.png,Fixed,336,336,3,72,70.0,15314.0,14112,1272,0.004570980801880632,0.055031446540880505
15007.png,DRIP,336,336,3,73,574.0,15006.0,14308,1272,0.03825136612021858,0.45125786163522014
15007.png,Fixed,336,336,3,72,70.0,15314.0,14112,1272,0.004570980801880632,0.055031446540880505
15008.png,DRIP,336,336,3,73,574.0,15006.0,14308,1272,0.03825136612021858,0.45125786163522014
15008.png,Fixed,336,336,3,72,70.0,15314.0,14112,1272,0.004570980801880632,0.055031446540880505
15013.png,DRIP,336,336,3,73,574.0,15006.0,14308,1272,0.03825136612021858,0.45125786163522014
15013.png,Fixed,336,336,3,72,70.0,15314.0,14112,1272,0.004570980801880632,0.055031446540880505
15026.png,DRIP,336,336,10,73,2125.0,31483.0,14308,19300,0.06749674427468792,0.11010362694300518
15026.png,Fixed,336,336,10,72,2498.0,30914.0,14112,19300,0.08080481335317331,0.1294300518134715
15036.png,DRIP,336,336,10,73,2125.0,31483.0,14308,19300,0.06749674427468792,0.11010362694300518
15036.png,Fixed,336,336,10,72,2498.0,30914.0,14112,19300,0.08080481335317331,0.1294300518134715
15039.png,DRIP,336,336,9,72,2561.0,23471.0,14112,11920,0.10911337395083294,0.2148489932885906
15039.png,Fixed,336,336,9,72,1240.0,24792.0,14112,11920,0.0500161342368506,0.1040268456375839
15041.png,DRIP,336,336,9,72,2561.0,23471.0,14112,11920,0.10911337395083294,0.2148489932885906
15041.png,Fixed,336,336,9,72,1240.0,24792.0,14112,11920,0.0500161342368506,0.1040268456375839
15057.png,DRIP,336,336,7,73,1697.0,20041.0,14308,7430,0.08467641335262711,0.22839838492597578
15057.png,Fixed,336,336,7,72,1210.0,20332.0,14112,7430,0.05951209915404289,0.16285329744279947
15060.png,DRIP,336,336,7,73,1697.0,20041.0,14308,7430,0.08467641335262711,0.22839838492597578
15060.png,Fixed,336,336,7,72,1210.0,20332.0,14112,7430,0.05951209915404289,0.16285329744279947
15094.png,DRIP,336,336,7,73,1697.0,20041.0,14308,7430,0.08467641335262711,0.22839838492597578
15094.png,Fixed,336,336,7,72,1210.0,20332.0,14112,7430,0.05951209915404289,0.16285329744279947
15117.png,DRIP,336,336,2,73,379.0,14696.0,14308,767,0.025789330430048992,0.4941329856584094
15117.png,Fixed,336,336,2,72,182.0,14697.0,14112,767,0.012383479621691501,0.23728813559322035
15133.png,DRIP,336,336,34,73,6376.0,51152.0,14308,43220,0.12464810760087582,0.14752429430819064
15133.png,Fixed,336,336,34,72,5880.0,51452.0,14112,43220,0.11428127186503927,0.13604812586765386
15139.png,DRIP,336,336,2,73,658.0,15253.0,14308,1603,0.043139054612207434,0.4104803493449782
15139.png,Fixed,336,336,2,72,154.0,15561.0,14112,1603,0.009896536212325686,0.09606986899563319
15141.png,DRIP,336,336,2,73,658.0,15253.0,14308,1603,0.043139054612207434,0.4104803493449782
15141.png,Fixed,336,336,2,72,154.0,15561.0,14112,1603,0.009896536212325686,0.09606986899563319
15147.png,DRIP,336,336,14,73,2537.0,27046.0,14308,15275,0.09380315018856762,0.166088379705401
15147.png,Fixed,336,336,14,72,2234.0,27153.0,14112,15275,0.08227451846941407,0.1462520458265139
15148.png,DRIP,336,336,14,73,2537.0,27046.0,14308,15275,0.09380315018856762,0.166088379705401
15148.png,Fixed,336,336,14,72,2234.0,27153.0,14112,15275,0.08227451846941407,0.1462520458265139
15152.png,DRIP,336,336,14,73,2537.0,27046.0,14308,15275,0.09380315018856762,0.166088379705401
15152.png,Fixed,336,336,14,72,2234.0,27153.0,14112,15275,0.08227451846941407,0.1462520458265139
15155.png,DRIP,336,336,14,73,2537.0,27046.0,14308,15275,0.09380315018856762,0.166088379705401
15155.png,Fixed,336,336,14,72,2234.0,27153.0,14112,15275,0.08227451846941407,0.1462520458265139
15161.png,DRIP,336,336,5,73,4484.0,21080.0,14308,11256,0.2127134724857685,0.39836531627576405
15161.png,Fixed,336,336,5,72,1350.0,24018.0,14112,11256,0.05620784411691231,0.11993603411513859
15164.png,DRIP,336,336,5,73,4484.0,21080.0,14308,11256,0.2127134724857685,0.39836531627576405
15164.png,Fixed,336,336,5,72,1350.0,24018.0,14112,11256,0.05620784411691231,0.11993603411513859
15170.png,DRIP,336,336,5,73,4484.0,21080.0,14308,11256,0.2127134724857685,0.39836531627576405
15170.png,Fixed,336,336,5,72,1350.0,24018.0,14112,11256,0.05620784411691231,0.11993603411513859
15189.png,DRIP,336,336,0,73,,,14308,0,,
15189.png,Fixed,336,336,0,72,,,14112,0,,
15230.png,DRIP,336,336,21,73,2947.0,30488.0,14308,19127,0.09666098136971923,0.1540753908088043
15230.png,Fixed,336,336,21,72,2441.0,30798.0,14112,19127,0.07925839340216898,0.12762064097872117
15233.png,DRIP,336,336,21,73,2947.0,30488.0,14308,19127,0.09666098136971923,0.1540753908088043
15233.png,Fixed,336,336,21,72,2441.0,30798.0,14112,19127,0.07925839340216898,0.12762064097872117
15234.png,DRIP,336,336,21,73,2947.0,30488.0,14308,19127,0.09666098136971923,0.1540753908088043
15234.png,Fixed,336,336,21,72,2441.0,30798.0,14112,19127,0.07925839340216898,0.12762064097872117
15277.png,DRIP,336,336,5,73,2023.0,15524.0,14308,3239,0.13031435197114147,0.6245754862611917
15277.png,Fixed,336,336,5,72,280.0,17071.0,14112,3239,0.016402085408001876,0.08644643408459401
15281.png,DRIP,336,336,5,73,2023.0,15524.0,14308,3239,0.13031435197114147,0.6245754862611917
15281.png,Fixed,336,336,5,72,280.0,17071.0,14112,3239,0.016402085408001876,0.08644643408459401
15282.png,DRIP,336,336,5,73,2023.0,15524.0,14308,3239,0.13031435197114147,0.6245754862611917
15282.png,Fixed,336,336,5,72,280.0,17071.0,14112,3239,0.016402085408001876,0.08644643408459401
15321.png,DRIP,336,336,21,73,6594.0,36908.0,14308,29194,0.17866045301831582,0.22586832910872098
15321.png,Fixed,336,336,21,72,4145.0,39161.0,14112,29194,0.1058451009933352,0.14198122901966156
15323.png,DRIP,336,336,21,73,6594.0,36908.0,14308,29194,0.17866045301831582,0.22586832910872098
15323.png,Fixed,336,336,21,72,4145.0,39161.0,14112,29194,0.1058451009933352,0.14198122901966156
15325.png,DRIP,336,336,25,72,5884.0,44340.0,14112,36112,0.13270184934596302,0.16293752769162606
15325.png,Fixed,336,336,25,72,5020.0,45204.0,14112,36112,0.11105211928147951,0.1390119627824546
15329.png,DRIP,336,336,25,72,5884.0,44340.0,14112,36112,0.13270184934596302,0.16293752769162606
15329.png,Fixed,336,336,25,72,5020.0,45204.0,14112,36112,0.11105211928147951,0.1390119627824546
15330.png,DRIP,336,336,25,72,5884.0,44340.0,14112,36112,0.13270184934596302,0.16293752769162606
15330.png,Fixed,336,336,25,72,5020.0,45204.0,14112,36112,0.11105211928147951,0.1390119627824546
15334.png,DRIP,336,336,25,72,5884.0,44340.0,14112,36112,0.13270184934596302,0.16293752769162606
15334.png,Fixed,336,336,25,72,5020.0,45204.0,14112,36112,0.11105211928147951,0.1390119627824546
15350.png,DRIP,336,336,8,73,2761.0,26061.0,14308,14514,0.10594374736195848,0.19023012264020944
15350.png,Fixed,336,336,8,72,1730.0,26896.0,14112,14514,0.06432183224271266,0.11919525974920767
15351.png,DRIP,336,336,8,73,2761.0,26061.0,14308,14514,0.10594374736195848,0.19023012264020944
15351.png,Fixed,336,336,8,72,1730.0,26896.0,14112,14514,0.06432183224271266,0.11919525974920767
15352.png,DRIP,336,336,8,73,2761.0,26061.0,14308,14514,0.10594374736195848,0.19023012264020944
15352.png,Fixed,336,336,8,72,1730.0,26896.0,14112,14514,0.06432183224271266,0.11919525974920767
15382.png,DRIP,336,336,9,73,4368.0,21219.0,14308,11279,0.20585324473349356,0.38726837485592697
15382.png,Fixed,336,336,9,72,1549.0,23842.0,14112,11279,0.0649693817632749,0.13733487011259862
15383.png,DRIP,336,336,9,73,4368.0,21219.0,14308,11279,0.20585324473349356,0.38726837485592697
15383.png,Fixed,336,336,9,72,1549.0,23842.0,14112,11279,0.0649693817632749,0.13733487011259862
15384.png,DRIP,336,336,9,73,4368.0,21219.0,14308,11279,0.20585324473349356,0.38726837485592697
15384.png,Fixed,336,336,9,72,1549.0,23842.0,14112,11279,0.0649693817632749,0.13733487011259862
15385.png,DRIP,336,336,9,73,4368.0,21219.0,14308,11279,0.20585324473349356,0.38726837485592697
15385.png,Fixed,336,336,9,72,1549.0,23842.0,14112,11279,0.0649693817632749,0.13733487011259862
15386.png,DRIP,336,336,9,73,4368.0,21219.0,14308,11279,0.20585324473349356,0.38726837485592697
15386.png,Fixed,336,336,9,72,1549.0,23842.0,14112,11279,0.0649693817632749,0.13733487011259862
15747.png,DRIP,336,336,5,73,882.0,18203.0,14308,4777,0.04845355161237159,0.184634707975717
15747.png,Fixed,336,336,5,72,230.0,18659.0,14112,4777,0.012326491237472533,0.04814737282813481
15753.png,DRIP,336,336,5,73,882.0,18203.0,14308,4777,0.04845355161237159,0.184634707975717
15753.png,Fixed,336,336,5,72,230.0,18659.0,14112,4777,0.012326491237472533,0.04814737282813481
1623.png,DRIP,336,336,32,73,4672.0,38795.0,14308,29159,0.12042789019203505,0.1602249734215851
1623.png,Fixed,336,336,32,72,3943.0,39328.0,14112,29159,0.10025935720097641,0.1352241160533626
1625.png,DRIP,336,336,32,73,4672.0,38795.0,14308,29159,0.12042789019203505,0.1602249734215851
1625.png,Fixed,336,336,32,72,3943.0,39328.0,14112,29159,0.10025935720097641,0.1352241160533626
1627.png,DRIP,336,336,32,73,4672.0,38795.0,14308,29159,0.12042789019203505,0.1602249734215851
1627.png,Fixed,336,336,32,72,3943.0,39328.0,14112,29159,0.10025935720097641,0.1352241160533626
1628.png,DRIP,336,336,32,73,4672.0,38795.0,14308,29159,0.12042789019203505,0.1602249734215851
1628.png,Fixed,336,336,32,72,3943.0,39328.0,14112,29159,0.10025935720097641,0.1352241160533626
16337.png,DRIP,336,336,23,73,3599.0,24740.0,14308,14031,0.14547291835084883,0.256503456631744
16337.png,Fixed,336,336,23,72,1866.0,26277.0,14112,14031,0.07101267267952963,0.1329912336968142
16339.png,DRIP,336,336,23,73,3599.0,24740.0,14308,14031,0.14547291835084883,0.256503456631744
16339.png,Fixed,336,336,23,72,1866.0,26277.0,14112,14031,0.07101267267952963,0.1329912336968142
16341.png,DRIP,336,336,23,73,3599.0,24740.0,14308,14031,0.14547291835084883,0.256503456631744
16341.png,Fixed,336,336,23,72,1866.0,26277.0,14112,14031,0.07101267267952963,0.1329912336968142
16344.png,DRIP,336,336,23,73,3599.0,24740.0,14308,14031,0.14547291835084883,0.256503456631744
16344.png,Fixed,336,336,23,72,1866.0,26277.0,14112,14031,0.07101267267952963,0.1329912336968142
16346.png,DRIP,336,336,23,73,3599.0,24740.0,14308,14031,0.14547291835084883,0.256503456631744
16346.png,Fixed,336,336,23,72,1866.0,26277.0,14112,14031,0.07101267267952963,0.1329912336968142
16352.png,DRIP,336,336,55,72,4820.0,49591.0,14112,40299,0.09719505555443528,0.11960594555696172
16352.png,Fixed,336,336,55,72,4765.0,49646.0,14112,40299,0.09597953510856867,0.11824114742301298
16356.png,DRIP,336,336,55,72,4820.0,49591.0,14112,40299,0.09719505555443528,0.11960594555696172
16356.png,Fixed,336,336,55,72,4765.0,49646.0,14112,40299,0.09597953510856867,0.11824114742301298
16358.png,DRIP,336,336,55,72,4820.0,49591.0,14112,40299,0.09719505555443528,0.11960594555696172
16358.png,Fixed,336,336,55,72,4765.0,49646.0,14112,40299,0.09597953510856867,0.11824114742301298
16359.png,DRIP,336,336,55,72,4820.0,49591.0,14112,40299,0.09719505555443528,0.11960594555696172
16359.png,Fixed,336,336,55,72,4765.0,49646.0,14112,40299,0.09597953510856867,0.11824114742301298
16424.png,DRIP,336,336,17,73,3338.0,20643.0,14308,9673,0.1617013031051688,0.34508425514318203
16424.png,Fixed,336,336,17,72,930.0,22855.0,14112,9673,0.04069131481076351,0.09614390571694408
16429.png,DRIP,336,336,16,72,1617.0,19392.0,14112,6897,0.08338490099009901,0.23444976076555024
16429.png,Fixed,336,336,16,72,572.0,20437.0,14112,6897,0.027988452316876255,0.08293460925039872
16430.png,DRIP,336,336,17,73,3338.0,20643.0,14308,9673,0.1617013031051688,0.34508425514318203
16430.png,Fixed,336,336,17,72,930.0,22855.0,14112,9673,0.04069131481076351,0.09614390571694408
16437.png,DRIP,336,336,16,72,1617.0,19392.0,14112,6897,0.08338490099009901,0.23444976076555024
16437.png,Fixed,336,336,16,72,572.0,20437.0,14112,6897,0.027988452316876255,0.08293460925039872
16440.png,DRIP,336,336,16,72,1617.0,19392.0,14112,6897,0.08338490099009901,0.23444976076555024
16440.png,Fixed,336,336,16,72,572.0,20437.0,14112,6897,0.027988452316876255,0.08293460925039872
16444.png,DRIP,336,336,45,73,2944.0,29985.0,14308,18621,0.09818242454560613,0.15810106868589227
16444.png,Fixed,336,336,45,72,1924.0,30809.0,14112,18621,0.06244928430004219,0.10332420385586166
16447.png,DRIP,336,336,45,73,2944.0,29985.0,14308,18621,0.09818242454560613,0.15810106868589227
16447.png,Fixed,336,336,45,72,1924.0,30809.0,14112,18621,0.06244928430004219,0.10332420385586166
16450.png,DRIP,336,336,43,73,4159.0,28165.0,14308,18016,0.1476655423397834,0.23085035523978686
16450.png,Fixed,336,336,43,72,1958.0,30170.0,14112,18016,0.06489890619821015,0.10868117229129663
16455.png,DRIP,336,336,45,73,2944.0,29985.0,14308,18621,0.09818242454560613,0.15810106868589227
16455.png,Fixed,336,336,45,72,1924.0,30809.0,14112,18621,0.06244928430004219,0.10332420385586166
16456.png,DRIP,336,336,45,73,2944.0,29985.0,14308,18621,0.09818242454560613,0.15810106868589227
16456.png,Fixed,336,336,45,72,1924.0,30809.0,14112,18621,0.06244928430004219,0.10332420385586166
16463.png,DRIP,336,336,45,73,2944.0,29985.0,14308,18621,0.09818242454560613,0.15810106868589227
16463.png,Fixed,336,336,45,72,1924.0,30809.0,14112,18621,0.06244928430004219,0.10332420385586166
16468.png,DRIP,336,336,45,73,2944.0,29985.0,14308,18621,0.09818242454560613,0.15810106868589227
16468.png,Fixed,336,336,45,72,1924.0,30809.0,14112,18621,0.06244928430004219,0.10332420385586166
16473.png,DRIP,336,336,17,73,3683.0,23945.0,14308,13320,0.1538108164543746,0.2765015015015015
16473.png,Fixed,336,336,17,72,1597.0,25835.0,14112,13320,0.06181536675053222,0.1198948948948949
16499.png,DRIP,336,336,38,73,5502.0,35344.0,14308,26538,0.15566998641919422,0.207325344788605
16499.png,Fixed,336,336,38,72,3788.0,36862.0,14112,26538,0.1027616515652976,0.14273871429648052
16501.png,DRIP,336,336,38,73,5502.0,35344.0,14308,26538,0.15566998641919422,0.207325344788605
16501.png,Fixed,336,336,38,72,3788.0,36862.0,14112,26538,0.1027616515652976,0.14273871429648052
16529.png,DRIP,336,336,38,73,2704.0,40668.0,14308,29064,0.06648962329103963,0.09303605835397744
16529.png,Fixed,336,336,38,72,3112.0,40064.0,14112,29064,0.07767571884984026,0.10707404349022846
16533.png,DRIP,336,336,38,73,2704.0,40668.0,14308,29064,0.06648962329103963,0.09303605835397744
16533.png,Fixed,336,336,38,72,3112.0,40064.0,14112,29064,0.07767571884984026,0.10707404349022846
16539.png,DRIP,336,336,38,73,2704.0,40668.0,14308,29064,0.06648962329103963,0.09303605835397744
16539.png,Fixed,336,336,38,72,3112.0,40064.0,14112,29064,0.07767571884984026,0.10707404349022846
16553.png,DRIP,336,336,19,73,8059.0,59605.0,14308,53356,0.13520677795486954,0.15104205712572158
16553.png,Fixed,336,336,19,72,6786.0,60682.0,14112,53356,0.11182887841534557,0.1271834470350101
16554.png,DRIP,336,336,19,73,8059.0,59605.0,14308,53356,0.13520677795486954,0.15104205712572158
16554.png,Fixed,336,336,19,72,6786.0,60682.0,14112,53356,0.11182887841534557,0.1271834470350101
16555.png,DRIP,336,336,19,73,8059.0,59605.0,14308,53356,0.13520677795486954,0.15104205712572158
16555.png,Fixed,336,336,19,72,6786.0,60682.0,14112,53356,0.11182887841534557,0.1271834470350101
16557.png,DRIP,336,336,19,73,8059.0,59605.0,14308,53356,0.13520677795486954,0.15104205712572158
16557.png,Fixed,336,336,19,72,6786.0,60682.0,14112,53356,0.11182887841534557,0.1271834470350101
16568.png,DRIP,336,336,19,73,8059.0,59605.0,14308,53356,0.13520677795486954,0.15104205712572158
16568.png,Fixed,336,336,19,72,6786.0,60682.0,14112,53356,0.11182887841534557,0.1271834470350101
16574.png,DRIP,336,336,19,73,8059.0,59605.0,14308,53356,0.13520677795486954,0.15104205712572158
16574.png,Fixed,336,336,19,72,6786.0,60682.0,14112,53356,0.11182887841534557,0.1271834470350101
16606.png,DRIP,336,336,13,73,7758.0,53809.0,14308,47259,0.14417662472820533,0.16415920776994858
16606.png,Fixed,336,336,13,72,5707.0,55664.0,14112,47259,0.10252586950273067,0.12076006686557057
16609.png,DRIP,336,336,13,73,7758.0,53809.0,14308,47259,0.14417662472820533,0.16415920776994858
16609.png,Fixed,336,336,13,72,5707.0,55664.0,14112,47259,0.10252586950273067,0.12076006686557057
16611.png,DRIP,336,336,13,73,7758.0,53809.0,14308,47259,0.14417662472820533,0.16415920776994858
16611.png,Fixed,336,336,13,72,5707.0,55664.0,14112,47259,0.10252586950273067,0.12076006686557057
16789.png,DRIP,336,336,3,73,1196.0,17052.0,14308,3940,0.07013840018766127,0.3035532994923858
16789.png,Fixed,336,336,3,72,504.0,17548.0,14112,3940,0.02872122179165717,0.12791878172588833
16801.png,DRIP,336,336,3,73,1196.0,17052.0,14308,3940,0.07013840018766127,0.3035532994923858
16801.png,Fixed,336,336,3,72,504.0,17548.0,14112,3940,0.02872122179165717,0.12791878172588833
16826.png,DRIP,336,336,20,72,3543.0,32666.0,14112,22097,0.10846139717137085,0.1603385074897045
16826.png,Fixed,336,336,20,72,2636.0,33573.0,14112,22097,0.0785154737437822,0.11929221161243608
16830.png,DRIP,336,336,20,72,3543.0,32666.0,14112,22097,0.10846139717137085,0.1603385074897045
16830.png,Fixed,336,336,20,72,2636.0,33573.0,14112,22097,0.0785154737437822,0.11929221161243608
16831.png,DRIP,336,336,20,72,3543.0,32666.0,14112,22097,0.10846139717137085,0.1603385074897045
16831.png,Fixed,336,336,20,72,2636.0,33573.0,14112,22097,0.0785154737437822,0.11929221161243608
16832.png,DRIP,336,336,20,72,3543.0,32666.0,14112,22097,0.10846139717137085,0.1603385074897045
16832.png,Fixed,336,336,20,72,2636.0,33573.0,14112,22097,0.0785154737437822,0.11929221161243608
16835.png,DRIP,336,336,20,72,3543.0,32666.0,14112,22097,0.10846139717137085,0.1603385074897045
16835.png,Fixed,336,336,20,72,2636.0,33573.0,14112,22097,0.0785154737437822,0.11929221161243608
16837.png,DRIP,336,336,20,72,3543.0,32666.0,14112,22097,0.10846139717137085,0.1603385074897045
16837.png,Fixed,336,336,20,72,2636.0,33573.0,14112,22097,0.0785154737437822,0.11929221161243608
16839.png,DRIP,336,336,20,72,3543.0,32666.0,14112,22097,0.10846139717137085,0.1603385074897045
16839.png,Fixed,336,336,20,72,2636.0,33573.0,14112,22097,0.0785154737437822,0.11929221161243608
1693.png,DRIP,336,336,34,73,7823.0,54974.0,14308,48489,0.14230363444537417,0.16133556064261997
1693.png,Fixed,336,336,34,72,6468.0,56133.0,14112,48489,0.11522633744855967,0.13339107838891295
1695.png,DRIP,336,336,34,73,7823.0,54974.0,14308,48489,0.14230363444537417,0.16133556064261997
1695.png,Fixed,336,336,34,72,6468.0,56133.0,14112,48489,0.11522633744855967,0.13339107838891295
1696.png,DRIP,336,336,34,73,7823.0,54974.0,14308,48489,0.14230363444537417,0.16133556064261997
1696.png,Fixed,336,336,34,72,6468.0,56133.0,14112,48489,0.11522633744855967,0.13339107838891295
16981.png,DRIP,336,336,12,72,3448.0,36119.0,14112,25455,0.09546222209917218,0.1354547240227853
16981.png,Fixed,336,336,12,72,3158.0,36409.0,14112,25455,0.08673679584718064,0.12406207032017286
16990.png,DRIP,336,336,12,72,3448.0,36119.0,14112,25455,0.09546222209917218,0.1354547240227853
16990.png,Fixed,336,336,12,72,3158.0,36409.0,14112,25455,0.08673679584718064,0.12406207032017286
16999.png,DRIP,336,336,4,73,4492.0,35396.0,14308,25580,0.12690699514069387,0.17560594214229866
16999.png,Fixed,336,336,4,72,3157.0,36535.0,14112,25580,0.08641029150130013,0.12341673182173574
17000.png,DRIP,336,336,4,73,4492.0,35396.0,14308,25580,0.12690699514069387,0.17560594214229866
17000.png,Fixed,336,336,4,72,3157.0,36535.0,14112,25580,0.08641029150130013,0.12341673182173574
17001.png,DRIP,336,336,21,73,9211.0,59267.0,14308,54170,0.15541532387331905,0.17003876684511723
17001.png,Fixed,336,336,21,72,6621.0,61661.0,14112,54170,0.1073774346831871,0.12222632453387484
17002.png,DRIP,336,336,21,73,9211.0,59267.0,14308,54170,0.15541532387331905,0.17003876684511723
17002.png,Fixed,336,336,21,72,6621.0,61661.0,14112,54170,0.1073774346831871,0.12222632453387484
17003.png,DRIP,336,336,21,73,9211.0,59267.0,14308,54170,0.15541532387331905,0.17003876684511723
17003.png,Fixed,336,336,21,72,6621.0,61661.0,14112,54170,0.1073774346831871,0.12222632453387484
17004.png,DRIP,336,336,21,73,9211.0,59267.0,14308,54170,0.15541532387331905,0.17003876684511723
17004.png,Fixed,336,336,21,72,6621.0,61661.0,14112,54170,0.1073774346831871,0.12222632453387484
17005.png,DRIP,336,336,21,73,9211.0,59267.0,14308,54170,0.15541532387331905,0.17003876684511723
17005.png,Fixed,336,336,21,72,6621.0,61661.0,14112,54170,0.1073774346831871,0.12222632453387484
17007.png,DRIP,336,336,21,73,9211.0,59267.0,14308,54170,0.15541532387331905,0.17003876684511723
17007.png,Fixed,336,336,21,72,6621.0,61661.0,14112,54170,0.1073774346831871,0.12222632453387484
17132.png,DRIP,336,336,26,73,5290.0,34988.0,14308,25970,0.15119469532411112,0.20369657296881016
17132.png,Fixed,336,336,26,72,3617.0,36465.0,14112,25970,0.09919100507335801,0.139276087793608
17133.png,DRIP,336,336,26,73,5290.0,34988.0,14308,25970,0.15119469532411112,0.20369657296881016
17133.png,Fixed,336,336,26,72,3617.0,36465.0,14112,25970,0.09919100507335801,0.139276087793608
17134.png,DRIP,336,336,26,73,5290.0,34988.0,14308,25970,0.15119469532411112,0.20369657296881016
17134.png,Fixed,336,336,26,72,3617.0,36465.0,14112,25970,0.09919100507335801,0.139276087793608
17135.png,DRIP,336,336,26,73,5290.0,34988.0,14308,25970,0.15119469532411112,0.20369657296881016
17135.png,Fixed,336,336,26,72,3617.0,36465.0,14112,25970,0.09919100507335801,0.139276087793608
17139.png,DRIP,336,336,26,73,5290.0,34988.0,14308,25970,0.15119469532411112,0.20369657296881016
17139.png,Fixed,336,336,26,72,3617.0,36465.0,14112,25970,0.09919100507335801,0.139276087793608
17140.png,DRIP,336,336,26,73,5290.0,34988.0,14308,25970,0.15119469532411112,0.20369657296881016
17140.png,Fixed,336,336,26,72,3617.0,36465.0,14112,25970,0.09919100507335801,0.139276087793608
17141.png,DRIP,336,336,7,73,3416.0,19329.0,14308,8437,0.17672926690465104,0.40488325234087946
17141.png,Fixed,336,336,7,72,1174.0,21375.0,14112,8437,0.05492397660818713,0.13914898660661373
17143.png,DRIP,336,336,7,73,3416.0,19329.0,14308,8437,0.17672926690465104,0.40488325234087946
17143.png,Fixed,336,336,7,72,1174.0,21375.0,14112,8437,0.05492397660818713,0.13914898660661373
17144.png,DRIP,336,336,7,73,3416.0,19329.0,14308,8437,0.17672926690465104,0.40488325234087946
17144.png,Fixed,336,336,7,72,1174.0,21375.0,14112,8437,0.05492397660818713,0.13914898660661373
17147.png,DRIP,336,336,7,73,3416.0,19329.0,14308,8437,0.17672926690465104,0.40488325234087946
17147.png,Fixed,336,336,7,72,1174.0,21375.0,14112,8437,0.05492397660818713,0.13914898660661373
17149.png,DRIP,336,336,7,73,3416.0,19329.0,14308,8437,0.17672926690465104,0.40488325234087946
17149.png,Fixed,336,336,7,72,1174.0,21375.0,14112,8437,0.05492397660818713,0.13914898660661373
17150.png,DRIP,336,336,7,73,3416.0,19329.0,14308,8437,0.17672926690465104,0.40488325234087946
17150.png,Fixed,336,336,7,72,1174.0,21375.0,14112,8437,0.05492397660818713,0.13914898660661373
1748.png,DRIP,336,336,14,73,9632.0,87265.0,14308,82589,0.11037643958058786,0.11662570075918101
1748.png,Fixed,336,336,14,72,10562.0,86139.0,14112,82589,0.12261577218217068,0.1278862802552398
1749.png,DRIP,336,336,14,73,9632.0,87265.0,14308,82589,0.11037643958058786,0.11662570075918101
1749.png,Fixed,336,336,14,72,10562.0,86139.0,14112,82589,0.12261577218217068,0.1278862802552398
1750.png,DRIP,336,336,14,73,9632.0,87265.0,14308,82589,0.11037643958058786,0.11662570075918101
1750.png,Fixed,336,336,14,72,10562.0,86139.0,14112,82589,0.12261577218217068,0.1278862802552398
1795.png,DRIP,336,336,9,73,8979.0,79132.0,14308,73803,0.11346863468634687,0.12166172106824925
1795.png,Fixed,336,336,9,72,9539.0,78376.0,14112,73803,0.1217081759722364,0.12924948850317738
1820.png,DRIP,336,336,59,73,6794.0,65462.0,14308,57948,0.10378540221808072,0.11724304548905916
1820.png,Fixed,336,336,59,72,6971.0,65089.0,14112,57948,0.10709950990182673,0.12029750811071996
1821.png,DRIP,336,336,59,73,6794.0,65462.0,14308,57948,0.10378540221808072,0.11724304548905916
1821.png,Fixed,336,336,59,72,6971.0,65089.0,14112,57948,0.10709950990182673,0.12029750811071996
1824.png,DRIP,336,336,59,73,6794.0,65462.0,14308,57948,0.10378540221808072,0.11724304548905916
1824.png,Fixed,336,336,59,72,6971.0,65089.0,14112,57948,0.10709950990182673,0.12029750811071996
1825.png,DRIP,336,336,59,73,6794.0,65462.0,14308,57948,0.10378540221808072,0.11724304548905916
1825.png,Fixed,336,336,59,72,6971.0,65089.0,14112,57948,0.10709950990182673,0.12029750811071996
1829.png,DRIP,336,336,59,73,6794.0,65462.0,14308,57948,0.10378540221808072,0.11724304548905916
1829.png,Fixed,336,336,59,72,6971.0,65089.0,14112,57948,0.10709950990182673,0.12029750811071996
1832.png,DRIP,336,336,59,73,6794.0,65462.0,14308,57948,0.10378540221808072,0.11724304548905916
1832.png,Fixed,336,336,59,72,6971.0,65089.0,14112,57948,0.10709950990182673,0.12029750811071996
1834.png,DRIP,336,336,59,73,6794.0,65462.0,14308,57948,0.10378540221808072,0.11724304548905916
1834.png,Fixed,336,336,59,72,6971.0,65089.0,14112,57948,0.10709950990182673,0.12029750811071996
1841.png,DRIP,336,336,59,73,6794.0,65462.0,14308,57948,0.10378540221808072,0.11724304548905916
1841.png,Fixed,336,336,59,72,6971.0,65089.0,14112,57948,0.10709950990182673,0.12029750811071996
1843.png,DRIP,336,336,59,73,6794.0,65462.0,14308,57948,0.10378540221808072,0.11724304548905916
1843.png,Fixed,336,336,59,72,6971.0,65089.0,14112,57948,0.10709950990182673,0.12029750811071996
18508.png,DRIP,336,336,39,72,6540.0,53793.0,14112,46221,0.12157715687914784,0.1414941260466022
18508.png,Fixed,336,336,39,72,5971.0,54362.0,14112,46221,0.109837754313675,0.12918370437679844
18512.png,DRIP,336,336,39,72,6540.0,53793.0,14112,46221,0.12157715687914784,0.1414941260466022
18512.png,Fixed,336,336,39,72,5971.0,54362.0,14112,46221,0.109837754313675,0.12918370437679844
18516.png,DRIP,336,336,39,72,6540.0,53793.0,14112,46221,0.12157715687914784,0.1414941260466022
18516.png,Fixed,336,336,39,72,5971.0,54362.0,14112,46221,0.109837754313675,0.12918370437679844
18521.png,DRIP,336,336,39,72,6540.0,53793.0,14112,46221,0.12157715687914784,0.1414941260466022
18521.png,Fixed,336,336,39,72,5971.0,54362.0,14112,46221,0.109837754313675,0.12918370437679844
18526.png,DRIP,336,336,39,72,6540.0,53793.0,14112,46221,0.12157715687914784,0.1414941260466022
18526.png,Fixed,336,336,39,72,5971.0,54362.0,14112,46221,0.109837754313675,0.12918370437679844
18557.png,DRIP,336,336,23,73,4515.0,25759.0,14308,15966,0.17527854342171667,0.28278842540398347
18557.png,Fixed,336,336,23,72,2218.0,27860.0,14112,15966,0.07961234745154343,0.13892020543655267
18561.png,DRIP,336,336,23,73,4515.0,25759.0,14308,15966,0.17527854342171667,0.28278842540398347
18561.png,Fixed,336,336,23,72,2218.0,27860.0,14112,15966,0.07961234745154343,0.13892020543655267
18564.png,DRIP,336,336,23,73,4515.0,25759.0,14308,15966,0.17527854342171667,0.28278842540398347
18564.png,Fixed,336,336,23,72,2218.0,27860.0,14112,15966,0.07961234745154343,0.13892020543655267
18581.png,DRIP,336,336,23,73,4515.0,25759.0,14308,15966,0.17527854342171667,0.28278842540398347
18581.png,Fixed,336,336,23,72,2218.0,27860.0,14112,15966,0.07961234745154343,0.13892020543655267
18585.png,DRIP,336,336,23,73,4515.0,25759.0,14308,15966,0.17527854342171667,0.28278842540398347
18585.png,Fixed,336,336,23,72,2218.0,27860.0,14112,15966,0.07961234745154343,0.13892020543655267
18603.png,DRIP,336,336,51,73,4255.0,37407.0,14308,27354,0.11374876360039565,0.15555311837391242
18603.png,Fixed,336,336,51,72,3068.0,38398.0,14112,27354,0.07989999479139538,0.11215909921766469
18608.png,DRIP,336,336,51,73,4255.0,37407.0,14308,27354,0.11374876360039565,0.15555311837391242
18608.png,Fixed,336,336,51,72,3068.0,38398.0,14112,27354,0.07989999479139538,0.11215909921766469
18610.png,DRIP,336,336,51,73,4255.0,37407.0,14308,27354,0.11374876360039565,0.15555311837391242
18610.png,Fixed,336,336,51,72,3068.0,38398.0,14112,27354,0.07989999479139538,0.11215909921766469
18611.png,DRIP,336,336,20,73,5386.0,31243.0,14308,22321,0.17239061549787152,0.24129743291071187
18611.png,Fixed,336,336,20,72,3078.0,33355.0,14112,22321,0.0922800179883076,0.13789704762331437
18612.png,DRIP,336,336,20,73,5386.0,31243.0,14308,22321,0.17239061549787152,0.24129743291071187
18612.png,Fixed,336,336,20,72,3078.0,33355.0,14112,22321,0.0922800179883076,0.13789704762331437
18617.png,DRIP,336,336,20,73,5386.0,31243.0,14308,22321,0.17239061549787152,0.24129743291071187
18617.png,Fixed,336,336,20,72,3078.0,33355.0,14112,22321,0.0922800179883076,0.13789704762331437
18619.png,DRIP,336,336,20,73,5386.0,31243.0,14308,22321,0.17239061549787152,0.24129743291071187
18619.png,Fixed,336,336,20,72,3078.0,33355.0,14112,22321,0.0922800179883076,0.13789704762331437
18621.png,DRIP,336,336,20,73,5386.0,31243.0,14308,22321,0.17239061549787152,0.24129743291071187
18621.png,Fixed,336,336,20,72,3078.0,33355.0,14112,22321,0.0922800179883076,0.13789704762331437
18625.png,DRIP,336,336,51,73,4255.0,37407.0,14308,27354,0.11374876360039565,0.15555311837391242
18625.png,Fixed,336,336,51,72,3068.0,38398.0,14112,27354,0.07989999479139538,0.11215909921766469
18733.png,DRIP,336,336,19,73,3300.0,21393.0,14308,10385,0.1542560650680129,0.3177660086663457
18733.png,Fixed,336,336,19,72,2259.0,22238.0,14112,10385,0.10158287615792787,0.21752527684159845
18736.png,DRIP,336,336,19,73,3300.0,21393.0,14308,10385,0.1542560650680129,0.3177660086663457
18736.png,Fixed,336,336,19,72,2259.0,22238.0,14112,10385,0.10158287615792787,0.21752527684159845
18745.png,DRIP,336,336,19,73,3300.0,21393.0,14308,10385,0.1542560650680129,0.3177660086663457
18745.png,Fixed,336,336,19,72,2259.0,22238.0,14112,10385,0.10158287615792787,0.21752527684159845
18749.png,DRIP,336,336,38,73,5599.0,44017.0,14308,35308,0.12720085421541677,0.15857596012235187
18749.png,Fixed,336,336,38,72,4719.0,44701.0,14112,35308,0.10556810809601574,0.13365243004418262
18753.png,DRIP,336,336,38,73,5599.0,44017.0,14308,35308,0.12720085421541677,0.15857596012235187
18753.png,Fixed,336,336,38,72,4719.0,44701.0,14112,35308,0.10556810809601574,0.13365243004418262
18762.png,DRIP,336,336,38,73,5599.0,44017.0,14308,35308,0.12720085421541677,0.15857596012235187
18762.png,Fixed,336,336,38,72,4719.0,44701.0,14112,35308,0.10556810809601574,0.13365243004418262
18764.png,DRIP,336,336,38,73,5599.0,44017.0,14308,35308,0.12720085421541677,0.15857596012235187
18764.png,Fixed,336,336,38,72,4719.0,44701.0,14112,35308,0.10556810809601574,0.13365243004418262
18768.png,DRIP,336,336,38,73,5599.0,44017.0,14308,35308,0.12720085421541677,0.15857596012235187
18768.png,Fixed,336,336,38,72,4719.0,44701.0,14112,35308,0.10556810809601574,0.13365243004418262
18776.png,DRIP,336,336,38,73,5599.0,44017.0,14308,35308,0.12720085421541677,0.15857596012235187
18776.png,Fixed,336,336,38,72,4719.0,44701.0,14112,35308,0.10556810809601574,0.13365243004418262
18778.png,DRIP,336,336,38,73,5599.0,44017.0,14308,35308,0.12720085421541677,0.15857596012235187
18778.png,Fixed,336,336,38,72,4719.0,44701.0,14112,35308,0.10556810809601574,0.13365243004418262
18779.png,DRIP,336,336,38,73,5599.0,44017.0,14308,35308,0.12720085421541677,0.15857596012235187
18779.png,Fixed,336,336,38,72,4719.0,44701.0,14112,35308,0.10556810809601574,0.13365243004418262
18781.png,DRIP,336,336,38,73,5599.0,44017.0,14308,35308,0.12720085421541677,0.15857596012235187
18781.png,Fixed,336,336,38,72,4719.0,44701.0,14112,35308,0.10556810809601574,0.13365243004418262
18804.png,DRIP,336,336,15,72,3962.0,22781.0,14112,12631,0.17391686054167946,0.3136727099992083
18804.png,Fixed,336,336,15,72,1514.0,25229.0,14112,12631,0.06001030560069761,0.11986382709207505
18808.png,DRIP,336,336,15,72,3962.0,22781.0,14112,12631,0.17391686054167946,0.3136727099992083
18808.png,Fixed,336,336,15,72,1514.0,25229.0,14112,12631,0.06001030560069761,0.11986382709207505
18811.png,DRIP,336,336,15,72,3962.0,22781.0,14112,12631,0.17391686054167946,0.3136727099992083
18811.png,Fixed,336,336,15,72,1514.0,25229.0,14112,12631,0.06001030560069761,0.11986382709207505
18813.png,DRIP,336,336,15,72,3962.0,22781.0,14112,12631,0.17391686054167946,0.3136727099992083
18813.png,Fixed,336,336,15,72,1514.0,25229.0,14112,12631,0.06001030560069761,0.11986382709207505
18819.png,DRIP,336,336,11,72,1660.0,20668.0,14112,8216,0.08031739887749177,0.2020447906523856
18819.png,Fixed,336,336,11,72,984.0,21344.0,14112,8216,0.046101949025487254,0.11976630963972736
18821.png,DRIP,336,336,11,72,1660.0,20668.0,14112,8216,0.08031739887749177,0.2020447906523856
18821.png,Fixed,336,336,11,72,984.0,21344.0,14112,8216,0.046101949025487254,0.11976630963972736
18824.png,DRIP,336,336,11,72,1660.0,20668.0,14112,8216,0.08031739887749177,0.2020447906523856
18824.png,Fixed,336,336,11,72,984.0,21344.0,14112,8216,0.046101949025487254,0.11976630963972736
18828.png,DRIP,336,336,11,72,1660.0,20668.0,14112,8216,0.08031739887749177,0.2020447906523856
18828.png,Fixed,336,336,11,72,984.0,21344.0,14112,8216,0.046101949025487254,0.11976630963972736
18831.png,DRIP,336,336,11,72,1660.0,20668.0,14112,8216,0.08031739887749177,0.2020447906523856
18831.png,Fixed,336,336,11,72,984.0,21344.0,14112,8216,0.046101949025487254,0.11976630963972736
18836.png,DRIP,336,336,19,72,4980.0,36921.0,14112,27789,0.13488258714552692,0.17920760012954767
18836.png,Fixed,336,336,19,72,3482.0,38419.0,14112,27789,0.09063223925661781,0.12530137824318976
18838.png,DRIP,336,336,19,72,4980.0,36921.0,14112,27789,0.13488258714552692,0.17920760012954767
18838.png,Fixed,336,336,19,72,3482.0,38419.0,14112,27789,0.09063223925661781,0.12530137824318976
18841.png,DRIP,336,336,19,72,4980.0,36921.0,14112,27789,0.13488258714552692,0.17920760012954767
18841.png,Fixed,336,336,19,72,3482.0,38419.0,14112,27789,0.09063223925661781,0.12530137824318976
18842.png,DRIP,336,336,19,72,4980.0,36921.0,14112,27789,0.13488258714552692,0.17920760012954767
18842.png,Fixed,336,336,19,72,3482.0,38419.0,14112,27789,0.09063223925661781,0.12530137824318976
1886.png,DRIP,336,336,10,73,2576.0,21963.0,14308,10231,0.11728816646177663,0.25178379435050335
1886.png,Fixed,336,336,10,72,1485.0,22858.0,14112,10231,0.06496631376323388,0.1451471019450689
18866.png,DRIP,336,336,33,73,5749.0,32073.0,14308,23514,0.17924734200106007,0.24449264268095602
18866.png,Fixed,336,336,33,72,2669.0,34957.0,14112,23514,0.07635094544726378,0.11350684698477503
1887.png,DRIP,336,336,10,73,2576.0,21963.0,14308,10231,0.11728816646177663,0.25178379435050335
1887.png,Fixed,336,336,10,72,1485.0,22858.0,14112,10231,0.06496631376323388,0.1451471019450689
18870.png,DRIP,336,336,33,73,5749.0,32073.0,14308,23514,0.17924734200106007,0.24449264268095602
18870.png,Fixed,336,336,33,72,2669.0,34957.0,14112,23514,0.07635094544726378,0.11350684698477503
18872.png,DRIP,336,336,33,73,5749.0,32073.0,14308,23514,0.17924734200106007,0.24449264268095602
18872.png,Fixed,336,336,33,72,2669.0,34957.0,14112,23514,0.07635094544726378,0.11350684698477503
18875.png,DRIP,336,336,33,73,5749.0,32073.0,14308,23514,0.17924734200106007,0.24449264268095602
18875.png,Fixed,336,336,33,72,2669.0,34957.0,14112,23514,0.07635094544726378,0.11350684698477503
1888.png,DRIP,336,336,10,73,2576.0,21963.0,14308,10231,0.11728816646177663,0.25178379435050335
1888.png,Fixed,336,336,10,72,1485.0,22858.0,14112,10231,0.06496631376323388,0.1451471019450689
1889.png,DRIP,336,336,17,73,5827.0,64037.0,14308,55556,0.09099426893827006,0.10488516091871265
1889.png,Fixed,336,336,17,72,6895.0,62773.0,14112,55556,0.10984021792809011,0.12410900712794298
1890.png,DRIP,336,336,17,73,5827.0,64037.0,14308,55556,0.09099426893827006,0.10488516091871265
1890.png,Fixed,336,336,17,72,6895.0,62773.0,14112,55556,0.10984021792809011,0.12410900712794298
1891.png,DRIP,336,336,6,73,5522.0,21396.0,14308,12610,0.2580856234810245,0.4379064234734338
1891.png,Fixed,336,336,6,72,1450.0,25272.0,14112,12610,0.05737575182019627,0.11498810467882632
1893.png,DRIP,336,336,15,73,9572.0,77153.0,14308,72417,0.1240651692092336,0.13217890826739578
1893.png,Fixed,336,336,15,72,9325.0,77204.0,14112,72417,0.12078389720739859,0.12876810693621663
1894.png,DRIP,336,336,15,73,9572.0,77153.0,14308,72417,0.1240651692092336,0.13217890826739578
1894.png,Fixed,336,336,15,72,9325.0,77204.0,14112,72417,0.12078389720739859,0.12876810693621663
18950.png,DRIP,336,336,38,72,3670.0,30784.0,14112,20342,0.11921777546777547,0.18041490512240685
18950.png,Fixed,336,336,38,72,2605.0,31849.0,14112,20342,0.08179220697667117,0.12806017107462392
18956.png,DRIP,336,336,38,72,3670.0,30784.0,14112,20342,0.11921777546777547,0.18041490512240685
18956.png,Fixed,336,336,38,72,2605.0,31849.0,14112,20342,0.08179220697667117,0.12806017107462392
18961.png,DRIP,336,336,38,72,3670.0,30784.0,14112,20342,0.11921777546777547,0.18041490512240685
18961.png,Fixed,336,336,38,72,2605.0,31849.0,14112,20342,0.08179220697667117,0.12806017107462392
18964.png,DRIP,336,336,38,72,3670.0,30784.0,14112,20342,0.11921777546777547,0.18041490512240685
18964.png,Fixed,336,336,38,72,2605.0,31849.0,14112,20342,0.08179220697667117,0.12806017107462392
18968.png,DRIP,336,336,38,72,3670.0,30784.0,14112,20342,0.11921777546777547,0.18041490512240685
18968.png,Fixed,336,336,38,72,2605.0,31849.0,14112,20342,0.08179220697667117,0.12806017107462392
18975.png,DRIP,336,336,36,73,5442.0,30076.0,14308,21210,0.18094161457640642,0.2565770862800566
18975.png,Fixed,336,336,36,72,2369.0,32953.0,14112,21210,0.07189026795739387,0.11169259783121169
18978.png,DRIP,336,336,36,73,5442.0,30076.0,14308,21210,0.18094161457640642,0.2565770862800566
18978.png,Fixed,336,336,36,72,2369.0,32953.0,14112,21210,0.07189026795739387,0.11169259783121169
1898.png,DRIP,336,336,21,73,6590.0,26541.0,14308,18823,0.24829509061452093,0.35010359666365615
1898.png,Fixed,336,336,21,72,2550.0,30385.0,14112,18823,0.08392298831660358,0.13547256016575465
18982.png,DRIP,336,336,36,73,5442.0,30076.0,14308,21210,0.18094161457640642,0.2565770862800566
18982.png,Fixed,336,336,36,72,2369.0,32953.0,14112,21210,0.07189026795739387,0.11169259783121169
1899.png,DRIP,336,336,21,73,6590.0,26541.0,14308,18823,0.24829509061452093,0.35010359666365615
1899.png,Fixed,336,336,21,72,2550.0,30385.0,14112,18823,0.08392298831660358,0.13547256016575465
18992.png,DRIP,336,336,36,73,5442.0,30076.0,14308,21210,0.18094161457640642,0.2565770862800566
18992.png,Fixed,336,336,36,72,2369.0,32953.0,14112,21210,0.07189026795739387,0.11169259783121169
18999.png,DRIP,336,336,36,73,5442.0,30076.0,14308,21210,0.18094161457640642,0.2565770862800566
18999.png,Fixed,336,336,36,72,2369.0,32953.0,14112,21210,0.07189026795739387,0.11169259783121169
1900.png,DRIP,336,336,23,73,4397.0,35380.0,14308,25469,0.1242792538157151,0.17264125014723783
1900.png,Fixed,336,336,23,72,3475.0,36106.0,14112,25469,0.09624439151387582,0.13644037849935214
19005.png,DRIP,336,336,36,73,5442.0,30076.0,14308,21210,0.18094161457640642,0.2565770862800566
19005.png,Fixed,336,336,36,72,2369.0,32953.0,14112,21210,0.07189026795739387,0.11169259783121169
1901.png,DRIP,336,336,15,73,7896.0,40011.0,14308,33599,0.19734572992427082,0.23500699425578142
1901.png,Fixed,336,336,15,72,4774.0,42937.0,14112,33599,0.11118615646179286,0.1420875621298253
19010.png,DRIP,336,336,36,73,5442.0,30076.0,14308,21210,0.18094161457640642,0.2565770862800566
19010.png,Fixed,336,336,36,72,2369.0,32953.0,14112,21210,0.07189026795739387,0.11169259783121169
1903.png,DRIP,336,336,8,73,1454.0,18575.0,14308,5721,0.07827725437415882,0.25415137213773814
1903.png,Fixed,336,336,8,72,672.0,19161.0,14112,5721,0.035071238453107875,0.11746198217094914
19064.png,DRIP,336,336,23,73,5037.0,37328.0,14308,28057,0.13493891984569223,0.17952739066899526
19064.png,Fixed,336,336,23,72,3230.0,38939.0,14112,28057,0.08295025552787694,0.11512278575756496
19069.png,DRIP,336,336,23,73,5037.0,37328.0,14308,28057,0.13493891984569223,0.17952739066899526
19069.png,Fixed,336,336,23,72,3230.0,38939.0,14112,28057,0.08295025552787694,0.11512278575756496
19071.png,DRIP,336,336,23,73,5037.0,37328.0,14308,28057,0.13493891984569223,0.17952739066899526
19071.png,Fixed,336,336,23,72,3230.0,38939.0,14112,28057,0.08295025552787694,0.11512278575756496
19076.png,DRIP,336,336,23,73,5037.0,37328.0,14308,28057,0.13493891984569223,0.17952739066899526
19076.png,Fixed,336,336,23,72,3230.0,38939.0,14112,28057,0.08295025552787694,0.11512278575756496
19089.png,DRIP,336,336,32,73,7622.0,52419.0,14308,45733,0.14540529197428415,0.1666630223252356
19089.png,Fixed,336,336,32,72,5555.0,54290.0,14112,45733,0.10232086940504696,0.12146589989722957
19093.png,DRIP,336,336,32,73,7622.0,52419.0,14308,45733,0.14540529197428415,0.1666630223252356
19093.png,Fixed,336,336,32,72,5555.0,54290.0,14112,45733,0.10232086940504696,0.12146589989722957
19100.png,DRIP,336,336,32,73,7622.0,52419.0,14308,45733,0.14540529197428415,0.1666630223252356
19100.png,Fixed,336,336,32,72,5555.0,54290.0,14112,45733,0.10232086940504696,0.12146589989722957
19119.png,DRIP,336,336,32,73,7622.0,52419.0,14308,45733,0.14540529197428415,0.1666630223252356
19119.png,Fixed,336,336,32,72,5555.0,54290.0,14112,45733,0.10232086940504696,0.12146589989722957
19132.png,DRIP,336,336,32,73,7622.0,52419.0,14308,45733,0.14540529197428415,0.1666630223252356
19132.png,Fixed,336,336,32,72,5555.0,54290.0,14112,45733,0.10232086940504696,0.12146589989722957
19135.png,DRIP,336,336,32,73,7622.0,52419.0,14308,45733,0.14540529197428415,0.1666630223252356
19135.png,Fixed,336,336,32,72,5555.0,54290.0,14112,45733,0.10232086940504696,0.12146589989722957
19143.png,DRIP,336,336,32,73,7622.0,52419.0,14308,45733,0.14540529197428415,0.1666630223252356
19143.png,Fixed,336,336,32,72,5555.0,54290.0,14112,45733,0.10232086940504696,0.12146589989722957
19145.png,DRIP,336,336,25,73,4054.0,26171.0,14308,15917,0.1549042833670857,0.25469623672802666
19145.png,Fixed,336,336,25,72,1853.0,28176.0,14112,15917,0.06576519023282226,0.11641641012753659
19148.png,DRIP,336,336,25,73,4054.0,26171.0,14308,15917,0.1549042833670857,0.25469623672802666
19148.png,Fixed,336,336,25,72,1853.0,28176.0,14112,15917,0.06576519023282226,0.11641641012753659
19153.png,DRIP,336,336,25,73,4054.0,26171.0,14308,15917,0.1549042833670857,0.25469623672802666
19153.png,Fixed,336,336,25,72,1853.0,28176.0,14112,15917,0.06576519023282226,0.11641641012753659
19158.png,DRIP,336,336,25,73,4054.0,26171.0,14308,15917,0.1549042833670857,0.25469623672802666
19158.png,Fixed,336,336,25,72,1853.0,28176.0,14112,15917,0.06576519023282226,0.11641641012753659
19162.png,DRIP,336,336,25,73,4054.0,26171.0,14308,15917,0.1549042833670857,0.25469623672802666
19162.png,Fixed,336,336,25,72,1853.0,28176.0,14112,15917,0.06576519023282226,0.11641641012753659
19166.png,DRIP,336,336,25,73,4054.0,26171.0,14308,15917,0.1549042833670857,0.25469623672802666
19166.png,Fixed,336,336,25,72,1853.0,28176.0,14112,15917,0.06576519023282226,0.11641641012753659
19171.png,DRIP,336,336,25,73,4054.0,26171.0,14308,15917,0.1549042833670857,0.25469623672802666
19171.png,Fixed,336,336,25,72,1853.0,28176.0,14112,15917,0.06576519023282226,0.11641641012753659
19175.png,DRIP,336,336,25,73,4054.0,26171.0,14308,15917,0.1549042833670857,0.25469623672802666
19175.png,Fixed,336,336,25,72,1853.0,28176.0,14112,15917,0.06576519023282226,0.11641641012753659
19216.png,DRIP,336,336,6,73,1214.0,20836.0,14308,7742,0.05826454213860626,0.1568070266081116
19216.png,Fixed,336,336,6,72,854.0,21000.0,14112,7742,0.04066666666666666,0.11030741410488246
19218.png,DRIP,336,336,6,73,1214.0,20836.0,14308,7742,0.05826454213860626,0.1568070266081116
19218.png,Fixed,336,336,6,72,854.0,21000.0,14112,7742,0.04066666666666666,0.11030741410488246
19222.png,DRIP,336,336,6,73,1214.0,20836.0,14308,7742,0.05826454213860626,0.1568070266081116
19222.png,Fixed,336,336,6,72,854.0,21000.0,14112,7742,0.04066666666666666,0.11030741410488246
19224.png,DRIP,336,336,6,73,1214.0,20836.0,14308,7742,0.05826454213860626,0.1568070266081116
19224.png,Fixed,336,336,6,72,854.0,21000.0,14112,7742,0.04066666666666666,0.11030741410488246
19226.png,DRIP,336,336,6,73,1214.0,20836.0,14308,7742,0.05826454213860626,0.1568070266081116
19226.png,Fixed,336,336,6,72,854.0,21000.0,14112,7742,0.04066666666666666,0.11030741410488246
19228.png,DRIP,336,336,6,73,1214.0,20836.0,14308,7742,0.05826454213860626,0.1568070266081116
19228.png,Fixed,336,336,6,72,854.0,21000.0,14112,7742,0.04066666666666666,0.11030741410488246
19229.png,DRIP,336,336,6,73,1214.0,20836.0,14308,7742,0.05826454213860626,0.1568070266081116
19229.png,Fixed,336,336,6,72,854.0,21000.0,14112,7742,0.04066666666666666,0.11030741410488246
1924.png,DRIP,336,336,28,73,3429.0,28843.0,14308,17964,0.11888499809312485,0.1908817635270541
1924.png,Fixed,336,336,28,72,2270.0,29806.0,14112,17964,0.07615916258471449,0.12636383878868848
19241.png,DRIP,336,336,9,73,868.0,26586.0,14308,13146,0.03264876250658241,0.06602768903088392
19241.png,Fixed,336,336,9,72,1724.0,25534.0,14112,13146,0.06751781937808413,0.13114255286779247
19243.png,DRIP,336,336,9,73,868.0,26586.0,14308,13146,0.03264876250658241,0.06602768903088392
19243.png,Fixed,336,336,9,72,1724.0,25534.0,14112,13146,0.06751781937808413,0.13114255286779247
19245.png,DRIP,336,336,9,73,868.0,26586.0,14308,13146,0.03264876250658241,0.06602768903088392
19245.png,Fixed,336,336,9,72,1724.0,25534.0,14112,13146,0.06751781937808413,0.13114255286779247
19251.png,DRIP,336,336,2,73,1006.0,15808.0,14308,2506,0.06363866396761134,0.4014365522745411
19251.png,Fixed,336,336,2,72,434.0,16184.0,14112,2506,0.026816608996539794,0.17318435754189945
19252.png,DRIP,336,336,2,73,1006.0,15808.0,14308,2506,0.06363866396761134,0.4014365522745411
19252.png,Fixed,336,336,2,72,434.0,16184.0,14112,2506,0.026816608996539794,0.17318435754189945
1926.png,DRIP,336,336,28,73,3429.0,28843.0,14308,17964,0.11888499809312485,0.1908817635270541
1926.png,Fixed,336,336,28,72,2270.0,29806.0,14112,17964,0.07615916258471449,0.12636383878868848
1929.png,DRIP,336,336,28,73,3429.0,28843.0,14308,17964,0.11888499809312485,0.1908817635270541
1929.png,Fixed,336,336,28,72,2270.0,29806.0,14112,17964,0.07615916258471449,0.12636383878868848
1930.png,DRIP,336,336,28,73,3429.0,28843.0,14308,17964,0.11888499809312485,0.1908817635270541
1930.png,Fixed,336,336,28,72,2270.0,29806.0,14112,17964,0.07615916258471449,0.12636383878868848
1953.png,DRIP,336,336,46,73,3332.0,36016.0,14308,25040,0.09251443802754332,0.1330670926517572
1953.png,Fixed,336,336,46,72,3785.0,35367.0,14112,25040,0.1070206689852122,0.15115814696485624
1954.png,DRIP,336,336,46,73,3332.0,36016.0,14308,25040,0.09251443802754332,0.1330670926517572
1954.png,Fixed,336,336,46,72,3785.0,35367.0,14112,25040,0.1070206689852122,0.15115814696485624
1955.png,DRIP,336,336,46,73,3332.0,36016.0,14308,25040,0.09251443802754332,0.1330670926517572
1955.png,Fixed,336,336,46,72,3785.0,35367.0,14112,25040,0.1070206689852122,0.15115814696485624
1956.png,DRIP,336,336,46,73,3332.0,36016.0,14308,25040,0.09251443802754332,0.1330670926517572
1956.png,Fixed,336,336,46,72,3785.0,35367.0,14112,25040,0.1070206689852122,0.15115814696485624
1957.png,DRIP,336,336,46,73,3332.0,36016.0,14308,25040,0.09251443802754332,0.1330670926517572
1957.png,Fixed,336,336,46,72,3785.0,35367.0,14112,25040,0.1070206689852122,0.15115814696485624
1958.png,DRIP,336,336,46,73,3332.0,36016.0,14308,25040,0.09251443802754332,0.1330670926517572
1958.png,Fixed,336,336,46,72,3785.0,35367.0,14112,25040,0.1070206689852122,0.15115814696485624
1959.png,DRIP,336,336,46,73,3332.0,36016.0,14308,25040,0.09251443802754332,0.1330670926517572
1959.png,Fixed,336,336,46,72,3785.0,35367.0,14112,25040,0.1070206689852122,0.15115814696485624
1960.png,DRIP,336,336,46,73,3332.0,36016.0,14308,25040,0.09251443802754332,0.1330670926517572
1960.png,Fixed,336,336,46,72,3785.0,35367.0,14112,25040,0.1070206689852122,0.15115814696485624
1961.png,DRIP,336,336,46,73,3332.0,36016.0,14308,25040,0.09251443802754332,0.1330670926517572
1961.png,Fixed,336,336,46,72,3785.0,35367.0,14112,25040,0.1070206689852122,0.15115814696485624
1962.png,DRIP,336,336,9,73,4984.0,32881.0,14308,23557,0.15157689851281894,0.21157193190983573
1962.png,Fixed,336,336,9,72,2091.0,35578.0,14112,23557,0.05877227500140536,0.08876342488432314
1963.png,DRIP,336,336,9,73,4984.0,32881.0,14308,23557,0.15157689851281894,0.21157193190983573
1963.png,Fixed,336,336,9,72,2091.0,35578.0,14112,23557,0.05877227500140536,0.08876342488432314
1964.png,DRIP,336,336,9,73,4984.0,32881.0,14308,23557,0.15157689851281894,0.21157193190983573
1964.png,Fixed,336,336,9,72,2091.0,35578.0,14112,23557,0.05877227500140536,0.08876342488432314
1972.png,DRIP,336,336,73,73,2627.0,34602.0,14308,22921,0.07592046702502746,0.1146110553640766
1972.png,Fixed,336,336,73,72,2450.0,34583.0,14112,22921,0.07084405632825376,0.10688887919375245
1973.png,DRIP,336,336,73,73,2627.0,34602.0,14308,22921,0.07592046702502746,0.1146110553640766
1973.png,Fixed,336,336,73,72,2450.0,34583.0,14112,22921,0.07084405632825376,0.10688887919375245
1974.png,DRIP,336,336,73,73,2627.0,34602.0,14308,22921,0.07592046702502746,0.1146110553640766
1974.png,Fixed,336,336,73,72,2450.0,34583.0,14112,22921,0.07084405632825376,0.10688887919375245
1978.png,DRIP,336,336,41,73,5796.0,41352.0,14308,32840,0.14016250725478815,0.17649208282582216
1978.png,Fixed,336,336,41,72,4337.0,42615.0,14112,32840,0.10177167663968087,0.13206455542021925
1979.png,DRIP,336,336,41,73,5796.0,41352.0,14308,32840,0.14016250725478815,0.17649208282582216
1979.png,Fixed,336,336,41,72,4337.0,42615.0,14112,32840,0.10177167663968087,0.13206455542021925
1982.png,DRIP,336,336,76,73,2903.0,33835.0,14308,22430,0.085798729126644,0.12942487739634417
1982.png,Fixed,336,336,76,72,3018.0,33524.0,14112,22430,0.09002505667581434,0.1345519393669193
1983.png,DRIP,336,336,76,73,2903.0,33835.0,14308,22430,0.085798729126644,0.12942487739634417
1983.png,Fixed,336,336,76,72,3018.0,33524.0,14112,22430,0.09002505667581434,0.1345519393669193
1984.png,DRIP,336,336,71,73,2532.0,32145.0,14308,20369,0.07876808212785814,0.12430654425843193
1984.png,Fixed,336,336,71,72,2727.0,31754.0,14112,20369,0.08587894438495937,0.13387991555795573
1985.png,DRIP,336,336,71,73,2532.0,32145.0,14308,20369,0.07876808212785814,0.12430654425843193
1985.png,Fixed,336,336,71,72,2727.0,31754.0,14112,20369,0.08587894438495937,0.13387991555795573
1986.png,DRIP,336,336,70,73,2844.0,33219.0,14308,21755,0.08561365483608778,0.13072856814525396
1986.png,Fixed,336,336,70,72,3223.0,32644.0,14112,21755,0.0987317730670261,0.1481498506090554
1987.png,DRIP,336,336,70,73,2844.0,33219.0,14308,21755,0.08561365483608778,0.13072856814525396
1987.png,Fixed,336,336,70,72,3223.0,32644.0,14112,21755,0.0987317730670261,0.1481498506090554
2006.png,DRIP,336,336,32,73,4679.0,33445.0,14308,23816,0.13990133054268203,0.19646456163923412
2006.png,Fixed,336,336,32,72,2856.0,35072.0,14112,23816,0.08143248175182481,0.11991938192811555
2007.png,DRIP,336,336,32,73,4679.0,33445.0,14308,23816,0.13990133054268203,0.19646456163923412
2007.png,Fixed,336,336,32,72,2856.0,35072.0,14112,23816,0.08143248175182481,0.11991938192811555
2008.png,DRIP,336,336,32,73,4679.0,33445.0,14308,23816,0.13990133054268203,0.19646456163923412
2008.png,Fixed,336,336,32,72,2856.0,35072.0,14112,23816,0.08143248175182481,0.11991938192811555
20111.png,DRIP,336,336,2,73,1006.0,15808.0,14308,2506,0.06363866396761134,0.4014365522745411
20111.png,Fixed,336,336,2,72,434.0,16184.0,14112,2506,0.026816608996539794,0.17318435754189945
20741.png,DRIP,336,336,31,73,6123.0,68515.0,14308,60330,0.08936729183390499,0.10149179512680259
20741.png,Fixed,336,336,31,72,7360.0,67082.0,14112,60330,0.1097164664142393,0.12199569036963367
20840.png,DRIP,336,336,33,72,4009.0,26221.0,14112,16118,0.15289271957591244,0.24872813004094801
20840.png,Fixed,336,336,33,72,1599.0,28631.0,14112,16118,0.05584855576123782,0.09920585680605534
21035.png,DRIP,336,336,47,72,4964.0,33194.0,14112,24046,0.14954509851177925,0.20643766114946352
21035.png,Fixed,336,336,47,72,3108.0,35050.0,14112,24046,0.08867332382310984,0.12925226648922897
21036.png,DRIP,336,336,47,72,4964.0,33194.0,14112,24046,0.14954509851177925,0.20643766114946352
21036.png,Fixed,336,336,47,72,3108.0,35050.0,14112,24046,0.08867332382310984,0.12925226648922897
21048.png,DRIP,336,336,11,72,4747.0,19370.0,14112,10005,0.24506969540526588,0.47446276861569214
21048.png,Fixed,336,336,11,72,1346.0,22771.0,14112,10005,0.05911027183698564,0.1345327336331834
21061.png,DRIP,336,336,18,72,5743.0,45045.0,14112,36676,0.12749472749472748,0.1565874141127713
21061.png,Fixed,336,336,18,72,4272.0,46516.0,14112,36676,0.09183936709949264,0.11647944159668448
21063.png,DRIP,336,336,15,72,4020.0,27566.0,14112,17474,0.14583182180947543,0.23005608332379535
21063.png,Fixed,336,336,15,72,1802.0,29784.0,14112,17474,0.06050228310502283,0.1031246423257411
21064.png,DRIP,336,336,15,72,4020.0,27566.0,14112,17474,0.14583182180947543,0.23005608332379535
21064.png,Fixed,336,336,15,72,1802.0,29784.0,14112,17474,0.06050228310502283,0.1031246423257411
21067.png,DRIP,336,336,18,72,5743.0,45045.0,14112,36676,0.12749472749472748,0.1565874141127713
21067.png,Fixed,336,336,18,72,4272.0,46516.0,14112,36676,0.09183936709949264,0.11647944159668448
21068.png,DRIP,336,336,15,72,4020.0,27566.0,14112,17474,0.14583182180947543,0.23005608332379535
21068.png,Fixed,336,336,15,72,1802.0,29784.0,14112,17474,0.06050228310502283,0.1031246423257411
21070.png,DRIP,336,336,18,72,5743.0,45045.0,14112,36676,0.12749472749472748,0.1565874141127713
21070.png,Fixed,336,336,18,72,4272.0,46516.0,14112,36676,0.09183936709949264,0.11647944159668448
21121.png,DRIP,336,336,23,72,2258.0,23177.0,14112,11323,0.0974241705138715,0.19941711560540493
21121.png,Fixed,336,336,23,72,930.0,24505.0,14112,11323,0.03795143848194246,0.08213371014748741
21126.png,DRIP,336,336,23,72,2258.0,23177.0,14112,11323,0.0974241705138715,0.19941711560540493
21126.png,Fixed,336,336,23,72,930.0,24505.0,14112,11323,0.03795143848194246,0.08213371014748741
21132.png,DRIP,336,336,23,72,2258.0,23177.0,14112,11323,0.0974241705138715,0.19941711560540493
21132.png,Fixed,336,336,23,72,930.0,24505.0,14112,11323,0.03795143848194246,0.08213371014748741
21209.png,DRIP,336,336,62,72,3689.0,31267.0,14112,20844,0.11798381680365881,0.17698138553060833
21209.png,Fixed,336,336,62,72,1740.0,33216.0,14112,20844,0.05238439306358381,0.08347725964306275
21211.png,DRIP,336,336,62,72,3689.0,31267.0,14112,20844,0.11798381680365881,0.17698138553060833
21211.png,Fixed,336,336,62,72,1740.0,33216.0,14112,20844,0.05238439306358381,0.08347725964306275
21212.png,DRIP,336,336,62,72,3689.0,31267.0,14112,20844,0.11798381680365881,0.17698138553060833
21212.png,Fixed,336,336,62,72,1740.0,33216.0,14112,20844,0.05238439306358381,0.08347725964306275
21213.png,DRIP,336,336,62,72,3689.0,31267.0,14112,20844,0.11798381680365881,0.17698138553060833
21213.png,Fixed,336,336,62,72,1740.0,33216.0,14112,20844,0.05238439306358381,0.08347725964306275
21294.png,DRIP,336,336,61,72,3819.0,28259.0,14112,17966,0.13514278636894442,0.21256818434821328
21294.png,Fixed,336,336,61,72,2123.0,29955.0,14112,17966,0.07087297613086296,0.11816765000556607
21297.png,DRIP,336,336,61,72,3819.0,28259.0,14112,17966,0.13514278636894442,0.21256818434821328
21297.png,Fixed,336,336,61,72,2123.0,29955.0,14112,17966,0.07087297613086296,0.11816765000556607
21300.png,DRIP,336,336,61,72,3819.0,28259.0,14112,17966,0.13514278636894442,0.21256818434821328
21300.png,Fixed,336,336,61,72,2123.0,29955.0,14112,17966,0.07087297613086296,0.11816765000556607
21303.png,DRIP,336,336,61,72,3819.0,28259.0,14112,17966,0.13514278636894442,0.21256818434821328
21303.png,Fixed,336,336,61,72,2123.0,29955.0,14112,17966,0.07087297613086296,0.11816765000556607
21306.png,DRIP,336,336,61,72,3819.0,28259.0,14112,17966,0.13514278636894442,0.21256818434821328
21306.png,Fixed,336,336,61,72,2123.0,29955.0,14112,17966,0.07087297613086296,0.11816765000556607
2143.png,DRIP,336,336,10,73,836.0,21920.0,14308,8448,0.038138686131386865,0.09895833333333333
2143.png,Fixed,336,336,10,72,778.0,21782.0,14112,8448,0.03571756496189514,0.09209280303030302
2144.png,DRIP,336,336,10,73,836.0,21920.0,14308,8448,0.038138686131386865,0.09895833333333333
2144.png,Fixed,336,336,10,72,778.0,21782.0,14112,8448,0.03571756496189514,0.09209280303030302
2145.png,DRIP,336,336,10,73,836.0,21920.0,14308,8448,0.038138686131386865,0.09895833333333333
2145.png,Fixed,336,336,10,72,778.0,21782.0,14112,8448,0.03571756496189514,0.09209280303030302
2146.png,DRIP,336,336,10,73,836.0,21920.0,14308,8448,0.038138686131386865,0.09895833333333333
2146.png,Fixed,336,336,10,72,778.0,21782.0,14112,8448,0.03571756496189514,0.09209280303030302
21520.png,DRIP,336,336,18,73,9275.0,61687.0,14308,56654,0.1503558286186717,0.16371306527341406
21520.png,Fixed,336,336,18,72,6618.0,64148.0,14112,56654,0.10316767475213569,0.1168143467363293
21699.png,DRIP,336,336,23,72,4186.0,30490.0,14112,20564,0.1372909150541161,0.20355961875121573
21699.png,Fixed,336,336,23,72,2887.0,31789.0,14112,20564,0.09081757840762528,0.14039097451857616
21700.png,DRIP,336,336,23,72,4186.0,30490.0,14112,20564,0.1372909150541161,0.20355961875121573
21700.png,Fixed,336,336,23,72,2887.0,31789.0,14112,20564,0.09081757840762528,0.14039097451857616
21702.png,DRIP,336,336,23,72,4186.0,30490.0,14112,20564,0.1372909150541161,0.20355961875121573
21702.png,Fixed,336,336,23,72,2887.0,31789.0,14112,20564,0.09081757840762528,0.14039097451857616
21703.png,DRIP,336,336,23,72,4186.0,30490.0,14112,20564,0.1372909150541161,0.20355961875121573
21703.png,Fixed,336,336,23,72,2887.0,31789.0,14112,20564,0.09081757840762528,0.14039097451857616
21704.png,DRIP,336,336,23,72,4186.0,30490.0,14112,20564,0.1372909150541161,0.20355961875121573
21704.png,Fixed,336,336,23,72,2887.0,31789.0,14112,20564,0.09081757840762528,0.14039097451857616
21705.png,DRIP,336,336,23,72,4186.0,30490.0,14112,20564,0.1372909150541161,0.20355961875121573
21705.png,Fixed,336,336,23,72,2887.0,31789.0,14112,20564,0.09081757840762528,0.14039097451857616
21707.png,DRIP,336,336,23,72,4186.0,30490.0,14112,20564,0.1372909150541161,0.20355961875121573
21707.png,Fixed,336,336,23,72,2887.0,31789.0,14112,20564,0.09081757840762528,0.14039097451857616
21708.png,DRIP,336,336,23,72,4186.0,30490.0,14112,20564,0.1372909150541161,0.20355961875121573
21708.png,Fixed,336,336,23,72,2887.0,31789.0,14112,20564,0.09081757840762528,0.14039097451857616
21710.png,DRIP,336,336,23,72,4186.0,30490.0,14112,20564,0.1372909150541161,0.20355961875121573
21710.png,Fixed,336,336,23,72,2887.0,31789.0,14112,20564,0.09081757840762528,0.14039097451857616
21711.png,DRIP,336,336,23,72,4186.0,30490.0,14112,20564,0.1372909150541161,0.20355961875121573
21711.png,Fixed,336,336,23,72,2887.0,31789.0,14112,20564,0.09081757840762528,0.14039097451857616
2175.png,DRIP,336,336,10,73,836.0,21920.0,14308,8448,0.038138686131386865,0.09895833333333333
2175.png,Fixed,336,336,10,72,778.0,21782.0,14112,8448,0.03571756496189514,0.09209280303030302
2176.png,DRIP,336,336,10,73,836.0,21920.0,14308,8448,0.038138686131386865,0.09895833333333333
2176.png,Fixed,336,336,10,72,778.0,21782.0,14112,8448,0.03571756496189514,0.09209280303030302
2177.png,DRIP,336,336,10,73,836.0,21920.0,14308,8448,0.038138686131386865,0.09895833333333333
2177.png,Fixed,336,336,10,72,778.0,21782.0,14112,8448,0.03571756496189514,0.09209280303030302
2186.png,DRIP,336,336,26,73,4778.0,35329.0,14308,25799,0.13524300150018398,0.1852009767820458
2186.png,Fixed,336,336,26,72,3502.0,36409.0,14112,25799,0.09618500920102173,0.13574169541455094
2187.png,DRIP,336,336,26,73,4778.0,35329.0,14308,25799,0.13524300150018398,0.1852009767820458
2187.png,Fixed,336,336,26,72,3502.0,36409.0,14112,25799,0.09618500920102173,0.13574169541455094
2189.png,DRIP,336,336,26,73,4778.0,35329.0,14308,25799,0.13524300150018398,0.1852009767820458
2189.png,Fixed,336,336,26,72,3502.0,36409.0,14112,25799,0.09618500920102173,0.13574169541455094
2190.png,DRIP,336,336,26,73,4778.0,35329.0,14308,25799,0.13524300150018398,0.1852009767820458
2190.png,Fixed,336,336,26,72,3502.0,36409.0,14112,25799,0.09618500920102173,0.13574169541455094
2191.png,DRIP,336,336,26,73,4778.0,35329.0,14308,25799,0.13524300150018398,0.1852009767820458
2191.png,Fixed,336,336,26,72,3502.0,36409.0,14112,25799,0.09618500920102173,0.13574169541455094
2192.png,DRIP,336,336,25,72,4945.0,34257.0,14112,25090,0.14435005984178417,0.19709047429254684
2192.png,Fixed,336,336,25,72,2969.0,36233.0,14112,25090,0.08194187619021334,0.118333997608609
2193.png,DRIP,336,336,25,72,4945.0,34257.0,14112,25090,0.14435005984178417,0.19709047429254684
2193.png,Fixed,336,336,25,72,2969.0,36233.0,14112,25090,0.08194187619021334,0.118333997608609
2199.png,DRIP,336,336,25,72,4945.0,34257.0,14112,25090,0.14435005984178417,0.19709047429254684
2199.png,Fixed,336,336,25,72,2969.0,36233.0,14112,25090,0.08194187619021334,0.118333997608609
2202.png,DRIP,336,336,24,72,2326.0,23032.0,14112,11246,0.10098992705800625,0.2068290947892584
2202.png,Fixed,336,336,24,72,805.0,24553.0,14112,11246,0.03278621757015436,0.07158100658011737
2203.png,DRIP,336,336,24,72,2326.0,23032.0,14112,11246,0.10098992705800625,0.2068290947892584
2203.png,Fixed,336,336,24,72,805.0,24553.0,14112,11246,0.03278621757015436,0.07158100658011737
2205.png,DRIP,336,336,24,72,2326.0,23032.0,14112,11246,0.10098992705800625,0.2068290947892584
2205.png,Fixed,336,336,24,72,805.0,24553.0,14112,11246,0.03278621757015436,0.07158100658011737
22076.png,DRIP,336,336,58,72,5450.0,47973.0,14112,39311,0.11360556979967898,0.13863804024318893
22076.png,Fixed,336,336,58,72,4447.0,48976.0,14112,39311,0.09079957530218882,0.11312355320393783
22078.png,DRIP,336,336,58,72,5450.0,47973.0,14112,39311,0.11360556979967898,0.13863804024318893
22078.png,Fixed,336,336,58,72,4447.0,48976.0,14112,39311,0.09079957530218882,0.11312355320393783
2208.png,DRIP,336,336,24,72,2326.0,23032.0,14112,11246,0.10098992705800625,0.2068290947892584
2208.png,Fixed,336,336,24,72,805.0,24553.0,14112,11246,0.03278621757015436,0.07158100658011737
22080.png,DRIP,336,336,22,73,7652.0,46478.0,14308,39822,0.1646370325745514,0.1921550901511727
22080.png,Fixed,336,336,22,72,5132.0,48802.0,14112,39822,0.10515962460554895,0.12887348701722665
22082.png,DRIP,336,336,22,73,7652.0,46478.0,14308,39822,0.1646370325745514,0.1921550901511727
22082.png,Fixed,336,336,22,72,5132.0,48802.0,14112,39822,0.10515962460554895,0.12887348701722665
2209.png,DRIP,336,336,24,72,2326.0,23032.0,14112,11246,0.10098992705800625,0.2068290947892584
2209.png,Fixed,336,336,24,72,805.0,24553.0,14112,11246,0.03278621757015436,0.07158100658011737
2210.png,DRIP,336,336,23,72,4417.0,37209.0,14112,27514,0.11870783950119594,0.1605364541687868
2210.png,Fixed,336,336,23,72,3228.0,38398.0,14112,27514,0.08406687848325434,0.1173220905720724
2211.png,DRIP,336,336,23,72,4417.0,37209.0,14112,27514,0.11870783950119594,0.1605364541687868
2211.png,Fixed,336,336,23,72,3228.0,38398.0,14112,27514,0.08406687848325434,0.1173220905720724
2212.png,DRIP,336,336,23,72,4417.0,37209.0,14112,27514,0.11870783950119594,0.1605364541687868
2212.png,Fixed,336,336,23,72,3228.0,38398.0,14112,27514,0.08406687848325434,0.1173220905720724
2215.png,DRIP,336,336,23,72,4417.0,37209.0,14112,27514,0.11870783950119594,0.1605364541687868
2215.png,Fixed,336,336,23,72,3228.0,38398.0,14112,27514,0.08406687848325434,0.1173220905720724
2216.png,DRIP,336,336,23,72,4417.0,37209.0,14112,27514,0.11870783950119594,0.1605364541687868
2216.png,Fixed,336,336,23,72,3228.0,38398.0,14112,27514,0.08406687848325434,0.1173220905720724
2218.png,DRIP,336,336,23,72,4417.0,37209.0,14112,27514,0.11870783950119594,0.1605364541687868
2218.png,Fixed,336,336,23,72,3228.0,38398.0,14112,27514,0.08406687848325434,0.1173220905720724
223.png,DRIP,336,336,2,73,2031.0,16952.0,14308,4675,0.11980887210948561,0.4344385026737968
223.png,Fixed,336,336,2,72,700.0,18087.0,14112,4675,0.038701830043677776,0.1497326203208556
22304.png,DRIP,336,336,28,72,5093.0,24563.0,14112,15544,0.20734437975817285,0.3276505404014411
22304.png,Fixed,336,336,28,72,1241.0,28415.0,14112,15544,0.043674115783916945,0.07983787956767885
22306.png,DRIP,336,336,28,72,5093.0,24563.0,14112,15544,0.20734437975817285,0.3276505404014411
22306.png,Fixed,336,336,28,72,1241.0,28415.0,14112,15544,0.043674115783916945,0.07983787956767885
22307.png,DRIP,336,336,28,72,5093.0,24563.0,14112,15544,0.20734437975817285,0.3276505404014411
22307.png,Fixed,336,336,28,72,1241.0,28415.0,14112,15544,0.043674115783916945,0.07983787956767885
22309.png,DRIP,336,336,28,72,5093.0,24563.0,14112,15544,0.20734437975817285,0.3276505404014411
22309.png,Fixed,336,336,28,72,1241.0,28415.0,14112,15544,0.043674115783916945,0.07983787956767885
22311.png,DRIP,336,336,37,72,4292.0,48005.0,14112,38185,0.08940735340068742,0.11240015712976299
22311.png,Fixed,336,336,37,72,4892.0,47405.0,14112,38185,0.10319586541504061,0.12811313342935707
22312.png,DRIP,336,336,37,72,4292.0,48005.0,14112,38185,0.08940735340068742,0.11240015712976299
22312.png,Fixed,336,336,37,72,4892.0,47405.0,14112,38185,0.10319586541504061,0.12811313342935707
22313.png,DRIP,336,336,37,72,4292.0,48005.0,14112,38185,0.08940735340068742,0.11240015712976299
22313.png,Fixed,336,336,37,72,4892.0,47405.0,14112,38185,0.10319586541504061,0.12811313342935707
22317.png,DRIP,336,336,37,72,4292.0,48005.0,14112,38185,0.08940735340068742,0.11240015712976299
22317.png,Fixed,336,336,37,72,4892.0,47405.0,14112,38185,0.10319586541504061,0.12811313342935707
22319.png,DRIP,336,336,37,72,4292.0,48005.0,14112,38185,0.08940735340068742,0.11240015712976299
22319.png,Fixed,336,336,37,72,4892.0,47405.0,14112,38185,0.10319586541504061,0.12811313342935707
224.png,DRIP,336,336,2,73,2031.0,16952.0,14308,4675,0.11980887210948561,0.4344385026737968
224.png,Fixed,336,336,2,72,700.0,18087.0,14112,4675,0.038701830043677776,0.1497326203208556
22504.png,DRIP,336,336,19,72,2205.0,22008.0,14112,10101,0.10019083969465649,0.2182952182952183
22504.png,Fixed,336,336,19,72,1729.0,22484.0,14112,10101,0.07689912826899128,0.17117117117117117
22505.png,DRIP,336,336,19,72,2205.0,22008.0,14112,10101,0.10019083969465649,0.2182952182952183
22505.png,Fixed,336,336,19,72,1729.0,22484.0,14112,10101,0.07689912826899128,0.17117117117117117
22507.png,DRIP,336,336,19,72,2205.0,22008.0,14112,10101,0.10019083969465649,0.2182952182952183
22507.png,Fixed,336,336,19,72,1729.0,22484.0,14112,10101,0.07689912826899128,0.17117117117117117
22511.png,DRIP,336,336,19,72,2205.0,22008.0,14112,10101,0.10019083969465649,0.2182952182952183
22511.png,Fixed,336,336,19,72,1729.0,22484.0,14112,10101,0.07689912826899128,0.17117117117117117
22584.png,DRIP,336,336,44,72,3918.0,30505.0,14112,20311,0.12843796099000163,0.1929003987986805
22584.png,Fixed,336,336,44,72,3258.0,31165.0,14112,20311,0.1045403497513236,0.16040569149721826
2277.png,DRIP,336,336,18,73,5359.0,43563.0,14308,34614,0.12301723940040861,0.15482174842549257
2277.png,Fixed,336,336,18,72,4250.0,44476.0,14112,34614,0.09555715442036154,0.12278268908534119
2282.png,DRIP,336,336,18,73,5359.0,43563.0,14308,34614,0.12301723940040861,0.15482174842549257
2282.png,Fixed,336,336,18,72,4250.0,44476.0,14112,34614,0.09555715442036154,0.12278268908534119
2288.png,DRIP,336,336,18,73,5359.0,43563.0,14308,34614,0.12301723940040861,0.15482174842549257
2288.png,Fixed,336,336,18,72,4250.0,44476.0,14112,34614,0.09555715442036154,0.12278268908534119
2289.png,DRIP,336,336,18,73,5359.0,43563.0,14308,34614,0.12301723940040861,0.15482174842549257
2289.png,Fixed,336,336,18,72,4250.0,44476.0,14112,34614,0.09555715442036154,0.12278268908534119
2291.png,DRIP,336,336,18,73,5359.0,43563.0,14308,34614,0.12301723940040861,0.15482174842549257
2291.png,Fixed,336,336,18,72,4250.0,44476.0,14112,34614,0.09555715442036154,0.12278268908534119
2293.png,DRIP,336,336,18,73,5359.0,43563.0,14308,34614,0.12301723940040861,0.15482174842549257
2293.png,Fixed,336,336,18,72,4250.0,44476.0,14112,34614,0.09555715442036154,0.12278268908534119
2295.png,DRIP,336,336,18,73,5359.0,43563.0,14308,34614,0.12301723940040861,0.15482174842549257
2295.png,Fixed,336,336,18,72,4250.0,44476.0,14112,34614,0.09555715442036154,0.12278268908534119
231.png,DRIP,336,336,35,73,5780.0,44391.0,14308,35863,0.13020657340451894,0.1611688927306695
231.png,Fixed,336,336,35,72,4861.0,45114.0,14112,35863,0.10774925743671587,0.13554359646432257
232.png,DRIP,336,336,35,73,5780.0,44391.0,14308,35863,0.13020657340451894,0.1611688927306695
232.png,Fixed,336,336,35,72,4861.0,45114.0,14112,35863,0.10774925743671587,0.13554359646432257
234.png,DRIP,336,336,50,73,5960.0,55257.0,14308,46909,0.10785963769296197,0.12705450979556163
234.png,Fixed,336,336,50,72,6913.0,54108.0,14112,46909,0.1277629925334516,0.14737044064038884
237.png,DRIP,336,336,50,73,5960.0,55257.0,14308,46909,0.10785963769296197,0.12705450979556163
237.png,Fixed,336,336,50,72,6913.0,54108.0,14112,46909,0.1277629925334516,0.14737044064038884
23830.png,DRIP,336,336,5,73,2524.0,20388.0,14308,8604,0.12379831273298018,0.29335192933519294
23830.png,Fixed,336,336,5,72,1195.0,21521.0,14112,8604,0.05552715951860973,0.1388888888888889
24113.png,DRIP,336,336,20,73,1827.0,21194.0,14308,8713,0.0862036425403416,0.20968667508320898
24113.png,Fixed,336,336,20,72,711.0,22114.0,14112,8713,0.032151578185764675,0.0816022036038104
24116.png,DRIP,336,336,20,73,1827.0,21194.0,14308,8713,0.0862036425403416,0.20968667508320898
24116.png,Fixed,336,336,20,72,711.0,22114.0,14112,8713,0.032151578185764675,0.0816022036038104
24119.png,DRIP,336,336,20,73,1827.0,21194.0,14308,8713,0.0862036425403416,0.20968667508320898
24119.png,Fixed,336,336,20,72,711.0,22114.0,14112,8713,0.032151578185764675,0.0816022036038104
24420.png,DRIP,336,336,25,73,2493.0,27341.0,14308,15526,0.09118174170659449,0.16056936751255957
24420.png,Fixed,336,336,25,72,1568.0,28070.0,14112,15526,0.055860349127182046,0.10099188458070334
24421.png,DRIP,336,336,25,73,2493.0,27341.0,14308,15526,0.09118174170659449,0.16056936751255957
24421.png,Fixed,336,336,25,72,1568.0,28070.0,14112,15526,0.055860349127182046,0.10099188458070334
24422.png,DRIP,336,336,25,73,2493.0,27341.0,14308,15526,0.09118174170659449,0.16056936751255957
24422.png,Fixed,336,336,25,72,1568.0,28070.0,14112,15526,0.055860349127182046,0.10099188458070334
24423.png,DRIP,336,336,25,73,2493.0,27341.0,14308,15526,0.09118174170659449,0.16056936751255957
24423.png,Fixed,336,336,25,72,1568.0,28070.0,14112,15526,0.055860349127182046,0.10099188458070334
24426.png,DRIP,336,336,25,73,2493.0,27341.0,14308,15526,0.09118174170659449,0.16056936751255957
24426.png,Fixed,336,336,25,72,1568.0,28070.0,14112,15526,0.055860349127182046,0.10099188458070334
24437.png,DRIP,336,336,30,73,4766.0,37721.0,14308,28179,0.12634871822061983,0.1691330423364917
24437.png,Fixed,336,336,30,72,3663.0,38628.0,14112,28179,0.09482758620689655,0.12999041839667838
24438.png,DRIP,336,336,30,73,4766.0,37721.0,14308,28179,0.12634871822061983,0.1691330423364917
24438.png,Fixed,336,336,30,72,3663.0,38628.0,14112,28179,0.09482758620689655,0.12999041839667838
24440.png,DRIP,336,336,30,73,4766.0,37721.0,14308,28179,0.12634871822061983,0.1691330423364917
24440.png,Fixed,336,336,30,72,3663.0,38628.0,14112,28179,0.09482758620689655,0.12999041839667838
24487.png,DRIP,336,336,2,73,1006.0,15808.0,14308,2506,0.06363866396761134,0.4014365522745411
24487.png,Fixed,336,336,2,72,434.0,16184.0,14112,2506,0.026816608996539794,0.17318435754189945
24488.png,DRIP,336,336,2,73,1006.0,15808.0,14308,2506,0.06363866396761134,0.4014365522745411
24488.png,Fixed,336,336,2,72,434.0,16184.0,14112,2506,0.026816608996539794,0.17318435754189945
24491.png,DRIP,336,336,3,73,358.0,16601.0,14308,2651,0.02156496596590567,0.13504337985665787
24491.png,Fixed,336,336,3,72,403.0,16360.0,14112,2651,0.02463325183374083,0.15201810637495286
24492.png,DRIP,336,336,3,73,358.0,16601.0,14308,2651,0.02156496596590567,0.13504337985665787
24492.png,Fixed,336,336,3,72,403.0,16360.0,14112,2651,0.02463325183374083,0.15201810637495286
24493.png,DRIP,336,336,3,73,358.0,16601.0,14308,2651,0.02156496596590567,0.13504337985665787
24493.png,Fixed,336,336,3,72,403.0,16360.0,14112,2651,0.02463325183374083,0.15201810637495286
24494.png,DRIP,336,336,3,73,358.0,16601.0,14308,2651,0.02156496596590567,0.13504337985665787
24494.png,Fixed,336,336,3,72,403.0,16360.0,14112,2651,0.02463325183374083,0.15201810637495286
24495.png,DRIP,336,336,3,73,358.0,16601.0,14308,2651,0.02156496596590567,0.13504337985665787
24495.png,Fixed,336,336,3,72,403.0,16360.0,14112,2651,0.02463325183374083,0.15201810637495286
24499.png,DRIP,336,336,29,72,4602.0,40619.0,14112,31109,0.11329673305595904,0.1479314667781028
24499.png,Fixed,336,336,29,72,4093.0,41128.0,14112,31109,0.09951857615249951,0.13156964222572246
24500.png,DRIP,336,336,29,72,4602.0,40619.0,14112,31109,0.11329673305595904,0.1479314667781028
24500.png,Fixed,336,336,29,72,4093.0,41128.0,14112,31109,0.09951857615249951,0.13156964222572246
24505.png,DRIP,336,336,29,72,4602.0,40619.0,14112,31109,0.11329673305595904,0.1479314667781028
24505.png,Fixed,336,336,29,72,4093.0,41128.0,14112,31109,0.09951857615249951,0.13156964222572246
24511.png,DRIP,336,336,13,73,1440.0,16797.0,14308,3929,0.085729594570459,0.36650547213031304
24511.png,Fixed,336,336,13,72,451.0,17590.0,14112,3929,0.02563956793632746,0.11478747772970221
24558.png,DRIP,336,336,37,73,2598.0,27679.0,14308,15969,0.093861772462878,0.1626902122863047
24558.png,Fixed,336,336,37,72,1677.0,28404.0,14112,15969,0.05904098014364174,0.10501596843885028
24560.png,DRIP,336,336,37,73,2598.0,27679.0,14308,15969,0.093861772462878,0.1626902122863047
24560.png,Fixed,336,336,37,72,1677.0,28404.0,14112,15969,0.05904098014364174,0.10501596843885028
24564.png,DRIP,336,336,37,73,2598.0,27679.0,14308,15969,0.093861772462878,0.1626902122863047
24564.png,Fixed,336,336,37,72,1677.0,28404.0,14112,15969,0.05904098014364174,0.10501596843885028
24580.png,DRIP,336,336,39,73,8262.0,69377.0,14308,63331,0.11908845871110021,0.13045743790560704
24580.png,Fixed,336,336,39,72,8384.0,69059.0,14112,63331,0.1214034376402786,0.1323838246672246
24581.png,DRIP,336,336,39,73,8262.0,69377.0,14308,63331,0.11908845871110021,0.13045743790560704
24581.png,Fixed,336,336,39,72,8384.0,69059.0,14112,63331,0.1214034376402786,0.1323838246672246
24582.png,DRIP,336,336,39,73,8262.0,69377.0,14308,63331,0.11908845871110021,0.13045743790560704
24582.png,Fixed,336,336,39,72,8384.0,69059.0,14112,63331,0.1214034376402786,0.1323838246672246
25385.png,DRIP,336,336,0,72,,,14112,0,,
25385.png,Fixed,336,336,0,72,,,14112,0,,
25386.png,DRIP,336,336,0,72,,,14112,0,,
25386.png,Fixed,336,336,0,72,,,14112,0,,
25387.png,DRIP,336,336,0,72,,,14112,0,,
25387.png,Fixed,336,336,0,72,,,14112,0,,
25396.png,DRIP,336,336,0,72,,,14112,0,,
25396.png,Fixed,336,336,0,72,,,14112,0,,
254.png,DRIP,336,336,50,73,4304.0,32992.0,14308,22988,0.13045586808923376,0.1872281190186184
254.png,Fixed,336,336,50,72,2460.0,34640.0,14112,22988,0.0710161662817552,0.10701235427179398
255.png,DRIP,336,336,50,73,4304.0,32992.0,14308,22988,0.13045586808923376,0.1872281190186184
255.png,Fixed,336,336,50,72,2460.0,34640.0,14112,22988,0.0710161662817552,0.10701235427179398
25502.png,DRIP,336,336,42,72,5799.0,30224.0,14112,21911,0.1918673901535204,0.26466158550499747
25502.png,Fixed,336,336,42,72,2827.0,33196.0,14112,21911,0.08516086275454875,0.1290219524439779
25504.png,DRIP,336,336,42,72,5799.0,30224.0,14112,21911,0.1918673901535204,0.26466158550499747
25504.png,Fixed,336,336,42,72,2827.0,33196.0,14112,21911,0.08516086275454875,0.1290219524439779
25506.png,DRIP,336,336,42,72,5799.0,30224.0,14112,21911,0.1918673901535204,0.26466158550499747
25506.png,Fixed,336,336,42,72,2827.0,33196.0,14112,21911,0.08516086275454875,0.1290219524439779
25507.png,DRIP,336,336,42,72,5799.0,30224.0,14112,21911,0.1918673901535204,0.26466158550499747
25507.png,Fixed,336,336,42,72,2827.0,33196.0,14112,21911,0.08516086275454875,0.1290219524439779
256.png,DRIP,336,336,50,73,4304.0,32992.0,14308,22988,0.13045586808923376,0.1872281190186184
256.png,Fixed,336,336,50,72,2460.0,34640.0,14112,22988,0.0710161662817552,0.10701235427179398
25679.png,DRIP,336,336,4,72,0.0,16114.0,14112,2002,0.0,0.0
25679.png,Fixed,336,336,4,72,133.0,15981.0,14112,2002,0.008322382829610162,0.06643356643356643
25680.png,DRIP,336,336,4,72,0.0,16114.0,14112,2002,0.0,0.0
25680.png,Fixed,336,336,4,72,133.0,15981.0,14112,2002,0.008322382829610162,0.06643356643356643
25681.png,DRIP,336,336,4,72,0.0,16114.0,14112,2002,0.0,0.0
25681.png,Fixed,336,336,4,72,133.0,15981.0,14112,2002,0.008322382829610162,0.06643356643356643
25682.png,DRIP,336,336,4,72,0.0,16114.0,14112,2002,0.0,0.0
25682.png,Fixed,336,336,4,72,133.0,15981.0,14112,2002,0.008322382829610162,0.06643356643356643
25684.png,DRIP,336,336,4,72,0.0,16114.0,14112,2002,0.0,0.0
25684.png,Fixed,336,336,4,72,133.0,15981.0,14112,2002,0.008322382829610162,0.06643356643356643
25685.png,DRIP,336,336,4,72,0.0,16114.0,14112,2002,0.0,0.0
25685.png,Fixed,336,336,4,72,133.0,15981.0,14112,2002,0.008322382829610162,0.06643356643356643
25686.png,DRIP,336,336,4,72,0.0,16114.0,14112,2002,0.0,0.0
25686.png,Fixed,336,336,4,72,133.0,15981.0,14112,2002,0.008322382829610162,0.06643356643356643
25707.png,DRIP,336,336,27,72,6262.0,56160.0,14112,48310,0.111502849002849,0.12962119643966052
25707.png,Fixed,336,336,27,72,5578.0,56844.0,14112,48310,0.0981282105411301,0.1154626371351687
25708.png,DRIP,336,336,40,72,5784.0,36441.0,14112,28113,0.15872231826788508,0.20574111620958274
25708.png,Fixed,336,336,40,72,3686.0,38539.0,14112,28113,0.09564337424427204,0.1311137196314872
25711.png,DRIP,336,336,27,72,6262.0,56160.0,14112,48310,0.111502849002849,0.12962119643966052
25711.png,Fixed,336,336,27,72,5578.0,56844.0,14112,48310,0.0981282105411301,0.1154626371351687
25712.png,DRIP,336,336,40,72,5784.0,36441.0,14112,28113,0.15872231826788508,0.20574111620958274
25712.png,Fixed,336,336,40,72,3686.0,38539.0,14112,28113,0.09564337424427204,0.1311137196314872
25713.png,DRIP,336,336,27,72,6262.0,56160.0,14112,48310,0.111502849002849,0.12962119643966052
25713.png,Fixed,336,336,27,72,5578.0,56844.0,14112,48310,0.0981282105411301,0.1154626371351687
25714.png,DRIP,336,336,40,72,5784.0,36441.0,14112,28113,0.15872231826788508,0.20574111620958274
25714.png,Fixed,336,336,40,72,3686.0,38539.0,14112,28113,0.09564337424427204,0.1311137196314872
25715.png,DRIP,336,336,27,72,6262.0,56160.0,14112,48310,0.111502849002849,0.12962119643966052
25715.png,Fixed,336,336,27,72,5578.0,56844.0,14112,48310,0.0981282105411301,0.1154626371351687
25716.png,DRIP,336,336,40,72,5784.0,36441.0,14112,28113,0.15872231826788508,0.20574111620958274
25716.png,Fixed,336,336,40,72,3686.0,38539.0,14112,28113,0.09564337424427204,0.1311137196314872
25720.png,DRIP,336,336,15,72,6683.0,34959.0,14112,27530,0.19116679538888412,0.2427533599709408
25720.png,Fixed,336,336,15,72,3629.0,38013.0,14112,27530,0.09546734012048509,0.1318198329095532
25721.png,DRIP,336,336,15,72,6683.0,34959.0,14112,27530,0.19116679538888412,0.2427533599709408
25721.png,Fixed,336,336,15,72,3629.0,38013.0,14112,27530,0.09546734012048509,0.1318198329095532
25722.png,DRIP,336,336,22,72,6229.0,41799.0,14112,33916,0.14902270389243763,0.18365962967331054
25722.png,Fixed,336,336,22,72,4370.0,43658.0,14112,33916,0.10009620229969307,0.12884774147894798
25724.png,DRIP,336,336,22,72,6229.0,41799.0,14112,33916,0.14902270389243763,0.18365962967331054
25724.png,Fixed,336,336,22,72,4370.0,43658.0,14112,33916,0.10009620229969307,0.12884774147894798
25726.png,DRIP,336,336,22,72,6229.0,41799.0,14112,33916,0.14902270389243763,0.18365962967331054
25726.png,Fixed,336,336,22,72,4370.0,43658.0,14112,33916,0.10009620229969307,0.12884774147894798
25729.png,DRIP,336,336,15,72,6683.0,34959.0,14112,27530,0.19116679538888412,0.2427533599709408
25729.png,Fixed,336,336,15,72,3629.0,38013.0,14112,27530,0.09546734012048509,0.1318198329095532
25730.png,DRIP,336,336,22,72,6229.0,41799.0,14112,33916,0.14902270389243763,0.18365962967331054
25730.png,Fixed,336,336,22,72,4370.0,43658.0,14112,33916,0.10009620229969307,0.12884774147894798
25732.png,DRIP,336,336,2,72,121.0,14541.0,14112,550,0.008321298397634276,0.22
25732.png,Fixed,336,336,2,72,66.0,14596.0,14112,550,0.004521786790901617,0.12
25733.png,DRIP,336,336,22,72,6229.0,41799.0,14112,33916,0.14902270389243763,0.18365962967331054
25733.png,Fixed,336,336,22,72,4370.0,43658.0,14112,33916,0.10009620229969307,0.12884774147894798
25734.png,DRIP,336,336,2,72,121.0,14541.0,14112,550,0.008321298397634276,0.22
25734.png,Fixed,336,336,2,72,66.0,14596.0,14112,550,0.004521786790901617,0.12
25736.png,DRIP,336,336,2,72,121.0,14541.0,14112,550,0.008321298397634276,0.22
25736.png,Fixed,336,336,2,72,66.0,14596.0,14112,550,0.004521786790901617,0.12
25739.png,DRIP,336,336,2,72,121.0,14541.0,14112,550,0.008321298397634276,0.22
25739.png,Fixed,336,336,2,72,66.0,14596.0,14112,550,0.004521786790901617,0.12
25786.png,DRIP,336,336,0,72,,,14112,0,,
25786.png,Fixed,336,336,0,72,,,14112,0,,
25788.png,DRIP,336,336,0,72,,,14112,0,,
25788.png,Fixed,336,336,0,72,,,14112,0,,
25789.png,DRIP,336,336,0,72,,,14112,0,,
25789.png,Fixed,336,336,0,72,,,14112,0,,
26167.png,DRIP,336,336,1,72,1610.0,15899.0,14112,3397,0.10126423045474559,0.4739476008242567
26167.png,Fixed,336,336,1,72,434.0,17075.0,14112,3397,0.025417276720351392,0.1277597880482779
26304.png,DRIP,336,336,58,73,5834.0,28273.0,14308,19799,0.20634527641212463,0.2946613465326532
26304.png,Fixed,336,336,58,72,2208.0,31703.0,14112,19799,0.06964640570293032,0.11152078387797364
26430.png,DRIP,336,336,5,72,2762.0,22656.0,14112,11306,0.12191031073446328,0.2442950645674863
26430.png,Fixed,336,336,5,72,1310.0,24108.0,14112,11306,0.054338808694209394,0.11586768087741023
26431.png,DRIP,336,336,5,72,2762.0,22656.0,14112,11306,0.12191031073446328,0.2442950645674863
26431.png,Fixed,336,336,5,72,1310.0,24108.0,14112,11306,0.054338808694209394,0.11586768087741023
265.png,DRIP,336,336,37,73,3382.0,30804.0,14308,19878,0.10979093624204649,0.17013784082905725
265.png,Fixed,336,336,37,72,2274.0,31716.0,14112,19878,0.07169882709042755,0.11439782674313312
26590.png,DRIP,336,336,41,72,4194.0,37647.0,14112,27729,0.1114032990676548,0.15124959428756898
26590.png,Fixed,336,336,41,72,4407.0,37434.0,14112,27729,0.11772719987177432,0.1589310829817159
26592.png,DRIP,336,336,41,72,4194.0,37647.0,14112,27729,0.1114032990676548,0.15124959428756898
26592.png,Fixed,336,336,41,72,4407.0,37434.0,14112,27729,0.11772719987177432,0.1589310829817159
26593.png,DRIP,336,336,41,72,4194.0,37647.0,14112,27729,0.1114032990676548,0.15124959428756898
26593.png,Fixed,336,336,41,72,4407.0,37434.0,14112,27729,0.11772719987177432,0.1589310829817159
26594.png,DRIP,336,336,41,72,4194.0,37647.0,14112,27729,0.1114032990676548,0.15124959428756898
26594.png,Fixed,336,336,41,72,4407.0,37434.0,14112,27729,0.11772719987177432,0.1589310829817159
26596.png,DRIP,336,336,41,72,4194.0,37647.0,14112,27729,0.1114032990676548,0.15124959428756898
26596.png,Fixed,336,336,41,72,4407.0,37434.0,14112,27729,0.11772719987177432,0.1589310829817159
26599.png,DRIP,336,336,41,72,4194.0,37647.0,14112,27729,0.1114032990676548,0.15124959428756898
26599.png,Fixed,336,336,41,72,4407.0,37434.0,14112,27729,0.11772719987177432,0.1589310829817159
266.png,DRIP,336,336,37,73,3382.0,30804.0,14308,19878,0.10979093624204649,0.17013784082905725
266.png,Fixed,336,336,37,72,2274.0,31716.0,14112,19878,0.07169882709042755,0.11439782674313312
26600.png,DRIP,336,336,41,72,4194.0,37647.0,14112,27729,0.1114032990676548,0.15124959428756898
26600.png,Fixed,336,336,41,72,4407.0,37434.0,14112,27729,0.11772719987177432,0.1589310829817159
26602.png,DRIP,336,336,41,72,4194.0,37647.0,14112,27729,0.1114032990676548,0.15124959428756898
26602.png,Fixed,336,336,41,72,4407.0,37434.0,14112,27729,0.11772719987177432,0.1589310829817159
26655.png,DRIP,336,336,7,72,3211.0,19003.0,14112,8102,0.16897332000210494,0.39632189582819055
26655.png,Fixed,336,336,7,72,1116.0,21098.0,14112,8102,0.05289600910038866,0.13774376697111823
26657.png,DRIP,336,336,7,72,3211.0,19003.0,14112,8102,0.16897332000210494,0.39632189582819055
26657.png,Fixed,336,336,7,72,1116.0,21098.0,14112,8102,0.05289600910038866,0.13774376697111823
26659.png,DRIP,336,336,7,72,3211.0,19003.0,14112,8102,0.16897332000210494,0.39632189582819055
26659.png,Fixed,336,336,7,72,1116.0,21098.0,14112,8102,0.05289600910038866,0.13774376697111823
267.png,DRIP,336,336,37,73,3382.0,30804.0,14308,19878,0.10979093624204649,0.17013784082905725
267.png,Fixed,336,336,37,72,2274.0,31716.0,14112,19878,0.07169882709042755,0.11439782674313312
26926.png,DRIP,336,336,11,72,4408.0,31649.0,14112,21945,0.139277702297071,0.20086580086580086
26926.png,Fixed,336,336,11,72,2523.0,33534.0,14112,21945,0.07523707282161389,0.11496924128503076
26933.png,DRIP,336,336,11,72,4408.0,31649.0,14112,21945,0.139277702297071,0.20086580086580086
26933.png,Fixed,336,336,11,72,2523.0,33534.0,14112,21945,0.07523707282161389,0.11496924128503076
26938.png,DRIP,336,336,11,72,4408.0,31649.0,14112,21945,0.139277702297071,0.20086580086580086
26938.png,Fixed,336,336,11,72,2523.0,33534.0,14112,21945,0.07523707282161389,0.11496924128503076
26939.png,DRIP,336,336,11,72,4408.0,31649.0,14112,21945,0.139277702297071,0.20086580086580086
26939.png,Fixed,336,336,11,72,2523.0,33534.0,14112,21945,0.07523707282161389,0.11496924128503076
26942.png,DRIP,336,336,11,72,4408.0,31649.0,14112,21945,0.139277702297071,0.20086580086580086
26942.png,Fixed,336,336,11,72,2523.0,33534.0,14112,21945,0.07523707282161389,0.11496924128503076
26944.png,DRIP,336,336,11,72,4408.0,31649.0,14112,21945,0.139277702297071,0.20086580086580086
26944.png,Fixed,336,336,11,72,2523.0,33534.0,14112,21945,0.07523707282161389,0.11496924128503076
26946.png,DRIP,336,336,11,72,4408.0,31649.0,14112,21945,0.139277702297071,0.20086580086580086
26946.png,Fixed,336,336,11,72,2523.0,33534.0,14112,21945,0.07523707282161389,0.11496924128503076
271.png,DRIP,336,336,61,73,4224.0,42786.0,14308,32702,0.09872388164352826,0.12916641184025443
271.png,Fixed,336,336,61,72,3499.0,43315.0,14112,32702,0.08078033013967448,0.10699651397468045
27852.png,DRIP,336,336,70,73,4573.0,34354.0,14308,24619,0.13311404785468942,0.18575084284495716
27852.png,Fixed,336,336,70,72,3410.0,35321.0,14112,24619,0.09654313298037995,0.13851090621065032
27859.png,DRIP,336,336,70,73,4573.0,34354.0,14308,24619,0.13311404785468942,0.18575084284495716
27859.png,Fixed,336,336,70,72,3410.0,35321.0,14112,24619,0.09654313298037995,0.13851090621065032
27870.png,DRIP,336,336,70,73,4573.0,34354.0,14308,24619,0.13311404785468942,0.18575084284495716
27870.png,Fixed,336,336,70,72,3410.0,35321.0,14112,24619,0.09654313298037995,0.13851090621065032
28057.png,DRIP,336,336,0,72,,,14112,0,,
28057.png,Fixed,336,336,0,72,,,14112,0,,
28058.png,DRIP,336,336,0,72,,,14112,0,,
28058.png,Fixed,336,336,0,72,,,14112,0,,
28059.png,DRIP,336,336,0,72,,,14112,0,,
28059.png,Fixed,336,336,0,72,,,14112,0,,
28060.png,DRIP,336,336,0,72,,,14112,0,,
28060.png,Fixed,336,336,0,72,,,14112,0,,
28061.png,DRIP,336,336,0,72,,,14112,0,,
28061.png,Fixed,336,336,0,72,,,14112,0,,
28062.png,DRIP,336,336,0,72,,,14112,0,,
28062.png,Fixed,336,336,0,72,,,14112,0,,
28063.png,DRIP,336,336,0,72,,,14112,0,,
28063.png,Fixed,336,336,0,72,,,14112,0,,
28064.png,DRIP,336,336,0,72,,,14112,0,,
28064.png,Fixed,336,336,0,72,,,14112,0,,
28065.png,DRIP,336,336,0,72,,,14112,0,,
28065.png,Fixed,336,336,0,72,,,14112,0,,
28066.png,DRIP,336,336,0,72,,,14112,0,,
28066.png,Fixed,336,336,0,72,,,14112,0,,
283.png,DRIP,336,336,34,73,5487.0,60775.0,14308,51954,0.09028383381324558,0.10561265735073334
283.png,Fixed,336,336,34,72,7068.0,58998.0,14112,51954,0.11980067120919353,0.1360434230280633
28300.png,DRIP,336,336,29,73,5837.0,55923.0,14308,47452,0.10437565938880246,0.12300851386664419
28300.png,Fixed,336,336,29,72,4921.0,56643.0,14112,47452,0.08687746058648023,0.10370479642586192
28301.png,DRIP,336,336,29,73,5837.0,55923.0,14308,47452,0.10437565938880246,0.12300851386664419
28301.png,Fixed,336,336,29,72,4921.0,56643.0,14112,47452,0.08687746058648023,0.10370479642586192
28304.png,DRIP,336,336,29,73,5837.0,55923.0,14308,47452,0.10437565938880246,0.12300851386664419
28304.png,Fixed,336,336,29,72,4921.0,56643.0,14112,47452,0.08687746058648023,0.10370479642586192
28305.png,DRIP,336,336,29,73,5837.0,55923.0,14308,47452,0.10437565938880246,0.12300851386664419
28305.png,Fixed,336,336,29,72,4921.0,56643.0,14112,47452,0.08687746058648023,0.10370479642586192
28306.png,DRIP,336,336,29,73,5837.0,55923.0,14308,47452,0.10437565938880246,0.12300851386664419
28306.png,Fixed,336,336,29,72,4921.0,56643.0,14112,47452,0.08687746058648023,0.10370479642586192
28307.png,DRIP,336,336,29,73,5837.0,55923.0,14308,47452,0.10437565938880246,0.12300851386664419
28307.png,Fixed,336,336,29,72,4921.0,56643.0,14112,47452,0.08687746058648023,0.10370479642586192
28308.png,DRIP,336,336,29,73,5837.0,55923.0,14308,47452,0.10437565938880246,0.12300851386664419
28308.png,Fixed,336,336,29,72,4921.0,56643.0,14112,47452,0.08687746058648023,0.10370479642586192
284.png,DRIP,336,336,34,73,5487.0,60775.0,14308,51954,0.09028383381324558,0.10561265735073334
284.png,Fixed,336,336,34,72,7068.0,58998.0,14112,51954,0.11980067120919353,0.1360434230280633
285.png,DRIP,336,336,34,73,5487.0,60775.0,14308,51954,0.09028383381324558,0.10561265735073334
285.png,Fixed,336,336,34,72,7068.0,58998.0,14112,51954,0.11980067120919353,0.1360434230280633
292.png,DRIP,336,336,35,73,4631.0,26325.0,14308,16648,0.17591642924976258,0.278171552138395
292.png,Fixed,336,336,35,72,2231.0,28529.0,14112,16648,0.07820112867608399,0.13401009130225852
296.png,DRIP,336,336,2,73,2006.0,16966.0,14308,4664,0.11823647294589178,0.43010291595197253
296.png,Fixed,336,336,2,72,441.0,18335.0,14112,4664,0.024052358876465774,0.09455403087478559
297.png,DRIP,336,336,35,73,4631.0,26325.0,14308,16648,0.17591642924976258,0.278171552138395
297.png,Fixed,336,336,35,72,2231.0,28529.0,14112,16648,0.07820112867608399,0.13401009130225852
29707.png,DRIP,336,336,61,73,5823.0,32192.0,14308,23707,0.18088344930417494,0.24562365546041254
29707.png,Fixed,336,336,61,72,3700.0,34119.0,14112,23707,0.10844397549752337,0.156072046231071
29709.png,DRIP,336,336,61,73,5823.0,32192.0,14308,23707,0.18088344930417494,0.24562365546041254
29709.png,Fixed,336,336,61,72,3700.0,34119.0,14112,23707,0.10844397549752337,0.156072046231071
29757.png,DRIP,336,336,9,73,1484.0,17273.0,14308,4449,0.08591443293000636,0.3335581029444819
29757.png,Fixed,336,336,9,72,505.0,18056.0,14112,4449,0.027968542312804608,0.11350865363002922
29760.png,DRIP,336,336,9,73,1484.0,17273.0,14308,4449,0.08591443293000636,0.3335581029444819
29760.png,Fixed,336,336,9,72,505.0,18056.0,14112,4449,0.027968542312804608,0.11350865363002922
29763.png,DRIP,336,336,9,73,1484.0,17273.0,14308,4449,0.08591443293000636,0.3335581029444819
29763.png,Fixed,336,336,9,72,505.0,18056.0,14112,4449,0.027968542312804608,0.11350865363002922
29764.png,DRIP,336,336,9,73,1484.0,17273.0,14308,4449,0.08591443293000636,0.3335581029444819
29764.png,Fixed,336,336,9,72,505.0,18056.0,14112,4449,0.027968542312804608,0.11350865363002922
298.png,DRIP,336,336,2,73,2006.0,16966.0,14308,4664,0.11823647294589178,0.43010291595197253
298.png,Fixed,336,336,2,72,441.0,18335.0,14112,4664,0.024052358876465774,0.09455403087478559
300.png,DRIP,336,336,35,73,4631.0,26325.0,14308,16648,0.17591642924976258,0.278171552138395
300.png,Fixed,336,336,35,72,2231.0,28529.0,14112,16648,0.07820112867608399,0.13401009130225852
30048.png,DRIP,336,336,34,72,3212.0,36152.0,14112,25252,0.08884709006417349,0.12719784571519088
30048.png,Fixed,336,336,34,72,3093.0,36271.0,14112,25252,0.08527473739350996,0.12248534769523206
30049.png,DRIP,336,336,34,72,3212.0,36152.0,14112,25252,0.08884709006417349,0.12719784571519088
30049.png,Fixed,336,336,34,72,3093.0,36271.0,14112,25252,0.08527473739350996,0.12248534769523206
30050.png,DRIP,336,336,34,72,3212.0,36152.0,14112,25252,0.08884709006417349,0.12719784571519088
30050.png,Fixed,336,336,34,72,3093.0,36271.0,14112,25252,0.08527473739350996,0.12248534769523206
30052.png,DRIP,336,336,34,72,3212.0,36152.0,14112,25252,0.08884709006417349,0.12719784571519088
30052.png,Fixed,336,336,34,72,3093.0,36271.0,14112,25252,0.08527473739350996,0.12248534769523206
30185.png,DRIP,336,336,11,72,2555.0,28104.0,14112,16547,0.09091232564759465,0.15440865413670152
30185.png,Fixed,336,336,11,72,1774.0,28885.0,14112,16547,0.06141595984074779,0.10720976612074697
30236.png,DRIP,336,336,56,73,3095.0,31256.0,14308,20043,0.0990209879703097,0.154418001297211
30236.png,Fixed,336,336,56,72,3323.0,30832.0,14112,20043,0.1077776336274001,0.1657935438806566
30238.png,DRIP,336,336,56,73,3095.0,31256.0,14308,20043,0.0990209879703097,0.154418001297211
30238.png,Fixed,336,336,56,72,3323.0,30832.0,14112,20043,0.1077776336274001,0.1657935438806566
303.png,DRIP,336,336,18,73,4262.0,25779.0,14308,15733,0.1653283680515148,0.2708955698213945
303.png,Fixed,336,336,18,72,1675.0,28170.0,14112,15733,0.05946041888533901,0.10646412000254242
30356.png,DRIP,336,336,46,72,5595.0,42311.0,14112,33794,0.1322351161636454,0.1655619340711369
30356.png,Fixed,336,336,46,72,3948.0,43958.0,14112,33794,0.0898130033213522,0.11682547197727407
30358.png,DRIP,336,336,46,72,5595.0,42311.0,14112,33794,0.1322351161636454,0.1655619340711369
30358.png,Fixed,336,336,46,72,3948.0,43958.0,14112,33794,0.0898130033213522,0.11682547197727407
30361.png,DRIP,336,336,46,72,5595.0,42311.0,14112,33794,0.1322351161636454,0.1655619340711369
30361.png,Fixed,336,336,46,72,3948.0,43958.0,14112,33794,0.0898130033213522,0.11682547197727407
3039.png,DRIP,336,336,30,73,7681.0,60129.0,14308,53502,0.12774202132082688,0.14356472655227842
3039.png,Fixed,336,336,30,72,6741.0,60873.0,14112,53502,0.11073875117046966,0.12599528989570483
304.png,DRIP,336,336,18,73,4262.0,25779.0,14308,15733,0.1653283680515148,0.2708955698213945
304.png,Fixed,336,336,18,72,1675.0,28170.0,14112,15733,0.05946041888533901,0.10646412000254242
3040.png,DRIP,336,336,30,73,7681.0,60129.0,14308,53502,0.12774202132082688,0.14356472655227842
3040.png,Fixed,336,336,30,72,6741.0,60873.0,14112,53502,0.11073875117046966,0.12599528989570483
3041.png,DRIP,336,336,30,73,7681.0,60129.0,14308,53502,0.12774202132082688,0.14356472655227842
3041.png,Fixed,336,336,30,72,6741.0,60873.0,14112,53502,0.11073875117046966,0.12599528989570483
3042.png,DRIP,336,336,30,73,7681.0,60129.0,14308,53502,0.12774202132082688,0.14356472655227842
3042.png,Fixed,336,336,30,72,6741.0,60873.0,14112,53502,0.11073875117046966,0.12599528989570483
3043.png,DRIP,336,336,30,73,7681.0,60129.0,14308,53502,0.12774202132082688,0.14356472655227842
3043.png,Fixed,336,336,30,72,6741.0,60873.0,14112,53502,0.11073875117046966,0.12599528989570483
30434.png,DRIP,336,336,10,72,3273.0,21634.0,14112,10795,0.151289636682999,0.3031959240389069
30434.png,Fixed,336,336,10,72,1102.0,23805.0,14112,10795,0.04629279563116992,0.10208429828624363
30437.png,DRIP,336,336,4,72,1729.0,19486.0,14112,7103,0.08873037052242636,0.2434182739687456
30437.png,Fixed,336,336,4,72,1180.0,20035.0,14112,7103,0.05889693037184927,0.16612698859636774
3044.png,DRIP,336,336,30,73,7681.0,60129.0,14308,53502,0.12774202132082688,0.14356472655227842
3044.png,Fixed,336,336,30,72,6741.0,60873.0,14112,53502,0.11073875117046966,0.12599528989570483
30443.png,DRIP,336,336,4,72,1729.0,19486.0,14112,7103,0.08873037052242636,0.2434182739687456
30443.png,Fixed,336,336,4,72,1180.0,20035.0,14112,7103,0.05889693037184927,0.16612698859636774
30444.png,DRIP,336,336,4,72,1729.0,19486.0,14112,7103,0.08873037052242636,0.2434182739687456
30444.png,Fixed,336,336,4,72,1180.0,20035.0,14112,7103,0.05889693037184927,0.16612698859636774
3045.png,DRIP,336,336,30,73,7681.0,60129.0,14308,53502,0.12774202132082688,0.14356472655227842
3045.png,Fixed,336,336,30,72,6741.0,60873.0,14112,53502,0.11073875117046966,0.12599528989570483
3047.png,DRIP,336,336,30,73,7681.0,60129.0,14308,53502,0.12774202132082688,0.14356472655227842
3047.png,Fixed,336,336,30,72,6741.0,60873.0,14112,53502,0.11073875117046966,0.12599528989570483
305.png,DRIP,336,336,18,73,4262.0,25779.0,14308,15733,0.1653283680515148,0.2708955698213945
305.png,Fixed,336,336,18,72,1675.0,28170.0,14112,15733,0.05946041888533901,0.10646412000254242
3062.png,DRIP,336,336,42,73,7249.0,50705.0,14308,43646,0.1429642047135391,0.1660862392888237
3062.png,Fixed,336,336,42,72,6248.0,51510.0,14112,43646,0.12129683556590953,0.14315172066168722
3064.png,DRIP,336,336,42,73,7249.0,50705.0,14308,43646,0.1429642047135391,0.1660862392888237
3064.png,Fixed,336,336,42,72,6248.0,51510.0,14112,43646,0.12129683556590953,0.14315172066168722
3066.png,DRIP,336,336,42,73,7249.0,50705.0,14308,43646,0.1429642047135391,0.1660862392888237
3066.png,Fixed,336,336,42,72,6248.0,51510.0,14112,43646,0.12129683556590953,0.14315172066168722
3069.png,DRIP,336,336,18,73,2460.0,24164.0,14308,12316,0.101804337030293,0.1997401753816174
3069.png,Fixed,336,336,18,72,1841.0,24587.0,14112,12316,0.07487696750315208,0.14948035076323482
307.png,DRIP,336,336,18,73,4262.0,25779.0,14308,15733,0.1653283680515148,0.2708955698213945
307.png,Fixed,336,336,18,72,1675.0,28170.0,14112,15733,0.05946041888533901,0.10646412000254242
3071.png,DRIP,336,336,18,73,2460.0,24164.0,14308,12316,0.101804337030293,0.1997401753816174
3071.png,Fixed,336,336,18,72,1841.0,24587.0,14112,12316,0.07487696750315208,0.14948035076323482
3072.png,DRIP,336,336,18,73,2460.0,24164.0,14308,12316,0.101804337030293,0.1997401753816174
3072.png,Fixed,336,336,18,72,1841.0,24587.0,14112,12316,0.07487696750315208,0.14948035076323482
3074.png,DRIP,336,336,18,73,2460.0,24164.0,14308,12316,0.101804337030293,0.1997401753816174
3074.png,Fixed,336,336,18,72,1841.0,24587.0,14112,12316,0.07487696750315208,0.14948035076323482
3075.png,DRIP,336,336,18,73,2460.0,24164.0,14308,12316,0.101804337030293,0.1997401753816174
3075.png,Fixed,336,336,18,72,1841.0,24587.0,14112,12316,0.07487696750315208,0.14948035076323482
3076.png,DRIP,336,336,18,73,2460.0,24164.0,14308,12316,0.101804337030293,0.1997401753816174
3076.png,Fixed,336,336,18,72,1841.0,24587.0,14112,12316,0.07487696750315208,0.14948035076323482
3077.png,DRIP,336,336,18,73,2460.0,24164.0,14308,12316,0.101804337030293,0.1997401753816174
3077.png,Fixed,336,336,18,72,1841.0,24587.0,14112,12316,0.07487696750315208,0.14948035076323482
3079.png,DRIP,336,336,18,73,2460.0,24164.0,14308,12316,0.101804337030293,0.1997401753816174
3079.png,Fixed,336,336,18,72,1841.0,24587.0,14112,12316,0.07487696750315208,0.14948035076323482
30794.png,DRIP,336,336,9,72,2837.0,22535.0,14112,11260,0.12589305524739294,0.25195381882770873
30794.png,Fixed,336,336,9,72,1166.0,24206.0,14112,11260,0.04816987523754441,0.10355239786856128
30798.png,DRIP,336,336,7,72,3669.0,31061.0,14112,20618,0.11812240430121373,0.1779513046852265
30798.png,Fixed,336,336,7,72,2742.0,31988.0,14112,20618,0.08571964486682505,0.13299059074595013
30802.png,DRIP,336,336,7,72,3669.0,31061.0,14112,20618,0.11812240430121373,0.1779513046852265
30802.png,Fixed,336,336,7,72,2742.0,31988.0,14112,20618,0.08571964486682505,0.13299059074595013
30804.png,DRIP,336,336,7,72,3669.0,31061.0,14112,20618,0.11812240430121373,0.1779513046852265
30804.png,Fixed,336,336,7,72,2742.0,31988.0,14112,20618,0.08571964486682505,0.13299059074595013
3081.png,DRIP,336,336,18,73,2460.0,24164.0,14308,12316,0.101804337030293,0.1997401753816174
3081.png,Fixed,336,336,18,72,1841.0,24587.0,14112,12316,0.07487696750315208,0.14948035076323482
31017.png,DRIP,336,336,15,72,4680.0,33845.0,14112,24413,0.13827744127640715,0.19170114283373613
31017.png,Fixed,336,336,15,72,3369.0,35156.0,14112,24413,0.09583001479121629,0.13800024577069595
31018.png,DRIP,336,336,15,72,4680.0,33845.0,14112,24413,0.13827744127640715,0.19170114283373613
31018.png,Fixed,336,336,15,72,3369.0,35156.0,14112,24413,0.09583001479121629,0.13800024577069595
31020.png,DRIP,336,336,15,72,4680.0,33845.0,14112,24413,0.13827744127640715,0.19170114283373613
31020.png,Fixed,336,336,15,72,3369.0,35156.0,14112,24413,0.09583001479121629,0.13800024577069595
31022.png,DRIP,336,336,18,72,4620.0,34648.0,14112,25156,0.133341029785269,0.18365399904595325
31022.png,Fixed,336,336,18,72,2716.0,36552.0,14112,25156,0.07430509958415409,0.10796629034822706
31023.png,DRIP,336,336,18,72,4620.0,34648.0,14112,25156,0.133341029785269,0.18365399904595325
31023.png,Fixed,336,336,18,72,2716.0,36552.0,14112,25156,0.07430509958415409,0.10796629034822706
31025.png,DRIP,336,336,18,72,4620.0,34648.0,14112,25156,0.133341029785269,0.18365399904595325
31025.png,Fixed,336,336,18,72,2716.0,36552.0,14112,25156,0.07430509958415409,0.10796629034822706
31078.png,DRIP,336,336,37,72,6952.0,43591.0,14112,36431,0.15948246197609597,0.19082649392001316
31078.png,Fixed,336,336,37,72,5195.0,45348.0,14112,36431,0.11455852518302902,0.1425983365814828
31079.png,DRIP,336,336,37,72,6952.0,43591.0,14112,36431,0.15948246197609597,0.19082649392001316
31079.png,Fixed,336,336,37,72,5195.0,45348.0,14112,36431,0.11455852518302902,0.1425983365814828
31080.png,DRIP,336,336,37,72,6952.0,43591.0,14112,36431,0.15948246197609597,0.19082649392001316
31080.png,Fixed,336,336,37,72,5195.0,45348.0,14112,36431,0.11455852518302902,0.1425983365814828
3116.png,DRIP,336,336,58,73,4318.0,41359.0,14308,31369,0.10440291109552939,0.13765182186234817
3116.png,Fixed,336,336,58,72,4907.0,40574.0,14112,31369,0.12093951791787845,0.1564283209538079
3119.png,DRIP,336,336,58,73,4318.0,41359.0,14308,31369,0.10440291109552939,0.13765182186234817
3119.png,Fixed,336,336,58,72,4907.0,40574.0,14112,31369,0.12093951791787845,0.1564283209538079
3122.png,DRIP,336,336,58,73,4318.0,41359.0,14308,31369,0.10440291109552939,0.13765182186234817
3122.png,Fixed,336,336,58,72,4907.0,40574.0,14112,31369,0.12093951791787845,0.1564283209538079
3124.png,DRIP,336,336,58,73,4318.0,41359.0,14308,31369,0.10440291109552939,0.13765182186234817
3124.png,Fixed,336,336,58,72,4907.0,40574.0,14112,31369,0.12093951791787845,0.1564283209538079
3132.png,DRIP,336,336,6,73,957.0,18082.0,14308,4731,0.05292556133171109,0.20228281547241597
3132.png,Fixed,336,336,6,72,616.0,18227.0,14112,4731,0.03379601689800845,0.13020503064891142
3135.png,DRIP,336,336,6,73,957.0,18082.0,14308,4731,0.05292556133171109,0.20228281547241597
3135.png,Fixed,336,336,6,72,616.0,18227.0,14112,4731,0.03379601689800845,0.13020503064891142
3136.png,DRIP,336,336,6,73,957.0,18082.0,14308,4731,0.05292556133171109,0.20228281547241597
3136.png,Fixed,336,336,6,72,616.0,18227.0,14112,4731,0.03379601689800845,0.13020503064891142
3156.png,DRIP,336,336,6,73,957.0,18082.0,14308,4731,0.05292556133171109,0.20228281547241597
3156.png,Fixed,336,336,6,72,616.0,18227.0,14112,4731,0.03379601689800845,0.13020503064891142
317.png,DRIP,336,336,69,73,5588.0,34584.0,14308,25864,0.16157760814249364,0.21605320136096504
317.png,Fixed,336,336,69,72,3327.0,36649.0,14112,25864,0.09078010314060411,0.1286343952984844
319.png,DRIP,336,336,69,73,5588.0,34584.0,14308,25864,0.16157760814249364,0.21605320136096504
319.png,Fixed,336,336,69,72,3327.0,36649.0,14112,25864,0.09078010314060411,0.1286343952984844
3196.png,DRIP,336,336,6,73,957.0,18082.0,14308,4731,0.05292556133171109,0.20228281547241597
3196.png,Fixed,336,336,6,72,616.0,18227.0,14112,4731,0.03379601689800845,0.13020503064891142
320.png,DRIP,336,336,40,73,4854.0,30405.0,14308,20951,0.15964479526393685,0.23168345186387285
320.png,Fixed,336,336,40,72,2363.0,32700.0,14112,20951,0.07226299694189603,0.11278697914180708
3204.png,DRIP,336,336,6,73,957.0,18082.0,14308,4731,0.05292556133171109,0.20228281547241597
3204.png,Fixed,336,336,6,72,616.0,18227.0,14112,4731,0.03379601689800845,0.13020503064891142
321.png,DRIP,336,336,40,73,4854.0,30405.0,14308,20951,0.15964479526393685,0.23168345186387285
321.png,Fixed,336,336,40,72,2363.0,32700.0,14112,20951,0.07226299694189603,0.11278697914180708
32148.png,DRIP,336,336,28,72,5293.0,43926.0,14112,35107,0.12049811045849838,0.15076765317458057
32148.png,Fixed,336,336,28,72,3907.0,45312.0,14112,35107,0.08622439971751412,0.11128834705329421
32149.png,DRIP,336,336,28,72,5293.0,43926.0,14112,35107,0.12049811045849838,0.15076765317458057
32149.png,Fixed,336,336,28,72,3907.0,45312.0,14112,35107,0.08622439971751412,0.11128834705329421
32150.png,DRIP,336,336,28,72,5293.0,43926.0,14112,35107,0.12049811045849838,0.15076765317458057
32150.png,Fixed,336,336,28,72,3907.0,45312.0,14112,35107,0.08622439971751412,0.11128834705329421
32151.png,DRIP,336,336,28,72,5293.0,43926.0,14112,35107,0.12049811045849838,0.15076765317458057
32151.png,Fixed,336,336,28,72,3907.0,45312.0,14112,35107,0.08622439971751412,0.11128834705329421
32152.png,DRIP,336,336,28,72,5293.0,43926.0,14112,35107,0.12049811045849838,0.15076765317458057
32152.png,Fixed,336,336,28,72,3907.0,45312.0,14112,35107,0.08622439971751412,0.11128834705329421
32153.png,DRIP,336,336,28,72,5293.0,43926.0,14112,35107,0.12049811045849838,0.15076765317458057
32153.png,Fixed,336,336,28,72,3907.0,45312.0,14112,35107,0.08622439971751412,0.11128834705329421
32154.png,DRIP,336,336,28,72,5293.0,43926.0,14112,35107,0.12049811045849838,0.15076765317458057
32154.png,Fixed,336,336,28,72,3907.0,45312.0,14112,35107,0.08622439971751412,0.11128834705329421
32155.png,DRIP,336,336,28,72,5293.0,43926.0,14112,35107,0.12049811045849838,0.15076765317458057
32155.png,Fixed,336,336,28,72,3907.0,45312.0,14112,35107,0.08622439971751412,0.11128834705329421
32156.png,DRIP,336,336,28,72,5293.0,43926.0,14112,35107,0.12049811045849838,0.15076765317458057
32156.png,Fixed,336,336,28,72,3907.0,45312.0,14112,35107,0.08622439971751412,0.11128834705329421
32157.png,DRIP,336,336,28,72,5293.0,43926.0,14112,35107,0.12049811045849838,0.15076765317458057
32157.png,Fixed,336,336,28,72,3907.0,45312.0,14112,35107,0.08622439971751412,0.11128834705329421
32186.png,DRIP,336,336,29,73,4268.0,42702.0,14308,32662,0.09994848016486348,0.13067172861429183
32186.png,Fixed,336,336,29,72,3712.0,43062.0,14112,32662,0.08620129116158097,0.11364888861674116
32202.png,DRIP,336,336,19,73,2369.0,24420.0,14308,12481,0.09701064701064702,0.18980850893357903
32202.png,Fixed,336,336,19,72,1158.0,25435.0,14112,12481,0.04552781600157264,0.09278102716128515
32207.png,DRIP,336,336,19,73,2369.0,24420.0,14308,12481,0.09701064701064702,0.18980850893357903
32207.png,Fixed,336,336,19,72,1158.0,25435.0,14112,12481,0.04552781600157264,0.09278102716128515
32211.png,DRIP,336,336,19,73,2369.0,24420.0,14308,12481,0.09701064701064702,0.18980850893357903
32211.png,Fixed,336,336,19,72,1158.0,25435.0,14112,12481,0.04552781600157264,0.09278102716128515
32214.png,DRIP,336,336,19,73,2369.0,24420.0,14308,12481,0.09701064701064702,0.18980850893357903
32214.png,Fixed,336,336,19,72,1158.0,25435.0,14112,12481,0.04552781600157264,0.09278102716128515
32337.png,DRIP,336,336,19,72,4192.0,21369.0,14112,11449,0.1961720248958772,0.3661455148921303
32337.png,Fixed,336,336,19,72,1400.0,24161.0,14112,11449,0.05794462149745457,0.12228142195824963
32340.png,DRIP,336,336,19,72,4192.0,21369.0,14112,11449,0.1961720248958772,0.3661455148921303
32340.png,Fixed,336,336,19,72,1400.0,24161.0,14112,11449,0.05794462149745457,0.12228142195824963
32348.png,DRIP,336,336,11,72,2340.0,23460.0,14112,11688,0.09974424552429667,0.2002053388090349
32348.png,Fixed,336,336,11,72,1911.0,23889.0,14112,11688,0.07999497676754992,0.16350102669404518
32351.png,DRIP,336,336,28,72,8568.0,57160.0,14112,51616,0.14989503149055283,0.16599504029758214
32351.png,Fixed,336,336,28,72,6206.0,59522.0,14112,51616,0.10426396962467659,0.12023403595784253
32352.png,DRIP,336,336,28,72,8568.0,57160.0,14112,51616,0.14989503149055283,0.16599504029758214
32352.png,Fixed,336,336,28,72,6206.0,59522.0,14112,51616,0.10426396962467659,0.12023403595784253
32525.png,DRIP,336,336,4,72,2422.0,21563.0,14112,9873,0.11232203311227566,0.24531550693811405
32525.png,Fixed,336,336,4,72,1309.0,22676.0,14112,9873,0.05772623037572764,0.1325838144434316
32534.png,DRIP,336,336,4,72,2422.0,21563.0,14112,9873,0.11232203311227566,0.24531550693811405
32534.png,Fixed,336,336,4,72,1309.0,22676.0,14112,9873,0.05772623037572764,0.1325838144434316
32543.png,DRIP,336,336,19,72,5280.0,46080.0,14112,37248,0.11458333333333333,0.14175257731958762
32543.png,Fixed,336,336,19,72,3982.0,47378.0,14112,37248,0.08404744818270084,0.10690506872852233
32544.png,DRIP,336,336,19,72,5280.0,46080.0,14112,37248,0.11458333333333333,0.14175257731958762
32544.png,Fixed,336,336,19,72,3982.0,47378.0,14112,37248,0.08404744818270084,0.10690506872852233
32546.png,DRIP,336,336,19,72,5280.0,46080.0,14112,37248,0.11458333333333333,0.14175257731958762
32546.png,Fixed,336,336,19,72,3982.0,47378.0,14112,37248,0.08404744818270084,0.10690506872852233
32547.png,DRIP,336,336,19,72,5280.0,46080.0,14112,37248,0.11458333333333333,0.14175257731958762
32547.png,Fixed,336,336,19,72,3982.0,47378.0,14112,37248,0.08404744818270084,0.10690506872852233
32548.png,DRIP,336,336,19,72,5280.0,46080.0,14112,37248,0.11458333333333333,0.14175257731958762
32548.png,Fixed,336,336,19,72,3982.0,47378.0,14112,37248,0.08404744818270084,0.10690506872852233
32549.png,DRIP,336,336,19,72,5280.0,46080.0,14112,37248,0.11458333333333333,0.14175257731958762
32549.png,Fixed,336,336,19,72,3982.0,47378.0,14112,37248,0.08404744818270084,0.10690506872852233
32550.png,DRIP,336,336,19,72,5280.0,46080.0,14112,37248,0.11458333333333333,0.14175257731958762
32550.png,Fixed,336,336,19,72,3982.0,47378.0,14112,37248,0.08404744818270084,0.10690506872852233
32551.png,DRIP,336,336,19,72,5280.0,46080.0,14112,37248,0.11458333333333333,0.14175257731958762
32551.png,Fixed,336,336,19,72,3982.0,47378.0,14112,37248,0.08404744818270084,0.10690506872852233
32552.png,DRIP,336,336,7,72,1505.0,15529.0,14112,2922,0.09691544851568035,0.5150581793292266
32552.png,Fixed,336,336,7,72,425.0,16609.0,14112,2922,0.0255885363357216,0.14544832306639288
32553.png,DRIP,336,336,7,72,1505.0,15529.0,14112,2922,0.09691544851568035,0.5150581793292266
32553.png,Fixed,336,336,7,72,425.0,16609.0,14112,2922,0.0255885363357216,0.14544832306639288
32554.png,DRIP,336,336,7,72,1505.0,15529.0,14112,2922,0.09691544851568035,0.5150581793292266
32554.png,Fixed,336,336,7,72,425.0,16609.0,14112,2922,0.0255885363357216,0.14544832306639288
32555.png,DRIP,336,336,7,72,1505.0,15529.0,14112,2922,0.09691544851568035,0.5150581793292266
32555.png,Fixed,336,336,7,72,425.0,16609.0,14112,2922,0.0255885363357216,0.14544832306639288
32870.png,DRIP,336,336,67,72,4477.0,42220.0,14112,32585,0.10603979156797726,0.1373945066748504
32870.png,Fixed,336,336,67,72,3893.0,42804.0,14112,32585,0.0909494439771984,0.1194721497621605
32871.png,DRIP,336,336,67,72,4477.0,42220.0,14112,32585,0.10603979156797726,0.1373945066748504
32871.png,Fixed,336,336,67,72,3893.0,42804.0,14112,32585,0.0909494439771984,0.1194721497621605
32872.png,DRIP,336,336,67,72,4477.0,42220.0,14112,32585,0.10603979156797726,0.1373945066748504
32872.png,Fixed,336,336,67,72,3893.0,42804.0,14112,32585,0.0909494439771984,0.1194721497621605
32873.png,DRIP,336,336,67,72,4477.0,42220.0,14112,32585,0.10603979156797726,0.1373945066748504
32873.png,Fixed,336,336,67,72,3893.0,42804.0,14112,32585,0.0909494439771984,0.1194721497621605
32874.png,DRIP,336,336,67,72,4477.0,42220.0,14112,32585,0.10603979156797726,0.1373945066748504
32874.png,Fixed,336,336,67,72,3893.0,42804.0,14112,32585,0.0909494439771984,0.1194721497621605
32875.png,DRIP,336,336,67,72,4477.0,42220.0,14112,32585,0.10603979156797726,0.1373945066748504
32875.png,Fixed,336,336,67,72,3893.0,42804.0,14112,32585,0.0909494439771984,0.1194721497621605
32876.png,DRIP,336,336,67,72,4477.0,42220.0,14112,32585,0.10603979156797726,0.1373945066748504
32876.png,Fixed,336,336,67,72,3893.0,42804.0,14112,32585,0.0909494439771984,0.1194721497621605
32877.png,DRIP,336,336,39,72,3268.0,30809.0,14112,19965,0.10607290077574735,0.16368645128975706
32877.png,Fixed,336,336,39,72,2689.0,31388.0,14112,19965,0.08566968268127947,0.13468569997495616
32878.png,DRIP,336,336,39,72,3268.0,30809.0,14112,19965,0.10607290077574735,0.16368645128975706
32878.png,Fixed,336,336,39,72,2689.0,31388.0,14112,19965,0.08566968268127947,0.13468569997495616
32879.png,DRIP,336,336,39,72,3268.0,30809.0,14112,19965,0.10607290077574735,0.16368645128975706
32879.png,Fixed,336,336,39,72,2689.0,31388.0,14112,19965,0.08566968268127947,0.13468569997495616
32881.png,DRIP,336,336,39,72,3268.0,30809.0,14112,19965,0.10607290077574735,0.16368645128975706
32881.png,Fixed,336,336,39,72,2689.0,31388.0,14112,19965,0.08566968268127947,0.13468569997495616
32882.png,DRIP,336,336,39,72,3268.0,30809.0,14112,19965,0.10607290077574735,0.16368645128975706
32882.png,Fixed,336,336,39,72,2689.0,31388.0,14112,19965,0.08566968268127947,0.13468569997495616
32883.png,DRIP,336,336,9,72,1809.0,16574.0,14112,4271,0.10914685652226379,0.423554202762819
32883.png,Fixed,336,336,9,72,446.0,17937.0,14112,4271,0.024864804593856274,0.10442519316319362
32885.png,DRIP,336,336,70,73,979.0,31669.0,14308,18340,0.030913511635984717,0.053380588876772085
32885.png,Fixed,336,336,70,72,2368.0,30084.0,14112,18340,0.07871293710942694,0.1291166848418757
32886.png,DRIP,336,336,70,73,979.0,31669.0,14308,18340,0.030913511635984717,0.053380588876772085
32886.png,Fixed,336,336,70,72,2368.0,30084.0,14112,18340,0.07871293710942694,0.1291166848418757
32889.png,DRIP,336,336,70,73,979.0,31669.0,14308,18340,0.030913511635984717,0.053380588876772085
32889.png,Fixed,336,336,70,72,2368.0,30084.0,14112,18340,0.07871293710942694,0.1291166848418757
32890.png,DRIP,336,336,70,73,979.0,31669.0,14308,18340,0.030913511635984717,0.053380588876772085
32890.png,Fixed,336,336,70,72,2368.0,30084.0,14112,18340,0.07871293710942694,0.1291166848418757
32891.png,DRIP,336,336,0,73,,,14308,0,,
32891.png,Fixed,336,336,0,72,,,14112,0,,
32892.png,DRIP,336,336,0,73,,,14308,0,,
32892.png,Fixed,336,336,0,72,,,14112,0,,
32893.png,DRIP,336,336,0,73,,,14308,0,,
32893.png,Fixed,336,336,0,72,,,14112,0,,
32894.png,DRIP,336,336,0,73,,,14308,0,,
32894.png,Fixed,336,336,0,72,,,14112,0,,
32896.png,DRIP,336,336,19,72,2432.0,26039.0,14112,14359,0.09339836399247282,0.16937112612298907
32896.png,Fixed,336,336,19,72,1885.0,26586.0,14112,14359,0.07090197848491687,0.13127655129187268
32897.png,DRIP,336,336,19,72,2432.0,26039.0,14112,14359,0.09339836399247282,0.16937112612298907
32897.png,Fixed,336,336,19,72,1885.0,26586.0,14112,14359,0.07090197848491687,0.13127655129187268
32898.png,DRIP,336,336,19,72,2432.0,26039.0,14112,14359,0.09339836399247282,0.16937112612298907
32898.png,Fixed,336,336,19,72,1885.0,26586.0,14112,14359,0.07090197848491687,0.13127655129187268
32900.png,DRIP,336,336,19,72,2432.0,26039.0,14112,14359,0.09339836399247282,0.16937112612298907
32900.png,Fixed,336,336,19,72,1885.0,26586.0,14112,14359,0.07090197848491687,0.13127655129187268
32944.png,DRIP,336,336,9,72,760.0,16974.0,14112,3622,0.04477436078708613,0.2098288238542242
32944.png,Fixed,336,336,9,72,237.0,17497.0,14112,3622,0.013545179173572612,0.06543346217559359
32945.png,DRIP,336,336,9,72,760.0,16974.0,14112,3622,0.04477436078708613,0.2098288238542242
32945.png,Fixed,336,336,9,72,237.0,17497.0,14112,3622,0.013545179173572612,0.06543346217559359
32946.png,DRIP,336,336,9,72,760.0,16974.0,14112,3622,0.04477436078708613,0.2098288238542242
32946.png,Fixed,336,336,9,72,237.0,17497.0,14112,3622,0.013545179173572612,0.06543346217559359
32947.png,DRIP,336,336,9,72,760.0,16974.0,14112,3622,0.04477436078708613,0.2098288238542242
32947.png,Fixed,336,336,9,72,237.0,17497.0,14112,3622,0.013545179173572612,0.06543346217559359
32948.png,DRIP,336,336,9,72,760.0,16974.0,14112,3622,0.04477436078708613,0.2098288238542242
32948.png,Fixed,336,336,9,72,237.0,17497.0,14112,3622,0.013545179173572612,0.06543346217559359
32949.png,DRIP,336,336,9,72,760.0,16974.0,14112,3622,0.04477436078708613,0.2098288238542242
32949.png,Fixed,336,336,9,72,237.0,17497.0,14112,3622,0.013545179173572612,0.06543346217559359
32984.png,DRIP,336,336,54,73,1871.0,30233.0,14308,17796,0.061886018588959084,0.10513598561474488
32984.png,Fixed,336,336,54,72,2424.0,29484.0,14112,17796,0.08221408221408222,0.13621038435603505
32986.png,DRIP,336,336,54,73,1871.0,30233.0,14308,17796,0.061886018588959084,0.10513598561474488
32986.png,Fixed,336,336,54,72,2424.0,29484.0,14112,17796,0.08221408221408222,0.13621038435603505
32987.png,DRIP,336,336,54,73,1871.0,30233.0,14308,17796,0.061886018588959084,0.10513598561474488
32987.png,Fixed,336,336,54,72,2424.0,29484.0,14112,17796,0.08221408221408222,0.13621038435603505
32989.png,DRIP,336,336,54,73,1871.0,30233.0,14308,17796,0.061886018588959084,0.10513598561474488
32989.png,Fixed,336,336,54,72,2424.0,29484.0,14112,17796,0.08221408221408222,0.13621038435603505
32990.png,DRIP,336,336,54,73,1871.0,30233.0,14308,17796,0.061886018588959084,0.10513598561474488
32990.png,Fixed,336,336,54,72,2424.0,29484.0,14112,17796,0.08221408221408222,0.13621038435603505
32994.png,DRIP,336,336,54,73,1871.0,30233.0,14308,17796,0.061886018588959084,0.10513598561474488
32994.png,Fixed,336,336,54,72,2424.0,29484.0,14112,17796,0.08221408221408222,0.13621038435603505
32995.png,DRIP,336,336,54,73,1871.0,30233.0,14308,17796,0.061886018588959084,0.10513598561474488
32995.png,Fixed,336,336,54,72,2424.0,29484.0,14112,17796,0.08221408221408222,0.13621038435603505
32996.png,DRIP,336,336,54,73,1871.0,30233.0,14308,17796,0.061886018588959084,0.10513598561474488
32996.png,Fixed,336,336,54,72,2424.0,29484.0,14112,17796,0.08221408221408222,0.13621038435603505
32998.png,DRIP,336,336,42,73,840.0,25746.0,14308,12278,0.03262642740619902,0.06841505131128849
32998.png,Fixed,336,336,42,72,2091.0,24299.0,14112,12278,0.0860529239886415,0.17030460987131454
33000.png,DRIP,336,336,20,72,2248.0,21094.0,14112,9230,0.10657058879302171,0.24355362946912243
33000.png,Fixed,336,336,20,72,453.0,22889.0,14112,9230,0.019791166062300667,0.049079089924160345
33005.png,DRIP,336,336,20,72,2248.0,21094.0,14112,9230,0.10657058879302171,0.24355362946912243
33005.png,Fixed,336,336,20,72,453.0,22889.0,14112,9230,0.019791166062300667,0.049079089924160345
33008.png,DRIP,336,336,20,72,2248.0,21094.0,14112,9230,0.10657058879302171,0.24355362946912243
33008.png,Fixed,336,336,20,72,453.0,22889.0,14112,9230,0.019791166062300667,0.049079089924160345
33009.png,DRIP,336,336,17,73,5257.0,19908.0,14308,10857,0.2640646976090014,0.4842037395228885
33009.png,Fixed,336,336,17,72,1396.0,23573.0,14112,10857,0.05922029440461545,0.1285806392189371
33153.png,DRIP,336,336,39,72,3410.0,25040.0,14112,14338,0.1361821086261981,0.23782954386943786
33153.png,Fixed,336,336,39,72,1438.0,27012.0,14112,14338,0.05323559899304013,0.10029292788394477
33158.png,DRIP,336,336,39,72,3410.0,25040.0,14112,14338,0.1361821086261981,0.23782954386943786
33158.png,Fixed,336,336,39,72,1438.0,27012.0,14112,14338,0.05323559899304013,0.10029292788394477
3388.png,DRIP,336,336,12,72,3767.0,23721.0,14112,13376,0.158804434888917,0.2816238038277512
3388.png,Fixed,336,336,12,72,1768.0,25720.0,14112,13376,0.0687402799377916,0.13217703349282298
3392.png,DRIP,336,336,12,72,3767.0,23721.0,14112,13376,0.158804434888917,0.2816238038277512
3392.png,Fixed,336,336,12,72,1768.0,25720.0,14112,13376,0.0687402799377916,0.13217703349282298
33923.png,DRIP,336,336,3,72,1689.0,16859.0,14112,4436,0.10018387804733377,0.3807484220018034
33923.png,Fixed,336,336,3,72,631.0,17917.0,14112,4436,0.03521794943349891,0.1422452660054103
34128.png,DRIP,336,336,33,72,3510.0,45709.0,14112,35107,0.07679012885864928,0.0999800609565044
34128.png,Fixed,336,336,33,72,4781.0,44438.0,14112,35107,0.10758810027453981,0.1361836670749423
34132.png,DRIP,336,336,33,72,3510.0,45709.0,14112,35107,0.07679012885864928,0.0999800609565044
34132.png,Fixed,336,336,33,72,4781.0,44438.0,14112,35107,0.10758810027453981,0.1361836670749423
34135.png,DRIP,336,336,33,72,3510.0,45709.0,14112,35107,0.07679012885864928,0.0999800609565044
34135.png,Fixed,336,336,33,72,4781.0,44438.0,14112,35107,0.10758810027453981,0.1361836670749423
34139.png,DRIP,336,336,33,72,3510.0,45709.0,14112,35107,0.07679012885864928,0.0999800609565044
34139.png,Fixed,336,336,33,72,4781.0,44438.0,14112,35107,0.10758810027453981,0.1361836670749423
34140.png,DRIP,336,336,33,72,3510.0,45709.0,14112,35107,0.07679012885864928,0.0999800609565044
34140.png,Fixed,336,336,33,72,4781.0,44438.0,14112,35107,0.10758810027453981,0.1361836670749423
34145.png,DRIP,336,336,33,72,3510.0,45709.0,14112,35107,0.07679012885864928,0.0999800609565044
34145.png,Fixed,336,336,33,72,4781.0,44438.0,14112,35107,0.10758810027453981,0.1361836670749423
345.png,DRIP,336,336,43,73,3718.0,47624.0,14308,37034,0.07806988073240383,0.10039423232705082
345.png,Fixed,336,336,43,72,4837.0,46309.0,14112,37034,0.10445053877216091,0.13060970999621968
346.png,DRIP,336,336,43,73,3718.0,47624.0,14308,37034,0.07806988073240383,0.10039423232705082
346.png,Fixed,336,336,43,72,4837.0,46309.0,14112,37034,0.10445053877216091,0.13060970999621968
347.png,DRIP,336,336,43,73,3718.0,47624.0,14308,37034,0.07806988073240383,0.10039423232705082
347.png,Fixed,336,336,43,72,4837.0,46309.0,14112,37034,0.10445053877216091,0.13060970999621968
348.png,DRIP,336,336,43,73,3718.0,47624.0,14308,37034,0.07806988073240383,0.10039423232705082
348.png,Fixed,336,336,43,72,4837.0,46309.0,14112,37034,0.10445053877216091,0.13060970999621968
35311.png,DRIP,336,336,3,72,1689.0,16859.0,14112,4436,0.10018387804733377,0.3807484220018034
35311.png,Fixed,336,336,3,72,631.0,17917.0,14112,4436,0.03521794943349891,0.1422452660054103
3546.png,DRIP,336,336,1,73,336.0,14497.0,14308,525,0.02317720907774022,0.64
3546.png,Fixed,336,336,1,72,10.0,14627.0,14112,525,0.000683667190811513,0.01904761904761905
3547.png,DRIP,336,336,1,73,336.0,14497.0,14308,525,0.02317720907774022,0.64
3547.png,Fixed,336,336,1,72,10.0,14627.0,14112,525,0.000683667190811513,0.01904761904761905
357.png,DRIP,336,336,35,73,4931.0,25856.0,14308,16479,0.19071008663366337,0.2992293221676073
357.png,Fixed,336,336,35,72,2061.0,28530.0,14112,16479,0.0722397476340694,0.12506826870562535
358.png,DRIP,336,336,35,73,4931.0,25856.0,14308,16479,0.19071008663366337,0.2992293221676073
358.png,Fixed,336,336,35,72,2061.0,28530.0,14112,16479,0.0722397476340694,0.12506826870562535
359.png,DRIP,336,336,35,73,4931.0,25856.0,14308,16479,0.19071008663366337,0.2992293221676073
359.png,Fixed,336,336,35,72,2061.0,28530.0,14112,16479,0.0722397476340694,0.12506826870562535
360.png,DRIP,336,336,35,73,4931.0,25856.0,14308,16479,0.19071008663366337,0.2992293221676073
360.png,Fixed,336,336,35,72,2061.0,28530.0,14112,16479,0.0722397476340694,0.12506826870562535
361.png,DRIP,336,336,35,73,4931.0,25856.0,14308,16479,0.19071008663366337,0.2992293221676073
361.png,Fixed,336,336,35,72,2061.0,28530.0,14112,16479,0.0722397476340694,0.12506826870562535
362.png,DRIP,336,336,20,73,3498.0,30408.0,14308,19598,0.11503551696921863,0.17848760077558934
362.png,Fixed,336,336,20,72,3169.0,30541.0,14112,19598,0.1037621557905766,0.1617001734870905
36275.png,DRIP,336,336,3,73,160.0,16204.0,14308,2056,0.009874105159219946,0.07782101167315175
36275.png,Fixed,336,336,3,72,154.0,16014.0,14112,2056,0.009616585487698264,0.07490272373540856
36286.png,DRIP,336,336,3,73,160.0,16204.0,14308,2056,0.009874105159219946,0.07782101167315175
36286.png,Fixed,336,336,3,72,154.0,16014.0,14112,2056,0.009616585487698264,0.07490272373540856
363.png,DRIP,336,336,20,73,3498.0,30408.0,14308,19598,0.11503551696921863,0.17848760077558934
363.png,Fixed,336,336,20,72,3169.0,30541.0,14112,19598,0.1037621557905766,0.1617001734870905
36309.png,DRIP,336,336,3,73,160.0,16204.0,14308,2056,0.009874105159219946,0.07782101167315175
36309.png,Fixed,336,336,3,72,154.0,16014.0,14112,2056,0.009616585487698264,0.07490272373540856
36328.png,DRIP,336,336,3,73,160.0,16204.0,14308,2056,0.009874105159219946,0.07782101167315175
36328.png,Fixed,336,336,3,72,154.0,16014.0,14112,2056,0.009616585487698264,0.07490272373540856
364.png,DRIP,336,336,20,73,3498.0,30408.0,14308,19598,0.11503551696921863,0.17848760077558934
364.png,Fixed,336,336,20,72,3169.0,30541.0,14112,19598,0.1037621557905766,0.1617001734870905
36495.png,DRIP,336,336,0,73,,,14308,0,,
36495.png,Fixed,336,336,0,72,,,14112,0,,
36496.png,DRIP,336,336,0,73,,,14308,0,,
36496.png,Fixed,336,336,0,72,,,14112,0,,
36498.png,DRIP,336,336,0,73,,,14308,0,,
36498.png,Fixed,336,336,0,72,,,14112,0,,
36499.png,DRIP,336,336,0,73,,,14308,0,,
36499.png,Fixed,336,336,0,72,,,14112,0,,
365.png,DRIP,336,336,20,73,3498.0,30408.0,14308,19598,0.11503551696921863,0.17848760077558934
365.png,Fixed,336,336,20,72,3169.0,30541.0,14112,19598,0.1037621557905766,0.1617001734870905
36500.png,DRIP,336,336,0,73,,,14308,0,,
36500.png,Fixed,336,336,0,72,,,14112,0,,
36501.png,DRIP,336,336,0,73,,,14308,0,,
36501.png,Fixed,336,336,0,72,,,14112,0,,
36502.png,DRIP,336,336,0,73,,,14308,0,,
36502.png,Fixed,336,336,0,72,,,14112,0,,
36504.png,DRIP,336,336,0,73,,,14308,0,,
36504.png,Fixed,336,336,0,72,,,14112,0,,
36505.png,DRIP,336,336,0,73,,,14308,0,,
36505.png,Fixed,336,336,0,72,,,14112,0,,
36507.png,DRIP,336,336,0,73,,,14308,0,,
36507.png,Fixed,336,336,0,72,,,14112,0,,
36588.png,DRIP,336,336,27,72,3340.0,20192.0,14112,9420,0.1654120443740095,0.35456475583864117
36588.png,Fixed,336,336,27,72,851.0,22681.0,14112,9420,0.037520391517128875,0.09033970276008492
36590.png,DRIP,336,336,27,72,3340.0,20192.0,14112,9420,0.1654120443740095,0.35456475583864117
36590.png,Fixed,336,336,27,72,851.0,22681.0,14112,9420,0.037520391517128875,0.09033970276008492
36591.png,DRIP,336,336,27,72,3340.0,20192.0,14112,9420,0.1654120443740095,0.35456475583864117
36591.png,Fixed,336,336,27,72,851.0,22681.0,14112,9420,0.037520391517128875,0.09033970276008492
36592.png,DRIP,336,336,27,72,3340.0,20192.0,14112,9420,0.1654120443740095,0.35456475583864117
36592.png,Fixed,336,336,27,72,851.0,22681.0,14112,9420,0.037520391517128875,0.09033970276008492
36593.png,DRIP,336,336,27,72,3340.0,20192.0,14112,9420,0.1654120443740095,0.35456475583864117
36593.png,Fixed,336,336,27,72,851.0,22681.0,14112,9420,0.037520391517128875,0.09033970276008492
36594.png,DRIP,336,336,27,72,3340.0,20192.0,14112,9420,0.1654120443740095,0.35456475583864117
36594.png,Fixed,336,336,27,72,851.0,22681.0,14112,9420,0.037520391517128875,0.09033970276008492
36595.png,DRIP,336,336,27,72,3340.0,20192.0,14112,9420,0.1654120443740095,0.35456475583864117
36595.png,Fixed,336,336,27,72,851.0,22681.0,14112,9420,0.037520391517128875,0.09033970276008492
36598.png,DRIP,336,336,27,72,3340.0,20192.0,14112,9420,0.1654120443740095,0.35456475583864117
36598.png,Fixed,336,336,27,72,851.0,22681.0,14112,9420,0.037520391517128875,0.09033970276008492
36601.png,DRIP,336,336,27,72,3340.0,20192.0,14112,9420,0.1654120443740095,0.35456475583864117
36601.png,Fixed,336,336,27,72,851.0,22681.0,14112,9420,0.037520391517128875,0.09033970276008492
36685.png,DRIP,336,336,14,72,1904.0,20781.0,14112,8573,0.09162215485299072,0.2220926163536685
36685.png,Fixed,336,336,14,72,1044.0,21641.0,14112,8573,0.048241763319624785,0.12177767409308293
36688.png,DRIP,336,336,14,72,1904.0,20781.0,14112,8573,0.09162215485299072,0.2220926163536685
36688.png,Fixed,336,336,14,72,1044.0,21641.0,14112,8573,0.048241763319624785,0.12177767409308293
36689.png,DRIP,336,336,14,72,1904.0,20781.0,14112,8573,0.09162215485299072,0.2220926163536685
36689.png,Fixed,336,336,14,72,1044.0,21641.0,14112,8573,0.048241763319624785,0.12177767409308293
36691.png,DRIP,336,336,14,72,1904.0,20781.0,14112,8573,0.09162215485299072,0.2220926163536685
36691.png,Fixed,336,336,14,72,1044.0,21641.0,14112,8573,0.048241763319624785,0.12177767409308293
36692.png,DRIP,336,336,14,72,1904.0,20781.0,14112,8573,0.09162215485299072,0.2220926163536685
36692.png,Fixed,336,336,14,72,1044.0,21641.0,14112,8573,0.048241763319624785,0.12177767409308293
36693.png,DRIP,336,336,14,72,1904.0,20781.0,14112,8573,0.09162215485299072,0.2220926163536685
36693.png,Fixed,336,336,14,72,1044.0,21641.0,14112,8573,0.048241763319624785,0.12177767409308293
36709.png,DRIP,336,336,2,72,992.0,14983.0,14112,1863,0.06620836948541681,0.5324745034889963
36709.png,Fixed,336,336,2,72,6.0,15969.0,14112,1863,0.00037572797294758596,0.00322061191626409
36769.png,DRIP,336,336,5,72,1294.0,18773.0,14112,5955,0.06892878069567997,0.21729638958858102
36769.png,Fixed,336,336,5,72,960.0,19107.0,14112,5955,0.05024336630554247,0.16120906801007556
36771.png,DRIP,336,336,5,72,1294.0,18773.0,14112,5955,0.06892878069567997,0.21729638958858102
36771.png,Fixed,336,336,5,72,960.0,19107.0,14112,5955,0.05024336630554247,0.16120906801007556
36775.png,DRIP,336,336,5,72,1294.0,18773.0,14112,5955,0.06892878069567997,0.21729638958858102
36775.png,Fixed,336,336,5,72,960.0,19107.0,14112,5955,0.05024336630554247,0.16120906801007556
36831.png,DRIP,336,336,52,72,3103.0,26264.0,14112,15255,0.11814651233627779,0.20340871845296624
36831.png,Fixed,336,336,52,72,1515.0,27852.0,14112,15255,0.0543946574752262,0.09931170108161258
36837.png,DRIP,336,336,52,72,3103.0,26264.0,14112,15255,0.11814651233627779,0.20340871845296624
36837.png,Fixed,336,336,52,72,1515.0,27852.0,14112,15255,0.0543946574752262,0.09931170108161258
36844.png,DRIP,336,336,52,72,3103.0,26264.0,14112,15255,0.11814651233627779,0.20340871845296624
36844.png,Fixed,336,336,52,72,1515.0,27852.0,14112,15255,0.0543946574752262,0.09931170108161258
36850.png,DRIP,336,336,52,72,3103.0,26264.0,14112,15255,0.11814651233627779,0.20340871845296624
36850.png,Fixed,336,336,52,72,1515.0,27852.0,14112,15255,0.0543946574752262,0.09931170108161258
36853.png,DRIP,336,336,52,72,3103.0,26264.0,14112,15255,0.11814651233627779,0.20340871845296624
36853.png,Fixed,336,336,52,72,1515.0,27852.0,14112,15255,0.0543946574752262,0.09931170108161258
36855.png,DRIP,336,336,52,72,3103.0,26264.0,14112,15255,0.11814651233627779,0.20340871845296624
36855.png,Fixed,336,336,52,72,1515.0,27852.0,14112,15255,0.0543946574752262,0.09931170108161258
36860.png,DRIP,336,336,52,72,3103.0,26264.0,14112,15255,0.11814651233627779,0.20340871845296624
36860.png,Fixed,336,336,52,72,1515.0,27852.0,14112,15255,0.0543946574752262,0.09931170108161258
36889.png,DRIP,336,336,10,72,1814.0,18587.0,14112,6289,0.0975950933448109,0.28844013356654474
36889.png,Fixed,336,336,10,72,814.0,19587.0,14112,6289,0.04155817634145096,0.12943234218476704
36894.png,DRIP,336,336,10,72,1814.0,18587.0,14112,6289,0.0975950933448109,0.28844013356654474
36894.png,Fixed,336,336,10,72,814.0,19587.0,14112,6289,0.04155817634145096,0.12943234218476704
36904.png,DRIP,336,336,10,72,1814.0,18587.0,14112,6289,0.0975950933448109,0.28844013356654474
36904.png,Fixed,336,336,10,72,814.0,19587.0,14112,6289,0.04155817634145096,0.12943234218476704
36907.png,DRIP,336,336,10,72,1814.0,18587.0,14112,6289,0.0975950933448109,0.28844013356654474
36907.png,Fixed,336,336,10,72,814.0,19587.0,14112,6289,0.04155817634145096,0.12943234218476704
36908.png,DRIP,336,336,10,72,1814.0,18587.0,14112,6289,0.0975950933448109,0.28844013356654474
36908.png,Fixed,336,336,10,72,814.0,19587.0,14112,6289,0.04155817634145096,0.12943234218476704
36914.png,DRIP,336,336,10,72,1814.0,18587.0,14112,6289,0.0975950933448109,0.28844013356654474
36914.png,Fixed,336,336,10,72,814.0,19587.0,14112,6289,0.04155817634145096,0.12943234218476704
36917.png,DRIP,336,336,10,72,1814.0,18587.0,14112,6289,0.0975950933448109,0.28844013356654474
36917.png,Fixed,336,336,10,72,814.0,19587.0,14112,6289,0.04155817634145096,0.12943234218476704
36920.png,DRIP,336,336,10,72,1814.0,18587.0,14112,6289,0.0975950933448109,0.28844013356654474
36920.png,Fixed,336,336,10,72,814.0,19587.0,14112,6289,0.04155817634145096,0.12943234218476704
36922.png,DRIP,336,336,10,72,1814.0,18587.0,14112,6289,0.0975950933448109,0.28844013356654474
36922.png,Fixed,336,336,10,72,814.0,19587.0,14112,6289,0.04155817634145096,0.12943234218476704
36927.png,DRIP,336,336,10,72,1814.0,18587.0,14112,6289,0.0975950933448109,0.28844013356654474
36927.png,Fixed,336,336,10,72,814.0,19587.0,14112,6289,0.04155817634145096,0.12943234218476704
36928.png,DRIP,336,336,5,72,1762.0,17844.0,14112,5494,0.09874467608159605,0.3207135056425191
36928.png,Fixed,336,336,5,72,476.0,19130.0,14112,5494,0.024882383690538423,0.08663997087732071
36929.png,DRIP,336,336,5,72,1762.0,17844.0,14112,5494,0.09874467608159605,0.3207135056425191
36929.png,Fixed,336,336,5,72,476.0,19130.0,14112,5494,0.024882383690538423,0.08663997087732071
36932.png,DRIP,336,336,5,72,1762.0,17844.0,14112,5494,0.09874467608159605,0.3207135056425191
36932.png,Fixed,336,336,5,72,476.0,19130.0,14112,5494,0.024882383690538423,0.08663997087732071
36936.png,DRIP,336,336,5,72,1762.0,17844.0,14112,5494,0.09874467608159605,0.3207135056425191
36936.png,Fixed,336,336,5,72,476.0,19130.0,14112,5494,0.024882383690538423,0.08663997087732071
36941.png,DRIP,336,336,5,72,1762.0,17844.0,14112,5494,0.09874467608159605,0.3207135056425191
36941.png,Fixed,336,336,5,72,476.0,19130.0,14112,5494,0.024882383690538423,0.08663997087732071
36943.png,DRIP,336,336,13,73,2451.0,29637.0,14308,17780,0.08270067820629619,0.13785151856017996
36943.png,Fixed,336,336,13,72,1765.0,30127.0,14112,17780,0.058585322136289704,0.09926884139482564
36944.png,DRIP,336,336,5,72,1762.0,17844.0,14112,5494,0.09874467608159605,0.3207135056425191
36944.png,Fixed,336,336,5,72,476.0,19130.0,14112,5494,0.024882383690538423,0.08663997087732071
36960.png,DRIP,336,336,13,73,2451.0,29637.0,14308,17780,0.08270067820629619,0.13785151856017996
36960.png,Fixed,336,336,13,72,1765.0,30127.0,14112,17780,0.058585322136289704,0.09926884139482564
36984.png,DRIP,336,336,42,73,4730.0,32032.0,14308,22454,0.14766483516483517,0.21065289035361182
36984.png,Fixed,336,336,42,72,3341.0,33225.0,14112,22454,0.10055680963130173,0.1487930880912087
36991.png,DRIP,336,336,42,73,4730.0,32032.0,14308,22454,0.14766483516483517,0.21065289035361182
36991.png,Fixed,336,336,42,72,3341.0,33225.0,14112,22454,0.10055680963130173,0.1487930880912087
36997.png,DRIP,336,336,42,73,4730.0,32032.0,14308,22454,0.14766483516483517,0.21065289035361182
36997.png,Fixed,336,336,42,72,3341.0,33225.0,14112,22454,0.10055680963130173,0.1487930880912087
37001.png,DRIP,336,336,42,73,4730.0,32032.0,14308,22454,0.14766483516483517,0.21065289035361182
37001.png,Fixed,336,336,42,72,3341.0,33225.0,14112,22454,0.10055680963130173,0.1487930880912087
37006.png,DRIP,336,336,42,73,4730.0,32032.0,14308,22454,0.14766483516483517,0.21065289035361182
37006.png,Fixed,336,336,42,72,3341.0,33225.0,14112,22454,0.10055680963130173,0.1487930880912087
37007.png,DRIP,336,336,42,73,4730.0,32032.0,14308,22454,0.14766483516483517,0.21065289035361182
37007.png,Fixed,336,336,42,72,3341.0,33225.0,14112,22454,0.10055680963130173,0.1487930880912087
37011.png,DRIP,336,336,42,73,4730.0,32032.0,14308,22454,0.14766483516483517,0.21065289035361182
37011.png,Fixed,336,336,42,72,3341.0,33225.0,14112,22454,0.10055680963130173,0.1487930880912087
37016.png,DRIP,336,336,42,73,4730.0,32032.0,14308,22454,0.14766483516483517,0.21065289035361182
37016.png,Fixed,336,336,42,72,3341.0,33225.0,14112,22454,0.10055680963130173,0.1487930880912087
37027.png,DRIP,336,336,42,73,4730.0,32032.0,14308,22454,0.14766483516483517,0.21065289035361182
37027.png,Fixed,336,336,42,72,3341.0,33225.0,14112,22454,0.10055680963130173,0.1487930880912087
37076.png,DRIP,336,336,81,72,3080.0,39141.0,14112,28109,0.07868986484760226,0.10957344622718702
37076.png,Fixed,336,336,81,72,3796.0,38425.0,14112,28109,0.09878985035783995,0.13504571489558503
37084.png,DRIP,336,336,81,72,3080.0,39141.0,14112,28109,0.07868986484760226,0.10957344622718702
37084.png,Fixed,336,336,81,72,3796.0,38425.0,14112,28109,0.09878985035783995,0.13504571489558503
37175.png,DRIP,336,336,30,72,4875.0,28581.0,14112,19344,0.17056785976697805,0.25201612903225806
37175.png,Fixed,336,336,30,72,2187.0,31269.0,14112,19344,0.06994147558284564,0.11305831265508685
37191.png,DRIP,336,336,30,72,4875.0,28581.0,14112,19344,0.17056785976697805,0.25201612903225806
37191.png,Fixed,336,336,30,72,2187.0,31269.0,14112,19344,0.06994147558284564,0.11305831265508685
37216.png,DRIP,336,336,30,72,4875.0,28581.0,14112,19344,0.17056785976697805,0.25201612903225806
37216.png,Fixed,336,336,30,72,2187.0,31269.0,14112,19344,0.06994147558284564,0.11305831265508685
37221.png,DRIP,336,336,35,72,3883.0,39780.0,14112,29551,0.09761186525892408,0.13139995262427667
37221.png,Fixed,336,336,35,72,3460.0,40203.0,14112,29551,0.08606322911225531,0.11708571621941728
37223.png,DRIP,336,336,30,72,4875.0,28581.0,14112,19344,0.17056785976697805,0.25201612903225806
37223.png,Fixed,336,336,30,72,2187.0,31269.0,14112,19344,0.06994147558284564,0.11305831265508685
37227.png,DRIP,336,336,35,72,3883.0,39780.0,14112,29551,0.09761186525892408,0.13139995262427667
37227.png,Fixed,336,336,35,72,3460.0,40203.0,14112,29551,0.08606322911225531,0.11708571621941728
37229.png,DRIP,336,336,12,72,1258.0,20122.0,14112,7268,0.06251863631845742,0.17308750687947166
37229.png,Fixed,336,336,12,72,668.0,20712.0,14112,7268,0.03225183468520664,0.09190974133186572
37232.png,DRIP,336,336,12,72,1258.0,20122.0,14112,7268,0.06251863631845742,0.17308750687947166
37232.png,Fixed,336,336,12,72,668.0,20712.0,14112,7268,0.03225183468520664,0.09190974133186572
37234.png,DRIP,336,336,12,72,1258.0,20122.0,14112,7268,0.06251863631845742,0.17308750687947166
37234.png,Fixed,336,336,12,72,668.0,20712.0,14112,7268,0.03225183468520664,0.09190974133186572
37236.png,DRIP,336,336,35,72,3883.0,39780.0,14112,29551,0.09761186525892408,0.13139995262427667
37236.png,Fixed,336,336,35,72,3460.0,40203.0,14112,29551,0.08606322911225531,0.11708571621941728
37239.png,DRIP,336,336,12,72,1258.0,20122.0,14112,7268,0.06251863631845742,0.17308750687947166
37239.png,Fixed,336,336,12,72,668.0,20712.0,14112,7268,0.03225183468520664,0.09190974133186572
37243.png,DRIP,336,336,12,72,1258.0,20122.0,14112,7268,0.06251863631845742,0.17308750687947166
37243.png,Fixed,336,336,12,72,668.0,20712.0,14112,7268,0.03225183468520664,0.09190974133186572
37246.png,DRIP,336,336,12,72,1258.0,20122.0,14112,7268,0.06251863631845742,0.17308750687947166
37246.png,Fixed,336,336,12,72,668.0,20712.0,14112,7268,0.03225183468520664,0.09190974133186572
37252.png,DRIP,336,336,12,72,1258.0,20122.0,14112,7268,0.06251863631845742,0.17308750687947166
37252.png,Fixed,336,336,12,72,668.0,20712.0,14112,7268,0.03225183468520664,0.09190974133186572
37304.png,DRIP,336,336,8,73,2258.0,17621.0,14308,5571,0.1281425571760967,0.40531322922276075
37304.png,Fixed,336,336,8,72,848.0,18835.0,14112,5571,0.04502256437483409,0.15221683719260456
37305.png,DRIP,336,336,29,72,4001.0,42963.0,14112,32852,0.0931266438563415,0.12178862778521855
37305.png,Fixed,336,336,29,72,3862.0,43102.0,14112,32852,0.0896014106073964,0.11755753074394253
37311.png,DRIP,336,336,8,73,2258.0,17621.0,14308,5571,0.1281425571760967,0.40531322922276075
37311.png,Fixed,336,336,8,72,848.0,18835.0,14112,5571,0.04502256437483409,0.15221683719260456
37325.png,DRIP,336,336,25,73,3158.0,31341.0,14308,20191,0.10076257936887782,0.15640631964736765
37325.png,Fixed,336,336,25,72,2618.0,31685.0,14112,20191,0.08262584819315133,0.12966173047397356
37329.png,DRIP,336,336,25,73,3158.0,31341.0,14308,20191,0.10076257936887782,0.15640631964736765
37329.png,Fixed,336,336,25,72,2618.0,31685.0,14112,20191,0.08262584819315133,0.12966173047397356
37332.png,DRIP,336,336,29,72,4001.0,42963.0,14112,32852,0.0931266438563415,0.12178862778521855
37332.png,Fixed,336,336,29,72,3862.0,43102.0,14112,32852,0.0896014106073964,0.11755753074394253
37333.png,DRIP,336,336,8,73,2258.0,17621.0,14308,5571,0.1281425571760967,0.40531322922276075
37333.png,Fixed,336,336,8,72,848.0,18835.0,14112,5571,0.04502256437483409,0.15221683719260456
37336.png,DRIP,336,336,29,72,4001.0,42963.0,14112,32852,0.0931266438563415,0.12178862778521855
37336.png,Fixed,336,336,29,72,3862.0,43102.0,14112,32852,0.0896014106073964,0.11755753074394253
37338.png,DRIP,336,336,25,73,3158.0,31341.0,14308,20191,0.10076257936887782,0.15640631964736765
37338.png,Fixed,336,336,25,72,2618.0,31685.0,14112,20191,0.08262584819315133,0.12966173047397356
37340.png,DRIP,336,336,8,73,2258.0,17621.0,14308,5571,0.1281425571760967,0.40531322922276075
37340.png,Fixed,336,336,8,72,848.0,18835.0,14112,5571,0.04502256437483409,0.15221683719260456
37348.png,DRIP,336,336,25,73,3158.0,31341.0,14308,20191,0.10076257936887782,0.15640631964736765
37348.png,Fixed,336,336,25,72,2618.0,31685.0,14112,20191,0.08262584819315133,0.12966173047397356
37351.png,DRIP,336,336,34,73,8282.0,41278.0,14308,35252,0.20063956587043946,0.23493702484965392
37351.png,Fixed,336,336,34,72,4550.0,44814.0,14112,35252,0.10153077163386441,0.1290706910246227
37352.png,DRIP,336,336,25,73,3158.0,31341.0,14308,20191,0.10076257936887782,0.15640631964736765
37352.png,Fixed,336,336,25,72,2618.0,31685.0,14112,20191,0.08262584819315133,0.12966173047397356
37354.png,DRIP,336,336,34,73,8282.0,41278.0,14308,35252,0.20063956587043946,0.23493702484965392
37354.png,Fixed,336,336,34,72,4550.0,44814.0,14112,35252,0.10153077163386441,0.1290706910246227
37356.png,DRIP,336,336,34,73,8282.0,41278.0,14308,35252,0.20063956587043946,0.23493702484965392
37356.png,Fixed,336,336,34,72,4550.0,44814.0,14112,35252,0.10153077163386441,0.1290706910246227
37362.png,DRIP,336,336,34,73,8282.0,41278.0,14308,35252,0.20063956587043946,0.23493702484965392
37362.png,Fixed,336,336,34,72,4550.0,44814.0,14112,35252,0.10153077163386441,0.1290706910246227
37367.png,DRIP,336,336,34,73,8282.0,41278.0,14308,35252,0.20063956587043946,0.23493702484965392
37367.png,Fixed,336,336,34,72,4550.0,44814.0,14112,35252,0.10153077163386441,0.1290706910246227
37370.png,DRIP,336,336,25,73,3158.0,31341.0,14308,20191,0.10076257936887782,0.15640631964736765
37370.png,Fixed,336,336,25,72,2618.0,31685.0,14112,20191,0.08262584819315133,0.12966173047397356
37386.png,DRIP,336,336,25,73,3158.0,31341.0,14308,20191,0.10076257936887782,0.15640631964736765
37386.png,Fixed,336,336,25,72,2618.0,31685.0,14112,20191,0.08262584819315133,0.12966173047397356
37421.png,DRIP,336,336,25,73,3158.0,31341.0,14308,20191,0.10076257936887782,0.15640631964736765
37421.png,Fixed,336,336,25,72,2618.0,31685.0,14112,20191,0.08262584819315133,0.12966173047397356
37447.png,DRIP,336,336,15,73,1898.0,18721.0,14308,6311,0.10138347310506918,0.30074473142132785
37447.png,Fixed,336,336,15,72,1008.0,19415.0,14112,6311,0.05191861962400206,0.1597211218507368
37454.png,DRIP,336,336,15,73,1898.0,18721.0,14308,6311,0.10138347310506918,0.30074473142132785
37454.png,Fixed,336,336,15,72,1008.0,19415.0,14112,6311,0.05191861962400206,0.1597211218507368
37456.png,DRIP,336,336,15,73,1898.0,18721.0,14308,6311,0.10138347310506918,0.30074473142132785
37456.png,Fixed,336,336,15,72,1008.0,19415.0,14112,6311,0.05191861962400206,0.1597211218507368
37463.png,DRIP,336,336,15,73,1898.0,18721.0,14308,6311,0.10138347310506918,0.30074473142132785
37463.png,Fixed,336,336,15,72,1008.0,19415.0,14112,6311,0.05191861962400206,0.1597211218507368
37467.png,DRIP,336,336,15,73,1898.0,18721.0,14308,6311,0.10138347310506918,0.30074473142132785
37467.png,Fixed,336,336,15,72,1008.0,19415.0,14112,6311,0.05191861962400206,0.1597211218507368
37471.png,DRIP,336,336,15,73,1898.0,18721.0,14308,6311,0.10138347310506918,0.30074473142132785
37471.png,Fixed,336,336,15,72,1008.0,19415.0,14112,6311,0.05191861962400206,0.1597211218507368
37475.png,DRIP,336,336,15,73,1898.0,18721.0,14308,6311,0.10138347310506918,0.30074473142132785
37475.png,Fixed,336,336,15,72,1008.0,19415.0,14112,6311,0.05191861962400206,0.1597211218507368
37478.png,DRIP,336,336,15,73,1898.0,18721.0,14308,6311,0.10138347310506918,0.30074473142132785
37478.png,Fixed,336,336,15,72,1008.0,19415.0,14112,6311,0.05191861962400206,0.1597211218507368
37484.png,DRIP,336,336,15,73,1898.0,18721.0,14308,6311,0.10138347310506918,0.30074473142132785
37484.png,Fixed,336,336,15,72,1008.0,19415.0,14112,6311,0.05191861962400206,0.1597211218507368
37489.png,DRIP,336,336,15,73,1898.0,18721.0,14308,6311,0.10138347310506918,0.30074473142132785
37489.png,Fixed,336,336,15,72,1008.0,19415.0,14112,6311,0.05191861962400206,0.1597211218507368
375.png,DRIP,336,336,34,72,6768.0,66011.0,14112,58667,0.10252836648437381,0.11536298089215402
375.png,Fixed,336,336,34,72,7657.0,65122.0,14112,58667,0.11757931267467216,0.13051630388463703
376.png,DRIP,336,336,34,72,6768.0,66011.0,14112,58667,0.10252836648437381,0.11536298089215402
376.png,Fixed,336,336,34,72,7657.0,65122.0,14112,58667,0.11757931267467216,0.13051630388463703
37650.png,DRIP,336,336,6,72,6211.0,25943.0,14112,18042,0.23940947461743053,0.34425230018844916
37650.png,Fixed,336,336,6,72,2352.0,29802.0,14112,18042,0.07892087779343668,0.13036248752909876
37654.png,DRIP,336,336,6,72,6211.0,25943.0,14112,18042,0.23940947461743053,0.34425230018844916
37654.png,Fixed,336,336,6,72,2352.0,29802.0,14112,18042,0.07892087779343668,0.13036248752909876
37659.png,DRIP,336,336,13,72,1484.0,17333.0,14112,4705,0.08561703109675187,0.31540913921360253
37659.png,Fixed,336,336,13,72,509.0,18308.0,14112,4705,0.027802053746995847,0.10818278427205101
37663.png,DRIP,336,336,13,72,1484.0,17333.0,14112,4705,0.08561703109675187,0.31540913921360253
37663.png,Fixed,336,336,13,72,509.0,18308.0,14112,4705,0.027802053746995847,0.10818278427205101
37666.png,DRIP,336,336,13,72,1484.0,17333.0,14112,4705,0.08561703109675187,0.31540913921360253
37666.png,Fixed,336,336,13,72,509.0,18308.0,14112,4705,0.027802053746995847,0.10818278427205101
377.png,DRIP,336,336,34,72,6768.0,66011.0,14112,58667,0.10252836648437381,0.11536298089215402
377.png,Fixed,336,336,34,72,7657.0,65122.0,14112,58667,0.11757931267467216,0.13051630388463703
38032.png,DRIP,336,336,28,72,2130.0,30721.0,14112,18739,0.06933368054425312,0.11366668445488019
38032.png,Fixed,336,336,28,72,2213.0,30638.0,14112,18739,0.07223056335269926,0.11809594962377928
38034.png,DRIP,336,336,28,72,2130.0,30721.0,14112,18739,0.06933368054425312,0.11366668445488019
38034.png,Fixed,336,336,28,72,2213.0,30638.0,14112,18739,0.07223056335269926,0.11809594962377928
38036.png,DRIP,336,336,28,72,2130.0,30721.0,14112,18739,0.06933368054425312,0.11366668445488019
38036.png,Fixed,336,336,28,72,2213.0,30638.0,14112,18739,0.07223056335269926,0.11809594962377928
38038.png,DRIP,336,336,28,72,2130.0,30721.0,14112,18739,0.06933368054425312,0.11366668445488019
38038.png,Fixed,336,336,28,72,2213.0,30638.0,14112,18739,0.07223056335269926,0.11809594962377928
38039.png,DRIP,336,336,28,72,2130.0,30721.0,14112,18739,0.06933368054425312,0.11366668445488019
38039.png,Fixed,336,336,28,72,2213.0,30638.0,14112,18739,0.07223056335269926,0.11809594962377928
38045.png,DRIP,336,336,28,72,2130.0,30721.0,14112,18739,0.06933368054425312,0.11366668445488019
38045.png,Fixed,336,336,28,72,2213.0,30638.0,14112,18739,0.07223056335269926,0.11809594962377928
383.png,DRIP,336,336,28,73,7342.0,61414.0,14308,54448,0.11954928843586153,0.1348442550690567
383.png,Fixed,336,336,28,72,6794.0,61766.0,14112,54448,0.10999579056438817,0.12477960622979724
3835.png,DRIP,336,336,65,72,5795.0,45550.0,14112,37233,0.12722283205268936,0.1556415008191658
3835.png,Fixed,336,336,65,72,4126.0,47219.0,14112,37233,0.08738008005252124,0.11081567426745091
3836.png,DRIP,336,336,35,72,1975.0,23840.0,14112,11703,0.08284395973154363,0.16876014697086217
3836.png,Fixed,336,336,35,72,1554.0,24261.0,14112,11703,0.06405341906763942,0.13278646500897207
3837.png,DRIP,336,336,35,72,1975.0,23840.0,14112,11703,0.08284395973154363,0.16876014697086217
3837.png,Fixed,336,336,35,72,1554.0,24261.0,14112,11703,0.06405341906763942,0.13278646500897207
3838.png,DRIP,336,336,35,72,1975.0,23840.0,14112,11703,0.08284395973154363,0.16876014697086217
3838.png,Fixed,336,336,35,72,1554.0,24261.0,14112,11703,0.06405341906763942,0.13278646500897207
3839.png,DRIP,336,336,35,72,1975.0,23840.0,14112,11703,0.08284395973154363,0.16876014697086217
3839.png,Fixed,336,336,35,72,1554.0,24261.0,14112,11703,0.06405341906763942,0.13278646500897207
384.png,DRIP,336,336,28,73,7342.0,61414.0,14308,54448,0.11954928843586153,0.1348442550690567
384.png,Fixed,336,336,28,72,6794.0,61766.0,14112,54448,0.10999579056438817,0.12477960622979724
3841.png,DRIP,336,336,85,73,1864.0,38500.0,14308,26056,0.04841558441558442,0.07153822536076143
3841.png,Fixed,336,336,85,72,3482.0,36686.0,14112,26056,0.0949135910156463,0.13363524715996317
3842.png,DRIP,336,336,85,73,1864.0,38500.0,14308,26056,0.04841558441558442,0.07153822536076143
3842.png,Fixed,336,336,85,72,3482.0,36686.0,14112,26056,0.0949135910156463,0.13363524715996317
3843.png,DRIP,336,336,85,73,1864.0,38500.0,14308,26056,0.04841558441558442,0.07153822536076143
3843.png,Fixed,336,336,85,72,3482.0,36686.0,14112,26056,0.0949135910156463,0.13363524715996317
3844.png,DRIP,336,336,85,73,1864.0,38500.0,14308,26056,0.04841558441558442,0.07153822536076143
3844.png,Fixed,336,336,85,72,3482.0,36686.0,14112,26056,0.0949135910156463,0.13363524715996317
3845.png,DRIP,336,336,53,73,7742.0,77053.0,14308,70487,0.10047629553683828,0.10983585625718217
3845.png,Fixed,336,336,53,72,8815.0,75784.0,14112,70487,0.11631742848094584,0.12505852142948345
3846.png,DRIP,336,336,53,73,7742.0,77053.0,14308,70487,0.10047629553683828,0.10983585625718217
3846.png,Fixed,336,336,53,72,8815.0,75784.0,14112,70487,0.11631742848094584,0.12505852142948345
3847.png,DRIP,336,336,53,73,7742.0,77053.0,14308,70487,0.10047629553683828,0.10983585625718217
3847.png,Fixed,336,336,53,72,8815.0,75784.0,14112,70487,0.11631742848094584,0.12505852142948345
385.png,DRIP,336,336,28,73,7342.0,61414.0,14308,54448,0.11954928843586153,0.1348442550690567
385.png,Fixed,336,336,28,72,6794.0,61766.0,14112,54448,0.10999579056438817,0.12477960622979724
38856.png,DRIP,336,336,35,73,2633.0,25807.0,14308,14132,0.10202658193513388,0.18631474667421455
38856.png,Fixed,336,336,35,72,1618.0,26626.0,14112,14132,0.06076767069781416,0.1144919332012454
38869.png,DRIP,336,336,35,73,2633.0,25807.0,14308,14132,0.10202658193513388,0.18631474667421455
38869.png,Fixed,336,336,35,72,1618.0,26626.0,14112,14132,0.06076767069781416,0.1144919332012454
38876.png,DRIP,336,336,35,73,2633.0,25807.0,14308,14132,0.10202658193513388,0.18631474667421455
38876.png,Fixed,336,336,35,72,1618.0,26626.0,14112,14132,0.06076767069781416,0.1144919332012454
38880.png,DRIP,336,336,35,73,2633.0,25807.0,14308,14132,0.10202658193513388,0.18631474667421455
38880.png,Fixed,336,336,35,72,1618.0,26626.0,14112,14132,0.06076767069781416,0.1144919332012454
38883.png,DRIP,336,336,35,73,2633.0,25807.0,14308,14132,0.10202658193513388,0.18631474667421455
38883.png,Fixed,336,336,35,72,1618.0,26626.0,14112,14132,0.06076767069781416,0.1144919332012454
38902.png,DRIP,336,336,35,73,2633.0,25807.0,14308,14132,0.10202658193513388,0.18631474667421455
38902.png,Fixed,336,336,35,72,1618.0,26626.0,14112,14132,0.06076767069781416,0.1144919332012454
38910.png,DRIP,336,336,35,73,2633.0,25807.0,14308,14132,0.10202658193513388,0.18631474667421455
38910.png,Fixed,336,336,35,72,1618.0,26626.0,14112,14132,0.06076767069781416,0.1144919332012454
38912.png,DRIP,336,336,3,72,882.0,15105.0,14112,1875,0.058391261171797416,0.4704
38912.png,Fixed,336,336,3,72,18.0,15969.0,14112,1875,0.0011271839188427579,0.0096
38914.png,DRIP,336,336,12,72,3014.0,20188.0,14112,9090,0.14929661184862295,0.33157315731573156
38914.png,Fixed,336,336,12,72,1506.0,21696.0,14112,9090,0.0694137168141593,0.16567656765676567
38916.png,DRIP,336,336,35,73,2633.0,25807.0,14308,14132,0.10202658193513388,0.18631474667421455
38916.png,Fixed,336,336,35,72,1618.0,26626.0,14112,14132,0.06076767069781416,0.1144919332012454
38920.png,DRIP,336,336,12,72,3014.0,20188.0,14112,9090,0.14929661184862295,0.33157315731573156
38920.png,Fixed,336,336,12,72,1506.0,21696.0,14112,9090,0.0694137168141593,0.16567656765676567
38928.png,DRIP,336,336,35,73,2633.0,25807.0,14308,14132,0.10202658193513388,0.18631474667421455
38928.png,Fixed,336,336,35,72,1618.0,26626.0,14112,14132,0.06076767069781416,0.1144919332012454
38930.png,DRIP,336,336,12,72,3014.0,20188.0,14112,9090,0.14929661184862295,0.33157315731573156
38930.png,Fixed,336,336,12,72,1506.0,21696.0,14112,9090,0.0694137168141593,0.16567656765676567
38933.png,DRIP,336,336,12,72,3014.0,20188.0,14112,9090,0.14929661184862295,0.33157315731573156
38933.png,Fixed,336,336,12,72,1506.0,21696.0,14112,9090,0.0694137168141593,0.16567656765676567
38936.png,DRIP,336,336,3,72,882.0,15105.0,14112,1875,0.058391261171797416,0.4704
38936.png,Fixed,336,336,3,72,18.0,15969.0,14112,1875,0.0011271839188427579,0.0096
38941.png,DRIP,336,336,12,72,3014.0,20188.0,14112,9090,0.14929661184862295,0.33157315731573156
38941.png,Fixed,336,336,12,72,1506.0,21696.0,14112,9090,0.0694137168141593,0.16567656765676567
38946.png,DRIP,336,336,12,72,3014.0,20188.0,14112,9090,0.14929661184862295,0.33157315731573156
38946.png,Fixed,336,336,12,72,1506.0,21696.0,14112,9090,0.0694137168141593,0.16567656765676567
38965.png,DRIP,336,336,12,72,3014.0,20188.0,14112,9090,0.14929661184862295,0.33157315731573156
38965.png,Fixed,336,336,12,72,1506.0,21696.0,14112,9090,0.0694137168141593,0.16567656765676567
38991.png,DRIP,336,336,3,72,882.0,15105.0,14112,1875,0.058391261171797416,0.4704
38991.png,Fixed,336,336,3,72,18.0,15969.0,14112,1875,0.0011271839188427579,0.0096
38997.png,DRIP,336,336,12,72,3014.0,20188.0,14112,9090,0.14929661184862295,0.33157315731573156
38997.png,Fixed,336,336,12,72,1506.0,21696.0,14112,9090,0.0694137168141593,0.16567656765676567
39006.png,DRIP,336,336,12,72,3014.0,20188.0,14112,9090,0.14929661184862295,0.33157315731573156
39006.png,Fixed,336,336,12,72,1506.0,21696.0,14112,9090,0.0694137168141593,0.16567656765676567
39012.png,DRIP,336,336,12,72,3014.0,20188.0,14112,9090,0.14929661184862295,0.33157315731573156
39012.png,Fixed,336,336,12,72,1506.0,21696.0,14112,9090,0.0694137168141593,0.16567656765676567
39040.png,DRIP,336,336,3,72,882.0,15105.0,14112,1875,0.058391261171797416,0.4704
39040.png,Fixed,336,336,3,72,18.0,15969.0,14112,1875,0.0011271839188427579,0.0096
39049.png,DRIP,336,336,3,72,882.0,15105.0,14112,1875,0.058391261171797416,0.4704
39049.png,Fixed,336,336,3,72,18.0,15969.0,14112,1875,0.0011271839188427579,0.0096
39055.png,DRIP,336,336,7,72,4984.0,23443.0,14112,14315,0.2126007763511496,0.34816625916870414
39055.png,Fixed,336,336,7,72,1891.0,26536.0,14112,14315,0.07126168224299065,0.13209919664687392
39061.png,DRIP,336,336,7,72,4984.0,23443.0,14112,14315,0.2126007763511496,0.34816625916870414
39061.png,Fixed,336,336,7,72,1891.0,26536.0,14112,14315,0.07126168224299065,0.13209919664687392
39063.png,DRIP,336,336,7,72,4984.0,23443.0,14112,14315,0.2126007763511496,0.34816625916870414
39063.png,Fixed,336,336,7,72,1891.0,26536.0,14112,14315,0.07126168224299065,0.13209919664687392
39064.png,DRIP,336,336,7,72,4984.0,23443.0,14112,14315,0.2126007763511496,0.34816625916870414
39064.png,Fixed,336,336,7,72,1891.0,26536.0,14112,14315,0.07126168224299065,0.13209919664687392
39069.png,DRIP,336,336,7,72,4984.0,23443.0,14112,14315,0.2126007763511496,0.34816625916870414
39069.png,Fixed,336,336,7,72,1891.0,26536.0,14112,14315,0.07126168224299065,0.13209919664687392
39073.png,DRIP,336,336,7,72,4984.0,23443.0,14112,14315,0.2126007763511496,0.34816625916870414
39073.png,Fixed,336,336,7,72,1891.0,26536.0,14112,14315,0.07126168224299065,0.13209919664687392
39076.png,DRIP,336,336,7,72,4984.0,23443.0,14112,14315,0.2126007763511496,0.34816625916870414
39076.png,Fixed,336,336,7,72,1891.0,26536.0,14112,14315,0.07126168224299065,0.13209919664687392
39079.png,DRIP,336,336,7,72,4984.0,23443.0,14112,14315,0.2126007763511496,0.34816625916870414
39079.png,Fixed,336,336,7,72,1891.0,26536.0,14112,14315,0.07126168224299065,0.13209919664687392
39089.png,DRIP,336,336,7,72,4984.0,23443.0,14112,14315,0.2126007763511496,0.34816625916870414
39089.png,Fixed,336,336,7,72,1891.0,26536.0,14112,14315,0.07126168224299065,0.13209919664687392
39094.png,DRIP,336,336,7,72,4984.0,23443.0,14112,14315,0.2126007763511496,0.34816625916870414
39094.png,Fixed,336,336,7,72,1891.0,26536.0,14112,14315,0.07126168224299065,0.13209919664687392
39121.png,DRIP,336,336,8,72,1740.0,16775.0,14112,4403,0.10372578241430701,0.395185101067454
39121.png,Fixed,336,336,8,72,628.0,17887.0,14112,4403,0.03510929725498966,0.14263002498296615
39127.png,DRIP,336,336,8,72,1740.0,16775.0,14112,4403,0.10372578241430701,0.395185101067454
39127.png,Fixed,336,336,8,72,628.0,17887.0,14112,4403,0.03510929725498966,0.14263002498296615
39132.png,DRIP,336,336,8,72,1740.0,16775.0,14112,4403,0.10372578241430701,0.395185101067454
39132.png,Fixed,336,336,8,72,628.0,17887.0,14112,4403,0.03510929725498966,0.14263002498296615
39139.png,DRIP,336,336,8,72,1740.0,16775.0,14112,4403,0.10372578241430701,0.395185101067454
39139.png,Fixed,336,336,8,72,628.0,17887.0,14112,4403,0.03510929725498966,0.14263002498296615
39190.png,DRIP,336,336,9,72,4968.0,21072.0,14112,11928,0.2357630979498861,0.4164989939637827
39190.png,Fixed,336,336,9,72,1392.0,24648.0,14112,11928,0.05647517039922103,0.11670020120724346
39193.png,DRIP,336,336,9,72,4968.0,21072.0,14112,11928,0.2357630979498861,0.4164989939637827
39193.png,Fixed,336,336,9,72,1392.0,24648.0,14112,11928,0.05647517039922103,0.11670020120724346
39196.png,DRIP,336,336,9,72,4968.0,21072.0,14112,11928,0.2357630979498861,0.4164989939637827
39196.png,Fixed,336,336,9,72,1392.0,24648.0,14112,11928,0.05647517039922103,0.11670020120724346
39201.png,DRIP,336,336,9,72,4968.0,21072.0,14112,11928,0.2357630979498861,0.4164989939637827
39201.png,Fixed,336,336,9,72,1392.0,24648.0,14112,11928,0.05647517039922103,0.11670020120724346
39204.png,DRIP,336,336,9,72,4968.0,21072.0,14112,11928,0.2357630979498861,0.4164989939637827
39204.png,Fixed,336,336,9,72,1392.0,24648.0,14112,11928,0.05647517039922103,0.11670020120724346
39206.png,DRIP,336,336,9,72,4968.0,21072.0,14112,11928,0.2357630979498861,0.4164989939637827
39206.png,Fixed,336,336,9,72,1392.0,24648.0,14112,11928,0.05647517039922103,0.11670020120724346
39212.png,DRIP,336,336,9,72,4968.0,21072.0,14112,11928,0.2357630979498861,0.4164989939637827
39212.png,Fixed,336,336,9,72,1392.0,24648.0,14112,11928,0.05647517039922103,0.11670020120724346
39215.png,DRIP,336,336,9,72,4968.0,21072.0,14112,11928,0.2357630979498861,0.4164989939637827
39215.png,Fixed,336,336,9,72,1392.0,24648.0,14112,11928,0.05647517039922103,0.11670020120724346
395.png,DRIP,336,336,68,73,5567.0,38928.0,14308,30187,0.14300760378133992,0.1844171332030344
395.png,Fixed,336,336,68,72,4244.0,40055.0,14112,30187,0.10595431281987268,0.1405903203365687
396.png,DRIP,336,336,68,73,5567.0,38928.0,14308,30187,0.14300760378133992,0.1844171332030344
396.png,Fixed,336,336,68,72,4244.0,40055.0,14112,30187,0.10595431281987268,0.1405903203365687
397.png,DRIP,336,336,68,73,5567.0,38928.0,14308,30187,0.14300760378133992,0.1844171332030344
397.png,Fixed,336,336,68,72,4244.0,40055.0,14112,30187,0.10595431281987268,0.1405903203365687
398.png,DRIP,336,336,68,73,5567.0,38928.0,14308,30187,0.14300760378133992,0.1844171332030344
398.png,Fixed,336,336,68,72,4244.0,40055.0,14112,30187,0.10595431281987268,0.1405903203365687
39856.png,DRIP,336,336,21,72,1320.0,19305.0,14112,6513,0.06837606837606838,0.2026715799170889
39856.png,Fixed,336,336,21,72,777.0,19848.0,14112,6513,0.03914752116082225,0.11929986181483188
39858.png,DRIP,336,336,21,72,1320.0,19305.0,14112,6513,0.06837606837606838,0.2026715799170889
39858.png,Fixed,336,336,21,72,777.0,19848.0,14112,6513,0.03914752116082225,0.11929986181483188
39860.png,DRIP,336,336,21,72,1320.0,19305.0,14112,6513,0.06837606837606838,0.2026715799170889
39860.png,Fixed,336,336,21,72,777.0,19848.0,14112,6513,0.03914752116082225,0.11929986181483188
39863.png,DRIP,336,336,21,72,1320.0,19305.0,14112,6513,0.06837606837606838,0.2026715799170889
39863.png,Fixed,336,336,21,72,777.0,19848.0,14112,6513,0.03914752116082225,0.11929986181483188
39864.png,DRIP,336,336,21,72,1320.0,19305.0,14112,6513,0.06837606837606838,0.2026715799170889
39864.png,Fixed,336,336,21,72,777.0,19848.0,14112,6513,0.03914752116082225,0.11929986181483188
39874.png,DRIP,336,336,21,72,1320.0,19305.0,14112,6513,0.06837606837606838,0.2026715799170889
39874.png,Fixed,336,336,21,72,777.0,19848.0,14112,6513,0.03914752116082225,0.11929986181483188
39946.png,DRIP,336,336,21,72,1320.0,19305.0,14112,6513,0.06837606837606838,0.2026715799170889
39946.png,Fixed,336,336,21,72,777.0,19848.0,14112,6513,0.03914752116082225,0.11929986181483188
40158.png,DRIP,336,336,21,72,1320.0,19305.0,14112,6513,0.06837606837606838,0.2026715799170889
40158.png,Fixed,336,336,21,72,777.0,19848.0,14112,6513,0.03914752116082225,0.11929986181483188
40165.png,DRIP,336,336,21,72,1320.0,19305.0,14112,6513,0.06837606837606838,0.2026715799170889
40165.png,Fixed,336,336,21,72,777.0,19848.0,14112,6513,0.03914752116082225,0.11929986181483188
40190.png,DRIP,336,336,21,72,1320.0,19305.0,14112,6513,0.06837606837606838,0.2026715799170889
40190.png,Fixed,336,336,21,72,777.0,19848.0,14112,6513,0.03914752116082225,0.11929986181483188
40585.png,DRIP,336,336,5,72,329.0,15355.0,14112,1572,0.021426245522631063,0.20928753180661577
40585.png,Fixed,336,336,5,72,237.0,15447.0,14112,1572,0.015342785006797437,0.15076335877862596
40587.png,DRIP,336,336,5,72,329.0,15355.0,14112,1572,0.021426245522631063,0.20928753180661577
40587.png,Fixed,336,336,5,72,237.0,15447.0,14112,1572,0.015342785006797437,0.15076335877862596
40598.png,DRIP,336,336,5,72,329.0,15355.0,14112,1572,0.021426245522631063,0.20928753180661577
40598.png,Fixed,336,336,5,72,237.0,15447.0,14112,1572,0.015342785006797437,0.15076335877862596
40613.png,DRIP,336,336,5,72,329.0,15355.0,14112,1572,0.021426245522631063,0.20928753180661577
40613.png,Fixed,336,336,5,72,237.0,15447.0,14112,1572,0.015342785006797437,0.15076335877862596
40616.png,DRIP,336,336,5,72,329.0,15355.0,14112,1572,0.021426245522631063,0.20928753180661577
40616.png,Fixed,336,336,5,72,237.0,15447.0,14112,1572,0.015342785006797437,0.15076335877862596
40619.png,DRIP,336,336,5,72,329.0,15355.0,14112,1572,0.021426245522631063,0.20928753180661577
40619.png,Fixed,336,336,5,72,237.0,15447.0,14112,1572,0.015342785006797437,0.15076335877862596
40624.png,DRIP,336,336,5,72,329.0,15355.0,14112,1572,0.021426245522631063,0.20928753180661577
40624.png,Fixed,336,336,5,72,237.0,15447.0,14112,1572,0.015342785006797437,0.15076335877862596
40639.png,DRIP,336,336,5,72,329.0,15355.0,14112,1572,0.021426245522631063,0.20928753180661577
40639.png,Fixed,336,336,5,72,237.0,15447.0,14112,1572,0.015342785006797437,0.15076335877862596
407.png,DRIP,336,336,10,73,3334.0,28339.0,14308,17365,0.11764705882352941,0.19199539303196084
407.png,Fixed,336,336,10,72,2484.0,28993.0,14112,17365,0.08567585279205325,0.14304635761589404
40714.png,DRIP,336,336,3,73,458.0,15267.0,14308,1417,0.029999344992467415,0.3232180663373324
40714.png,Fixed,336,336,3,72,182.0,15347.0,14112,1417,0.01185899524337004,0.12844036697247707
40717.png,DRIP,336,336,3,73,458.0,15267.0,14308,1417,0.029999344992467415,0.3232180663373324
40717.png,Fixed,336,336,3,72,182.0,15347.0,14112,1417,0.01185899524337004,0.12844036697247707
40768.png,DRIP,336,336,0,72,,,14112,0,,
40768.png,Fixed,336,336,0,72,,,14112,0,,
40788.png,DRIP,336,336,42,73,3468.0,26963.0,14308,16123,0.12862070244409005,0.21509644607083048
40788.png,Fixed,336,336,42,72,2180.0,28055.0,14112,16123,0.07770450900017822,0.1352105687527135
40795.png,DRIP,336,336,2,73,946.0,14583.0,14308,1221,0.06487005417266681,0.7747747747747747
40795.png,Fixed,336,336,2,72,78.0,15255.0,14112,1221,0.005113077679449361,0.06388206388206388
40799.png,DRIP,336,336,2,73,946.0,14583.0,14308,1221,0.06487005417266681,0.7747747747747747
40799.png,Fixed,336,336,2,72,78.0,15255.0,14112,1221,0.005113077679449361,0.06388206388206388
408.png,DRIP,336,336,10,73,3334.0,28339.0,14308,17365,0.11764705882352941,0.19199539303196084
408.png,Fixed,336,336,10,72,2484.0,28993.0,14112,17365,0.08567585279205325,0.14304635761589404
4087.png,DRIP,336,336,12,72,3767.0,23721.0,14112,13376,0.158804434888917,0.2816238038277512
4087.png,Fixed,336,336,12,72,1768.0,25720.0,14112,13376,0.0687402799377916,0.13217703349282298
409.png,DRIP,336,336,10,73,3334.0,28339.0,14308,17365,0.11764705882352941,0.19199539303196084
409.png,Fixed,336,336,10,72,2484.0,28993.0,14112,17365,0.08567585279205325,0.14304635761589404
4091.png,DRIP,336,336,12,72,3767.0,23721.0,14112,13376,0.158804434888917,0.2816238038277512
4091.png,Fixed,336,336,12,72,1768.0,25720.0,14112,13376,0.0687402799377916,0.13217703349282298
410.png,DRIP,336,336,10,73,3334.0,28339.0,14308,17365,0.11764705882352941,0.19199539303196084
410.png,Fixed,336,336,10,72,2484.0,28993.0,14112,17365,0.08567585279205325,0.14304635761589404
41421.png,DRIP,336,336,10,72,3381.0,19755.0,14112,9024,0.17114654517843583,0.37466755319148937
41421.png,Fixed,336,336,10,72,1155.0,21981.0,14112,9024,0.05254538010099632,0.12799202127659576
41434.png,DRIP,336,336,10,72,3381.0,19755.0,14112,9024,0.17114654517843583,0.37466755319148937
41434.png,Fixed,336,336,10,72,1155.0,21981.0,14112,9024,0.05254538010099632,0.12799202127659576
41449.png,DRIP,336,336,10,72,3381.0,19755.0,14112,9024,0.17114654517843583,0.37466755319148937
41449.png,Fixed,336,336,10,72,1155.0,21981.0,14112,9024,0.05254538010099632,0.12799202127659576
41686.png,DRIP,336,336,5,72,1547.0,18949.0,14112,6384,0.08164019209456963,0.24232456140350878
41686.png,Fixed,336,336,5,72,810.0,19686.0,14112,6384,0.04114599207558671,0.12687969924812031
41687.png,DRIP,336,336,5,72,1547.0,18949.0,14112,6384,0.08164019209456963,0.24232456140350878
41687.png,Fixed,336,336,5,72,810.0,19686.0,14112,6384,0.04114599207558671,0.12687969924812031
41688.png,DRIP,336,336,5,72,1547.0,18949.0,14112,6384,0.08164019209456963,0.24232456140350878
41688.png,Fixed,336,336,5,72,810.0,19686.0,14112,6384,0.04114599207558671,0.12687969924812031
41689.png,DRIP,336,336,5,72,1547.0,18949.0,14112,6384,0.08164019209456963,0.24232456140350878
41689.png,Fixed,336,336,5,72,810.0,19686.0,14112,6384,0.04114599207558671,0.12687969924812031
41690.png,DRIP,336,336,5,72,1547.0,18949.0,14112,6384,0.08164019209456963,0.24232456140350878
41690.png,Fixed,336,336,5,72,810.0,19686.0,14112,6384,0.04114599207558671,0.12687969924812031
41691.png,DRIP,336,336,5,72,1547.0,18949.0,14112,6384,0.08164019209456963,0.24232456140350878
41691.png,Fixed,336,336,5,72,810.0,19686.0,14112,6384,0.04114599207558671,0.12687969924812031
41693.png,DRIP,336,336,5,72,1547.0,18949.0,14112,6384,0.08164019209456963,0.24232456140350878
41693.png,Fixed,336,336,5,72,810.0,19686.0,14112,6384,0.04114599207558671,0.12687969924812031
41694.png,DRIP,336,336,5,72,1547.0,18949.0,14112,6384,0.08164019209456963,0.24232456140350878
41694.png,Fixed,336,336,5,72,810.0,19686.0,14112,6384,0.04114599207558671,0.12687969924812031
41695.png,DRIP,336,336,5,72,1547.0,18949.0,14112,6384,0.08164019209456963,0.24232456140350878
41695.png,Fixed,336,336,5,72,810.0,19686.0,14112,6384,0.04114599207558671,0.12687969924812031
41705.png,DRIP,336,336,1,72,266.0,14549.0,14112,703,0.01828304350814489,0.3783783783783784
41705.png,Fixed,336,336,1,72,56.0,14759.0,14112,703,0.0037942950064367505,0.07965860597439545
41715.png,DRIP,336,336,1,72,266.0,14549.0,14112,703,0.01828304350814489,0.3783783783783784
41715.png,Fixed,336,336,1,72,56.0,14759.0,14112,703,0.0037942950064367505,0.07965860597439545
41716.png,DRIP,336,336,1,72,266.0,14549.0,14112,703,0.01828304350814489,0.3783783783783784
41716.png,Fixed,336,336,1,72,56.0,14759.0,14112,703,0.0037942950064367505,0.07965860597439545
41717.png,DRIP,336,336,1,72,266.0,14549.0,14112,703,0.01828304350814489,0.3783783783783784
41717.png,Fixed,336,336,1,72,56.0,14759.0,14112,703,0.0037942950064367505,0.07965860597439545
41719.png,DRIP,336,336,1,72,266.0,14549.0,14112,703,0.01828304350814489,0.3783783783783784
41719.png,Fixed,336,336,1,72,56.0,14759.0,14112,703,0.0037942950064367505,0.07965860597439545
41721.png,DRIP,336,336,1,72,266.0,14549.0,14112,703,0.01828304350814489,0.3783783783783784
41721.png,Fixed,336,336,1,72,56.0,14759.0,14112,703,0.0037942950064367505,0.07965860597439545
41723.png,DRIP,336,336,1,72,266.0,14549.0,14112,703,0.01828304350814489,0.3783783783783784
41723.png,Fixed,336,336,1,72,56.0,14759.0,14112,703,0.0037942950064367505,0.07965860597439545
41728.png,DRIP,336,336,1,72,266.0,14549.0,14112,703,0.01828304350814489,0.3783783783783784
41728.png,Fixed,336,336,1,72,56.0,14759.0,14112,703,0.0037942950064367505,0.07965860597439545
41729.png,DRIP,336,336,1,72,266.0,14549.0,14112,703,0.01828304350814489,0.3783783783783784
41729.png,Fixed,336,336,1,72,56.0,14759.0,14112,703,0.0037942950064367505,0.07965860597439545
41749.png,DRIP,336,336,6,72,1834.0,16383.0,14112,4105,0.11194530916193615,0.44677222898903773
41749.png,Fixed,336,336,6,72,348.0,17869.0,14112,4105,0.019475068554479825,0.08477466504263094
41750.png,DRIP,336,336,6,72,1834.0,16383.0,14112,4105,0.11194530916193615,0.44677222898903773
41750.png,Fixed,336,336,6,72,348.0,17869.0,14112,4105,0.019475068554479825,0.08477466504263094
41799.png,DRIP,336,336,6,72,1834.0,16383.0,14112,4105,0.11194530916193615,0.44677222898903773
41799.png,Fixed,336,336,6,72,348.0,17869.0,14112,4105,0.019475068554479825,0.08477466504263094
41800.png,DRIP,336,336,6,72,1834.0,16383.0,14112,4105,0.11194530916193615,0.44677222898903773
41800.png,Fixed,336,336,6,72,348.0,17869.0,14112,4105,0.019475068554479825,0.08477466504263094
41804.png,DRIP,336,336,6,72,1834.0,16383.0,14112,4105,0.11194530916193615,0.44677222898903773
41804.png,Fixed,336,336,6,72,348.0,17869.0,14112,4105,0.019475068554479825,0.08477466504263094
41807.png,DRIP,336,336,6,72,1834.0,16383.0,14112,4105,0.11194530916193615,0.44677222898903773
41807.png,Fixed,336,336,6,72,348.0,17869.0,14112,4105,0.019475068554479825,0.08477466504263094
41826.png,DRIP,336,336,51,72,3023.0,39033.0,14112,27944,0.07744728819204263,0.10818064700830232
41826.png,Fixed,336,336,51,72,3692.0,38364.0,14112,27944,0.09623605463455323,0.13212138562839965
41828.png,DRIP,336,336,51,72,3023.0,39033.0,14112,27944,0.07744728819204263,0.10818064700830232
41828.png,Fixed,336,336,51,72,3692.0,38364.0,14112,27944,0.09623605463455323,0.13212138562839965
41829.png,DRIP,336,336,51,72,3023.0,39033.0,14112,27944,0.07744728819204263,0.10818064700830232
41829.png,Fixed,336,336,51,72,3692.0,38364.0,14112,27944,0.09623605463455323,0.13212138562839965
42027.png,DRIP,336,336,8,72,1648.0,27074.0,14112,14610,0.0608702075792273,0.11279945242984257
42027.png,Fixed,336,336,8,72,1710.0,27012.0,14112,14610,0.06330519768991559,0.11704312114989733
42028.png,DRIP,336,336,8,72,1648.0,27074.0,14112,14610,0.0608702075792273,0.11279945242984257
42028.png,Fixed,336,336,8,72,1710.0,27012.0,14112,14610,0.06330519768991559,0.11704312114989733
42034.png,DRIP,336,336,8,72,1648.0,27074.0,14112,14610,0.0608702075792273,0.11279945242984257
42034.png,Fixed,336,336,8,72,1710.0,27012.0,14112,14610,0.06330519768991559,0.11704312114989733
42036.png,DRIP,336,336,8,72,1648.0,27074.0,14112,14610,0.0608702075792273,0.11279945242984257
42036.png,Fixed,336,336,8,72,1710.0,27012.0,14112,14610,0.06330519768991559,0.11704312114989733
42037.png,DRIP,336,336,8,72,1648.0,27074.0,14112,14610,0.0608702075792273,0.11279945242984257
42037.png,Fixed,336,336,8,72,1710.0,27012.0,14112,14610,0.06330519768991559,0.11704312114989733
42039.png,DRIP,336,336,8,72,1648.0,27074.0,14112,14610,0.0608702075792273,0.11279945242984257
42039.png,Fixed,336,336,8,72,1710.0,27012.0,14112,14610,0.06330519768991559,0.11704312114989733
42040.png,DRIP,336,336,8,72,1648.0,27074.0,14112,14610,0.0608702075792273,0.11279945242984257
42040.png,Fixed,336,336,8,72,1710.0,27012.0,14112,14610,0.06330519768991559,0.11704312114989733
42041.png,DRIP,336,336,8,72,1648.0,27074.0,14112,14610,0.0608702075792273,0.11279945242984257
42041.png,Fixed,336,336,8,72,1710.0,27012.0,14112,14610,0.06330519768991559,0.11704312114989733
42102.png,DRIP,336,336,35,73,5010.0,23973.0,14308,14675,0.20898510824677763,0.341396933560477
42102.png,Fixed,336,336,35,72,1981.0,26806.0,14112,14675,0.07390136536596284,0.1349914821124361
42104.png,DRIP,336,336,35,73,5010.0,23973.0,14308,14675,0.20898510824677763,0.341396933560477
42104.png,Fixed,336,336,35,72,1981.0,26806.0,14112,14675,0.07390136536596284,0.1349914821124361
42105.png,DRIP,336,336,35,73,5010.0,23973.0,14308,14675,0.20898510824677763,0.341396933560477
42105.png,Fixed,336,336,35,72,1981.0,26806.0,14112,14675,0.07390136536596284,0.1349914821124361
42115.png,DRIP,336,336,8,73,3545.0,26541.0,14308,15778,0.13356693417731058,0.2246799340854354
42115.png,Fixed,336,336,8,72,1926.0,27964.0,14112,15778,0.06887426691460449,0.1220687032577006
42121.png,DRIP,336,336,8,73,3545.0,26541.0,14308,15778,0.13356693417731058,0.2246799340854354
42121.png,Fixed,336,336,8,72,1926.0,27964.0,14112,15778,0.06887426691460449,0.1220687032577006
42128.png,DRIP,336,336,8,73,3545.0,26541.0,14308,15778,0.13356693417731058,0.2246799340854354
42128.png,Fixed,336,336,8,72,1926.0,27964.0,14112,15778,0.06887426691460449,0.1220687032577006
42142.png,DRIP,336,336,3,73,1678.0,16643.0,14308,4013,0.10082316889983776,0.4181410416147521
42142.png,Fixed,336,336,3,72,247.0,17878.0,14112,4013,0.013815863071931984,0.061549962621480186
42166.png,DRIP,336,336,3,73,1045.0,15738.0,14308,2475,0.0663997966704791,0.4222222222222222
42166.png,Fixed,336,336,3,72,441.0,16146.0,14112,2475,0.027313266443701228,0.1781818181818182
42167.png,DRIP,336,336,3,73,1045.0,15738.0,14308,2475,0.0663997966704791,0.4222222222222222
42167.png,Fixed,336,336,3,72,441.0,16146.0,14112,2475,0.027313266443701228,0.1781818181818182
42169.png,DRIP,336,336,3,73,1045.0,15738.0,14308,2475,0.0663997966704791,0.4222222222222222
42169.png,Fixed,336,336,3,72,441.0,16146.0,14112,2475,0.027313266443701228,0.1781818181818182
42173.png,DRIP,336,336,3,73,1678.0,16643.0,14308,4013,0.10082316889983776,0.4181410416147521
42173.png,Fixed,336,336,3,72,247.0,17878.0,14112,4013,0.013815863071931984,0.061549962621480186
42179.png,DRIP,336,336,3,73,1678.0,16643.0,14308,4013,0.10082316889983776,0.4181410416147521
42179.png,Fixed,336,336,3,72,247.0,17878.0,14112,4013,0.013815863071931984,0.061549962621480186
42184.png,DRIP,336,336,3,73,1678.0,16643.0,14308,4013,0.10082316889983776,0.4181410416147521
42184.png,Fixed,336,336,3,72,247.0,17878.0,14112,4013,0.013815863071931984,0.061549962621480186
42186.png,DRIP,336,336,3,73,1678.0,16643.0,14308,4013,0.10082316889983776,0.4181410416147521
42186.png,Fixed,336,336,3,72,247.0,17878.0,14112,4013,0.013815863071931984,0.061549962621480186
42222.png,DRIP,336,336,36,73,6368.0,38821.0,14308,30881,0.1640349295484403,0.20621093876493637
42222.png,Fixed,336,336,36,72,3895.0,41098.0,14112,30881,0.09477346829529418,0.12612933518992261
42223.png,DRIP,336,336,36,73,6368.0,38821.0,14308,30881,0.1640349295484403,0.20621093876493637
42223.png,Fixed,336,336,36,72,3895.0,41098.0,14112,30881,0.09477346829529418,0.12612933518992261
42224.png,DRIP,336,336,36,73,6368.0,38821.0,14308,30881,0.1640349295484403,0.20621093876493637
42224.png,Fixed,336,336,36,72,3895.0,41098.0,14112,30881,0.09477346829529418,0.12612933518992261
42225.png,DRIP,336,336,36,73,6368.0,38821.0,14308,30881,0.1640349295484403,0.20621093876493637
42225.png,Fixed,336,336,36,72,3895.0,41098.0,14112,30881,0.09477346829529418,0.12612933518992261
42226.png,DRIP,336,336,18,72,3595.0,21378.0,14112,10861,0.1681635326036112,0.33100082865297853
42226.png,Fixed,336,336,18,72,1197.0,23776.0,14112,10861,0.050344885598923285,0.11021084614676364
42227.png,DRIP,336,336,18,72,3595.0,21378.0,14112,10861,0.1681635326036112,0.33100082865297853
42227.png,Fixed,336,336,18,72,1197.0,23776.0,14112,10861,0.050344885598923285,0.11021084614676364
42229.png,DRIP,336,336,18,72,3595.0,21378.0,14112,10861,0.1681635326036112,0.33100082865297853
42229.png,Fixed,336,336,18,72,1197.0,23776.0,14112,10861,0.050344885598923285,0.11021084614676364
42230.png,DRIP,336,336,18,72,3595.0,21378.0,14112,10861,0.1681635326036112,0.33100082865297853
42230.png,Fixed,336,336,18,72,1197.0,23776.0,14112,10861,0.050344885598923285,0.11021084614676364
42231.png,DRIP,336,336,18,72,3595.0,21378.0,14112,10861,0.1681635326036112,0.33100082865297853
42231.png,Fixed,336,336,18,72,1197.0,23776.0,14112,10861,0.050344885598923285,0.11021084614676364
42295.png,DRIP,336,336,64,73,3801.0,35727.0,14308,25220,0.1063901251154589,0.1507137192704203
42295.png,Fixed,336,336,64,72,2742.0,36590.0,14112,25220,0.0749385077890134,0.10872323552735924
42296.png,DRIP,336,336,64,73,3801.0,35727.0,14308,25220,0.1063901251154589,0.1507137192704203
42296.png,Fixed,336,336,64,72,2742.0,36590.0,14112,25220,0.0749385077890134,0.10872323552735924
42297.png,DRIP,336,336,64,73,3801.0,35727.0,14308,25220,0.1063901251154589,0.1507137192704203
42297.png,Fixed,336,336,64,72,2742.0,36590.0,14112,25220,0.0749385077890134,0.10872323552735924
42298.png,DRIP,336,336,64,73,3801.0,35727.0,14308,25220,0.1063901251154589,0.1507137192704203
42298.png,Fixed,336,336,64,72,2742.0,36590.0,14112,25220,0.0749385077890134,0.10872323552735924
42299.png,DRIP,336,336,64,73,3801.0,35727.0,14308,25220,0.1063901251154589,0.1507137192704203
42299.png,Fixed,336,336,64,72,2742.0,36590.0,14112,25220,0.0749385077890134,0.10872323552735924
42300.png,DRIP,336,336,64,73,3801.0,35727.0,14308,25220,0.1063901251154589,0.1507137192704203
42300.png,Fixed,336,336,64,72,2742.0,36590.0,14112,25220,0.0749385077890134,0.10872323552735924
42301.png,DRIP,336,336,64,73,3801.0,35727.0,14308,25220,0.1063901251154589,0.1507137192704203
42301.png,Fixed,336,336,64,72,2742.0,36590.0,14112,25220,0.0749385077890134,0.10872323552735924
42302.png,DRIP,336,336,64,73,3801.0,35727.0,14308,25220,0.1063901251154589,0.1507137192704203
42302.png,Fixed,336,336,64,72,2742.0,36590.0,14112,25220,0.0749385077890134,0.10872323552735924
42303.png,DRIP,336,336,64,73,3801.0,35727.0,14308,25220,0.1063901251154589,0.1507137192704203
42303.png,Fixed,336,336,64,72,2742.0,36590.0,14112,25220,0.0749385077890134,0.10872323552735924
42304.png,DRIP,336,336,64,73,3801.0,35727.0,14308,25220,0.1063901251154589,0.1507137192704203
42304.png,Fixed,336,336,64,72,2742.0,36590.0,14112,25220,0.0749385077890134,0.10872323552735924
42332.png,DRIP,336,336,19,73,6578.0,53112.0,14308,45382,0.12385148365717728,0.14494733594817327
42332.png,Fixed,336,336,19,72,5019.0,54475.0,14112,45382,0.09213400642496558,0.11059450883610242
42565.png,DRIP,336,336,28,72,3966.0,38547.0,14112,28401,0.10288738423223596,0.13964297031794656
42565.png,Fixed,336,336,28,72,2902.0,39611.0,14112,28401,0.07326247759460756,0.10217950072180557
42568.png,DRIP,336,336,28,72,3966.0,38547.0,14112,28401,0.10288738423223596,0.13964297031794656
42568.png,Fixed,336,336,28,72,2902.0,39611.0,14112,28401,0.07326247759460756,0.10217950072180557
43064.png,DRIP,336,336,16,73,1650.0,17608.0,14308,4950,0.09370740572467061,0.3333333333333333
43064.png,Fixed,336,336,16,72,867.0,18195.0,14112,4950,0.04765045342126958,0.17515151515151514
43068.png,DRIP,336,336,16,73,1650.0,17608.0,14308,4950,0.09370740572467061,0.3333333333333333
43068.png,Fixed,336,336,16,72,867.0,18195.0,14112,4950,0.04765045342126958,0.17515151515151514
43069.png,DRIP,336,336,16,73,1650.0,17608.0,14308,4950,0.09370740572467061,0.3333333333333333
43069.png,Fixed,336,336,16,72,867.0,18195.0,14112,4950,0.04765045342126958,0.17515151515151514
43070.png,DRIP,336,336,16,73,1650.0,17608.0,14308,4950,0.09370740572467061,0.3333333333333333
43070.png,Fixed,336,336,16,72,867.0,18195.0,14112,4950,0.04765045342126958,0.17515151515151514
43071.png,DRIP,336,336,16,73,1650.0,17608.0,14308,4950,0.09370740572467061,0.3333333333333333
43071.png,Fixed,336,336,16,72,867.0,18195.0,14112,4950,0.04765045342126958,0.17515151515151514
43072.png,DRIP,336,336,1,73,280.0,14413.0,14308,385,0.01942690626517727,0.7272727272727273
43072.png,Fixed,336,336,1,72,154.0,14343.0,14112,385,0.010736944851146901,0.4
43077.png,DRIP,336,336,16,73,1650.0,17608.0,14308,4950,0.09370740572467061,0.3333333333333333
43077.png,Fixed,336,336,16,72,867.0,18195.0,14112,4950,0.04765045342126958,0.17515151515151514
43079.png,DRIP,336,336,16,73,1650.0,17608.0,14308,4950,0.09370740572467061,0.3333333333333333
43079.png,Fixed,336,336,16,72,867.0,18195.0,14112,4950,0.04765045342126958,0.17515151515151514
43082.png,DRIP,336,336,4,73,1674.0,17065.0,14308,4431,0.09809551714034574,0.3777928232904536
43082.png,Fixed,336,336,4,72,438.0,18105.0,14112,4431,0.024192212096106048,0.0988490182802979
43083.png,DRIP,336,336,4,73,1674.0,17065.0,14308,4431,0.09809551714034574,0.3777928232904536
43083.png,Fixed,336,336,4,72,438.0,18105.0,14112,4431,0.024192212096106048,0.0988490182802979
43085.png,DRIP,336,336,4,73,1674.0,17065.0,14308,4431,0.09809551714034574,0.3777928232904536
43085.png,Fixed,336,336,4,72,438.0,18105.0,14112,4431,0.024192212096106048,0.0988490182802979
43086.png,DRIP,336,336,4,73,1674.0,17065.0,14308,4431,0.09809551714034574,0.3777928232904536
43086.png,Fixed,336,336,4,72,438.0,18105.0,14112,4431,0.024192212096106048,0.0988490182802979
43092.png,DRIP,336,336,4,73,1674.0,17065.0,14308,4431,0.09809551714034574,0.3777928232904536
43092.png,Fixed,336,336,4,72,438.0,18105.0,14112,4431,0.024192212096106048,0.0988490182802979
43096.png,DRIP,336,336,4,73,1674.0,17065.0,14308,4431,0.09809551714034574,0.3777928232904536
43096.png,Fixed,336,336,4,72,438.0,18105.0,14112,4431,0.024192212096106048,0.0988490182802979
431.png,DRIP,336,336,35,73,5542.0,27341.0,14308,18575,0.20269924289528546,0.2983580080753701
431.png,Fixed,336,336,35,72,2354.0,30333.0,14112,18575,0.07760524840932317,0.12672947510094212
43100.png,DRIP,336,336,4,73,1674.0,17065.0,14308,4431,0.09809551714034574,0.3777928232904536
43100.png,Fixed,336,336,4,72,438.0,18105.0,14112,4431,0.024192212096106048,0.0988490182802979
43105.png,DRIP,336,336,13,72,1890.0,16602.0,14112,4380,0.11384170581857607,0.4315068493150685
43105.png,Fixed,336,336,13,72,1098.0,17394.0,14112,4380,0.06312521559158331,0.25068493150684934
43106.png,DRIP,336,336,13,72,1890.0,16602.0,14112,4380,0.11384170581857607,0.4315068493150685
43106.png,Fixed,336,336,13,72,1098.0,17394.0,14112,4380,0.06312521559158331,0.25068493150684934
43110.png,DRIP,336,336,2,73,760.0,18468.0,14308,4920,0.0411522633744856,0.15447154471544716
43110.png,Fixed,336,336,2,72,672.0,18360.0,14112,4920,0.036601307189542485,0.13658536585365855
43111.png,DRIP,336,336,13,72,1890.0,16602.0,14112,4380,0.11384170581857607,0.4315068493150685
43111.png,Fixed,336,336,13,72,1098.0,17394.0,14112,4380,0.06312521559158331,0.25068493150684934
43113.png,DRIP,336,336,13,72,1890.0,16602.0,14112,4380,0.11384170581857607,0.4315068493150685
43113.png,Fixed,336,336,13,72,1098.0,17394.0,14112,4380,0.06312521559158331,0.25068493150684934
43115.png,DRIP,336,336,13,72,1890.0,16602.0,14112,4380,0.11384170581857607,0.4315068493150685
43115.png,Fixed,336,336,13,72,1098.0,17394.0,14112,4380,0.06312521559158331,0.25068493150684934
43117.png,DRIP,336,336,13,72,1890.0,16602.0,14112,4380,0.11384170581857607,0.4315068493150685
43117.png,Fixed,336,336,13,72,1098.0,17394.0,14112,4380,0.06312521559158331,0.25068493150684934
43118.png,DRIP,336,336,2,73,760.0,18468.0,14308,4920,0.0411522633744856,0.15447154471544716
43118.png,Fixed,336,336,2,72,672.0,18360.0,14112,4920,0.036601307189542485,0.13658536585365855
43120.png,DRIP,336,336,13,72,1890.0,16602.0,14112,4380,0.11384170581857607,0.4315068493150685
43120.png,Fixed,336,336,13,72,1098.0,17394.0,14112,4380,0.06312521559158331,0.25068493150684934
43122.png,DRIP,336,336,2,73,760.0,18468.0,14308,4920,0.0411522633744856,0.15447154471544716
43122.png,Fixed,336,336,2,72,672.0,18360.0,14112,4920,0.036601307189542485,0.13658536585365855
43125.png,DRIP,336,336,13,72,1890.0,16602.0,14112,4380,0.11384170581857607,0.4315068493150685
43125.png,Fixed,336,336,13,72,1098.0,17394.0,14112,4380,0.06312521559158331,0.25068493150684934
43127.png,DRIP,336,336,13,72,1890.0,16602.0,14112,4380,0.11384170581857607,0.4315068493150685
43127.png,Fixed,336,336,13,72,1098.0,17394.0,14112,4380,0.06312521559158331,0.25068493150684934
43130.png,DRIP,336,336,13,72,1890.0,16602.0,14112,4380,0.11384170581857607,0.4315068493150685
43130.png,Fixed,336,336,13,72,1098.0,17394.0,14112,4380,0.06312521559158331,0.25068493150684934
43131.png,DRIP,336,336,2,73,760.0,18468.0,14308,4920,0.0411522633744856,0.15447154471544716
43131.png,Fixed,336,336,2,72,672.0,18360.0,14112,4920,0.036601307189542485,0.13658536585365855
43133.png,DRIP,336,336,13,72,1890.0,16602.0,14112,4380,0.11384170581857607,0.4315068493150685
43133.png,Fixed,336,336,13,72,1098.0,17394.0,14112,4380,0.06312521559158331,0.25068493150684934
43134.png,DRIP,336,336,2,73,760.0,18468.0,14308,4920,0.0411522633744856,0.15447154471544716
43134.png,Fixed,336,336,2,72,672.0,18360.0,14112,4920,0.036601307189542485,0.13658536585365855
43136.png,DRIP,336,336,2,73,760.0,18468.0,14308,4920,0.0411522633744856,0.15447154471544716
43136.png,Fixed,336,336,2,72,672.0,18360.0,14112,4920,0.036601307189542485,0.13658536585365855
43138.png,DRIP,336,336,6,73,479.0,16706.0,14308,2877,0.028672333293427513,0.1664928745220716
43138.png,Fixed,336,336,6,72,360.0,16629.0,14112,2877,0.02164892657405737,0.1251303441084463
43140.png,DRIP,336,336,6,73,479.0,16706.0,14308,2877,0.028672333293427513,0.1664928745220716
43140.png,Fixed,336,336,6,72,360.0,16629.0,14112,2877,0.02164892657405737,0.1251303441084463
43143.png,DRIP,336,336,6,73,479.0,16706.0,14308,2877,0.028672333293427513,0.1664928745220716
43143.png,Fixed,336,336,6,72,360.0,16629.0,14112,2877,0.02164892657405737,0.1251303441084463
43144.png,DRIP,336,336,2,73,760.0,18468.0,14308,4920,0.0411522633744856,0.15447154471544716
43144.png,Fixed,336,336,2,72,672.0,18360.0,14112,4920,0.036601307189542485,0.13658536585365855
43145.png,DRIP,336,336,6,73,479.0,16706.0,14308,2877,0.028672333293427513,0.1664928745220716
43145.png,Fixed,336,336,6,72,360.0,16629.0,14112,2877,0.02164892657405737,0.1251303441084463
43148.png,DRIP,336,336,6,73,479.0,16706.0,14308,2877,0.028672333293427513,0.1664928745220716
43148.png,Fixed,336,336,6,72,360.0,16629.0,14112,2877,0.02164892657405737,0.1251303441084463
43150.png,DRIP,336,336,6,73,479.0,16706.0,14308,2877,0.028672333293427513,0.1664928745220716
43150.png,Fixed,336,336,6,72,360.0,16629.0,14112,2877,0.02164892657405737,0.1251303441084463
43154.png,DRIP,336,336,6,73,479.0,16706.0,14308,2877,0.028672333293427513,0.1664928745220716
43154.png,Fixed,336,336,6,72,360.0,16629.0,14112,2877,0.02164892657405737,0.1251303441084463
43159.png,DRIP,336,336,6,73,479.0,16706.0,14308,2877,0.028672333293427513,0.1664928745220716
43159.png,Fixed,336,336,6,72,360.0,16629.0,14112,2877,0.02164892657405737,0.1251303441084463
43163.png,DRIP,336,336,2,73,760.0,18468.0,14308,4920,0.0411522633744856,0.15447154471544716
43163.png,Fixed,336,336,2,72,672.0,18360.0,14112,4920,0.036601307189542485,0.13658536585365855
43164.png,DRIP,336,336,6,73,479.0,16706.0,14308,2877,0.028672333293427513,0.1664928745220716
43164.png,Fixed,336,336,6,72,360.0,16629.0,14112,2877,0.02164892657405737,0.1251303441084463
43167.png,DRIP,336,336,2,73,760.0,18468.0,14308,4920,0.0411522633744856,0.15447154471544716
43167.png,Fixed,336,336,2,72,672.0,18360.0,14112,4920,0.036601307189542485,0.13658536585365855
432.png,DRIP,336,336,35,73,5542.0,27341.0,14308,18575,0.20269924289528546,0.2983580080753701
432.png,Fixed,336,336,35,72,2354.0,30333.0,14112,18575,0.07760524840932317,0.12672947510094212
43202.png,DRIP,336,336,104,73,7924.0,57442.0,14308,51058,0.13794784304167682,0.15519605154921853
43202.png,Fixed,336,336,104,72,6691.0,58479.0,14112,51058,0.11441714119598488,0.1310470445375847
43222.png,DRIP,336,336,104,73,7924.0,57442.0,14308,51058,0.13794784304167682,0.15519605154921853
43222.png,Fixed,336,336,104,72,6691.0,58479.0,14112,51058,0.11441714119598488,0.1310470445375847
43224.png,DRIP,336,336,7,73,2134.0,22113.0,14308,9939,0.09650431872654094,0.21470972934902907
43224.png,Fixed,336,336,7,72,1444.0,22607.0,14112,9939,0.06387402132082984,0.14528624610121743
43226.png,DRIP,336,336,104,73,7924.0,57442.0,14308,51058,0.13794784304167682,0.15519605154921853
43226.png,Fixed,336,336,104,72,6691.0,58479.0,14112,51058,0.11441714119598488,0.1310470445375847
43229.png,DRIP,336,336,7,73,2134.0,22113.0,14308,9939,0.09650431872654094,0.21470972934902907
43229.png,Fixed,336,336,7,72,1444.0,22607.0,14112,9939,0.06387402132082984,0.14528624610121743
43241.png,DRIP,336,336,7,73,2134.0,22113.0,14308,9939,0.09650431872654094,0.21470972934902907
43241.png,Fixed,336,336,7,72,1444.0,22607.0,14112,9939,0.06387402132082984,0.14528624610121743
43244.png,DRIP,336,336,104,73,7924.0,57442.0,14308,51058,0.13794784304167682,0.15519605154921853
43244.png,Fixed,336,336,104,72,6691.0,58479.0,14112,51058,0.11441714119598488,0.1310470445375847
43248.png,DRIP,336,336,7,73,2134.0,22113.0,14308,9939,0.09650431872654094,0.21470972934902907
43248.png,Fixed,336,336,7,72,1444.0,22607.0,14112,9939,0.06387402132082984,0.14528624610121743
43255.png,DRIP,336,336,7,73,2134.0,22113.0,14308,9939,0.09650431872654094,0.21470972934902907
43255.png,Fixed,336,336,7,72,1444.0,22607.0,14112,9939,0.06387402132082984,0.14528624610121743
43257.png,DRIP,336,336,7,73,2134.0,22113.0,14308,9939,0.09650431872654094,0.21470972934902907
43257.png,Fixed,336,336,7,72,1444.0,22607.0,14112,9939,0.06387402132082984,0.14528624610121743
43261.png,DRIP,336,336,7,73,2134.0,22113.0,14308,9939,0.09650431872654094,0.21470972934902907
43261.png,Fixed,336,336,7,72,1444.0,22607.0,14112,9939,0.06387402132082984,0.14528624610121743
43265.png,DRIP,336,336,7,73,2134.0,22113.0,14308,9939,0.09650431872654094,0.21470972934902907
43265.png,Fixed,336,336,7,72,1444.0,22607.0,14112,9939,0.06387402132082984,0.14528624610121743
43281.png,DRIP,336,336,74,73,4880.0,33396.0,14308,23968,0.14612528446520542,0.20360480640854473
43281.png,Fixed,336,336,74,72,2752.0,35328.0,14112,23968,0.07789855072463768,0.11481975967957277
43283.png,DRIP,336,336,74,73,4880.0,33396.0,14308,23968,0.14612528446520542,0.20360480640854473
43283.png,Fixed,336,336,74,72,2752.0,35328.0,14112,23968,0.07789855072463768,0.11481975967957277
43286.png,DRIP,336,336,74,73,4880.0,33396.0,14308,23968,0.14612528446520542,0.20360480640854473
43286.png,Fixed,336,336,74,72,2752.0,35328.0,14112,23968,0.07789855072463768,0.11481975967957277
433.png,DRIP,336,336,35,73,5542.0,27341.0,14308,18575,0.20269924289528546,0.2983580080753701
433.png,Fixed,336,336,35,72,2354.0,30333.0,14112,18575,0.07760524840932317,0.12672947510094212
43314.png,DRIP,336,336,74,73,4880.0,33396.0,14308,23968,0.14612528446520542,0.20360480640854473
43314.png,Fixed,336,336,74,72,2752.0,35328.0,14112,23968,0.07789855072463768,0.11481975967957277
43322.png,DRIP,336,336,74,73,4880.0,33396.0,14308,23968,0.14612528446520542,0.20360480640854473
43322.png,Fixed,336,336,74,72,2752.0,35328.0,14112,23968,0.07789855072463768,0.11481975967957277
43346.png,DRIP,336,336,74,73,4880.0,33396.0,14308,23968,0.14612528446520542,0.20360480640854473
43346.png,Fixed,336,336,74,72,2752.0,35328.0,14112,23968,0.07789855072463768,0.11481975967957277
43348.png,DRIP,336,336,74,73,4880.0,33396.0,14308,23968,0.14612528446520542,0.20360480640854473
43348.png,Fixed,336,336,74,72,2752.0,35328.0,14112,23968,0.07789855072463768,0.11481975967957277
43468.png,DRIP,336,336,0,72,,,14112,0,,
43468.png,Fixed,336,336,0,72,,,14112,0,,
43477.png,DRIP,336,336,0,72,,,14112,0,,
43477.png,Fixed,336,336,0,72,,,14112,0,,
43484.png,DRIP,336,336,0,72,,,14112,0,,
43484.png,Fixed,336,336,0,72,,,14112,0,,
43509.png,DRIP,336,336,0,72,,,14112,0,,
43509.png,Fixed,336,336,0,72,,,14112,0,,
43599.png,DRIP,336,336,23,73,5373.0,22270.0,14308,13335,0.24126627750336777,0.4029246344206974
43599.png,Fixed,336,336,23,72,1470.0,25977.0,14112,13335,0.056588520614389654,0.11023622047244094
43600.png,DRIP,336,336,23,73,5373.0,22270.0,14308,13335,0.24126627750336777,0.4029246344206974
43600.png,Fixed,336,336,23,72,1470.0,25977.0,14112,13335,0.056588520614389654,0.11023622047244094
43611.png,DRIP,336,336,23,73,5373.0,22270.0,14308,13335,0.24126627750336777,0.4029246344206974
43611.png,Fixed,336,336,23,72,1470.0,25977.0,14112,13335,0.056588520614389654,0.11023622047244094
43626.png,DRIP,336,336,1,73,280.0,15645.0,14308,1617,0.017897091722595078,0.17316017316017315
43626.png,Fixed,336,336,1,72,154.0,15575.0,14112,1617,0.009887640449438202,0.09523809523809523
43632.png,DRIP,336,336,1,73,280.0,15645.0,14308,1617,0.017897091722595078,0.17316017316017315
43632.png,Fixed,336,336,1,72,154.0,15575.0,14112,1617,0.009887640449438202,0.09523809523809523
43634.png,DRIP,336,336,1,73,280.0,15645.0,14308,1617,0.017897091722595078,0.17316017316017315
43634.png,Fixed,336,336,1,72,154.0,15575.0,14112,1617,0.009887640449438202,0.09523809523809523
43637.png,DRIP,336,336,1,73,280.0,15645.0,14308,1617,0.017897091722595078,0.17316017316017315
43637.png,Fixed,336,336,1,72,154.0,15575.0,14112,1617,0.009887640449438202,0.09523809523809523
43641.png,DRIP,336,336,1,73,280.0,15645.0,14308,1617,0.017897091722595078,0.17316017316017315
43641.png,Fixed,336,336,1,72,154.0,15575.0,14112,1617,0.009887640449438202,0.09523809523809523
43653.png,DRIP,336,336,16,72,2130.0,18024.0,14112,6042,0.11817576564580559,0.35253227408143
43653.png,Fixed,336,336,16,72,716.0,19438.0,14112,6042,0.036835065335939915,0.11850380668652764
43659.png,DRIP,336,336,16,72,2130.0,18024.0,14112,6042,0.11817576564580559,0.35253227408143
43659.png,Fixed,336,336,16,72,716.0,19438.0,14112,6042,0.036835065335939915,0.11850380668652764
4367.png,DRIP,336,336,18,72,5960.0,38798.0,14112,30646,0.15361616578174134,0.19447888794622464
4367.png,Fixed,336,336,18,72,3118.0,41640.0,14112,30646,0.07487992315081653,0.10174247862690074
4369.png,DRIP,336,336,18,72,5960.0,38798.0,14112,30646,0.15361616578174134,0.19447888794622464
4369.png,Fixed,336,336,18,72,3118.0,41640.0,14112,30646,0.07487992315081653,0.10174247862690074
4370.png,DRIP,336,336,18,72,5960.0,38798.0,14112,30646,0.15361616578174134,0.19447888794622464
4370.png,Fixed,336,336,18,72,3118.0,41640.0,14112,30646,0.07487992315081653,0.10174247862690074
43719.png,DRIP,336,336,13,73,3262.0,20222.0,14308,9176,0.16130946493917517,0.3554925893635571
43719.png,Fixed,336,336,13,72,987.0,22301.0,14112,9176,0.04425810501771221,0.10756320836965998
43726.png,DRIP,336,336,16,72,8676.0,56843.0,14112,51407,0.15263093080942244,0.1687707899702375
43726.png,Fixed,336,336,16,72,7105.0,58414.0,14112,51407,0.12163180059574759,0.13821074950882176
43727.png,DRIP,336,336,16,72,8676.0,56843.0,14112,51407,0.15263093080942244,0.1687707899702375
43727.png,Fixed,336,336,16,72,7105.0,58414.0,14112,51407,0.12163180059574759,0.13821074950882176
43728.png,DRIP,336,336,16,72,8676.0,56843.0,14112,51407,0.15263093080942244,0.1687707899702375
43728.png,Fixed,336,336,16,72,7105.0,58414.0,14112,51407,0.12163180059574759,0.13821074950882176
43733.png,DRIP,336,336,16,72,8676.0,56843.0,14112,51407,0.15263093080942244,0.1687707899702375
43733.png,Fixed,336,336,16,72,7105.0,58414.0,14112,51407,0.12163180059574759,0.13821074950882176
43734.png,DRIP,336,336,32,73,3977.0,31986.0,14308,21655,0.1243356468454949,0.18365273608866312
43734.png,Fixed,336,336,32,72,2664.0,33103.0,14112,21655,0.08047608978038244,0.12302008773955207
43735.png,DRIP,336,336,32,73,3977.0,31986.0,14308,21655,0.1243356468454949,0.18365273608866312
43735.png,Fixed,336,336,32,72,2664.0,33103.0,14112,21655,0.08047608978038244,0.12302008773955207
43736.png,DRIP,336,336,32,73,3977.0,31986.0,14308,21655,0.1243356468454949,0.18365273608866312
43736.png,Fixed,336,336,32,72,2664.0,33103.0,14112,21655,0.08047608978038244,0.12302008773955207
43737.png,DRIP,336,336,16,72,8676.0,56843.0,14112,51407,0.15263093080942244,0.1687707899702375
43737.png,Fixed,336,336,16,72,7105.0,58414.0,14112,51407,0.12163180059574759,0.13821074950882176
43738.png,DRIP,336,336,32,73,3977.0,31986.0,14308,21655,0.1243356468454949,0.18365273608866312
43738.png,Fixed,336,336,32,72,2664.0,33103.0,14112,21655,0.08047608978038244,0.12302008773955207
43739.png,DRIP,336,336,32,73,3977.0,31986.0,14308,21655,0.1243356468454949,0.18365273608866312
43739.png,Fixed,336,336,32,72,2664.0,33103.0,14112,21655,0.08047608978038244,0.12302008773955207
43742.png,DRIP,336,336,16,72,8676.0,56843.0,14112,51407,0.15263093080942244,0.1687707899702375
43742.png,Fixed,336,336,16,72,7105.0,58414.0,14112,51407,0.12163180059574759,0.13821074950882176
43751.png,DRIP,336,336,16,72,8676.0,56843.0,14112,51407,0.15263093080942244,0.1687707899702375
43751.png,Fixed,336,336,16,72,7105.0,58414.0,14112,51407,0.12163180059574759,0.13821074950882176
43753.png,DRIP,336,336,16,72,8676.0,56843.0,14112,51407,0.15263093080942244,0.1687707899702375
43753.png,Fixed,336,336,16,72,7105.0,58414.0,14112,51407,0.12163180059574759,0.13821074950882176
43757.png,DRIP,336,336,1,73,378.0,14875.0,14308,945,0.025411764705882352,0.4
43757.png,Fixed,336,336,1,72,126.0,14931.0,14112,945,0.008438818565400843,0.13333333333333333
43758.png,DRIP,336,336,1,73,378.0,14875.0,14308,945,0.025411764705882352,0.4
43758.png,Fixed,336,336,1,72,126.0,14931.0,14112,945,0.008438818565400843,0.13333333333333333
43761.png,DRIP,336,336,1,73,378.0,14875.0,14308,945,0.025411764705882352,0.4
43761.png,Fixed,336,336,1,72,126.0,14931.0,14112,945,0.008438818565400843,0.13333333333333333
43762.png,DRIP,336,336,16,72,8676.0,56843.0,14112,51407,0.15263093080942244,0.1687707899702375
43762.png,Fixed,336,336,16,72,7105.0,58414.0,14112,51407,0.12163180059574759,0.13821074950882176
43764.png,DRIP,336,336,16,72,8676.0,56843.0,14112,51407,0.15263093080942244,0.1687707899702375
43764.png,Fixed,336,336,16,72,7105.0,58414.0,14112,51407,0.12163180059574759,0.13821074950882176
43766.png,DRIP,336,336,1,73,378.0,14875.0,14308,945,0.025411764705882352,0.4
43766.png,Fixed,336,336,1,72,126.0,14931.0,14112,945,0.008438818565400843,0.13333333333333333
43768.png,DRIP,336,336,1,73,378.0,14875.0,14308,945,0.025411764705882352,0.4
43768.png,Fixed,336,336,1,72,126.0,14931.0,14112,945,0.008438818565400843,0.13333333333333333
43769.png,DRIP,336,336,16,72,8676.0,56843.0,14112,51407,0.15263093080942244,0.1687707899702375
43769.png,Fixed,336,336,16,72,7105.0,58414.0,14112,51407,0.12163180059574759,0.13821074950882176
43771.png,DRIP,336,336,13,73,3262.0,20222.0,14308,9176,0.16130946493917517,0.3554925893635571
43771.png,Fixed,336,336,13,72,987.0,22301.0,14112,9176,0.04425810501771221,0.10756320836965998
43773.png,DRIP,336,336,16,72,8676.0,56843.0,14112,51407,0.15263093080942244,0.1687707899702375
43773.png,Fixed,336,336,16,72,7105.0,58414.0,14112,51407,0.12163180059574759,0.13821074950882176
43774.png,DRIP,336,336,1,73,378.0,14875.0,14308,945,0.025411764705882352,0.4
43774.png,Fixed,336,336,1,72,126.0,14931.0,14112,945,0.008438818565400843,0.13333333333333333
43776.png,DRIP,336,336,1,73,378.0,14875.0,14308,945,0.025411764705882352,0.4
43776.png,Fixed,336,336,1,72,126.0,14931.0,14112,945,0.008438818565400843,0.13333333333333333
43777.png,DRIP,336,336,13,73,3262.0,20222.0,14308,9176,0.16130946493917517,0.3554925893635571
43777.png,Fixed,336,336,13,72,987.0,22301.0,14112,9176,0.04425810501771221,0.10756320836965998
43779.png,DRIP,336,336,13,73,3262.0,20222.0,14308,9176,0.16130946493917517,0.3554925893635571
43779.png,Fixed,336,336,13,72,987.0,22301.0,14112,9176,0.04425810501771221,0.10756320836965998
43780.png,DRIP,336,336,1,73,378.0,14875.0,14308,945,0.025411764705882352,0.4
43780.png,Fixed,336,336,1,72,126.0,14931.0,14112,945,0.008438818565400843,0.13333333333333333
43784.png,DRIP,336,336,1,73,378.0,14875.0,14308,945,0.025411764705882352,0.4
43784.png,Fixed,336,336,1,72,126.0,14931.0,14112,945,0.008438818565400843,0.13333333333333333
43786.png,DRIP,336,336,13,73,3262.0,20222.0,14308,9176,0.16130946493917517,0.3554925893635571
43786.png,Fixed,336,336,13,72,987.0,22301.0,14112,9176,0.04425810501771221,0.10756320836965998
43789.png,DRIP,336,336,1,73,378.0,14875.0,14308,945,0.025411764705882352,0.4
43789.png,Fixed,336,336,1,72,126.0,14931.0,14112,945,0.008438818565400843,0.13333333333333333
43790.png,DRIP,336,336,26,73,6278.0,31864.0,14308,23834,0.19702485563645494,0.2634052194344214
43790.png,Fixed,336,336,26,72,2911.0,35035.0,14112,23834,0.08308834023119738,0.12213644373583955
43796.png,DRIP,336,336,26,73,6278.0,31864.0,14308,23834,0.19702485563645494,0.2634052194344214
43796.png,Fixed,336,336,26,72,2911.0,35035.0,14112,23834,0.08308834023119738,0.12213644373583955
43800.png,DRIP,336,336,26,73,6278.0,31864.0,14308,23834,0.19702485563645494,0.2634052194344214
43800.png,Fixed,336,336,26,72,2911.0,35035.0,14112,23834,0.08308834023119738,0.12213644373583955
43803.png,DRIP,336,336,26,73,6278.0,31864.0,14308,23834,0.19702485563645494,0.2634052194344214
43803.png,Fixed,336,336,26,72,2911.0,35035.0,14112,23834,0.08308834023119738,0.12213644373583955
43804.png,DRIP,336,336,13,73,3262.0,20222.0,14308,9176,0.16130946493917517,0.3554925893635571
43804.png,Fixed,336,336,13,72,987.0,22301.0,14112,9176,0.04425810501771221,0.10756320836965998
43805.png,DRIP,336,336,26,73,6278.0,31864.0,14308,23834,0.19702485563645494,0.2634052194344214
43805.png,Fixed,336,336,26,72,2911.0,35035.0,14112,23834,0.08308834023119738,0.12213644373583955
43806.png,DRIP,336,336,13,73,3262.0,20222.0,14308,9176,0.16130946493917517,0.3554925893635571
43806.png,Fixed,336,336,13,72,987.0,22301.0,14112,9176,0.04425810501771221,0.10756320836965998
43807.png,DRIP,336,336,13,73,3262.0,20222.0,14308,9176,0.16130946493917517,0.3554925893635571
43807.png,Fixed,336,336,13,72,987.0,22301.0,14112,9176,0.04425810501771221,0.10756320836965998
43813.png,DRIP,336,336,26,73,6278.0,31864.0,14308,23834,0.19702485563645494,0.2634052194344214
43813.png,Fixed,336,336,26,72,2911.0,35035.0,14112,23834,0.08308834023119738,0.12213644373583955
43815.png,DRIP,336,336,26,73,6278.0,31864.0,14308,23834,0.19702485563645494,0.2634052194344214
43815.png,Fixed,336,336,26,72,2911.0,35035.0,14112,23834,0.08308834023119738,0.12213644373583955
43822.png,DRIP,336,336,13,73,3262.0,20222.0,14308,9176,0.16130946493917517,0.3554925893635571
43822.png,Fixed,336,336,13,72,987.0,22301.0,14112,9176,0.04425810501771221,0.10756320836965998
4408.png,DRIP,336,336,38,73,7124.0,54265.0,14308,47081,0.13128167327006357,0.1513136934219749
4408.png,Fixed,336,336,38,72,5624.0,55569.0,14112,47081,0.10120750778311649,0.11945370744036872
4409.png,DRIP,336,336,38,73,7124.0,54265.0,14308,47081,0.13128167327006357,0.1513136934219749
4409.png,Fixed,336,336,38,72,5624.0,55569.0,14112,47081,0.10120750778311649,0.11945370744036872
4411.png,DRIP,336,336,38,73,7124.0,54265.0,14308,47081,0.13128167327006357,0.1513136934219749
4411.png,Fixed,336,336,38,72,5624.0,55569.0,14112,47081,0.10120750778311649,0.11945370744036872
4412.png,DRIP,336,336,38,73,7124.0,54265.0,14308,47081,0.13128167327006357,0.1513136934219749
4412.png,Fixed,336,336,38,72,5624.0,55569.0,14112,47081,0.10120750778311649,0.11945370744036872
44128.png,DRIP,336,336,0,73,,,14308,0,,
44128.png,Fixed,336,336,0,72,,,14112,0,,
44130.png,DRIP,336,336,0,73,,,14308,0,,
44130.png,Fixed,336,336,0,72,,,14112,0,,
44131.png,DRIP,336,336,0,73,,,14308,0,,
44131.png,Fixed,336,336,0,72,,,14112,0,,
44132.png,DRIP,336,336,0,73,,,14308,0,,
44132.png,Fixed,336,336,0,72,,,14112,0,,
44134.png,DRIP,336,336,0,73,,,14308,0,,
44134.png,Fixed,336,336,0,72,,,14112,0,,
44136.png,DRIP,336,336,0,73,,,14308,0,,
44136.png,Fixed,336,336,0,72,,,14112,0,,
44139.png,DRIP,336,336,0,73,,,14308,0,,
44139.png,Fixed,336,336,0,72,,,14112,0,,
44141.png,DRIP,336,336,0,73,,,14308,0,,
44141.png,Fixed,336,336,0,72,,,14112,0,,
4415.png,DRIP,336,336,34,73,7189.0,37062.0,14308,29943,0.1939722626949436,0.24008950338977392
4415.png,Fixed,336,336,34,72,4367.0,39688.0,14112,29943,0.11003325942350332,0.1458437698293424
4417.png,DRIP,336,336,34,73,7189.0,37062.0,14308,29943,0.1939722626949436,0.24008950338977392
4417.png,Fixed,336,336,34,72,4367.0,39688.0,14112,29943,0.11003325942350332,0.1458437698293424
4418.png,DRIP,336,336,34,73,7189.0,37062.0,14308,29943,0.1939722626949436,0.24008950338977392
4418.png,Fixed,336,336,34,72,4367.0,39688.0,14112,29943,0.11003325942350332,0.1458437698293424
4419.png,DRIP,336,336,34,73,7189.0,37062.0,14308,29943,0.1939722626949436,0.24008950338977392
4419.png,Fixed,336,336,34,72,4367.0,39688.0,14112,29943,0.11003325942350332,0.1458437698293424
44210.png,DRIP,336,336,31,72,4495.0,40213.0,14112,30596,0.11177977271031755,0.14691462936331548
44210.png,Fixed,336,336,31,72,3916.0,40792.0,14112,30596,0.09599921553245734,0.12799058700483723
44216.png,DRIP,336,336,31,72,4495.0,40213.0,14112,30596,0.11177977271031755,0.14691462936331548
44216.png,Fixed,336,336,31,72,3916.0,40792.0,14112,30596,0.09599921553245734,0.12799058700483723
44226.png,DRIP,336,336,31,72,4495.0,40213.0,14112,30596,0.11177977271031755,0.14691462936331548
44226.png,Fixed,336,336,31,72,3916.0,40792.0,14112,30596,0.09599921553245734,0.12799058700483723
44233.png,DRIP,336,336,31,72,4495.0,40213.0,14112,30596,0.11177977271031755,0.14691462936331548
44233.png,Fixed,336,336,31,72,3916.0,40792.0,14112,30596,0.09599921553245734,0.12799058700483723
44271.png,DRIP,336,336,31,72,4495.0,40213.0,14112,30596,0.11177977271031755,0.14691462936331548
44271.png,Fixed,336,336,31,72,3916.0,40792.0,14112,30596,0.09599921553245734,0.12799058700483723
44281.png,DRIP,336,336,31,72,4495.0,40213.0,14112,30596,0.11177977271031755,0.14691462936331548
44281.png,Fixed,336,336,31,72,3916.0,40792.0,14112,30596,0.09599921553245734,0.12799058700483723
44297.png,DRIP,336,336,31,72,4495.0,40213.0,14112,30596,0.11177977271031755,0.14691462936331548
44297.png,Fixed,336,336,31,72,3916.0,40792.0,14112,30596,0.09599921553245734,0.12799058700483723
4437.png,DRIP,336,336,2,73,800.0,15523.0,14308,2015,0.05153642981382465,0.3970223325062035
4437.png,Fixed,336,336,2,72,294.0,15833.0,14112,2015,0.018568811974988948,0.14590570719602977
4438.png,DRIP,336,336,2,73,800.0,15523.0,14308,2015,0.05153642981382465,0.3970223325062035
4438.png,Fixed,336,336,2,72,294.0,15833.0,14112,2015,0.018568811974988948,0.14590570719602977
444.png,DRIP,336,336,26,73,6989.0,58957.0,14308,51638,0.11854402361042794,0.13534606297687748
444.png,Fixed,336,336,26,72,6690.0,59060.0,14112,51638,0.11327463596342702,0.1295557535148534
4440.png,DRIP,336,336,2,73,800.0,15523.0,14308,2015,0.05153642981382465,0.3970223325062035
4440.png,Fixed,336,336,2,72,294.0,15833.0,14112,2015,0.018568811974988948,0.14590570719602977
4441.png,DRIP,336,336,2,73,800.0,15523.0,14308,2015,0.05153642981382465,0.3970223325062035
4441.png,Fixed,336,336,2,72,294.0,15833.0,14112,2015,0.018568811974988948,0.14590570719602977
4445.png,DRIP,336,336,17,73,2632.0,19344.0,14308,7668,0.1360628618693135,0.34324465310380803
4445.png,Fixed,336,336,17,72,977.0,20803.0,14112,7668,0.04696438013748017,0.12741262389149713
4447.png,DRIP,336,336,17,73,2632.0,19344.0,14308,7668,0.1360628618693135,0.34324465310380803
4447.png,Fixed,336,336,17,72,977.0,20803.0,14112,7668,0.04696438013748017,0.12741262389149713
4449.png,DRIP,336,336,17,73,2632.0,19344.0,14308,7668,0.1360628618693135,0.34324465310380803
4449.png,Fixed,336,336,17,72,977.0,20803.0,14112,7668,0.04696438013748017,0.12741262389149713
4461.png,DRIP,336,336,20,72,5290.0,41718.0,14112,32896,0.12680377774581716,0.16080982490272375
4461.png,Fixed,336,336,20,72,4213.0,42795.0,14112,32896,0.09844608014955018,0.1280702821011673
4464.png,DRIP,336,336,20,72,5290.0,41718.0,14112,32896,0.12680377774581716,0.16080982490272375
4464.png,Fixed,336,336,20,72,4213.0,42795.0,14112,32896,0.09844608014955018,0.1280702821011673
4467.png,DRIP,336,336,20,72,5290.0,41718.0,14112,32896,0.12680377774581716,0.16080982490272375
4467.png,Fixed,336,336,20,72,4213.0,42795.0,14112,32896,0.09844608014955018,0.1280702821011673
4468.png,DRIP,336,336,20,72,5290.0,41718.0,14112,32896,0.12680377774581716,0.16080982490272375
4468.png,Fixed,336,336,20,72,4213.0,42795.0,14112,32896,0.09844608014955018,0.1280702821011673
4470.png,DRIP,336,336,20,72,5290.0,41718.0,14112,32896,0.12680377774581716,0.16080982490272375
4470.png,Fixed,336,336,20,72,4213.0,42795.0,14112,32896,0.09844608014955018,0.1280702821011673
4471.png,DRIP,336,336,20,72,5290.0,41718.0,14112,32896,0.12680377774581716,0.16080982490272375
4471.png,Fixed,336,336,20,72,4213.0,42795.0,14112,32896,0.09844608014955018,0.1280702821011673
4473.png,DRIP,336,336,20,72,5290.0,41718.0,14112,32896,0.12680377774581716,0.16080982490272375
4473.png,Fixed,336,336,20,72,4213.0,42795.0,14112,32896,0.09844608014955018,0.1280702821011673
44773.png,DRIP,336,336,10,73,6501.0,23155.0,14308,15348,0.2807600950118765,0.4235731039874902
44773.png,Fixed,336,336,10,72,1586.0,27874.0,14112,15348,0.05689890220276961,0.1033359395360959
44776.png,DRIP,336,336,10,73,6501.0,23155.0,14308,15348,0.2807600950118765,0.4235731039874902
44776.png,Fixed,336,336,10,72,1586.0,27874.0,14112,15348,0.05689890220276961,0.1033359395360959
44779.png,DRIP,336,336,10,73,6501.0,23155.0,14308,15348,0.2807600950118765,0.4235731039874902
44779.png,Fixed,336,336,10,72,1586.0,27874.0,14112,15348,0.05689890220276961,0.1033359395360959
44784.png,DRIP,336,336,27,73,6612.0,50601.0,14308,42905,0.13066935436058577,0.1541079128306724
44784.png,Fixed,336,336,27,72,4990.0,52027.0,14112,42905,0.09591173813596786,0.11630346113506584
44786.png,DRIP,336,336,27,73,6612.0,50601.0,14308,42905,0.13066935436058577,0.1541079128306724
44786.png,Fixed,336,336,27,72,4990.0,52027.0,14112,42905,0.09591173813596786,0.11630346113506584
44788.png,DRIP,336,336,27,73,6612.0,50601.0,14308,42905,0.13066935436058577,0.1541079128306724
44788.png,Fixed,336,336,27,72,4990.0,52027.0,14112,42905,0.09591173813596786,0.11630346113506584
44792.png,DRIP,336,336,27,73,6612.0,50601.0,14308,42905,0.13066935436058577,0.1541079128306724
44792.png,Fixed,336,336,27,72,4990.0,52027.0,14112,42905,0.09591173813596786,0.11630346113506584
44793.png,DRIP,336,336,27,73,6612.0,50601.0,14308,42905,0.13066935436058577,0.1541079128306724
44793.png,Fixed,336,336,27,72,4990.0,52027.0,14112,42905,0.09591173813596786,0.11630346113506584
44797.png,DRIP,336,336,27,73,6612.0,50601.0,14308,42905,0.13066935436058577,0.1541079128306724
44797.png,Fixed,336,336,27,72,4990.0,52027.0,14112,42905,0.09591173813596786,0.11630346113506584
44800.png,DRIP,336,336,27,73,6612.0,50601.0,14308,42905,0.13066935436058577,0.1541079128306724
44800.png,Fixed,336,336,27,72,4990.0,52027.0,14112,42905,0.09591173813596786,0.11630346113506584
44808.png,DRIP,336,336,27,73,6612.0,50601.0,14308,42905,0.13066935436058577,0.1541079128306724
44808.png,Fixed,336,336,27,72,4990.0,52027.0,14112,42905,0.09591173813596786,0.11630346113506584
44811.png,DRIP,336,336,27,73,6612.0,50601.0,14308,42905,0.13066935436058577,0.1541079128306724
44811.png,Fixed,336,336,27,72,4990.0,52027.0,14112,42905,0.09591173813596786,0.11630346113506584
44815.png,DRIP,336,336,27,73,6612.0,50601.0,14308,42905,0.13066935436058577,0.1541079128306724
44815.png,Fixed,336,336,27,72,4990.0,52027.0,14112,42905,0.09591173813596786,0.11630346113506584
44820.png,DRIP,336,336,15,73,3599.0,18337.0,14308,7628,0.19626983694170258,0.47181436811746197
44820.png,Fixed,336,336,15,72,1005.0,20735.0,14112,7628,0.04846877260670364,0.1317514420555847
44825.png,DRIP,336,336,15,73,3599.0,18337.0,14308,7628,0.19626983694170258,0.47181436811746197
44825.png,Fixed,336,336,15,72,1005.0,20735.0,14112,7628,0.04846877260670364,0.1317514420555847
44828.png,DRIP,336,336,15,73,3599.0,18337.0,14308,7628,0.19626983694170258,0.47181436811746197
44828.png,Fixed,336,336,15,72,1005.0,20735.0,14112,7628,0.04846877260670364,0.1317514420555847
44829.png,DRIP,336,336,15,73,3599.0,18337.0,14308,7628,0.19626983694170258,0.47181436811746197
44829.png,Fixed,336,336,15,72,1005.0,20735.0,14112,7628,0.04846877260670364,0.1317514420555847
44830.png,DRIP,336,336,15,73,3599.0,18337.0,14308,7628,0.19626983694170258,0.47181436811746197
44830.png,Fixed,336,336,15,72,1005.0,20735.0,14112,7628,0.04846877260670364,0.1317514420555847
44831.png,DRIP,336,336,4,73,576.0,16163.0,14308,2431,0.0356369485862773,0.2369395310571781
44831.png,Fixed,336,336,4,72,440.0,16103.0,14112,2431,0.027324101099174068,0.18099547511312217
44833.png,DRIP,336,336,4,73,576.0,16163.0,14308,2431,0.0356369485862773,0.2369395310571781
44833.png,Fixed,336,336,4,72,440.0,16103.0,14112,2431,0.027324101099174068,0.18099547511312217
44835.png,DRIP,336,336,4,73,576.0,16163.0,14308,2431,0.0356369485862773,0.2369395310571781
44835.png,Fixed,336,336,4,72,440.0,16103.0,14112,2431,0.027324101099174068,0.18099547511312217
44841.png,DRIP,336,336,4,73,576.0,16163.0,14308,2431,0.0356369485862773,0.2369395310571781
44841.png,Fixed,336,336,4,72,440.0,16103.0,14112,2431,0.027324101099174068,0.18099547511312217
44849.png,DRIP,336,336,4,73,576.0,16163.0,14308,2431,0.0356369485862773,0.2369395310571781
44849.png,Fixed,336,336,4,72,440.0,16103.0,14112,2431,0.027324101099174068,0.18099547511312217
44854.png,DRIP,336,336,4,73,576.0,16163.0,14308,2431,0.0356369485862773,0.2369395310571781
44854.png,Fixed,336,336,4,72,440.0,16103.0,14112,2431,0.027324101099174068,0.18099547511312217
44857.png,DRIP,336,336,4,73,576.0,16163.0,14308,2431,0.0356369485862773,0.2369395310571781
44857.png,Fixed,336,336,4,72,440.0,16103.0,14112,2431,0.027324101099174068,0.18099547511312217
44870.png,DRIP,336,336,4,73,576.0,16163.0,14308,2431,0.0356369485862773,0.2369395310571781
44870.png,Fixed,336,336,4,72,440.0,16103.0,14112,2431,0.027324101099174068,0.18099547511312217
449.png,DRIP,336,336,26,73,6989.0,58957.0,14308,51638,0.11854402361042794,0.13534606297687748
449.png,Fixed,336,336,26,72,6690.0,59060.0,14112,51638,0.11327463596342702,0.1295557535148534
44921.png,DRIP,336,336,8,72,2673.0,16732.0,14112,5293,0.1597537652402582,0.5050066125070848
44921.png,Fixed,336,336,8,72,569.0,18836.0,14112,5293,0.030208112125716714,0.10750047232193463
44930.png,DRIP,336,336,8,72,2673.0,16732.0,14112,5293,0.1597537652402582,0.5050066125070848
44930.png,Fixed,336,336,8,72,569.0,18836.0,14112,5293,0.030208112125716714,0.10750047232193463
44936.png,DRIP,336,336,8,72,2673.0,16732.0,14112,5293,0.1597537652402582,0.5050066125070848
44936.png,Fixed,336,336,8,72,569.0,18836.0,14112,5293,0.030208112125716714,0.10750047232193463
44939.png,DRIP,336,336,8,72,2673.0,16732.0,14112,5293,0.1597537652402582,0.5050066125070848
44939.png,Fixed,336,336,8,72,569.0,18836.0,14112,5293,0.030208112125716714,0.10750047232193463
44941.png,DRIP,336,336,8,72,2673.0,16732.0,14112,5293,0.1597537652402582,0.5050066125070848
44941.png,Fixed,336,336,8,72,569.0,18836.0,14112,5293,0.030208112125716714,0.10750047232193463
44955.png,DRIP,336,336,59,72,3886.0,41294.0,14112,31068,0.09410568121276698,0.1250804686494142
44955.png,Fixed,336,336,59,72,3770.0,41410.0,14112,31068,0.09104081139821299,0.12134672331659585
44959.png,DRIP,336,336,59,72,3886.0,41294.0,14112,31068,0.09410568121276698,0.1250804686494142
44959.png,Fixed,336,336,59,72,3770.0,41410.0,14112,31068,0.09104081139821299,0.12134672331659585
44962.png,DRIP,336,336,14,73,3831.0,24494.0,14308,14017,0.1564056503633543,0.27331097952486266
44962.png,Fixed,336,336,14,72,1768.0,26361.0,14112,14017,0.06706877584310156,0.12613255332810158
44965.png,DRIP,336,336,59,72,3886.0,41294.0,14112,31068,0.09410568121276698,0.1250804686494142
44965.png,Fixed,336,336,59,72,3770.0,41410.0,14112,31068,0.09104081139821299,0.12134672331659585
44967.png,DRIP,336,336,14,73,3831.0,24494.0,14308,14017,0.1564056503633543,0.27331097952486266
44967.png,Fixed,336,336,14,72,1768.0,26361.0,14112,14017,0.06706877584310156,0.12613255332810158
44972.png,DRIP,336,336,14,73,3831.0,24494.0,14308,14017,0.1564056503633543,0.27331097952486266
44972.png,Fixed,336,336,14,72,1768.0,26361.0,14112,14017,0.06706877584310156,0.12613255332810158
44973.png,DRIP,336,336,59,72,3886.0,41294.0,14112,31068,0.09410568121276698,0.1250804686494142
44973.png,Fixed,336,336,59,72,3770.0,41410.0,14112,31068,0.09104081139821299,0.12134672331659585
44978.png,DRIP,336,336,14,73,3831.0,24494.0,14308,14017,0.1564056503633543,0.27331097952486266
44978.png,Fixed,336,336,14,72,1768.0,26361.0,14112,14017,0.06706877584310156,0.12613255332810158
450.png,DRIP,336,336,17,73,5520.0,33687.0,14308,24899,0.16386143022530947,0.221695650427728
450.png,Fixed,336,336,17,72,3880.0,35131.0,14112,24899,0.11044376761264979,0.15582955138760593
45005.png,DRIP,336,336,59,72,3886.0,41294.0,14112,31068,0.09410568121276698,0.1250804686494142
45005.png,Fixed,336,336,59,72,3770.0,41410.0,14112,31068,0.09104081139821299,0.12134672331659585
45009.png,DRIP,336,336,59,72,3886.0,41294.0,14112,31068,0.09410568121276698,0.1250804686494142
45009.png,Fixed,336,336,59,72,3770.0,41410.0,14112,31068,0.09104081139821299,0.12134672331659585
45014.png,DRIP,336,336,59,72,3886.0,41294.0,14112,31068,0.09410568121276698,0.1250804686494142
45014.png,Fixed,336,336,59,72,3770.0,41410.0,14112,31068,0.09104081139821299,0.12134672331659585
45016.png,DRIP,336,336,40,73,2258.0,33027.0,14308,20977,0.0683683047203803,0.10764170281737141
45016.png,Fixed,336,336,40,72,3301.0,31788.0,14112,20977,0.10384421794387819,0.1573628259522334
45068.png,DRIP,336,336,15,73,2789.0,18901.0,14308,7382,0.14755833024707687,0.37781089135735574
45068.png,Fixed,336,336,15,72,1189.0,20305.0,14112,7382,0.05855700566362965,0.16106746139257655
45070.png,DRIP,336,336,15,73,2789.0,18901.0,14308,7382,0.14755833024707687,0.37781089135735574
45070.png,Fixed,336,336,15,72,1189.0,20305.0,14112,7382,0.05855700566362965,0.16106746139257655
45073.png,DRIP,336,336,15,73,2789.0,18901.0,14308,7382,0.14755833024707687,0.37781089135735574
45073.png,Fixed,336,336,15,72,1189.0,20305.0,14112,7382,0.05855700566362965,0.16106746139257655
45076.png,DRIP,336,336,9,73,2815.0,24884.0,14308,13391,0.113124899533837,0.21021581659323427
45076.png,Fixed,336,336,9,72,1585.0,25918.0,14112,13391,0.06115441006250482,0.11836307968038234
45079.png,DRIP,336,336,9,73,2815.0,24884.0,14308,13391,0.113124899533837,0.21021581659323427
45079.png,Fixed,336,336,9,72,1585.0,25918.0,14112,13391,0.06115441006250482,0.11836307968038234
45080.png,DRIP,336,336,9,73,2815.0,24884.0,14308,13391,0.113124899533837,0.21021581659323427
45080.png,Fixed,336,336,9,72,1585.0,25918.0,14112,13391,0.06115441006250482,0.11836307968038234
45085.png,DRIP,336,336,9,73,2815.0,24884.0,14308,13391,0.113124899533837,0.21021581659323427
45085.png,Fixed,336,336,9,72,1585.0,25918.0,14112,13391,0.06115441006250482,0.11836307968038234
45090.png,DRIP,336,336,9,73,2815.0,24884.0,14308,13391,0.113124899533837,0.21021581659323427
45090.png,Fixed,336,336,9,72,1585.0,25918.0,14112,13391,0.06115441006250482,0.11836307968038234
45093.png,DRIP,336,336,9,73,2815.0,24884.0,14308,13391,0.113124899533837,0.21021581659323427
45093.png,Fixed,336,336,9,72,1585.0,25918.0,14112,13391,0.06115441006250482,0.11836307968038234
45099.png,DRIP,336,336,9,73,2815.0,24884.0,14308,13391,0.113124899533837,0.21021581659323427
45099.png,Fixed,336,336,9,72,1585.0,25918.0,14112,13391,0.06115441006250482,0.11836307968038234
45103.png,DRIP,336,336,40,73,2258.0,33027.0,14308,20977,0.0683683047203803,0.10764170281737141
45103.png,Fixed,336,336,40,72,3301.0,31788.0,14112,20977,0.10384421794387819,0.1573628259522334
45106.png,DRIP,336,336,9,73,2815.0,24884.0,14308,13391,0.113124899533837,0.21021581659323427
45106.png,Fixed,336,336,9,72,1585.0,25918.0,14112,13391,0.06115441006250482,0.11836307968038234
45110.png,DRIP,336,336,40,73,2258.0,33027.0,14308,20977,0.0683683047203803,0.10764170281737141
45110.png,Fixed,336,336,40,72,3301.0,31788.0,14112,20977,0.10384421794387819,0.1573628259522334
45111.png,DRIP,336,336,58,73,7446.0,50357.0,14308,43495,0.14786424926028158,0.1711920910449477
45111.png,Fixed,336,336,58,72,5115.0,52492.0,14112,43495,0.09744341994970662,0.1175997241062191
45117.png,DRIP,336,336,58,73,7446.0,50357.0,14308,43495,0.14786424926028158,0.1711920910449477
45117.png,Fixed,336,336,58,72,5115.0,52492.0,14112,43495,0.09744341994970662,0.1175997241062191
45118.png,DRIP,336,336,40,73,2258.0,33027.0,14308,20977,0.0683683047203803,0.10764170281737141
45118.png,Fixed,336,336,40,72,3301.0,31788.0,14112,20977,0.10384421794387819,0.1573628259522334
45122.png,DRIP,336,336,40,73,2258.0,33027.0,14308,20977,0.0683683047203803,0.10764170281737141
45122.png,Fixed,336,336,40,72,3301.0,31788.0,14112,20977,0.10384421794387819,0.1573628259522334
45124.png,DRIP,336,336,58,73,7446.0,50357.0,14308,43495,0.14786424926028158,0.1711920910449477
45124.png,Fixed,336,336,58,72,5115.0,52492.0,14112,43495,0.09744341994970662,0.1175997241062191
45127.png,DRIP,336,336,31,73,4460.0,29406.0,14308,19558,0.15166972726654424,0.22803967685857449
45127.png,Fixed,336,336,31,72,2438.0,31232.0,14112,19558,0.07806096311475409,0.12465487268636875
45128.png,DRIP,336,336,40,73,2258.0,33027.0,14308,20977,0.0683683047203803,0.10764170281737141
45128.png,Fixed,336,336,40,72,3301.0,31788.0,14112,20977,0.10384421794387819,0.1573628259522334
45132.png,DRIP,336,336,31,73,4460.0,29406.0,14308,19558,0.15166972726654424,0.22803967685857449
45132.png,Fixed,336,336,31,72,2438.0,31232.0,14112,19558,0.07806096311475409,0.12465487268636875
45133.png,DRIP,336,336,40,73,2258.0,33027.0,14308,20977,0.0683683047203803,0.10764170281737141
45133.png,Fixed,336,336,40,72,3301.0,31788.0,14112,20977,0.10384421794387819,0.1573628259522334
45134.png,DRIP,336,336,31,73,4460.0,29406.0,14308,19558,0.15166972726654424,0.22803967685857449
45134.png,Fixed,336,336,31,72,2438.0,31232.0,14112,19558,0.07806096311475409,0.12465487268636875
45135.png,DRIP,336,336,58,73,7446.0,50357.0,14308,43495,0.14786424926028158,0.1711920910449477
45135.png,Fixed,336,336,58,72,5115.0,52492.0,14112,43495,0.09744341994970662,0.1175997241062191
45137.png,DRIP,336,336,40,73,2258.0,33027.0,14308,20977,0.0683683047203803,0.10764170281737141
45137.png,Fixed,336,336,40,72,3301.0,31788.0,14112,20977,0.10384421794387819,0.1573628259522334
45139.png,DRIP,336,336,58,73,7446.0,50357.0,14308,43495,0.14786424926028158,0.1711920910449477
45139.png,Fixed,336,336,58,72,5115.0,52492.0,14112,43495,0.09744341994970662,0.1175997241062191
45142.png,DRIP,336,336,31,73,4460.0,29406.0,14308,19558,0.15166972726654424,0.22803967685857449
45142.png,Fixed,336,336,31,72,2438.0,31232.0,14112,19558,0.07806096311475409,0.12465487268636875
45147.png,DRIP,336,336,31,73,4460.0,29406.0,14308,19558,0.15166972726654424,0.22803967685857449
45147.png,Fixed,336,336,31,72,2438.0,31232.0,14112,19558,0.07806096311475409,0.12465487268636875
45148.png,DRIP,336,336,31,73,4460.0,29406.0,14308,19558,0.15166972726654424,0.22803967685857449
45148.png,Fixed,336,336,31,72,2438.0,31232.0,14112,19558,0.07806096311475409,0.12465487268636875
45149.png,DRIP,336,336,40,73,2258.0,33027.0,14308,20977,0.0683683047203803,0.10764170281737141
45149.png,Fixed,336,336,40,72,3301.0,31788.0,14112,20977,0.10384421794387819,0.1573628259522334
45151.png,DRIP,336,336,31,73,4460.0,29406.0,14308,19558,0.15166972726654424,0.22803967685857449
45151.png,Fixed,336,336,31,72,2438.0,31232.0,14112,19558,0.07806096311475409,0.12465487268636875
45154.png,DRIP,336,336,40,73,2258.0,33027.0,14308,20977,0.0683683047203803,0.10764170281737141
45154.png,Fixed,336,336,40,72,3301.0,31788.0,14112,20977,0.10384421794387819,0.1573628259522334
45157.png,DRIP,336,336,51,73,7892.0,58171.0,14308,51755,0.13566897595021574,0.15248768234953144
45157.png,Fixed,336,336,51,72,6262.0,59605.0,14112,51755,0.1050583004781478,0.12099314075934692
452.png,DRIP,336,336,17,73,5520.0,33687.0,14308,24899,0.16386143022530947,0.221695650427728
452.png,Fixed,336,336,17,72,3880.0,35131.0,14112,24899,0.11044376761264979,0.15582955138760593
4522.png,DRIP,336,336,26,73,5632.0,36655.0,14308,27979,0.15364888828263537,0.20129382751349226
4522.png,Fixed,336,336,26,72,3595.0,38496.0,14112,27979,0.09338632585203657,0.12848922406090282
4524.png,DRIP,336,336,26,73,5632.0,36655.0,14308,27979,0.15364888828263537,0.20129382751349226
4524.png,Fixed,336,336,26,72,3595.0,38496.0,14112,27979,0.09338632585203657,0.12848922406090282
4525.png,DRIP,336,336,26,73,5632.0,36655.0,14308,27979,0.15364888828263537,0.20129382751349226
4525.png,Fixed,336,336,26,72,3595.0,38496.0,14112,27979,0.09338632585203657,0.12848922406090282
45252.png,DRIP,336,336,45,73,6244.0,44995.0,14308,36931,0.13877097455272808,0.16907205328856517
45252.png,Fixed,336,336,45,72,4425.0,46618.0,14112,36931,0.09492041700630657,0.1198180390457881
4527.png,DRIP,336,336,26,73,5632.0,36655.0,14308,27979,0.15364888828263537,0.20129382751349226
4527.png,Fixed,336,336,26,72,3595.0,38496.0,14112,27979,0.09338632585203657,0.12848922406090282
4529.png,DRIP,336,336,26,73,5632.0,36655.0,14308,27979,0.15364888828263537,0.20129382751349226
4529.png,Fixed,336,336,26,72,3595.0,38496.0,14112,27979,0.09338632585203657,0.12848922406090282
45394.png,DRIP,336,336,12,73,3148.0,19105.0,14308,7945,0.1647736194713426,0.3962240402769037
45394.png,Fixed,336,336,12,72,816.0,21241.0,14112,7945,0.03841627042041335,0.10270610446821901
454.png,DRIP,336,336,17,73,5520.0,33687.0,14308,24899,0.16386143022530947,0.221695650427728
454.png,Fixed,336,336,17,72,3880.0,35131.0,14112,24899,0.11044376761264979,0.15582955138760593
45406.png,DRIP,336,336,12,73,3148.0,19105.0,14308,7945,0.1647736194713426,0.3962240402769037
45406.png,Fixed,336,336,12,72,816.0,21241.0,14112,7945,0.03841627042041335,0.10270610446821901
45410.png,DRIP,336,336,12,73,3148.0,19105.0,14308,7945,0.1647736194713426,0.3962240402769037
45410.png,Fixed,336,336,12,72,816.0,21241.0,14112,7945,0.03841627042041335,0.10270610446821901
45412.png,DRIP,336,336,12,73,3148.0,19105.0,14308,7945,0.1647736194713426,0.3962240402769037
45412.png,Fixed,336,336,12,72,816.0,21241.0,14112,7945,0.03841627042041335,0.10270610446821901
45416.png,DRIP,336,336,12,73,3148.0,19105.0,14308,7945,0.1647736194713426,0.3962240402769037
45416.png,Fixed,336,336,12,72,816.0,21241.0,14112,7945,0.03841627042041335,0.10270610446821901
45422.png,DRIP,336,336,12,73,3148.0,19105.0,14308,7945,0.1647736194713426,0.3962240402769037
45422.png,Fixed,336,336,12,72,816.0,21241.0,14112,7945,0.03841627042041335,0.10270610446821901
45425.png,DRIP,336,336,12,73,3148.0,19105.0,14308,7945,0.1647736194713426,0.3962240402769037
45425.png,Fixed,336,336,12,72,816.0,21241.0,14112,7945,0.03841627042041335,0.10270610446821901
45432.png,DRIP,336,336,13,73,2954.0,18695.0,14308,7341,0.158010163145226,0.4023974935294919
45432.png,Fixed,336,336,13,72,893.0,20560.0,14112,7341,0.04343385214007782,0.12164555237706035
45457.png,DRIP,336,336,31,72,4268.0,28089.0,14112,18245,0.1519456014810068,0.233927103315977
45457.png,Fixed,336,336,31,72,2244.0,30113.0,14112,18245,0.07451931059675224,0.12299260071252398
45459.png,DRIP,336,336,31,72,4268.0,28089.0,14112,18245,0.1519456014810068,0.233927103315977
45459.png,Fixed,336,336,31,72,2244.0,30113.0,14112,18245,0.07451931059675224,0.12299260071252398
45460.png,DRIP,336,336,31,72,4268.0,28089.0,14112,18245,0.1519456014810068,0.233927103315977
45460.png,Fixed,336,336,31,72,2244.0,30113.0,14112,18245,0.07451931059675224,0.12299260071252398
45468.png,DRIP,336,336,13,73,2954.0,18695.0,14308,7341,0.158010163145226,0.4023974935294919
45468.png,Fixed,336,336,13,72,893.0,20560.0,14112,7341,0.04343385214007782,0.12164555237706035
45473.png,DRIP,336,336,13,73,2954.0,18695.0,14308,7341,0.158010163145226,0.4023974935294919
45473.png,Fixed,336,336,13,72,893.0,20560.0,14112,7341,0.04343385214007782,0.12164555237706035
45480.png,DRIP,336,336,13,73,2954.0,18695.0,14308,7341,0.158010163145226,0.4023974935294919
45480.png,Fixed,336,336,13,72,893.0,20560.0,14112,7341,0.04343385214007782,0.12164555237706035
45552.png,DRIP,336,336,13,73,2605.0,21004.0,14308,9301,0.12402399542944201,0.2800774110310719
45552.png,Fixed,336,336,13,72,1370.0,22043.0,14112,9301,0.062151249829877964,0.1472959896785292
45563.png,DRIP,336,336,13,73,2605.0,21004.0,14308,9301,0.12402399542944201,0.2800774110310719
45563.png,Fixed,336,336,13,72,1370.0,22043.0,14112,9301,0.062151249829877964,0.1472959896785292
45565.png,DRIP,336,336,13,73,2605.0,21004.0,14308,9301,0.12402399542944201,0.2800774110310719
45565.png,Fixed,336,336,13,72,1370.0,22043.0,14112,9301,0.062151249829877964,0.1472959896785292
45578.png,DRIP,336,336,13,73,2605.0,21004.0,14308,9301,0.12402399542944201,0.2800774110310719
45578.png,Fixed,336,336,13,72,1370.0,22043.0,14112,9301,0.062151249829877964,0.1472959896785292
45625.png,DRIP,336,336,1,72,253.0,14134.0,14112,275,0.017900099051931514,0.92
45625.png,Fixed,336,336,1,72,0.0,14387.0,14112,275,0.0,0.0
45638.png,DRIP,336,336,1,72,253.0,14134.0,14112,275,0.017900099051931514,0.92
45638.png,Fixed,336,336,1,72,0.0,14387.0,14112,275,0.0,0.0
45643.png,DRIP,336,336,1,72,253.0,14134.0,14112,275,0.017900099051931514,0.92
45643.png,Fixed,336,336,1,72,0.0,14387.0,14112,275,0.0,0.0
45645.png,DRIP,336,336,1,72,253.0,14134.0,14112,275,0.017900099051931514,0.92
45645.png,Fixed,336,336,1,72,0.0,14387.0,14112,275,0.0,0.0
45651.png,DRIP,336,336,1,72,253.0,14134.0,14112,275,0.017900099051931514,0.92
45651.png,Fixed,336,336,1,72,0.0,14387.0,14112,275,0.0,0.0
45658.png,DRIP,336,336,1,72,253.0,14134.0,14112,275,0.017900099051931514,0.92
45658.png,Fixed,336,336,1,72,0.0,14387.0,14112,275,0.0,0.0
45669.png,DRIP,336,336,1,72,253.0,14134.0,14112,275,0.017900099051931514,0.92
45669.png,Fixed,336,336,1,72,0.0,14387.0,14112,275,0.0,0.0
45675.png,DRIP,336,336,1,72,253.0,14134.0,14112,275,0.017900099051931514,0.92
45675.png,Fixed,336,336,1,72,0.0,14387.0,14112,275,0.0,0.0
45681.png,DRIP,336,336,1,72,253.0,14134.0,14112,275,0.017900099051931514,0.92
45681.png,Fixed,336,336,1,72,0.0,14387.0,14112,275,0.0,0.0
45683.png,DRIP,336,336,1,72,253.0,14134.0,14112,275,0.017900099051931514,0.92
45683.png,Fixed,336,336,1,72,0.0,14387.0,14112,275,0.0,0.0
45690.png,DRIP,336,336,37,73,4326.0,35513.0,14308,25531,0.12181454678568411,0.1694410716384004
45690.png,Fixed,336,336,37,72,2777.0,36866.0,14112,25531,0.07532685943687951,0.1087697309153578
45691.png,DRIP,336,336,37,73,4326.0,35513.0,14308,25531,0.12181454678568411,0.1694410716384004
45691.png,Fixed,336,336,37,72,2777.0,36866.0,14112,25531,0.07532685943687951,0.1087697309153578
45692.png,DRIP,336,336,37,73,4326.0,35513.0,14308,25531,0.12181454678568411,0.1694410716384004
45692.png,Fixed,336,336,37,72,2777.0,36866.0,14112,25531,0.07532685943687951,0.1087697309153578
45693.png,DRIP,336,336,37,73,4326.0,35513.0,14308,25531,0.12181454678568411,0.1694410716384004
45693.png,Fixed,336,336,37,72,2777.0,36866.0,14112,25531,0.07532685943687951,0.1087697309153578
45694.png,DRIP,336,336,37,73,4326.0,35513.0,14308,25531,0.12181454678568411,0.1694410716384004
45694.png,Fixed,336,336,37,72,2777.0,36866.0,14112,25531,0.07532685943687951,0.1087697309153578
457.png,DRIP,336,336,15,73,2888.0,43428.0,14308,32008,0.0665008750115133,0.0902274431392152
457.png,Fixed,336,336,15,72,4641.0,41479.0,14112,32008,0.11188794329660792,0.1449950012496876
45717.png,DRIP,336,336,25,73,5172.0,28669.0,14308,19533,0.18040392061111304,0.2647826754722777
45717.png,Fixed,336,336,25,72,3116.0,30529.0,14112,19533,0.10206688722198565,0.15952490656837148
45718.png,DRIP,336,336,25,73,5172.0,28669.0,14308,19533,0.18040392061111304,0.2647826754722777
45718.png,Fixed,336,336,25,72,3116.0,30529.0,14112,19533,0.10206688722198565,0.15952490656837148
45720.png,DRIP,336,336,25,73,5172.0,28669.0,14308,19533,0.18040392061111304,0.2647826754722777
45720.png,Fixed,336,336,25,72,3116.0,30529.0,14112,19533,0.10206688722198565,0.15952490656837148
45721.png,DRIP,336,336,25,73,5172.0,28669.0,14308,19533,0.18040392061111304,0.2647826754722777
45721.png,Fixed,336,336,25,72,3116.0,30529.0,14112,19533,0.10206688722198565,0.15952490656837148
45722.png,DRIP,336,336,65,73,3115.0,37553.0,14308,26360,0.0829494314701888,0.11817147192716236
45722.png,Fixed,336,336,65,72,3778.0,36694.0,14112,26360,0.10295961192565542,0.14332321699544764
45724.png,DRIP,336,336,25,73,5172.0,28669.0,14308,19533,0.18040392061111304,0.2647826754722777
45724.png,Fixed,336,336,25,72,3116.0,30529.0,14112,19533,0.10206688722198565,0.15952490656837148
45726.png,DRIP,336,336,65,73,3115.0,37553.0,14308,26360,0.0829494314701888,0.11817147192716236
45726.png,Fixed,336,336,65,72,3778.0,36694.0,14112,26360,0.10295961192565542,0.14332321699544764
45738.png,DRIP,336,336,18,73,7838.0,58870.0,14308,52400,0.13314081875318498,0.14958015267175573
45738.png,Fixed,336,336,18,72,6532.0,59980.0,14112,52400,0.1089029676558853,0.12465648854961832
45739.png,DRIP,336,336,18,73,7838.0,58870.0,14308,52400,0.13314081875318498,0.14958015267175573
45739.png,Fixed,336,336,18,72,6532.0,59980.0,14112,52400,0.1089029676558853,0.12465648854961832
45740.png,DRIP,336,336,18,73,7838.0,58870.0,14308,52400,0.13314081875318498,0.14958015267175573
45740.png,Fixed,336,336,18,72,6532.0,59980.0,14112,52400,0.1089029676558853,0.12465648854961832
45742.png,DRIP,336,336,18,73,7838.0,58870.0,14308,52400,0.13314081875318498,0.14958015267175573
45742.png,Fixed,336,336,18,72,6532.0,59980.0,14112,52400,0.1089029676558853,0.12465648854961832
45743.png,DRIP,336,336,18,73,7838.0,58870.0,14308,52400,0.13314081875318498,0.14958015267175573
45743.png,Fixed,336,336,18,72,6532.0,59980.0,14112,52400,0.1089029676558853,0.12465648854961832
45744.png,DRIP,336,336,18,73,7838.0,58870.0,14308,52400,0.13314081875318498,0.14958015267175573
45744.png,Fixed,336,336,18,72,6532.0,59980.0,14112,52400,0.1089029676558853,0.12465648854961832
45745.png,DRIP,336,336,18,73,7838.0,58870.0,14308,52400,0.13314081875318498,0.14958015267175573
45745.png,Fixed,336,336,18,72,6532.0,59980.0,14112,52400,0.1089029676558853,0.12465648854961832
45747.png,DRIP,336,336,18,73,7838.0,58870.0,14308,52400,0.13314081875318498,0.14958015267175573
45747.png,Fixed,336,336,18,72,6532.0,59980.0,14112,52400,0.1089029676558853,0.12465648854961832
45748.png,DRIP,336,336,18,73,7838.0,58870.0,14308,52400,0.13314081875318498,0.14958015267175573
45748.png,Fixed,336,336,18,72,6532.0,59980.0,14112,52400,0.1089029676558853,0.12465648854961832
45749.png,DRIP,336,336,18,73,7838.0,58870.0,14308,52400,0.13314081875318498,0.14958015267175573
45749.png,Fixed,336,336,18,72,6532.0,59980.0,14112,52400,0.1089029676558853,0.12465648854961832
45763.png,DRIP,336,336,15,73,3076.0,23547.0,14308,12315,0.1306323523166433,0.24977669508729192
45763.png,Fixed,336,336,15,72,1231.0,25196.0,14112,12315,0.048856961422448004,0.09995939910678035
45764.png,DRIP,336,336,15,73,3076.0,23547.0,14308,12315,0.1306323523166433,0.24977669508729192
45764.png,Fixed,336,336,15,72,1231.0,25196.0,14112,12315,0.048856961422448004,0.09995939910678035
45765.png,DRIP,336,336,15,73,3076.0,23547.0,14308,12315,0.1306323523166433,0.24977669508729192
45765.png,Fixed,336,336,15,72,1231.0,25196.0,14112,12315,0.048856961422448004,0.09995939910678035
45766.png,DRIP,336,336,15,73,3076.0,23547.0,14308,12315,0.1306323523166433,0.24977669508729192
45766.png,Fixed,336,336,15,72,1231.0,25196.0,14112,12315,0.048856961422448004,0.09995939910678035
45767.png,DRIP,336,336,5,73,1624.0,16829.0,14308,4145,0.09650008913185573,0.39179734620024126
45767.png,Fixed,336,336,5,72,352.0,17905.0,14112,4145,0.019659313041049988,0.08492159227985525
45768.png,DRIP,336,336,15,73,3076.0,23547.0,14308,12315,0.1306323523166433,0.24977669508729192
45768.png,Fixed,336,336,15,72,1231.0,25196.0,14112,12315,0.048856961422448004,0.09995939910678035
45769.png,DRIP,336,336,15,73,3076.0,23547.0,14308,12315,0.1306323523166433,0.24977669508729192
45769.png,Fixed,336,336,15,72,1231.0,25196.0,14112,12315,0.048856961422448004,0.09995939910678035
45770.png,DRIP,336,336,15,73,3076.0,23547.0,14308,12315,0.1306323523166433,0.24977669508729192
45770.png,Fixed,336,336,15,72,1231.0,25196.0,14112,12315,0.048856961422448004,0.09995939910678035
45771.png,DRIP,336,336,15,73,3076.0,23547.0,14308,12315,0.1306323523166433,0.24977669508729192
45771.png,Fixed,336,336,15,72,1231.0,25196.0,14112,12315,0.048856961422448004,0.09995939910678035
45772.png,DRIP,336,336,15,73,3076.0,23547.0,14308,12315,0.1306323523166433,0.24977669508729192
45772.png,Fixed,336,336,15,72,1231.0,25196.0,14112,12315,0.048856961422448004,0.09995939910678035
45773.png,DRIP,336,336,15,73,3076.0,23547.0,14308,12315,0.1306323523166433,0.24977669508729192
45773.png,Fixed,336,336,15,72,1231.0,25196.0,14112,12315,0.048856961422448004,0.09995939910678035
45777.png,DRIP,336,336,5,73,1624.0,16829.0,14308,4145,0.09650008913185573,0.39179734620024126
45777.png,Fixed,336,336,5,72,352.0,17905.0,14112,4145,0.019659313041049988,0.08492159227985525
45786.png,DRIP,336,336,5,73,1624.0,16829.0,14308,4145,0.09650008913185573,0.39179734620024126
45786.png,Fixed,336,336,5,72,352.0,17905.0,14112,4145,0.019659313041049988,0.08492159227985525
45789.png,DRIP,336,336,5,73,1624.0,16829.0,14308,4145,0.09650008913185573,0.39179734620024126
45789.png,Fixed,336,336,5,72,352.0,17905.0,14112,4145,0.019659313041049988,0.08492159227985525
45792.png,DRIP,336,336,5,73,1624.0,16829.0,14308,4145,0.09650008913185573,0.39179734620024126
45792.png,Fixed,336,336,5,72,352.0,17905.0,14112,4145,0.019659313041049988,0.08492159227985525
45796.png,DRIP,336,336,11,73,3273.0,23569.0,14308,12534,0.13886885315456743,0.2611297271421733
45796.png,Fixed,336,336,11,72,1508.0,25138.0,14112,12534,0.05998886148460498,0.12031274932184459
45797.png,DRIP,336,336,11,73,3273.0,23569.0,14308,12534,0.13886885315456743,0.2611297271421733
45797.png,Fixed,336,336,11,72,1508.0,25138.0,14112,12534,0.05998886148460498,0.12031274932184459
45798.png,DRIP,336,336,11,73,3273.0,23569.0,14308,12534,0.13886885315456743,0.2611297271421733
45798.png,Fixed,336,336,11,72,1508.0,25138.0,14112,12534,0.05998886148460498,0.12031274932184459
45799.png,DRIP,336,336,5,73,1624.0,16829.0,14308,4145,0.09650008913185573,0.39179734620024126
45799.png,Fixed,336,336,5,72,352.0,17905.0,14112,4145,0.019659313041049988,0.08492159227985525
458.png,DRIP,336,336,15,73,2888.0,43428.0,14308,32008,0.0665008750115133,0.0902274431392152
458.png,Fixed,336,336,15,72,4641.0,41479.0,14112,32008,0.11188794329660792,0.1449950012496876
45800.png,DRIP,336,336,8,73,4486.0,18800.0,14308,8978,0.23861702127659573,0.4996658498552016
45800.png,Fixed,336,336,8,72,1299.0,21791.0,14112,8978,0.059611766325547245,0.1446870126977055
45801.png,DRIP,336,336,8,73,4486.0,18800.0,14308,8978,0.23861702127659573,0.4996658498552016
45801.png,Fixed,336,336,8,72,1299.0,21791.0,14112,8978,0.059611766325547245,0.1446870126977055
45802.png,DRIP,336,336,4,73,1704.0,15402.0,14308,2798,0.11063498246980911,0.6090064331665476
45802.png,Fixed,336,336,4,72,378.0,16532.0,14112,2798,0.022864747157028794,0.135096497498213
45804.png,DRIP,336,336,9,73,1354.0,17231.0,14308,4277,0.07857930474145436,0.3165770399812953
45804.png,Fixed,336,336,9,72,1196.0,17193.0,14112,4277,0.0695631943232711,0.2796352583586626
45805.png,DRIP,336,336,9,73,1354.0,17231.0,14308,4277,0.07857930474145436,0.3165770399812953
45805.png,Fixed,336,336,9,72,1196.0,17193.0,14112,4277,0.0695631943232711,0.2796352583586626
45813.png,DRIP,336,336,0,72,,,14112,0,,
45813.png,Fixed,336,336,0,72,,,14112,0,,
45814.png,DRIP,336,336,0,72,,,14112,0,,
45814.png,Fixed,336,336,0,72,,,14112,0,,
45817.png,DRIP,336,336,3,73,463.0,15609.0,14308,1764,0.029662374271253764,0.2624716553287982
45817.png,Fixed,336,336,3,72,22.0,15854.0,14112,1764,0.0013876624195786552,0.012471655328798186
45821.png,DRIP,336,336,4,73,630.0,17419.0,14308,3741,0.036167403410069465,0.16840417000801924
45821.png,Fixed,336,336,4,72,389.0,17464.0,14112,3741,0.022274393037104902,0.10398289227479283
45822.png,DRIP,336,336,4,73,630.0,17419.0,14308,3741,0.036167403410069465,0.16840417000801924
45822.png,Fixed,336,336,4,72,389.0,17464.0,14112,3741,0.022274393037104902,0.10398289227479283
45823.png,DRIP,336,336,4,73,630.0,17419.0,14308,3741,0.036167403410069465,0.16840417000801924
45823.png,Fixed,336,336,4,72,389.0,17464.0,14112,3741,0.022274393037104902,0.10398289227479283
45824.png,DRIP,336,336,4,73,630.0,17419.0,14308,3741,0.036167403410069465,0.16840417000801924
45824.png,Fixed,336,336,4,72,389.0,17464.0,14112,3741,0.022274393037104902,0.10398289227479283
45827.png,DRIP,336,336,15,73,5267.0,25014.0,14308,15973,0.21056208523226994,0.3297439429036499
45827.png,Fixed,336,336,15,72,1709.0,28376.0,14112,15973,0.06022695235410206,0.10699305077317973
45833.png,DRIP,336,336,14,73,1313.0,18363.0,14308,5368,0.07150247780863693,0.24459761549925485
45833.png,Fixed,336,336,14,72,807.0,18673.0,14112,5368,0.04321747978364483,0.15033532041728764
45834.png,DRIP,336,336,14,73,1313.0,18363.0,14308,5368,0.07150247780863693,0.24459761549925485
45834.png,Fixed,336,336,14,72,807.0,18673.0,14112,5368,0.04321747978364483,0.15033532041728764
45835.png,DRIP,336,336,14,73,1313.0,18363.0,14308,5368,0.07150247780863693,0.24459761549925485
45835.png,Fixed,336,336,14,72,807.0,18673.0,14112,5368,0.04321747978364483,0.15033532041728764
45836.png,DRIP,336,336,14,73,1313.0,18363.0,14308,5368,0.07150247780863693,0.24459761549925485
45836.png,Fixed,336,336,14,72,807.0,18673.0,14112,5368,0.04321747978364483,0.15033532041728764
45837.png,DRIP,336,336,14,73,1313.0,18363.0,14308,5368,0.07150247780863693,0.24459761549925485
45837.png,Fixed,336,336,14,72,807.0,18673.0,14112,5368,0.04321747978364483,0.15033532041728764
45838.png,DRIP,336,336,14,73,1313.0,18363.0,14308,5368,0.07150247780863693,0.24459761549925485
45838.png,Fixed,336,336,14,72,807.0,18673.0,14112,5368,0.04321747978364483,0.15033532041728764
45839.png,DRIP,336,336,14,73,1313.0,18363.0,14308,5368,0.07150247780863693,0.24459761549925485
45839.png,Fixed,336,336,14,72,807.0,18673.0,14112,5368,0.04321747978364483,0.15033532041728764
45840.png,DRIP,336,336,14,73,1313.0,18363.0,14308,5368,0.07150247780863693,0.24459761549925485
45840.png,Fixed,336,336,14,72,807.0,18673.0,14112,5368,0.04321747978364483,0.15033532041728764
45841.png,DRIP,336,336,14,73,1313.0,18363.0,14308,5368,0.07150247780863693,0.24459761549925485
45841.png,Fixed,336,336,14,72,807.0,18673.0,14112,5368,0.04321747978364483,0.15033532041728764
45842.png,DRIP,336,336,14,73,1313.0,18363.0,14308,5368,0.07150247780863693,0.24459761549925485
45842.png,Fixed,336,336,14,72,807.0,18673.0,14112,5368,0.04321747978364483,0.15033532041728764
4592.png,DRIP,336,336,36,73,5392.0,34880.0,14308,25964,0.15458715596330275,0.20767216145432138
4592.png,Fixed,336,336,36,72,3639.0,36437.0,14112,25964,0.09987101023684716,0.14015560006162378
4593.png,DRIP,336,336,36,73,5392.0,34880.0,14308,25964,0.15458715596330275,0.20767216145432138
4593.png,Fixed,336,336,36,72,3639.0,36437.0,14112,25964,0.09987101023684716,0.14015560006162378
4594.png,DRIP,336,336,36,73,5392.0,34880.0,14308,25964,0.15458715596330275,0.20767216145432138
4594.png,Fixed,336,336,36,72,3639.0,36437.0,14112,25964,0.09987101023684716,0.14015560006162378
461.png,DRIP,336,336,15,73,2888.0,43428.0,14308,32008,0.0665008750115133,0.0902274431392152
461.png,Fixed,336,336,15,72,4641.0,41479.0,14112,32008,0.11188794329660792,0.1449950012496876
46109.png,DRIP,336,336,11,73,9764.0,72123.0,14308,67579,0.13537983722252264,0.14448275351810475
46109.png,Fixed,336,336,11,72,8261.0,73430.0,14112,67579,0.11250170230151164,0.12224211663386556
46110.png,DRIP,336,336,11,73,9764.0,72123.0,14308,67579,0.13537983722252264,0.14448275351810475
46110.png,Fixed,336,336,11,72,8261.0,73430.0,14112,67579,0.11250170230151164,0.12224211663386556
46111.png,DRIP,336,336,11,73,9764.0,72123.0,14308,67579,0.13537983722252264,0.14448275351810475
46111.png,Fixed,336,336,11,72,8261.0,73430.0,14112,67579,0.11250170230151164,0.12224211663386556
46117.png,DRIP,336,336,14,73,3842.0,22172.0,14308,11706,0.17328161645318418,0.32820775670596275
46117.png,Fixed,336,336,14,72,1650.0,24168.0,14112,11706,0.0682720953326713,0.14095335725269093
46119.png,DRIP,336,336,14,73,3842.0,22172.0,14308,11706,0.17328161645318418,0.32820775670596275
46119.png,Fixed,336,336,14,72,1650.0,24168.0,14112,11706,0.0682720953326713,0.14095335725269093
46120.png,DRIP,336,336,14,73,3842.0,22172.0,14308,11706,0.17328161645318418,0.32820775670596275
46120.png,Fixed,336,336,14,72,1650.0,24168.0,14112,11706,0.0682720953326713,0.14095335725269093
46121.png,DRIP,336,336,14,73,3842.0,22172.0,14308,11706,0.17328161645318418,0.32820775670596275
46121.png,Fixed,336,336,14,72,1650.0,24168.0,14112,11706,0.0682720953326713,0.14095335725269093
46123.png,DRIP,336,336,14,73,3842.0,22172.0,14308,11706,0.17328161645318418,0.32820775670596275
46123.png,Fixed,336,336,14,72,1650.0,24168.0,14112,11706,0.0682720953326713,0.14095335725269093
46125.png,DRIP,336,336,14,73,3842.0,22172.0,14308,11706,0.17328161645318418,0.32820775670596275
46125.png,Fixed,336,336,14,72,1650.0,24168.0,14112,11706,0.0682720953326713,0.14095335725269093
46126.png,DRIP,336,336,14,73,3842.0,22172.0,14308,11706,0.17328161645318418,0.32820775670596275
46126.png,Fixed,336,336,14,72,1650.0,24168.0,14112,11706,0.0682720953326713,0.14095335725269093
46128.png,DRIP,336,336,14,73,3842.0,22172.0,14308,11706,0.17328161645318418,0.32820775670596275
46128.png,Fixed,336,336,14,72,1650.0,24168.0,14112,11706,0.0682720953326713,0.14095335725269093
4619.png,DRIP,336,336,36,73,5392.0,34880.0,14308,25964,0.15458715596330275,0.20767216145432138
4619.png,Fixed,336,336,36,72,3639.0,36437.0,14112,25964,0.09987101023684716,0.14015560006162378
46215.png,DRIP,336,336,4,73,266.0,15582.0,14308,1540,0.017070979335130278,0.17272727272727273
46215.png,Fixed,336,336,4,72,330.0,15322.0,14112,1540,0.021537658269155463,0.21428571428571427
46216.png,DRIP,336,336,4,73,266.0,15582.0,14308,1540,0.017070979335130278,0.17272727272727273
46216.png,Fixed,336,336,4,72,330.0,15322.0,14112,1540,0.021537658269155463,0.21428571428571427
46226.png,DRIP,336,336,4,73,266.0,15582.0,14308,1540,0.017070979335130278,0.17272727272727273
46226.png,Fixed,336,336,4,72,330.0,15322.0,14112,1540,0.021537658269155463,0.21428571428571427
46228.png,DRIP,336,336,4,73,266.0,15582.0,14308,1540,0.017070979335130278,0.17272727272727273
46228.png,Fixed,336,336,4,72,330.0,15322.0,14112,1540,0.021537658269155463,0.21428571428571427
46230.png,DRIP,336,336,19,73,1824.0,21475.0,14308,8991,0.0849359720605355,0.20286953620286954
46230.png,Fixed,336,336,19,72,1232.0,21871.0,14112,8991,0.056330300397787025,0.13702591480369258
46233.png,DRIP,336,336,19,73,1824.0,21475.0,14308,8991,0.0849359720605355,0.20286953620286954
46233.png,Fixed,336,336,19,72,1232.0,21871.0,14112,8991,0.056330300397787025,0.13702591480369258
46236.png,DRIP,336,336,19,73,1824.0,21475.0,14308,8991,0.0849359720605355,0.20286953620286954
46236.png,Fixed,336,336,19,72,1232.0,21871.0,14112,8991,0.056330300397787025,0.13702591480369258
46238.png,DRIP,336,336,19,73,1824.0,21475.0,14308,8991,0.0849359720605355,0.20286953620286954
46238.png,Fixed,336,336,19,72,1232.0,21871.0,14112,8991,0.056330300397787025,0.13702591480369258
46274.png,DRIP,336,336,16,73,9067.0,66209.0,14308,60968,0.13694512830581945,0.14871735992651883
46274.png,Fixed,336,336,16,72,6991.0,68089.0,14112,60968,0.10267444080541643,0.1146667104054586
46277.png,DRIP,336,336,11,73,2590.0,20229.0,14308,8511,0.12803401057887193,0.30431206673716366
46277.png,Fixed,336,336,11,72,904.0,21719.0,14112,8511,0.04162254247433123,0.10621548584185173
46280.png,DRIP,336,336,16,73,9067.0,66209.0,14308,60968,0.13694512830581945,0.14871735992651883
46280.png,Fixed,336,336,16,72,6991.0,68089.0,14112,60968,0.10267444080541643,0.1146667104054586
46281.png,DRIP,336,336,11,73,2590.0,20229.0,14308,8511,0.12803401057887193,0.30431206673716366
46281.png,Fixed,336,336,11,72,904.0,21719.0,14112,8511,0.04162254247433123,0.10621548584185173
46283.png,DRIP,336,336,11,73,2590.0,20229.0,14308,8511,0.12803401057887193,0.30431206673716366
46283.png,Fixed,336,336,11,72,904.0,21719.0,14112,8511,0.04162254247433123,0.10621548584185173
46289.png,DRIP,336,336,11,73,2590.0,20229.0,14308,8511,0.12803401057887193,0.30431206673716366
46289.png,Fixed,336,336,11,72,904.0,21719.0,14112,8511,0.04162254247433123,0.10621548584185173
46295.png,DRIP,336,336,11,73,2590.0,20229.0,14308,8511,0.12803401057887193,0.30431206673716366
46295.png,Fixed,336,336,11,72,904.0,21719.0,14112,8511,0.04162254247433123,0.10621548584185173
46299.png,DRIP,336,336,3,73,1487.0,16875.0,14308,4054,0.08811851851851851,0.36679822397631967
46299.png,Fixed,336,336,3,72,406.0,17760.0,14112,4054,0.02286036036036036,0.10014800197335964
463.png,DRIP,336,336,15,73,2888.0,43428.0,14308,32008,0.0665008750115133,0.0902274431392152
463.png,Fixed,336,336,15,72,4641.0,41479.0,14112,32008,0.11188794329660792,0.1449950012496876
46309.png,DRIP,336,336,3,73,1487.0,16875.0,14308,4054,0.08811851851851851,0.36679822397631967
46309.png,Fixed,336,336,3,72,406.0,17760.0,14112,4054,0.02286036036036036,0.10014800197335964
46311.png,DRIP,336,336,3,73,1487.0,16875.0,14308,4054,0.08811851851851851,0.36679822397631967
46311.png,Fixed,336,336,3,72,406.0,17760.0,14112,4054,0.02286036036036036,0.10014800197335964
46314.png,DRIP,336,336,3,73,1487.0,16875.0,14308,4054,0.08811851851851851,0.36679822397631967
46314.png,Fixed,336,336,3,72,406.0,17760.0,14112,4054,0.02286036036036036,0.10014800197335964
46319.png,DRIP,336,336,3,73,1487.0,16875.0,14308,4054,0.08811851851851851,0.36679822397631967
46319.png,Fixed,336,336,3,72,406.0,17760.0,14112,4054,0.02286036036036036,0.10014800197335964
46327.png,DRIP,336,336,22,73,5168.0,38036.0,14308,28896,0.13587127984015143,0.1788482834994463
46327.png,Fixed,336,336,22,72,3125.0,39883.0,14112,28896,0.07835418599403254,0.10814645625692137
46329.png,DRIP,336,336,22,73,5168.0,38036.0,14308,28896,0.13587127984015143,0.1788482834994463
46329.png,Fixed,336,336,22,72,3125.0,39883.0,14112,28896,0.07835418599403254,0.10814645625692137
46331.png,DRIP,336,336,3,73,1487.0,16875.0,14308,4054,0.08811851851851851,0.36679822397631967
46331.png,Fixed,336,336,3,72,406.0,17760.0,14112,4054,0.02286036036036036,0.10014800197335964
46334.png,DRIP,336,336,22,73,5168.0,38036.0,14308,28896,0.13587127984015143,0.1788482834994463
46334.png,Fixed,336,336,22,72,3125.0,39883.0,14112,28896,0.07835418599403254,0.10814645625692137
46341.png,DRIP,336,336,22,73,5168.0,38036.0,14308,28896,0.13587127984015143,0.1788482834994463
46341.png,Fixed,336,336,22,72,3125.0,39883.0,14112,28896,0.07835418599403254,0.10814645625692137
46348.png,DRIP,336,336,3,73,1487.0,16875.0,14308,4054,0.08811851851851851,0.36679822397631967
46348.png,Fixed,336,336,3,72,406.0,17760.0,14112,4054,0.02286036036036036,0.10014800197335964
46351.png,DRIP,336,336,22,73,5168.0,38036.0,14308,28896,0.13587127984015143,0.1788482834994463
46351.png,Fixed,336,336,22,72,3125.0,39883.0,14112,28896,0.07835418599403254,0.10814645625692137
46360.png,DRIP,336,336,22,73,5168.0,38036.0,14308,28896,0.13587127984015143,0.1788482834994463
46360.png,Fixed,336,336,22,72,3125.0,39883.0,14112,28896,0.07835418599403254,0.10814645625692137
46363.png,DRIP,336,336,22,73,5168.0,38036.0,14308,28896,0.13587127984015143,0.1788482834994463
46363.png,Fixed,336,336,22,72,3125.0,39883.0,14112,28896,0.07835418599403254,0.10814645625692137
46366.png,DRIP,336,336,41,73,2368.0,29135.0,14308,17195,0.08127681482752704,0.1377144518755452
46366.png,Fixed,336,336,41,72,1929.0,29378.0,14112,17195,0.06566137926339438,0.1121837743530096
46369.png,DRIP,336,336,22,73,5168.0,38036.0,14308,28896,0.13587127984015143,0.1788482834994463
46369.png,Fixed,336,336,22,72,3125.0,39883.0,14112,28896,0.07835418599403254,0.10814645625692137
46375.png,DRIP,336,336,41,73,2368.0,29135.0,14308,17195,0.08127681482752704,0.1377144518755452
46375.png,Fixed,336,336,41,72,1929.0,29378.0,14112,17195,0.06566137926339438,0.1121837743530096
46396.png,DRIP,336,336,54,73,5901.0,26422.0,14308,18015,0.22333661342820377,0.32756036636136554
46396.png,Fixed,336,336,54,72,2591.0,29536.0,14112,18015,0.08772345612134344,0.14382459061892866
46401.png,DRIP,336,336,54,73,5901.0,26422.0,14308,18015,0.22333661342820377,0.32756036636136554
46401.png,Fixed,336,336,54,72,2591.0,29536.0,14112,18015,0.08772345612134344,0.14382459061892866
46414.png,DRIP,336,336,7,73,5858.0,32744.0,14308,24294,0.17890300513071097,0.24112949699514283
46414.png,Fixed,336,336,7,72,3073.0,35333.0,14112,24294,0.08697251860866612,0.1264921379764551
46415.png,DRIP,336,336,11,73,5950.0,25999.0,14308,17641,0.22885495595984462,0.33728246698032993
46415.png,Fixed,336,336,11,72,1966.0,29787.0,14112,17641,0.06600194715815624,0.11144492942576951
46416.png,DRIP,336,336,7,73,5858.0,32744.0,14308,24294,0.17890300513071097,0.24112949699514283
46416.png,Fixed,336,336,7,72,3073.0,35333.0,14112,24294,0.08697251860866612,0.1264921379764551
46418.png,DRIP,336,336,11,73,5950.0,25999.0,14308,17641,0.22885495595984462,0.33728246698032993
46418.png,Fixed,336,336,11,72,1966.0,29787.0,14112,17641,0.06600194715815624,0.11144492942576951
46419.png,DRIP,336,336,7,73,5858.0,32744.0,14308,24294,0.17890300513071097,0.24112949699514283
46419.png,Fixed,336,336,7,72,3073.0,35333.0,14112,24294,0.08697251860866612,0.1264921379764551
46421.png,DRIP,336,336,120,72,5660.0,62907.0,14112,54455,0.08997408873416313,0.1039390322284455
46421.png,Fixed,336,336,120,72,6989.0,61578.0,14112,54455,0.11349832732469388,0.12834450463685612
46431.png,DRIP,336,336,120,72,5660.0,62907.0,14112,54455,0.08997408873416313,0.1039390322284455
46431.png,Fixed,336,336,120,72,6989.0,61578.0,14112,54455,0.11349832732469388,0.12834450463685612
46435.png,DRIP,336,336,120,72,5660.0,62907.0,14112,54455,0.08997408873416313,0.1039390322284455
46435.png,Fixed,336,336,120,72,6989.0,61578.0,14112,54455,0.11349832732469388,0.12834450463685612
46442.png,DRIP,336,336,3,73,804.0,14946.0,14308,1442,0.05379365716579687,0.5575589459084604
46442.png,Fixed,336,336,3,72,368.0,15186.0,14112,1442,0.02423284604240748,0.2552011095700416
46446.png,DRIP,336,336,3,73,804.0,14946.0,14308,1442,0.05379365716579687,0.5575589459084604
46446.png,Fixed,336,336,3,72,368.0,15186.0,14112,1442,0.02423284604240748,0.2552011095700416
46447.png,DRIP,336,336,3,73,804.0,14946.0,14308,1442,0.05379365716579687,0.5575589459084604
46447.png,Fixed,336,336,3,72,368.0,15186.0,14112,1442,0.02423284604240748,0.2552011095700416
46449.png,DRIP,336,336,3,73,804.0,14946.0,14308,1442,0.05379365716579687,0.5575589459084604
46449.png,Fixed,336,336,3,72,368.0,15186.0,14112,1442,0.02423284604240748,0.2552011095700416
46451.png,DRIP,336,336,3,73,804.0,14946.0,14308,1442,0.05379365716579687,0.5575589459084604
46451.png,Fixed,336,336,3,72,368.0,15186.0,14112,1442,0.02423284604240748,0.2552011095700416
46456.png,DRIP,336,336,9,73,1902.0,20823.0,14308,8417,0.09134130528742256,0.22597124866341928
46456.png,Fixed,336,336,9,72,802.0,21727.0,14112,8417,0.03691259722925393,0.09528335511464893
46457.png,DRIP,336,336,9,73,1902.0,20823.0,14308,8417,0.09134130528742256,0.22597124866341928
46457.png,Fixed,336,336,9,72,802.0,21727.0,14112,8417,0.03691259722925393,0.09528335511464893
46458.png,DRIP,336,336,9,73,1902.0,20823.0,14308,8417,0.09134130528742256,0.22597124866341928
46458.png,Fixed,336,336,9,72,802.0,21727.0,14112,8417,0.03691259722925393,0.09528335511464893
46459.png,DRIP,336,336,9,73,1902.0,20823.0,14308,8417,0.09134130528742256,0.22597124866341928
46459.png,Fixed,336,336,9,72,802.0,21727.0,14112,8417,0.03691259722925393,0.09528335511464893
46460.png,DRIP,336,336,9,73,1902.0,20823.0,14308,8417,0.09134130528742256,0.22597124866341928
46460.png,Fixed,336,336,9,72,802.0,21727.0,14112,8417,0.03691259722925393,0.09528335511464893
46461.png,DRIP,336,336,9,73,1902.0,20823.0,14308,8417,0.09134130528742256,0.22597124866341928
46461.png,Fixed,336,336,9,72,802.0,21727.0,14112,8417,0.03691259722925393,0.09528335511464893
46495.png,DRIP,336,336,41,73,4224.0,43756.0,14308,33672,0.09653533229728495,0.12544547398431932
46495.png,Fixed,336,336,41,72,5769.0,42015.0,14112,33672,0.1373081042484827,0.17132929436920885
46496.png,DRIP,336,336,41,73,4224.0,43756.0,14308,33672,0.09653533229728495,0.12544547398431932
46496.png,Fixed,336,336,41,72,5769.0,42015.0,14112,33672,0.1373081042484827,0.17132929436920885
46497.png,DRIP,336,336,41,73,4224.0,43756.0,14308,33672,0.09653533229728495,0.12544547398431932
46497.png,Fixed,336,336,41,72,5769.0,42015.0,14112,33672,0.1373081042484827,0.17132929436920885
46498.png,DRIP,336,336,41,73,4224.0,43756.0,14308,33672,0.09653533229728495,0.12544547398431932
46498.png,Fixed,336,336,41,72,5769.0,42015.0,14112,33672,0.1373081042484827,0.17132929436920885
46499.png,DRIP,336,336,41,73,4224.0,43756.0,14308,33672,0.09653533229728495,0.12544547398431932
46499.png,Fixed,336,336,41,72,5769.0,42015.0,14112,33672,0.1373081042484827,0.17132929436920885
46501.png,DRIP,336,336,41,73,4224.0,43756.0,14308,33672,0.09653533229728495,0.12544547398431932
46501.png,Fixed,336,336,41,72,5769.0,42015.0,14112,33672,0.1373081042484827,0.17132929436920885
46502.png,DRIP,336,336,0,73,,,14308,0,,
46502.png,Fixed,336,336,0,72,,,14112,0,,
46503.png,DRIP,336,336,41,73,4224.0,43756.0,14308,33672,0.09653533229728495,0.12544547398431932
46503.png,Fixed,336,336,41,72,5769.0,42015.0,14112,33672,0.1373081042484827,0.17132929436920885
46506.png,DRIP,336,336,0,73,,,14308,0,,
46506.png,Fixed,336,336,0,72,,,14112,0,,
46507.png,DRIP,336,336,41,73,4224.0,43756.0,14308,33672,0.09653533229728495,0.12544547398431932
46507.png,Fixed,336,336,41,72,5769.0,42015.0,14112,33672,0.1373081042484827,0.17132929436920885
46509.png,DRIP,336,336,41,73,4224.0,43756.0,14308,33672,0.09653533229728495,0.12544547398431932
46509.png,Fixed,336,336,41,72,5769.0,42015.0,14112,33672,0.1373081042484827,0.17132929436920885
46511.png,DRIP,336,336,0,73,,,14308,0,,
46511.png,Fixed,336,336,0,72,,,14112,0,,
46513.png,DRIP,336,336,0,73,,,14308,0,,
46513.png,Fixed,336,336,0,72,,,14112,0,,
46555.png,DRIP,336,336,31,72,4534.0,34024.0,14112,24446,0.13325887608746767,0.18547001554446535
46555.png,Fixed,336,336,31,72,2287.0,36271.0,14112,24446,0.0630531278431805,0.09355313752761188
46560.png,DRIP,336,336,31,72,4534.0,34024.0,14112,24446,0.13325887608746767,0.18547001554446535
46560.png,Fixed,336,336,31,72,2287.0,36271.0,14112,24446,0.0630531278431805,0.09355313752761188
46569.png,DRIP,336,336,31,72,4534.0,34024.0,14112,24446,0.13325887608746767,0.18547001554446535
46569.png,Fixed,336,336,31,72,2287.0,36271.0,14112,24446,0.0630531278431805,0.09355313752761188
46575.png,DRIP,336,336,31,72,4534.0,34024.0,14112,24446,0.13325887608746767,0.18547001554446535
46575.png,Fixed,336,336,31,72,2287.0,36271.0,14112,24446,0.0630531278431805,0.09355313752761188
46580.png,DRIP,336,336,41,72,6341.0,41849.0,14112,34078,0.15152094434753519,0.1860731263571806
46580.png,Fixed,336,336,41,72,4282.0,43908.0,14112,34078,0.09752209164616926,0.12565291390339808
46583.png,DRIP,336,336,41,72,6341.0,41849.0,14112,34078,0.15152094434753519,0.1860731263571806
46583.png,Fixed,336,336,41,72,4282.0,43908.0,14112,34078,0.09752209164616926,0.12565291390339808
46584.png,DRIP,336,336,41,72,6341.0,41849.0,14112,34078,0.15152094434753519,0.1860731263571806
46584.png,Fixed,336,336,41,72,4282.0,43908.0,14112,34078,0.09752209164616926,0.12565291390339808
46585.png,DRIP,336,336,41,72,6341.0,41849.0,14112,34078,0.15152094434753519,0.1860731263571806
46585.png,Fixed,336,336,41,72,4282.0,43908.0,14112,34078,0.09752209164616926,0.12565291390339808
46619.png,DRIP,336,336,4,72,1767.0,15500.0,14112,3155,0.114,0.5600633914421553
46619.png,Fixed,336,336,4,72,353.0,16914.0,14112,3155,0.020870284971029916,0.11188589540412044
46620.png,DRIP,336,336,4,72,1767.0,15500.0,14112,3155,0.114,0.5600633914421553
46620.png,Fixed,336,336,4,72,353.0,16914.0,14112,3155,0.020870284971029916,0.11188589540412044
46621.png,DRIP,336,336,4,72,1767.0,15500.0,14112,3155,0.114,0.5600633914421553
46621.png,Fixed,336,336,4,72,353.0,16914.0,14112,3155,0.020870284971029916,0.11188589540412044
46622.png,DRIP,336,336,4,72,1767.0,15500.0,14112,3155,0.114,0.5600633914421553
46622.png,Fixed,336,336,4,72,353.0,16914.0,14112,3155,0.020870284971029916,0.11188589540412044
46623.png,DRIP,336,336,4,72,1767.0,15500.0,14112,3155,0.114,0.5600633914421553
46623.png,Fixed,336,336,4,72,353.0,16914.0,14112,3155,0.020870284971029916,0.11188589540412044
46624.png,DRIP,336,336,4,72,1767.0,15500.0,14112,3155,0.114,0.5600633914421553
46624.png,Fixed,336,336,4,72,353.0,16914.0,14112,3155,0.020870284971029916,0.11188589540412044
46630.png,DRIP,336,336,65,73,3282.0,36819.0,14308,25793,0.08913875987941008,0.1272438258442213
46630.png,Fixed,336,336,65,72,3765.0,36140.0,14112,25793,0.10417819590481461,0.14596983677742023
46631.png,DRIP,336,336,65,73,3282.0,36819.0,14308,25793,0.08913875987941008,0.1272438258442213
46631.png,Fixed,336,336,65,72,3765.0,36140.0,14112,25793,0.10417819590481461,0.14596983677742023
46632.png,DRIP,336,336,4,73,2547.0,18779.0,14308,7018,0.13563022525161084,0.3629239099458535
46632.png,Fixed,336,336,4,72,446.0,20684.0,14112,7018,0.02156256043318507,0.06355086919350242
46633.png,DRIP,336,336,4,73,2547.0,18779.0,14308,7018,0.13563022525161084,0.3629239099458535
46633.png,Fixed,336,336,4,72,446.0,20684.0,14112,7018,0.02156256043318507,0.06355086919350242
46635.png,DRIP,336,336,4,73,2547.0,18779.0,14308,7018,0.13563022525161084,0.3629239099458535
46635.png,Fixed,336,336,4,72,446.0,20684.0,14112,7018,0.02156256043318507,0.06355086919350242
46637.png,DRIP,336,336,4,73,2547.0,18779.0,14308,7018,0.13563022525161084,0.3629239099458535
46637.png,Fixed,336,336,4,72,446.0,20684.0,14112,7018,0.02156256043318507,0.06355086919350242
46639.png,DRIP,336,336,4,73,2547.0,18779.0,14308,7018,0.13563022525161084,0.3629239099458535
46639.png,Fixed,336,336,4,72,446.0,20684.0,14112,7018,0.02156256043318507,0.06355086919350242
46643.png,DRIP,336,336,4,73,2547.0,18779.0,14308,7018,0.13563022525161084,0.3629239099458535
46643.png,Fixed,336,336,4,72,446.0,20684.0,14112,7018,0.02156256043318507,0.06355086919350242
46645.png,DRIP,336,336,4,73,2547.0,18779.0,14308,7018,0.13563022525161084,0.3629239099458535
46645.png,Fixed,336,336,4,72,446.0,20684.0,14112,7018,0.02156256043318507,0.06355086919350242
46667.png,DRIP,336,336,7,73,1876.0,20013.0,14308,7581,0.0937390696047569,0.247460757156048
46667.png,Fixed,336,336,7,72,765.0,20928.0,14112,7581,0.03655389908256881,0.10091017016224772
46672.png,DRIP,336,336,7,73,1876.0,20013.0,14308,7581,0.0937390696047569,0.247460757156048
46672.png,Fixed,336,336,7,72,765.0,20928.0,14112,7581,0.03655389908256881,0.10091017016224772
46676.png,DRIP,336,336,7,73,1876.0,20013.0,14308,7581,0.0937390696047569,0.247460757156048
46676.png,Fixed,336,336,7,72,765.0,20928.0,14112,7581,0.03655389908256881,0.10091017016224772
46684.png,DRIP,336,336,7,73,1876.0,20013.0,14308,7581,0.0937390696047569,0.247460757156048
46684.png,Fixed,336,336,7,72,765.0,20928.0,14112,7581,0.03655389908256881,0.10091017016224772
46706.png,DRIP,336,336,34,73,3161.0,37053.0,14308,25906,0.08531023129031387,0.1220180653130549
46706.png,Fixed,336,336,34,72,3189.0,36829.0,14112,25906,0.08658937250536262,0.12309889600864665
46708.png,DRIP,336,336,34,73,3161.0,37053.0,14308,25906,0.08531023129031387,0.1220180653130549
46708.png,Fixed,336,336,34,72,3189.0,36829.0,14112,25906,0.08658937250536262,0.12309889600864665
46719.png,DRIP,336,336,34,73,3161.0,37053.0,14308,25906,0.08531023129031387,0.1220180653130549
46719.png,Fixed,336,336,34,72,3189.0,36829.0,14112,25906,0.08658937250536262,0.12309889600864665
46724.png,DRIP,336,336,23,73,5169.0,31649.0,14308,22510,0.16332269581977313,0.22963127498889382
46724.png,Fixed,336,336,23,72,2949.0,33673.0,14112,22510,0.08757758441481306,0.13100844069302534
46729.png,DRIP,336,336,23,73,5169.0,31649.0,14308,22510,0.16332269581977313,0.22963127498889382
46729.png,Fixed,336,336,23,72,2949.0,33673.0,14112,22510,0.08757758441481306,0.13100844069302534
46737.png,DRIP,336,336,23,73,5169.0,31649.0,14308,22510,0.16332269581977313,0.22963127498889382
46737.png,Fixed,336,336,23,72,2949.0,33673.0,14112,22510,0.08757758441481306,0.13100844069302534
46744.png,DRIP,336,336,23,73,5169.0,31649.0,14308,22510,0.16332269581977313,0.22963127498889382
46744.png,Fixed,336,336,23,72,2949.0,33673.0,14112,22510,0.08757758441481306,0.13100844069302534
46749.png,DRIP,336,336,23,73,5169.0,31649.0,14308,22510,0.16332269581977313,0.22963127498889382
46749.png,Fixed,336,336,23,72,2949.0,33673.0,14112,22510,0.08757758441481306,0.13100844069302534
46758.png,DRIP,336,336,23,73,5169.0,31649.0,14308,22510,0.16332269581977313,0.22963127498889382
46758.png,Fixed,336,336,23,72,2949.0,33673.0,14112,22510,0.08757758441481306,0.13100844069302534
46783.png,DRIP,336,336,23,73,5169.0,31649.0,14308,22510,0.16332269581977313,0.22963127498889382
46783.png,Fixed,336,336,23,72,2949.0,33673.0,14112,22510,0.08757758441481306,0.13100844069302534
46805.png,DRIP,336,336,23,73,5169.0,31649.0,14308,22510,0.16332269581977313,0.22963127498889382
46805.png,Fixed,336,336,23,72,2949.0,33673.0,14112,22510,0.08757758441481306,0.13100844069302534
46982.png,DRIP,336,336,41,72,6341.0,41849.0,14112,34078,0.15152094434753519,0.1860731263571806
46982.png,Fixed,336,336,41,72,4282.0,43908.0,14112,34078,0.09752209164616926,0.12565291390339808
47003.png,DRIP,336,336,12,73,2705.0,20593.0,14308,8990,0.13135531491283445,0.30088987764182423
47003.png,Fixed,336,336,12,72,1106.0,21996.0,14112,8990,0.0502818694308056,0.12302558398220245
47011.png,DRIP,336,336,12,73,2705.0,20593.0,14308,8990,0.13135531491283445,0.30088987764182423
47011.png,Fixed,336,336,12,72,1106.0,21996.0,14112,8990,0.0502818694308056,0.12302558398220245
47037.png,DRIP,336,336,52,73,1873.0,32749.0,14308,20314,0.05719258603316132,0.09220242197499262
47037.png,Fixed,336,336,52,72,2116.0,32310.0,14112,20314,0.06549056019808108,0.10416461553608349
47040.png,DRIP,336,336,52,73,1873.0,32749.0,14308,20314,0.05719258603316132,0.09220242197499262
47040.png,Fixed,336,336,52,72,2116.0,32310.0,14112,20314,0.06549056019808108,0.10416461553608349
47043.png,DRIP,336,336,52,73,1873.0,32749.0,14308,20314,0.05719258603316132,0.09220242197499262
47043.png,Fixed,336,336,52,72,2116.0,32310.0,14112,20314,0.06549056019808108,0.10416461553608349
47044.png,DRIP,336,336,52,73,1873.0,32749.0,14308,20314,0.05719258603316132,0.09220242197499262
47044.png,Fixed,336,336,52,72,2116.0,32310.0,14112,20314,0.06549056019808108,0.10416461553608349
47045.png,DRIP,336,336,52,73,1873.0,32749.0,14308,20314,0.05719258603316132,0.09220242197499262
47045.png,Fixed,336,336,52,72,2116.0,32310.0,14112,20314,0.06549056019808108,0.10416461553608349
47060.png,DRIP,336,336,151,72,5463.0,62596.0,14112,53947,0.08727394721707457,0.10126605742673364
47060.png,Fixed,336,336,151,72,5922.0,62137.0,14112,53947,0.09530553454463524,0.10977440821547074
47062.png,DRIP,336,336,151,72,5463.0,62596.0,14112,53947,0.08727394721707457,0.10126605742673364
47062.png,Fixed,336,336,151,72,5922.0,62137.0,14112,53947,0.09530553454463524,0.10977440821547074
47064.png,DRIP,336,336,151,72,5463.0,62596.0,14112,53947,0.08727394721707457,0.10126605742673364
47064.png,Fixed,336,336,151,72,5922.0,62137.0,14112,53947,0.09530553454463524,0.10977440821547074
47066.png,DRIP,336,336,151,72,5463.0,62596.0,14112,53947,0.08727394721707457,0.10126605742673364
47066.png,Fixed,336,336,151,72,5922.0,62137.0,14112,53947,0.09530553454463524,0.10977440821547074
47069.png,DRIP,336,336,151,72,5463.0,62596.0,14112,53947,0.08727394721707457,0.10126605742673364
47069.png,Fixed,336,336,151,72,5922.0,62137.0,14112,53947,0.09530553454463524,0.10977440821547074
47070.png,DRIP,336,336,22,72,2446.0,22101.0,14112,10435,0.11067372517080674,0.2344034499281265
47070.png,Fixed,336,336,22,72,1073.0,23474.0,14112,10435,0.04571014739712022,0.10282702443699089
47071.png,DRIP,336,336,151,72,5463.0,62596.0,14112,53947,0.08727394721707457,0.10126605742673364
47071.png,Fixed,336,336,151,72,5922.0,62137.0,14112,53947,0.09530553454463524,0.10977440821547074
47073.png,DRIP,336,336,22,72,2446.0,22101.0,14112,10435,0.11067372517080674,0.2344034499281265
47073.png,Fixed,336,336,22,72,1073.0,23474.0,14112,10435,0.04571014739712022,0.10282702443699089
47074.png,DRIP,336,336,151,72,5463.0,62596.0,14112,53947,0.08727394721707457,0.10126605742673364
47074.png,Fixed,336,336,151,72,5922.0,62137.0,14112,53947,0.09530553454463524,0.10977440821547074
47075.png,DRIP,336,336,22,72,2446.0,22101.0,14112,10435,0.11067372517080674,0.2344034499281265
47075.png,Fixed,336,336,22,72,1073.0,23474.0,14112,10435,0.04571014739712022,0.10282702443699089
47076.png,DRIP,336,336,22,72,2446.0,22101.0,14112,10435,0.11067372517080674,0.2344034499281265
47076.png,Fixed,336,336,22,72,1073.0,23474.0,14112,10435,0.04571014739712022,0.10282702443699089
47077.png,DRIP,336,336,22,72,2446.0,22101.0,14112,10435,0.11067372517080674,0.2344034499281265
47077.png,Fixed,336,336,22,72,1073.0,23474.0,14112,10435,0.04571014739712022,0.10282702443699089
47078.png,DRIP,336,336,22,72,2446.0,22101.0,14112,10435,0.11067372517080674,0.2344034499281265
47078.png,Fixed,336,336,22,72,1073.0,23474.0,14112,10435,0.04571014739712022,0.10282702443699089
47080.png,DRIP,336,336,22,72,2446.0,22101.0,14112,10435,0.11067372517080674,0.2344034499281265
47080.png,Fixed,336,336,22,72,1073.0,23474.0,14112,10435,0.04571014739712022,0.10282702443699089
47081.png,DRIP,336,336,22,72,2446.0,22101.0,14112,10435,0.11067372517080674,0.2344034499281265
47081.png,Fixed,336,336,22,72,1073.0,23474.0,14112,10435,0.04571014739712022,0.10282702443699089
47082.png,DRIP,336,336,22,72,2446.0,22101.0,14112,10435,0.11067372517080674,0.2344034499281265
47082.png,Fixed,336,336,22,72,1073.0,23474.0,14112,10435,0.04571014739712022,0.10282702443699089
47085.png,DRIP,336,336,12,72,2625.0,20425.0,14112,8938,0.12851897184822522,0.2936898635041396
47085.png,Fixed,336,336,12,72,829.0,22221.0,14112,8938,0.03730705188785383,0.09275005594092638
47086.png,DRIP,336,336,12,72,2625.0,20425.0,14112,8938,0.12851897184822522,0.2936898635041396
47086.png,Fixed,336,336,12,72,829.0,22221.0,14112,8938,0.03730705188785383,0.09275005594092638
47087.png,DRIP,336,336,12,72,2625.0,20425.0,14112,8938,0.12851897184822522,0.2936898635041396
47087.png,Fixed,336,336,12,72,829.0,22221.0,14112,8938,0.03730705188785383,0.09275005594092638
47365.png,DRIP,336,336,9,72,1112.0,17591.0,14112,4591,0.06321414359615712,0.24221302548464388
47365.png,Fixed,336,336,9,72,796.0,17907.0,14112,4591,0.04445189032222036,0.17338270529296448
47368.png,DRIP,336,336,9,72,1112.0,17591.0,14112,4591,0.06321414359615712,0.24221302548464388
47368.png,Fixed,336,336,9,72,796.0,17907.0,14112,4591,0.04445189032222036,0.17338270529296448
47369.png,DRIP,336,336,9,72,1112.0,17591.0,14112,4591,0.06321414359615712,0.24221302548464388
47369.png,Fixed,336,336,9,72,796.0,17907.0,14112,4591,0.04445189032222036,0.17338270529296448
47370.png,DRIP,336,336,18,72,1999.0,24960.0,14112,12847,0.08008814102564103,0.15560052930645288
47370.png,Fixed,336,336,18,72,1263.0,25696.0,14112,12847,0.04915161892901619,0.09831088970187593
47373.png,DRIP,336,336,15,72,4420.0,36272.0,14112,26580,0.12185707984119983,0.16629044394281414
47373.png,Fixed,336,336,15,72,3106.0,37586.0,14112,26580,0.08263715213111265,0.11685477802859293
47374.png,DRIP,336,336,15,72,4420.0,36272.0,14112,26580,0.12185707984119983,0.16629044394281414
47374.png,Fixed,336,336,15,72,3106.0,37586.0,14112,26580,0.08263715213111265,0.11685477802859293
474.png,DRIP,336,336,1,73,322.0,15351.0,14308,1365,0.020975832193342453,0.2358974358974359
474.png,Fixed,336,336,1,72,210.0,15267.0,14112,1365,0.013755158184319119,0.15384615384615385
4741.png,DRIP,336,336,36,73,5946.0,38430.0,14308,30068,0.15472287275565963,0.19775176267127845
4741.png,Fixed,336,336,36,72,3196.0,40984.0,14112,30068,0.0779816513761468,0.1062924038845284
4742.png,DRIP,336,336,36,73,5946.0,38430.0,14308,30068,0.15472287275565963,0.19775176267127845
4742.png,Fixed,336,336,36,72,3196.0,40984.0,14112,30068,0.0779816513761468,0.1062924038845284
47421.png,DRIP,336,336,20,72,2879.0,27298.0,14112,16065,0.10546560187559528,0.17920946156240275
47421.png,Fixed,336,336,20,72,1617.0,28560.0,14112,16065,0.05661764705882353,0.10065359477124183
47423.png,DRIP,336,336,20,72,2879.0,27298.0,14112,16065,0.10546560187559528,0.17920946156240275
47423.png,Fixed,336,336,20,72,1617.0,28560.0,14112,16065,0.05661764705882353,0.10065359477124183
47425.png,DRIP,336,336,20,72,2879.0,27298.0,14112,16065,0.10546560187559528,0.17920946156240275
47425.png,Fixed,336,336,20,72,1617.0,28560.0,14112,16065,0.05661764705882353,0.10065359477124183
47427.png,DRIP,336,336,20,72,2879.0,27298.0,14112,16065,0.10546560187559528,0.17920946156240275
47427.png,Fixed,336,336,20,72,1617.0,28560.0,14112,16065,0.05661764705882353,0.10065359477124183
47429.png,DRIP,336,336,20,72,2879.0,27298.0,14112,16065,0.10546560187559528,0.17920946156240275
47429.png,Fixed,336,336,20,72,1617.0,28560.0,14112,16065,0.05661764705882353,0.10065359477124183
4743.png,DRIP,336,336,36,73,5946.0,38430.0,14308,30068,0.15472287275565963,0.19775176267127845
4743.png,Fixed,336,336,36,72,3196.0,40984.0,14112,30068,0.0779816513761468,0.1062924038845284
47430.png,DRIP,336,336,20,72,2879.0,27298.0,14112,16065,0.10546560187559528,0.17920946156240275
47430.png,Fixed,336,336,20,72,1617.0,28560.0,14112,16065,0.05661764705882353,0.10065359477124183
47431.png,DRIP,336,336,27,73,3817.0,38302.0,14308,27811,0.0996553704767375,0.13724785156952285
47431.png,Fixed,336,336,27,72,3762.0,38161.0,14112,27811,0.09858232226618799,0.13527021682068247
47432.png,DRIP,336,336,27,73,3817.0,38302.0,14308,27811,0.0996553704767375,0.13724785156952285
47432.png,Fixed,336,336,27,72,3762.0,38161.0,14112,27811,0.09858232226618799,0.13527021682068247
4744.png,DRIP,336,336,36,73,5946.0,38430.0,14308,30068,0.15472287275565963,0.19775176267127845
4744.png,Fixed,336,336,36,72,3196.0,40984.0,14112,30068,0.0779816513761468,0.1062924038845284
47445.png,DRIP,336,336,27,73,3817.0,38302.0,14308,27811,0.0996553704767375,0.13724785156952285
47445.png,Fixed,336,336,27,72,3762.0,38161.0,14112,27811,0.09858232226618799,0.13527021682068247
47448.png,DRIP,336,336,29,73,3495.0,38503.0,14308,27690,0.0907721476248604,0.12621885157096424
47448.png,Fixed,336,336,29,72,3933.0,37869.0,14112,27690,0.10385803691673928,0.14203683640303358
47449.png,DRIP,336,336,27,73,3817.0,38302.0,14308,27811,0.0996553704767375,0.13724785156952285
47449.png,Fixed,336,336,27,72,3762.0,38161.0,14112,27811,0.09858232226618799,0.13527021682068247
4745.png,DRIP,336,336,36,73,5946.0,38430.0,14308,30068,0.15472287275565963,0.19775176267127845
4745.png,Fixed,336,336,36,72,3196.0,40984.0,14112,30068,0.0779816513761468,0.1062924038845284
47450.png,DRIP,336,336,29,73,3495.0,38503.0,14308,27690,0.0907721476248604,0.12621885157096424
47450.png,Fixed,336,336,29,72,3933.0,37869.0,14112,27690,0.10385803691673928,0.14203683640303358
47451.png,DRIP,336,336,27,73,3817.0,38302.0,14308,27811,0.0996553704767375,0.13724785156952285
47451.png,Fixed,336,336,27,72,3762.0,38161.0,14112,27811,0.09858232226618799,0.13527021682068247
47452.png,DRIP,336,336,29,73,3495.0,38503.0,14308,27690,0.0907721476248604,0.12621885157096424
47452.png,Fixed,336,336,29,72,3933.0,37869.0,14112,27690,0.10385803691673928,0.14203683640303358
47453.png,DRIP,336,336,29,73,3495.0,38503.0,14308,27690,0.0907721476248604,0.12621885157096424
47453.png,Fixed,336,336,29,72,3933.0,37869.0,14112,27690,0.10385803691673928,0.14203683640303358
47454.png,DRIP,336,336,29,73,3495.0,38503.0,14308,27690,0.0907721476248604,0.12621885157096424
47454.png,Fixed,336,336,29,72,3933.0,37869.0,14112,27690,0.10385803691673928,0.14203683640303358
47455.png,DRIP,336,336,27,73,3817.0,38302.0,14308,27811,0.0996553704767375,0.13724785156952285
47455.png,Fixed,336,336,27,72,3762.0,38161.0,14112,27811,0.09858232226618799,0.13527021682068247
47456.png,DRIP,336,336,27,73,3817.0,38302.0,14308,27811,0.0996553704767375,0.13724785156952285
47456.png,Fixed,336,336,27,72,3762.0,38161.0,14112,27811,0.09858232226618799,0.13527021682068247
47458.png,DRIP,336,336,29,73,3495.0,38503.0,14308,27690,0.0907721476248604,0.12621885157096424
47458.png,Fixed,336,336,29,72,3933.0,37869.0,14112,27690,0.10385803691673928,0.14203683640303358
4746.png,DRIP,336,336,36,73,5946.0,38430.0,14308,30068,0.15472287275565963,0.19775176267127845
4746.png,Fixed,336,336,36,72,3196.0,40984.0,14112,30068,0.0779816513761468,0.1062924038845284
47460.png,DRIP,336,336,27,73,3817.0,38302.0,14308,27811,0.0996553704767375,0.13724785156952285
47460.png,Fixed,336,336,27,72,3762.0,38161.0,14112,27811,0.09858232226618799,0.13527021682068247
47462.png,DRIP,336,336,29,73,3495.0,38503.0,14308,27690,0.0907721476248604,0.12621885157096424
47462.png,Fixed,336,336,29,72,3933.0,37869.0,14112,27690,0.10385803691673928,0.14203683640303358
47474.png,DRIP,336,336,29,73,3495.0,38503.0,14308,27690,0.0907721476248604,0.12621885157096424
47474.png,Fixed,336,336,29,72,3933.0,37869.0,14112,27690,0.10385803691673928,0.14203683640303358
47478.png,DRIP,336,336,29,73,3495.0,38503.0,14308,27690,0.0907721476248604,0.12621885157096424
47478.png,Fixed,336,336,29,72,3933.0,37869.0,14112,27690,0.10385803691673928,0.14203683640303358
47480.png,DRIP,336,336,29,73,3495.0,38503.0,14308,27690,0.0907721476248604,0.12621885157096424
47480.png,Fixed,336,336,29,72,3933.0,37869.0,14112,27690,0.10385803691673928,0.14203683640303358
47487.png,DRIP,336,336,29,73,3495.0,38503.0,14308,27690,0.0907721476248604,0.12621885157096424
47487.png,Fixed,336,336,29,72,3933.0,37869.0,14112,27690,0.10385803691673928,0.14203683640303358
47494.png,DRIP,336,336,18,72,3788.0,21831.0,14112,11507,0.1735147267646924,0.3291909272616668
47494.png,Fixed,336,336,18,72,1303.0,24316.0,14112,11507,0.05358611613752262,0.11323542191709395
47496.png,DRIP,336,336,18,72,3788.0,21831.0,14112,11507,0.1735147267646924,0.3291909272616668
47496.png,Fixed,336,336,18,72,1303.0,24316.0,14112,11507,0.05358611613752262,0.11323542191709395
47505.png,DRIP,336,336,18,72,3788.0,21831.0,14112,11507,0.1735147267646924,0.3291909272616668
47505.png,Fixed,336,336,18,72,1303.0,24316.0,14112,11507,0.05358611613752262,0.11323542191709395
47509.png,DRIP,336,336,18,72,3788.0,21831.0,14112,11507,0.1735147267646924,0.3291909272616668
47509.png,Fixed,336,336,18,72,1303.0,24316.0,14112,11507,0.05358611613752262,0.11323542191709395
47517.png,DRIP,336,336,18,72,3788.0,21831.0,14112,11507,0.1735147267646924,0.3291909272616668
47517.png,Fixed,336,336,18,72,1303.0,24316.0,14112,11507,0.05358611613752262,0.11323542191709395
47519.png,DRIP,336,336,18,72,3788.0,21831.0,14112,11507,0.1735147267646924,0.3291909272616668
47519.png,Fixed,336,336,18,72,1303.0,24316.0,14112,11507,0.05358611613752262,0.11323542191709395
47520.png,DRIP,336,336,6,73,996.0,16392.0,14308,3080,0.06076134699853587,0.3233766233766234
47520.png,Fixed,336,336,6,72,318.0,16874.0,14112,3080,0.018845561218442573,0.10324675324675325
47525.png,DRIP,336,336,6,73,996.0,16392.0,14308,3080,0.06076134699853587,0.3233766233766234
47525.png,Fixed,336,336,6,72,318.0,16874.0,14112,3080,0.018845561218442573,0.10324675324675325
47528.png,DRIP,336,336,6,73,996.0,16392.0,14308,3080,0.06076134699853587,0.3233766233766234
47528.png,Fixed,336,336,6,72,318.0,16874.0,14112,3080,0.018845561218442573,0.10324675324675325
47530.png,DRIP,336,336,6,73,996.0,16392.0,14308,3080,0.06076134699853587,0.3233766233766234
47530.png,Fixed,336,336,6,72,318.0,16874.0,14112,3080,0.018845561218442573,0.10324675324675325
47531.png,DRIP,336,336,6,73,996.0,16392.0,14308,3080,0.06076134699853587,0.3233766233766234
47531.png,Fixed,336,336,6,72,318.0,16874.0,14112,3080,0.018845561218442573,0.10324675324675325
47532.png,DRIP,336,336,20,73,6599.0,54213.0,14308,46504,0.12172357183701327,0.14190177189059006
47532.png,Fixed,336,336,20,72,5391.0,55225.0,14112,46504,0.09761883205070168,0.11592551178393257
47533.png,DRIP,336,336,6,73,996.0,16392.0,14308,3080,0.06076134699853587,0.3233766233766234
47533.png,Fixed,336,336,6,72,318.0,16874.0,14112,3080,0.018845561218442573,0.10324675324675325
47535.png,DRIP,336,336,6,73,996.0,16392.0,14308,3080,0.06076134699853587,0.3233766233766234
47535.png,Fixed,336,336,6,72,318.0,16874.0,14112,3080,0.018845561218442573,0.10324675324675325
47537.png,DRIP,336,336,6,73,996.0,16392.0,14308,3080,0.06076134699853587,0.3233766233766234
47537.png,Fixed,336,336,6,72,318.0,16874.0,14112,3080,0.018845561218442573,0.10324675324675325
47539.png,DRIP,336,336,74,73,2135.0,37702.0,14308,25529,0.05662829558113628,0.0836303811351796
47539.png,Fixed,336,336,74,72,3753.0,35888.0,14112,25529,0.10457534551939367,0.14700928355987308
47541.png,DRIP,336,336,20,73,6599.0,54213.0,14308,46504,0.12172357183701327,0.14190177189059006
47541.png,Fixed,336,336,20,72,5391.0,55225.0,14112,46504,0.09761883205070168,0.11592551178393257
47543.png,DRIP,336,336,63,73,5028.0,33980.0,14308,24700,0.1479693937610359,0.20356275303643726
47543.png,Fixed,336,336,63,72,3385.0,35427.0,14112,24700,0.09554859288113586,0.13704453441295547
47544.png,DRIP,336,336,20,73,6599.0,54213.0,14308,46504,0.12172357183701327,0.14190177189059006
47544.png,Fixed,336,336,20,72,5391.0,55225.0,14112,46504,0.09761883205070168,0.11592551178393257
47545.png,DRIP,336,336,63,73,5028.0,33980.0,14308,24700,0.1479693937610359,0.20356275303643726
47545.png,Fixed,336,336,63,72,3385.0,35427.0,14112,24700,0.09554859288113586,0.13704453441295547
47548.png,DRIP,336,336,74,73,2135.0,37702.0,14308,25529,0.05662829558113628,0.0836303811351796
47548.png,Fixed,336,336,74,72,3753.0,35888.0,14112,25529,0.10457534551939367,0.14700928355987308
47550.png,DRIP,336,336,63,73,5028.0,33980.0,14308,24700,0.1479693937610359,0.20356275303643726
47550.png,Fixed,336,336,63,72,3385.0,35427.0,14112,24700,0.09554859288113586,0.13704453441295547
47552.png,DRIP,336,336,74,73,2135.0,37702.0,14308,25529,0.05662829558113628,0.0836303811351796
47552.png,Fixed,336,336,74,72,3753.0,35888.0,14112,25529,0.10457534551939367,0.14700928355987308
47554.png,DRIP,336,336,63,73,5028.0,33980.0,14308,24700,0.1479693937610359,0.20356275303643726
47554.png,Fixed,336,336,63,72,3385.0,35427.0,14112,24700,0.09554859288113586,0.13704453441295547
47559.png,DRIP,336,336,63,73,5028.0,33980.0,14308,24700,0.1479693937610359,0.20356275303643726
47559.png,Fixed,336,336,63,72,3385.0,35427.0,14112,24700,0.09554859288113586,0.13704453441295547
47561.png,DRIP,336,336,63,73,5028.0,33980.0,14308,24700,0.1479693937610359,0.20356275303643726
47561.png,Fixed,336,336,63,72,3385.0,35427.0,14112,24700,0.09554859288113586,0.13704453441295547
47564.png,DRIP,336,336,63,73,5028.0,33980.0,14308,24700,0.1479693937610359,0.20356275303643726
47564.png,Fixed,336,336,63,72,3385.0,35427.0,14112,24700,0.09554859288113586,0.13704453441295547
47567.png,DRIP,336,336,63,73,5028.0,33980.0,14308,24700,0.1479693937610359,0.20356275303643726
47567.png,Fixed,336,336,63,72,3385.0,35427.0,14112,24700,0.09554859288113586,0.13704453441295547
47571.png,DRIP,336,336,63,73,5028.0,33980.0,14308,24700,0.1479693937610359,0.20356275303643726
47571.png,Fixed,336,336,63,72,3385.0,35427.0,14112,24700,0.09554859288113586,0.13704453441295547
47572.png,DRIP,336,336,63,73,5028.0,33980.0,14308,24700,0.1479693937610359,0.20356275303643726
47572.png,Fixed,336,336,63,72,3385.0,35427.0,14112,24700,0.09554859288113586,0.13704453441295547
47575.png,DRIP,336,336,63,73,5028.0,33980.0,14308,24700,0.1479693937610359,0.20356275303643726
47575.png,Fixed,336,336,63,72,3385.0,35427.0,14112,24700,0.09554859288113586,0.13704453441295547
47582.png,DRIP,336,336,16,72,440.0,20003.0,14112,6331,0.02199670049492576,0.06949928921181488
47582.png,Fixed,336,336,16,72,403.0,20040.0,14112,6331,0.020109780439121757,0.06365503080082136
47584.png,DRIP,336,336,16,72,440.0,20003.0,14112,6331,0.02199670049492576,0.06949928921181488
47584.png,Fixed,336,336,16,72,403.0,20040.0,14112,6331,0.020109780439121757,0.06365503080082136
47587.png,DRIP,336,336,18,73,8024.0,71487.0,14308,65203,0.11224418425727754,0.12306182230878947
47587.png,Fixed,336,336,18,72,8414.0,70901.0,14112,65203,0.11867251519724686,0.1290431421867092
476.png,DRIP,336,336,1,73,322.0,15351.0,14308,1365,0.020975832193342453,0.2358974358974359
476.png,Fixed,336,336,1,72,210.0,15267.0,14112,1365,0.013755158184319119,0.15384615384615385
47603.png,DRIP,336,336,40,72,6115.0,38007.0,14112,30010,0.16089141473939012,0.20376541152949018
47603.png,Fixed,336,336,40,72,3605.0,40517.0,14112,30010,0.08897499814892514,0.12012662445851383
47604.png,DRIP,336,336,40,72,6115.0,38007.0,14112,30010,0.16089141473939012,0.20376541152949018
47604.png,Fixed,336,336,40,72,3605.0,40517.0,14112,30010,0.08897499814892514,0.12012662445851383
47606.png,DRIP,336,336,40,72,6115.0,38007.0,14112,30010,0.16089141473939012,0.20376541152949018
47606.png,Fixed,336,336,40,72,3605.0,40517.0,14112,30010,0.08897499814892514,0.12012662445851383
47633.png,DRIP,336,336,18,73,8024.0,71487.0,14308,65203,0.11224418425727754,0.12306182230878947
47633.png,Fixed,336,336,18,72,8414.0,70901.0,14112,65203,0.11867251519724686,0.1290431421867092
47639.png,DRIP,336,336,18,73,8024.0,71487.0,14308,65203,0.11224418425727754,0.12306182230878947
47639.png,Fixed,336,336,18,72,8414.0,70901.0,14112,65203,0.11867251519724686,0.1290431421867092
47644.png,DRIP,336,336,18,73,8024.0,71487.0,14308,65203,0.11224418425727754,0.12306182230878947
47644.png,Fixed,336,336,18,72,8414.0,70901.0,14112,65203,0.11867251519724686,0.1290431421867092
47697.png,DRIP,336,336,23,72,5920.0,49572.0,14112,41380,0.11942225449850723,0.1430642822619623
47697.png,Fixed,336,336,23,72,4300.0,51192.0,14112,41380,0.08399749960931395,0.10391493475108748
47702.png,DRIP,336,336,23,72,5920.0,49572.0,14112,41380,0.11942225449850723,0.1430642822619623
47702.png,Fixed,336,336,23,72,4300.0,51192.0,14112,41380,0.08399749960931395,0.10391493475108748
47706.png,DRIP,336,336,23,72,5920.0,49572.0,14112,41380,0.11942225449850723,0.1430642822619623
47706.png,Fixed,336,336,23,72,4300.0,51192.0,14112,41380,0.08399749960931395,0.10391493475108748
47708.png,DRIP,336,336,74,73,2135.0,37702.0,14308,25529,0.05662829558113628,0.0836303811351796
47708.png,Fixed,336,336,74,72,3753.0,35888.0,14112,25529,0.10457534551939367,0.14700928355987308
47709.png,DRIP,336,336,23,72,5920.0,49572.0,14112,41380,0.11942225449850723,0.1430642822619623
47709.png,Fixed,336,336,23,72,4300.0,51192.0,14112,41380,0.08399749960931395,0.10391493475108748
47712.png,DRIP,336,336,23,72,5920.0,49572.0,14112,41380,0.11942225449850723,0.1430642822619623
47712.png,Fixed,336,336,23,72,4300.0,51192.0,14112,41380,0.08399749960931395,0.10391493475108748
47716.png,DRIP,336,336,23,72,5920.0,49572.0,14112,41380,0.11942225449850723,0.1430642822619623
47716.png,Fixed,336,336,23,72,4300.0,51192.0,14112,41380,0.08399749960931395,0.10391493475108748
47719.png,DRIP,336,336,23,72,5920.0,49572.0,14112,41380,0.11942225449850723,0.1430642822619623
47719.png,Fixed,336,336,23,72,4300.0,51192.0,14112,41380,0.08399749960931395,0.10391493475108748
47727.png,DRIP,336,336,23,72,5920.0,49572.0,14112,41380,0.11942225449850723,0.1430642822619623
47727.png,Fixed,336,336,23,72,4300.0,51192.0,14112,41380,0.08399749960931395,0.10391493475108748
47734.png,DRIP,336,336,10,72,1769.0,21546.0,14112,9203,0.08210340666481017,0.19221992828425513
47734.png,Fixed,336,336,10,72,723.0,22592.0,14112,9203,0.03200247875354108,0.07856133869390416
47737.png,DRIP,336,336,10,72,1769.0,21546.0,14112,9203,0.08210340666481017,0.19221992828425513
47737.png,Fixed,336,336,10,72,723.0,22592.0,14112,9203,0.03200247875354108,0.07856133869390416
47740.png,DRIP,336,336,10,72,1769.0,21546.0,14112,9203,0.08210340666481017,0.19221992828425513
47740.png,Fixed,336,336,10,72,723.0,22592.0,14112,9203,0.03200247875354108,0.07856133869390416
47744.png,DRIP,336,336,10,72,1769.0,21546.0,14112,9203,0.08210340666481017,0.19221992828425513
47744.png,Fixed,336,336,10,72,723.0,22592.0,14112,9203,0.03200247875354108,0.07856133869390416
47747.png,DRIP,336,336,10,72,1769.0,21546.0,14112,9203,0.08210340666481017,0.19221992828425513
47747.png,Fixed,336,336,10,72,723.0,22592.0,14112,9203,0.03200247875354108,0.07856133869390416
47748.png,DRIP,336,336,10,72,1769.0,21546.0,14112,9203,0.08210340666481017,0.19221992828425513
47748.png,Fixed,336,336,10,72,723.0,22592.0,14112,9203,0.03200247875354108,0.07856133869390416
47749.png,DRIP,336,336,10,72,1769.0,21546.0,14112,9203,0.08210340666481017,0.19221992828425513
47749.png,Fixed,336,336,10,72,723.0,22592.0,14112,9203,0.03200247875354108,0.07856133869390416
47750.png,DRIP,336,336,10,72,1769.0,21546.0,14112,9203,0.08210340666481017,0.19221992828425513
47750.png,Fixed,336,336,10,72,723.0,22592.0,14112,9203,0.03200247875354108,0.07856133869390416
47751.png,DRIP,336,336,23,72,3523.0,29339.0,14112,18750,0.12007907563311633,0.18789333333333333
47751.png,Fixed,336,336,23,72,2192.0,30670.0,14112,18750,0.07147049233778938,0.11690666666666667
47752.png,DRIP,336,336,23,72,3523.0,29339.0,14112,18750,0.12007907563311633,0.18789333333333333
47752.png,Fixed,336,336,23,72,2192.0,30670.0,14112,18750,0.07147049233778938,0.11690666666666667
47753.png,DRIP,336,336,23,72,3523.0,29339.0,14112,18750,0.12007907563311633,0.18789333333333333
47753.png,Fixed,336,336,23,72,2192.0,30670.0,14112,18750,0.07147049233778938,0.11690666666666667
47754.png,DRIP,336,336,23,72,3523.0,29339.0,14112,18750,0.12007907563311633,0.18789333333333333
47754.png,Fixed,336,336,23,72,2192.0,30670.0,14112,18750,0.07147049233778938,0.11690666666666667
47755.png,DRIP,336,336,23,72,3523.0,29339.0,14112,18750,0.12007907563311633,0.18789333333333333
47755.png,Fixed,336,336,23,72,2192.0,30670.0,14112,18750,0.07147049233778938,0.11690666666666667
47756.png,DRIP,336,336,23,72,3523.0,29339.0,14112,18750,0.12007907563311633,0.18789333333333333
47756.png,Fixed,336,336,23,72,2192.0,30670.0,14112,18750,0.07147049233778938,0.11690666666666667
47758.png,DRIP,336,336,9,72,2552.0,21705.0,14112,10145,0.11757659525454964,0.2515524889107935
47758.png,Fixed,336,336,9,72,1588.0,22669.0,14112,10145,0.07005161233402443,0.15653031049778215
47762.png,DRIP,336,336,9,72,2552.0,21705.0,14112,10145,0.11757659525454964,0.2515524889107935
47762.png,Fixed,336,336,9,72,1588.0,22669.0,14112,10145,0.07005161233402443,0.15653031049778215
47763.png,DRIP,336,336,9,72,2552.0,21705.0,14112,10145,0.11757659525454964,0.2515524889107935
47763.png,Fixed,336,336,9,72,1588.0,22669.0,14112,10145,0.07005161233402443,0.15653031049778215
47765.png,DRIP,336,336,9,72,2552.0,21705.0,14112,10145,0.11757659525454964,0.2515524889107935
47765.png,Fixed,336,336,9,72,1588.0,22669.0,14112,10145,0.07005161233402443,0.15653031049778215
47766.png,DRIP,336,336,9,72,2552.0,21705.0,14112,10145,0.11757659525454964,0.2515524889107935
47766.png,Fixed,336,336,9,72,1588.0,22669.0,14112,10145,0.07005161233402443,0.15653031049778215
47767.png,DRIP,336,336,9,72,2552.0,21705.0,14112,10145,0.11757659525454964,0.2515524889107935
47767.png,Fixed,336,336,9,72,1588.0,22669.0,14112,10145,0.07005161233402443,0.15653031049778215
47797.png,DRIP,336,336,20,73,3411.0,32353.0,14308,21456,0.10543071739869564,0.1589765100671141
47797.png,Fixed,336,336,20,72,3007.0,32561.0,14112,21456,0.09234974355824453,0.14014727815063385
47802.png,DRIP,336,336,20,73,3411.0,32353.0,14308,21456,0.10543071739869564,0.1589765100671141
47802.png,Fixed,336,336,20,72,3007.0,32561.0,14112,21456,0.09234974355824453,0.14014727815063385
47813.png,DRIP,336,336,84,72,7118.0,46686.0,14112,39692,0.1524654071884505,0.17933084752594983
47813.png,Fixed,336,336,84,72,4980.0,48824.0,14112,39692,0.10199901687694576,0.12546608888440997
47815.png,DRIP,336,336,32,73,4690.0,24713.0,14308,15095,0.1897786590053818,0.31069890692282215
47815.png,Fixed,336,336,32,72,1728.0,27479.0,14112,15095,0.06288438443902616,0.1144749917191123
47820.png,DRIP,336,336,26,73,4932.0,29391.0,14308,20015,0.16780647136878638,0.24641518860854358
47820.png,Fixed,336,336,26,72,3007.0,31120.0,14112,20015,0.09662596401028278,0.15023732200849363
47821.png,DRIP,336,336,26,73,4932.0,29391.0,14308,20015,0.16780647136878638,0.24641518860854358
47821.png,Fixed,336,336,26,72,3007.0,31120.0,14112,20015,0.09662596401028278,0.15023732200849363
47823.png,DRIP,336,336,26,73,4932.0,29391.0,14308,20015,0.16780647136878638,0.24641518860854358
47823.png,Fixed,336,336,26,72,3007.0,31120.0,14112,20015,0.09662596401028278,0.15023732200849363
47825.png,DRIP,336,336,26,73,4932.0,29391.0,14308,20015,0.16780647136878638,0.24641518860854358
47825.png,Fixed,336,336,26,72,3007.0,31120.0,14112,20015,0.09662596401028278,0.15023732200849363
47827.png,DRIP,336,336,26,73,4932.0,29391.0,14308,20015,0.16780647136878638,0.24641518860854358
47827.png,Fixed,336,336,26,72,3007.0,31120.0,14112,20015,0.09662596401028278,0.15023732200849363
47833.png,DRIP,336,336,84,72,7118.0,46686.0,14112,39692,0.1524654071884505,0.17933084752594983
47833.png,Fixed,336,336,84,72,4980.0,48824.0,14112,39692,0.10199901687694576,0.12546608888440997
47860.png,DRIP,336,336,84,72,7118.0,46686.0,14112,39692,0.1524654071884505,0.17933084752594983
47860.png,Fixed,336,336,84,72,4980.0,48824.0,14112,39692,0.10199901687694576,0.12546608888440997
47874.png,DRIP,336,336,84,72,7118.0,46686.0,14112,39692,0.1524654071884505,0.17933084752594983
47874.png,Fixed,336,336,84,72,4980.0,48824.0,14112,39692,0.10199901687694576,0.12546608888440997
47883.png,DRIP,336,336,84,72,7118.0,46686.0,14112,39692,0.1524654071884505,0.17933084752594983
47883.png,Fixed,336,336,84,72,4980.0,48824.0,14112,39692,0.10199901687694576,0.12546608888440997
47891.png,DRIP,336,336,84,72,7118.0,46686.0,14112,39692,0.1524654071884505,0.17933084752594983
47891.png,Fixed,336,336,84,72,4980.0,48824.0,14112,39692,0.10199901687694576,0.12546608888440997
47902.png,DRIP,336,336,84,72,7118.0,46686.0,14112,39692,0.1524654071884505,0.17933084752594983
47902.png,Fixed,336,336,84,72,4980.0,48824.0,14112,39692,0.10199901687694576,0.12546608888440997
47915.png,DRIP,336,336,24,73,5103.0,38158.0,14308,28953,0.1337334241836574,0.17625116568231272
47915.png,Fixed,336,336,24,72,3452.0,39613.0,14112,28953,0.08714310958523717,0.11922771388111768
47919.png,DRIP,336,336,24,73,5103.0,38158.0,14308,28953,0.1337334241836574,0.17625116568231272
47919.png,Fixed,336,336,24,72,3452.0,39613.0,14112,28953,0.08714310958523717,0.11922771388111768
47929.png,DRIP,336,336,13,73,1647.0,17132.0,14308,4471,0.09613588606117207,0.3683739655558041
47929.png,Fixed,336,336,13,72,312.0,18271.0,14112,4471,0.017076241037710032,0.06978304629836725
47931.png,DRIP,336,336,13,73,1647.0,17132.0,14308,4471,0.09613588606117207,0.3683739655558041
47931.png,Fixed,336,336,13,72,312.0,18271.0,14112,4471,0.017076241037710032,0.06978304629836725
47934.png,DRIP,336,336,13,73,1647.0,17132.0,14308,4471,0.09613588606117207,0.3683739655558041
47934.png,Fixed,336,336,13,72,312.0,18271.0,14112,4471,0.017076241037710032,0.06978304629836725
47973.png,DRIP,336,336,24,72,2488.0,24965.0,14112,13341,0.09965952333266573,0.18649276665917097
47973.png,Fixed,336,336,24,72,1440.0,26013.0,14112,13341,0.055356936916157305,0.10793793568697999
47974.png,DRIP,336,336,24,72,2488.0,24965.0,14112,13341,0.09965952333266573,0.18649276665917097
47974.png,Fixed,336,336,24,72,1440.0,26013.0,14112,13341,0.055356936916157305,0.10793793568697999
47981.png,DRIP,336,336,10,72,318.0,16829.0,14112,3035,0.018895953413750076,0.10477759472817133
47981.png,Fixed,336,336,10,72,286.0,16861.0,14112,3035,0.016962220508866616,0.09423393739703459
47983.png,DRIP,336,336,10,72,318.0,16829.0,14112,3035,0.018895953413750076,0.10477759472817133
47983.png,Fixed,336,336,10,72,286.0,16861.0,14112,3035,0.016962220508866616,0.09423393739703459
47986.png,DRIP,336,336,10,72,318.0,16829.0,14112,3035,0.018895953413750076,0.10477759472817133
47986.png,Fixed,336,336,10,72,286.0,16861.0,14112,3035,0.016962220508866616,0.09423393739703459
47989.png,DRIP,336,336,10,72,318.0,16829.0,14112,3035,0.018895953413750076,0.10477759472817133
47989.png,Fixed,336,336,10,72,286.0,16861.0,14112,3035,0.016962220508866616,0.09423393739703459
47990.png,DRIP,336,336,10,72,318.0,16829.0,14112,3035,0.018895953413750076,0.10477759472817133
47990.png,Fixed,336,336,10,72,286.0,16861.0,14112,3035,0.016962220508866616,0.09423393739703459
47991.png,DRIP,336,336,10,72,318.0,16829.0,14112,3035,0.018895953413750076,0.10477759472817133
47991.png,Fixed,336,336,10,72,286.0,16861.0,14112,3035,0.016962220508866616,0.09423393739703459
47992.png,DRIP,336,336,10,72,318.0,16829.0,14112,3035,0.018895953413750076,0.10477759472817133
47992.png,Fixed,336,336,10,72,286.0,16861.0,14112,3035,0.016962220508866616,0.09423393739703459
47993.png,DRIP,336,336,10,72,318.0,16829.0,14112,3035,0.018895953413750076,0.10477759472817133
47993.png,Fixed,336,336,10,72,286.0,16861.0,14112,3035,0.016962220508866616,0.09423393739703459
48147.png,DRIP,336,336,17,73,3829.0,22143.0,14308,11664,0.1729214650228063,0.3282750342935528
48147.png,Fixed,336,336,17,72,1704.0,24072.0,14112,11664,0.0707876370887338,0.14609053497942387
48149.png,DRIP,336,336,17,73,3829.0,22143.0,14308,11664,0.1729214650228063,0.3282750342935528
48149.png,Fixed,336,336,17,72,1704.0,24072.0,14112,11664,0.0707876370887338,0.14609053497942387
48151.png,DRIP,336,336,17,73,3829.0,22143.0,14308,11664,0.1729214650228063,0.3282750342935528
48151.png,Fixed,336,336,17,72,1704.0,24072.0,14112,11664,0.0707876370887338,0.14609053497942387
48153.png,DRIP,336,336,17,73,3829.0,22143.0,14308,11664,0.1729214650228063,0.3282750342935528
48153.png,Fixed,336,336,17,72,1704.0,24072.0,14112,11664,0.0707876370887338,0.14609053497942387
48155.png,DRIP,336,336,17,73,3829.0,22143.0,14308,11664,0.1729214650228063,0.3282750342935528
48155.png,Fixed,336,336,17,72,1704.0,24072.0,14112,11664,0.0707876370887338,0.14609053497942387
48158.png,DRIP,336,336,17,73,3829.0,22143.0,14308,11664,0.1729214650228063,0.3282750342935528
48158.png,Fixed,336,336,17,72,1704.0,24072.0,14112,11664,0.0707876370887338,0.14609053497942387
48161.png,DRIP,336,336,17,73,3829.0,22143.0,14308,11664,0.1729214650228063,0.3282750342935528
48161.png,Fixed,336,336,17,72,1704.0,24072.0,14112,11664,0.0707876370887338,0.14609053497942387
48164.png,DRIP,336,336,17,73,3829.0,22143.0,14308,11664,0.1729214650228063,0.3282750342935528
48164.png,Fixed,336,336,17,72,1704.0,24072.0,14112,11664,0.0707876370887338,0.14609053497942387
48171.png,DRIP,336,336,17,73,3829.0,22143.0,14308,11664,0.1729214650228063,0.3282750342935528
48171.png,Fixed,336,336,17,72,1704.0,24072.0,14112,11664,0.0707876370887338,0.14609053497942387
48178.png,DRIP,336,336,17,73,3829.0,22143.0,14308,11664,0.1729214650228063,0.3282750342935528
48178.png,Fixed,336,336,17,72,1704.0,24072.0,14112,11664,0.0707876370887338,0.14609053497942387
49054.png,DRIP,336,336,15,72,1251.0,28891.0,14112,16030,0.043300681873247725,0.07804117280099813
49054.png,Fixed,336,336,15,72,1442.0,28700.0,14112,16030,0.05024390243902439,0.08995633187772925
49055.png,DRIP,336,336,15,72,1251.0,28891.0,14112,16030,0.043300681873247725,0.07804117280099813
49055.png,Fixed,336,336,15,72,1442.0,28700.0,14112,16030,0.05024390243902439,0.08995633187772925
49057.png,DRIP,336,336,15,72,1251.0,28891.0,14112,16030,0.043300681873247725,0.07804117280099813
49057.png,Fixed,336,336,15,72,1442.0,28700.0,14112,16030,0.05024390243902439,0.08995633187772925
49058.png,DRIP,336,336,15,72,1251.0,28891.0,14112,16030,0.043300681873247725,0.07804117280099813
49058.png,Fixed,336,336,15,72,1442.0,28700.0,14112,16030,0.05024390243902439,0.08995633187772925
49075.png,DRIP,336,336,9,73,4760.0,32477.0,14308,22929,0.14656526156972627,0.20759736578132496
49075.png,Fixed,336,336,9,72,1709.0,35332.0,14112,22929,0.048369749801879316,0.074534432378211
49076.png,DRIP,336,336,9,73,4760.0,32477.0,14308,22929,0.14656526156972627,0.20759736578132496
49076.png,Fixed,336,336,9,72,1709.0,35332.0,14112,22929,0.048369749801879316,0.074534432378211
49077.png,DRIP,336,336,9,73,4760.0,32477.0,14308,22929,0.14656526156972627,0.20759736578132496
49077.png,Fixed,336,336,9,72,1709.0,35332.0,14112,22929,0.048369749801879316,0.074534432378211
49078.png,DRIP,336,336,9,73,4760.0,32477.0,14308,22929,0.14656526156972627,0.20759736578132496
49078.png,Fixed,336,336,9,72,1709.0,35332.0,14112,22929,0.048369749801879316,0.074534432378211
49079.png,DRIP,336,336,9,73,4760.0,32477.0,14308,22929,0.14656526156972627,0.20759736578132496
49079.png,Fixed,336,336,9,72,1709.0,35332.0,14112,22929,0.048369749801879316,0.074534432378211
49080.png,DRIP,336,336,9,73,4760.0,32477.0,14308,22929,0.14656526156972627,0.20759736578132496
49080.png,Fixed,336,336,9,72,1709.0,35332.0,14112,22929,0.048369749801879316,0.074534432378211
49081.png,DRIP,336,336,9,73,4760.0,32477.0,14308,22929,0.14656526156972627,0.20759736578132496
49081.png,Fixed,336,336,9,72,1709.0,35332.0,14112,22929,0.048369749801879316,0.074534432378211
49082.png,DRIP,336,336,9,73,4760.0,32477.0,14308,22929,0.14656526156972627,0.20759736578132496
49082.png,Fixed,336,336,9,72,1709.0,35332.0,14112,22929,0.048369749801879316,0.074534432378211
49083.png,DRIP,336,336,9,73,4760.0,32477.0,14308,22929,0.14656526156972627,0.20759736578132496
49083.png,Fixed,336,336,9,72,1709.0,35332.0,14112,22929,0.048369749801879316,0.074534432378211
49101.png,DRIP,336,336,32,72,6623.0,43295.0,14112,35806,0.15297378450167456,0.18496899960900406
49101.png,Fixed,336,336,32,72,4203.0,45715.0,14112,35806,0.09193918845018047,0.1173825615818578
49104.png,DRIP,336,336,61,72,5244.0,42626.0,14112,33758,0.1230235067798996,0.1553409562177854
49104.png,Fixed,336,336,61,72,4688.0,43182.0,14112,33758,0.1085637534157751,0.13887078618401563
49107.png,DRIP,336,336,61,72,5244.0,42626.0,14112,33758,0.1230235067798996,0.1553409562177854
49107.png,Fixed,336,336,61,72,4688.0,43182.0,14112,33758,0.1085637534157751,0.13887078618401563
49108.png,DRIP,336,336,61,72,5244.0,42626.0,14112,33758,0.1230235067798996,0.1553409562177854
49108.png,Fixed,336,336,61,72,4688.0,43182.0,14112,33758,0.1085637534157751,0.13887078618401563
49109.png,DRIP,336,336,61,72,5244.0,42626.0,14112,33758,0.1230235067798996,0.1553409562177854
49109.png,Fixed,336,336,61,72,4688.0,43182.0,14112,33758,0.1085637534157751,0.13887078618401563
49111.png,DRIP,336,336,42,73,3878.0,26278.0,14308,15848,0.14757591901971231,0.24469964664310953
49111.png,Fixed,336,336,42,72,2347.0,27613.0,14112,15848,0.08499619744323327,0.14809439676930844
49113.png,DRIP,336,336,42,73,3878.0,26278.0,14308,15848,0.14757591901971231,0.24469964664310953
49113.png,Fixed,336,336,42,72,2347.0,27613.0,14112,15848,0.08499619744323327,0.14809439676930844
49115.png,DRIP,336,336,42,73,3878.0,26278.0,14308,15848,0.14757591901971231,0.24469964664310953
49115.png,Fixed,336,336,42,72,2347.0,27613.0,14112,15848,0.08499619744323327,0.14809439676930844
49116.png,DRIP,336,336,27,72,3312.0,26207.0,14112,15407,0.1263784485061243,0.21496722269098462
49116.png,Fixed,336,336,27,72,2250.0,27269.0,14112,15407,0.08251127654112729,0.14603751541507107
49117.png,DRIP,336,336,27,72,3312.0,26207.0,14112,15407,0.1263784485061243,0.21496722269098462
49117.png,Fixed,336,336,27,72,2250.0,27269.0,14112,15407,0.08251127654112729,0.14603751541507107
49118.png,DRIP,336,336,27,72,3312.0,26207.0,14112,15407,0.1263784485061243,0.21496722269098462
49118.png,Fixed,336,336,27,72,2250.0,27269.0,14112,15407,0.08251127654112729,0.14603751541507107
49119.png,DRIP,336,336,27,72,3312.0,26207.0,14112,15407,0.1263784485061243,0.21496722269098462
49119.png,Fixed,336,336,27,72,2250.0,27269.0,14112,15407,0.08251127654112729,0.14603751541507107
4912.png,DRIP,336,336,39,73,6533.0,37043.0,14308,29268,0.1763626056204951,0.22321306546398798
4912.png,Fixed,336,336,39,72,3230.0,40150.0,14112,29268,0.0804483188044832,0.11035943692770261
49120.png,DRIP,336,336,27,72,3312.0,26207.0,14112,15407,0.1263784485061243,0.21496722269098462
49120.png,Fixed,336,336,27,72,2250.0,27269.0,14112,15407,0.08251127654112729,0.14603751541507107
49121.png,DRIP,336,336,10,72,2386.0,19128.0,14112,7402,0.12473860309493935,0.3223453120778168
49121.png,Fixed,336,336,10,72,893.0,20621.0,14112,7402,0.04330536831385481,0.12064306944069171
49122.png,DRIP,336,336,10,72,2386.0,19128.0,14112,7402,0.12473860309493935,0.3223453120778168
49122.png,Fixed,336,336,10,72,893.0,20621.0,14112,7402,0.04330536831385481,0.12064306944069171
49123.png,DRIP,336,336,10,72,2386.0,19128.0,14112,7402,0.12473860309493935,0.3223453120778168
49123.png,Fixed,336,336,10,72,893.0,20621.0,14112,7402,0.04330536831385481,0.12064306944069171
49124.png,DRIP,336,336,10,72,2386.0,19128.0,14112,7402,0.12473860309493935,0.3223453120778168
49124.png,Fixed,336,336,10,72,893.0,20621.0,14112,7402,0.04330536831385481,0.12064306944069171
49125.png,DRIP,336,336,10,72,2386.0,19128.0,14112,7402,0.12473860309493935,0.3223453120778168
49125.png,Fixed,336,336,10,72,893.0,20621.0,14112,7402,0.04330536831385481,0.12064306944069171
49126.png,DRIP,336,336,10,72,2386.0,19128.0,14112,7402,0.12473860309493935,0.3223453120778168
49126.png,Fixed,336,336,10,72,893.0,20621.0,14112,7402,0.04330536831385481,0.12064306944069171
49127.png,DRIP,336,336,10,72,2386.0,19128.0,14112,7402,0.12473860309493935,0.3223453120778168
49127.png,Fixed,336,336,10,72,893.0,20621.0,14112,7402,0.04330536831385481,0.12064306944069171
49128.png,DRIP,336,336,10,72,2386.0,19128.0,14112,7402,0.12473860309493935,0.3223453120778168
49128.png,Fixed,336,336,10,72,893.0,20621.0,14112,7402,0.04330536831385481,0.12064306944069171
49129.png,DRIP,336,336,10,72,2386.0,19128.0,14112,7402,0.12473860309493935,0.3223453120778168
49129.png,Fixed,336,336,10,72,893.0,20621.0,14112,7402,0.04330536831385481,0.12064306944069171
4913.png,DRIP,336,336,39,73,6533.0,37043.0,14308,29268,0.1763626056204951,0.22321306546398798
4913.png,Fixed,336,336,39,72,3230.0,40150.0,14112,29268,0.0804483188044832,0.11035943692770261
49130.png,DRIP,336,336,10,72,2386.0,19128.0,14112,7402,0.12473860309493935,0.3223453120778168
49130.png,Fixed,336,336,10,72,893.0,20621.0,14112,7402,0.04330536831385481,0.12064306944069171
49132.png,DRIP,336,336,43,72,5104.0,33461.0,14112,24453,0.15253578793221959,0.20872694556905083
49132.png,Fixed,336,336,43,72,2402.0,36163.0,14112,24453,0.06642148051876227,0.09822925612399297
49134.png,DRIP,336,336,43,72,5104.0,33461.0,14112,24453,0.15253578793221959,0.20872694556905083
49134.png,Fixed,336,336,43,72,2402.0,36163.0,14112,24453,0.06642148051876227,0.09822925612399297
49135.png,DRIP,336,336,43,72,5104.0,33461.0,14112,24453,0.15253578793221959,0.20872694556905083
49135.png,Fixed,336,336,43,72,2402.0,36163.0,14112,24453,0.06642148051876227,0.09822925612399297
4914.png,DRIP,336,336,39,73,6533.0,37043.0,14308,29268,0.1763626056204951,0.22321306546398798
4914.png,Fixed,336,336,39,72,3230.0,40150.0,14112,29268,0.0804483188044832,0.11035943692770261
49146.png,DRIP,336,336,18,73,2844.0,19639.0,14308,8175,0.1448138907276338,0.3478899082568807
49146.png,Fixed,336,336,18,72,899.0,21388.0,14112,8175,0.04203291565363755,0.10996941896024465
49147.png,DRIP,336,336,18,73,2844.0,19639.0,14308,8175,0.1448138907276338,0.3478899082568807
49147.png,Fixed,336,336,18,72,899.0,21388.0,14112,8175,0.04203291565363755,0.10996941896024465
4915.png,DRIP,336,336,39,73,6533.0,37043.0,14308,29268,0.1763626056204951,0.22321306546398798
4915.png,Fixed,336,336,39,72,3230.0,40150.0,14112,29268,0.0804483188044832,0.11035943692770261
49150.png,DRIP,336,336,18,73,2844.0,19639.0,14308,8175,0.1448138907276338,0.3478899082568807
49150.png,Fixed,336,336,18,72,899.0,21388.0,14112,8175,0.04203291565363755,0.10996941896024465
49151.png,DRIP,336,336,18,73,2844.0,19639.0,14308,8175,0.1448138907276338,0.3478899082568807
49151.png,Fixed,336,336,18,72,899.0,21388.0,14112,8175,0.04203291565363755,0.10996941896024465
49153.png,DRIP,336,336,18,73,2844.0,19639.0,14308,8175,0.1448138907276338,0.3478899082568807
49153.png,Fixed,336,336,18,72,899.0,21388.0,14112,8175,0.04203291565363755,0.10996941896024465
4916.png,DRIP,336,336,43,73,5394.0,30476.0,14308,21562,0.17699173119831998,0.25016232260458215
4916.png,Fixed,336,336,43,72,2470.0,33204.0,14112,21562,0.0743886278761595,0.11455338094796401
49168.png,DRIP,336,336,95,72,8483.0,53793.0,14112,48164,0.15769709813544514,0.17612739805663982
49168.png,Fixed,336,336,95,72,5734.0,56542.0,14112,48164,0.10141134024265148,0.11905157378955236
4917.png,DRIP,336,336,43,73,5394.0,30476.0,14308,21562,0.17699173119831998,0.25016232260458215
4917.png,Fixed,336,336,43,72,2470.0,33204.0,14112,21562,0.0743886278761595,0.11455338094796401
49172.png,DRIP,336,336,95,72,8483.0,53793.0,14112,48164,0.15769709813544514,0.17612739805663982
49172.png,Fixed,336,336,95,72,5734.0,56542.0,14112,48164,0.10141134024265148,0.11905157378955236
49177.png,DRIP,336,336,95,72,8483.0,53793.0,14112,48164,0.15769709813544514,0.17612739805663982
49177.png,Fixed,336,336,95,72,5734.0,56542.0,14112,48164,0.10141134024265148,0.11905157378955236
4918.png,DRIP,336,336,43,73,5394.0,30476.0,14308,21562,0.17699173119831998,0.25016232260458215
4918.png,Fixed,336,336,43,72,2470.0,33204.0,14112,21562,0.0743886278761595,0.11455338094796401
49181.png,DRIP,336,336,95,72,8483.0,53793.0,14112,48164,0.15769709813544514,0.17612739805663982
49181.png,Fixed,336,336,95,72,5734.0,56542.0,14112,48164,0.10141134024265148,0.11905157378955236
49187.png,DRIP,336,336,95,72,8483.0,53793.0,14112,48164,0.15769709813544514,0.17612739805663982
49187.png,Fixed,336,336,95,72,5734.0,56542.0,14112,48164,0.10141134024265148,0.11905157378955236
4919.png,DRIP,336,336,43,73,5394.0,30476.0,14308,21562,0.17699173119831998,0.25016232260458215
4919.png,Fixed,336,336,43,72,2470.0,33204.0,14112,21562,0.0743886278761595,0.11455338094796401
49234.png,DRIP,336,336,33,72,6783.0,34461.0,14112,27132,0.19683120048750763,0.25
49234.png,Fixed,336,336,33,72,3618.0,37626.0,14112,27132,0.09615691277308244,0.13334807607253427
49242.png,DRIP,336,336,33,72,6783.0,34461.0,14112,27132,0.19683120048750763,0.25
49242.png,Fixed,336,336,33,72,3618.0,37626.0,14112,27132,0.09615691277308244,0.13334807607253427
49256.png,DRIP,336,336,32,72,6623.0,43295.0,14112,35806,0.15297378450167456,0.18496899960900406
49256.png,Fixed,336,336,32,72,4203.0,45715.0,14112,35806,0.09193918845018047,0.1173825615818578
49257.png,DRIP,336,336,32,72,6623.0,43295.0,14112,35806,0.15297378450167456,0.18496899960900406
49257.png,Fixed,336,336,32,72,4203.0,45715.0,14112,35806,0.09193918845018047,0.1173825615818578
4926.png,DRIP,336,336,32,73,7035.0,33656.0,14308,26383,0.20902662229617305,0.2666489785088883
4926.png,Fixed,336,336,32,72,3625.0,36870.0,14112,26383,0.09831841605641443,0.1373990827426752
49263.png,DRIP,336,336,32,72,6623.0,43295.0,14112,35806,0.15297378450167456,0.18496899960900406
49263.png,Fixed,336,336,32,72,4203.0,45715.0,14112,35806,0.09193918845018047,0.1173825615818578
49274.png,DRIP,336,336,32,72,6623.0,43295.0,14112,35806,0.15297378450167456,0.18496899960900406
49274.png,Fixed,336,336,32,72,4203.0,45715.0,14112,35806,0.09193918845018047,0.1173825615818578
49279.png,DRIP,336,336,32,72,6623.0,43295.0,14112,35806,0.15297378450167456,0.18496899960900406
49279.png,Fixed,336,336,32,72,4203.0,45715.0,14112,35806,0.09193918845018047,0.1173825615818578
4928.png,DRIP,336,336,32,73,7035.0,33656.0,14308,26383,0.20902662229617305,0.2666489785088883
4928.png,Fixed,336,336,32,72,3625.0,36870.0,14112,26383,0.09831841605641443,0.1373990827426752
49285.png,DRIP,336,336,32,72,6623.0,43295.0,14112,35806,0.15297378450167456,0.18496899960900406
49285.png,Fixed,336,336,32,72,4203.0,45715.0,14112,35806,0.09193918845018047,0.1173825615818578
49292.png,DRIP,336,336,32,72,6623.0,43295.0,14112,35806,0.15297378450167456,0.18496899960900406
49292.png,Fixed,336,336,32,72,4203.0,45715.0,14112,35806,0.09193918845018047,0.1173825615818578
49297.png,DRIP,336,336,32,72,6623.0,43295.0,14112,35806,0.15297378450167456,0.18496899960900406
49297.png,Fixed,336,336,32,72,4203.0,45715.0,14112,35806,0.09193918845018047,0.1173825615818578
4930.png,DRIP,336,336,26,73,4917.0,24337.0,14308,14946,0.20203804906110037,0.32898434363709356
4930.png,Fixed,336,336,26,72,1926.0,27132.0,14112,14946,0.07098628925254312,0.1288639100762746
49304.png,DRIP,336,336,32,72,6623.0,43295.0,14112,35806,0.15297378450167456,0.18496899960900406
49304.png,Fixed,336,336,32,72,4203.0,45715.0,14112,35806,0.09193918845018047,0.1173825615818578
4931.png,DRIP,336,336,26,73,4917.0,24337.0,14308,14946,0.20203804906110037,0.32898434363709356
4931.png,Fixed,336,336,26,72,1926.0,27132.0,14112,14946,0.07098628925254312,0.1288639100762746
4932.png,DRIP,336,336,20,72,6398.0,58221.0,14112,50507,0.10989161986224902,0.12667551032530144
4932.png,Fixed,336,336,20,72,5898.0,58721.0,14112,50507,0.10044106878288857,0.11677589245055141
49322.png,DRIP,336,336,145,73,4038.0,46647.0,14308,36377,0.0865650524149463,0.11100420595431179
49322.png,Fixed,336,336,145,72,4404.0,46085.0,14112,36377,0.09556254746663774,0.12106550842565357
49323.png,DRIP,336,336,145,73,4038.0,46647.0,14308,36377,0.0865650524149463,0.11100420595431179
49323.png,Fixed,336,336,145,72,4404.0,46085.0,14112,36377,0.09556254746663774,0.12106550842565357
49324.png,DRIP,336,336,145,73,4038.0,46647.0,14308,36377,0.0865650524149463,0.11100420595431179
49324.png,Fixed,336,336,145,72,4404.0,46085.0,14112,36377,0.09556254746663774,0.12106550842565357
49325.png,DRIP,336,336,145,73,4038.0,46647.0,14308,36377,0.0865650524149463,0.11100420595431179
49325.png,Fixed,336,336,145,72,4404.0,46085.0,14112,36377,0.09556254746663774,0.12106550842565357
49326.png,DRIP,336,336,145,73,4038.0,46647.0,14308,36377,0.0865650524149463,0.11100420595431179
49326.png,Fixed,336,336,145,72,4404.0,46085.0,14112,36377,0.09556254746663774,0.12106550842565357
49327.png,DRIP,336,336,145,73,4038.0,46647.0,14308,36377,0.0865650524149463,0.11100420595431179
49327.png,Fixed,336,336,145,72,4404.0,46085.0,14112,36377,0.09556254746663774,0.12106550842565357
49329.png,DRIP,336,336,145,73,4038.0,46647.0,14308,36377,0.0865650524149463,0.11100420595431179
49329.png,Fixed,336,336,145,72,4404.0,46085.0,14112,36377,0.09556254746663774,0.12106550842565357
4933.png,DRIP,336,336,20,72,6398.0,58221.0,14112,50507,0.10989161986224902,0.12667551032530144
4933.png,Fixed,336,336,20,72,5898.0,58721.0,14112,50507,0.10044106878288857,0.11677589245055141
4934.png,DRIP,336,336,20,72,6398.0,58221.0,14112,50507,0.10989161986224902,0.12667551032530144
4934.png,Fixed,336,336,20,72,5898.0,58721.0,14112,50507,0.10044106878288857,0.11677589245055141
4935.png,DRIP,336,336,20,72,6398.0,58221.0,14112,50507,0.10989161986224902,0.12667551032530144
4935.png,Fixed,336,336,20,72,5898.0,58721.0,14112,50507,0.10044106878288857,0.11677589245055141
49361.png,DRIP,336,336,18,72,4418.0,18717.0,14112,9023,0.23604210076401133,0.4896375928183531
49361.png,Fixed,336,336,18,72,1395.0,21740.0,14112,9023,0.06416743330266789,0.15460489859248586
49362.png,DRIP,336,336,18,72,4418.0,18717.0,14112,9023,0.23604210076401133,0.4896375928183531
49362.png,Fixed,336,336,18,72,1395.0,21740.0,14112,9023,0.06416743330266789,0.15460489859248586
49366.png,DRIP,336,336,18,72,4418.0,18717.0,14112,9023,0.23604210076401133,0.4896375928183531
49366.png,Fixed,336,336,18,72,1395.0,21740.0,14112,9023,0.06416743330266789,0.15460489859248586
49369.png,DRIP,336,336,18,72,4418.0,18717.0,14112,9023,0.23604210076401133,0.4896375928183531
49369.png,Fixed,336,336,18,72,1395.0,21740.0,14112,9023,0.06416743330266789,0.15460489859248586
49373.png,DRIP,336,336,18,72,4418.0,18717.0,14112,9023,0.23604210076401133,0.4896375928183531
49373.png,Fixed,336,336,18,72,1395.0,21740.0,14112,9023,0.06416743330266789,0.15460489859248586
49376.png,DRIP,336,336,18,72,4418.0,18717.0,14112,9023,0.23604210076401133,0.4896375928183531
49376.png,Fixed,336,336,18,72,1395.0,21740.0,14112,9023,0.06416743330266789,0.15460489859248586
49381.png,DRIP,336,336,18,72,4418.0,18717.0,14112,9023,0.23604210076401133,0.4896375928183531
49381.png,Fixed,336,336,18,72,1395.0,21740.0,14112,9023,0.06416743330266789,0.15460489859248586
49390.png,DRIP,336,336,1,72,98.0,14223.0,14112,209,0.006890248189552134,0.4688995215311005
49390.png,Fixed,336,336,1,72,0.0,14321.0,14112,209,0.0,0.0
49391.png,DRIP,336,336,1,72,98.0,14223.0,14112,209,0.006890248189552134,0.4688995215311005
49391.png,Fixed,336,336,1,72,0.0,14321.0,14112,209,0.0,0.0
49392.png,DRIP,336,336,87,73,6773.0,50017.0,14308,42482,0.1354139592538537,0.15943223012099242
49392.png,Fixed,336,336,87,72,5989.0,50605.0,14112,42482,0.11834798932911768,0.1409773551151076
49393.png,DRIP,336,336,63,73,8268.0,46505.0,14308,40465,0.17778733469519406,0.20432472507104907
49393.png,Fixed,336,336,63,72,5022.0,49555.0,14112,40465,0.10134194329532842,0.12410725318176202
49394.png,DRIP,336,336,63,73,8268.0,46505.0,14308,40465,0.17778733469519406,0.20432472507104907
49394.png,Fixed,336,336,63,72,5022.0,49555.0,14112,40465,0.10134194329532842,0.12410725318176202
49395.png,DRIP,336,336,87,73,6773.0,50017.0,14308,42482,0.1354139592538537,0.15943223012099242
49395.png,Fixed,336,336,87,72,5989.0,50605.0,14112,42482,0.11834798932911768,0.1409773551151076
49396.png,DRIP,336,336,63,73,8268.0,46505.0,14308,40465,0.17778733469519406,0.20432472507104907
49396.png,Fixed,336,336,63,72,5022.0,49555.0,14112,40465,0.10134194329532842,0.12410725318176202
49397.png,DRIP,336,336,87,73,6773.0,50017.0,14308,42482,0.1354139592538537,0.15943223012099242
49397.png,Fixed,336,336,87,72,5989.0,50605.0,14112,42482,0.11834798932911768,0.1409773551151076
49398.png,DRIP,336,336,63,73,8268.0,46505.0,14308,40465,0.17778733469519406,0.20432472507104907
49398.png,Fixed,336,336,63,72,5022.0,49555.0,14112,40465,0.10134194329532842,0.12410725318176202
49399.png,DRIP,336,336,63,73,8268.0,46505.0,14308,40465,0.17778733469519406,0.20432472507104907
49399.png,Fixed,336,336,63,72,5022.0,49555.0,14112,40465,0.10134194329532842,0.12410725318176202
49400.png,DRIP,336,336,87,73,6773.0,50017.0,14308,42482,0.1354139592538537,0.15943223012099242
49400.png,Fixed,336,336,87,72,5989.0,50605.0,14112,42482,0.11834798932911768,0.1409773551151076
49401.png,DRIP,336,336,63,73,8268.0,46505.0,14308,40465,0.17778733469519406,0.20432472507104907
49401.png,Fixed,336,336,63,72,5022.0,49555.0,14112,40465,0.10134194329532842,0.12410725318176202
49402.png,DRIP,336,336,87,73,6773.0,50017.0,14308,42482,0.1354139592538537,0.15943223012099242
49402.png,Fixed,336,336,87,72,5989.0,50605.0,14112,42482,0.11834798932911768,0.1409773551151076
49403.png,DRIP,336,336,63,73,8268.0,46505.0,14308,40465,0.17778733469519406,0.20432472507104907
49403.png,Fixed,336,336,63,72,5022.0,49555.0,14112,40465,0.10134194329532842,0.12410725318176202
49404.png,DRIP,336,336,87,73,6773.0,50017.0,14308,42482,0.1354139592538537,0.15943223012099242
49404.png,Fixed,336,336,87,72,5989.0,50605.0,14112,42482,0.11834798932911768,0.1409773551151076
49406.png,DRIP,336,336,87,73,6773.0,50017.0,14308,42482,0.1354139592538537,0.15943223012099242
49406.png,Fixed,336,336,87,72,5989.0,50605.0,14112,42482,0.11834798932911768,0.1409773551151076
49432.png,DRIP,336,336,15,73,2650.0,20311.0,14308,8653,0.1304711732558712,0.30625216687853923
49432.png,Fixed,336,336,15,72,1086.0,21679.0,14112,8653,0.0500945615572674,0.12550560499248817
49437.png,DRIP,336,336,15,73,2650.0,20311.0,14308,8653,0.1304711732558712,0.30625216687853923
49437.png,Fixed,336,336,15,72,1086.0,21679.0,14112,8653,0.0500945615572674,0.12550560499248817
49442.png,DRIP,336,336,15,73,2650.0,20311.0,14308,8653,0.1304711732558712,0.30625216687853923
49442.png,Fixed,336,336,15,72,1086.0,21679.0,14112,8653,0.0500945615572674,0.12550560499248817
49449.png,DRIP,336,336,20,72,4128.0,26034.0,14112,16050,0.15856188061765383,0.25719626168224297
49449.png,Fixed,336,336,20,72,1790.0,28372.0,14112,16050,0.06309037078810094,0.11152647975077881
49454.png,DRIP,336,336,20,72,4128.0,26034.0,14112,16050,0.15856188061765383,0.25719626168224297
49454.png,Fixed,336,336,20,72,1790.0,28372.0,14112,16050,0.06309037078810094,0.11152647975077881
49455.png,DRIP,336,336,20,72,4128.0,26034.0,14112,16050,0.15856188061765383,0.25719626168224297
49455.png,Fixed,336,336,20,72,1790.0,28372.0,14112,16050,0.06309037078810094,0.11152647975077881
4946.png,DRIP,336,336,29,73,8454.0,57662.0,14308,51808,0.146613020706878,0.1631794317479926
4946.png,Fixed,336,336,29,72,7191.0,58729.0,14112,51808,0.12244376713378399,0.13880095738109943
49461.png,DRIP,336,336,20,72,4128.0,26034.0,14112,16050,0.15856188061765383,0.25719626168224297
49461.png,Fixed,336,336,20,72,1790.0,28372.0,14112,16050,0.06309037078810094,0.11152647975077881
49465.png,DRIP,336,336,20,72,4128.0,26034.0,14112,16050,0.15856188061765383,0.25719626168224297
49465.png,Fixed,336,336,20,72,1790.0,28372.0,14112,16050,0.06309037078810094,0.11152647975077881
4947.png,DRIP,336,336,29,73,8454.0,57662.0,14308,51808,0.146613020706878,0.1631794317479926
4947.png,Fixed,336,336,29,72,7191.0,58729.0,14112,51808,0.12244376713378399,0.13880095738109943
4948.png,DRIP,336,336,29,73,8454.0,57662.0,14308,51808,0.146613020706878,0.1631794317479926
4948.png,Fixed,336,336,29,72,7191.0,58729.0,14112,51808,0.12244376713378399,0.13880095738109943
4949.png,DRIP,336,336,29,73,8454.0,57662.0,14308,51808,0.146613020706878,0.1631794317479926
4949.png,Fixed,336,336,29,72,7191.0,58729.0,14112,51808,0.12244376713378399,0.13880095738109943
4952.png,DRIP,336,336,21,73,7805.0,54471.0,14308,47968,0.14328725376806006,0.16271264176117411
4952.png,Fixed,336,336,21,72,5804.0,56276.0,14112,47968,0.10313455114080602,0.12099733155436958
49528.png,DRIP,336,336,16,72,3041.0,20534.0,14112,9463,0.14809584104412193,0.32135686357391946
49528.png,Fixed,336,336,16,72,1106.0,22469.0,14112,9463,0.04922337442698829,0.11687625488745641
4953.png,DRIP,336,336,21,73,7805.0,54471.0,14308,47968,0.14328725376806006,0.16271264176117411
4953.png,Fixed,336,336,21,72,5804.0,56276.0,14112,47968,0.10313455114080602,0.12099733155436958
49530.png,DRIP,336,336,16,72,3041.0,20534.0,14112,9463,0.14809584104412193,0.32135686357391946
49530.png,Fixed,336,336,16,72,1106.0,22469.0,14112,9463,0.04922337442698829,0.11687625488745641
49532.png,DRIP,336,336,16,72,3041.0,20534.0,14112,9463,0.14809584104412193,0.32135686357391946
49532.png,Fixed,336,336,16,72,1106.0,22469.0,14112,9463,0.04922337442698829,0.11687625488745641
49534.png,DRIP,336,336,16,72,3041.0,20534.0,14112,9463,0.14809584104412193,0.32135686357391946
49534.png,Fixed,336,336,16,72,1106.0,22469.0,14112,9463,0.04922337442698829,0.11687625488745641
49536.png,DRIP,336,336,16,72,3041.0,20534.0,14112,9463,0.14809584104412193,0.32135686357391946
49536.png,Fixed,336,336,16,72,1106.0,22469.0,14112,9463,0.04922337442698829,0.11687625488745641
4954.png,DRIP,336,336,21,73,7805.0,54471.0,14308,47968,0.14328725376806006,0.16271264176117411
4954.png,Fixed,336,336,21,72,5804.0,56276.0,14112,47968,0.10313455114080602,0.12099733155436958
49542.png,DRIP,336,336,16,72,3041.0,20534.0,14112,9463,0.14809584104412193,0.32135686357391946
49542.png,Fixed,336,336,16,72,1106.0,22469.0,14112,9463,0.04922337442698829,0.11687625488745641
49544.png,DRIP,336,336,16,72,3041.0,20534.0,14112,9463,0.14809584104412193,0.32135686357391946
49544.png,Fixed,336,336,16,72,1106.0,22469.0,14112,9463,0.04922337442698829,0.11687625488745641
49546.png,DRIP,336,336,16,72,3041.0,20534.0,14112,9463,0.14809584104412193,0.32135686357391946
49546.png,Fixed,336,336,16,72,1106.0,22469.0,14112,9463,0.04922337442698829,0.11687625488745641
4955.png,DRIP,336,336,21,73,7805.0,54471.0,14308,47968,0.14328725376806006,0.16271264176117411
4955.png,Fixed,336,336,21,72,5804.0,56276.0,14112,47968,0.10313455114080602,0.12099733155436958
49550.png,DRIP,336,336,16,72,3041.0,20534.0,14112,9463,0.14809584104412193,0.32135686357391946
49550.png,Fixed,336,336,16,72,1106.0,22469.0,14112,9463,0.04922337442698829,0.11687625488745641
49555.png,DRIP,336,336,16,72,3041.0,20534.0,14112,9463,0.14809584104412193,0.32135686357391946
49555.png,Fixed,336,336,16,72,1106.0,22469.0,14112,9463,0.04922337442698829,0.11687625488745641
4956.png,DRIP,336,336,21,73,7805.0,54471.0,14308,47968,0.14328725376806006,0.16271264176117411
4956.png,Fixed,336,336,21,72,5804.0,56276.0,14112,47968,0.10313455114080602,0.12099733155436958
49560.png,DRIP,336,336,16,72,3041.0,20534.0,14112,9463,0.14809584104412193,0.32135686357391946
49560.png,Fixed,336,336,16,72,1106.0,22469.0,14112,9463,0.04922337442698829,0.11687625488745641
49565.png,DRIP,336,336,29,72,5711.0,37327.0,14112,28926,0.1529991695019691,0.19743483371361406
49565.png,Fixed,336,336,29,72,2804.0,40234.0,14112,28926,0.06969230004473828,0.09693701168498928
49569.png,DRIP,336,336,29,72,5711.0,37327.0,14112,28926,0.1529991695019691,0.19743483371361406
49569.png,Fixed,336,336,29,72,2804.0,40234.0,14112,28926,0.06969230004473828,0.09693701168498928
4957.png,DRIP,336,336,21,73,7805.0,54471.0,14308,47968,0.14328725376806006,0.16271264176117411
4957.png,Fixed,336,336,21,72,5804.0,56276.0,14112,47968,0.10313455114080602,0.12099733155436958
49574.png,DRIP,336,336,29,72,5711.0,37327.0,14112,28926,0.1529991695019691,0.19743483371361406
49574.png,Fixed,336,336,29,72,2804.0,40234.0,14112,28926,0.06969230004473828,0.09693701168498928
49577.png,DRIP,336,336,68,73,7478.0,52108.0,14308,45278,0.1435096338374146,0.16515747161977118
49577.png,Fixed,336,336,68,72,5537.0,53853.0,14112,45278,0.1028169275620671,0.12228897036088167
49579.png,DRIP,336,336,29,72,5711.0,37327.0,14112,28926,0.1529991695019691,0.19743483371361406
49579.png,Fixed,336,336,29,72,2804.0,40234.0,14112,28926,0.06969230004473828,0.09693701168498928
4958.png,DRIP,336,336,16,72,5876.0,45383.0,14112,37147,0.12947579490117445,0.15818235658330418
4958.png,Fixed,336,336,16,72,4787.0,46472.0,14112,37147,0.10300826304011017,0.12886639567125205
49583.png,DRIP,336,336,29,72,5711.0,37327.0,14112,28926,0.1529991695019691,0.19743483371361406
49583.png,Fixed,336,336,29,72,2804.0,40234.0,14112,28926,0.06969230004473828,0.09693701168498928
49586.png,DRIP,336,336,29,72,5711.0,37327.0,14112,28926,0.1529991695019691,0.19743483371361406
49586.png,Fixed,336,336,29,72,2804.0,40234.0,14112,28926,0.06969230004473828,0.09693701168498928
4959.png,DRIP,336,336,16,72,5876.0,45383.0,14112,37147,0.12947579490117445,0.15818235658330418
4959.png,Fixed,336,336,16,72,4787.0,46472.0,14112,37147,0.10300826304011017,0.12886639567125205
49595.png,DRIP,336,336,29,72,5711.0,37327.0,14112,28926,0.1529991695019691,0.19743483371361406
49595.png,Fixed,336,336,29,72,2804.0,40234.0,14112,28926,0.06969230004473828,0.09693701168498928
49605.png,DRIP,336,336,29,72,5711.0,37327.0,14112,28926,0.1529991695019691,0.19743483371361406
49605.png,Fixed,336,336,29,72,2804.0,40234.0,14112,28926,0.06969230004473828,0.09693701168498928
49617.png,DRIP,336,336,68,73,7478.0,52108.0,14308,45278,0.1435096338374146,0.16515747161977118
49617.png,Fixed,336,336,68,72,5537.0,53853.0,14112,45278,0.1028169275620671,0.12228897036088167
4962.png,DRIP,336,336,20,73,3822.0,35127.0,14308,24641,0.10880519258689897,0.15510734142283186
4962.png,Fixed,336,336,20,72,3137.0,35616.0,14112,24641,0.08807839173405212,0.12730814496164927
49629.png,DRIP,336,336,68,73,7478.0,52108.0,14308,45278,0.1435096338374146,0.16515747161977118
49629.png,Fixed,336,336,68,72,5537.0,53853.0,14112,45278,0.1028169275620671,0.12228897036088167
4963.png,DRIP,336,336,20,73,3822.0,35127.0,14308,24641,0.10880519258689897,0.15510734142283186
4963.png,Fixed,336,336,20,72,3137.0,35616.0,14112,24641,0.08807839173405212,0.12730814496164927
4964.png,DRIP,336,336,24,73,8370.0,58090.0,14308,52152,0.14408676192115683,0.16049240681086055
4964.png,Fixed,336,336,24,72,6344.0,59920.0,14112,52152,0.10587449933244326,0.12164442399140972
49643.png,DRIP,336,336,68,73,7478.0,52108.0,14308,45278,0.1435096338374146,0.16515747161977118
49643.png,Fixed,336,336,68,72,5537.0,53853.0,14112,45278,0.1028169275620671,0.12228897036088167
4966.png,DRIP,336,336,19,73,7139.0,53775.0,14308,46606,0.13275685727568573,0.1531777024417457
4966.png,Fixed,336,336,19,72,5021.0,55697.0,14112,46606,0.09014848196491732,0.10773290992576064
4967.png,DRIP,336,336,19,73,7139.0,53775.0,14308,46606,0.13275685727568573,0.1531777024417457
4967.png,Fixed,336,336,19,72,5021.0,55697.0,14112,46606,0.09014848196491732,0.10773290992576064
4968.png,DRIP,336,336,19,73,7139.0,53775.0,14308,46606,0.13275685727568573,0.1531777024417457
4968.png,Fixed,336,336,19,72,5021.0,55697.0,14112,46606,0.09014848196491732,0.10773290992576064
4969.png,DRIP,336,336,19,73,7139.0,53775.0,14308,46606,0.13275685727568573,0.1531777024417457
4969.png,Fixed,336,336,19,72,5021.0,55697.0,14112,46606,0.09014848196491732,0.10773290992576064
4970.png,DRIP,336,336,19,73,7139.0,53775.0,14308,46606,0.13275685727568573,0.1531777024417457
4970.png,Fixed,336,336,19,72,5021.0,55697.0,14112,46606,0.09014848196491732,0.10773290992576064
4971.png,DRIP,336,336,19,73,7139.0,53775.0,14308,46606,0.13275685727568573,0.1531777024417457
4971.png,Fixed,336,336,19,72,5021.0,55697.0,14112,46606,0.09014848196491732,0.10773290992576064
4977.png,DRIP,336,336,44,73,5651.0,38679.0,14308,30022,0.14609995087773728,0.18822863233628673
4977.png,Fixed,336,336,44,72,3491.0,40643.0,14112,30022,0.08589424993233767,0.11628139364466059
4978.png,DRIP,336,336,44,73,5651.0,38679.0,14308,30022,0.14609995087773728,0.18822863233628673
4978.png,Fixed,336,336,44,72,3491.0,40643.0,14112,30022,0.08589424993233767,0.11628139364466059
4979.png,DRIP,336,336,44,73,5651.0,38679.0,14308,30022,0.14609995087773728,0.18822863233628673
4979.png,Fixed,336,336,44,72,3491.0,40643.0,14112,30022,0.08589424993233767,0.11628139364466059
4980.png,DRIP,336,336,44,73,5651.0,38679.0,14308,30022,0.14609995087773728,0.18822863233628673
4980.png,Fixed,336,336,44,72,3491.0,40643.0,14112,30022,0.08589424993233767,0.11628139364466059
50104.png,DRIP,336,336,28,72,4221.0,29923.0,14112,20032,0.14106205928549945,0.21071285942492013
50104.png,Fixed,336,336,28,72,2897.0,31247.0,14112,20032,0.09271290043844209,0.14461861022364217
50106.png,DRIP,336,336,28,72,4221.0,29923.0,14112,20032,0.14106205928549945,0.21071285942492013
50106.png,Fixed,336,336,28,72,2897.0,31247.0,14112,20032,0.09271290043844209,0.14461861022364217
50107.png,DRIP,336,336,28,72,4221.0,29923.0,14112,20032,0.14106205928549945,0.21071285942492013
50107.png,Fixed,336,336,28,72,2897.0,31247.0,14112,20032,0.09271290043844209,0.14461861022364217
50112.png,DRIP,336,336,28,72,4221.0,29923.0,14112,20032,0.14106205928549945,0.21071285942492013
50112.png,Fixed,336,336,28,72,2897.0,31247.0,14112,20032,0.09271290043844209,0.14461861022364217
50114.png,DRIP,336,336,28,72,4221.0,29923.0,14112,20032,0.14106205928549945,0.21071285942492013
50114.png,Fixed,336,336,28,72,2897.0,31247.0,14112,20032,0.09271290043844209,0.14461861022364217
50117.png,DRIP,336,336,28,72,4221.0,29923.0,14112,20032,0.14106205928549945,0.21071285942492013
50117.png,Fixed,336,336,28,72,2897.0,31247.0,14112,20032,0.09271290043844209,0.14461861022364217
50120.png,DRIP,336,336,28,72,4221.0,29923.0,14112,20032,0.14106205928549945,0.21071285942492013
50120.png,Fixed,336,336,28,72,2897.0,31247.0,14112,20032,0.09271290043844209,0.14461861022364217
50122.png,DRIP,336,336,28,72,4221.0,29923.0,14112,20032,0.14106205928549945,0.21071285942492013
50122.png,Fixed,336,336,28,72,2897.0,31247.0,14112,20032,0.09271290043844209,0.14461861022364217
50123.png,DRIP,336,336,28,72,4221.0,29923.0,14112,20032,0.14106205928549945,0.21071285942492013
50123.png,Fixed,336,336,28,72,2897.0,31247.0,14112,20032,0.09271290043844209,0.14461861022364217
50207.png,DRIP,336,336,19,72,2718.0,18445.0,14112,7051,0.14735700731905665,0.38547723727130906
50207.png,Fixed,336,336,19,72,980.0,20183.0,14112,7051,0.04855571520586632,0.13898737767692526
50208.png,DRIP,336,336,19,72,2718.0,18445.0,14112,7051,0.14735700731905665,0.38547723727130906
50208.png,Fixed,336,336,19,72,980.0,20183.0,14112,7051,0.04855571520586632,0.13898737767692526
50209.png,DRIP,336,336,19,72,2718.0,18445.0,14112,7051,0.14735700731905665,0.38547723727130906
50209.png,Fixed,336,336,19,72,980.0,20183.0,14112,7051,0.04855571520586632,0.13898737767692526
50210.png,DRIP,336,336,19,72,2718.0,18445.0,14112,7051,0.14735700731905665,0.38547723727130906
50210.png,Fixed,336,336,19,72,980.0,20183.0,14112,7051,0.04855571520586632,0.13898737767692526
50211.png,DRIP,336,336,19,72,2718.0,18445.0,14112,7051,0.14735700731905665,0.38547723727130906
50211.png,Fixed,336,336,19,72,980.0,20183.0,14112,7051,0.04855571520586632,0.13898737767692526
50260.png,DRIP,336,336,27,72,4831.0,34678.0,14112,25397,0.13931022550320088,0.19021931724219396
50260.png,Fixed,336,336,27,72,3078.0,36431.0,14112,25397,0.08448848508138673,0.12119541678150962
50261.png,DRIP,336,336,27,72,4831.0,34678.0,14112,25397,0.13931022550320088,0.19021931724219396
50261.png,Fixed,336,336,27,72,3078.0,36431.0,14112,25397,0.08448848508138673,0.12119541678150962
50262.png,DRIP,336,336,27,72,4831.0,34678.0,14112,25397,0.13931022550320088,0.19021931724219396
50262.png,Fixed,336,336,27,72,3078.0,36431.0,14112,25397,0.08448848508138673,0.12119541678150962
50266.png,DRIP,336,336,27,72,4831.0,34678.0,14112,25397,0.13931022550320088,0.19021931724219396
50266.png,Fixed,336,336,27,72,3078.0,36431.0,14112,25397,0.08448848508138673,0.12119541678150962
50274.png,DRIP,336,336,27,72,4831.0,34678.0,14112,25397,0.13931022550320088,0.19021931724219396
50274.png,Fixed,336,336,27,72,3078.0,36431.0,14112,25397,0.08448848508138673,0.12119541678150962
50289.png,DRIP,336,336,36,72,5332.0,31507.0,14112,22727,0.16923223410670646,0.23461081532978395
50289.png,Fixed,336,336,36,72,2391.0,34448.0,14112,22727,0.06940896423594983,0.10520526246314955
50290.png,DRIP,336,336,36,72,5332.0,31507.0,14112,22727,0.16923223410670646,0.23461081532978395
50290.png,Fixed,336,336,36,72,2391.0,34448.0,14112,22727,0.06940896423594983,0.10520526246314955
50293.png,DRIP,336,336,36,72,5332.0,31507.0,14112,22727,0.16923223410670646,0.23461081532978395
50293.png,Fixed,336,336,36,72,2391.0,34448.0,14112,22727,0.06940896423594983,0.10520526246314955
50295.png,DRIP,336,336,36,72,5332.0,31507.0,14112,22727,0.16923223410670646,0.23461081532978395
50295.png,Fixed,336,336,36,72,2391.0,34448.0,14112,22727,0.06940896423594983,0.10520526246314955
50299.png,DRIP,336,336,36,72,5332.0,31507.0,14112,22727,0.16923223410670646,0.23461081532978395
50299.png,Fixed,336,336,36,72,2391.0,34448.0,14112,22727,0.06940896423594983,0.10520526246314955
50303.png,DRIP,336,336,36,72,5332.0,31507.0,14112,22727,0.16923223410670646,0.23461081532978395
50303.png,Fixed,336,336,36,72,2391.0,34448.0,14112,22727,0.06940896423594983,0.10520526246314955
50304.png,DRIP,336,336,36,72,5332.0,31507.0,14112,22727,0.16923223410670646,0.23461081532978395
50304.png,Fixed,336,336,36,72,2391.0,34448.0,14112,22727,0.06940896423594983,0.10520526246314955
50307.png,DRIP,336,336,36,72,5332.0,31507.0,14112,22727,0.16923223410670646,0.23461081532978395
50307.png,Fixed,336,336,36,72,2391.0,34448.0,14112,22727,0.06940896423594983,0.10520526246314955
50309.png,DRIP,336,336,30,73,3545.0,36135.0,14308,25372,0.0981043309810433,0.1397209522308056
50309.png,Fixed,336,336,30,72,3666.0,35818.0,14112,25372,0.10235077335417947,0.14448998896421253
50310.png,DRIP,336,336,30,73,3545.0,36135.0,14308,25372,0.0981043309810433,0.1397209522308056
50310.png,Fixed,336,336,30,72,3666.0,35818.0,14112,25372,0.10235077335417947,0.14448998896421253
50311.png,DRIP,336,336,30,73,3545.0,36135.0,14308,25372,0.0981043309810433,0.1397209522308056
50311.png,Fixed,336,336,30,72,3666.0,35818.0,14112,25372,0.10235077335417947,0.14448998896421253
50312.png,DRIP,336,336,30,73,3545.0,36135.0,14308,25372,0.0981043309810433,0.1397209522308056
50312.png,Fixed,336,336,30,72,3666.0,35818.0,14112,25372,0.10235077335417947,0.14448998896421253
50315.png,DRIP,336,336,30,73,3545.0,36135.0,14308,25372,0.0981043309810433,0.1397209522308056
50315.png,Fixed,336,336,30,72,3666.0,35818.0,14112,25372,0.10235077335417947,0.14448998896421253
50316.png,DRIP,336,336,30,73,3545.0,36135.0,14308,25372,0.0981043309810433,0.1397209522308056
50316.png,Fixed,336,336,30,72,3666.0,35818.0,14112,25372,0.10235077335417947,0.14448998896421253
50317.png,DRIP,336,336,17,72,2176.0,18610.0,14112,6674,0.1169263836646964,0.32604135451003896
50317.png,Fixed,336,336,17,72,697.0,20089.0,14112,6674,0.03469560455970929,0.10443512136649685
50318.png,DRIP,336,336,17,72,2176.0,18610.0,14112,6674,0.1169263836646964,0.32604135451003896
50318.png,Fixed,336,336,17,72,697.0,20089.0,14112,6674,0.03469560455970929,0.10443512136649685
50319.png,DRIP,336,336,17,72,2176.0,18610.0,14112,6674,0.1169263836646964,0.32604135451003896
50319.png,Fixed,336,336,17,72,697.0,20089.0,14112,6674,0.03469560455970929,0.10443512136649685
50320.png,DRIP,336,336,17,72,2176.0,18610.0,14112,6674,0.1169263836646964,0.32604135451003896
50320.png,Fixed,336,336,17,72,697.0,20089.0,14112,6674,0.03469560455970929,0.10443512136649685
50321.png,DRIP,336,336,17,72,2176.0,18610.0,14112,6674,0.1169263836646964,0.32604135451003896
50321.png,Fixed,336,336,17,72,697.0,20089.0,14112,6674,0.03469560455970929,0.10443512136649685
50322.png,DRIP,336,336,17,72,2176.0,18610.0,14112,6674,0.1169263836646964,0.32604135451003896
50322.png,Fixed,336,336,17,72,697.0,20089.0,14112,6674,0.03469560455970929,0.10443512136649685
50356.png,DRIP,336,336,36,72,3925.0,26886.0,14112,16699,0.14598675890798185,0.2350440146116534
50356.png,Fixed,336,336,36,72,2160.0,28651.0,14112,16699,0.07539003874210325,0.12934906281813283
50361.png,DRIP,336,336,36,72,3925.0,26886.0,14112,16699,0.14598675890798185,0.2350440146116534
50361.png,Fixed,336,336,36,72,2160.0,28651.0,14112,16699,0.07539003874210325,0.12934906281813283
50362.png,DRIP,336,336,36,72,3925.0,26886.0,14112,16699,0.14598675890798185,0.2350440146116534
50362.png,Fixed,336,336,36,72,2160.0,28651.0,14112,16699,0.07539003874210325,0.12934906281813283
50363.png,DRIP,336,336,36,72,3925.0,26886.0,14112,16699,0.14598675890798185,0.2350440146116534
50363.png,Fixed,336,336,36,72,2160.0,28651.0,14112,16699,0.07539003874210325,0.12934906281813283
50364.png,DRIP,336,336,36,72,3925.0,26886.0,14112,16699,0.14598675890798185,0.2350440146116534
50364.png,Fixed,336,336,36,72,2160.0,28651.0,14112,16699,0.07539003874210325,0.12934906281813283
50366.png,DRIP,336,336,36,72,3925.0,26886.0,14112,16699,0.14598675890798185,0.2350440146116534
50366.png,Fixed,336,336,36,72,2160.0,28651.0,14112,16699,0.07539003874210325,0.12934906281813283
50367.png,DRIP,336,336,36,72,3925.0,26886.0,14112,16699,0.14598675890798185,0.2350440146116534
50367.png,Fixed,336,336,36,72,2160.0,28651.0,14112,16699,0.07539003874210325,0.12934906281813283
50418.png,DRIP,336,336,11,72,669.0,23584.0,14112,10141,0.028366689280868385,0.0659698254609999
50418.png,Fixed,336,336,11,72,1462.0,22791.0,14112,10141,0.06414812864727305,0.14416724188936003
50448.png,DRIP,336,336,11,72,669.0,23584.0,14112,10141,0.028366689280868385,0.0659698254609999
50448.png,Fixed,336,336,11,72,1462.0,22791.0,14112,10141,0.06414812864727305,0.14416724188936003
50450.png,DRIP,336,336,11,72,669.0,23584.0,14112,10141,0.028366689280868385,0.0659698254609999
50450.png,Fixed,336,336,11,72,1462.0,22791.0,14112,10141,0.06414812864727305,0.14416724188936003
50452.png,DRIP,336,336,11,72,669.0,23584.0,14112,10141,0.028366689280868385,0.0659698254609999
50452.png,Fixed,336,336,11,72,1462.0,22791.0,14112,10141,0.06414812864727305,0.14416724188936003
50467.png,DRIP,336,336,6,72,1081.0,17061.0,14112,4030,0.06336088154269973,0.2682382133995037
50467.png,Fixed,336,336,6,72,332.0,17810.0,14112,4030,0.018641212801796744,0.08238213399503722
50468.png,DRIP,336,336,6,72,1081.0,17061.0,14112,4030,0.06336088154269973,0.2682382133995037
50468.png,Fixed,336,336,6,72,332.0,17810.0,14112,4030,0.018641212801796744,0.08238213399503722
50469.png,DRIP,336,336,6,72,1081.0,17061.0,14112,4030,0.06336088154269973,0.2682382133995037
50469.png,Fixed,336,336,6,72,332.0,17810.0,14112,4030,0.018641212801796744,0.08238213399503722
50501.png,DRIP,336,336,14,73,3456.0,24526.0,14308,13674,0.14091168555818315,0.25274243089074155
50501.png,Fixed,336,336,14,72,1032.0,26754.0,14112,13674,0.03857367122673245,0.07547169811320754
50502.png,DRIP,336,336,14,73,3456.0,24526.0,14308,13674,0.14091168555818315,0.25274243089074155
50502.png,Fixed,336,336,14,72,1032.0,26754.0,14112,13674,0.03857367122673245,0.07547169811320754
50503.png,DRIP,336,336,3,73,281.0,16467.0,14308,2440,0.017064431894091212,0.1151639344262295
50503.png,Fixed,336,336,3,72,196.0,16356.0,14112,2440,0.0119833700171191,0.08032786885245902
50504.png,DRIP,336,336,3,73,281.0,16467.0,14308,2440,0.017064431894091212,0.1151639344262295
50504.png,Fixed,336,336,3,72,196.0,16356.0,14112,2440,0.0119833700171191,0.08032786885245902
50505.png,DRIP,336,336,3,73,281.0,16467.0,14308,2440,0.017064431894091212,0.1151639344262295
50505.png,Fixed,336,336,3,72,196.0,16356.0,14112,2440,0.0119833700171191,0.08032786885245902
50506.png,DRIP,336,336,3,73,281.0,16467.0,14308,2440,0.017064431894091212,0.1151639344262295
50506.png,Fixed,336,336,3,72,196.0,16356.0,14112,2440,0.0119833700171191,0.08032786885245902
50507.png,DRIP,336,336,3,73,281.0,16467.0,14308,2440,0.017064431894091212,0.1151639344262295
50507.png,Fixed,336,336,3,72,196.0,16356.0,14112,2440,0.0119833700171191,0.08032786885245902
50508.png,DRIP,336,336,3,73,281.0,16467.0,14308,2440,0.017064431894091212,0.1151639344262295
50508.png,Fixed,336,336,3,72,196.0,16356.0,14112,2440,0.0119833700171191,0.08032786885245902
50509.png,DRIP,336,336,3,73,281.0,16467.0,14308,2440,0.017064431894091212,0.1151639344262295
50509.png,Fixed,336,336,3,72,196.0,16356.0,14112,2440,0.0119833700171191,0.08032786885245902
50510.png,DRIP,336,336,3,73,281.0,16467.0,14308,2440,0.017064431894091212,0.1151639344262295
50510.png,Fixed,336,336,3,72,196.0,16356.0,14112,2440,0.0119833700171191,0.08032786885245902
50512.png,DRIP,336,336,14,73,3456.0,24526.0,14308,13674,0.14091168555818315,0.25274243089074155
50512.png,Fixed,336,336,14,72,1032.0,26754.0,14112,13674,0.03857367122673245,0.07547169811320754
50515.png,DRIP,336,336,14,73,3456.0,24526.0,14308,13674,0.14091168555818315,0.25274243089074155
50515.png,Fixed,336,336,14,72,1032.0,26754.0,14112,13674,0.03857367122673245,0.07547169811320754
50516.png,DRIP,336,336,14,73,3456.0,24526.0,14308,13674,0.14091168555818315,0.25274243089074155
50516.png,Fixed,336,336,14,72,1032.0,26754.0,14112,13674,0.03857367122673245,0.07547169811320754
50517.png,DRIP,336,336,19,73,3266.0,41977.0,14308,30935,0.07780451199466375,0.10557620817843866
50517.png,Fixed,336,336,19,72,3655.0,41392.0,14112,30935,0.08830208735987631,0.11815096169387425
50518.png,DRIP,336,336,19,73,3266.0,41977.0,14308,30935,0.07780451199466375,0.10557620817843866
50518.png,Fixed,336,336,19,72,3655.0,41392.0,14112,30935,0.08830208735987631,0.11815096169387425
50519.png,DRIP,336,336,27,73,5264.0,43895.0,14308,34851,0.11992254243080078,0.15104301167828757
50519.png,Fixed,336,336,27,72,3905.0,45058.0,14112,34851,0.08666607483687691,0.11204843476514303
50527.png,DRIP,336,336,27,73,5264.0,43895.0,14308,34851,0.11992254243080078,0.15104301167828757
50527.png,Fixed,336,336,27,72,3905.0,45058.0,14112,34851,0.08666607483687691,0.11204843476514303
50528.png,DRIP,336,336,27,73,5264.0,43895.0,14308,34851,0.11992254243080078,0.15104301167828757
50528.png,Fixed,336,336,27,72,3905.0,45058.0,14112,34851,0.08666607483687691,0.11204843476514303
50529.png,DRIP,336,336,9,73,1973.0,21728.0,14308,9393,0.09080449189985272,0.2100500372617907
50529.png,Fixed,336,336,9,72,461.0,23044.0,14112,9393,0.020005207429265752,0.04907910145853295
50532.png,DRIP,336,336,9,73,1973.0,21728.0,14308,9393,0.09080449189985272,0.2100500372617907
50532.png,Fixed,336,336,9,72,461.0,23044.0,14112,9393,0.020005207429265752,0.04907910145853295
50536.png,DRIP,336,336,16,73,4114.0,40507.0,14308,30313,0.10156269286789937,0.13571734899218157
50536.png,Fixed,336,336,16,72,3608.0,40817.0,14112,30313,0.08839454149006541,0.11902484082736779
50537.png,DRIP,336,336,16,73,4114.0,40507.0,14308,30313,0.10156269286789937,0.13571734899218157
50537.png,Fixed,336,336,16,72,3608.0,40817.0,14112,30313,0.08839454149006541,0.11902484082736779
50538.png,DRIP,336,336,8,73,2373.0,17065.0,14308,5130,0.13905654849106358,0.4625730994152047
50538.png,Fixed,336,336,8,72,831.0,18411.0,14112,5130,0.04513605996415187,0.16198830409356726
50539.png,DRIP,336,336,8,73,2373.0,17065.0,14308,5130,0.13905654849106358,0.4625730994152047
50539.png,Fixed,336,336,8,72,831.0,18411.0,14112,5130,0.04513605996415187,0.16198830409356726
50541.png,DRIP,336,336,8,73,2373.0,17065.0,14308,5130,0.13905654849106358,0.4625730994152047
50541.png,Fixed,336,336,8,72,831.0,18411.0,14112,5130,0.04513605996415187,0.16198830409356726
50716.png,DRIP,336,336,8,73,2373.0,17065.0,14308,5130,0.13905654849106358,0.4625730994152047
50716.png,Fixed,336,336,8,72,831.0,18411.0,14112,5130,0.04513605996415187,0.16198830409356726
50717.png,DRIP,336,336,8,73,2373.0,17065.0,14308,5130,0.13905654849106358,0.4625730994152047
50717.png,Fixed,336,336,8,72,831.0,18411.0,14112,5130,0.04513605996415187,0.16198830409356726
50718.png,DRIP,336,336,8,73,2373.0,17065.0,14308,5130,0.13905654849106358,0.4625730994152047
50718.png,Fixed,336,336,8,72,831.0,18411.0,14112,5130,0.04513605996415187,0.16198830409356726
50719.png,DRIP,336,336,8,73,2373.0,17065.0,14308,5130,0.13905654849106358,0.4625730994152047
50719.png,Fixed,336,336,8,72,831.0,18411.0,14112,5130,0.04513605996415187,0.16198830409356726
50720.png,DRIP,336,336,8,73,2373.0,17065.0,14308,5130,0.13905654849106358,0.4625730994152047
50720.png,Fixed,336,336,8,72,831.0,18411.0,14112,5130,0.04513605996415187,0.16198830409356726
50721.png,DRIP,336,336,29,73,8334.0,76190.0,14308,70216,0.10938443365271033,0.11869089666172952
50721.png,Fixed,336,336,29,72,8609.0,75719.0,14112,70216,0.11369669435676646,0.12260738293266492
50722.png,DRIP,336,336,29,73,8334.0,76190.0,14308,70216,0.10938443365271033,0.11869089666172952
50722.png,Fixed,336,336,29,72,8609.0,75719.0,14112,70216,0.11369669435676646,0.12260738293266492
50724.png,DRIP,336,336,29,73,8334.0,76190.0,14308,70216,0.10938443365271033,0.11869089666172952
50724.png,Fixed,336,336,29,72,8609.0,75719.0,14112,70216,0.11369669435676646,0.12260738293266492
50725.png,DRIP,336,336,29,73,8334.0,76190.0,14308,70216,0.10938443365271033,0.11869089666172952
50725.png,Fixed,336,336,29,72,8609.0,75719.0,14112,70216,0.11369669435676646,0.12260738293266492
50741.png,DRIP,336,336,25,73,7052.0,54831.0,14308,47575,0.12861337564516423,0.14822911192853389
50741.png,Fixed,336,336,25,72,5510.0,56177.0,14112,47575,0.09808284529255745,0.11581713084603258
50743.png,DRIP,336,336,25,73,7052.0,54831.0,14308,47575,0.12861337564516423,0.14822911192853389
50743.png,Fixed,336,336,25,72,5510.0,56177.0,14112,47575,0.09808284529255745,0.11581713084603258
50746.png,DRIP,336,336,25,73,7052.0,54831.0,14308,47575,0.12861337564516423,0.14822911192853389
50746.png,Fixed,336,336,25,72,5510.0,56177.0,14112,47575,0.09808284529255745,0.11581713084603258
50748.png,DRIP,336,336,25,73,7052.0,54831.0,14308,47575,0.12861337564516423,0.14822911192853389
50748.png,Fixed,336,336,25,72,5510.0,56177.0,14112,47575,0.09808284529255745,0.11581713084603258
50752.png,DRIP,336,336,25,73,7052.0,54831.0,14308,47575,0.12861337564516423,0.14822911192853389
50752.png,Fixed,336,336,25,72,5510.0,56177.0,14112,47575,0.09808284529255745,0.11581713084603258
50756.png,DRIP,336,336,25,73,7052.0,54831.0,14308,47575,0.12861337564516423,0.14822911192853389
50756.png,Fixed,336,336,25,72,5510.0,56177.0,14112,47575,0.09808284529255745,0.11581713084603258
50758.png,DRIP,336,336,25,73,7052.0,54831.0,14308,47575,0.12861337564516423,0.14822911192853389
50758.png,Fixed,336,336,25,72,5510.0,56177.0,14112,47575,0.09808284529255745,0.11581713084603258
50761.png,DRIP,336,336,25,73,7052.0,54831.0,14308,47575,0.12861337564516423,0.14822911192853389
50761.png,Fixed,336,336,25,72,5510.0,56177.0,14112,47575,0.09808284529255745,0.11581713084603258
50762.png,DRIP,336,336,20,73,4410.0,38680.0,14308,28782,0.1140124095139607,0.15322076297686055
50762.png,Fixed,336,336,20,72,3952.0,38942.0,14112,28782,0.10148425864105592,0.13730803974706413
50763.png,DRIP,336,336,20,73,4410.0,38680.0,14308,28782,0.1140124095139607,0.15322076297686055
50763.png,Fixed,336,336,20,72,3952.0,38942.0,14112,28782,0.10148425864105592,0.13730803974706413
50765.png,DRIP,336,336,53,73,6728.0,50492.0,14308,42912,0.1332488314980591,0.15678598061148397
50765.png,Fixed,336,336,53,72,4967.0,52057.0,14112,42912,0.0954146416428146,0.11574850857568979
50766.png,DRIP,336,336,37,72,6115.0,35988.0,14112,27991,0.16991775036123152,0.21846307741774143
50766.png,Fixed,336,336,37,72,3579.0,38524.0,14112,27991,0.09290312532447306,0.12786252724089886
50767.png,DRIP,336,336,53,73,6728.0,50492.0,14308,42912,0.1332488314980591,0.15678598061148397
50767.png,Fixed,336,336,53,72,4967.0,52057.0,14112,42912,0.0954146416428146,0.11574850857568979
50768.png,DRIP,336,336,37,72,6115.0,35988.0,14112,27991,0.16991775036123152,0.21846307741774143
50768.png,Fixed,336,336,37,72,3579.0,38524.0,14112,27991,0.09290312532447306,0.12786252724089886
50769.png,DRIP,336,336,37,72,6115.0,35988.0,14112,27991,0.16991775036123152,0.21846307741774143
50769.png,Fixed,336,336,37,72,3579.0,38524.0,14112,27991,0.09290312532447306,0.12786252724089886
50770.png,DRIP,336,336,53,73,6728.0,50492.0,14308,42912,0.1332488314980591,0.15678598061148397
50770.png,Fixed,336,336,53,72,4967.0,52057.0,14112,42912,0.0954146416428146,0.11574850857568979
50771.png,DRIP,336,336,6,73,3134.0,24493.0,14308,13319,0.12795492589719512,0.23530295067197238
50771.png,Fixed,336,336,6,72,1640.0,25791.0,14112,13319,0.06358807335892365,0.12313236729484195
50772.png,DRIP,336,336,6,73,3134.0,24493.0,14308,13319,0.12795492589719512,0.23530295067197238
50772.png,Fixed,336,336,6,72,1640.0,25791.0,14112,13319,0.06358807335892365,0.12313236729484195
50773.png,DRIP,336,336,6,73,3134.0,24493.0,14308,13319,0.12795492589719512,0.23530295067197238
50773.png,Fixed,336,336,6,72,1640.0,25791.0,14112,13319,0.06358807335892365,0.12313236729484195
50774.png,DRIP,336,336,6,73,3134.0,24493.0,14308,13319,0.12795492589719512,0.23530295067197238
50774.png,Fixed,336,336,6,72,1640.0,25791.0,14112,13319,0.06358807335892365,0.12313236729484195
50775.png,DRIP,336,336,53,73,6728.0,50492.0,14308,42912,0.1332488314980591,0.15678598061148397
50775.png,Fixed,336,336,53,72,4967.0,52057.0,14112,42912,0.0954146416428146,0.11574850857568979
50776.png,DRIP,336,336,37,72,6704.0,53818.0,14112,46410,0.12456798840536623,0.14445162680456797
50776.png,Fixed,336,336,37,72,5589.0,54933.0,14112,46410,0.10174212222161542,0.12042663219133808
50777.png,DRIP,336,336,37,72,6704.0,53818.0,14112,46410,0.12456798840536623,0.14445162680456797
50777.png,Fixed,336,336,37,72,5589.0,54933.0,14112,46410,0.10174212222161542,0.12042663219133808
50778.png,DRIP,336,336,37,72,6704.0,53818.0,14112,46410,0.12456798840536623,0.14445162680456797
50778.png,Fixed,336,336,37,72,5589.0,54933.0,14112,46410,0.10174212222161542,0.12042663219133808
50779.png,DRIP,336,336,29,72,4777.0,35789.0,14112,26454,0.13347676660426389,0.18057760641112874
50779.png,Fixed,336,336,29,72,2728.0,37838.0,14112,26454,0.07209683387071199,0.10312240114916459
50780.png,DRIP,336,336,29,72,4777.0,35789.0,14112,26454,0.13347676660426389,0.18057760641112874
50780.png,Fixed,336,336,29,72,2728.0,37838.0,14112,26454,0.07209683387071199,0.10312240114916459
50781.png,DRIP,336,336,29,72,4777.0,35789.0,14112,26454,0.13347676660426389,0.18057760641112874
50781.png,Fixed,336,336,29,72,2728.0,37838.0,14112,26454,0.07209683387071199,0.10312240114916459
50788.png,DRIP,336,336,4,72,1066.0,15389.0,14112,2343,0.0692702579764767,0.4549722577891592
50788.png,Fixed,336,336,4,72,532.0,15923.0,14112,2343,0.0334107894241035,0.22705932565087494
50789.png,DRIP,336,336,4,72,1066.0,15389.0,14112,2343,0.0692702579764767,0.4549722577891592
50789.png,Fixed,336,336,4,72,532.0,15923.0,14112,2343,0.0334107894241035,0.22705932565087494
50790.png,DRIP,336,336,4,72,1066.0,15389.0,14112,2343,0.0692702579764767,0.4549722577891592
50790.png,Fixed,336,336,4,72,532.0,15923.0,14112,2343,0.0334107894241035,0.22705932565087494
50791.png,DRIP,336,336,4,72,1066.0,15389.0,14112,2343,0.0692702579764767,0.4549722577891592
50791.png,Fixed,336,336,4,72,532.0,15923.0,14112,2343,0.0334107894241035,0.22705932565087494
50798.png,DRIP,336,336,19,73,3722.0,29789.0,14308,19203,0.12494544966262715,0.19382388168515335
50798.png,Fixed,336,336,19,72,2722.0,30593.0,14112,19203,0.08897460203314483,0.14174868510128627
50799.png,DRIP,336,336,19,73,3722.0,29789.0,14308,19203,0.12494544966262715,0.19382388168515335
50799.png,Fixed,336,336,19,72,2722.0,30593.0,14112,19203,0.08897460203314483,0.14174868510128627
50800.png,DRIP,336,336,4,72,2576.0,15556.0,14112,4020,0.16559526870660837,0.6407960199004975
50800.png,Fixed,336,336,4,72,434.0,17698.0,14112,4020,0.02452254492032998,0.10796019900497512
50801.png,DRIP,336,336,4,72,2576.0,15556.0,14112,4020,0.16559526870660837,0.6407960199004975
50801.png,Fixed,336,336,4,72,434.0,17698.0,14112,4020,0.02452254492032998,0.10796019900497512
50802.png,DRIP,336,336,54,72,6891.0,61328.0,14112,54107,0.11236303156796243,0.1273587521023158
50802.png,Fixed,336,336,54,72,6020.0,62199.0,14112,54107,0.09678612196337562,0.11126101983107546
50803.png,DRIP,336,336,54,72,6891.0,61328.0,14112,54107,0.11236303156796243,0.1273587521023158
50803.png,Fixed,336,336,54,72,6020.0,62199.0,14112,54107,0.09678612196337562,0.11126101983107546
50804.png,DRIP,336,336,54,72,6891.0,61328.0,14112,54107,0.11236303156796243,0.1273587521023158
50804.png,Fixed,336,336,54,72,6020.0,62199.0,14112,54107,0.09678612196337562,0.11126101983107546
50805.png,DRIP,336,336,54,72,6891.0,61328.0,14112,54107,0.11236303156796243,0.1273587521023158
50805.png,Fixed,336,336,54,72,6020.0,62199.0,14112,54107,0.09678612196337562,0.11126101983107546
50806.png,DRIP,336,336,54,72,6891.0,61328.0,14112,54107,0.11236303156796243,0.1273587521023158
50806.png,Fixed,336,336,54,72,6020.0,62199.0,14112,54107,0.09678612196337562,0.11126101983107546
50815.png,DRIP,336,336,35,73,4482.0,28999.0,14308,19173,0.1545570536915066,0.23376623376623376
50815.png,Fixed,336,336,35,72,2211.0,31074.0,14112,19173,0.07115273218768102,0.1153184165232358
50816.png,DRIP,336,336,35,73,4482.0,28999.0,14308,19173,0.1545570536915066,0.23376623376623376
50816.png,Fixed,336,336,35,72,2211.0,31074.0,14112,19173,0.07115273218768102,0.1153184165232358
50817.png,DRIP,336,336,35,73,4482.0,28999.0,14308,19173,0.1545570536915066,0.23376623376623376
50817.png,Fixed,336,336,35,72,2211.0,31074.0,14112,19173,0.07115273218768102,0.1153184165232358
50818.png,DRIP,336,336,35,73,4482.0,28999.0,14308,19173,0.1545570536915066,0.23376623376623376
50818.png,Fixed,336,336,35,72,2211.0,31074.0,14112,19173,0.07115273218768102,0.1153184165232358
50837.png,DRIP,336,336,46,72,3506.0,28059.0,14112,17453,0.12495099611532841,0.20088236979315877
50837.png,Fixed,336,336,46,72,2381.0,29184.0,14112,17453,0.08158580043859649,0.1364235375007162
50838.png,DRIP,336,336,46,72,3506.0,28059.0,14112,17453,0.12495099611532841,0.20088236979315877
50838.png,Fixed,336,336,46,72,2381.0,29184.0,14112,17453,0.08158580043859649,0.1364235375007162
50839.png,DRIP,336,336,46,72,3506.0,28059.0,14112,17453,0.12495099611532841,0.20088236979315877
50839.png,Fixed,336,336,46,72,2381.0,29184.0,14112,17453,0.08158580043859649,0.1364235375007162
50840.png,DRIP,336,336,21,72,2064.0,19029.0,14112,6981,0.10846602553996532,0.2956596476149549
50840.png,Fixed,336,336,21,72,1042.0,20051.0,14112,6981,0.05196748291855768,0.14926228334049563
50841.png,DRIP,336,336,21,72,2064.0,19029.0,14112,6981,0.10846602553996532,0.2956596476149549
50841.png,Fixed,336,336,21,72,1042.0,20051.0,14112,6981,0.05196748291855768,0.14926228334049563
50842.png,DRIP,336,336,21,72,2064.0,19029.0,14112,6981,0.10846602553996532,0.2956596476149549
50842.png,Fixed,336,336,21,72,1042.0,20051.0,14112,6981,0.05196748291855768,0.14926228334049563
50843.png,DRIP,336,336,21,72,2064.0,19029.0,14112,6981,0.10846602553996532,0.2956596476149549
50843.png,Fixed,336,336,21,72,1042.0,20051.0,14112,6981,0.05196748291855768,0.14926228334049563
50844.png,DRIP,336,336,21,72,2064.0,19029.0,14112,6981,0.10846602553996532,0.2956596476149549
50844.png,Fixed,336,336,21,72,1042.0,20051.0,14112,6981,0.05196748291855768,0.14926228334049563
50845.png,DRIP,336,336,21,72,2064.0,19029.0,14112,6981,0.10846602553996532,0.2956596476149549
50845.png,Fixed,336,336,21,72,1042.0,20051.0,14112,6981,0.05196748291855768,0.14926228334049563
50848.png,DRIP,336,336,43,73,6884.0,38259.0,14308,30835,0.17993151938106067,0.22325279714610022
50848.png,Fixed,336,336,43,72,3779.0,41168.0,14112,30835,0.09179459774582199,0.12255553753851144
50849.png,DRIP,336,336,43,73,6884.0,38259.0,14308,30835,0.17993151938106067,0.22325279714610022
50849.png,Fixed,336,336,43,72,3779.0,41168.0,14112,30835,0.09179459774582199,0.12255553753851144
50850.png,DRIP,336,336,24,73,4468.0,33154.0,14308,23314,0.1347650358931049,0.1916445054473707
50850.png,Fixed,336,336,24,72,3337.0,34089.0,14112,23314,0.0978908152189856,0.1431328815304109
50851.png,DRIP,336,336,24,73,4468.0,33154.0,14308,23314,0.1347650358931049,0.1916445054473707
50851.png,Fixed,336,336,24,72,3337.0,34089.0,14112,23314,0.0978908152189856,0.1431328815304109
50860.png,DRIP,336,336,39,72,7993.0,72113.0,14112,65994,0.11083993177374399,0.12111707124890142
50860.png,Fixed,336,336,39,72,7607.0,72499.0,14112,65994,0.10492558518048525,0.11526805467163681
50861.png,DRIP,336,336,39,72,7993.0,72113.0,14112,65994,0.11083993177374399,0.12111707124890142
50861.png,Fixed,336,336,39,72,7607.0,72499.0,14112,65994,0.10492558518048525,0.11526805467163681
50863.png,DRIP,336,336,39,72,7993.0,72113.0,14112,65994,0.11083993177374399,0.12111707124890142
50863.png,Fixed,336,336,39,72,7607.0,72499.0,14112,65994,0.10492558518048525,0.11526805467163681
50865.png,DRIP,336,336,17,72,3055.0,20996.0,14112,9939,0.14550390550581063,0.307374987423282
50865.png,Fixed,336,336,17,72,1254.0,22797.0,14112,9939,0.05500723779444664,0.12616963477210988
50866.png,DRIP,336,336,17,72,3055.0,20996.0,14112,9939,0.14550390550581063,0.307374987423282
50866.png,Fixed,336,336,17,72,1254.0,22797.0,14112,9939,0.05500723779444664,0.12616963477210988
50868.png,DRIP,336,336,17,72,3055.0,20996.0,14112,9939,0.14550390550581063,0.307374987423282
50868.png,Fixed,336,336,17,72,1254.0,22797.0,14112,9939,0.05500723779444664,0.12616963477210988
50869.png,DRIP,336,336,17,72,3055.0,20996.0,14112,9939,0.14550390550581063,0.307374987423282
50869.png,Fixed,336,336,17,72,1254.0,22797.0,14112,9939,0.05500723779444664,0.12616963477210988
50873.png,DRIP,336,336,42,72,5881.0,46778.0,14112,38547,0.1257214930095344,0.15256699613458893
50873.png,Fixed,336,336,42,72,4006.0,48653.0,14112,38547,0.08233819086181736,0.10392507847562715
50877.png,DRIP,336,336,43,73,6217.0,46460.0,14308,38369,0.13381403357727076,0.16203184862779849
50877.png,Fixed,336,336,43,72,5300.0,47181.0,14112,38369,0.11233335452830588,0.13813234642549976
50878.png,DRIP,336,336,43,73,6217.0,46460.0,14308,38369,0.13381403357727076,0.16203184862779849
50878.png,Fixed,336,336,43,72,5300.0,47181.0,14112,38369,0.11233335452830588,0.13813234642549976
50879.png,DRIP,336,336,43,73,6217.0,46460.0,14308,38369,0.13381403357727076,0.16203184862779849
50879.png,Fixed,336,336,43,72,5300.0,47181.0,14112,38369,0.11233335452830588,0.13813234642549976
50880.png,DRIP,336,336,7,72,2917.0,19709.0,14112,8514,0.14800345020041605,0.34261216819356355
50880.png,Fixed,336,336,7,72,1074.0,21552.0,14112,8514,0.049832962138084635,0.12614517265680056
50881.png,DRIP,336,336,7,72,2917.0,19709.0,14112,8514,0.14800345020041605,0.34261216819356355
50881.png,Fixed,336,336,7,72,1074.0,21552.0,14112,8514,0.049832962138084635,0.12614517265680056
50883.png,DRIP,336,336,20,73,2747.0,29836.0,14308,18275,0.09206998257139026,0.15031463748290014
50883.png,Fixed,336,336,20,72,2564.0,29823.0,14112,18275,0.0859739127519029,0.14030095759233926
50884.png,DRIP,336,336,20,73,2747.0,29836.0,14308,18275,0.09206998257139026,0.15031463748290014
50884.png,Fixed,336,336,20,72,2564.0,29823.0,14112,18275,0.0859739127519029,0.14030095759233926
50905.png,DRIP,336,336,39,72,5194.0,48261.0,14112,39343,0.1076231325500922,0.13201840225707243
50905.png,Fixed,336,336,39,72,4580.0,48875.0,14112,39343,0.09370843989769821,0.11641206822052208
50906.png,DRIP,336,336,39,72,5194.0,48261.0,14112,39343,0.1076231325500922,0.13201840225707243
50906.png,Fixed,336,336,39,72,4580.0,48875.0,14112,39343,0.09370843989769821,0.11641206822052208
50907.png,DRIP,336,336,39,72,5194.0,48261.0,14112,39343,0.1076231325500922,0.13201840225707243
50907.png,Fixed,336,336,39,72,4580.0,48875.0,14112,39343,0.09370843989769821,0.11641206822052208
50923.png,DRIP,336,336,12,73,6515.0,54327.0,14308,46534,0.11992195409280837,0.14000515751923326
50923.png,Fixed,336,336,12,72,5972.0,54674.0,14112,46534,0.10922924973479167,0.12833627025400782
50924.png,DRIP,336,336,12,73,6515.0,54327.0,14308,46534,0.11992195409280837,0.14000515751923326
50924.png,Fixed,336,336,12,72,5972.0,54674.0,14112,46534,0.10922924973479167,0.12833627025400782
50930.png,DRIP,336,336,12,73,6515.0,54327.0,14308,46534,0.11992195409280837,0.14000515751923326
50930.png,Fixed,336,336,12,72,5972.0,54674.0,14112,46534,0.10922924973479167,0.12833627025400782
50931.png,DRIP,336,336,12,73,6515.0,54327.0,14308,46534,0.11992195409280837,0.14000515751923326
50931.png,Fixed,336,336,12,72,5972.0,54674.0,14112,46534,0.10922924973479167,0.12833627025400782
50933.png,DRIP,336,336,12,73,6515.0,54327.0,14308,46534,0.11992195409280837,0.14000515751923326
50933.png,Fixed,336,336,12,72,5972.0,54674.0,14112,46534,0.10922924973479167,0.12833627025400782
50938.png,DRIP,336,336,9,73,6145.0,47742.0,14308,39579,0.12871266390180555,0.15525910204906643
50938.png,Fixed,336,336,9,72,5134.0,48557.0,14112,39579,0.10573140844780361,0.12971525303822734
50939.png,DRIP,336,336,9,73,6145.0,47742.0,14308,39579,0.12871266390180555,0.15525910204906643
50939.png,Fixed,336,336,9,72,5134.0,48557.0,14112,39579,0.10573140844780361,0.12971525303822734
50958.png,DRIP,336,336,14,73,2600.0,21993.0,14308,10285,0.11821943345609967,0.25279533300923673
50958.png,Fixed,336,336,14,72,1873.0,22524.0,14112,10285,0.08315574498312911,0.18210986874088478
50959.png,DRIP,336,336,14,73,2600.0,21993.0,14308,10285,0.11821943345609967,0.25279533300923673
50959.png,Fixed,336,336,14,72,1873.0,22524.0,14112,10285,0.08315574498312911,0.18210986874088478
50960.png,DRIP,336,336,10,73,1854.0,19450.0,14308,6996,0.09532133676092545,0.26500857632933106
50960.png,Fixed,336,336,10,72,843.0,20265.0,14112,6996,0.04159881569207994,0.12049742710120069
50961.png,DRIP,336,336,10,73,1854.0,19450.0,14308,6996,0.09532133676092545,0.26500857632933106
50961.png,Fixed,336,336,10,72,843.0,20265.0,14112,6996,0.04159881569207994,0.12049742710120069
50962.png,DRIP,336,336,10,73,1854.0,19450.0,14308,6996,0.09532133676092545,0.26500857632933106
50962.png,Fixed,336,336,10,72,843.0,20265.0,14112,6996,0.04159881569207994,0.12049742710120069
50963.png,DRIP,336,336,10,73,1854.0,19450.0,14308,6996,0.09532133676092545,0.26500857632933106
50963.png,Fixed,336,336,10,72,843.0,20265.0,14112,6996,0.04159881569207994,0.12049742710120069
50966.png,DRIP,336,336,10,73,1854.0,19450.0,14308,6996,0.09532133676092545,0.26500857632933106
50966.png,Fixed,336,336,10,72,843.0,20265.0,14112,6996,0.04159881569207994,0.12049742710120069
50968.png,DRIP,336,336,10,73,1854.0,19450.0,14308,6996,0.09532133676092545,0.26500857632933106
50968.png,Fixed,336,336,10,72,843.0,20265.0,14112,6996,0.04159881569207994,0.12049742710120069
50998.png,DRIP,336,336,56,73,6634.0,47395.0,14308,39721,0.13997257094630236,0.16701492913068655
50998.png,Fixed,336,336,56,72,5655.0,48178.0,14112,39721,0.11737722611980572,0.14236801691800308
51001.png,DRIP,336,336,56,73,6634.0,47395.0,14308,39721,0.13997257094630236,0.16701492913068655
51001.png,Fixed,336,336,56,72,5655.0,48178.0,14112,39721,0.11737722611980572,0.14236801691800308
51003.png,DRIP,336,336,56,73,6634.0,47395.0,14308,39721,0.13997257094630236,0.16701492913068655
51003.png,Fixed,336,336,56,72,5655.0,48178.0,14112,39721,0.11737722611980572,0.14236801691800308
51021.png,DRIP,336,336,10,72,2622.0,18444.0,14112,6954,0.14216005204944698,0.3770491803278688
51021.png,Fixed,336,336,10,72,702.0,20364.0,14112,6954,0.03447259870359458,0.10094909404659189
51023.png,DRIP,336,336,10,72,2622.0,18444.0,14112,6954,0.14216005204944698,0.3770491803278688
51023.png,Fixed,336,336,10,72,702.0,20364.0,14112,6954,0.03447259870359458,0.10094909404659189
51024.png,DRIP,336,336,10,72,2622.0,18444.0,14112,6954,0.14216005204944698,0.3770491803278688
51024.png,Fixed,336,336,10,72,702.0,20364.0,14112,6954,0.03447259870359458,0.10094909404659189
51025.png,DRIP,336,336,10,72,2622.0,18444.0,14112,6954,0.14216005204944698,0.3770491803278688
51025.png,Fixed,336,336,10,72,702.0,20364.0,14112,6954,0.03447259870359458,0.10094909404659189
51070.png,DRIP,336,336,15,73,7250.0,44187.0,14308,37129,0.1640754067938534,0.19526515661612218
51070.png,Fixed,336,336,15,72,4491.0,46750.0,14112,37129,0.09606417112299465,0.12095666460179375
51073.png,DRIP,336,336,15,73,7250.0,44187.0,14308,37129,0.1640754067938534,0.19526515661612218
51073.png,Fixed,336,336,15,72,4491.0,46750.0,14112,37129,0.09606417112299465,0.12095666460179375
51075.png,DRIP,336,336,15,73,7250.0,44187.0,14308,37129,0.1640754067938534,0.19526515661612218
51075.png,Fixed,336,336,15,72,4491.0,46750.0,14112,37129,0.09606417112299465,0.12095666460179375
51079.png,DRIP,336,336,15,73,7250.0,44187.0,14308,37129,0.1640754067938534,0.19526515661612218
51079.png,Fixed,336,336,15,72,4491.0,46750.0,14112,37129,0.09606417112299465,0.12095666460179375
51085.png,DRIP,336,336,56,73,7350.0,59863.0,14308,52905,0.1227803484623223,0.13892826764956054
51085.png,Fixed,336,336,56,72,6648.0,60369.0,14112,52905,0.1101227451175272,0.12565920045364332
51091.png,DRIP,336,336,56,73,7350.0,59863.0,14308,52905,0.1227803484623223,0.13892826764956054
51091.png,Fixed,336,336,56,72,6648.0,60369.0,14112,52905,0.1101227451175272,0.12565920045364332
51092.png,DRIP,336,336,56,73,7350.0,59863.0,14308,52905,0.1227803484623223,0.13892826764956054
51092.png,Fixed,336,336,56,72,6648.0,60369.0,14112,52905,0.1101227451175272,0.12565920045364332
51129.png,DRIP,336,336,12,73,9616.0,80951.0,14308,76259,0.11878790873491371,0.12609659187768002
51129.png,Fixed,336,336,12,72,9758.0,80613.0,14112,76259,0.12104747373252453,0.12795866717371066
51130.png,DRIP,336,336,12,73,9616.0,80951.0,14308,76259,0.11878790873491371,0.12609659187768002
51130.png,Fixed,336,336,12,72,9758.0,80613.0,14112,76259,0.12104747373252453,0.12795866717371066
51131.png,DRIP,336,336,12,73,9616.0,80951.0,14308,76259,0.11878790873491371,0.12609659187768002
51131.png,Fixed,336,336,12,72,9758.0,80613.0,14112,76259,0.12104747373252453,0.12795866717371066
51132.png,DRIP,336,336,12,73,9616.0,80951.0,14308,76259,0.11878790873491371,0.12609659187768002
51132.png,Fixed,336,336,12,72,9758.0,80613.0,14112,76259,0.12104747373252453,0.12795866717371066
51133.png,DRIP,336,336,12,73,9616.0,80951.0,14308,76259,0.11878790873491371,0.12609659187768002
51133.png,Fixed,336,336,12,72,9758.0,80613.0,14112,76259,0.12104747373252453,0.12795866717371066
51134.png,DRIP,336,336,8,73,7961.0,67996.0,14308,61649,0.11708041649508795,0.12913429252704828
51134.png,Fixed,336,336,8,72,7924.0,67837.0,14112,61649,0.11680941079351977,0.12853412058589758
51138.png,DRIP,336,336,15,73,8255.0,71166.0,14308,65113,0.1159964027766068,0.12677959854406953
51138.png,Fixed,336,336,15,72,8414.0,70811.0,14112,65113,0.1188233466551807,0.1292215072258996
51140.png,DRIP,336,336,15,73,8255.0,71166.0,14308,65113,0.1159964027766068,0.12677959854406953
51140.png,Fixed,336,336,15,72,8414.0,70811.0,14112,65113,0.1188233466551807,0.1292215072258996
51159.png,DRIP,336,336,13,73,8813.0,75065.0,14308,69570,0.11740491573969226,0.126678165876096
51159.png,Fixed,336,336,13,72,8815.0,74867.0,14112,69570,0.1177421293760936,0.1267069138996694
51160.png,DRIP,336,336,13,73,8813.0,75065.0,14308,69570,0.11740491573969226,0.126678165876096
51160.png,Fixed,336,336,13,72,8815.0,74867.0,14112,69570,0.1177421293760936,0.1267069138996694
51161.png,DRIP,336,336,13,73,8813.0,75065.0,14308,69570,0.11740491573969226,0.126678165876096
51161.png,Fixed,336,336,13,72,8815.0,74867.0,14112,69570,0.1177421293760936,0.1267069138996694
51162.png,DRIP,336,336,13,73,8813.0,75065.0,14308,69570,0.11740491573969226,0.126678165876096
51162.png,Fixed,336,336,13,72,8815.0,74867.0,14112,69570,0.1177421293760936,0.1267069138996694
51212.png,DRIP,336,336,8,73,2267.0,19222.0,14308,7181,0.11793777962751015,0.31569419300933016
51212.png,Fixed,336,336,8,72,769.0,20524.0,14112,7181,0.037468329760280646,0.10708814928282968
51213.png,DRIP,336,336,8,73,2267.0,19222.0,14308,7181,0.11793777962751015,0.31569419300933016
51213.png,Fixed,336,336,8,72,769.0,20524.0,14112,7181,0.037468329760280646,0.10708814928282968
51214.png,DRIP,336,336,8,73,2267.0,19222.0,14308,7181,0.11793777962751015,0.31569419300933016
51214.png,Fixed,336,336,8,72,769.0,20524.0,14112,7181,0.037468329760280646,0.10708814928282968
51216.png,DRIP,336,336,8,73,2267.0,19222.0,14308,7181,0.11793777962751015,0.31569419300933016
51216.png,Fixed,336,336,8,72,769.0,20524.0,14112,7181,0.037468329760280646,0.10708814928282968
51217.png,DRIP,336,336,8,73,2267.0,19222.0,14308,7181,0.11793777962751015,0.31569419300933016
51217.png,Fixed,336,336,8,72,769.0,20524.0,14112,7181,0.037468329760280646,0.10708814928282968
51218.png,DRIP,336,336,8,73,2267.0,19222.0,14308,7181,0.11793777962751015,0.31569419300933016
51218.png,Fixed,336,336,8,72,769.0,20524.0,14112,7181,0.037468329760280646,0.10708814928282968
51220.png,DRIP,336,336,13,73,9250.0,82852.0,14308,77794,0.11164486071549269,0.11890377149908733
51220.png,Fixed,336,336,13,72,9888.0,82018.0,14112,77794,0.1205589017045039,0.12710491811707844
51221.png,DRIP,336,336,13,73,9250.0,82852.0,14308,77794,0.11164486071549269,0.11890377149908733
51221.png,Fixed,336,336,13,72,9888.0,82018.0,14112,77794,0.1205589017045039,0.12710491811707844
51222.png,DRIP,336,336,13,73,9250.0,82852.0,14308,77794,0.11164486071549269,0.11890377149908733
51222.png,Fixed,336,336,13,72,9888.0,82018.0,14112,77794,0.1205589017045039,0.12710491811707844
51223.png,DRIP,336,336,13,73,9250.0,82852.0,14308,77794,0.11164486071549269,0.11890377149908733
51223.png,Fixed,336,336,13,72,9888.0,82018.0,14112,77794,0.1205589017045039,0.12710491811707844
51224.png,DRIP,336,336,11,73,11046.0,90023.0,14308,86761,0.12270197616164757,0.12731526838095458
51224.png,Fixed,336,336,11,72,11009.0,89864.0,14112,86761,0.12250734443158551,0.12688880948813408
51225.png,DRIP,336,336,11,73,11046.0,90023.0,14308,86761,0.12270197616164757,0.12731526838095458
51225.png,Fixed,336,336,11,72,11009.0,89864.0,14112,86761,0.12250734443158551,0.12688880948813408
51226.png,DRIP,336,336,11,73,11046.0,90023.0,14308,86761,0.12270197616164757,0.12731526838095458
51226.png,Fixed,336,336,11,72,11009.0,89864.0,14112,86761,0.12250734443158551,0.12688880948813408
51227.png,DRIP,336,336,11,73,11046.0,90023.0,14308,86761,0.12270197616164757,0.12731526838095458
51227.png,Fixed,336,336,11,72,11009.0,89864.0,14112,86761,0.12250734443158551,0.12688880948813408
51228.png,DRIP,336,336,14,73,8910.0,80808.0,14308,75410,0.11026136026136026,0.11815409096936746
51228.png,Fixed,336,336,14,72,9734.0,79788.0,14112,75410,0.12199829548303003,0.12908102373690492
51229.png,DRIP,336,336,14,73,8910.0,80808.0,14308,75410,0.11026136026136026,0.11815409096936746
51229.png,Fixed,336,336,14,72,9734.0,79788.0,14112,75410,0.12199829548303003,0.12908102373690492
51230.png,DRIP,336,336,14,73,8910.0,80808.0,14308,75410,0.11026136026136026,0.11815409096936746
51230.png,Fixed,336,336,14,72,9734.0,79788.0,14112,75410,0.12199829548303003,0.12908102373690492
51232.png,DRIP,336,336,65,73,6750.0,66625.0,14308,59067,0.10131332082551595,0.11427700746609783
51232.png,Fixed,336,336,65,72,7607.0,65572.0,14112,59067,0.1160098822668212,0.12878595493253425
51233.png,DRIP,336,336,65,73,6750.0,66625.0,14308,59067,0.10131332082551595,0.11427700746609783
51233.png,Fixed,336,336,65,72,7607.0,65572.0,14112,59067,0.1160098822668212,0.12878595493253425
51240.png,DRIP,336,336,1,73,1288.0,19404.0,14308,6384,0.06637806637806638,0.20175438596491227
51240.png,Fixed,336,336,1,72,798.0,19698.0,14112,6384,0.04051172707889126,0.125
51241.png,DRIP,336,336,1,73,1288.0,19404.0,14308,6384,0.06637806637806638,0.20175438596491227
51241.png,Fixed,336,336,1,72,798.0,19698.0,14112,6384,0.04051172707889126,0.125
51242.png,DRIP,336,336,1,73,1288.0,19404.0,14308,6384,0.06637806637806638,0.20175438596491227
51242.png,Fixed,336,336,1,72,798.0,19698.0,14112,6384,0.04051172707889126,0.125
51243.png,DRIP,336,336,4,73,820.0,20792.0,14308,7304,0.039438245479030395,0.11226725082146768
51243.png,Fixed,336,336,4,72,672.0,20744.0,14112,7304,0.0323949093713845,0.09200438116100766
51244.png,DRIP,336,336,4,73,820.0,20792.0,14308,7304,0.039438245479030395,0.11226725082146768
51244.png,Fixed,336,336,4,72,672.0,20744.0,14112,7304,0.0323949093713845,0.09200438116100766
51247.png,DRIP,336,336,4,73,820.0,20792.0,14308,7304,0.039438245479030395,0.11226725082146768
51247.png,Fixed,336,336,4,72,672.0,20744.0,14112,7304,0.0323949093713845,0.09200438116100766
51248.png,DRIP,336,336,4,73,820.0,20792.0,14308,7304,0.039438245479030395,0.11226725082146768
51248.png,Fixed,336,336,4,72,672.0,20744.0,14112,7304,0.0323949093713845,0.09200438116100766
51250.png,DRIP,336,336,4,73,820.0,20792.0,14308,7304,0.039438245479030395,0.11226725082146768
51250.png,Fixed,336,336,4,72,672.0,20744.0,14112,7304,0.0323949093713845,0.09200438116100766
51252.png,DRIP,336,336,4,73,820.0,20792.0,14308,7304,0.039438245479030395,0.11226725082146768
51252.png,Fixed,336,336,4,72,672.0,20744.0,14112,7304,0.0323949093713845,0.09200438116100766
51285.png,DRIP,336,336,9,73,3548.0,17485.0,14308,6725,0.20291678581641406,0.5275836431226766
51285.png,Fixed,336,336,9,72,826.0,20011.0,14112,6725,0.04127729748638249,0.12282527881040892
51288.png,DRIP,336,336,9,73,3548.0,17485.0,14308,6725,0.20291678581641406,0.5275836431226766
51288.png,Fixed,336,336,9,72,826.0,20011.0,14112,6725,0.04127729748638249,0.12282527881040892
51289.png,DRIP,336,336,9,73,3548.0,17485.0,14308,6725,0.20291678581641406,0.5275836431226766
51289.png,Fixed,336,336,9,72,826.0,20011.0,14112,6725,0.04127729748638249,0.12282527881040892
51292.png,DRIP,336,336,9,73,3548.0,17485.0,14308,6725,0.20291678581641406,0.5275836431226766
51292.png,Fixed,336,336,9,72,826.0,20011.0,14112,6725,0.04127729748638249,0.12282527881040892
51295.png,DRIP,336,336,9,73,3548.0,17485.0,14308,6725,0.20291678581641406,0.5275836431226766
51295.png,Fixed,336,336,9,72,826.0,20011.0,14112,6725,0.04127729748638249,0.12282527881040892
51298.png,DRIP,336,336,9,73,3548.0,17485.0,14308,6725,0.20291678581641406,0.5275836431226766
51298.png,Fixed,336,336,9,72,826.0,20011.0,14112,6725,0.04127729748638249,0.12282527881040892
51323.png,DRIP,336,336,21,72,4999.0,27220.0,14112,18107,0.183651726671565,0.2760810736179378
51323.png,Fixed,336,336,21,72,2791.0,29428.0,14112,18107,0.09484164741062934,0.15413928315016293
51324.png,DRIP,336,336,21,72,4999.0,27220.0,14112,18107,0.183651726671565,0.2760810736179378
51324.png,Fixed,336,336,21,72,2791.0,29428.0,14112,18107,0.09484164741062934,0.15413928315016293
51327.png,DRIP,336,336,22,73,5664.0,36158.0,14308,27514,0.15664583218098346,0.2058588355019263
51327.png,Fixed,336,336,22,72,4631.0,36995.0,14112,27514,0.12517907825381808,0.16831431271352765
51328.png,DRIP,336,336,22,73,5664.0,36158.0,14308,27514,0.15664583218098346,0.2058588355019263
51328.png,Fixed,336,336,22,72,4631.0,36995.0,14112,27514,0.12517907825381808,0.16831431271352765
51329.png,DRIP,336,336,22,73,5664.0,36158.0,14308,27514,0.15664583218098346,0.2058588355019263
51329.png,Fixed,336,336,22,72,4631.0,36995.0,14112,27514,0.12517907825381808,0.16831431271352765
51330.png,DRIP,336,336,22,73,5664.0,36158.0,14308,27514,0.15664583218098346,0.2058588355019263
51330.png,Fixed,336,336,22,72,4631.0,36995.0,14112,27514,0.12517907825381808,0.16831431271352765
51356.png,DRIP,336,336,31,72,4626.0,30026.0,14112,20540,0.15406647572104176,0.2252190847127556
51356.png,Fixed,336,336,31,72,2336.0,32316.0,14112,20540,0.07228617403143954,0.11372930866601752
51358.png,DRIP,336,336,61,73,7145.0,64633.0,14308,57470,0.11054724366809525,0.12432573516617365
51358.png,Fixed,336,336,61,72,6685.0,64897.0,14112,57470,0.10300938410095999,0.11632155907429964
51359.png,DRIP,336,336,31,72,4626.0,30026.0,14112,20540,0.15406647572104176,0.2252190847127556
51359.png,Fixed,336,336,31,72,2336.0,32316.0,14112,20540,0.07228617403143954,0.11372930866601752
51360.png,DRIP,336,336,0,72,,,14112,0,,
51360.png,Fixed,336,336,0,72,,,14112,0,,
51363.png,DRIP,336,336,9,73,9928.0,81334.0,14308,76954,0.12206457324120294,0.12901213712087742
51363.png,Fixed,336,336,9,72,9698.0,81368.0,14112,76954,0.11918690394258186,0.12602333861787562
51369.png,DRIP,336,336,61,73,7145.0,64633.0,14308,57470,0.11054724366809525,0.12432573516617365
51369.png,Fixed,336,336,61,72,6685.0,64897.0,14112,57470,0.10300938410095999,0.11632155907429964
51478.png,DRIP,336,336,2,73,1190.0,19580.0,14308,6462,0.06077630234933606,0.18415351284432063
51478.png,Fixed,336,336,2,72,989.0,19585.0,14112,6462,0.050497829971917284,0.15304859176725472
51479.png,DRIP,336,336,2,73,1190.0,19580.0,14308,6462,0.06077630234933606,0.18415351284432063
51479.png,Fixed,336,336,2,72,989.0,19585.0,14112,6462,0.050497829971917284,0.15304859176725472
51484.png,DRIP,336,336,13,73,3362.0,19259.0,14308,8313,0.1745677345656576,0.40442680139540477
51484.png,Fixed,336,336,13,72,988.0,21437.0,14112,8313,0.04608853850818678,0.11884999398532418
51501.png,DRIP,336,336,15,72,6880.0,46521.0,14112,39289,0.14789020012467488,0.17511262694392832
51501.png,Fixed,336,336,15,72,4454.0,48947.0,14112,39289,0.09099638384374936,0.11336506401282802
51502.png,DRIP,336,336,15,72,6880.0,46521.0,14112,39289,0.14789020012467488,0.17511262694392832
51502.png,Fixed,336,336,15,72,4454.0,48947.0,14112,39289,0.09099638384374936,0.11336506401282802
51504.png,DRIP,336,336,15,72,6880.0,46521.0,14112,39289,0.14789020012467488,0.17511262694392832
51504.png,Fixed,336,336,15,72,4454.0,48947.0,14112,39289,0.09099638384374936,0.11336506401282802
51505.png,DRIP,336,336,15,72,6880.0,46521.0,14112,39289,0.14789020012467488,0.17511262694392832
51505.png,Fixed,336,336,15,72,4454.0,48947.0,14112,39289,0.09099638384374936,0.11336506401282802
51506.png,DRIP,336,336,16,72,6416.0,39324.0,14112,31628,0.16315735937341064,0.20285822688756797
51506.png,Fixed,336,336,16,72,4313.0,41427.0,14112,31628,0.104110845583798,0.13636651068673328
51508.png,DRIP,336,336,16,72,6416.0,39324.0,14112,31628,0.16315735937341064,0.20285822688756797
51508.png,Fixed,336,336,16,72,4313.0,41427.0,14112,31628,0.104110845583798,0.13636651068673328
51522.png,DRIP,336,336,19,73,2619.0,21107.0,14308,9418,0.1240820580849955,0.27808451900615844
51522.png,Fixed,336,336,19,72,711.0,22819.0,14112,9418,0.031158245321880888,0.0754937354002973
51524.png,DRIP,336,336,19,73,2619.0,21107.0,14308,9418,0.1240820580849955,0.27808451900615844
51524.png,Fixed,336,336,19,72,711.0,22819.0,14112,9418,0.031158245321880888,0.0754937354002973
51530.png,DRIP,336,336,19,73,2619.0,21107.0,14308,9418,0.1240820580849955,0.27808451900615844
51530.png,Fixed,336,336,19,72,711.0,22819.0,14112,9418,0.031158245321880888,0.0754937354002973
51531.png,DRIP,336,336,19,73,2619.0,21107.0,14308,9418,0.1240820580849955,0.27808451900615844
51531.png,Fixed,336,336,19,72,711.0,22819.0,14112,9418,0.031158245321880888,0.0754937354002973
51536.png,DRIP,336,336,36,72,3130.0,31720.0,14112,20738,0.09867591424968473,0.1509306586941846
51536.png,Fixed,336,336,36,72,2358.0,32492.0,14112,20738,0.07257170995937462,0.11370431092680104
5154.png,DRIP,336,336,44,73,3321.0,24992.0,14308,14005,0.1328825224071703,0.23712959657265262
5154.png,Fixed,336,336,44,72,1958.0,26159.0,14112,14005,0.07484995603807484,0.13980721171010355
51541.png,DRIP,336,336,1,73,154.0,14649.0,14308,495,0.010512662980408219,0.3111111111111111
51541.png,Fixed,336,336,1,72,154.0,14453.0,14112,495,0.010655227288452224,0.3111111111111111
51542.png,DRIP,336,336,1,73,154.0,14649.0,14308,495,0.010512662980408219,0.3111111111111111
51542.png,Fixed,336,336,1,72,154.0,14453.0,14112,495,0.010655227288452224,0.3111111111111111
51543.png,DRIP,336,336,1,73,154.0,14649.0,14308,495,0.010512662980408219,0.3111111111111111
51543.png,Fixed,336,336,1,72,154.0,14453.0,14112,495,0.010655227288452224,0.3111111111111111
51544.png,DRIP,336,336,1,73,154.0,14649.0,14308,495,0.010512662980408219,0.3111111111111111
51544.png,Fixed,336,336,1,72,154.0,14453.0,14112,495,0.010655227288452224,0.3111111111111111
51548.png,DRIP,336,336,1,73,154.0,14649.0,14308,495,0.010512662980408219,0.3111111111111111
51548.png,Fixed,336,336,1,72,154.0,14453.0,14112,495,0.010655227288452224,0.3111111111111111
51549.png,DRIP,336,336,1,73,154.0,14649.0,14308,495,0.010512662980408219,0.3111111111111111
51549.png,Fixed,336,336,1,72,154.0,14453.0,14112,495,0.010655227288452224,0.3111111111111111
51554.png,DRIP,336,336,74,72,4976.0,41045.0,14112,31909,0.12123279327567305,0.1559434642263938
51554.png,Fixed,336,336,74,72,4078.0,41943.0,14112,31909,0.09722718928069046,0.1278009339057946
51556.png,DRIP,336,336,74,72,4976.0,41045.0,14112,31909,0.12123279327567305,0.1559434642263938
51556.png,Fixed,336,336,74,72,4078.0,41943.0,14112,31909,0.09722718928069046,0.1278009339057946
5157.png,DRIP,336,336,30,73,2129.0,23186.0,14308,11007,0.09182265160010351,0.19342236758426457
5157.png,Fixed,336,336,30,72,1428.0,23691.0,14112,11007,0.06027605419779663,0.12973562278550013
5158.png,DRIP,336,336,20,72,2895.0,34742.0,14112,23525,0.08332853606585688,0.1230605738575983
5158.png,Fixed,336,336,20,72,2459.0,35178.0,14112,23525,0.06990164307237479,0.10452709883103081
51584.png,DRIP,336,336,24,73,5578.0,33520.0,14308,24790,0.16640811455847254,0.22501008471157724
51584.png,Fixed,336,336,24,72,2601.0,36301.0,14112,24790,0.07165091870747363,0.10492133924969746
51586.png,DRIP,336,336,24,73,5578.0,33520.0,14308,24790,0.16640811455847254,0.22501008471157724
51586.png,Fixed,336,336,24,72,2601.0,36301.0,14112,24790,0.07165091870747363,0.10492133924969746
51587.png,DRIP,336,336,24,73,5578.0,33520.0,14308,24790,0.16640811455847254,0.22501008471157724
51587.png,Fixed,336,336,24,72,2601.0,36301.0,14112,24790,0.07165091870747363,0.10492133924969746
5159.png,DRIP,336,336,20,72,2895.0,34742.0,14112,23525,0.08332853606585688,0.1230605738575983
5159.png,Fixed,336,336,20,72,2459.0,35178.0,14112,23525,0.06990164307237479,0.10452709883103081
51592.png,DRIP,336,336,31,73,4541.0,22896.0,14308,13129,0.19833158630328443,0.3458755426917511
51592.png,Fixed,336,336,31,72,1995.0,25246.0,14112,13129,0.0790224193931712,0.15195369030390737
51594.png,DRIP,336,336,31,73,4541.0,22896.0,14308,13129,0.19833158630328443,0.3458755426917511
51594.png,Fixed,336,336,31,72,1995.0,25246.0,14112,13129,0.0790224193931712,0.15195369030390737
51595.png,DRIP,336,336,67,73,4049.0,32714.0,14308,22455,0.12376963990951886,0.1803161879314184
51595.png,Fixed,336,336,67,72,3032.0,33535.0,14112,22455,0.09041300134188161,0.13502560676909375
51596.png,DRIP,336,336,67,73,4049.0,32714.0,14308,22455,0.12376963990951886,0.1803161879314184
51596.png,Fixed,336,336,67,72,3032.0,33535.0,14112,22455,0.09041300134188161,0.13502560676909375
51597.png,DRIP,336,336,67,73,4049.0,32714.0,14308,22455,0.12376963990951886,0.1803161879314184
51597.png,Fixed,336,336,67,72,3032.0,33535.0,14112,22455,0.09041300134188161,0.13502560676909375
51600.png,DRIP,336,336,67,73,4049.0,32714.0,14308,22455,0.12376963990951886,0.1803161879314184
51600.png,Fixed,336,336,67,72,3032.0,33535.0,14112,22455,0.09041300134188161,0.13502560676909375
51601.png,DRIP,336,336,69,72,4843.0,44021.0,14112,34752,0.11001567433724813,0.1393588858195212
51601.png,Fixed,336,336,69,72,4488.0,44376.0,14112,34752,0.10113574905354246,0.12914364640883977
51602.png,DRIP,336,336,69,72,4843.0,44021.0,14112,34752,0.11001567433724813,0.1393588858195212
51602.png,Fixed,336,336,69,72,4488.0,44376.0,14112,34752,0.10113574905354246,0.12914364640883977
51605.png,DRIP,336,336,37,73,8776.0,58952.0,14308,53420,0.1488668747455557,0.16428304005990266
51605.png,Fixed,336,336,37,72,6827.0,60705.0,14112,53420,0.1124619059385553,0.12779857731186822
51610.png,DRIP,336,336,37,73,8776.0,58952.0,14308,53420,0.1488668747455557,0.16428304005990266
51610.png,Fixed,336,336,37,72,6827.0,60705.0,14112,53420,0.1124619059385553,0.12779857731186822
51615.png,DRIP,336,336,6,73,882.0,19524.0,14308,6098,0.04517516902274124,0.14463758609380126
51615.png,Fixed,336,336,6,72,986.0,19224.0,14112,6098,0.051290054099042866,0.16169235815021318
51617.png,DRIP,336,336,6,73,882.0,19524.0,14308,6098,0.04517516902274124,0.14463758609380126
51617.png,Fixed,336,336,6,72,986.0,19224.0,14112,6098,0.051290054099042866,0.16169235815021318
5162.png,DRIP,336,336,30,73,2129.0,23186.0,14308,11007,0.09182265160010351,0.19342236758426457
5162.png,Fixed,336,336,30,72,1428.0,23691.0,14112,11007,0.06027605419779663,0.12973562278550013
5163.png,DRIP,336,336,20,72,2895.0,34742.0,14112,23525,0.08332853606585688,0.1230605738575983
5163.png,Fixed,336,336,20,72,2459.0,35178.0,14112,23525,0.06990164307237479,0.10452709883103081
51635.png,DRIP,336,336,6,73,882.0,19524.0,14308,6098,0.04517516902274124,0.14463758609380126
51635.png,Fixed,336,336,6,72,986.0,19224.0,14112,6098,0.051290054099042866,0.16169235815021318
51639.png,DRIP,336,336,9,72,4366.0,24017.0,14112,14271,0.18178790023733188,0.3059351131665616
51639.png,Fixed,336,336,9,72,1631.0,26752.0,14112,14271,0.060967404306220094,0.11428771634783827
5164.png,DRIP,336,336,30,73,2129.0,23186.0,14308,11007,0.09182265160010351,0.19342236758426457
5164.png,Fixed,336,336,30,72,1428.0,23691.0,14112,11007,0.06027605419779663,0.12973562278550013
51640.png,DRIP,336,336,9,72,4366.0,24017.0,14112,14271,0.18178790023733188,0.3059351131665616
51640.png,Fixed,336,336,9,72,1631.0,26752.0,14112,14271,0.060967404306220094,0.11428771634783827
51643.png,DRIP,336,336,9,72,4366.0,24017.0,14112,14271,0.18178790023733188,0.3059351131665616
51643.png,Fixed,336,336,9,72,1631.0,26752.0,14112,14271,0.060967404306220094,0.11428771634783827
5165.png,DRIP,336,336,20,72,2895.0,34742.0,14112,23525,0.08332853606585688,0.1230605738575983
5165.png,Fixed,336,336,20,72,2459.0,35178.0,14112,23525,0.06990164307237479,0.10452709883103081
51654.png,DRIP,336,336,49,73,5515.0,40433.0,14308,31640,0.13639848638488364,0.17430467762326168
51654.png,Fixed,336,336,49,72,4188.0,41564.0,14112,31640,0.10076027331344432,0.13236409608091024
51657.png,DRIP,336,336,49,73,5515.0,40433.0,14308,31640,0.13639848638488364,0.17430467762326168
51657.png,Fixed,336,336,49,72,4188.0,41564.0,14112,31640,0.10076027331344432,0.13236409608091024
51658.png,DRIP,336,336,6,73,882.0,19524.0,14308,6098,0.04517516902274124,0.14463758609380126
51658.png,Fixed,336,336,6,72,986.0,19224.0,14112,6098,0.051290054099042866,0.16169235815021318
51659.png,DRIP,336,336,49,73,5515.0,40433.0,14308,31640,0.13639848638488364,0.17430467762326168
51659.png,Fixed,336,336,49,72,4188.0,41564.0,14112,31640,0.10076027331344432,0.13236409608091024
51660.png,DRIP,336,336,6,73,882.0,19524.0,14308,6098,0.04517516902274124,0.14463758609380126
51660.png,Fixed,336,336,6,72,986.0,19224.0,14112,6098,0.051290054099042866,0.16169235815021318
51661.png,DRIP,336,336,49,73,5515.0,40433.0,14308,31640,0.13639848638488364,0.17430467762326168
51661.png,Fixed,336,336,49,72,4188.0,41564.0,14112,31640,0.10076027331344432,0.13236409608091024
51664.png,DRIP,336,336,49,73,5515.0,40433.0,14308,31640,0.13639848638488364,0.17430467762326168
51664.png,Fixed,336,336,49,72,4188.0,41564.0,14112,31640,0.10076027331344432,0.13236409608091024
5167.png,DRIP,336,336,30,73,2129.0,23186.0,14308,11007,0.09182265160010351,0.19342236758426457
5167.png,Fixed,336,336,30,72,1428.0,23691.0,14112,11007,0.06027605419779663,0.12973562278550013
51676.png,DRIP,336,336,7,73,978.0,18499.0,14308,5169,0.052867722579598896,0.18920487521764365
51676.png,Fixed,336,336,7,72,700.0,18581.0,14112,5169,0.03767289166352726,0.1354227123234668
51679.png,DRIP,336,336,7,73,978.0,18499.0,14308,5169,0.052867722579598896,0.18920487521764365
51679.png,Fixed,336,336,7,72,700.0,18581.0,14112,5169,0.03767289166352726,0.1354227123234668
5168.png,DRIP,336,336,20,72,2895.0,34742.0,14112,23525,0.08332853606585688,0.1230605738575983
5168.png,Fixed,336,336,20,72,2459.0,35178.0,14112,23525,0.06990164307237479,0.10452709883103081
51680.png,DRIP,336,336,7,73,978.0,18499.0,14308,5169,0.052867722579598896,0.18920487521764365
51680.png,Fixed,336,336,7,72,700.0,18581.0,14112,5169,0.03767289166352726,0.1354227123234668
51681.png,DRIP,336,336,7,73,978.0,18499.0,14308,5169,0.052867722579598896,0.18920487521764365
51681.png,Fixed,336,336,7,72,700.0,18581.0,14112,5169,0.03767289166352726,0.1354227123234668
51683.png,DRIP,336,336,7,73,978.0,18499.0,14308,5169,0.052867722579598896,0.18920487521764365
51683.png,Fixed,336,336,7,72,700.0,18581.0,14112,5169,0.03767289166352726,0.1354227123234668
51687.png,DRIP,336,336,37,72,2416.0,23139.0,14112,11443,0.104412463805696,0.21113344402691603
51687.png,Fixed,336,336,37,72,1727.0,23828.0,14112,11443,0.07247775726036595,0.15092196102420694
5169.png,DRIP,336,336,20,72,2895.0,34742.0,14112,23525,0.08332853606585688,0.1230605738575983
5169.png,Fixed,336,336,20,72,2459.0,35178.0,14112,23525,0.06990164307237479,0.10452709883103081
51691.png,DRIP,336,336,37,72,2416.0,23139.0,14112,11443,0.104412463805696,0.21113344402691603
51691.png,Fixed,336,336,37,72,1727.0,23828.0,14112,11443,0.07247775726036595,0.15092196102420694
51693.png,DRIP,336,336,37,72,2416.0,23139.0,14112,11443,0.104412463805696,0.21113344402691603
51693.png,Fixed,336,336,37,72,1727.0,23828.0,14112,11443,0.07247775726036595,0.15092196102420694
51694.png,DRIP,336,336,37,72,2416.0,23139.0,14112,11443,0.104412463805696,0.21113344402691603
51694.png,Fixed,336,336,37,72,1727.0,23828.0,14112,11443,0.07247775726036595,0.15092196102420694
51696.png,DRIP,336,336,37,72,2416.0,23139.0,14112,11443,0.104412463805696,0.21113344402691603
51696.png,Fixed,336,336,37,72,1727.0,23828.0,14112,11443,0.07247775726036595,0.15092196102420694
51697.png,DRIP,336,336,37,72,2416.0,23139.0,14112,11443,0.104412463805696,0.21113344402691603
51697.png,Fixed,336,336,37,72,1727.0,23828.0,14112,11443,0.07247775726036595,0.15092196102420694
51698.png,DRIP,336,336,37,72,2416.0,23139.0,14112,11443,0.104412463805696,0.21113344402691603
51698.png,Fixed,336,336,37,72,1727.0,23828.0,14112,11443,0.07247775726036595,0.15092196102420694
5170.png,DRIP,336,336,20,72,2895.0,34742.0,14112,23525,0.08332853606585688,0.1230605738575983
5170.png,Fixed,336,336,20,72,2459.0,35178.0,14112,23525,0.06990164307237479,0.10452709883103081
51702.png,DRIP,336,336,37,72,2416.0,23139.0,14112,11443,0.104412463805696,0.21113344402691603
51702.png,Fixed,336,336,37,72,1727.0,23828.0,14112,11443,0.07247775726036595,0.15092196102420694
51704.png,DRIP,336,336,37,72,2416.0,23139.0,14112,11443,0.104412463805696,0.21113344402691603
51704.png,Fixed,336,336,37,72,1727.0,23828.0,14112,11443,0.07247775726036595,0.15092196102420694
51713.png,DRIP,336,336,20,73,2288.0,24659.0,14308,12639,0.0927855955229328,0.18102697998259357
51713.png,Fixed,336,336,20,72,1566.0,25185.0,14112,12639,0.062179868969624776,0.12390220745312129
51715.png,DRIP,336,336,20,73,2288.0,24659.0,14308,12639,0.0927855955229328,0.18102697998259357
51715.png,Fixed,336,336,20,72,1566.0,25185.0,14112,12639,0.062179868969624776,0.12390220745312129
51716.png,DRIP,336,336,20,73,2288.0,24659.0,14308,12639,0.0927855955229328,0.18102697998259357
51716.png,Fixed,336,336,20,72,1566.0,25185.0,14112,12639,0.062179868969624776,0.12390220745312129
51717.png,DRIP,336,336,20,73,2288.0,24659.0,14308,12639,0.0927855955229328,0.18102697998259357
51717.png,Fixed,336,336,20,72,1566.0,25185.0,14112,12639,0.062179868969624776,0.12390220745312129
5172.png,DRIP,336,336,20,72,2895.0,34742.0,14112,23525,0.08332853606585688,0.1230605738575983
5172.png,Fixed,336,336,20,72,2459.0,35178.0,14112,23525,0.06990164307237479,0.10452709883103081
51720.png,DRIP,336,336,4,73,1312.0,18288.0,14308,5292,0.07174103237095363,0.24792139077853365
51720.png,Fixed,336,336,4,72,458.0,18946.0,14112,5292,0.024173968119919773,0.08654572940287227
51721.png,DRIP,336,336,4,73,1312.0,18288.0,14308,5292,0.07174103237095363,0.24792139077853365
51721.png,Fixed,336,336,4,72,458.0,18946.0,14112,5292,0.024173968119919773,0.08654572940287227
51724.png,DRIP,336,336,4,73,1312.0,18288.0,14308,5292,0.07174103237095363,0.24792139077853365
51724.png,Fixed,336,336,4,72,458.0,18946.0,14112,5292,0.024173968119919773,0.08654572940287227
51727.png,DRIP,336,336,4,73,1312.0,18288.0,14308,5292,0.07174103237095363,0.24792139077853365
51727.png,Fixed,336,336,4,72,458.0,18946.0,14112,5292,0.024173968119919773,0.08654572940287227
5173.png,DRIP,336,336,20,72,2895.0,34742.0,14112,23525,0.08332853606585688,0.1230605738575983
5173.png,Fixed,336,336,20,72,2459.0,35178.0,14112,23525,0.06990164307237479,0.10452709883103081
51741.png,DRIP,336,336,23,72,4064.0,31887.0,14112,21839,0.12745005801737386,0.1860891066440771
51741.png,Fixed,336,336,23,72,2170.0,33781.0,14112,21839,0.0642372931529558,0.09936352397087779
51742.png,DRIP,336,336,23,72,4064.0,31887.0,14112,21839,0.12745005801737386,0.1860891066440771
51742.png,Fixed,336,336,23,72,2170.0,33781.0,14112,21839,0.0642372931529558,0.09936352397087779
5175.png,DRIP,336,336,41,72,4294.0,32576.0,14112,22758,0.13181483300589392,0.18868090341857807
5175.png,Fixed,336,336,41,72,2876.0,33994.0,14112,22758,0.08460316526445844,0.12637314350997453
51753.png,DRIP,336,336,29,72,1278.0,23313.0,14112,10479,0.05481919958821258,0.12195820211852276
51753.png,Fixed,336,336,29,72,1721.0,22870.0,14112,10479,0.07525142107564495,0.16423322836148488
51765.png,DRIP,336,336,29,72,1278.0,23313.0,14112,10479,0.05481919958821258,0.12195820211852276
51765.png,Fixed,336,336,29,72,1721.0,22870.0,14112,10479,0.07525142107564495,0.16423322836148488
51768.png,DRIP,336,336,29,72,1278.0,23313.0,14112,10479,0.05481919958821258,0.12195820211852276
51768.png,Fixed,336,336,29,72,1721.0,22870.0,14112,10479,0.07525142107564495,0.16423322836148488
51769.png,DRIP,336,336,29,72,1278.0,23313.0,14112,10479,0.05481919958821258,0.12195820211852276
51769.png,Fixed,336,336,29,72,1721.0,22870.0,14112,10479,0.07525142107564495,0.16423322836148488
5177.png,DRIP,336,336,20,72,2895.0,34742.0,14112,23525,0.08332853606585688,0.1230605738575983
5177.png,Fixed,336,336,20,72,2459.0,35178.0,14112,23525,0.06990164307237479,0.10452709883103081
51770.png,DRIP,336,336,29,72,1278.0,23313.0,14112,10479,0.05481919958821258,0.12195820211852276
51770.png,Fixed,336,336,29,72,1721.0,22870.0,14112,10479,0.07525142107564495,0.16423322836148488
51771.png,DRIP,336,336,29,72,1278.0,23313.0,14112,10479,0.05481919958821258,0.12195820211852276
51771.png,Fixed,336,336,29,72,1721.0,22870.0,14112,10479,0.07525142107564495,0.16423322836148488
51779.png,DRIP,336,336,14,72,4471.0,28562.0,14112,18921,0.15653665709684195,0.2362982929020665
51779.png,Fixed,336,336,14,72,2104.0,30929.0,14112,18921,0.06802677099162598,0.111199196659796
5178.png,DRIP,336,336,41,72,4294.0,32576.0,14112,22758,0.13181483300589392,0.18868090341857807
5178.png,Fixed,336,336,41,72,2876.0,33994.0,14112,22758,0.08460316526445844,0.12637314350997453
51783.png,DRIP,336,336,18,72,5467.0,43343.0,14112,34698,0.1261334010105438,0.1575595135166292
51783.png,Fixed,336,336,18,72,4639.0,44171.0,14112,34698,0.10502365805619071,0.13369646665513862
51784.png,DRIP,336,336,27,72,5156.0,31174.0,14112,22218,0.1653942387887342,0.23206409217751373
51784.png,Fixed,336,336,27,72,3186.0,33144.0,14112,22218,0.09612599565532223,0.14339724547664057
51785.png,DRIP,336,336,27,72,5156.0,31174.0,14112,22218,0.1653942387887342,0.23206409217751373
51785.png,Fixed,336,336,27,72,3186.0,33144.0,14112,22218,0.09612599565532223,0.14339724547664057
51786.png,DRIP,336,336,27,72,5156.0,31174.0,14112,22218,0.1653942387887342,0.23206409217751373
51786.png,Fixed,336,336,27,72,3186.0,33144.0,14112,22218,0.09612599565532223,0.14339724547664057
51790.png,DRIP,336,336,27,72,5156.0,31174.0,14112,22218,0.1653942387887342,0.23206409217751373
51790.png,Fixed,336,336,27,72,3186.0,33144.0,14112,22218,0.09612599565532223,0.14339724547664057
51791.png,DRIP,336,336,27,72,5156.0,31174.0,14112,22218,0.1653942387887342,0.23206409217751373
51791.png,Fixed,336,336,27,72,3186.0,33144.0,14112,22218,0.09612599565532223,0.14339724547664057
5181.png,DRIP,336,336,41,72,4294.0,32576.0,14112,22758,0.13181483300589392,0.18868090341857807
5181.png,Fixed,336,336,41,72,2876.0,33994.0,14112,22758,0.08460316526445844,0.12637314350997453
51812.png,DRIP,336,336,14,72,4065.0,25717.0,14112,15670,0.15806664852043395,0.25941289087428204
51812.png,Fixed,336,336,14,72,2055.0,27727.0,14112,15670,0.07411548310311249,0.13114231014677727
51816.png,DRIP,336,336,14,72,4065.0,25717.0,14112,15670,0.15806664852043395,0.25941289087428204
51816.png,Fixed,336,336,14,72,2055.0,27727.0,14112,15670,0.07411548310311249,0.13114231014677727
51818.png,DRIP,336,336,14,72,4065.0,25717.0,14112,15670,0.15806664852043395,0.25941289087428204
51818.png,Fixed,336,336,14,72,2055.0,27727.0,14112,15670,0.07411548310311249,0.13114231014677727
5182.png,DRIP,336,336,41,72,4294.0,32576.0,14112,22758,0.13181483300589392,0.18868090341857807
5182.png,Fixed,336,336,41,72,2876.0,33994.0,14112,22758,0.08460316526445844,0.12637314350997453
5184.png,DRIP,336,336,41,72,4294.0,32576.0,14112,22758,0.13181483300589392,0.18868090341857807
5184.png,Fixed,336,336,41,72,2876.0,33994.0,14112,22758,0.08460316526445844,0.12637314350997453
5193.png,DRIP,336,336,56,73,6769.0,42102.0,14308,34563,0.16077621015628712,0.19584526806122154
5193.png,Fixed,336,336,56,72,4522.0,44153.0,14112,34563,0.10241659683373723,0.13083355032838584
5195.png,DRIP,336,336,56,73,6769.0,42102.0,14308,34563,0.16077621015628712,0.19584526806122154
5195.png,Fixed,336,336,56,72,4522.0,44153.0,14112,34563,0.10241659683373723,0.13083355032838584
5199.png,DRIP,336,336,56,73,6769.0,42102.0,14308,34563,0.16077621015628712,0.19584526806122154
5199.png,Fixed,336,336,56,72,4522.0,44153.0,14112,34563,0.10241659683373723,0.13083355032838584
5204.png,DRIP,336,336,56,73,6769.0,42102.0,14308,34563,0.16077621015628712,0.19584526806122154
5204.png,Fixed,336,336,56,72,4522.0,44153.0,14112,34563,0.10241659683373723,0.13083355032838584
5208.png,DRIP,336,336,56,73,6769.0,42102.0,14308,34563,0.16077621015628712,0.19584526806122154
5208.png,Fixed,336,336,56,72,4522.0,44153.0,14112,34563,0.10241659683373723,0.13083355032838584
5213.png,DRIP,336,336,56,73,6769.0,42102.0,14308,34563,0.16077621015628712,0.19584526806122154
5213.png,Fixed,336,336,56,72,4522.0,44153.0,14112,34563,0.10241659683373723,0.13083355032838584
52144.png,DRIP,336,336,10,73,5657.0,22197.0,14308,13546,0.25485425958462854,0.4176140558098332
52144.png,Fixed,336,336,10,72,1849.0,25809.0,14112,13546,0.07164167538455578,0.13649785914661156
52146.png,DRIP,336,336,10,73,5657.0,22197.0,14308,13546,0.25485425958462854,0.4176140558098332
52146.png,Fixed,336,336,10,72,1849.0,25809.0,14112,13546,0.07164167538455578,0.13649785914661156
52150.png,DRIP,336,336,10,73,5657.0,22197.0,14308,13546,0.25485425958462854,0.4176140558098332
52150.png,Fixed,336,336,10,72,1849.0,25809.0,14112,13546,0.07164167538455578,0.13649785914661156
52151.png,DRIP,336,336,5,73,865.0,19762.0,14308,6319,0.04377087339338124,0.13688874821965502
52151.png,Fixed,336,336,5,72,943.0,19488.0,14112,6319,0.048388752052545156,0.14923247349264124
52152.png,DRIP,336,336,26,73,4488.0,43444.0,14308,33624,0.1033054046588712,0.1334760885082084
52152.png,Fixed,336,336,26,72,3293.0,44443.0,14112,33624,0.07409490808451275,0.09793599809659767
52153.png,DRIP,336,336,26,73,4488.0,43444.0,14308,33624,0.1033054046588712,0.1334760885082084
52153.png,Fixed,336,336,26,72,3293.0,44443.0,14112,33624,0.07409490808451275,0.09793599809659767
52154.png,DRIP,336,336,11,73,6893.0,42995.0,14308,35580,0.16032096755436678,0.19373243395165823
52154.png,Fixed,336,336,11,72,4198.0,45494.0,14112,35580,0.09227590451488109,0.11798763350196739
52155.png,DRIP,336,336,5,73,865.0,19762.0,14308,6319,0.04377087339338124,0.13688874821965502
52155.png,Fixed,336,336,5,72,943.0,19488.0,14112,6319,0.048388752052545156,0.14923247349264124
52156.png,DRIP,336,336,11,73,6893.0,42995.0,14308,35580,0.16032096755436678,0.19373243395165823
52156.png,Fixed,336,336,11,72,4198.0,45494.0,14112,35580,0.09227590451488109,0.11798763350196739
52157.png,DRIP,336,336,11,73,6893.0,42995.0,14308,35580,0.16032096755436678,0.19373243395165823
52157.png,Fixed,336,336,11,72,4198.0,45494.0,14112,35580,0.09227590451488109,0.11798763350196739
52158.png,DRIP,336,336,5,73,865.0,19762.0,14308,6319,0.04377087339338124,0.13688874821965502
52158.png,Fixed,336,336,5,72,943.0,19488.0,14112,6319,0.048388752052545156,0.14923247349264124
52159.png,DRIP,336,336,5,73,865.0,19762.0,14308,6319,0.04377087339338124,0.13688874821965502
52159.png,Fixed,336,336,5,72,943.0,19488.0,14112,6319,0.048388752052545156,0.14923247349264124
5216.png,DRIP,336,336,56,73,6769.0,42102.0,14308,34563,0.16077621015628712,0.19584526806122154
5216.png,Fixed,336,336,56,72,4522.0,44153.0,14112,34563,0.10241659683373723,0.13083355032838584
52165.png,DRIP,336,336,11,73,6893.0,42995.0,14308,35580,0.16032096755436678,0.19373243395165823
52165.png,Fixed,336,336,11,72,4198.0,45494.0,14112,35580,0.09227590451488109,0.11798763350196739
52176.png,DRIP,336,336,44,73,2740.0,35726.0,14308,24158,0.07669484409113811,0.11341998509810415
52176.png,Fixed,336,336,44,72,3210.0,35060.0,14112,24158,0.09155733029092983,0.1328752380163921
52178.png,DRIP,336,336,39,72,1199.0,21359.0,14112,8446,0.05613558687204457,0.14196069145157472
52178.png,Fixed,336,336,39,72,1017.0,21541.0,14112,8446,0.04721229283691565,0.12041202936301208
5218.png,DRIP,336,336,56,73,6769.0,42102.0,14308,34563,0.16077621015628712,0.19584526806122154
5218.png,Fixed,336,336,56,72,4522.0,44153.0,14112,34563,0.10241659683373723,0.13083355032838584
52180.png,DRIP,336,336,39,72,1199.0,21359.0,14112,8446,0.05613558687204457,0.14196069145157472
52180.png,Fixed,336,336,39,72,1017.0,21541.0,14112,8446,0.04721229283691565,0.12041202936301208
52183.png,DRIP,336,336,39,72,1199.0,21359.0,14112,8446,0.05613558687204457,0.14196069145157472
52183.png,Fixed,336,336,39,72,1017.0,21541.0,14112,8446,0.04721229283691565,0.12041202936301208
52186.png,DRIP,336,336,5,73,865.0,19762.0,14308,6319,0.04377087339338124,0.13688874821965502
52186.png,Fixed,336,336,5,72,943.0,19488.0,14112,6319,0.048388752052545156,0.14923247349264124
52191.png,DRIP,336,336,79,73,5412.0,38741.0,14308,29845,0.13969696187501612,0.18133690735466576
52191.png,Fixed,336,336,79,72,3888.0,40069.0,14112,29845,0.09703261873268612,0.13027307756743173
5220.png,DRIP,336,336,56,73,6769.0,42102.0,14308,34563,0.16077621015628712,0.19584526806122154
5220.png,Fixed,336,336,56,72,4522.0,44153.0,14112,34563,0.10241659683373723,0.13083355032838584
52210.png,DRIP,336,336,35,72,2430.0,23237.0,14112,11555,0.10457460085208935,0.21029857204673302
52210.png,Fixed,336,336,35,72,1439.0,24228.0,14112,11555,0.059394089483242526,0.12453483340545218
52213.png,DRIP,336,336,35,72,2430.0,23237.0,14112,11555,0.10457460085208935,0.21029857204673302
52213.png,Fixed,336,336,35,72,1439.0,24228.0,14112,11555,0.059394089483242526,0.12453483340545218
52215.png,DRIP,336,336,35,72,2430.0,23237.0,14112,11555,0.10457460085208935,0.21029857204673302
52215.png,Fixed,336,336,35,72,1439.0,24228.0,14112,11555,0.059394089483242526,0.12453483340545218
52217.png,DRIP,336,336,35,72,2430.0,23237.0,14112,11555,0.10457460085208935,0.21029857204673302
52217.png,Fixed,336,336,35,72,1439.0,24228.0,14112,11555,0.059394089483242526,0.12453483340545218
52220.png,DRIP,336,336,35,72,2430.0,23237.0,14112,11555,0.10457460085208935,0.21029857204673302
52220.png,Fixed,336,336,35,72,1439.0,24228.0,14112,11555,0.059394089483242526,0.12453483340545218
52222.png,DRIP,336,336,35,72,2430.0,23237.0,14112,11555,0.10457460085208935,0.21029857204673302
52222.png,Fixed,336,336,35,72,1439.0,24228.0,14112,11555,0.059394089483242526,0.12453483340545218
52238.png,DRIP,336,336,65,72,4436.0,34609.0,14112,24933,0.12817475223207836,0.17791681706974694
52238.png,Fixed,336,336,65,72,3460.0,35585.0,14112,24933,0.09723197976675566,0.13877190871535716
52239.png,DRIP,336,336,65,72,4436.0,34609.0,14112,24933,0.12817475223207836,0.17791681706974694
52239.png,Fixed,336,336,65,72,3460.0,35585.0,14112,24933,0.09723197976675566,0.13877190871535716
52241.png,DRIP,336,336,65,72,4436.0,34609.0,14112,24933,0.12817475223207836,0.17791681706974694
52241.png,Fixed,336,336,65,72,3460.0,35585.0,14112,24933,0.09723197976675566,0.13877190871535716
52243.png,DRIP,336,336,65,72,4436.0,34609.0,14112,24933,0.12817475223207836,0.17791681706974694
52243.png,Fixed,336,336,65,72,3460.0,35585.0,14112,24933,0.09723197976675566,0.13877190871535716
52247.png,DRIP,336,336,65,72,4436.0,34609.0,14112,24933,0.12817475223207836,0.17791681706974694
52247.png,Fixed,336,336,65,72,3460.0,35585.0,14112,24933,0.09723197976675566,0.13877190871535716
52248.png,DRIP,336,336,65,72,4436.0,34609.0,14112,24933,0.12817475223207836,0.17791681706974694
52248.png,Fixed,336,336,65,72,3460.0,35585.0,14112,24933,0.09723197976675566,0.13877190871535716
52256.png,DRIP,336,336,79,73,5412.0,38741.0,14308,29845,0.13969696187501612,0.18133690735466576
52256.png,Fixed,336,336,79,72,3888.0,40069.0,14112,29845,0.09703261873268612,0.13027307756743173
52260.png,DRIP,336,336,79,73,5412.0,38741.0,14308,29845,0.13969696187501612,0.18133690735466576
52260.png,Fixed,336,336,79,72,3888.0,40069.0,14112,29845,0.09703261873268612,0.13027307756743173
52262.png,DRIP,336,336,79,73,5412.0,38741.0,14308,29845,0.13969696187501612,0.18133690735466576
52262.png,Fixed,336,336,79,72,3888.0,40069.0,14112,29845,0.09703261873268612,0.13027307756743173
52267.png,DRIP,336,336,79,73,5412.0,38741.0,14308,29845,0.13969696187501612,0.18133690735466576
52267.png,Fixed,336,336,79,72,3888.0,40069.0,14112,29845,0.09703261873268612,0.13027307756743173
52274.png,DRIP,336,336,79,73,5412.0,38741.0,14308,29845,0.13969696187501612,0.18133690735466576
52274.png,Fixed,336,336,79,72,3888.0,40069.0,14112,29845,0.09703261873268612,0.13027307756743173
52287.png,DRIP,336,336,18,73,8469.0,70629.0,14308,64790,0.1199082529839018,0.13071461645315635
52287.png,Fixed,336,336,18,72,7910.0,70992.0,14112,64790,0.11142100518368267,0.12208674178113907
52289.png,DRIP,336,336,88,73,5190.0,41608.0,14308,32490,0.12473562776389156,0.15974145891043398
52289.png,Fixed,336,336,88,72,3753.0,42849.0,14112,32490,0.08758664146187775,0.11551246537396122
52290.png,DRIP,336,336,18,73,8469.0,70629.0,14308,64790,0.1199082529839018,0.13071461645315635
52290.png,Fixed,336,336,18,72,7910.0,70992.0,14112,64790,0.11142100518368267,0.12208674178113907
52291.png,DRIP,336,336,88,73,5190.0,41608.0,14308,32490,0.12473562776389156,0.15974145891043398
52291.png,Fixed,336,336,88,72,3753.0,42849.0,14112,32490,0.08758664146187775,0.11551246537396122
52293.png,DRIP,336,336,18,73,8469.0,70629.0,14308,64790,0.1199082529839018,0.13071461645315635
52293.png,Fixed,336,336,18,72,7910.0,70992.0,14112,64790,0.11142100518368267,0.12208674178113907
52295.png,DRIP,336,336,88,73,5190.0,41608.0,14308,32490,0.12473562776389156,0.15974145891043398
52295.png,Fixed,336,336,88,72,3753.0,42849.0,14112,32490,0.08758664146187775,0.11551246537396122
52297.png,DRIP,336,336,88,73,5190.0,41608.0,14308,32490,0.12473562776389156,0.15974145891043398
52297.png,Fixed,336,336,88,72,3753.0,42849.0,14112,32490,0.08758664146187775,0.11551246537396122
52298.png,DRIP,336,336,23,72,2396.0,27943.0,14112,16227,0.08574598289374799,0.14765514266346214
52298.png,Fixed,336,336,23,72,2025.0,28314.0,14112,16227,0.07151938970120789,0.12479201331114809
52300.png,DRIP,336,336,88,73,5190.0,41608.0,14308,32490,0.12473562776389156,0.15974145891043398
52300.png,Fixed,336,336,88,72,3753.0,42849.0,14112,32490,0.08758664146187775,0.11551246537396122
52302.png,DRIP,336,336,23,72,2396.0,27943.0,14112,16227,0.08574598289374799,0.14765514266346214
52302.png,Fixed,336,336,23,72,2025.0,28314.0,14112,16227,0.07151938970120789,0.12479201331114809
52305.png,DRIP,336,336,88,73,5190.0,41608.0,14308,32490,0.12473562776389156,0.15974145891043398
52305.png,Fixed,336,336,88,72,3753.0,42849.0,14112,32490,0.08758664146187775,0.11551246537396122
52306.png,DRIP,336,336,88,73,5190.0,41608.0,14308,32490,0.12473562776389156,0.15974145891043398
52306.png,Fixed,336,336,88,72,3753.0,42849.0,14112,32490,0.08758664146187775,0.11551246537396122
52308.png,DRIP,336,336,88,73,5190.0,41608.0,14308,32490,0.12473562776389156,0.15974145891043398
52308.png,Fixed,336,336,88,72,3753.0,42849.0,14112,32490,0.08758664146187775,0.11551246537396122
52314.png,DRIP,336,336,47,73,5361.0,43547.0,14308,34600,0.12310836567386961,0.15494219653179192
52314.png,Fixed,336,336,47,72,4167.0,44545.0,14112,34600,0.09354585250869907,0.1204335260115607
52316.png,DRIP,336,336,47,73,5361.0,43547.0,14308,34600,0.12310836567386961,0.15494219653179192
52316.png,Fixed,336,336,47,72,4167.0,44545.0,14112,34600,0.09354585250869907,0.1204335260115607
52331.png,DRIP,336,336,47,73,5361.0,43547.0,14308,34600,0.12310836567386961,0.15494219653179192
52331.png,Fixed,336,336,47,72,4167.0,44545.0,14112,34600,0.09354585250869907,0.1204335260115607
52335.png,DRIP,336,336,47,73,5361.0,43547.0,14308,34600,0.12310836567386961,0.15494219653179192
52335.png,Fixed,336,336,47,72,4167.0,44545.0,14112,34600,0.09354585250869907,0.1204335260115607
52338.png,DRIP,336,336,47,73,5361.0,43547.0,14308,34600,0.12310836567386961,0.15494219653179192
52338.png,Fixed,336,336,47,72,4167.0,44545.0,14112,34600,0.09354585250869907,0.1204335260115607
52343.png,DRIP,336,336,47,73,5361.0,43547.0,14308,34600,0.12310836567386961,0.15494219653179192
52343.png,Fixed,336,336,47,72,4167.0,44545.0,14112,34600,0.09354585250869907,0.1204335260115607
52348.png,DRIP,336,336,47,73,5361.0,43547.0,14308,34600,0.12310836567386961,0.15494219653179192
52348.png,Fixed,336,336,47,72,4167.0,44545.0,14112,34600,0.09354585250869907,0.1204335260115607
52366.png,DRIP,336,336,38,73,4202.0,37949.0,14308,27843,0.11072755540330444,0.15091764536867436
52366.png,Fixed,336,336,38,72,3005.0,38950.0,14112,27843,0.07715019255455713,0.10792658837050605
52369.png,DRIP,336,336,38,73,4202.0,37949.0,14308,27843,0.11072755540330444,0.15091764536867436
52369.png,Fixed,336,336,38,72,3005.0,38950.0,14112,27843,0.07715019255455713,0.10792658837050605
52372.png,DRIP,336,336,38,73,4202.0,37949.0,14308,27843,0.11072755540330444,0.15091764536867436
52372.png,Fixed,336,336,38,72,3005.0,38950.0,14112,27843,0.07715019255455713,0.10792658837050605
52374.png,DRIP,336,336,38,73,4202.0,37949.0,14308,27843,0.11072755540330444,0.15091764536867436
52374.png,Fixed,336,336,38,72,3005.0,38950.0,14112,27843,0.07715019255455713,0.10792658837050605
52375.png,DRIP,336,336,38,73,4202.0,37949.0,14308,27843,0.11072755540330444,0.15091764536867436
52375.png,Fixed,336,336,38,72,3005.0,38950.0,14112,27843,0.07715019255455713,0.10792658837050605
52387.png,DRIP,336,336,38,73,4202.0,37949.0,14308,27843,0.11072755540330444,0.15091764536867436
52387.png,Fixed,336,336,38,72,3005.0,38950.0,14112,27843,0.07715019255455713,0.10792658837050605
52393.png,DRIP,336,336,38,73,4202.0,37949.0,14308,27843,0.11072755540330444,0.15091764536867436
52393.png,Fixed,336,336,38,72,3005.0,38950.0,14112,27843,0.07715019255455713,0.10792658837050605
52442.png,DRIP,336,336,19,72,4093.0,21860.0,14112,11841,0.18723696248856359,0.34566337302592687
52442.png,Fixed,336,336,19,72,1386.0,24567.0,14112,11841,0.05641714495054341,0.11705092475297695
52459.png,DRIP,336,336,2,73,931.0,15111.0,14308,1734,0.0616107471378466,0.5369088811995386
52459.png,Fixed,336,336,2,72,238.0,15608.0,14112,1734,0.015248590466427472,0.13725490196078433
52460.png,DRIP,336,336,2,73,931.0,15111.0,14308,1734,0.0616107471378466,0.5369088811995386
52460.png,Fixed,336,336,2,72,238.0,15608.0,14112,1734,0.015248590466427472,0.13725490196078433
52461.png,DRIP,336,336,2,73,931.0,15111.0,14308,1734,0.0616107471378466,0.5369088811995386
52461.png,Fixed,336,336,2,72,238.0,15608.0,14112,1734,0.015248590466427472,0.13725490196078433
52462.png,DRIP,336,336,2,73,931.0,15111.0,14308,1734,0.0616107471378466,0.5369088811995386
52462.png,Fixed,336,336,2,72,238.0,15608.0,14112,1734,0.015248590466427472,0.13725490196078433
52463.png,DRIP,336,336,2,73,931.0,15111.0,14308,1734,0.0616107471378466,0.5369088811995386
52463.png,Fixed,336,336,2,72,238.0,15608.0,14112,1734,0.015248590466427472,0.13725490196078433
52465.png,DRIP,336,336,2,73,931.0,15111.0,14308,1734,0.0616107471378466,0.5369088811995386
52465.png,Fixed,336,336,2,72,238.0,15608.0,14112,1734,0.015248590466427472,0.13725490196078433
52466.png,DRIP,336,336,2,73,931.0,15111.0,14308,1734,0.0616107471378466,0.5369088811995386
52466.png,Fixed,336,336,2,72,238.0,15608.0,14112,1734,0.015248590466427472,0.13725490196078433
52467.png,DRIP,336,336,2,73,931.0,15111.0,14308,1734,0.0616107471378466,0.5369088811995386
52467.png,Fixed,336,336,2,72,238.0,15608.0,14112,1734,0.015248590466427472,0.13725490196078433
52468.png,DRIP,336,336,2,73,931.0,15111.0,14308,1734,0.0616107471378466,0.5369088811995386
52468.png,Fixed,336,336,2,72,238.0,15608.0,14112,1734,0.015248590466427472,0.13725490196078433
52469.png,DRIP,336,336,2,73,931.0,15111.0,14308,1734,0.0616107471378466,0.5369088811995386
52469.png,Fixed,336,336,2,72,238.0,15608.0,14112,1734,0.015248590466427472,0.13725490196078433
5247.png,DRIP,336,336,49,73,2932.0,45831.0,14308,34455,0.06397416595753966,0.08509650268466115
5247.png,Fixed,336,336,49,72,4805.0,43762.0,14112,34455,0.10979845528083726,0.1394572630967929
52481.png,DRIP,336,336,34,73,7021.0,53479.0,14308,46192,0.1312851773593373,0.15199601662625564
52481.png,Fixed,336,336,34,72,5325.0,54979.0,14112,46192,0.0968551628803725,0.11527970211291999
52483.png,DRIP,336,336,34,73,7021.0,53479.0,14308,46192,0.1312851773593373,0.15199601662625564
52483.png,Fixed,336,336,34,72,5325.0,54979.0,14112,46192,0.0968551628803725,0.11527970211291999
52484.png,DRIP,336,336,34,73,7021.0,53479.0,14308,46192,0.1312851773593373,0.15199601662625564
52484.png,Fixed,336,336,34,72,5325.0,54979.0,14112,46192,0.0968551628803725,0.11527970211291999
52485.png,DRIP,336,336,34,73,7021.0,53479.0,14308,46192,0.1312851773593373,0.15199601662625564
52485.png,Fixed,336,336,34,72,5325.0,54979.0,14112,46192,0.0968551628803725,0.11527970211291999
52486.png,DRIP,336,336,34,73,7021.0,53479.0,14308,46192,0.1312851773593373,0.15199601662625564
52486.png,Fixed,336,336,34,72,5325.0,54979.0,14112,46192,0.0968551628803725,0.11527970211291999
52487.png,DRIP,336,336,34,73,7021.0,53479.0,14308,46192,0.1312851773593373,0.15199601662625564
52487.png,Fixed,336,336,34,72,5325.0,54979.0,14112,46192,0.0968551628803725,0.11527970211291999
5250.png,DRIP,336,336,49,73,2932.0,45831.0,14308,34455,0.06397416595753966,0.08509650268466115
5250.png,Fixed,336,336,49,72,4805.0,43762.0,14112,34455,0.10979845528083726,0.1394572630967929
52515.png,DRIP,336,336,39,73,6225.0,51740.0,14308,43657,0.1203131039814457,0.14258881737178458
52515.png,Fixed,336,336,39,72,4809.0,52960.0,14112,43657,0.09080438066465257,0.11015415626360034
52522.png,DRIP,336,336,39,73,6225.0,51740.0,14308,43657,0.1203131039814457,0.14258881737178458
52522.png,Fixed,336,336,39,72,4809.0,52960.0,14112,43657,0.09080438066465257,0.11015415626360034
52528.png,DRIP,336,336,39,73,6225.0,51740.0,14308,43657,0.1203131039814457,0.14258881737178458
52528.png,Fixed,336,336,39,72,4809.0,52960.0,14112,43657,0.09080438066465257,0.11015415626360034
5253.png,DRIP,336,336,49,73,2932.0,45831.0,14308,34455,0.06397416595753966,0.08509650268466115
5253.png,Fixed,336,336,49,72,4805.0,43762.0,14112,34455,0.10979845528083726,0.1394572630967929
52530.png,DRIP,336,336,39,73,6225.0,51740.0,14308,43657,0.1203131039814457,0.14258881737178458
52530.png,Fixed,336,336,39,72,4809.0,52960.0,14112,43657,0.09080438066465257,0.11015415626360034
52533.png,DRIP,336,336,39,73,6225.0,51740.0,14308,43657,0.1203131039814457,0.14258881737178458
52533.png,Fixed,336,336,39,72,4809.0,52960.0,14112,43657,0.09080438066465257,0.11015415626360034
52538.png,DRIP,336,336,11,73,3323.0,25480.0,14308,14495,0.1304160125588697,0.22925146602276647
52538.png,Fixed,336,336,11,72,1685.0,26922.0,14112,14495,0.06258821781442686,0.11624698171783374
52541.png,DRIP,336,336,11,73,3323.0,25480.0,14308,14495,0.1304160125588697,0.22925146602276647
52541.png,Fixed,336,336,11,72,1685.0,26922.0,14112,14495,0.06258821781442686,0.11624698171783374
52556.png,DRIP,336,336,25,73,6744.0,60808.0,14308,53244,0.11090645967635837,0.12666215911652018
52556.png,Fixed,336,336,25,72,6600.0,60756.0,14112,53244,0.10863124629666206,0.12395762902862294
52559.png,DRIP,336,336,25,73,6744.0,60808.0,14308,53244,0.11090645967635837,0.12666215911652018
52559.png,Fixed,336,336,25,72,6600.0,60756.0,14112,53244,0.10863124629666206,0.12395762902862294
5259.png,DRIP,336,336,49,73,2932.0,45831.0,14308,34455,0.06397416595753966,0.08509650268466115
5259.png,Fixed,336,336,49,72,4805.0,43762.0,14112,34455,0.10979845528083726,0.1394572630967929
52599.png,DRIP,336,336,31,72,5484.0,30808.0,14112,22180,0.17800571280186964,0.2472497745716862
52599.png,Fixed,336,336,31,72,2889.0,33403.0,14112,22180,0.0864892374936383,0.13025247971145176
52605.png,DRIP,336,336,31,72,5484.0,30808.0,14112,22180,0.17800571280186964,0.2472497745716862
52605.png,Fixed,336,336,31,72,2889.0,33403.0,14112,22180,0.0864892374936383,0.13025247971145176
52608.png,DRIP,336,336,31,72,5484.0,30808.0,14112,22180,0.17800571280186964,0.2472497745716862
52608.png,Fixed,336,336,31,72,2889.0,33403.0,14112,22180,0.0864892374936383,0.13025247971145176
52612.png,DRIP,336,336,31,72,5484.0,30808.0,14112,22180,0.17800571280186964,0.2472497745716862
52612.png,Fixed,336,336,31,72,2889.0,33403.0,14112,22180,0.0864892374936383,0.13025247971145176
52617.png,DRIP,336,336,31,72,5484.0,30808.0,14112,22180,0.17800571280186964,0.2472497745716862
52617.png,Fixed,336,336,31,72,2889.0,33403.0,14112,22180,0.0864892374936383,0.13025247971145176
52620.png,DRIP,336,336,31,72,5484.0,30808.0,14112,22180,0.17800571280186964,0.2472497745716862
52620.png,Fixed,336,336,31,72,2889.0,33403.0,14112,22180,0.0864892374936383,0.13025247971145176
52622.png,DRIP,336,336,25,73,3290.0,33277.0,14308,22259,0.09886708537428254,0.1478053820926367
52622.png,Fixed,336,336,25,72,2411.0,33960.0,14112,22259,0.07099528857479387,0.10831573745451278
52625.png,DRIP,336,336,25,73,3290.0,33277.0,14308,22259,0.09886708537428254,0.1478053820926367
52625.png,Fixed,336,336,25,72,2411.0,33960.0,14112,22259,0.07099528857479387,0.10831573745451278
52629.png,DRIP,336,336,25,73,3290.0,33277.0,14308,22259,0.09886708537428254,0.1478053820926367
52629.png,Fixed,336,336,25,72,2411.0,33960.0,14112,22259,0.07099528857479387,0.10831573745451278
5263.png,DRIP,336,336,33,73,5653.0,31517.0,14308,22862,0.17936351810134213,0.2472662059312396
5263.png,Fixed,336,336,33,72,4013.0,32961.0,14112,22862,0.12174994690695064,0.175531449566967
52637.png,DRIP,336,336,25,73,3290.0,33277.0,14308,22259,0.09886708537428254,0.1478053820926367
52637.png,Fixed,336,336,25,72,2411.0,33960.0,14112,22259,0.07099528857479387,0.10831573745451278
5267.png,DRIP,336,336,37,73,9191.0,67050.0,14308,61933,0.13707680835197614,0.14840230571746887
5267.png,Fixed,336,336,37,72,6937.0,69108.0,14112,61933,0.10037911674480524,0.11200813782636075
52678.png,DRIP,336,336,25,73,3290.0,33277.0,14308,22259,0.09886708537428254,0.1478053820926367
52678.png,Fixed,336,336,25,72,2411.0,33960.0,14112,22259,0.07099528857479387,0.10831573745451278
52685.png,DRIP,336,336,25,73,3290.0,33277.0,14308,22259,0.09886708537428254,0.1478053820926367
52685.png,Fixed,336,336,25,72,2411.0,33960.0,14112,22259,0.07099528857479387,0.10831573745451278
5269.png,DRIP,336,336,37,73,9191.0,67050.0,14308,61933,0.13707680835197614,0.14840230571746887
5269.png,Fixed,336,336,37,72,6937.0,69108.0,14112,61933,0.10037911674480524,0.11200813782636075
5270.png,DRIP,336,336,37,73,9191.0,67050.0,14308,61933,0.13707680835197614,0.14840230571746887
5270.png,Fixed,336,336,37,72,6937.0,69108.0,14112,61933,0.10037911674480524,0.11200813782636075
5275.png,DRIP,336,336,37,73,9191.0,67050.0,14308,61933,0.13707680835197614,0.14840230571746887
5275.png,Fixed,336,336,37,72,6937.0,69108.0,14112,61933,0.10037911674480524,0.11200813782636075
5276.png,DRIP,336,336,33,73,5653.0,31517.0,14308,22862,0.17936351810134213,0.2472662059312396
5276.png,Fixed,336,336,33,72,4013.0,32961.0,14112,22862,0.12174994690695064,0.175531449566967
5287.png,DRIP,336,336,33,73,5653.0,31517.0,14308,22862,0.17936351810134213,0.2472662059312396
5287.png,Fixed,336,336,33,72,4013.0,32961.0,14112,22862,0.12174994690695064,0.175531449566967
5293.png,DRIP,336,336,29,73,4586.0,29143.0,14308,19421,0.15736197371581512,0.2361361412903558
5293.png,Fixed,336,336,29,72,2169.0,31364.0,14112,19421,0.06915571993368193,0.11168322949384686
5300.png,DRIP,336,336,29,73,4586.0,29143.0,14308,19421,0.15736197371581512,0.2361361412903558
5300.png,Fixed,336,336,29,72,2169.0,31364.0,14112,19421,0.06915571993368193,0.11168322949384686
5302.png,DRIP,336,336,29,73,4586.0,29143.0,14308,19421,0.15736197371581512,0.2361361412903558
5302.png,Fixed,336,336,29,72,2169.0,31364.0,14112,19421,0.06915571993368193,0.11168322949384686
53087.png,DRIP,336,336,44,73,8222.0,76748.0,14308,70662,0.10712982748736123,0.1163567405394696
53087.png,Fixed,336,336,44,72,9139.0,75635.0,14112,70662,0.12083030343095127,0.12933401262347513
53092.png,DRIP,336,336,44,73,8222.0,76748.0,14308,70662,0.10712982748736123,0.1163567405394696
53092.png,Fixed,336,336,44,72,9139.0,75635.0,14112,70662,0.12083030343095127,0.12933401262347513
53095.png,DRIP,336,336,44,73,8222.0,76748.0,14308,70662,0.10712982748736123,0.1163567405394696
53095.png,Fixed,336,336,44,72,9139.0,75635.0,14112,70662,0.12083030343095127,0.12933401262347513
53099.png,DRIP,336,336,29,73,4499.0,39409.0,14308,29600,0.1141617397041285,0.15199324324324323
53099.png,Fixed,336,336,29,72,4325.0,39387.0,14112,29600,0.10980780460558053,0.14611486486486486
53103.png,DRIP,336,336,29,73,4499.0,39409.0,14308,29600,0.1141617397041285,0.15199324324324323
53103.png,Fixed,336,336,29,72,4325.0,39387.0,14112,29600,0.10980780460558053,0.14611486486486486
53106.png,DRIP,336,336,29,73,4499.0,39409.0,14308,29600,0.1141617397041285,0.15199324324324323
53106.png,Fixed,336,336,29,72,4325.0,39387.0,14112,29600,0.10980780460558053,0.14611486486486486
5313.png,DRIP,336,336,29,73,4586.0,29143.0,14308,19421,0.15736197371581512,0.2361361412903558
5313.png,Fixed,336,336,29,72,2169.0,31364.0,14112,19421,0.06915571993368193,0.11168322949384686
5314.png,DRIP,336,336,29,73,4586.0,29143.0,14308,19421,0.15736197371581512,0.2361361412903558
5314.png,Fixed,336,336,29,72,2169.0,31364.0,14112,19421,0.06915571993368193,0.11168322949384686
53433.png,DRIP,336,336,50,73,4786.0,48708.0,14308,39186,0.09825901289315923,0.12213545654060123
53433.png,Fixed,336,336,50,72,4623.0,48675.0,14112,39186,0.0949768875192604,0.11797580768641862
53434.png,DRIP,336,336,50,73,4786.0,48708.0,14308,39186,0.09825901289315923,0.12213545654060123
53434.png,Fixed,336,336,50,72,4623.0,48675.0,14112,39186,0.0949768875192604,0.11797580768641862
53436.png,DRIP,336,336,50,73,4786.0,48708.0,14308,39186,0.09825901289315923,0.12213545654060123
53436.png,Fixed,336,336,50,72,4623.0,48675.0,14112,39186,0.0949768875192604,0.11797580768641862
53438.png,DRIP,336,336,50,73,4786.0,48708.0,14308,39186,0.09825901289315923,0.12213545654060123
53438.png,Fixed,336,336,50,72,4623.0,48675.0,14112,39186,0.0949768875192604,0.11797580768641862
53439.png,DRIP,336,336,50,73,4786.0,48708.0,14308,39186,0.09825901289315923,0.12213545654060123
53439.png,Fixed,336,336,50,72,4623.0,48675.0,14112,39186,0.0949768875192604,0.11797580768641862
53440.png,DRIP,336,336,50,73,4786.0,48708.0,14308,39186,0.09825901289315923,0.12213545654060123
53440.png,Fixed,336,336,50,72,4623.0,48675.0,14112,39186,0.0949768875192604,0.11797580768641862
53441.png,DRIP,336,336,50,73,4786.0,48708.0,14308,39186,0.09825901289315923,0.12213545654060123
53441.png,Fixed,336,336,50,72,4623.0,48675.0,14112,39186,0.0949768875192604,0.11797580768641862
53463.png,DRIP,336,336,36,73,6135.0,47698.0,14308,39525,0.12862174514654703,0.15521821631878557
53463.png,Fixed,336,336,36,72,5059.0,48578.0,14112,39525,0.10414179258100374,0.12799493991144845
53466.png,DRIP,336,336,36,73,6135.0,47698.0,14308,39525,0.12862174514654703,0.15521821631878557
53466.png,Fixed,336,336,36,72,5059.0,48578.0,14112,39525,0.10414179258100374,0.12799493991144845
53468.png,DRIP,336,336,36,73,6135.0,47698.0,14308,39525,0.12862174514654703,0.15521821631878557
53468.png,Fixed,336,336,36,72,5059.0,48578.0,14112,39525,0.10414179258100374,0.12799493991144845
53469.png,DRIP,336,336,36,73,6135.0,47698.0,14308,39525,0.12862174514654703,0.15521821631878557
53469.png,Fixed,336,336,36,72,5059.0,48578.0,14112,39525,0.10414179258100374,0.12799493991144845
53472.png,DRIP,336,336,36,73,6135.0,47698.0,14308,39525,0.12862174514654703,0.15521821631878557
53472.png,Fixed,336,336,36,72,5059.0,48578.0,14112,39525,0.10414179258100374,0.12799493991144845
53473.png,DRIP,336,336,36,73,6135.0,47698.0,14308,39525,0.12862174514654703,0.15521821631878557
53473.png,Fixed,336,336,36,72,5059.0,48578.0,14112,39525,0.10414179258100374,0.12799493991144845
53474.png,DRIP,336,336,36,73,6135.0,47698.0,14308,39525,0.12862174514654703,0.15521821631878557
53474.png,Fixed,336,336,36,72,5059.0,48578.0,14112,39525,0.10414179258100374,0.12799493991144845
53475.png,DRIP,336,336,36,73,6135.0,47698.0,14308,39525,0.12862174514654703,0.15521821631878557
53475.png,Fixed,336,336,36,72,5059.0,48578.0,14112,39525,0.10414179258100374,0.12799493991144845
53476.png,DRIP,336,336,36,73,6135.0,47698.0,14308,39525,0.12862174514654703,0.15521821631878557
53476.png,Fixed,336,336,36,72,5059.0,48578.0,14112,39525,0.10414179258100374,0.12799493991144845
53479.png,DRIP,336,336,25,73,6776.0,42318.0,14308,34786,0.16012098870457017,0.194791007876732
53479.png,Fixed,336,336,25,72,4056.0,44842.0,14112,34786,0.09045091655144731,0.11659863163341574
53513.png,DRIP,336,336,25,73,6776.0,42318.0,14308,34786,0.16012098870457017,0.194791007876732
53513.png,Fixed,336,336,25,72,4056.0,44842.0,14112,34786,0.09045091655144731,0.11659863163341574
53514.png,DRIP,336,336,25,73,6776.0,42318.0,14308,34786,0.16012098870457017,0.194791007876732
53514.png,Fixed,336,336,25,72,4056.0,44842.0,14112,34786,0.09045091655144731,0.11659863163341574
53515.png,DRIP,336,336,25,73,6776.0,42318.0,14308,34786,0.16012098870457017,0.194791007876732
53515.png,Fixed,336,336,25,72,4056.0,44842.0,14112,34786,0.09045091655144731,0.11659863163341574
53536.png,DRIP,336,336,25,73,6776.0,42318.0,14308,34786,0.16012098870457017,0.194791007876732
53536.png,Fixed,336,336,25,72,4056.0,44842.0,14112,34786,0.09045091655144731,0.11659863163341574
53537.png,DRIP,336,336,25,73,6776.0,42318.0,14308,34786,0.16012098870457017,0.194791007876732
53537.png,Fixed,336,336,25,72,4056.0,44842.0,14112,34786,0.09045091655144731,0.11659863163341574
53538.png,DRIP,336,336,25,73,6776.0,42318.0,14308,34786,0.16012098870457017,0.194791007876732
53538.png,Fixed,336,336,25,72,4056.0,44842.0,14112,34786,0.09045091655144731,0.11659863163341574
53543.png,DRIP,336,336,25,73,6776.0,42318.0,14308,34786,0.16012098870457017,0.194791007876732
53543.png,Fixed,336,336,25,72,4056.0,44842.0,14112,34786,0.09045091655144731,0.11659863163341574
53572.png,DRIP,336,336,17,73,3894.0,31129.0,14308,20715,0.12509235760866075,0.1879797248370746
53572.png,Fixed,336,336,17,72,2865.0,31962.0,14112,20715,0.0896376947625305,0.13830557566980448
53573.png,DRIP,336,336,17,73,3894.0,31129.0,14308,20715,0.12509235760866075,0.1879797248370746
53573.png,Fixed,336,336,17,72,2865.0,31962.0,14112,20715,0.0896376947625305,0.13830557566980448
53575.png,DRIP,336,336,17,73,3894.0,31129.0,14308,20715,0.12509235760866075,0.1879797248370746
53575.png,Fixed,336,336,17,72,2865.0,31962.0,14112,20715,0.0896376947625305,0.13830557566980448
53576.png,DRIP,336,336,17,73,3894.0,31129.0,14308,20715,0.12509235760866075,0.1879797248370746
53576.png,Fixed,336,336,17,72,2865.0,31962.0,14112,20715,0.0896376947625305,0.13830557566980448
53579.png,DRIP,336,336,17,73,3894.0,31129.0,14308,20715,0.12509235760866075,0.1879797248370746
53579.png,Fixed,336,336,17,72,2865.0,31962.0,14112,20715,0.0896376947625305,0.13830557566980448
53582.png,DRIP,336,336,17,73,3894.0,31129.0,14308,20715,0.12509235760866075,0.1879797248370746
53582.png,Fixed,336,336,17,72,2865.0,31962.0,14112,20715,0.0896376947625305,0.13830557566980448
53588.png,DRIP,336,336,34,72,3604.0,38734.0,14112,28226,0.09304487013992875,0.12768369588322823
53588.png,Fixed,336,336,34,72,3569.0,38769.0,14112,28226,0.0920580876473471,0.12644370438602706
53592.png,DRIP,336,336,34,72,3604.0,38734.0,14112,28226,0.09304487013992875,0.12768369588322823
53592.png,Fixed,336,336,34,72,3569.0,38769.0,14112,28226,0.0920580876473471,0.12644370438602706
53595.png,DRIP,336,336,34,72,3604.0,38734.0,14112,28226,0.09304487013992875,0.12768369588322823
53595.png,Fixed,336,336,34,72,3569.0,38769.0,14112,28226,0.0920580876473471,0.12644370438602706
53598.png,DRIP,336,336,34,72,3604.0,38734.0,14112,28226,0.09304487013992875,0.12768369588322823
53598.png,Fixed,336,336,34,72,3569.0,38769.0,14112,28226,0.0920580876473471,0.12644370438602706
53600.png,DRIP,336,336,34,72,3604.0,38734.0,14112,28226,0.09304487013992875,0.12768369588322823
53600.png,Fixed,336,336,34,72,3569.0,38769.0,14112,28226,0.0920580876473471,0.12644370438602706
53602.png,DRIP,336,336,21,73,7910.0,50964.0,14308,44566,0.1552075975198179,0.17748956603688912
53602.png,Fixed,336,336,21,72,5260.0,53418.0,14112,44566,0.09846868096896177,0.11802719561997936
53603.png,DRIP,336,336,21,73,7910.0,50964.0,14308,44566,0.1552075975198179,0.17748956603688912
53603.png,Fixed,336,336,21,72,5260.0,53418.0,14112,44566,0.09846868096896177,0.11802719561997936
53604.png,DRIP,336,336,34,72,3604.0,38734.0,14112,28226,0.09304487013992875,0.12768369588322823
53604.png,Fixed,336,336,34,72,3569.0,38769.0,14112,28226,0.0920580876473471,0.12644370438602706
53605.png,DRIP,336,336,21,73,7910.0,50964.0,14308,44566,0.1552075975198179,0.17748956603688912
53605.png,Fixed,336,336,21,72,5260.0,53418.0,14112,44566,0.09846868096896177,0.11802719561997936
53606.png,DRIP,336,336,21,73,7910.0,50964.0,14308,44566,0.1552075975198179,0.17748956603688912
53606.png,Fixed,336,336,21,72,5260.0,53418.0,14112,44566,0.09846868096896177,0.11802719561997936
53696.png,DRIP,336,336,14,73,4917.0,32968.0,14308,23577,0.14914462509099732,0.20855070619671714
53696.png,Fixed,336,336,14,72,2545.0,35144.0,14112,23577,0.07241634418392898,0.10794418289010477
53698.png,DRIP,336,336,14,73,4917.0,32968.0,14308,23577,0.14914462509099732,0.20855070619671714
53698.png,Fixed,336,336,14,72,2545.0,35144.0,14112,23577,0.07241634418392898,0.10794418289010477
53700.png,DRIP,336,336,14,73,4917.0,32968.0,14308,23577,0.14914462509099732,0.20855070619671714
53700.png,Fixed,336,336,14,72,2545.0,35144.0,14112,23577,0.07241634418392898,0.10794418289010477
53701.png,DRIP,336,336,14,73,4917.0,32968.0,14308,23577,0.14914462509099732,0.20855070619671714
53701.png,Fixed,336,336,14,72,2545.0,35144.0,14112,23577,0.07241634418392898,0.10794418289010477
53705.png,DRIP,336,336,14,73,4917.0,32968.0,14308,23577,0.14914462509099732,0.20855070619671714
53705.png,Fixed,336,336,14,72,2545.0,35144.0,14112,23577,0.07241634418392898,0.10794418289010477
53707.png,DRIP,336,336,14,73,4917.0,32968.0,14308,23577,0.14914462509099732,0.20855070619671714
53707.png,Fixed,336,336,14,72,2545.0,35144.0,14112,23577,0.07241634418392898,0.10794418289010477
5371.png,DRIP,336,336,57,73,3535.0,31419.0,14308,20646,0.11251153760463414,0.17121960670347766
5371.png,Fixed,336,336,57,72,2958.0,31800.0,14112,20646,0.0930188679245283,0.14327230456262716
53710.png,DRIP,336,336,14,73,4917.0,32968.0,14308,23577,0.14914462509099732,0.20855070619671714
53710.png,Fixed,336,336,14,72,2545.0,35144.0,14112,23577,0.07241634418392898,0.10794418289010477
5372.png,DRIP,336,336,29,73,4846.0,29125.0,14308,19663,0.1663862660944206,0.24645272847480038
5372.png,Fixed,336,336,29,72,2472.0,31303.0,14112,19663,0.07897006676676357,0.12571835426944006
53722.png,DRIP,336,336,9,73,1899.0,20407.0,14308,7998,0.09305630420933993,0.2374343585896474
53722.png,Fixed,336,336,9,72,719.0,21391.0,14112,7998,0.03361226684119489,0.08989747436859215
53723.png,DRIP,336,336,9,73,1899.0,20407.0,14308,7998,0.09305630420933993,0.2374343585896474
53723.png,Fixed,336,336,9,72,719.0,21391.0,14112,7998,0.03361226684119489,0.08989747436859215
53726.png,DRIP,336,336,17,73,7476.0,47304.0,14308,40472,0.1580416032470827,0.1847203004546353
53726.png,Fixed,336,336,17,72,5268.0,49316.0,14112,40472,0.10682131559737205,0.13016406404427752
53728.png,DRIP,336,336,17,73,7476.0,47304.0,14308,40472,0.1580416032470827,0.1847203004546353
53728.png,Fixed,336,336,17,72,5268.0,49316.0,14112,40472,0.10682131559737205,0.13016406404427752
5373.png,DRIP,336,336,29,73,4846.0,29125.0,14308,19663,0.1663862660944206,0.24645272847480038
5373.png,Fixed,336,336,29,72,2472.0,31303.0,14112,19663,0.07897006676676357,0.12571835426944006
53730.png,DRIP,336,336,17,73,7476.0,47304.0,14308,40472,0.1580416032470827,0.1847203004546353
53730.png,Fixed,336,336,17,72,5268.0,49316.0,14112,40472,0.10682131559737205,0.13016406404427752
53813.png,DRIP,336,336,28,73,6499.0,44215.0,14308,36406,0.14698631686079386,0.17851453057188377
53813.png,Fixed,336,336,28,72,4461.0,46057.0,14112,36406,0.09685824087543696,0.12253474701972203
53818.png,DRIP,336,336,28,73,6499.0,44215.0,14308,36406,0.14698631686079386,0.17851453057188377
53818.png,Fixed,336,336,28,72,4461.0,46057.0,14112,36406,0.09685824087543696,0.12253474701972203
5382.png,DRIP,336,336,29,73,4846.0,29125.0,14308,19663,0.1663862660944206,0.24645272847480038
5382.png,Fixed,336,336,29,72,2472.0,31303.0,14112,19663,0.07897006676676357,0.12571835426944006
53825.png,DRIP,336,336,28,73,6499.0,44215.0,14308,36406,0.14698631686079386,0.17851453057188377
53825.png,Fixed,336,336,28,72,4461.0,46057.0,14112,36406,0.09685824087543696,0.12253474701972203
53829.png,DRIP,336,336,28,73,6499.0,44215.0,14308,36406,0.14698631686079386,0.17851453057188377
53829.png,Fixed,336,336,28,72,4461.0,46057.0,14112,36406,0.09685824087543696,0.12253474701972203
53832.png,DRIP,336,336,28,73,6499.0,44215.0,14308,36406,0.14698631686079386,0.17851453057188377
53832.png,Fixed,336,336,28,72,4461.0,46057.0,14112,36406,0.09685824087543696,0.12253474701972203
53842.png,DRIP,336,336,28,73,6499.0,44215.0,14308,36406,0.14698631686079386,0.17851453057188377
53842.png,Fixed,336,336,28,72,4461.0,46057.0,14112,36406,0.09685824087543696,0.12253474701972203
53846.png,DRIP,336,336,28,73,6499.0,44215.0,14308,36406,0.14698631686079386,0.17851453057188377
53846.png,Fixed,336,336,28,72,4461.0,46057.0,14112,36406,0.09685824087543696,0.12253474701972203
53850.png,DRIP,336,336,28,73,6499.0,44215.0,14308,36406,0.14698631686079386,0.17851453057188377
53850.png,Fixed,336,336,28,72,4461.0,46057.0,14112,36406,0.09685824087543696,0.12253474701972203
53855.png,DRIP,336,336,28,73,6499.0,44215.0,14308,36406,0.14698631686079386,0.17851453057188377
53855.png,Fixed,336,336,28,72,4461.0,46057.0,14112,36406,0.09685824087543696,0.12253474701972203
5388.png,DRIP,336,336,29,73,4846.0,29125.0,14308,19663,0.1663862660944206,0.24645272847480038
5388.png,Fixed,336,336,29,72,2472.0,31303.0,14112,19663,0.07897006676676357,0.12571835426944006
5389.png,DRIP,336,336,29,73,4846.0,29125.0,14308,19663,0.1663862660944206,0.24645272847480038
5389.png,Fixed,336,336,29,72,2472.0,31303.0,14112,19663,0.07897006676676357,0.12571835426944006
5391.png,DRIP,336,336,29,73,4846.0,29125.0,14308,19663,0.1663862660944206,0.24645272847480038
5391.png,Fixed,336,336,29,72,2472.0,31303.0,14112,19663,0.07897006676676357,0.12571835426944006
5392.png,DRIP,336,336,29,73,4846.0,29125.0,14308,19663,0.1663862660944206,0.24645272847480038
5392.png,Fixed,336,336,29,72,2472.0,31303.0,14112,19663,0.07897006676676357,0.12571835426944006
53964.png,DRIP,336,336,47,72,5735.0,47605.0,14112,39228,0.12047053880894865,0.1461965942693994
53964.png,Fixed,336,336,47,72,4172.0,49168.0,14112,39228,0.08485193621867881,0.10635260528194147
53969.png,DRIP,336,336,47,72,5735.0,47605.0,14112,39228,0.12047053880894865,0.1461965942693994
53969.png,Fixed,336,336,47,72,4172.0,49168.0,14112,39228,0.08485193621867881,0.10635260528194147
53974.png,DRIP,336,336,47,72,5735.0,47605.0,14112,39228,0.12047053880894865,0.1461965942693994
53974.png,Fixed,336,336,47,72,4172.0,49168.0,14112,39228,0.08485193621867881,0.10635260528194147
53985.png,DRIP,336,336,47,72,5735.0,47605.0,14112,39228,0.12047053880894865,0.1461965942693994
53985.png,Fixed,336,336,47,72,4172.0,49168.0,14112,39228,0.08485193621867881,0.10635260528194147
53989.png,DRIP,336,336,75,73,8864.0,71062.0,14308,65618,0.12473614590076272,0.1350848852449023
53989.png,Fixed,336,336,75,72,8668.0,71062.0,14112,65618,0.12197799105006896,0.13209789996647262
53990.png,DRIP,336,336,75,73,8864.0,71062.0,14308,65618,0.12473614590076272,0.1350848852449023
53990.png,Fixed,336,336,75,72,8668.0,71062.0,14112,65618,0.12197799105006896,0.13209789996647262
53992.png,DRIP,336,336,75,73,8864.0,71062.0,14308,65618,0.12473614590076272,0.1350848852449023
53992.png,Fixed,336,336,75,72,8668.0,71062.0,14112,65618,0.12197799105006896,0.13209789996647262
53993.png,DRIP,336,336,75,73,8864.0,71062.0,14308,65618,0.12473614590076272,0.1350848852449023
53993.png,Fixed,336,336,75,72,8668.0,71062.0,14112,65618,0.12197799105006896,0.13209789996647262
5407.png,DRIP,336,336,41,72,8248.0,79716.0,14112,73852,0.103467308946761,0.11168282510967882
5407.png,Fixed,336,336,41,72,9578.0,78386.0,14112,73852,0.12219018702319291,0.12969181606456157
5409.png,DRIP,336,336,12,73,3190.0,23716.0,14308,12598,0.1345083487940631,0.25321479599936497
5409.png,Fixed,336,336,12,72,661.0,26049.0,14112,12598,0.025375254328381128,0.05246864581679632
5412.png,DRIP,336,336,12,73,3190.0,23716.0,14308,12598,0.1345083487940631,0.25321479599936497
5412.png,Fixed,336,336,12,72,661.0,26049.0,14112,12598,0.025375254328381128,0.05246864581679632
5413.png,DRIP,336,336,6,73,3778.0,34505.0,14308,23975,0.10949137806115056,0.1575808133472367
5413.png,Fixed,336,336,6,72,2455.0,35632.0,14112,23975,0.06889874270318815,0.10239833159541188
54147.png,DRIP,336,336,34,73,4870.0,33767.0,14308,24329,0.14422365030947373,0.200172633482675
54147.png,Fixed,336,336,34,72,3733.0,34708.0,14112,24329,0.10755445430448311,0.15343828352994368
54152.png,DRIP,336,336,34,73,4870.0,33767.0,14308,24329,0.14422365030947373,0.200172633482675
54152.png,Fixed,336,336,34,72,3733.0,34708.0,14112,24329,0.10755445430448311,0.15343828352994368
54158.png,DRIP,336,336,34,73,4870.0,33767.0,14308,24329,0.14422365030947373,0.200172633482675
54158.png,Fixed,336,336,34,72,3733.0,34708.0,14112,24329,0.10755445430448311,0.15343828352994368
5416.png,DRIP,336,336,6,73,3778.0,34505.0,14308,23975,0.10949137806115056,0.1575808133472367
5416.png,Fixed,336,336,6,72,2455.0,35632.0,14112,23975,0.06889874270318815,0.10239833159541188
54162.png,DRIP,336,336,34,73,4870.0,33767.0,14308,24329,0.14422365030947373,0.200172633482675
54162.png,Fixed,336,336,34,72,3733.0,34708.0,14112,24329,0.10755445430448311,0.15343828352994368
54168.png,DRIP,336,336,34,73,4870.0,33767.0,14308,24329,0.14422365030947373,0.200172633482675
54168.png,Fixed,336,336,34,72,3733.0,34708.0,14112,24329,0.10755445430448311,0.15343828352994368
54173.png,DRIP,336,336,34,73,4870.0,33767.0,14308,24329,0.14422365030947373,0.200172633482675
54173.png,Fixed,336,336,34,72,3733.0,34708.0,14112,24329,0.10755445430448311,0.15343828352994368
54175.png,DRIP,336,336,34,73,4870.0,33767.0,14308,24329,0.14422365030947373,0.200172633482675
54175.png,Fixed,336,336,34,72,3733.0,34708.0,14112,24329,0.10755445430448311,0.15343828352994368
5419.png,DRIP,336,336,6,73,3778.0,34505.0,14308,23975,0.10949137806115056,0.1575808133472367
5419.png,Fixed,336,336,6,72,2455.0,35632.0,14112,23975,0.06889874270318815,0.10239833159541188
54193.png,DRIP,336,336,22,73,6221.0,24419.0,14308,16332,0.25476063720873093,0.38090864560372273
54193.png,Fixed,336,336,22,72,2075.0,28369.0,14112,16332,0.07314321971165709,0.12705118785206956
5422.png,DRIP,336,336,6,73,3778.0,34505.0,14308,23975,0.10949137806115056,0.1575808133472367
5422.png,Fixed,336,336,6,72,2455.0,35632.0,14112,23975,0.06889874270318815,0.10239833159541188
54259.png,DRIP,336,336,37,73,3658.0,26474.0,14308,15824,0.13817330210772832,0.23116784630940343
54259.png,Fixed,336,336,37,72,2657.0,27279.0,14112,15824,0.09740093111917593,0.16790950455005055
54261.png,DRIP,336,336,37,73,3658.0,26474.0,14308,15824,0.13817330210772832,0.23116784630940343
54261.png,Fixed,336,336,37,72,2657.0,27279.0,14112,15824,0.09740093111917593,0.16790950455005055
54263.png,DRIP,336,336,37,73,3658.0,26474.0,14308,15824,0.13817330210772832,0.23116784630940343
54263.png,Fixed,336,336,37,72,2657.0,27279.0,14112,15824,0.09740093111917593,0.16790950455005055
54265.png,DRIP,336,336,37,73,3658.0,26474.0,14308,15824,0.13817330210772832,0.23116784630940343
54265.png,Fixed,336,336,37,72,2657.0,27279.0,14112,15824,0.09740093111917593,0.16790950455005055
54267.png,DRIP,336,336,37,73,3658.0,26474.0,14308,15824,0.13817330210772832,0.23116784630940343
54267.png,Fixed,336,336,37,72,2657.0,27279.0,14112,15824,0.09740093111917593,0.16790950455005055
54269.png,DRIP,336,336,37,73,3658.0,26474.0,14308,15824,0.13817330210772832,0.23116784630940343
54269.png,Fixed,336,336,37,72,2657.0,27279.0,14112,15824,0.09740093111917593,0.16790950455005055
54270.png,DRIP,336,336,37,73,3658.0,26474.0,14308,15824,0.13817330210772832,0.23116784630940343
54270.png,Fixed,336,336,37,72,2657.0,27279.0,14112,15824,0.09740093111917593,0.16790950455005055
54275.png,DRIP,336,336,37,73,3658.0,26474.0,14308,15824,0.13817330210772832,0.23116784630940343
54275.png,Fixed,336,336,37,72,2657.0,27279.0,14112,15824,0.09740093111917593,0.16790950455005055
54312.png,DRIP,336,336,12,72,1614.0,18136.0,14112,5638,0.08899426554918394,0.2862717275629656
54312.png,Fixed,336,336,12,72,343.0,19407.0,14112,5638,0.017674035141959088,0.060837176303653775
54315.png,DRIP,336,336,12,72,1614.0,18136.0,14112,5638,0.08899426554918394,0.2862717275629656
54315.png,Fixed,336,336,12,72,343.0,19407.0,14112,5638,0.017674035141959088,0.060837176303653775
54319.png,DRIP,336,336,12,72,1614.0,18136.0,14112,5638,0.08899426554918394,0.2862717275629656
54319.png,Fixed,336,336,12,72,343.0,19407.0,14112,5638,0.017674035141959088,0.060837176303653775
54321.png,DRIP,336,336,12,72,1614.0,18136.0,14112,5638,0.08899426554918394,0.2862717275629656
54321.png,Fixed,336,336,12,72,343.0,19407.0,14112,5638,0.017674035141959088,0.060837176303653775
54329.png,DRIP,336,336,12,72,1614.0,18136.0,14112,5638,0.08899426554918394,0.2862717275629656
54329.png,Fixed,336,336,12,72,343.0,19407.0,14112,5638,0.017674035141959088,0.060837176303653775
54334.png,DRIP,336,336,25,72,3941.0,24129.0,14112,13958,0.16333043225993618,0.2823470411233701
54334.png,Fixed,336,336,25,72,1920.0,26150.0,14112,13958,0.0734225621414914,0.13755552371399915
54337.png,DRIP,336,336,25,72,3941.0,24129.0,14112,13958,0.16333043225993618,0.2823470411233701
54337.png,Fixed,336,336,25,72,1920.0,26150.0,14112,13958,0.0734225621414914,0.13755552371399915
54341.png,DRIP,336,336,25,72,3941.0,24129.0,14112,13958,0.16333043225993618,0.2823470411233701
54341.png,Fixed,336,336,25,72,1920.0,26150.0,14112,13958,0.0734225621414914,0.13755552371399915
54346.png,DRIP,336,336,25,72,3941.0,24129.0,14112,13958,0.16333043225993618,0.2823470411233701
54346.png,Fixed,336,336,25,72,1920.0,26150.0,14112,13958,0.0734225621414914,0.13755552371399915
5435.png,DRIP,336,336,35,72,4644.0,33675.0,14112,24207,0.1379064587973274,0.19184533399429918
5435.png,Fixed,336,336,35,72,2696.0,35623.0,14112,24207,0.07568144176515172,0.11137274342132442
54350.png,DRIP,336,336,25,72,3941.0,24129.0,14112,13958,0.16333043225993618,0.2823470411233701
54350.png,Fixed,336,336,25,72,1920.0,26150.0,14112,13958,0.0734225621414914,0.13755552371399915
54351.png,DRIP,336,336,25,72,3941.0,24129.0,14112,13958,0.16333043225993618,0.2823470411233701
54351.png,Fixed,336,336,25,72,1920.0,26150.0,14112,13958,0.0734225621414914,0.13755552371399915
54353.png,DRIP,336,336,25,72,3941.0,24129.0,14112,13958,0.16333043225993618,0.2823470411233701
54353.png,Fixed,336,336,25,72,1920.0,26150.0,14112,13958,0.0734225621414914,0.13755552371399915
54355.png,DRIP,336,336,25,72,3941.0,24129.0,14112,13958,0.16333043225993618,0.2823470411233701
54355.png,Fixed,336,336,25,72,1920.0,26150.0,14112,13958,0.0734225621414914,0.13755552371399915
54357.png,DRIP,336,336,25,72,3941.0,24129.0,14112,13958,0.16333043225993618,0.2823470411233701
54357.png,Fixed,336,336,25,72,1920.0,26150.0,14112,13958,0.0734225621414914,0.13755552371399915
54359.png,DRIP,336,336,25,72,3941.0,24129.0,14112,13958,0.16333043225993618,0.2823470411233701
54359.png,Fixed,336,336,25,72,1920.0,26150.0,14112,13958,0.0734225621414914,0.13755552371399915
54368.png,DRIP,336,336,10,73,2192.0,20906.0,14308,8790,0.10485028221563188,0.24937428896473265
54368.png,Fixed,336,336,10,72,1008.0,21894.0,14112,8790,0.04604001096190737,0.11467576791808874
5437.png,DRIP,336,336,35,72,4644.0,33675.0,14112,24207,0.1379064587973274,0.19184533399429918
5437.png,Fixed,336,336,35,72,2696.0,35623.0,14112,24207,0.07568144176515172,0.11137274342132442
54370.png,DRIP,336,336,10,73,2192.0,20906.0,14308,8790,0.10485028221563188,0.24937428896473265
54370.png,Fixed,336,336,10,72,1008.0,21894.0,14112,8790,0.04604001096190737,0.11467576791808874
54371.png,DRIP,336,336,10,73,2192.0,20906.0,14308,8790,0.10485028221563188,0.24937428896473265
54371.png,Fixed,336,336,10,72,1008.0,21894.0,14112,8790,0.04604001096190737,0.11467576791808874
54372.png,DRIP,336,336,10,73,2192.0,20906.0,14308,8790,0.10485028221563188,0.24937428896473265
54372.png,Fixed,336,336,10,72,1008.0,21894.0,14112,8790,0.04604001096190737,0.11467576791808874
54373.png,DRIP,336,336,10,73,2192.0,20906.0,14308,8790,0.10485028221563188,0.24937428896473265
54373.png,Fixed,336,336,10,72,1008.0,21894.0,14112,8790,0.04604001096190737,0.11467576791808874
54374.png,DRIP,336,336,10,73,2192.0,20906.0,14308,8790,0.10485028221563188,0.24937428896473265
54374.png,Fixed,336,336,10,72,1008.0,21894.0,14112,8790,0.04604001096190737,0.11467576791808874
54376.png,DRIP,336,336,10,73,2192.0,20906.0,14308,8790,0.10485028221563188,0.24937428896473265
54376.png,Fixed,336,336,10,72,1008.0,21894.0,14112,8790,0.04604001096190737,0.11467576791808874
5439.png,DRIP,336,336,40,73,2679.0,26607.0,14308,14978,0.10068778892772579,0.17886233141941515
5439.png,Fixed,336,336,40,72,2327.0,26763.0,14112,14978,0.08694839890894145,0.15536119642141807
5442.png,DRIP,336,336,40,73,2679.0,26607.0,14308,14978,0.10068778892772579,0.17886233141941515
5442.png,Fixed,336,336,40,72,2327.0,26763.0,14112,14978,0.08694839890894145,0.15536119642141807
54440.png,DRIP,336,336,34,73,6612.0,52962.0,14308,45266,0.12484422793701144,0.14606989793664119
54440.png,Fixed,336,336,34,72,5098.0,54280.0,14112,45266,0.09392041267501842,0.11262316087129413
54444.png,DRIP,336,336,34,73,6612.0,52962.0,14308,45266,0.12484422793701144,0.14606989793664119
54444.png,Fixed,336,336,34,72,5098.0,54280.0,14112,45266,0.09392041267501842,0.11262316087129413
5445.png,DRIP,336,336,40,73,2679.0,26607.0,14308,14978,0.10068778892772579,0.17886233141941515
5445.png,Fixed,336,336,40,72,2327.0,26763.0,14112,14978,0.08694839890894145,0.15536119642141807
54451.png,DRIP,336,336,34,73,6612.0,52962.0,14308,45266,0.12484422793701144,0.14606989793664119
54451.png,Fixed,336,336,34,72,5098.0,54280.0,14112,45266,0.09392041267501842,0.11262316087129413
54458.png,DRIP,336,336,34,73,6612.0,52962.0,14308,45266,0.12484422793701144,0.14606989793664119
54458.png,Fixed,336,336,34,72,5098.0,54280.0,14112,45266,0.09392041267501842,0.11262316087129413
54461.png,DRIP,336,336,34,73,6612.0,52962.0,14308,45266,0.12484422793701144,0.14606989793664119
54461.png,Fixed,336,336,34,72,5098.0,54280.0,14112,45266,0.09392041267501842,0.11262316087129413
54466.png,DRIP,336,336,34,73,6612.0,52962.0,14308,45266,0.12484422793701144,0.14606989793664119
54466.png,Fixed,336,336,34,72,5098.0,54280.0,14112,45266,0.09392041267501842,0.11262316087129413
54471.png,DRIP,336,336,34,73,6612.0,52962.0,14308,45266,0.12484422793701144,0.14606989793664119
54471.png,Fixed,336,336,34,72,5098.0,54280.0,14112,45266,0.09392041267501842,0.11262316087129413
54479.png,DRIP,336,336,34,73,6612.0,52962.0,14308,45266,0.12484422793701144,0.14606989793664119
54479.png,Fixed,336,336,34,72,5098.0,54280.0,14112,45266,0.09392041267501842,0.11262316087129413
54490.png,DRIP,336,336,34,73,6612.0,52962.0,14308,45266,0.12484422793701144,0.14606989793664119
54490.png,Fixed,336,336,34,72,5098.0,54280.0,14112,45266,0.09392041267501842,0.11262316087129413
54526.png,DRIP,336,336,23,72,6666.0,57190.0,14112,49744,0.11655883895785976,0.1340061112898038
54526.png,Fixed,336,336,23,72,5706.0,58150.0,14112,49744,0.09812553740326742,0.11470730138308137
54586.png,DRIP,336,336,55,72,3717.0,34039.0,14112,23644,0.10919827256969947,0.15720690238538318
54586.png,Fixed,336,336,55,72,3371.0,34385.0,14112,23644,0.09803693470990257,0.142573168668584
54592.png,DRIP,336,336,27,73,6690.0,53684.0,14308,46066,0.12461813575739512,0.1452264142751704
54592.png,Fixed,336,336,27,72,5633.0,54545.0,14112,46066,0.1032725272710606,0.12228107497937742
54602.png,DRIP,336,336,27,73,6690.0,53684.0,14308,46066,0.12461813575739512,0.1452264142751704
54602.png,Fixed,336,336,27,72,5633.0,54545.0,14112,46066,0.1032725272710606,0.12228107497937742
54603.png,DRIP,336,336,55,72,3717.0,34039.0,14112,23644,0.10919827256969947,0.15720690238538318
54603.png,Fixed,336,336,55,72,3371.0,34385.0,14112,23644,0.09803693470990257,0.142573168668584
54614.png,DRIP,336,336,55,72,3717.0,34039.0,14112,23644,0.10919827256969947,0.15720690238538318
54614.png,Fixed,336,336,55,72,3371.0,34385.0,14112,23644,0.09803693470990257,0.142573168668584
54624.png,DRIP,336,336,27,73,6690.0,53684.0,14308,46066,0.12461813575739512,0.1452264142751704
54624.png,Fixed,336,336,27,72,5633.0,54545.0,14112,46066,0.1032725272710606,0.12228107497937742
5464.png,DRIP,336,336,10,73,1226.0,20337.0,14308,7255,0.060284211043910116,0.168986905582357
5464.png,Fixed,336,336,10,72,1291.0,20076.0,14112,7255,0.064305638573421,0.1779462439696761
5465.png,DRIP,336,336,26,73,6989.0,58957.0,14308,51638,0.11854402361042794,0.13534606297687748
5465.png,Fixed,336,336,26,72,6690.0,59060.0,14112,51638,0.11327463596342702,0.1295557535148534
5468.png,DRIP,336,336,26,73,6989.0,58957.0,14308,51638,0.11854402361042794,0.13534606297687748
5468.png,Fixed,336,336,26,72,6690.0,59060.0,14112,51638,0.11327463596342702,0.1295557535148534
5470.png,DRIP,336,336,26,73,6989.0,58957.0,14308,51638,0.11854402361042794,0.13534606297687748
5470.png,Fixed,336,336,26,72,6690.0,59060.0,14112,51638,0.11327463596342702,0.1295557535148534
5474.png,DRIP,336,336,40,73,5719.0,40153.0,14308,31564,0.14243020446791024,0.18118742871625904
5474.png,Fixed,336,336,40,72,3059.0,42617.0,14112,31564,0.07177886758805171,0.0969142060575339
5477.png,DRIP,336,336,40,73,5719.0,40153.0,14308,31564,0.14243020446791024,0.18118742871625904
5477.png,Fixed,336,336,40,72,3059.0,42617.0,14112,31564,0.07177886758805171,0.0969142060575339
5483.png,DRIP,336,336,26,73,3947.0,37033.0,14308,26672,0.10658061728728431,0.14798290341931614
5483.png,Fixed,336,336,26,72,2444.0,38340.0,14112,26672,0.0637454355764215,0.09163167366526695
54858.png,DRIP,336,336,25,73,2602.0,27953.0,14308,16247,0.09308482094945086,0.16015264356496584
54858.png,Fixed,336,336,25,72,2296.0,28063.0,14112,16247,0.08181591419306561,0.14131839724256787
54859.png,DRIP,336,336,25,73,2602.0,27953.0,14308,16247,0.09308482094945086,0.16015264356496584
54859.png,Fixed,336,336,25,72,2296.0,28063.0,14112,16247,0.08181591419306561,0.14131839724256787
5486.png,DRIP,336,336,26,73,3947.0,37033.0,14308,26672,0.10658061728728431,0.14798290341931614
5486.png,Fixed,336,336,26,72,2444.0,38340.0,14112,26672,0.0637454355764215,0.09163167366526695
54860.png,DRIP,336,336,25,73,2602.0,27953.0,14308,16247,0.09308482094945086,0.16015264356496584
54860.png,Fixed,336,336,25,72,2296.0,28063.0,14112,16247,0.08181591419306561,0.14131839724256787
54861.png,DRIP,336,336,25,73,2602.0,27953.0,14308,16247,0.09308482094945086,0.16015264356496584
54861.png,Fixed,336,336,25,72,2296.0,28063.0,14112,16247,0.08181591419306561,0.14131839724256787
54862.png,DRIP,336,336,25,73,2602.0,27953.0,14308,16247,0.09308482094945086,0.16015264356496584
54862.png,Fixed,336,336,25,72,2296.0,28063.0,14112,16247,0.08181591419306561,0.14131839724256787
54863.png,DRIP,336,336,25,73,2602.0,27953.0,14308,16247,0.09308482094945086,0.16015264356496584
54863.png,Fixed,336,336,25,72,2296.0,28063.0,14112,16247,0.08181591419306561,0.14131839724256787
5488.png,DRIP,336,336,26,73,3947.0,37033.0,14308,26672,0.10658061728728431,0.14798290341931614
5488.png,Fixed,336,336,26,72,2444.0,38340.0,14112,26672,0.0637454355764215,0.09163167366526695
5490.png,DRIP,336,336,24,73,6282.0,29009.0,14308,20983,0.2165534834017029,0.2993852166039175
5490.png,Fixed,336,336,24,72,2485.0,32610.0,14112,20983,0.0762036185219258,0.1184292045941953
54907.png,DRIP,336,336,153,73,5724.0,51487.0,14308,42903,0.11117369433060773,0.13341724354940215
54907.png,Fixed,336,336,153,72,5552.0,51463.0,14112,42903,0.1078833336571906,0.12940819989278138
54908.png,DRIP,336,336,153,73,5724.0,51487.0,14308,42903,0.11117369433060773,0.13341724354940215
54908.png,Fixed,336,336,153,72,5552.0,51463.0,14112,42903,0.1078833336571906,0.12940819989278138
54909.png,DRIP,336,336,153,73,5724.0,51487.0,14308,42903,0.11117369433060773,0.13341724354940215
54909.png,Fixed,336,336,153,72,5552.0,51463.0,14112,42903,0.1078833336571906,0.12940819989278138
5491.png,DRIP,336,336,22,73,3581.0,21772.0,14308,11045,0.1644773103068161,0.32421910366681755
5491.png,Fixed,336,336,22,72,1728.0,23429.0,14112,11045,0.07375474838874899,0.15645088275237665
54910.png,DRIP,336,336,153,73,5724.0,51487.0,14308,42903,0.11117369433060773,0.13341724354940215
54910.png,Fixed,336,336,153,72,5552.0,51463.0,14112,42903,0.1078833336571906,0.12940819989278138
54911.png,DRIP,336,336,153,73,5724.0,51487.0,14308,42903,0.11117369433060773,0.13341724354940215
54911.png,Fixed,336,336,153,72,5552.0,51463.0,14112,42903,0.1078833336571906,0.12940819989278138
54912.png,DRIP,336,336,153,73,5724.0,51487.0,14308,42903,0.11117369433060773,0.13341724354940215
54912.png,Fixed,336,336,153,72,5552.0,51463.0,14112,42903,0.1078833336571906,0.12940819989278138
54915.png,DRIP,336,336,29,73,3582.0,20091.0,14308,9365,0.17828878602359266,0.3824879871863321
54915.png,Fixed,336,336,29,72,1165.0,22312.0,14112,9365,0.05221405521692363,0.12439935931660438
54916.png,DRIP,336,336,29,73,3582.0,20091.0,14308,9365,0.17828878602359266,0.3824879871863321
54916.png,Fixed,336,336,29,72,1165.0,22312.0,14112,9365,0.05221405521692363,0.12439935931660438
5492.png,DRIP,336,336,22,73,3581.0,21772.0,14308,11045,0.1644773103068161,0.32421910366681755
5492.png,Fixed,336,336,22,72,1728.0,23429.0,14112,11045,0.07375474838874899,0.15645088275237665
54933.png,DRIP,336,336,28,72,1956.0,24788.0,14112,12632,0.07890914958851057,0.15484483850538316
54933.png,Fixed,336,336,28,72,1352.0,25392.0,14112,12632,0.053245116572148705,0.10702976567447751
54935.png,DRIP,336,336,28,72,1956.0,24788.0,14112,12632,0.07890914958851057,0.15484483850538316
54935.png,Fixed,336,336,28,72,1352.0,25392.0,14112,12632,0.053245116572148705,0.10702976567447751
54937.png,DRIP,336,336,28,72,1956.0,24788.0,14112,12632,0.07890914958851057,0.15484483850538316
54937.png,Fixed,336,336,28,72,1352.0,25392.0,14112,12632,0.053245116572148705,0.10702976567447751
5494.png,DRIP,336,336,22,73,3581.0,21772.0,14308,11045,0.1644773103068161,0.32421910366681755
5494.png,Fixed,336,336,22,72,1728.0,23429.0,14112,11045,0.07375474838874899,0.15645088275237665
5495.png,DRIP,336,336,22,73,3581.0,21772.0,14308,11045,0.1644773103068161,0.32421910366681755
5495.png,Fixed,336,336,22,72,1728.0,23429.0,14112,11045,0.07375474838874899,0.15645088275237665
54952.png,DRIP,336,336,10,72,1995.0,16525.0,14112,4408,0.12072617246596067,0.4525862068965517
54952.png,Fixed,336,336,10,72,629.0,17891.0,14112,4408,0.03515734168017439,0.1426950998185118
54955.png,DRIP,336,336,10,72,1995.0,16525.0,14112,4408,0.12072617246596067,0.4525862068965517
54955.png,Fixed,336,336,10,72,629.0,17891.0,14112,4408,0.03515734168017439,0.1426950998185118
54956.png,DRIP,336,336,10,72,1995.0,16525.0,14112,4408,0.12072617246596067,0.4525862068965517
54956.png,Fixed,336,336,10,72,629.0,17891.0,14112,4408,0.03515734168017439,0.1426950998185118
54957.png,DRIP,336,336,10,72,1995.0,16525.0,14112,4408,0.12072617246596067,0.4525862068965517
54957.png,Fixed,336,336,10,72,629.0,17891.0,14112,4408,0.03515734168017439,0.1426950998185118
54958.png,DRIP,336,336,10,72,1995.0,16525.0,14112,4408,0.12072617246596067,0.4525862068965517
54958.png,Fixed,336,336,10,72,629.0,17891.0,14112,4408,0.03515734168017439,0.1426950998185118
54959.png,DRIP,336,336,108,73,4956.0,56902.0,14308,47550,0.08709711433693015,0.10422712933753943
54959.png,Fixed,336,336,108,72,5736.0,55926.0,14112,47550,0.10256410256410256,0.12063091482649842
5496.png,DRIP,336,336,24,73,6282.0,29009.0,14308,20983,0.2165534834017029,0.2993852166039175
5496.png,Fixed,336,336,24,72,2485.0,32610.0,14112,20983,0.0762036185219258,0.1184292045941953
54962.png,DRIP,336,336,108,73,4956.0,56902.0,14308,47550,0.08709711433693015,0.10422712933753943
54962.png,Fixed,336,336,108,72,5736.0,55926.0,14112,47550,0.10256410256410256,0.12063091482649842
54969.png,DRIP,336,336,123,73,6390.0,55403.0,14308,47485,0.11533671461834197,0.13456881120353795
54969.png,Fixed,336,336,123,72,6151.0,55446.0,14112,47485,0.11093676730512571,0.12953564283457933
5497.png,DRIP,336,336,26,73,7353.0,62396.0,14308,55441,0.11784409257003654,0.13262747785934598
5497.png,Fixed,336,336,26,72,7079.0,62474.0,14112,55441,0.1133111374331722,0.12768528706192167
54970.png,DRIP,336,336,123,73,6390.0,55403.0,14308,47485,0.11533671461834197,0.13456881120353795
54970.png,Fixed,336,336,123,72,6151.0,55446.0,14112,47485,0.11093676730512571,0.12953564283457933
54971.png,DRIP,336,336,123,73,6390.0,55403.0,14308,47485,0.11533671461834197,0.13456881120353795
54971.png,Fixed,336,336,123,72,6151.0,55446.0,14112,47485,0.11093676730512571,0.12953564283457933
54972.png,DRIP,336,336,123,73,6390.0,55403.0,14308,47485,0.11533671461834197,0.13456881120353795
54972.png,Fixed,336,336,123,72,6151.0,55446.0,14112,47485,0.11093676730512571,0.12953564283457933
54974.png,DRIP,336,336,123,73,6390.0,55403.0,14308,47485,0.11533671461834197,0.13456881120353795
54974.png,Fixed,336,336,123,72,6151.0,55446.0,14112,47485,0.11093676730512571,0.12953564283457933
54989.png,DRIP,336,336,22,73,2919.0,28173.0,14308,16784,0.1036098392077521,0.17391563393708293
54989.png,Fixed,336,336,22,72,2223.0,28673.0,14112,16784,0.07752938304328114,0.13244756911344138
54990.png,DRIP,336,336,22,73,2919.0,28173.0,14308,16784,0.1036098392077521,0.17391563393708293
54990.png,Fixed,336,336,22,72,2223.0,28673.0,14112,16784,0.07752938304328114,0.13244756911344138
54993.png,DRIP,336,336,22,73,2919.0,28173.0,14308,16784,0.1036098392077521,0.17391563393708293
54993.png,Fixed,336,336,22,72,2223.0,28673.0,14112,16784,0.07752938304328114,0.13244756911344138
54994.png,DRIP,336,336,22,73,2919.0,28173.0,14308,16784,0.1036098392077521,0.17391563393708293
54994.png,Fixed,336,336,22,72,2223.0,28673.0,14112,16784,0.07752938304328114,0.13244756911344138
54995.png,DRIP,336,336,22,73,2919.0,28173.0,14308,16784,0.1036098392077521,0.17391563393708293
54995.png,Fixed,336,336,22,72,2223.0,28673.0,14112,16784,0.07752938304328114,0.13244756911344138
54997.png,DRIP,336,336,22,73,2919.0,28173.0,14308,16784,0.1036098392077521,0.17391563393708293
54997.png,Fixed,336,336,22,72,2223.0,28673.0,14112,16784,0.07752938304328114,0.13244756911344138
55014.png,DRIP,336,336,65,73,3278.0,31880.0,14308,20850,0.10282308657465496,0.15721822541966426
55014.png,Fixed,336,336,65,72,2181.0,32781.0,14112,20850,0.06653244257344193,0.1046043165467626
55021.png,DRIP,336,336,65,73,3278.0,31880.0,14308,20850,0.10282308657465496,0.15721822541966426
55021.png,Fixed,336,336,65,72,2181.0,32781.0,14112,20850,0.06653244257344193,0.1046043165467626
55023.png,DRIP,336,336,65,73,3278.0,31880.0,14308,20850,0.10282308657465496,0.15721822541966426
55023.png,Fixed,336,336,65,72,2181.0,32781.0,14112,20850,0.06653244257344193,0.1046043165467626
55024.png,DRIP,336,336,65,73,3278.0,31880.0,14308,20850,0.10282308657465496,0.15721822541966426
55024.png,Fixed,336,336,65,72,2181.0,32781.0,14112,20850,0.06653244257344193,0.1046043165467626
55025.png,DRIP,336,336,65,73,3278.0,31880.0,14308,20850,0.10282308657465496,0.15721822541966426
55025.png,Fixed,336,336,65,72,2181.0,32781.0,14112,20850,0.06653244257344193,0.1046043165467626
55026.png,DRIP,336,336,65,73,3278.0,31880.0,14308,20850,0.10282308657465496,0.15721822541966426
55026.png,Fixed,336,336,65,72,2181.0,32781.0,14112,20850,0.06653244257344193,0.1046043165467626
55027.png,DRIP,336,336,65,73,3278.0,31880.0,14308,20850,0.10282308657465496,0.15721822541966426
55027.png,Fixed,336,336,65,72,2181.0,32781.0,14112,20850,0.06653244257344193,0.1046043165467626
55028.png,DRIP,336,336,46,73,2725.0,27013.0,14308,15430,0.10087735534742531,0.17660401814646792
55028.png,Fixed,336,336,46,72,2526.0,27016.0,14112,15430,0.09350014806040864,0.16370706416072586
55029.png,DRIP,336,336,46,73,2725.0,27013.0,14308,15430,0.10087735534742531,0.17660401814646792
55029.png,Fixed,336,336,46,72,2526.0,27016.0,14112,15430,0.09350014806040864,0.16370706416072586
55030.png,DRIP,336,336,46,73,2725.0,27013.0,14308,15430,0.10087735534742531,0.17660401814646792
55030.png,Fixed,336,336,46,72,2526.0,27016.0,14112,15430,0.09350014806040864,0.16370706416072586
55031.png,DRIP,336,336,46,73,2725.0,27013.0,14308,15430,0.10087735534742531,0.17660401814646792
55031.png,Fixed,336,336,46,72,2526.0,27016.0,14112,15430,0.09350014806040864,0.16370706416072586
55032.png,DRIP,336,336,46,73,2725.0,27013.0,14308,15430,0.10087735534742531,0.17660401814646792
55032.png,Fixed,336,336,46,72,2526.0,27016.0,14112,15430,0.09350014806040864,0.16370706416072586
55033.png,DRIP,336,336,46,73,2725.0,27013.0,14308,15430,0.10087735534742531,0.17660401814646792
55033.png,Fixed,336,336,46,72,2526.0,27016.0,14112,15430,0.09350014806040864,0.16370706416072586
55034.png,DRIP,336,336,46,73,2725.0,27013.0,14308,15430,0.10087735534742531,0.17660401814646792
55034.png,Fixed,336,336,46,72,2526.0,27016.0,14112,15430,0.09350014806040864,0.16370706416072586
5505.png,DRIP,336,336,24,73,6282.0,29009.0,14308,20983,0.2165534834017029,0.2993852166039175
5505.png,Fixed,336,336,24,72,2485.0,32610.0,14112,20983,0.0762036185219258,0.1184292045941953
5507.png,DRIP,336,336,24,73,6282.0,29009.0,14308,20983,0.2165534834017029,0.2993852166039175
5507.png,Fixed,336,336,24,72,2485.0,32610.0,14112,20983,0.0762036185219258,0.1184292045941953
55080.png,DRIP,336,336,17,72,4627.0,43206.0,14112,33721,0.10709160764708606,0.13721419886717476
55080.png,Fixed,336,336,17,72,4752.0,43081.0,14112,33721,0.11030384624312342,0.14092108774947362
55082.png,DRIP,336,336,17,72,4627.0,43206.0,14112,33721,0.10709160764708606,0.13721419886717476
55082.png,Fixed,336,336,17,72,4752.0,43081.0,14112,33721,0.11030384624312342,0.14092108774947362
55084.png,DRIP,336,336,17,72,4627.0,43206.0,14112,33721,0.10709160764708606,0.13721419886717476
55084.png,Fixed,336,336,17,72,4752.0,43081.0,14112,33721,0.11030384624312342,0.14092108774947362
55085.png,DRIP,336,336,17,72,4627.0,43206.0,14112,33721,0.10709160764708606,0.13721419886717476
55085.png,Fixed,336,336,17,72,4752.0,43081.0,14112,33721,0.11030384624312342,0.14092108774947362
55091.png,DRIP,336,336,6,73,1053.0,16907.0,14308,3652,0.06228189507304667,0.28833515881708655
55091.png,Fixed,336,336,6,72,179.0,17585.0,14112,3652,0.01017912994029002,0.04901423877327492
55092.png,DRIP,336,336,6,73,1053.0,16907.0,14308,3652,0.06228189507304667,0.28833515881708655
55092.png,Fixed,336,336,6,72,179.0,17585.0,14112,3652,0.01017912994029002,0.04901423877327492
55093.png,DRIP,336,336,6,73,1053.0,16907.0,14308,3652,0.06228189507304667,0.28833515881708655
55093.png,Fixed,336,336,6,72,179.0,17585.0,14112,3652,0.01017912994029002,0.04901423877327492
55094.png,DRIP,336,336,6,73,1053.0,16907.0,14308,3652,0.06228189507304667,0.28833515881708655
55094.png,Fixed,336,336,6,72,179.0,17585.0,14112,3652,0.01017912994029002,0.04901423877327492
55095.png,DRIP,336,336,6,73,1053.0,16907.0,14308,3652,0.06228189507304667,0.28833515881708655
55095.png,Fixed,336,336,6,72,179.0,17585.0,14112,3652,0.01017912994029002,0.04901423877327492
55096.png,DRIP,336,336,6,73,1053.0,16907.0,14308,3652,0.06228189507304667,0.28833515881708655
55096.png,Fixed,336,336,6,72,179.0,17585.0,14112,3652,0.01017912994029002,0.04901423877327492
55097.png,DRIP,336,336,6,73,1053.0,16907.0,14308,3652,0.06228189507304667,0.28833515881708655
55097.png,Fixed,336,336,6,72,179.0,17585.0,14112,3652,0.01017912994029002,0.04901423877327492
55098.png,DRIP,336,336,6,73,1053.0,16907.0,14308,3652,0.06228189507304667,0.28833515881708655
55098.png,Fixed,336,336,6,72,179.0,17585.0,14112,3652,0.01017912994029002,0.04901423877327492
55099.png,DRIP,336,336,65,73,7606.0,52575.0,14308,45873,0.14466951973371375,0.16580559370435768
55099.png,Fixed,336,336,65,72,6284.0,53701.0,14112,45873,0.1170183050594961,0.1369868986113836
55100.png,DRIP,336,336,65,73,7606.0,52575.0,14308,45873,0.14466951973371375,0.16580559370435768
55100.png,Fixed,336,336,65,72,6284.0,53701.0,14112,45873,0.1170183050594961,0.1369868986113836
55103.png,DRIP,336,336,0,73,,,14308,0,,
55103.png,Fixed,336,336,0,72,,,14112,0,,
55104.png,DRIP,336,336,0,73,,,14308,0,,
55104.png,Fixed,336,336,0,72,,,14112,0,,
55105.png,DRIP,336,336,0,73,,,14308,0,,
55105.png,Fixed,336,336,0,72,,,14112,0,,
55106.png,DRIP,336,336,0,73,,,14308,0,,
55106.png,Fixed,336,336,0,72,,,14112,0,,
55107.png,DRIP,336,336,20,73,3315.0,21857.0,14308,10864,0.15166765795854875,0.30513622974963184
55107.png,Fixed,336,336,20,72,1750.0,23226.0,14112,10864,0.0753465943339361,0.16108247422680413
55108.png,DRIP,336,336,19,72,4034.0,33282.0,14112,23204,0.12120665825371071,0.1738493363213239
55108.png,Fixed,336,336,19,72,3034.0,34282.0,14112,23204,0.08850125430254945,0.13075331839338045
55109.png,DRIP,336,336,19,72,4034.0,33282.0,14112,23204,0.12120665825371071,0.1738493363213239
55109.png,Fixed,336,336,19,72,3034.0,34282.0,14112,23204,0.08850125430254945,0.13075331839338045
5511.png,DRIP,336,336,24,73,6282.0,29009.0,14308,20983,0.2165534834017029,0.2993852166039175
5511.png,Fixed,336,336,24,72,2485.0,32610.0,14112,20983,0.0762036185219258,0.1184292045941953
55110.png,DRIP,336,336,19,72,4034.0,33282.0,14112,23204,0.12120665825371071,0.1738493363213239
55110.png,Fixed,336,336,19,72,3034.0,34282.0,14112,23204,0.08850125430254945,0.13075331839338045
55111.png,DRIP,336,336,19,72,4034.0,33282.0,14112,23204,0.12120665825371071,0.1738493363213239
55111.png,Fixed,336,336,19,72,3034.0,34282.0,14112,23204,0.08850125430254945,0.13075331839338045
55112.png,DRIP,336,336,19,72,4034.0,33282.0,14112,23204,0.12120665825371071,0.1738493363213239
55112.png,Fixed,336,336,19,72,3034.0,34282.0,14112,23204,0.08850125430254945,0.13075331839338045
55113.png,DRIP,336,336,19,72,4034.0,33282.0,14112,23204,0.12120665825371071,0.1738493363213239
55113.png,Fixed,336,336,19,72,3034.0,34282.0,14112,23204,0.08850125430254945,0.13075331839338045
55114.png,DRIP,336,336,4,72,322.0,15204.0,14112,1414,0.02117863720073665,0.22772277227722773
55114.png,Fixed,336,336,4,72,310.0,15216.0,14112,1414,0.020373291272344902,0.21923620933521923
55115.png,DRIP,336,336,4,72,322.0,15204.0,14112,1414,0.02117863720073665,0.22772277227722773
55115.png,Fixed,336,336,4,72,310.0,15216.0,14112,1414,0.020373291272344902,0.21923620933521923
55116.png,DRIP,336,336,4,72,322.0,15204.0,14112,1414,0.02117863720073665,0.22772277227722773
55116.png,Fixed,336,336,4,72,310.0,15216.0,14112,1414,0.020373291272344902,0.21923620933521923
55117.png,DRIP,336,336,4,72,322.0,15204.0,14112,1414,0.02117863720073665,0.22772277227722773
55117.png,Fixed,336,336,4,72,310.0,15216.0,14112,1414,0.020373291272344902,0.21923620933521923
55118.png,DRIP,336,336,4,72,322.0,15204.0,14112,1414,0.02117863720073665,0.22772277227722773
55118.png,Fixed,336,336,4,72,310.0,15216.0,14112,1414,0.020373291272344902,0.21923620933521923
55119.png,DRIP,336,336,3,72,2863.0,17637.0,14112,6388,0.1623291943074219,0.4481840951784596
55119.png,Fixed,336,336,3,72,1008.0,19492.0,14112,6388,0.05171352349681921,0.15779586725109582
55124.png,DRIP,336,336,10,73,530.0,20146.0,14308,6368,0.026307951950759457,0.08322864321608041
55124.png,Fixed,336,336,10,72,651.0,19829.0,14112,6368,0.03283070250642998,0.10222989949748744
55126.png,DRIP,336,336,10,73,530.0,20146.0,14308,6368,0.026307951950759457,0.08322864321608041
55126.png,Fixed,336,336,10,72,651.0,19829.0,14112,6368,0.03283070250642998,0.10222989949748744
55127.png,DRIP,336,336,10,73,530.0,20146.0,14308,6368,0.026307951950759457,0.08322864321608041
55127.png,Fixed,336,336,10,72,651.0,19829.0,14112,6368,0.03283070250642998,0.10222989949748744
55132.png,DRIP,336,336,40,72,4155.0,42103.0,14112,32146,0.09868655440229912,0.1292540284949916
55132.png,Fixed,336,336,40,72,3927.0,42331.0,14112,32146,0.09276889277361744,0.1221613886642195
55141.png,DRIP,336,336,17,72,4994.0,42554.0,14112,33436,0.1173567702213658,0.14935997128843162
55141.png,Fixed,336,336,17,72,4457.0,43091.0,14112,33436,0.10343227123993409,0.1332994377317861
55144.png,DRIP,336,336,17,72,4994.0,42554.0,14112,33436,0.1173567702213658,0.14935997128843162
55144.png,Fixed,336,336,17,72,4457.0,43091.0,14112,33436,0.10343227123993409,0.1332994377317861
55149.png,DRIP,336,336,17,72,4994.0,42554.0,14112,33436,0.1173567702213658,0.14935997128843162
55149.png,Fixed,336,336,17,72,4457.0,43091.0,14112,33436,0.10343227123993409,0.1332994377317861
55158.png,DRIP,336,336,11,73,4567.0,23422.0,14308,13681,0.1949876184783537,0.3338206271471384
55158.png,Fixed,336,336,11,72,1361.0,26432.0,14112,13681,0.05149061743341404,0.09948103208829764
55160.png,DRIP,336,336,11,73,4567.0,23422.0,14308,13681,0.1949876184783537,0.3338206271471384
55160.png,Fixed,336,336,11,72,1361.0,26432.0,14112,13681,0.05149061743341404,0.09948103208829764
5518.png,DRIP,336,336,47,73,6868.0,40969.0,14308,33529,0.16763894652053993,0.20483760326881206
5518.png,Fixed,336,336,47,72,3766.0,43875.0,14112,33529,0.08583475783475783,0.11232067762235677
55187.png,DRIP,336,336,29,73,8567.0,73577.0,14308,67836,0.11643584272258994,0.1262898755822867
55187.png,Fixed,336,336,29,72,8813.0,73135.0,14112,67836,0.12050317905243728,0.12991626864791556
55188.png,DRIP,336,336,29,73,8567.0,73577.0,14308,67836,0.11643584272258994,0.1262898755822867
55188.png,Fixed,336,336,29,72,8813.0,73135.0,14112,67836,0.12050317905243728,0.12991626864791556
55189.png,DRIP,336,336,29,73,8567.0,73577.0,14308,67836,0.11643584272258994,0.1262898755822867
55189.png,Fixed,336,336,29,72,8813.0,73135.0,14112,67836,0.12050317905243728,0.12991626864791556
55190.png,DRIP,336,336,29,73,8567.0,73577.0,14308,67836,0.11643584272258994,0.1262898755822867
55190.png,Fixed,336,336,29,72,8813.0,73135.0,14112,67836,0.12050317905243728,0.12991626864791556
55191.png,DRIP,336,336,29,73,8567.0,73577.0,14308,67836,0.11643584272258994,0.1262898755822867
55191.png,Fixed,336,336,29,72,8813.0,73135.0,14112,67836,0.12050317905243728,0.12991626864791556
55192.png,DRIP,336,336,29,73,8567.0,73577.0,14308,67836,0.11643584272258994,0.1262898755822867
55192.png,Fixed,336,336,29,72,8813.0,73135.0,14112,67836,0.12050317905243728,0.12991626864791556
55193.png,DRIP,336,336,53,73,4153.0,33517.0,14308,23362,0.12390727093713638,0.17776731444225666
55193.png,Fixed,336,336,53,72,2739.0,34735.0,14112,23362,0.0788541816611487,0.11724167451416831
55196.png,DRIP,336,336,53,73,4153.0,33517.0,14308,23362,0.12390727093713638,0.17776731444225666
55196.png,Fixed,336,336,53,72,2739.0,34735.0,14112,23362,0.0788541816611487,0.11724167451416831
55197.png,DRIP,336,336,53,73,4153.0,33517.0,14308,23362,0.12390727093713638,0.17776731444225666
55197.png,Fixed,336,336,53,72,2739.0,34735.0,14112,23362,0.0788541816611487,0.11724167451416831
55198.png,DRIP,336,336,53,73,4153.0,33517.0,14308,23362,0.12390727093713638,0.17776731444225666
55198.png,Fixed,336,336,53,72,2739.0,34735.0,14112,23362,0.0788541816611487,0.11724167451416831
5520.png,DRIP,336,336,23,73,3891.0,31536.0,14308,21119,0.123382800608828,0.18424167810975897
5520.png,Fixed,336,336,23,72,3058.0,32173.0,14112,21119,0.09504864327230908,0.1447985226573228
55206.png,DRIP,336,336,21,73,6934.0,44246.0,14308,36872,0.15671473127514352,0.18805597743545238
55206.png,Fixed,336,336,21,72,4532.0,46452.0,14112,36872,0.0975630758632567,0.12291169451073986
55208.png,DRIP,336,336,21,73,6934.0,44246.0,14308,36872,0.15671473127514352,0.18805597743545238
55208.png,Fixed,336,336,21,72,4532.0,46452.0,14112,36872,0.0975630758632567,0.12291169451073986
55209.png,DRIP,336,336,21,73,6934.0,44246.0,14308,36872,0.15671473127514352,0.18805597743545238
55209.png,Fixed,336,336,21,72,4532.0,46452.0,14112,36872,0.0975630758632567,0.12291169451073986
55210.png,DRIP,336,336,21,73,6934.0,44246.0,14308,36872,0.15671473127514352,0.18805597743545238
55210.png,Fixed,336,336,21,72,4532.0,46452.0,14112,36872,0.0975630758632567,0.12291169451073986
55211.png,DRIP,336,336,32,73,4336.0,40845.0,14308,30873,0.10615742440935243,0.14044634470249084
55211.png,Fixed,336,336,32,72,2712.0,42273.0,14112,30873,0.06415442481016252,0.08784374696336605
55212.png,DRIP,336,336,32,73,4336.0,40845.0,14308,30873,0.10615742440935243,0.14044634470249084
55212.png,Fixed,336,336,32,72,2712.0,42273.0,14112,30873,0.06415442481016252,0.08784374696336605
55213.png,DRIP,336,336,32,73,4336.0,40845.0,14308,30873,0.10615742440935243,0.14044634470249084
55213.png,Fixed,336,336,32,72,2712.0,42273.0,14112,30873,0.06415442481016252,0.08784374696336605
55214.png,DRIP,336,336,32,73,4336.0,40845.0,14308,30873,0.10615742440935243,0.14044634470249084
55214.png,Fixed,336,336,32,72,2712.0,42273.0,14112,30873,0.06415442481016252,0.08784374696336605
55215.png,DRIP,336,336,32,73,4336.0,40845.0,14308,30873,0.10615742440935243,0.14044634470249084
55215.png,Fixed,336,336,32,72,2712.0,42273.0,14112,30873,0.06415442481016252,0.08784374696336605
55217.png,DRIP,336,336,32,73,4336.0,40845.0,14308,30873,0.10615742440935243,0.14044634470249084
55217.png,Fixed,336,336,32,72,2712.0,42273.0,14112,30873,0.06415442481016252,0.08784374696336605
55219.png,DRIP,336,336,32,73,4336.0,40845.0,14308,30873,0.10615742440935243,0.14044634470249084
55219.png,Fixed,336,336,32,72,2712.0,42273.0,14112,30873,0.06415442481016252,0.08784374696336605
55221.png,DRIP,336,336,32,73,4336.0,40845.0,14308,30873,0.10615742440935243,0.14044634470249084
55221.png,Fixed,336,336,32,72,2712.0,42273.0,14112,30873,0.06415442481016252,0.08784374696336605
55225.png,DRIP,336,336,64,73,4301.0,36812.0,14308,26805,0.11683690101054005,0.1604551389666107
55225.png,Fixed,336,336,64,72,3585.0,37332.0,14112,26805,0.09603021536483446,0.13374370453273643
55228.png,DRIP,336,336,64,73,4301.0,36812.0,14308,26805,0.11683690101054005,0.1604551389666107
55228.png,Fixed,336,336,64,72,3585.0,37332.0,14112,26805,0.09603021536483446,0.13374370453273643
55229.png,DRIP,336,336,64,73,4301.0,36812.0,14308,26805,0.11683690101054005,0.1604551389666107
55229.png,Fixed,336,336,64,72,3585.0,37332.0,14112,26805,0.09603021536483446,0.13374370453273643
55231.png,DRIP,336,336,64,73,4301.0,36812.0,14308,26805,0.11683690101054005,0.1604551389666107
55231.png,Fixed,336,336,64,72,3585.0,37332.0,14112,26805,0.09603021536483446,0.13374370453273643
55233.png,DRIP,336,336,64,73,4301.0,36812.0,14308,26805,0.11683690101054005,0.1604551389666107
55233.png,Fixed,336,336,64,72,3585.0,37332.0,14112,26805,0.09603021536483446,0.13374370453273643
55235.png,DRIP,336,336,64,73,4301.0,36812.0,14308,26805,0.11683690101054005,0.1604551389666107
55235.png,Fixed,336,336,64,72,3585.0,37332.0,14112,26805,0.09603021536483446,0.13374370453273643
55236.png,DRIP,336,336,64,73,4301.0,36812.0,14308,26805,0.11683690101054005,0.1604551389666107
55236.png,Fixed,336,336,64,72,3585.0,37332.0,14112,26805,0.09603021536483446,0.13374370453273643
55237.png,DRIP,336,336,64,73,4301.0,36812.0,14308,26805,0.11683690101054005,0.1604551389666107
55237.png,Fixed,336,336,64,72,3585.0,37332.0,14112,26805,0.09603021536483446,0.13374370453273643
55239.png,DRIP,336,336,44,73,6064.0,38785.0,14308,30541,0.1563491040350651,0.19855276513539177
55239.png,Fixed,336,336,44,72,3715.0,40938.0,14112,30541,0.09074698324295276,0.12163976294161946
55245.png,DRIP,336,336,44,73,6064.0,38785.0,14308,30541,0.1563491040350651,0.19855276513539177
55245.png,Fixed,336,336,44,72,3715.0,40938.0,14112,30541,0.09074698324295276,0.12163976294161946
55246.png,DRIP,336,336,44,73,6064.0,38785.0,14308,30541,0.1563491040350651,0.19855276513539177
55246.png,Fixed,336,336,44,72,3715.0,40938.0,14112,30541,0.09074698324295276,0.12163976294161946
55248.png,DRIP,336,336,44,73,6064.0,38785.0,14308,30541,0.1563491040350651,0.19855276513539177
55248.png,Fixed,336,336,44,72,3715.0,40938.0,14112,30541,0.09074698324295276,0.12163976294161946
5525.png,DRIP,336,336,4,73,4082.0,26536.0,14308,16310,0.15382876092854988,0.25027590435315755
5525.png,Fixed,336,336,4,72,1876.0,28546.0,14112,16310,0.0657184894556155,0.11502145922746781
55250.png,DRIP,336,336,44,73,6064.0,38785.0,14308,30541,0.1563491040350651,0.19855276513539177
55250.png,Fixed,336,336,44,72,3715.0,40938.0,14112,30541,0.09074698324295276,0.12163976294161946
55252.png,DRIP,336,336,44,73,6064.0,38785.0,14308,30541,0.1563491040350651,0.19855276513539177
55252.png,Fixed,336,336,44,72,3715.0,40938.0,14112,30541,0.09074698324295276,0.12163976294161946
55254.png,DRIP,336,336,44,73,6064.0,38785.0,14308,30541,0.1563491040350651,0.19855276513539177
55254.png,Fixed,336,336,44,72,3715.0,40938.0,14112,30541,0.09074698324295276,0.12163976294161946
55255.png,DRIP,336,336,1,72,182.0,14307.0,14112,377,0.01272104564199343,0.4827586206896552
55255.png,Fixed,336,336,1,72,0.0,14489.0,14112,377,0.0,0.0
55256.png,DRIP,336,336,1,72,182.0,14307.0,14112,377,0.01272104564199343,0.4827586206896552
55256.png,Fixed,336,336,1,72,0.0,14489.0,14112,377,0.0,0.0
55257.png,DRIP,336,336,1,72,182.0,14307.0,14112,377,0.01272104564199343,0.4827586206896552
55257.png,Fixed,336,336,1,72,0.0,14489.0,14112,377,0.0,0.0
55258.png,DRIP,336,336,1,72,182.0,14307.0,14112,377,0.01272104564199343,0.4827586206896552
55258.png,Fixed,336,336,1,72,0.0,14489.0,14112,377,0.0,0.0
55259.png,DRIP,336,336,1,72,182.0,14307.0,14112,377,0.01272104564199343,0.4827586206896552
55259.png,Fixed,336,336,1,72,0.0,14489.0,14112,377,0.0,0.0
55264.png,DRIP,336,336,0,73,,,14308,0,,
55264.png,Fixed,336,336,0,72,,,14112,0,,
55272.png,DRIP,336,336,20,72,2656.0,27652.0,14112,16196,0.09605091855923623,0.16399110891578167
55272.png,Fixed,336,336,20,72,1784.0,28524.0,14112,16196,0.06254382274575795,0.11015065448258829
55279.png,DRIP,336,336,4,73,515.0,19939.0,14308,6146,0.025828777772205228,0.08379433778067036
55279.png,Fixed,336,336,4,72,890.0,19368.0,14112,6146,0.04595208591491119,0.14480963228115848
55281.png,DRIP,336,336,4,73,515.0,19939.0,14308,6146,0.025828777772205228,0.08379433778067036
55281.png,Fixed,336,336,4,72,890.0,19368.0,14112,6146,0.04595208591491119,0.14480963228115848
55283.png,DRIP,336,336,4,73,515.0,19939.0,14308,6146,0.025828777772205228,0.08379433778067036
55283.png,Fixed,336,336,4,72,890.0,19368.0,14112,6146,0.04595208591491119,0.14480963228115848
55284.png,DRIP,336,336,4,73,515.0,19939.0,14308,6146,0.025828777772205228,0.08379433778067036
55284.png,Fixed,336,336,4,72,890.0,19368.0,14112,6146,0.04595208591491119,0.14480963228115848
55286.png,DRIP,336,336,4,73,515.0,19939.0,14308,6146,0.025828777772205228,0.08379433778067036
55286.png,Fixed,336,336,4,72,890.0,19368.0,14112,6146,0.04595208591491119,0.14480963228115848
55287.png,DRIP,336,336,4,73,515.0,19939.0,14308,6146,0.025828777772205228,0.08379433778067036
55287.png,Fixed,336,336,4,72,890.0,19368.0,14112,6146,0.04595208591491119,0.14480963228115848
55289.png,DRIP,336,336,4,73,515.0,19939.0,14308,6146,0.025828777772205228,0.08379433778067036
55289.png,Fixed,336,336,4,72,890.0,19368.0,14112,6146,0.04595208591491119,0.14480963228115848
5529.png,DRIP,336,336,23,73,3891.0,31536.0,14308,21119,0.123382800608828,0.18424167810975897
5529.png,Fixed,336,336,23,72,3058.0,32173.0,14112,21119,0.09504864327230908,0.1447985226573228
55299.png,DRIP,336,336,30,73,6808.0,45782.0,14308,38282,0.1487047311170329,0.17783814847709106
55299.png,Fixed,336,336,30,72,5435.0,46959.0,14112,38282,0.11573926190932515,0.14197272869756022
553.png,DRIP,336,336,23,73,6642.0,57168.0,14308,49502,0.116183879093199,0.13417639691325603
553.png,Fixed,336,336,23,72,6948.0,56666.0,14112,49502,0.12261320721420252,0.14035796533473396
55300.png,DRIP,336,336,30,73,6808.0,45782.0,14308,38282,0.1487047311170329,0.17783814847709106
55300.png,Fixed,336,336,30,72,5435.0,46959.0,14112,38282,0.11573926190932515,0.14197272869756022
55304.png,DRIP,336,336,30,73,6808.0,45782.0,14308,38282,0.1487047311170329,0.17783814847709106
55304.png,Fixed,336,336,30,72,5435.0,46959.0,14112,38282,0.11573926190932515,0.14197272869756022
55306.png,DRIP,336,336,30,73,6808.0,45782.0,14308,38282,0.1487047311170329,0.17783814847709106
55306.png,Fixed,336,336,30,72,5435.0,46959.0,14112,38282,0.11573926190932515,0.14197272869756022
55327.png,DRIP,336,336,23,73,5706.0,45366.0,14308,36764,0.1257770136225367,0.1552061799586552
55327.png,Fixed,336,336,23,72,4453.0,46423.0,14112,36764,0.09592227990435775,0.12112392557937113
55328.png,DRIP,336,336,23,73,5706.0,45366.0,14308,36764,0.1257770136225367,0.1552061799586552
55328.png,Fixed,336,336,23,72,4453.0,46423.0,14112,36764,0.09592227990435775,0.12112392557937113
55329.png,DRIP,336,336,23,73,5706.0,45366.0,14308,36764,0.1257770136225367,0.1552061799586552
55329.png,Fixed,336,336,23,72,4453.0,46423.0,14112,36764,0.09592227990435775,0.12112392557937113
55335.png,DRIP,336,336,20,72,2656.0,27652.0,14112,16196,0.09605091855923623,0.16399110891578167
55335.png,Fixed,336,336,20,72,1784.0,28524.0,14112,16196,0.06254382274575795,0.11015065448258829
55337.png,DRIP,336,336,20,72,2656.0,27652.0,14112,16196,0.09605091855923623,0.16399110891578167
55337.png,Fixed,336,336,20,72,1784.0,28524.0,14112,16196,0.06254382274575795,0.11015065448258829
55339.png,DRIP,336,336,20,72,2656.0,27652.0,14112,16196,0.09605091855923623,0.16399110891578167
55339.png,Fixed,336,336,20,72,1784.0,28524.0,14112,16196,0.06254382274575795,0.11015065448258829
55340.png,DRIP,336,336,20,72,2656.0,27652.0,14112,16196,0.09605091855923623,0.16399110891578167
55340.png,Fixed,336,336,20,72,1784.0,28524.0,14112,16196,0.06254382274575795,0.11015065448258829
55341.png,DRIP,336,336,20,72,2656.0,27652.0,14112,16196,0.09605091855923623,0.16399110891578167
55341.png,Fixed,336,336,20,72,1784.0,28524.0,14112,16196,0.06254382274575795,0.11015065448258829
55357.png,DRIP,336,336,10,73,1311.0,21767.0,14308,8770,0.06022878669545643,0.14948688711516533
55357.png,Fixed,336,336,10,72,995.0,21887.0,14112,8770,0.045460775802988074,0.11345496009122007
55358.png,DRIP,336,336,10,73,1311.0,21767.0,14308,8770,0.06022878669545643,0.14948688711516533
55358.png,Fixed,336,336,10,72,995.0,21887.0,14112,8770,0.045460775802988074,0.11345496009122007
55363.png,DRIP,336,336,20,73,2725.0,21455.0,14308,9872,0.12701002097413192,0.27603322528363045
55363.png,Fixed,336,336,20,72,1715.0,22269.0,14112,9872,0.07701288787103149,0.17372366288492708
55366.png,DRIP,336,336,20,73,2725.0,21455.0,14308,9872,0.12701002097413192,0.27603322528363045
55366.png,Fixed,336,336,20,72,1715.0,22269.0,14112,9872,0.07701288787103149,0.17372366288492708
55367.png,DRIP,336,336,20,73,2725.0,21455.0,14308,9872,0.12701002097413192,0.27603322528363045
55367.png,Fixed,336,336,20,72,1715.0,22269.0,14112,9872,0.07701288787103149,0.17372366288492708
55368.png,DRIP,336,336,20,73,2725.0,21455.0,14308,9872,0.12701002097413192,0.27603322528363045
55368.png,Fixed,336,336,20,72,1715.0,22269.0,14112,9872,0.07701288787103149,0.17372366288492708
55369.png,DRIP,336,336,20,73,2725.0,21455.0,14308,9872,0.12701002097413192,0.27603322528363045
55369.png,Fixed,336,336,20,72,1715.0,22269.0,14112,9872,0.07701288787103149,0.17372366288492708
55370.png,DRIP,336,336,20,73,2725.0,21455.0,14308,9872,0.12701002097413192,0.27603322528363045
55370.png,Fixed,336,336,20,72,1715.0,22269.0,14112,9872,0.07701288787103149,0.17372366288492708
55371.png,DRIP,336,336,0,73,,,14308,0,,
55371.png,Fixed,336,336,0,72,,,14112,0,,
55387.png,DRIP,336,336,16,72,5138.0,38149.0,14112,29175,0.13468242942147893,0.17610968294772922
55387.png,Fixed,336,336,16,72,3454.0,39833.0,14112,29175,0.08671202269475059,0.11838903170522708
55388.png,DRIP,336,336,16,72,5138.0,38149.0,14112,29175,0.13468242942147893,0.17610968294772922
55388.png,Fixed,336,336,16,72,3454.0,39833.0,14112,29175,0.08671202269475059,0.11838903170522708
55390.png,DRIP,336,336,16,72,5138.0,38149.0,14112,29175,0.13468242942147893,0.17610968294772922
55390.png,Fixed,336,336,16,72,3454.0,39833.0,14112,29175,0.08671202269475059,0.11838903170522708
55392.png,DRIP,336,336,16,72,5138.0,38149.0,14112,29175,0.13468242942147893,0.17610968294772922
55392.png,Fixed,336,336,16,72,3454.0,39833.0,14112,29175,0.08671202269475059,0.11838903170522708
55395.png,DRIP,336,336,16,72,5138.0,38149.0,14112,29175,0.13468242942147893,0.17610968294772922
55395.png,Fixed,336,336,16,72,3454.0,39833.0,14112,29175,0.08671202269475059,0.11838903170522708
55396.png,DRIP,336,336,16,72,5138.0,38149.0,14112,29175,0.13468242942147893,0.17610968294772922
55396.png,Fixed,336,336,16,72,3454.0,39833.0,14112,29175,0.08671202269475059,0.11838903170522708
55397.png,DRIP,336,336,16,72,5138.0,38149.0,14112,29175,0.13468242942147893,0.17610968294772922
55397.png,Fixed,336,336,16,72,3454.0,39833.0,14112,29175,0.08671202269475059,0.11838903170522708
55399.png,DRIP,336,336,0,73,,,14308,0,,
55399.png,Fixed,336,336,0,72,,,14112,0,,
554.png,DRIP,336,336,23,73,6642.0,57168.0,14308,49502,0.116183879093199,0.13417639691325603
554.png,Fixed,336,336,23,72,6948.0,56666.0,14112,49502,0.12261320721420252,0.14035796533473396
55407.png,DRIP,336,336,2,73,279.0,16021.0,14308,1992,0.01741464328069409,0.14006024096385541
55407.png,Fixed,336,336,2,72,336.0,15768.0,14112,1992,0.0213089802130898,0.1686746987951807
55413.png,DRIP,336,336,11,73,3346.0,34845.0,14308,23883,0.09602525469938299,0.14009965247246997
55413.png,Fixed,336,336,11,72,3304.0,34691.0,14112,23883,0.095240840563835,0.13834107942888246
55414.png,DRIP,336,336,11,73,3346.0,34845.0,14308,23883,0.09602525469938299,0.14009965247246997
55414.png,Fixed,336,336,11,72,3304.0,34691.0,14112,23883,0.095240840563835,0.13834107942888246
55416.png,DRIP,336,336,11,73,3346.0,34845.0,14308,23883,0.09602525469938299,0.14009965247246997
55416.png,Fixed,336,336,11,72,3304.0,34691.0,14112,23883,0.095240840563835,0.13834107942888246
55429.png,DRIP,336,336,26,72,5576.0,53938.0,14112,45402,0.10337795246394008,0.12281397295273336
55429.png,Fixed,336,336,26,72,4619.0,54895.0,14112,45402,0.08414245377538938,0.10173560636095326
55430.png,DRIP,336,336,26,72,5576.0,53938.0,14112,45402,0.10337795246394008,0.12281397295273336
55430.png,Fixed,336,336,26,72,4619.0,54895.0,14112,45402,0.08414245377538938,0.10173560636095326
55431.png,DRIP,336,336,26,72,5576.0,53938.0,14112,45402,0.10337795246394008,0.12281397295273336
55431.png,Fixed,336,336,26,72,4619.0,54895.0,14112,45402,0.08414245377538938,0.10173560636095326
55441.png,DRIP,336,336,2,73,554.0,14533.0,14308,779,0.03812014037019198,0.711168164313222
55441.png,Fixed,336,336,2,72,136.0,14755.0,14112,779,0.009217214503558117,0.17458279845956354
55442.png,DRIP,336,336,0,73,,,14308,0,,
55442.png,Fixed,336,336,0,72,,,14112,0,,
55447.png,DRIP,336,336,8,73,1647.0,16202.0,14308,3541,0.1016541167757067,0.46512284665348774
55447.png,Fixed,336,336,8,72,312.0,17341.0,14112,3541,0.01799204198143129,0.08811070319118892
55449.png,DRIP,336,336,8,73,1647.0,16202.0,14308,3541,0.1016541167757067,0.46512284665348774
55449.png,Fixed,336,336,8,72,312.0,17341.0,14112,3541,0.01799204198143129,0.08811070319118892
55453.png,DRIP,336,336,8,73,1647.0,16202.0,14308,3541,0.1016541167757067,0.46512284665348774
55453.png,Fixed,336,336,8,72,312.0,17341.0,14112,3541,0.01799204198143129,0.08811070319118892
55454.png,DRIP,336,336,8,73,3257.0,27122.0,14308,16071,0.1200870142319888,0.20266318212930123
55454.png,Fixed,336,336,8,72,2103.0,28080.0,14112,16071,0.07489316239316239,0.1308568228486093
55456.png,DRIP,336,336,8,73,3257.0,27122.0,14308,16071,0.1200870142319888,0.20266318212930123
55456.png,Fixed,336,336,8,72,2103.0,28080.0,14112,16071,0.07489316239316239,0.1308568228486093
55459.png,DRIP,336,336,8,73,1647.0,16202.0,14308,3541,0.1016541167757067,0.46512284665348774
55459.png,Fixed,336,336,8,72,312.0,17341.0,14112,3541,0.01799204198143129,0.08811070319118892
55463.png,DRIP,336,336,16,73,6838.0,36613.0,14308,29143,0.18676426405921395,0.23463610472497684
55463.png,Fixed,336,336,16,72,3715.0,39540.0,14112,29143,0.09395548811330298,0.12747486531928764
55464.png,DRIP,336,336,8,73,1647.0,16202.0,14308,3541,0.1016541167757067,0.46512284665348774
55464.png,Fixed,336,336,8,72,312.0,17341.0,14112,3541,0.01799204198143129,0.08811070319118892
55465.png,DRIP,336,336,16,73,6838.0,36613.0,14308,29143,0.18676426405921395,0.23463610472497684
55465.png,Fixed,336,336,16,72,3715.0,39540.0,14112,29143,0.09395548811330298,0.12747486531928764
55466.png,DRIP,336,336,58,72,5001.0,29216.0,14112,20105,0.17117332968236582,0.24874409350907734
55466.png,Fixed,336,336,58,72,2779.0,31438.0,14112,20105,0.08839620841020421,0.13822432230788362
55467.png,DRIP,336,336,58,72,5001.0,29216.0,14112,20105,0.17117332968236582,0.24874409350907734
55467.png,Fixed,336,336,58,72,2779.0,31438.0,14112,20105,0.08839620841020421,0.13822432230788362
55468.png,DRIP,336,336,16,73,6838.0,36613.0,14308,29143,0.18676426405921395,0.23463610472497684
55468.png,Fixed,336,336,16,72,3715.0,39540.0,14112,29143,0.09395548811330298,0.12747486531928764
55471.png,DRIP,336,336,26,73,2757.0,34237.0,14308,22686,0.08052691532552501,0.12152869611213965
55471.png,Fixed,336,336,26,72,3441.0,33357.0,14112,22686,0.10315675870132206,0.15167944988098386
555.png,DRIP,336,336,23,73,6642.0,57168.0,14308,49502,0.116183879093199,0.13417639691325603
555.png,Fixed,336,336,23,72,6948.0,56666.0,14112,49502,0.12261320721420252,0.14035796533473396
5552.png,DRIP,336,336,23,73,8305.0,64407.0,14308,58404,0.12894561150185538,0.14219916444079173
5552.png,Fixed,336,336,23,72,7035.0,65481.0,14112,58404,0.1074357447198424,0.12045407848777481
55521.png,DRIP,336,336,93,73,4364.0,41032.0,14308,31088,0.10635601481770325,0.14037570766855378
55521.png,Fixed,336,336,93,72,3960.0,41240.0,14112,31088,0.09602327837051407,0.1273803396809058
5555.png,DRIP,336,336,23,73,8305.0,64407.0,14308,58404,0.12894561150185538,0.14219916444079173
5555.png,Fixed,336,336,23,72,7035.0,65481.0,14112,58404,0.1074357447198424,0.12045407848777481
5556.png,DRIP,336,336,28,73,7691.0,64627.0,14308,58010,0.11900598820926238,0.13258058955352525
5556.png,Fixed,336,336,28,72,7377.0,64745.0,14112,58010,0.11393930033207197,0.12716772970177556
5557.png,DRIP,336,336,15,73,5351.0,24072.0,14308,15115,0.22229145895646393,0.3540191862388356
5557.png,Fixed,336,336,15,72,1832.0,27395.0,14112,15115,0.06687351706515787,0.12120410188554416
5558.png,DRIP,336,336,15,73,5351.0,24072.0,14308,15115,0.22229145895646393,0.3540191862388356
5558.png,Fixed,336,336,15,72,1832.0,27395.0,14112,15115,0.06687351706515787,0.12120410188554416
5560.png,DRIP,336,336,28,73,7691.0,64627.0,14308,58010,0.11900598820926238,0.13258058955352525
5560.png,Fixed,336,336,28,72,7377.0,64745.0,14112,58010,0.11393930033207197,0.12716772970177556
5561.png,DRIP,336,336,22,72,6301.0,48113.0,14112,40302,0.1309625257206992,0.15634459828296363
5561.png,Fixed,336,336,22,72,5027.0,49387.0,14112,40302,0.10178791989794886,0.12473326385787306
5565.png,DRIP,336,336,22,72,6301.0,48113.0,14112,40302,0.1309625257206992,0.15634459828296363
5565.png,Fixed,336,336,22,72,5027.0,49387.0,14112,40302,0.10178791989794886,0.12473326385787306
5566.png,DRIP,336,336,23,73,8305.0,64407.0,14308,58404,0.12894561150185538,0.14219916444079173
5566.png,Fixed,336,336,23,72,7035.0,65481.0,14112,58404,0.1074357447198424,0.12045407848777481
5578.png,DRIP,336,336,28,73,7691.0,64627.0,14308,58010,0.11900598820926238,0.13258058955352525
5578.png,Fixed,336,336,28,72,7377.0,64745.0,14112,58010,0.11393930033207197,0.12716772970177556
5586.png,DRIP,336,336,60,73,5801.0,33655.0,14308,25148,0.1723666617144555,0.23067440750755527
5586.png,Fixed,336,336,60,72,2880.0,36380.0,14112,25148,0.07916437603078615,0.11452202958485765
5589.png,DRIP,336,336,60,73,5801.0,33655.0,14308,25148,0.1723666617144555,0.23067440750755527
5589.png,Fixed,336,336,60,72,2880.0,36380.0,14112,25148,0.07916437603078615,0.11452202958485765
55898.png,DRIP,336,336,93,73,4364.0,41032.0,14308,31088,0.10635601481770325,0.14037570766855378
55898.png,Fixed,336,336,93,72,3960.0,41240.0,14112,31088,0.09602327837051407,0.1273803396809058
55899.png,DRIP,336,336,93,73,4364.0,41032.0,14308,31088,0.10635601481770325,0.14037570766855378
55899.png,Fixed,336,336,93,72,3960.0,41240.0,14112,31088,0.09602327837051407,0.1273803396809058
5590.png,DRIP,336,336,28,73,7691.0,64627.0,14308,58010,0.11900598820926238,0.13258058955352525
5590.png,Fixed,336,336,28,72,7377.0,64745.0,14112,58010,0.11393930033207197,0.12716772970177556
55900.png,DRIP,336,336,93,73,4364.0,41032.0,14308,31088,0.10635601481770325,0.14037570766855378
55900.png,Fixed,336,336,93,72,3960.0,41240.0,14112,31088,0.09602327837051407,0.1273803396809058
55901.png,DRIP,336,336,93,73,4364.0,41032.0,14308,31088,0.10635601481770325,0.14037570766855378
55901.png,Fixed,336,336,93,72,3960.0,41240.0,14112,31088,0.09602327837051407,0.1273803396809058
55902.png,DRIP,336,336,93,73,4364.0,41032.0,14308,31088,0.10635601481770325,0.14037570766855378
55902.png,Fixed,336,336,93,72,3960.0,41240.0,14112,31088,0.09602327837051407,0.1273803396809058
55903.png,DRIP,336,336,93,73,4364.0,41032.0,14308,31088,0.10635601481770325,0.14037570766855378
55903.png,Fixed,336,336,93,72,3960.0,41240.0,14112,31088,0.09602327837051407,0.1273803396809058
55909.png,DRIP,336,336,93,73,4364.0,41032.0,14308,31088,0.10635601481770325,0.14037570766855378
55909.png,Fixed,336,336,93,72,3960.0,41240.0,14112,31088,0.09602327837051407,0.1273803396809058
5591.png,DRIP,336,336,15,73,7090.0,56131.0,14308,48913,0.12631166378649944,0.14495123995665773
5591.png,Fixed,336,336,15,72,6153.0,56872.0,14112,48913,0.10819032212688141,0.12579477848424755
55924.png,DRIP,336,336,4,73,1526.0,16148.0,14308,3366,0.09450086698043102,0.4533571004159239
55924.png,Fixed,336,336,4,72,380.0,17098.0,14112,3366,0.02222482161656334,0.11289364230540701
55925.png,DRIP,336,336,4,73,1526.0,16148.0,14308,3366,0.09450086698043102,0.4533571004159239
55925.png,Fixed,336,336,4,72,380.0,17098.0,14112,3366,0.02222482161656334,0.11289364230540701
55926.png,DRIP,336,336,4,73,1526.0,16148.0,14308,3366,0.09450086698043102,0.4533571004159239
55926.png,Fixed,336,336,4,72,380.0,17098.0,14112,3366,0.02222482161656334,0.11289364230540701
5593.png,DRIP,336,336,15,73,7090.0,56131.0,14308,48913,0.12631166378649944,0.14495123995665773
5593.png,Fixed,336,336,15,72,6153.0,56872.0,14112,48913,0.10819032212688141,0.12579477848424755
5594.png,DRIP,336,336,15,73,7090.0,56131.0,14308,48913,0.12631166378649944,0.14495123995665773
5594.png,Fixed,336,336,15,72,6153.0,56872.0,14112,48913,0.10819032212688141,0.12579477848424755
55941.png,DRIP,336,336,8,73,1647.0,16202.0,14308,3541,0.1016541167757067,0.46512284665348774
55941.png,Fixed,336,336,8,72,312.0,17341.0,14112,3541,0.01799204198143129,0.08811070319118892
55942.png,DRIP,336,336,8,73,1647.0,16202.0,14308,3541,0.1016541167757067,0.46512284665348774
55942.png,Fixed,336,336,8,72,312.0,17341.0,14112,3541,0.01799204198143129,0.08811070319118892
55943.png,DRIP,336,336,8,73,1647.0,16202.0,14308,3541,0.1016541167757067,0.46512284665348774
55943.png,Fixed,336,336,8,72,312.0,17341.0,14112,3541,0.01799204198143129,0.08811070319118892
55944.png,DRIP,336,336,8,73,1647.0,16202.0,14308,3541,0.1016541167757067,0.46512284665348774
55944.png,Fixed,336,336,8,72,312.0,17341.0,14112,3541,0.01799204198143129,0.08811070319118892
55947.png,DRIP,336,336,33,73,4839.0,29732.0,14308,20263,0.1627539351540428,0.23880965306223165
55947.png,Fixed,336,336,33,72,2454.0,31921.0,14112,20263,0.07687729081169137,0.12110743720080935
55948.png,DRIP,336,336,33,73,4839.0,29732.0,14308,20263,0.1627539351540428,0.23880965306223165
55948.png,Fixed,336,336,33,72,2454.0,31921.0,14112,20263,0.07687729081169137,0.12110743720080935
55949.png,DRIP,336,336,33,73,4839.0,29732.0,14308,20263,0.1627539351540428,0.23880965306223165
55949.png,Fixed,336,336,33,72,2454.0,31921.0,14112,20263,0.07687729081169137,0.12110743720080935
55951.png,DRIP,336,336,45,72,5187.0,44854.0,14112,35929,0.11564186025772506,0.14436805922792173
55951.png,Fixed,336,336,45,72,4538.0,45503.0,14112,35929,0.09972968815242951,0.126304656405689
55952.png,DRIP,336,336,45,72,5187.0,44854.0,14112,35929,0.11564186025772506,0.14436805922792173
55952.png,Fixed,336,336,45,72,4538.0,45503.0,14112,35929,0.09972968815242951,0.126304656405689
55953.png,DRIP,336,336,45,72,5187.0,44854.0,14112,35929,0.11564186025772506,0.14436805922792173
55953.png,Fixed,336,336,45,72,4538.0,45503.0,14112,35929,0.09972968815242951,0.126304656405689
5597.png,DRIP,336,336,18,73,5643.0,25175.0,14308,16510,0.2241509433962264,0.34179285281647487
5597.png,Fixed,336,336,18,72,2368.0,28254.0,14112,16510,0.08381114178523395,0.1434282253179891
5598.png,DRIP,336,336,28,73,7691.0,64627.0,14308,58010,0.11900598820926238,0.13258058955352525
5598.png,Fixed,336,336,28,72,7377.0,64745.0,14112,58010,0.11393930033207197,0.12716772970177556
5600.png,DRIP,336,336,18,73,5643.0,25175.0,14308,16510,0.2241509433962264,0.34179285281647487
5600.png,Fixed,336,336,18,72,2368.0,28254.0,14112,16510,0.08381114178523395,0.1434282253179891
5603.png,DRIP,336,336,37,73,5022.0,35346.0,14308,26060,0.142081140723137,0.19270913277052953
5603.png,Fixed,336,336,37,72,3261.0,36911.0,14112,26060,0.08834764704288695,0.12513430544896392
56032.png,DRIP,336,336,10,73,2112.0,26166.0,14308,13970,0.08071543224031186,0.15118110236220472
56032.png,Fixed,336,336,10,72,1543.0,26539.0,14112,13970,0.058140849316100834,0.11045096635647816
56033.png,DRIP,336,336,10,73,2112.0,26166.0,14308,13970,0.08071543224031186,0.15118110236220472
56033.png,Fixed,336,336,10,72,1543.0,26539.0,14112,13970,0.058140849316100834,0.11045096635647816
56034.png,DRIP,336,336,10,73,2112.0,26166.0,14308,13970,0.08071543224031186,0.15118110236220472
56034.png,Fixed,336,336,10,72,1543.0,26539.0,14112,13970,0.058140849316100834,0.11045096635647816
56035.png,DRIP,336,336,10,73,2112.0,26166.0,14308,13970,0.08071543224031186,0.15118110236220472
56035.png,Fixed,336,336,10,72,1543.0,26539.0,14112,13970,0.058140849316100834,0.11045096635647816
56036.png,DRIP,336,336,10,73,2112.0,26166.0,14308,13970,0.08071543224031186,0.15118110236220472
56036.png,Fixed,336,336,10,72,1543.0,26539.0,14112,13970,0.058140849316100834,0.11045096635647816
56037.png,DRIP,336,336,10,73,2112.0,26166.0,14308,13970,0.08071543224031186,0.15118110236220472
56037.png,Fixed,336,336,10,72,1543.0,26539.0,14112,13970,0.058140849316100834,0.11045096635647816
56038.png,DRIP,336,336,10,73,2112.0,26166.0,14308,13970,0.08071543224031186,0.15118110236220472
56038.png,Fixed,336,336,10,72,1543.0,26539.0,14112,13970,0.058140849316100834,0.11045096635647816
56039.png,DRIP,336,336,10,73,2112.0,26166.0,14308,13970,0.08071543224031186,0.15118110236220472
56039.png,Fixed,336,336,10,72,1543.0,26539.0,14112,13970,0.058140849316100834,0.11045096635647816
5604.png,DRIP,336,336,18,73,5643.0,25175.0,14308,16510,0.2241509433962264,0.34179285281647487
5604.png,Fixed,336,336,18,72,2368.0,28254.0,14112,16510,0.08381114178523395,0.1434282253179891
56049.png,DRIP,336,336,46,72,2482.0,24330.0,14112,12700,0.10201397451705713,0.19543307086614173
56049.png,Fixed,336,336,46,72,2082.0,24730.0,14112,12700,0.08418924383340073,0.16393700787401574
5605.png,DRIP,336,336,32,73,4703.0,40511.0,14308,30906,0.1160919256498235,0.15217109946288745
5605.png,Fixed,336,336,32,72,3278.0,41740.0,14112,30906,0.07853378054623862,0.10606354753122371
56050.png,DRIP,336,336,46,72,2482.0,24330.0,14112,12700,0.10201397451705713,0.19543307086614173
56050.png,Fixed,336,336,46,72,2082.0,24730.0,14112,12700,0.08418924383340073,0.16393700787401574
5606.png,DRIP,336,336,37,73,5022.0,35346.0,14308,26060,0.142081140723137,0.19270913277052953
5606.png,Fixed,336,336,37,72,3261.0,36911.0,14112,26060,0.08834764704288695,0.12513430544896392
56062.png,DRIP,336,336,27,72,9745.0,74171.0,14112,69804,0.1313855819659975,0.13960518021889862
56062.png,Fixed,336,336,27,72,9359.0,74557.0,14112,69804,0.12552811942540607,0.13407541115122343
56064.png,DRIP,336,336,27,72,9745.0,74171.0,14112,69804,0.1313855819659975,0.13960518021889862
56064.png,Fixed,336,336,27,72,9359.0,74557.0,14112,69804,0.12552811942540607,0.13407541115122343
56066.png,DRIP,336,336,27,72,9745.0,74171.0,14112,69804,0.1313855819659975,0.13960518021889862
56066.png,Fixed,336,336,27,72,9359.0,74557.0,14112,69804,0.12552811942540607,0.13407541115122343
56068.png,DRIP,336,336,27,72,9745.0,74171.0,14112,69804,0.1313855819659975,0.13960518021889862
56068.png,Fixed,336,336,27,72,9359.0,74557.0,14112,69804,0.12552811942540607,0.13407541115122343
5607.png,DRIP,336,336,18,73,5643.0,25175.0,14308,16510,0.2241509433962264,0.34179285281647487
5607.png,Fixed,336,336,18,72,2368.0,28254.0,14112,16510,0.08381114178523395,0.1434282253179891
56071.png,DRIP,336,336,27,72,9745.0,74171.0,14112,69804,0.1313855819659975,0.13960518021889862
56071.png,Fixed,336,336,27,72,9359.0,74557.0,14112,69804,0.12552811942540607,0.13407541115122343
56073.png,DRIP,336,336,22,73,3856.0,21186.0,14308,10734,0.1820069857453035,0.35923234581703
56073.png,Fixed,336,336,22,72,1463.0,23383.0,14112,10734,0.06256682205020742,0.1362958822433389
56075.png,DRIP,336,336,22,73,3856.0,21186.0,14308,10734,0.1820069857453035,0.35923234581703
56075.png,Fixed,336,336,22,72,1463.0,23383.0,14112,10734,0.06256682205020742,0.1362958822433389
56077.png,DRIP,336,336,22,73,3856.0,21186.0,14308,10734,0.1820069857453035,0.35923234581703
56077.png,Fixed,336,336,22,72,1463.0,23383.0,14112,10734,0.06256682205020742,0.1362958822433389
56079.png,DRIP,336,336,26,73,5257.0,40295.0,14308,31244,0.13046283658022087,0.16825630521060045
56079.png,Fixed,336,336,26,72,3564.0,41792.0,14112,31244,0.08527947932618683,0.11406990142107284
56080.png,DRIP,336,336,26,73,5257.0,40295.0,14308,31244,0.13046283658022087,0.16825630521060045
56080.png,Fixed,336,336,26,72,3564.0,41792.0,14112,31244,0.08527947932618683,0.11406990142107284
56081.png,DRIP,336,336,26,73,5257.0,40295.0,14308,31244,0.13046283658022087,0.16825630521060045
56081.png,Fixed,336,336,26,72,3564.0,41792.0,14112,31244,0.08527947932618683,0.11406990142107284
56084.png,DRIP,336,336,26,72,3838.0,26069.0,14112,15795,0.1472246729832368,0.24298828743273188
56084.png,Fixed,336,336,26,72,2519.0,27388.0,14112,15795,0.09197458741054476,0.15948084836973725
56086.png,DRIP,336,336,26,72,3838.0,26069.0,14112,15795,0.1472246729832368,0.24298828743273188
56086.png,Fixed,336,336,26,72,2519.0,27388.0,14112,15795,0.09197458741054476,0.15948084836973725
56087.png,DRIP,336,336,26,72,3838.0,26069.0,14112,15795,0.1472246729832368,0.24298828743273188
56087.png,Fixed,336,336,26,72,2519.0,27388.0,14112,15795,0.09197458741054476,0.15948084836973725
56088.png,DRIP,336,336,26,72,3838.0,26069.0,14112,15795,0.1472246729832368,0.24298828743273188
56088.png,Fixed,336,336,26,72,2519.0,27388.0,14112,15795,0.09197458741054476,0.15948084836973725
5609.png,DRIP,336,336,37,73,5022.0,35346.0,14308,26060,0.142081140723137,0.19270913277052953
5609.png,Fixed,336,336,37,72,3261.0,36911.0,14112,26060,0.08834764704288695,0.12513430544896392
56090.png,DRIP,336,336,26,72,3838.0,26069.0,14112,15795,0.1472246729832368,0.24298828743273188
56090.png,Fixed,336,336,26,72,2519.0,27388.0,14112,15795,0.09197458741054476,0.15948084836973725
56095.png,DRIP,336,336,39,73,5585.0,28136.0,14308,19413,0.19850014216661926,0.28769381342399425
56095.png,Fixed,336,336,39,72,2350.0,31175.0,14112,19413,0.07538091419406576,0.12105290269407099
56096.png,DRIP,336,336,39,73,5585.0,28136.0,14308,19413,0.19850014216661926,0.28769381342399425
56096.png,Fixed,336,336,39,72,2350.0,31175.0,14112,19413,0.07538091419406576,0.12105290269407099
56097.png,DRIP,336,336,39,73,5585.0,28136.0,14308,19413,0.19850014216661926,0.28769381342399425
56097.png,Fixed,336,336,39,72,2350.0,31175.0,14112,19413,0.07538091419406576,0.12105290269407099
5611.png,DRIP,336,336,37,73,5022.0,35346.0,14308,26060,0.142081140723137,0.19270913277052953
5611.png,Fixed,336,336,37,72,3261.0,36911.0,14112,26060,0.08834764704288695,0.12513430544896392
5612.png,DRIP,336,336,32,73,4703.0,40511.0,14308,30906,0.1160919256498235,0.15217109946288745
5612.png,Fixed,336,336,32,72,3278.0,41740.0,14112,30906,0.07853378054623862,0.10606354753122371
5613.png,DRIP,336,336,37,73,5022.0,35346.0,14308,26060,0.142081140723137,0.19270913277052953
5613.png,Fixed,336,336,37,72,3261.0,36911.0,14112,26060,0.08834764704288695,0.12513430544896392
5615.png,DRIP,336,336,28,73,7691.0,64627.0,14308,58010,0.11900598820926238,0.13258058955352525
5615.png,Fixed,336,336,28,72,7377.0,64745.0,14112,58010,0.11393930033207197,0.12716772970177556
5616.png,DRIP,336,336,37,73,5022.0,35346.0,14308,26060,0.142081140723137,0.19270913277052953
5616.png,Fixed,336,336,37,72,3261.0,36911.0,14112,26060,0.08834764704288695,0.12513430544896392
5621.png,DRIP,336,336,23,73,6268.0,45212.0,14308,37172,0.13863576041758824,0.1686215430969547
5621.png,Fixed,336,336,23,72,4255.0,47029.0,14112,37172,0.09047608922154415,0.11446787904874636
5623.png,DRIP,336,336,23,73,6268.0,45212.0,14308,37172,0.13863576041758824,0.1686215430969547
5623.png,Fixed,336,336,23,72,4255.0,47029.0,14112,37172,0.09047608922154415,0.11446787904874636
56258.png,DRIP,336,336,27,73,4962.0,33536.0,14308,24190,0.14796040076335878,0.20512608515915667
56258.png,Fixed,336,336,27,72,3445.0,34857.0,14112,24190,0.09883237226382076,0.142414220752377
56259.png,DRIP,336,336,27,73,4962.0,33536.0,14308,24190,0.14796040076335878,0.20512608515915667
56259.png,Fixed,336,336,27,72,3445.0,34857.0,14112,24190,0.09883237226382076,0.142414220752377
5626.png,DRIP,336,336,28,73,7691.0,64627.0,14308,58010,0.11900598820926238,0.13258058955352525
5626.png,Fixed,336,336,28,72,7377.0,64745.0,14112,58010,0.11393930033207197,0.12716772970177556
56261.png,DRIP,336,336,27,73,4962.0,33536.0,14308,24190,0.14796040076335878,0.20512608515915667
56261.png,Fixed,336,336,27,72,3445.0,34857.0,14112,24190,0.09883237226382076,0.142414220752377
56268.png,DRIP,336,336,17,73,5230.0,48904.0,14308,39826,0.1069442172419434,0.1313212474263044
56268.png,Fixed,336,336,17,72,5220.0,48718.0,14112,39826,0.10714725563446775,0.1310701551750113
56269.png,DRIP,336,336,17,73,5230.0,48904.0,14308,39826,0.1069442172419434,0.1313212474263044
56269.png,Fixed,336,336,17,72,5220.0,48718.0,14112,39826,0.10714725563446775,0.1310701551750113
56270.png,DRIP,336,336,17,73,5230.0,48904.0,14308,39826,0.1069442172419434,0.1313212474263044
56270.png,Fixed,336,336,17,72,5220.0,48718.0,14112,39826,0.10714725563446775,0.1310701551750113
56271.png,DRIP,336,336,88,73,5816.0,47157.0,14308,38665,0.1233326971605488,0.1504202767360662
56271.png,Fixed,336,336,88,72,4622.0,48155.0,14112,38665,0.09598172567749974,0.11953963532910901
56273.png,DRIP,336,336,88,73,5816.0,47157.0,14308,38665,0.1233326971605488,0.1504202767360662
56273.png,Fixed,336,336,88,72,4622.0,48155.0,14112,38665,0.09598172567749974,0.11953963532910901
56274.png,DRIP,336,336,88,73,5816.0,47157.0,14308,38665,0.1233326971605488,0.1504202767360662
56274.png,Fixed,336,336,88,72,4622.0,48155.0,14112,38665,0.09598172567749974,0.11953963532910901
56275.png,DRIP,336,336,88,73,5816.0,47157.0,14308,38665,0.1233326971605488,0.1504202767360662
56275.png,Fixed,336,336,88,72,4622.0,48155.0,14112,38665,0.09598172567749974,0.11953963532910901
5628.png,DRIP,336,336,23,73,6268.0,45212.0,14308,37172,0.13863576041758824,0.1686215430969547
5628.png,Fixed,336,336,23,72,4255.0,47029.0,14112,37172,0.09047608922154415,0.11446787904874636
56283.png,DRIP,336,336,3,72,583.0,15298.0,14112,1769,0.03810955680481109,0.3295647258338044
56283.png,Fixed,336,336,3,72,182.0,15699.0,14112,1769,0.011593095101598828,0.10288298473713962
56284.png,DRIP,336,336,3,72,583.0,15298.0,14112,1769,0.03810955680481109,0.3295647258338044
56284.png,Fixed,336,336,3,72,182.0,15699.0,14112,1769,0.011593095101598828,0.10288298473713962
56288.png,DRIP,336,336,3,72,583.0,15298.0,14112,1769,0.03810955680481109,0.3295647258338044
56288.png,Fixed,336,336,3,72,182.0,15699.0,14112,1769,0.011593095101598828,0.10288298473713962
56291.png,DRIP,336,336,18,72,9684.0,76875.0,14112,72447,0.12597073170731707,0.1336701312683755
56291.png,Fixed,336,336,18,72,9679.0,76880.0,14112,72447,0.12589750260145682,0.13360111529807997
56293.png,DRIP,336,336,18,72,9684.0,76875.0,14112,72447,0.12597073170731707,0.1336701312683755
56293.png,Fixed,336,336,18,72,9679.0,76880.0,14112,72447,0.12589750260145682,0.13360111529807997
56294.png,DRIP,336,336,18,72,9684.0,76875.0,14112,72447,0.12597073170731707,0.1336701312683755
56294.png,Fixed,336,336,18,72,9679.0,76880.0,14112,72447,0.12589750260145682,0.13360111529807997
56296.png,DRIP,336,336,18,72,9684.0,76875.0,14112,72447,0.12597073170731707,0.1336701312683755
56296.png,Fixed,336,336,18,72,9679.0,76880.0,14112,72447,0.12589750260145682,0.13360111529807997
56297.png,DRIP,336,336,18,72,9684.0,76875.0,14112,72447,0.12597073170731707,0.1336701312683755
56297.png,Fixed,336,336,18,72,9679.0,76880.0,14112,72447,0.12589750260145682,0.13360111529807997
56298.png,DRIP,336,336,18,72,9684.0,76875.0,14112,72447,0.12597073170731707,0.1336701312683755
56298.png,Fixed,336,336,18,72,9679.0,76880.0,14112,72447,0.12589750260145682,0.13360111529807997
56299.png,DRIP,336,336,21,73,7264.0,56016.0,14308,48972,0.12967723507569265,0.14832965776362003
56299.png,Fixed,336,336,21,72,6140.0,56944.0,14112,48972,0.10782523180668727,0.12537776688720084
56300.png,DRIP,336,336,21,73,7264.0,56016.0,14308,48972,0.12967723507569265,0.14832965776362003
56300.png,Fixed,336,336,21,72,6140.0,56944.0,14112,48972,0.10782523180668727,0.12537776688720084
56301.png,DRIP,336,336,21,73,7264.0,56016.0,14308,48972,0.12967723507569265,0.14832965776362003
56301.png,Fixed,336,336,21,72,6140.0,56944.0,14112,48972,0.10782523180668727,0.12537776688720084
56302.png,DRIP,336,336,21,73,7264.0,56016.0,14308,48972,0.12967723507569265,0.14832965776362003
56302.png,Fixed,336,336,21,72,6140.0,56944.0,14112,48972,0.10782523180668727,0.12537776688720084
56305.png,DRIP,336,336,21,73,7264.0,56016.0,14308,48972,0.12967723507569265,0.14832965776362003
56305.png,Fixed,336,336,21,72,6140.0,56944.0,14112,48972,0.10782523180668727,0.12537776688720084
56309.png,DRIP,336,336,9,72,2641.0,20196.0,14112,8725,0.13076846900376313,0.30269340974212033
56309.png,Fixed,336,336,9,72,581.0,22256.0,14112,8725,0.026105319913731127,0.06659025787965617
56310.png,DRIP,336,336,9,72,2641.0,20196.0,14112,8725,0.13076846900376313,0.30269340974212033
56310.png,Fixed,336,336,9,72,581.0,22256.0,14112,8725,0.026105319913731127,0.06659025787965617
56344.png,DRIP,336,336,11,73,2523.0,17972.0,14308,6187,0.14038504340084576,0.40779052852755776
56344.png,Fixed,336,336,11,72,761.0,19538.0,14112,6187,0.038949738970211895,0.12299983837077744
56345.png,DRIP,336,336,11,73,2523.0,17972.0,14308,6187,0.14038504340084576,0.40779052852755776
56345.png,Fixed,336,336,11,72,761.0,19538.0,14112,6187,0.038949738970211895,0.12299983837077744
56346.png,DRIP,336,336,11,73,2523.0,17972.0,14308,6187,0.14038504340084576,0.40779052852755776
56346.png,Fixed,336,336,11,72,761.0,19538.0,14112,6187,0.038949738970211895,0.12299983837077744
56348.png,DRIP,336,336,11,73,2523.0,17972.0,14308,6187,0.14038504340084576,0.40779052852755776
56348.png,Fixed,336,336,11,72,761.0,19538.0,14112,6187,0.038949738970211895,0.12299983837077744
56349.png,DRIP,336,336,11,73,2523.0,17972.0,14308,6187,0.14038504340084576,0.40779052852755776
56349.png,Fixed,336,336,11,72,761.0,19538.0,14112,6187,0.038949738970211895,0.12299983837077744
56359.png,DRIP,336,336,15,72,2756.0,17452.0,14112,6096,0.15791886316754528,0.4520997375328084
56359.png,Fixed,336,336,15,72,805.0,19403.0,14112,6096,0.0414884296242849,0.13205380577427822
56360.png,DRIP,336,336,15,72,2756.0,17452.0,14112,6096,0.15791886316754528,0.4520997375328084
56360.png,Fixed,336,336,15,72,805.0,19403.0,14112,6096,0.0414884296242849,0.13205380577427822
56361.png,DRIP,336,336,15,72,2756.0,17452.0,14112,6096,0.15791886316754528,0.4520997375328084
56361.png,Fixed,336,336,15,72,805.0,19403.0,14112,6096,0.0414884296242849,0.13205380577427822
56362.png,DRIP,336,336,15,72,2756.0,17452.0,14112,6096,0.15791886316754528,0.4520997375328084
56362.png,Fixed,336,336,15,72,805.0,19403.0,14112,6096,0.0414884296242849,0.13205380577427822
56363.png,DRIP,336,336,15,72,2756.0,17452.0,14112,6096,0.15791886316754528,0.4520997375328084
56363.png,Fixed,336,336,15,72,805.0,19403.0,14112,6096,0.0414884296242849,0.13205380577427822
56364.png,DRIP,336,336,47,72,3904.0,32448.0,14112,22240,0.1203155818540434,0.17553956834532375
56364.png,Fixed,336,336,47,72,2678.0,33674.0,14112,22240,0.07952723169210667,0.12041366906474821
56365.png,DRIP,336,336,47,72,3904.0,32448.0,14112,22240,0.1203155818540434,0.17553956834532375
56365.png,Fixed,336,336,47,72,2678.0,33674.0,14112,22240,0.07952723169210667,0.12041366906474821
56366.png,DRIP,336,336,47,72,3904.0,32448.0,14112,22240,0.1203155818540434,0.17553956834532375
56366.png,Fixed,336,336,47,72,2678.0,33674.0,14112,22240,0.07952723169210667,0.12041366906474821
56367.png,DRIP,336,336,47,72,3904.0,32448.0,14112,22240,0.1203155818540434,0.17553956834532375
56367.png,Fixed,336,336,47,72,2678.0,33674.0,14112,22240,0.07952723169210667,0.12041366906474821
56368.png,DRIP,336,336,47,72,3904.0,32448.0,14112,22240,0.1203155818540434,0.17553956834532375
56368.png,Fixed,336,336,47,72,2678.0,33674.0,14112,22240,0.07952723169210667,0.12041366906474821
56369.png,DRIP,336,336,47,72,3904.0,32448.0,14112,22240,0.1203155818540434,0.17553956834532375
56369.png,Fixed,336,336,47,72,2678.0,33674.0,14112,22240,0.07952723169210667,0.12041366906474821
56370.png,DRIP,336,336,47,72,3904.0,32448.0,14112,22240,0.1203155818540434,0.17553956834532375
56370.png,Fixed,336,336,47,72,2678.0,33674.0,14112,22240,0.07952723169210667,0.12041366906474821
56371.png,DRIP,336,336,11,72,1338.0,17474.0,14112,4700,0.07657090534508412,0.2846808510638298
56371.png,Fixed,336,336,11,72,722.0,18090.0,14112,4700,0.039911553344389165,0.15361702127659574
56372.png,DRIP,336,336,11,72,1338.0,17474.0,14112,4700,0.07657090534508412,0.2846808510638298
56372.png,Fixed,336,336,11,72,722.0,18090.0,14112,4700,0.039911553344389165,0.15361702127659574
56373.png,DRIP,336,336,11,72,1338.0,17474.0,14112,4700,0.07657090534508412,0.2846808510638298
56373.png,Fixed,336,336,11,72,722.0,18090.0,14112,4700,0.039911553344389165,0.15361702127659574
56374.png,DRIP,336,336,11,72,2540.0,24560.0,14112,12988,0.10342019543973942,0.19556513704958423
56374.png,Fixed,336,336,11,72,1466.0,25634.0,14112,12988,0.057189669969571665,0.11287342161995688
56375.png,DRIP,336,336,11,72,2540.0,24560.0,14112,12988,0.10342019543973942,0.19556513704958423
56375.png,Fixed,336,336,11,72,1466.0,25634.0,14112,12988,0.057189669969571665,0.11287342161995688
56386.png,DRIP,336,336,6,72,213.0,15940.0,14112,2041,0.013362609786700126,0.10436060754532092
56386.png,Fixed,336,336,6,72,77.0,16076.0,14112,2041,0.004789748693704902,0.037726604605585495
56387.png,DRIP,336,336,6,72,213.0,15940.0,14112,2041,0.013362609786700126,0.10436060754532092
56387.png,Fixed,336,336,6,72,77.0,16076.0,14112,2041,0.004789748693704902,0.037726604605585495
56388.png,DRIP,336,336,6,72,213.0,15940.0,14112,2041,0.013362609786700126,0.10436060754532092
56388.png,Fixed,336,336,6,72,77.0,16076.0,14112,2041,0.004789748693704902,0.037726604605585495
56393.png,DRIP,336,336,37,72,5376.0,46555.0,14112,37819,0.11547631833315433,0.14215077077659377
56393.png,Fixed,336,336,37,72,5014.0,46917.0,14112,37819,0.10686957819127395,0.13257886247653297
56394.png,DRIP,336,336,37,72,5376.0,46555.0,14112,37819,0.11547631833315433,0.14215077077659377
56394.png,Fixed,336,336,37,72,5014.0,46917.0,14112,37819,0.10686957819127395,0.13257886247653297
56399.png,DRIP,336,336,6,73,27.0,16541.0,14308,2260,0.0016323075992987124,0.011946902654867256
56399.png,Fixed,336,336,6,72,393.0,15979.0,14112,2260,0.024594780649602604,0.1738938053097345
56400.png,DRIP,336,336,6,73,27.0,16541.0,14308,2260,0.0016323075992987124,0.011946902654867256
56400.png,Fixed,336,336,6,72,393.0,15979.0,14112,2260,0.024594780649602604,0.1738938053097345
56401.png,DRIP,336,336,5,72,1905.0,16892.0,14112,4685,0.11277527823821927,0.4066168623265742
56401.png,Fixed,336,336,5,72,588.0,18209.0,14112,4685,0.03229172387281015,0.1255069370330843
56402.png,DRIP,336,336,5,72,1905.0,16892.0,14112,4685,0.11277527823821927,0.4066168623265742
56402.png,Fixed,336,336,5,72,588.0,18209.0,14112,4685,0.03229172387281015,0.1255069370330843
56403.png,DRIP,336,336,5,72,1905.0,16892.0,14112,4685,0.11277527823821927,0.4066168623265742
56403.png,Fixed,336,336,5,72,588.0,18209.0,14112,4685,0.03229172387281015,0.1255069370330843
56404.png,DRIP,336,336,5,72,1905.0,16892.0,14112,4685,0.11277527823821927,0.4066168623265742
56404.png,Fixed,336,336,5,72,588.0,18209.0,14112,4685,0.03229172387281015,0.1255069370330843
56405.png,DRIP,336,336,5,72,1905.0,16892.0,14112,4685,0.11277527823821927,0.4066168623265742
56405.png,Fixed,336,336,5,72,588.0,18209.0,14112,4685,0.03229172387281015,0.1255069370330843
56406.png,DRIP,336,336,5,72,1905.0,16892.0,14112,4685,0.11277527823821927,0.4066168623265742
56406.png,Fixed,336,336,5,72,588.0,18209.0,14112,4685,0.03229172387281015,0.1255069370330843
56407.png,DRIP,336,336,5,72,1905.0,16892.0,14112,4685,0.11277527823821927,0.4066168623265742
56407.png,Fixed,336,336,5,72,588.0,18209.0,14112,4685,0.03229172387281015,0.1255069370330843
56408.png,DRIP,336,336,5,72,1905.0,16892.0,14112,4685,0.11277527823821927,0.4066168623265742
56408.png,Fixed,336,336,5,72,588.0,18209.0,14112,4685,0.03229172387281015,0.1255069370330843
56409.png,DRIP,336,336,5,72,1905.0,16892.0,14112,4685,0.11277527823821927,0.4066168623265742
56409.png,Fixed,336,336,5,72,588.0,18209.0,14112,4685,0.03229172387281015,0.1255069370330843
56410.png,DRIP,336,336,17,73,3150.0,21493.0,14308,10335,0.14655934490299166,0.3047895500725689
56410.png,Fixed,336,336,17,72,1379.0,23068.0,14112,10335,0.05977978151551933,0.13343009192065797
56411.png,DRIP,336,336,17,73,3150.0,21493.0,14308,10335,0.14655934490299166,0.3047895500725689
56411.png,Fixed,336,336,17,72,1379.0,23068.0,14112,10335,0.05977978151551933,0.13343009192065797
56412.png,DRIP,336,336,17,73,3150.0,21493.0,14308,10335,0.14655934490299166,0.3047895500725689
56412.png,Fixed,336,336,17,72,1379.0,23068.0,14112,10335,0.05977978151551933,0.13343009192065797
5642.png,DRIP,336,336,22,73,7157.0,58253.0,14308,51102,0.12286062520385216,0.1400532268795742
5642.png,Fixed,336,336,22,72,6045.0,59169.0,14112,51102,0.10216498504284338,0.11829282611248092
56422.png,DRIP,336,336,40,73,3540.0,44499.0,14308,33731,0.0795523494909998,0.10494797070943643
56422.png,Fixed,336,336,40,72,4562.0,43281.0,14112,33731,0.10540421894133685,0.13524650914588954
56423.png,DRIP,336,336,40,73,3540.0,44499.0,14308,33731,0.0795523494909998,0.10494797070943643
56423.png,Fixed,336,336,40,72,4562.0,43281.0,14112,33731,0.10540421894133685,0.13524650914588954
56424.png,DRIP,336,336,40,73,3540.0,44499.0,14308,33731,0.0795523494909998,0.10494797070943643
56424.png,Fixed,336,336,40,72,4562.0,43281.0,14112,33731,0.10540421894133685,0.13524650914588954
56427.png,DRIP,336,336,40,73,3540.0,44499.0,14308,33731,0.0795523494909998,0.10494797070943643
56427.png,Fixed,336,336,40,72,4562.0,43281.0,14112,33731,0.10540421894133685,0.13524650914588954
56428.png,DRIP,336,336,40,73,3540.0,44499.0,14308,33731,0.0795523494909998,0.10494797070943643
56428.png,Fixed,336,336,40,72,4562.0,43281.0,14112,33731,0.10540421894133685,0.13524650914588954
56429.png,DRIP,336,336,39,73,6419.0,40215.0,14308,32326,0.15961705831157527,0.1985708098744045
56429.png,Fixed,336,336,39,72,4194.0,42244.0,14112,32326,0.09928037117697187,0.1297407659469158
56430.png,DRIP,336,336,39,73,6419.0,40215.0,14308,32326,0.15961705831157527,0.1985708098744045
56430.png,Fixed,336,336,39,72,4194.0,42244.0,14112,32326,0.09928037117697187,0.1297407659469158
56431.png,DRIP,336,336,39,73,6419.0,40215.0,14308,32326,0.15961705831157527,0.1985708098744045
56431.png,Fixed,336,336,39,72,4194.0,42244.0,14112,32326,0.09928037117697187,0.1297407659469158
56434.png,DRIP,336,336,49,72,6353.0,36920.0,14112,29161,0.1720747562296858,0.2178594698398546
56434.png,Fixed,336,336,49,72,3595.0,39678.0,14112,29161,0.09060436513937195,0.1232810946126676
56435.png,DRIP,336,336,49,72,6353.0,36920.0,14112,29161,0.1720747562296858,0.2178594698398546
56435.png,Fixed,336,336,49,72,3595.0,39678.0,14112,29161,0.09060436513937195,0.1232810946126676
56436.png,DRIP,336,336,49,72,6353.0,36920.0,14112,29161,0.1720747562296858,0.2178594698398546
56436.png,Fixed,336,336,49,72,3595.0,39678.0,14112,29161,0.09060436513937195,0.1232810946126676
56437.png,DRIP,336,336,49,72,6353.0,36920.0,14112,29161,0.1720747562296858,0.2178594698398546
56437.png,Fixed,336,336,49,72,3595.0,39678.0,14112,29161,0.09060436513937195,0.1232810946126676
56438.png,DRIP,336,336,47,72,3928.0,39404.0,14112,29220,0.09968531113592528,0.13442847364818616
56438.png,Fixed,336,336,47,72,3441.0,39891.0,14112,29220,0.08626005865984808,0.1177618069815195
56439.png,DRIP,336,336,47,72,3928.0,39404.0,14112,29220,0.09968531113592528,0.13442847364818616
56439.png,Fixed,336,336,47,72,3441.0,39891.0,14112,29220,0.08626005865984808,0.1177618069815195
56440.png,DRIP,336,336,47,72,3928.0,39404.0,14112,29220,0.09968531113592528,0.13442847364818616
56440.png,Fixed,336,336,47,72,3441.0,39891.0,14112,29220,0.08626005865984808,0.1177618069815195
56441.png,DRIP,336,336,16,73,6174.0,52810.0,14308,44676,0.11690967619768983,0.13819500402900886
56441.png,Fixed,336,336,16,72,5698.0,53090.0,14112,44676,0.10732718025993596,0.12754051392246396
56443.png,DRIP,336,336,16,73,6174.0,52810.0,14308,44676,0.11690967619768983,0.13819500402900886
56443.png,Fixed,336,336,16,72,5698.0,53090.0,14112,44676,0.10732718025993596,0.12754051392246396
56446.png,DRIP,336,336,30,73,6664.0,34608.0,14308,26964,0.1925566343042071,0.24714434060228452
56446.png,Fixed,336,336,30,72,4142.0,36934.0,14112,26964,0.11214599014458222,0.15361222370568164
56447.png,DRIP,336,336,30,73,6664.0,34608.0,14308,26964,0.1925566343042071,0.24714434060228452
56447.png,Fixed,336,336,30,72,4142.0,36934.0,14112,26964,0.11214599014458222,0.15361222370568164
56448.png,DRIP,336,336,30,73,6664.0,34608.0,14308,26964,0.1925566343042071,0.24714434060228452
56448.png,Fixed,336,336,30,72,4142.0,36934.0,14112,26964,0.11214599014458222,0.15361222370568164
56449.png,DRIP,336,336,62,72,8342.0,62021.0,14112,56251,0.134502829686719,0.1482995857851416
56449.png,Fixed,336,336,62,72,6387.0,63976.0,14112,56251,0.09983431286732525,0.11354464809514497
5645.png,DRIP,336,336,15,73,2282.0,21244.0,14308,9218,0.10741856524195068,0.24755912345411152
5645.png,Fixed,336,336,15,72,2149.0,21181.0,14112,9218,0.10145885463386997,0.2331308309828596
56450.png,DRIP,336,336,62,72,8342.0,62021.0,14112,56251,0.134502829686719,0.1482995857851416
56450.png,Fixed,336,336,62,72,6387.0,63976.0,14112,56251,0.09983431286732525,0.11354464809514497
56451.png,DRIP,336,336,62,72,8342.0,62021.0,14112,56251,0.134502829686719,0.1482995857851416
56451.png,Fixed,336,336,62,72,6387.0,63976.0,14112,56251,0.09983431286732525,0.11354464809514497
56452.png,DRIP,336,336,62,72,8342.0,62021.0,14112,56251,0.134502829686719,0.1482995857851416
56452.png,Fixed,336,336,62,72,6387.0,63976.0,14112,56251,0.09983431286732525,0.11354464809514497
56453.png,DRIP,336,336,62,72,8342.0,62021.0,14112,56251,0.134502829686719,0.1482995857851416
56453.png,Fixed,336,336,62,72,6387.0,63976.0,14112,56251,0.09983431286732525,0.11354464809514497
56454.png,DRIP,336,336,62,72,8342.0,62021.0,14112,56251,0.134502829686719,0.1482995857851416
56454.png,Fixed,336,336,62,72,6387.0,63976.0,14112,56251,0.09983431286732525,0.11354464809514497
56455.png,DRIP,336,336,62,72,8342.0,62021.0,14112,56251,0.134502829686719,0.1482995857851416
56455.png,Fixed,336,336,62,72,6387.0,63976.0,14112,56251,0.09983431286732525,0.11354464809514497
56456.png,DRIP,336,336,62,72,8342.0,62021.0,14112,56251,0.134502829686719,0.1482995857851416
56456.png,Fixed,336,336,62,72,6387.0,63976.0,14112,56251,0.09983431286732525,0.11354464809514497
56457.png,DRIP,336,336,62,72,8342.0,62021.0,14112,56251,0.134502829686719,0.1482995857851416
56457.png,Fixed,336,336,62,72,6387.0,63976.0,14112,56251,0.09983431286732525,0.11354464809514497
56458.png,DRIP,336,336,62,72,8342.0,62021.0,14112,56251,0.134502829686719,0.1482995857851416
56458.png,Fixed,336,336,62,72,6387.0,63976.0,14112,56251,0.09983431286732525,0.11354464809514497
56459.png,DRIP,336,336,62,72,8342.0,62021.0,14112,56251,0.134502829686719,0.1482995857851416
56459.png,Fixed,336,336,62,72,6387.0,63976.0,14112,56251,0.09983431286732525,0.11354464809514497
5646.png,DRIP,336,336,22,73,7157.0,58253.0,14308,51102,0.12286062520385216,0.1400532268795742
5646.png,Fixed,336,336,22,72,6045.0,59169.0,14112,51102,0.10216498504284338,0.11829282611248092
56460.png,DRIP,336,336,33,72,4405.0,34853.0,14112,25146,0.12638797234097496,0.1751769665155492
56460.png,Fixed,336,336,33,72,2821.0,36437.0,14112,25146,0.07742130252216153,0.11218484053129722
56461.png,DRIP,336,336,33,72,4405.0,34853.0,14112,25146,0.12638797234097496,0.1751769665155492
56461.png,Fixed,336,336,33,72,2821.0,36437.0,14112,25146,0.07742130252216153,0.11218484053129722
56462.png,DRIP,336,336,33,72,4405.0,34853.0,14112,25146,0.12638797234097496,0.1751769665155492
56462.png,Fixed,336,336,33,72,2821.0,36437.0,14112,25146,0.07742130252216153,0.11218484053129722
56464.png,DRIP,336,336,33,72,4405.0,34853.0,14112,25146,0.12638797234097496,0.1751769665155492
56464.png,Fixed,336,336,33,72,2821.0,36437.0,14112,25146,0.07742130252216153,0.11218484053129722
56465.png,DRIP,336,336,33,72,4405.0,34853.0,14112,25146,0.12638797234097496,0.1751769665155492
56465.png,Fixed,336,336,33,72,2821.0,36437.0,14112,25146,0.07742130252216153,0.11218484053129722
56467.png,DRIP,336,336,17,73,4428.0,26843.0,14308,16963,0.16495920724211155,0.26103873135648176
56467.png,Fixed,336,336,17,72,1919.0,29156.0,14112,16963,0.06581835642749348,0.1131285739550787
56468.png,DRIP,336,336,17,73,4428.0,26843.0,14308,16963,0.16495920724211155,0.26103873135648176
56468.png,Fixed,336,336,17,72,1919.0,29156.0,14112,16963,0.06581835642749348,0.1131285739550787
56469.png,DRIP,336,336,17,73,4428.0,26843.0,14308,16963,0.16495920724211155,0.26103873135648176
56469.png,Fixed,336,336,17,72,1919.0,29156.0,14112,16963,0.06581835642749348,0.1131285739550787
5647.png,DRIP,336,336,15,73,2282.0,21244.0,14308,9218,0.10741856524195068,0.24755912345411152
5647.png,Fixed,336,336,15,72,2149.0,21181.0,14112,9218,0.10145885463386997,0.2331308309828596
56470.png,DRIP,336,336,17,73,4428.0,26843.0,14308,16963,0.16495920724211155,0.26103873135648176
56470.png,Fixed,336,336,17,72,1919.0,29156.0,14112,16963,0.06581835642749348,0.1131285739550787
56471.png,DRIP,336,336,17,73,4428.0,26843.0,14308,16963,0.16495920724211155,0.26103873135648176
56471.png,Fixed,336,336,17,72,1919.0,29156.0,14112,16963,0.06581835642749348,0.1131285739550787
56472.png,DRIP,336,336,17,73,4428.0,26843.0,14308,16963,0.16495920724211155,0.26103873135648176
56472.png,Fixed,336,336,17,72,1919.0,29156.0,14112,16963,0.06581835642749348,0.1131285739550787
56473.png,DRIP,336,336,17,73,4428.0,26843.0,14308,16963,0.16495920724211155,0.26103873135648176
56473.png,Fixed,336,336,17,72,1919.0,29156.0,14112,16963,0.06581835642749348,0.1131285739550787
5648.png,DRIP,336,336,22,73,7157.0,58253.0,14308,51102,0.12286062520385216,0.1400532268795742
5648.png,Fixed,336,336,22,72,6045.0,59169.0,14112,51102,0.10216498504284338,0.11829282611248092
5650.png,DRIP,336,336,15,73,2282.0,21244.0,14308,9218,0.10741856524195068,0.24755912345411152
5650.png,Fixed,336,336,15,72,2149.0,21181.0,14112,9218,0.10145885463386997,0.2331308309828596
56502.png,DRIP,336,336,21,73,8726.0,47689.0,14308,42107,0.1829772064836755,0.2072339515994965
56502.png,Fixed,336,336,21,72,5011.0,51208.0,14112,42107,0.09785580378065928,0.11900634098843423
56503.png,DRIP,336,336,21,73,8726.0,47689.0,14308,42107,0.1829772064836755,0.2072339515994965
56503.png,Fixed,336,336,21,72,5011.0,51208.0,14112,42107,0.09785580378065928,0.11900634098843423
56504.png,DRIP,336,336,21,73,8726.0,47689.0,14308,42107,0.1829772064836755,0.2072339515994965
56504.png,Fixed,336,336,21,72,5011.0,51208.0,14112,42107,0.09785580378065928,0.11900634098843423
56505.png,DRIP,336,336,21,73,8726.0,47689.0,14308,42107,0.1829772064836755,0.2072339515994965
56505.png,Fixed,336,336,21,72,5011.0,51208.0,14112,42107,0.09785580378065928,0.11900634098843423
56506.png,DRIP,336,336,21,73,8726.0,47689.0,14308,42107,0.1829772064836755,0.2072339515994965
56506.png,Fixed,336,336,21,72,5011.0,51208.0,14112,42107,0.09785580378065928,0.11900634098843423
56507.png,DRIP,336,336,21,73,8726.0,47689.0,14308,42107,0.1829772064836755,0.2072339515994965
56507.png,Fixed,336,336,21,72,5011.0,51208.0,14112,42107,0.09785580378065928,0.11900634098843423
5651.png,DRIP,336,336,22,73,7157.0,58253.0,14308,51102,0.12286062520385216,0.1400532268795742
5651.png,Fixed,336,336,22,72,6045.0,59169.0,14112,51102,0.10216498504284338,0.11829282611248092
56515.png,DRIP,336,336,17,73,3482.0,19739.0,14308,8913,0.17640204670955975,0.3906653203186357
56515.png,Fixed,336,336,17,72,1183.0,21842.0,14112,8913,0.05416170680340628,0.13272747671939863
56516.png,DRIP,336,336,17,73,3482.0,19739.0,14308,8913,0.17640204670955975,0.3906653203186357
56516.png,Fixed,336,336,17,72,1183.0,21842.0,14112,8913,0.05416170680340628,0.13272747671939863
56517.png,DRIP,336,336,17,73,3482.0,19739.0,14308,8913,0.17640204670955975,0.3906653203186357
56517.png,Fixed,336,336,17,72,1183.0,21842.0,14112,8913,0.05416170680340628,0.13272747671939863
56518.png,DRIP,336,336,17,73,3482.0,19739.0,14308,8913,0.17640204670955975,0.3906653203186357
56518.png,Fixed,336,336,17,72,1183.0,21842.0,14112,8913,0.05416170680340628,0.13272747671939863
56520.png,DRIP,336,336,31,73,2987.0,23736.0,14308,12415,0.12584260195483654,0.24059605316149818
56520.png,Fixed,336,336,31,72,1339.0,25188.0,14112,12415,0.05316023503255519,0.10785340314136126
56521.png,DRIP,336,336,31,73,2987.0,23736.0,14308,12415,0.12584260195483654,0.24059605316149818
56521.png,Fixed,336,336,31,72,1339.0,25188.0,14112,12415,0.05316023503255519,0.10785340314136126
56522.png,DRIP,336,336,31,73,2987.0,23736.0,14308,12415,0.12584260195483654,0.24059605316149818
56522.png,Fixed,336,336,31,72,1339.0,25188.0,14112,12415,0.05316023503255519,0.10785340314136126
56523.png,DRIP,336,336,31,73,2987.0,23736.0,14308,12415,0.12584260195483654,0.24059605316149818
56523.png,Fixed,336,336,31,72,1339.0,25188.0,14112,12415,0.05316023503255519,0.10785340314136126
56524.png,DRIP,336,336,31,73,2987.0,23736.0,14308,12415,0.12584260195483654,0.24059605316149818
56524.png,Fixed,336,336,31,72,1339.0,25188.0,14112,12415,0.05316023503255519,0.10785340314136126
56525.png,DRIP,336,336,31,73,2987.0,23736.0,14308,12415,0.12584260195483654,0.24059605316149818
56525.png,Fixed,336,336,31,72,1339.0,25188.0,14112,12415,0.05316023503255519,0.10785340314136126
56527.png,DRIP,336,336,23,73,2184.0,22252.0,14308,10128,0.09814848103541254,0.2156398104265403
56527.png,Fixed,336,336,23,72,1264.0,22976.0,14112,10128,0.05501392757660167,0.12480252764612954
56528.png,DRIP,336,336,23,73,2184.0,22252.0,14308,10128,0.09814848103541254,0.2156398104265403
56528.png,Fixed,336,336,23,72,1264.0,22976.0,14112,10128,0.05501392757660167,0.12480252764612954
56529.png,DRIP,336,336,23,73,2184.0,22252.0,14308,10128,0.09814848103541254,0.2156398104265403
56529.png,Fixed,336,336,23,72,1264.0,22976.0,14112,10128,0.05501392757660167,0.12480252764612954
56530.png,DRIP,336,336,23,73,2184.0,22252.0,14308,10128,0.09814848103541254,0.2156398104265403
56530.png,Fixed,336,336,23,72,1264.0,22976.0,14112,10128,0.05501392757660167,0.12480252764612954
5654.png,DRIP,336,336,15,73,2282.0,21244.0,14308,9218,0.10741856524195068,0.24755912345411152
5654.png,Fixed,336,336,15,72,2149.0,21181.0,14112,9218,0.10145885463386997,0.2331308309828596
56541.png,DRIP,336,336,37,73,5057.0,25850.0,14308,16599,0.19562862669245648,0.3046569070425929
56541.png,Fixed,336,336,37,72,2327.0,28384.0,14112,16599,0.08198280721533258,0.14018916802217002
56542.png,DRIP,336,336,37,73,5057.0,25850.0,14308,16599,0.19562862669245648,0.3046569070425929
56542.png,Fixed,336,336,37,72,2327.0,28384.0,14112,16599,0.08198280721533258,0.14018916802217002
56547.png,DRIP,336,336,37,73,5057.0,25850.0,14308,16599,0.19562862669245648,0.3046569070425929
56547.png,Fixed,336,336,37,72,2327.0,28384.0,14112,16599,0.08198280721533258,0.14018916802217002
56552.png,DRIP,336,336,37,73,5057.0,25850.0,14308,16599,0.19562862669245648,0.3046569070425929
56552.png,Fixed,336,336,37,72,2327.0,28384.0,14112,16599,0.08198280721533258,0.14018916802217002
56553.png,DRIP,336,336,37,73,5057.0,25850.0,14308,16599,0.19562862669245648,0.3046569070425929
56553.png,Fixed,336,336,37,72,2327.0,28384.0,14112,16599,0.08198280721533258,0.14018916802217002
56555.png,DRIP,336,336,37,73,5057.0,25850.0,14308,16599,0.19562862669245648,0.3046569070425929
56555.png,Fixed,336,336,37,72,2327.0,28384.0,14112,16599,0.08198280721533258,0.14018916802217002
56556.png,DRIP,336,336,37,73,5057.0,25850.0,14308,16599,0.19562862669245648,0.3046569070425929
56556.png,Fixed,336,336,37,72,2327.0,28384.0,14112,16599,0.08198280721533258,0.14018916802217002
56557.png,DRIP,336,336,54,73,7201.0,67534.0,14308,60427,0.10662777267746616,0.11916858358018767
56557.png,Fixed,336,336,54,72,7851.0,66688.0,14112,60427,0.1177273272552783,0.12992536448938388
56558.png,DRIP,336,336,54,73,7201.0,67534.0,14308,60427,0.10662777267746616,0.11916858358018767
56558.png,Fixed,336,336,54,72,7851.0,66688.0,14112,60427,0.1177273272552783,0.12992536448938388
56559.png,DRIP,336,336,54,73,7201.0,67534.0,14308,60427,0.10662777267746616,0.11916858358018767
56559.png,Fixed,336,336,54,72,7851.0,66688.0,14112,60427,0.1177273272552783,0.12992536448938388
56560.png,DRIP,336,336,54,73,7201.0,67534.0,14308,60427,0.10662777267746616,0.11916858358018767
56560.png,Fixed,336,336,54,72,7851.0,66688.0,14112,60427,0.1177273272552783,0.12992536448938388
5657.png,DRIP,336,336,15,73,2282.0,21244.0,14308,9218,0.10741856524195068,0.24755912345411152
5657.png,Fixed,336,336,15,72,2149.0,21181.0,14112,9218,0.10145885463386997,0.2331308309828596
56574.png,DRIP,336,336,16,72,2402.0,30234.0,14112,18524,0.0794469802209433,0.12966961779313324
56574.png,Fixed,336,336,16,72,2691.0,29945.0,14112,18524,0.0898647520454166,0.1452709997840639
56575.png,DRIP,336,336,16,72,2402.0,30234.0,14112,18524,0.0794469802209433,0.12966961779313324
56575.png,Fixed,336,336,16,72,2691.0,29945.0,14112,18524,0.0898647520454166,0.1452709997840639
56576.png,DRIP,336,336,16,72,2402.0,30234.0,14112,18524,0.0794469802209433,0.12966961779313324
56576.png,Fixed,336,336,16,72,2691.0,29945.0,14112,18524,0.0898647520454166,0.1452709997840639
56577.png,DRIP,336,336,16,72,2402.0,30234.0,14112,18524,0.0794469802209433,0.12966961779313324
56577.png,Fixed,336,336,16,72,2691.0,29945.0,14112,18524,0.0898647520454166,0.1452709997840639
56578.png,DRIP,336,336,25,73,6699.0,35344.0,14308,27735,0.18953712086917157,0.2415359653866955
56578.png,Fixed,336,336,25,72,4048.0,37799.0,14112,27735,0.10709278023228128,0.14595276726158285
56579.png,DRIP,336,336,25,73,6699.0,35344.0,14308,27735,0.18953712086917157,0.2415359653866955
56579.png,Fixed,336,336,25,72,4048.0,37799.0,14112,27735,0.10709278023228128,0.14595276726158285
56580.png,DRIP,336,336,25,73,6699.0,35344.0,14308,27735,0.18953712086917157,0.2415359653866955
56580.png,Fixed,336,336,25,72,4048.0,37799.0,14112,27735,0.10709278023228128,0.14595276726158285
5660.png,DRIP,336,336,15,73,2282.0,21244.0,14308,9218,0.10741856524195068,0.24755912345411152
5660.png,Fixed,336,336,15,72,2149.0,21181.0,14112,9218,0.10145885463386997,0.2331308309828596
56601.png,DRIP,336,336,28,72,3537.0,31326.0,14112,20751,0.11290940432867266,0.17044961688593321
56601.png,Fixed,336,336,28,72,2137.0,32726.0,14112,20751,0.06529976165739779,0.10298298877162547
56602.png,DRIP,336,336,28,72,3537.0,31326.0,14112,20751,0.11290940432867266,0.17044961688593321
56602.png,Fixed,336,336,28,72,2137.0,32726.0,14112,20751,0.06529976165739779,0.10298298877162547
56603.png,DRIP,336,336,28,72,3537.0,31326.0,14112,20751,0.11290940432867266,0.17044961688593321
56603.png,Fixed,336,336,28,72,2137.0,32726.0,14112,20751,0.06529976165739779,0.10298298877162547
56604.png,DRIP,336,336,28,72,3537.0,31326.0,14112,20751,0.11290940432867266,0.17044961688593321
56604.png,Fixed,336,336,28,72,2137.0,32726.0,14112,20751,0.06529976165739779,0.10298298877162547
56605.png,DRIP,336,336,28,72,3537.0,31326.0,14112,20751,0.11290940432867266,0.17044961688593321
56605.png,Fixed,336,336,28,72,2137.0,32726.0,14112,20751,0.06529976165739779,0.10298298877162547
56606.png,DRIP,336,336,28,72,3537.0,31326.0,14112,20751,0.11290940432867266,0.17044961688593321
56606.png,Fixed,336,336,28,72,2137.0,32726.0,14112,20751,0.06529976165739779,0.10298298877162547
56615.png,DRIP,336,336,67,73,7299.0,76346.0,14308,69337,0.09560422288004611,0.10526847137891746
56615.png,Fixed,336,336,67,72,8603.0,74846.0,14112,69337,0.11494268230767175,0.12407516910163405
56616.png,DRIP,336,336,67,73,7299.0,76346.0,14308,69337,0.09560422288004611,0.10526847137891746
56616.png,Fixed,336,336,67,72,8603.0,74846.0,14112,69337,0.11494268230767175,0.12407516910163405
56618.png,DRIP,336,336,14,73,3618.0,20641.0,14308,9951,0.17528220531950972,0.3635815495930057
56618.png,Fixed,336,336,14,72,1311.0,22752.0,14112,9951,0.057621308016877634,0.13174555321073259
56619.png,DRIP,336,336,14,73,3618.0,20641.0,14308,9951,0.17528220531950972,0.3635815495930057
56619.png,Fixed,336,336,14,72,1311.0,22752.0,14112,9951,0.057621308016877634,0.13174555321073259
5662.png,DRIP,336,336,22,73,7157.0,58253.0,14308,51102,0.12286062520385216,0.1400532268795742
5662.png,Fixed,336,336,22,72,6045.0,59169.0,14112,51102,0.10216498504284338,0.11829282611248092
5663.png,DRIP,336,336,22,73,7157.0,58253.0,14308,51102,0.12286062520385216,0.1400532268795742
5663.png,Fixed,336,336,22,72,6045.0,59169.0,14112,51102,0.10216498504284338,0.11829282611248092
56639.png,DRIP,336,336,34,72,2359.0,25658.0,14112,13905,0.0919401356302128,0.16965120460266092
56639.png,Fixed,336,336,34,72,2337.0,25680.0,14112,13905,0.09100467289719626,0.16806903991370012
56640.png,DRIP,336,336,34,72,2359.0,25658.0,14112,13905,0.0919401356302128,0.16965120460266092
56640.png,Fixed,336,336,34,72,2337.0,25680.0,14112,13905,0.09100467289719626,0.16806903991370012
56641.png,DRIP,336,336,50,73,6437.0,47930.0,14308,40059,0.13430002086375964,0.16068798522179784
56641.png,Fixed,336,336,50,72,5774.0,48397.0,14112,40059,0.11930491559394177,0.14413739733892508
56642.png,DRIP,336,336,50,73,6437.0,47930.0,14308,40059,0.13430002086375964,0.16068798522179784
56642.png,Fixed,336,336,50,72,5774.0,48397.0,14112,40059,0.11930491559394177,0.14413739733892508
56643.png,DRIP,336,336,50,73,6437.0,47930.0,14308,40059,0.13430002086375964,0.16068798522179784
56643.png,Fixed,336,336,50,72,5774.0,48397.0,14112,40059,0.11930491559394177,0.14413739733892508
56648.png,DRIP,336,336,70,73,6595.0,45621.0,14308,37908,0.14456061901317377,0.17397383138123879
56648.png,Fixed,336,336,70,72,5266.0,46754.0,14112,37908,0.1126320742610258,0.13891526854489816
5666.png,DRIP,336,336,31,72,5779.0,39586.0,14112,31253,0.1459859546304249,0.18491024861613284
5666.png,Fixed,336,336,31,72,3544.0,41821.0,14112,31253,0.08474211520527965,0.1133971138770678
5667.png,DRIP,336,336,31,72,5779.0,39586.0,14112,31253,0.1459859546304249,0.18491024861613284
5667.png,Fixed,336,336,31,72,3544.0,41821.0,14112,31253,0.08474211520527965,0.1133971138770678
5668.png,DRIP,336,336,21,73,4006.0,25734.0,14308,15432,0.15566954223983834,0.2595904613789528
5668.png,Fixed,336,336,21,72,1971.0,27573.0,14112,15432,0.07148297247307148,0.12772161741835147
56686.png,DRIP,336,336,20,73,4836.0,27112.0,14308,17640,0.17837120094423134,0.27414965986394557
56686.png,Fixed,336,336,20,72,2412.0,29340.0,14112,17640,0.08220858895705521,0.13673469387755102
56687.png,DRIP,336,336,20,73,4836.0,27112.0,14308,17640,0.17837120094423134,0.27414965986394557
56687.png,Fixed,336,336,20,72,2412.0,29340.0,14112,17640,0.08220858895705521,0.13673469387755102
56688.png,DRIP,336,336,20,73,4836.0,27112.0,14308,17640,0.17837120094423134,0.27414965986394557
56688.png,Fixed,336,336,20,72,2412.0,29340.0,14112,17640,0.08220858895705521,0.13673469387755102
56689.png,DRIP,336,336,20,73,4836.0,27112.0,14308,17640,0.17837120094423134,0.27414965986394557
56689.png,Fixed,336,336,20,72,2412.0,29340.0,14112,17640,0.08220858895705521,0.13673469387755102
5669.png,DRIP,336,336,31,72,5779.0,39586.0,14112,31253,0.1459859546304249,0.18491024861613284
5669.png,Fixed,336,336,31,72,3544.0,41821.0,14112,31253,0.08474211520527965,0.1133971138770678
5670.png,DRIP,336,336,21,73,4006.0,25734.0,14308,15432,0.15566954223983834,0.2595904613789528
5670.png,Fixed,336,336,21,72,1971.0,27573.0,14112,15432,0.07148297247307148,0.12772161741835147
5671.png,DRIP,336,336,31,72,5779.0,39586.0,14112,31253,0.1459859546304249,0.18491024861613284
5671.png,Fixed,336,336,31,72,3544.0,41821.0,14112,31253,0.08474211520527965,0.1133971138770678
5673.png,DRIP,336,336,31,72,5779.0,39586.0,14112,31253,0.1459859546304249,0.18491024861613284
5673.png,Fixed,336,336,31,72,3544.0,41821.0,14112,31253,0.08474211520527965,0.1133971138770678
5675.png,DRIP,336,336,21,73,4006.0,25734.0,14308,15432,0.15566954223983834,0.2595904613789528
5675.png,Fixed,336,336,21,72,1971.0,27573.0,14112,15432,0.07148297247307148,0.12772161741835147
5676.png,DRIP,336,336,21,73,4006.0,25734.0,14308,15432,0.15566954223983834,0.2595904613789528
5676.png,Fixed,336,336,21,72,1971.0,27573.0,14112,15432,0.07148297247307148,0.12772161741835147
56775.png,DRIP,336,336,2,73,556.0,14599.0,14308,847,0.03808480032878964,0.6564344746162928
56775.png,Fixed,336,336,2,72,82.0,14877.0,14112,847,0.005511863951065403,0.09681227863046045
56776.png,DRIP,336,336,2,73,556.0,14599.0,14308,847,0.03808480032878964,0.6564344746162928
56776.png,Fixed,336,336,2,72,82.0,14877.0,14112,847,0.005511863951065403,0.09681227863046045
56777.png,DRIP,336,336,2,73,556.0,14599.0,14308,847,0.03808480032878964,0.6564344746162928
56777.png,Fixed,336,336,2,72,82.0,14877.0,14112,847,0.005511863951065403,0.09681227863046045
56778.png,DRIP,336,336,60,73,6069.0,46216.0,14308,37977,0.13131815821360568,0.1598072517576428
56778.png,Fixed,336,336,60,72,4760.0,47329.0,14112,37977,0.10057258763126202,0.1253390209863865
56779.png,DRIP,336,336,60,73,6069.0,46216.0,14308,37977,0.13131815821360568,0.1598072517576428
56779.png,Fixed,336,336,60,72,4760.0,47329.0,14112,37977,0.10057258763126202,0.1253390209863865
56780.png,DRIP,336,336,60,73,6069.0,46216.0,14308,37977,0.13131815821360568,0.1598072517576428
56780.png,Fixed,336,336,60,72,4760.0,47329.0,14112,37977,0.10057258763126202,0.1253390209863865
56781.png,DRIP,336,336,60,73,6069.0,46216.0,14308,37977,0.13131815821360568,0.1598072517576428
56781.png,Fixed,336,336,60,72,4760.0,47329.0,14112,37977,0.10057258763126202,0.1253390209863865
56784.png,DRIP,336,336,3,73,1382.0,15755.0,14308,2829,0.08771818470326881,0.48851184164015554
56784.png,Fixed,336,336,3,72,336.0,16605.0,14112,2829,0.02023486901535682,0.11876988335100742
56785.png,DRIP,336,336,2,73,5275.0,18438.0,14308,9405,0.2860939364356221,0.5608718766613503
56785.png,Fixed,336,336,2,72,1428.0,22089.0,14112,9405,0.06464756213499932,0.1518341307814992
56787.png,DRIP,336,336,3,73,1382.0,15755.0,14308,2829,0.08771818470326881,0.48851184164015554
56787.png,Fixed,336,336,3,72,336.0,16605.0,14112,2829,0.02023486901535682,0.11876988335100742
56788.png,DRIP,336,336,3,73,1382.0,15755.0,14308,2829,0.08771818470326881,0.48851184164015554
56788.png,Fixed,336,336,3,72,336.0,16605.0,14112,2829,0.02023486901535682,0.11876988335100742
56797.png,DRIP,336,336,3,73,1382.0,15755.0,14308,2829,0.08771818470326881,0.48851184164015554
56797.png,Fixed,336,336,3,72,336.0,16605.0,14112,2829,0.02023486901535682,0.11876988335100742
56798.png,DRIP,336,336,3,73,1382.0,15755.0,14308,2829,0.08771818470326881,0.48851184164015554
56798.png,Fixed,336,336,3,72,336.0,16605.0,14112,2829,0.02023486901535682,0.11876988335100742
56799.png,DRIP,336,336,3,73,1382.0,15755.0,14308,2829,0.08771818470326881,0.48851184164015554
56799.png,Fixed,336,336,3,72,336.0,16605.0,14112,2829,0.02023486901535682,0.11876988335100742
56800.png,DRIP,336,336,3,73,1382.0,15755.0,14308,2829,0.08771818470326881,0.48851184164015554
56800.png,Fixed,336,336,3,72,336.0,16605.0,14112,2829,0.02023486901535682,0.11876988335100742
56804.png,DRIP,336,336,45,72,7277.0,47761.0,14112,40926,0.1523628064739013,0.1778087279480037
56804.png,Fixed,336,336,45,72,5272.0,49766.0,14112,40926,0.10593577944781578,0.128817866393002
56805.png,DRIP,336,336,3,73,1382.0,15755.0,14308,2829,0.08771818470326881,0.48851184164015554
56805.png,Fixed,336,336,3,72,336.0,16605.0,14112,2829,0.02023486901535682,0.11876988335100742
56806.png,DRIP,336,336,45,72,7277.0,47761.0,14112,40926,0.1523628064739013,0.1778087279480037
56806.png,Fixed,336,336,45,72,5272.0,49766.0,14112,40926,0.10593577944781578,0.128817866393002
56807.png,DRIP,336,336,45,72,7277.0,47761.0,14112,40926,0.1523628064739013,0.1778087279480037
56807.png,Fixed,336,336,45,72,5272.0,49766.0,14112,40926,0.10593577944781578,0.128817866393002
56808.png,DRIP,336,336,45,72,7277.0,47761.0,14112,40926,0.1523628064739013,0.1778087279480037
56808.png,Fixed,336,336,45,72,5272.0,49766.0,14112,40926,0.10593577944781578,0.128817866393002
56809.png,DRIP,336,336,21,72,4469.0,29543.0,14112,19900,0.15127102867007414,0.22457286432160803
56809.png,Fixed,336,336,21,72,2258.0,31754.0,14112,19900,0.07110915160294766,0.11346733668341709
56810.png,DRIP,336,336,45,72,7277.0,47761.0,14112,40926,0.1523628064739013,0.1778087279480037
56810.png,Fixed,336,336,45,72,5272.0,49766.0,14112,40926,0.10593577944781578,0.128817866393002
56811.png,DRIP,336,336,45,72,7277.0,47761.0,14112,40926,0.1523628064739013,0.1778087279480037
56811.png,Fixed,336,336,45,72,5272.0,49766.0,14112,40926,0.10593577944781578,0.128817866393002
56812.png,DRIP,336,336,21,72,4469.0,29543.0,14112,19900,0.15127102867007414,0.22457286432160803
56812.png,Fixed,336,336,21,72,2258.0,31754.0,14112,19900,0.07110915160294766,0.11346733668341709
56813.png,DRIP,336,336,22,72,2996.0,35383.0,14112,24267,0.08467343074357743,0.12345984258457988
56813.png,Fixed,336,336,22,72,3501.0,34878.0,14112,24267,0.10037846206777912,0.14426999629125972
56815.png,DRIP,336,336,22,72,2996.0,35383.0,14112,24267,0.08467343074357743,0.12345984258457988
56815.png,Fixed,336,336,22,72,3501.0,34878.0,14112,24267,0.10037846206777912,0.14426999629125972
56816.png,DRIP,336,336,14,73,1244.0,21064.0,14308,8000,0.059058108621344474,0.1555
56816.png,Fixed,336,336,14,72,791.0,21321.0,14112,8000,0.037099573190750905,0.098875
56817.png,DRIP,336,336,14,73,1244.0,21064.0,14308,8000,0.059058108621344474,0.1555
56817.png,Fixed,336,336,14,72,791.0,21321.0,14112,8000,0.037099573190750905,0.098875
56818.png,DRIP,336,336,22,72,2996.0,35383.0,14112,24267,0.08467343074357743,0.12345984258457988
56818.png,Fixed,336,336,22,72,3501.0,34878.0,14112,24267,0.10037846206777912,0.14426999629125972
56819.png,DRIP,336,336,22,72,2996.0,35383.0,14112,24267,0.08467343074357743,0.12345984258457988
56819.png,Fixed,336,336,22,72,3501.0,34878.0,14112,24267,0.10037846206777912,0.14426999629125972
56820.png,DRIP,336,336,14,73,1244.0,21064.0,14308,8000,0.059058108621344474,0.1555
56820.png,Fixed,336,336,14,72,791.0,21321.0,14112,8000,0.037099573190750905,0.098875
56821.png,DRIP,336,336,22,72,2996.0,35383.0,14112,24267,0.08467343074357743,0.12345984258457988
56821.png,Fixed,336,336,22,72,3501.0,34878.0,14112,24267,0.10037846206777912,0.14426999629125972
56822.png,DRIP,336,336,22,72,2996.0,35383.0,14112,24267,0.08467343074357743,0.12345984258457988
56822.png,Fixed,336,336,22,72,3501.0,34878.0,14112,24267,0.10037846206777912,0.14426999629125972
56824.png,DRIP,336,336,22,72,2996.0,35383.0,14112,24267,0.08467343074357743,0.12345984258457988
56824.png,Fixed,336,336,22,72,3501.0,34878.0,14112,24267,0.10037846206777912,0.14426999629125972
56825.png,DRIP,336,336,22,72,2996.0,35383.0,14112,24267,0.08467343074357743,0.12345984258457988
56825.png,Fixed,336,336,22,72,3501.0,34878.0,14112,24267,0.10037846206777912,0.14426999629125972
56833.png,DRIP,336,336,16,73,4470.0,35451.0,14308,25613,0.1260895320301261,0.17452075118104088
56833.png,Fixed,336,336,16,72,3082.0,36643.0,14112,25613,0.08410883388368856,0.12032952016554094
56839.png,DRIP,336,336,26,72,4132.0,34446.0,14112,24466,0.11995587296057597,0.1688874356249489
56839.png,Fixed,336,336,26,72,3081.0,35497.0,14112,24466,0.0867960672732907,0.1259298618490967
56842.png,DRIP,336,336,26,72,4132.0,34446.0,14112,24466,0.11995587296057597,0.1688874356249489
56842.png,Fixed,336,336,26,72,3081.0,35497.0,14112,24466,0.0867960672732907,0.1259298618490967
56845.png,DRIP,336,336,16,73,4470.0,35451.0,14308,25613,0.1260895320301261,0.17452075118104088
56845.png,Fixed,336,336,16,72,3082.0,36643.0,14112,25613,0.08410883388368856,0.12032952016554094
56847.png,DRIP,336,336,63,72,5284.0,53131.0,14112,44303,0.09945229715232162,0.1192695754237862
56847.png,Fixed,336,336,63,72,5459.0,52956.0,14112,44303,0.10308558048190951,0.12321964652506602
56848.png,DRIP,336,336,63,72,5284.0,53131.0,14112,44303,0.09945229715232162,0.1192695754237862
56848.png,Fixed,336,336,63,72,5459.0,52956.0,14112,44303,0.10308558048190951,0.12321964652506602
56849.png,DRIP,336,336,63,72,5284.0,53131.0,14112,44303,0.09945229715232162,0.1192695754237862
56849.png,Fixed,336,336,63,72,5459.0,52956.0,14112,44303,0.10308558048190951,0.12321964652506602
56850.png,DRIP,336,336,16,73,4470.0,35451.0,14308,25613,0.1260895320301261,0.17452075118104088
56850.png,Fixed,336,336,16,72,3082.0,36643.0,14112,25613,0.08410883388368856,0.12032952016554094
56851.png,DRIP,336,336,21,72,2408.0,24761.0,14112,13057,0.09724970720084003,0.18442214903882975
56851.png,Fixed,336,336,21,72,1760.0,25409.0,14112,13057,0.0692667952300366,0.13479359730412804
56852.png,DRIP,336,336,21,72,2408.0,24761.0,14112,13057,0.09724970720084003,0.18442214903882975
56852.png,Fixed,336,336,21,72,1760.0,25409.0,14112,13057,0.0692667952300366,0.13479359730412804
56854.png,DRIP,336,336,21,72,2408.0,24761.0,14112,13057,0.09724970720084003,0.18442214903882975
56854.png,Fixed,336,336,21,72,1760.0,25409.0,14112,13057,0.0692667952300366,0.13479359730412804
56855.png,DRIP,336,336,21,72,2408.0,24761.0,14112,13057,0.09724970720084003,0.18442214903882975
56855.png,Fixed,336,336,21,72,1760.0,25409.0,14112,13057,0.0692667952300366,0.13479359730412804
56856.png,DRIP,336,336,21,72,2408.0,24761.0,14112,13057,0.09724970720084003,0.18442214903882975
56856.png,Fixed,336,336,21,72,1760.0,25409.0,14112,13057,0.0692667952300366,0.13479359730412804
56857.png,DRIP,336,336,62,72,3759.0,36951.0,14112,26598,0.10172931720386458,0.14132641551996392
56857.png,Fixed,336,336,62,72,3536.0,37174.0,14112,26598,0.09512024533275945,0.13294232649071358
56858.png,DRIP,336,336,62,72,3759.0,36951.0,14112,26598,0.10172931720386458,0.14132641551996392
56858.png,Fixed,336,336,62,72,3536.0,37174.0,14112,26598,0.09512024533275945,0.13294232649071358
56859.png,DRIP,336,336,62,72,3759.0,36951.0,14112,26598,0.10172931720386458,0.14132641551996392
56859.png,Fixed,336,336,62,72,3536.0,37174.0,14112,26598,0.09512024533275945,0.13294232649071358
56860.png,DRIP,336,336,62,72,3759.0,36951.0,14112,26598,0.10172931720386458,0.14132641551996392
56860.png,Fixed,336,336,62,72,3536.0,37174.0,14112,26598,0.09512024533275945,0.13294232649071358
56861.png,DRIP,336,336,16,73,4470.0,35451.0,14308,25613,0.1260895320301261,0.17452075118104088
56861.png,Fixed,336,336,16,72,3082.0,36643.0,14112,25613,0.08410883388368856,0.12032952016554094
56882.png,DRIP,336,336,79,73,5570.0,46260.0,14308,37522,0.12040639861651535,0.14844624486967645
56882.png,Fixed,336,336,79,72,4892.0,46742.0,14112,37522,0.10465962089769372,0.1303768455839241
56883.png,DRIP,336,336,79,73,5570.0,46260.0,14308,37522,0.12040639861651535,0.14844624486967645
56883.png,Fixed,336,336,79,72,4892.0,46742.0,14112,37522,0.10465962089769372,0.1303768455839241
56885.png,DRIP,336,336,79,73,5570.0,46260.0,14308,37522,0.12040639861651535,0.14844624486967645
56885.png,Fixed,336,336,79,72,4892.0,46742.0,14112,37522,0.10465962089769372,0.1303768455839241
56886.png,DRIP,336,336,79,73,5570.0,46260.0,14308,37522,0.12040639861651535,0.14844624486967645
56886.png,Fixed,336,336,79,72,4892.0,46742.0,14112,37522,0.10465962089769372,0.1303768455839241
56887.png,DRIP,336,336,33,72,6635.0,60648.0,14112,53171,0.10940179395858066,0.12478606759323692
56887.png,Fixed,336,336,33,72,5128.0,62155.0,14112,53171,0.0825034188721744,0.09644355005548137
56888.png,DRIP,336,336,33,72,6635.0,60648.0,14112,53171,0.10940179395858066,0.12478606759323692
56888.png,Fixed,336,336,33,72,5128.0,62155.0,14112,53171,0.0825034188721744,0.09644355005548137
56889.png,DRIP,336,336,33,72,6635.0,60648.0,14112,53171,0.10940179395858066,0.12478606759323692
56889.png,Fixed,336,336,33,72,5128.0,62155.0,14112,53171,0.0825034188721744,0.09644355005548137
56890.png,DRIP,336,336,33,72,6635.0,60648.0,14112,53171,0.10940179395858066,0.12478606759323692
56890.png,Fixed,336,336,33,72,5128.0,62155.0,14112,53171,0.0825034188721744,0.09644355005548137
56891.png,DRIP,336,336,33,72,6635.0,60648.0,14112,53171,0.10940179395858066,0.12478606759323692
56891.png,Fixed,336,336,33,72,5128.0,62155.0,14112,53171,0.0825034188721744,0.09644355005548137
56893.png,DRIP,336,336,33,72,6635.0,60648.0,14112,53171,0.10940179395858066,0.12478606759323692
56893.png,Fixed,336,336,33,72,5128.0,62155.0,14112,53171,0.0825034188721744,0.09644355005548137
56904.png,DRIP,336,336,20,72,4604.0,25281.0,14112,15773,0.18211304932558048,0.29189120649210676
56904.png,Fixed,336,336,20,72,1481.0,28404.0,14112,15773,0.0521405435854105,0.09389463006403348
56905.png,DRIP,336,336,20,72,4604.0,25281.0,14112,15773,0.18211304932558048,0.29189120649210676
56905.png,Fixed,336,336,20,72,1481.0,28404.0,14112,15773,0.0521405435854105,0.09389463006403348
56908.png,DRIP,336,336,20,72,4604.0,25281.0,14112,15773,0.18211304932558048,0.29189120649210676
56908.png,Fixed,336,336,20,72,1481.0,28404.0,14112,15773,0.0521405435854105,0.09389463006403348
56910.png,DRIP,336,336,16,73,4470.0,35451.0,14308,25613,0.1260895320301261,0.17452075118104088
56910.png,Fixed,336,336,16,72,3082.0,36643.0,14112,25613,0.08410883388368856,0.12032952016554094
56911.png,DRIP,336,336,20,72,4604.0,25281.0,14112,15773,0.18211304932558048,0.29189120649210676
56911.png,Fixed,336,336,20,72,1481.0,28404.0,14112,15773,0.0521405435854105,0.09389463006403348
56912.png,DRIP,336,336,20,72,4604.0,25281.0,14112,15773,0.18211304932558048,0.29189120649210676
56912.png,Fixed,336,336,20,72,1481.0,28404.0,14112,15773,0.0521405435854105,0.09389463006403348
56914.png,DRIP,336,336,12,73,1526.0,21512.0,14308,8730,0.07093715135738192,0.17479954180985108
56914.png,Fixed,336,336,12,72,1378.0,21464.0,14112,8730,0.0642005218039508,0.15784650630011454
56917.png,DRIP,336,336,12,73,1526.0,21512.0,14308,8730,0.07093715135738192,0.17479954180985108
56917.png,Fixed,336,336,12,72,1378.0,21464.0,14112,8730,0.0642005218039508,0.15784650630011454
56922.png,DRIP,336,336,12,73,1526.0,21512.0,14308,8730,0.07093715135738192,0.17479954180985108
56922.png,Fixed,336,336,12,72,1378.0,21464.0,14112,8730,0.0642005218039508,0.15784650630011454
56924.png,DRIP,336,336,12,73,1526.0,21512.0,14308,8730,0.07093715135738192,0.17479954180985108
56924.png,Fixed,336,336,12,72,1378.0,21464.0,14112,8730,0.0642005218039508,0.15784650630011454
56925.png,DRIP,336,336,12,73,1526.0,21512.0,14308,8730,0.07093715135738192,0.17479954180985108
56925.png,Fixed,336,336,12,72,1378.0,21464.0,14112,8730,0.0642005218039508,0.15784650630011454
56935.png,DRIP,336,336,51,73,5930.0,48399.0,14308,40021,0.12252319262794686,0.14817220958996527
56935.png,Fixed,336,336,51,72,5171.0,48962.0,14112,40021,0.10561251582860177,0.12920716623772519
56936.png,DRIP,336,336,51,73,5930.0,48399.0,14308,40021,0.12252319262794686,0.14817220958996527
56936.png,Fixed,336,336,51,72,5171.0,48962.0,14112,40021,0.10561251582860177,0.12920716623772519
56937.png,DRIP,336,336,51,73,5930.0,48399.0,14308,40021,0.12252319262794686,0.14817220958996527
56937.png,Fixed,336,336,51,72,5171.0,48962.0,14112,40021,0.10561251582860177,0.12920716623772519
5694.png,DRIP,336,336,22,73,6571.0,32431.0,14308,24694,0.20261478215287843,0.2660970276180449
5694.png,Fixed,336,336,22,72,2941.0,35865.0,14112,24694,0.08200195176355779,0.11909775654005021
56948.png,DRIP,336,336,5,73,1604.0,19542.0,14308,6838,0.08207962337529424,0.23457151213805205
56948.png,Fixed,336,336,5,72,1176.0,19774.0,14112,6838,0.05947203398401942,0.17198011114360925
56949.png,DRIP,336,336,9,72,1726.0,16524.0,14112,4138,0.10445412732994433,0.417109714838086
56949.png,Fixed,336,336,9,72,827.0,17423.0,14112,4138,0.04746599322734317,0.19985500241662638
56951.png,DRIP,336,336,9,72,1726.0,16524.0,14112,4138,0.10445412732994433,0.417109714838086
56951.png,Fixed,336,336,9,72,827.0,17423.0,14112,4138,0.04746599322734317,0.19985500241662638
56952.png,DRIP,336,336,9,72,1726.0,16524.0,14112,4138,0.10445412732994433,0.417109714838086
56952.png,Fixed,336,336,9,72,827.0,17423.0,14112,4138,0.04746599322734317,0.19985500241662638
56960.png,DRIP,336,336,43,73,4457.0,48241.0,14308,38390,0.09239029041686532,0.11609794217244074
56960.png,Fixed,336,336,43,72,5365.0,47137.0,14112,38390,0.11381717122430363,0.13974993487887472
56968.png,DRIP,336,336,24,73,1544.0,23824.0,14308,11060,0.06480859637340497,0.13960216998191682
56968.png,Fixed,336,336,24,72,822.0,24350.0,14112,11060,0.03375770020533881,0.07432188065099457
56970.png,DRIP,336,336,24,73,1544.0,23824.0,14308,11060,0.06480859637340497,0.13960216998191682
56970.png,Fixed,336,336,24,72,822.0,24350.0,14112,11060,0.03375770020533881,0.07432188065099457
56971.png,DRIP,336,336,24,73,1544.0,23824.0,14308,11060,0.06480859637340497,0.13960216998191682
56971.png,Fixed,336,336,24,72,822.0,24350.0,14112,11060,0.03375770020533881,0.07432188065099457
56972.png,DRIP,336,336,24,73,1544.0,23824.0,14308,11060,0.06480859637340497,0.13960216998191682
56972.png,Fixed,336,336,24,72,822.0,24350.0,14112,11060,0.03375770020533881,0.07432188065099457
56973.png,DRIP,336,336,24,73,1544.0,23824.0,14308,11060,0.06480859637340497,0.13960216998191682
56973.png,Fixed,336,336,24,72,822.0,24350.0,14112,11060,0.03375770020533881,0.07432188065099457
56974.png,DRIP,336,336,24,73,1544.0,23824.0,14308,11060,0.06480859637340497,0.13960216998191682
56974.png,Fixed,336,336,24,72,822.0,24350.0,14112,11060,0.03375770020533881,0.07432188065099457
56975.png,DRIP,336,336,24,73,1544.0,23824.0,14308,11060,0.06480859637340497,0.13960216998191682
56975.png,Fixed,336,336,24,72,822.0,24350.0,14112,11060,0.03375770020533881,0.07432188065099457
56977.png,DRIP,336,336,5,73,2517.0,17090.0,14308,5299,0.1472791105909889,0.4749952821287035
56977.png,Fixed,336,336,5,72,602.0,18809.0,14112,5299,0.032005954596203944,0.11360634081902246
5698.png,DRIP,336,336,22,73,6571.0,32431.0,14308,24694,0.20261478215287843,0.2660970276180449
5698.png,Fixed,336,336,22,72,2941.0,35865.0,14112,24694,0.08200195176355779,0.11909775654005021
56981.png,DRIP,336,336,27,73,4461.0,40169.0,14308,30322,0.1110557892902487,0.1471209023151507
56981.png,Fixed,336,336,27,72,4559.0,39875.0,14112,30322,0.11433228840125392,0.15035287909768486
56983.png,DRIP,336,336,31,73,6909.0,51958.0,14308,44559,0.13297278571153623,0.15505285127583654
56983.png,Fixed,336,336,31,72,5662.0,53009.0,14112,44559,0.10681205078382916,0.12706748356112121
56984.png,DRIP,336,336,31,73,6909.0,51958.0,14308,44559,0.13297278571153623,0.15505285127583654
56984.png,Fixed,336,336,31,72,5662.0,53009.0,14112,44559,0.10681205078382916,0.12706748356112121
56985.png,DRIP,336,336,31,73,6909.0,51958.0,14308,44559,0.13297278571153623,0.15505285127583654
56985.png,Fixed,336,336,31,72,5662.0,53009.0,14112,44559,0.10681205078382916,0.12706748356112121
5699.png,DRIP,336,336,17,73,6243.0,44611.0,14308,36546,0.13994306337002085,0.17082580857002133
5699.png,Fixed,336,336,17,72,4996.0,45662.0,14112,36546,0.10941264070780955,0.13670442729710502
5700.png,DRIP,336,336,22,73,6571.0,32431.0,14308,24694,0.20261478215287843,0.2660970276180449
5700.png,Fixed,336,336,22,72,2941.0,35865.0,14112,24694,0.08200195176355779,0.11909775654005021
5701.png,DRIP,336,336,22,73,6571.0,32431.0,14308,24694,0.20261478215287843,0.2660970276180449
5701.png,Fixed,336,336,22,72,2941.0,35865.0,14112,24694,0.08200195176355779,0.11909775654005021
57011.png,DRIP,336,336,2,73,1031.0,15980.0,14308,2703,0.06451814768460576,0.3814280429152793
57011.png,Fixed,336,336,2,72,288.0,16527.0,14112,2703,0.01742603013251044,0.10654827968923418
57028.png,DRIP,336,336,40,72,4678.0,42864.0,14112,33430,0.10913587159387832,0.13993419084654501
57028.png,Fixed,336,336,40,72,4315.0,43227.0,14112,33430,0.09982187059014042,0.12907568052647322
57029.png,DRIP,336,336,40,72,4678.0,42864.0,14112,33430,0.10913587159387832,0.13993419084654501
57029.png,Fixed,336,336,40,72,4315.0,43227.0,14112,33430,0.09982187059014042,0.12907568052647322
57031.png,DRIP,336,336,8,73,1262.0,19452.0,14308,6406,0.06487764754266913,0.19700280986575086
57031.png,Fixed,336,336,8,72,868.0,19650.0,14112,6406,0.04417302798982188,0.13549797065251326
5705.png,DRIP,336,336,17,73,6243.0,44611.0,14308,36546,0.13994306337002085,0.17082580857002133
5705.png,Fixed,336,336,17,72,4996.0,45662.0,14112,36546,0.10941264070780955,0.13670442729710502
57056.png,DRIP,336,336,14,73,4550.0,31288.0,14308,21530,0.1454231654308361,0.21133302368787737
57056.png,Fixed,336,336,14,72,2693.0,32949.0,14112,21530,0.08173237427539531,0.12508128193218765
57058.png,DRIP,336,336,14,73,4550.0,31288.0,14308,21530,0.1454231654308361,0.21133302368787737
57058.png,Fixed,336,336,14,72,2693.0,32949.0,14112,21530,0.08173237427539531,0.12508128193218765
57059.png,DRIP,336,336,14,73,4550.0,31288.0,14308,21530,0.1454231654308361,0.21133302368787737
57059.png,Fixed,336,336,14,72,2693.0,32949.0,14112,21530,0.08173237427539531,0.12508128193218765
57061.png,DRIP,336,336,14,73,4550.0,31288.0,14308,21530,0.1454231654308361,0.21133302368787737
57061.png,Fixed,336,336,14,72,2693.0,32949.0,14112,21530,0.08173237427539531,0.12508128193218765
57062.png,DRIP,336,336,14,73,4550.0,31288.0,14308,21530,0.1454231654308361,0.21133302368787737
57062.png,Fixed,336,336,14,72,2693.0,32949.0,14112,21530,0.08173237427539531,0.12508128193218765
57063.png,DRIP,336,336,14,73,4550.0,31288.0,14308,21530,0.1454231654308361,0.21133302368787737
57063.png,Fixed,336,336,14,72,2693.0,32949.0,14112,21530,0.08173237427539531,0.12508128193218765
57064.png,DRIP,336,336,14,73,4550.0,31288.0,14308,21530,0.1454231654308361,0.21133302368787737
57064.png,Fixed,336,336,14,72,2693.0,32949.0,14112,21530,0.08173237427539531,0.12508128193218765
57065.png,DRIP,336,336,17,73,8633.0,77635.0,14308,71960,0.11119984543054034,0.11996942745969984
57065.png,Fixed,336,336,17,72,9016.0,77056.0,14112,71960,0.11700581395348837,0.12529182879377432
57066.png,DRIP,336,336,17,73,8633.0,77635.0,14308,71960,0.11119984543054034,0.11996942745969984
57066.png,Fixed,336,336,17,72,9016.0,77056.0,14112,71960,0.11700581395348837,0.12529182879377432
57069.png,DRIP,336,336,17,73,8633.0,77635.0,14308,71960,0.11119984543054034,0.11996942745969984
57069.png,Fixed,336,336,17,72,9016.0,77056.0,14112,71960,0.11700581395348837,0.12529182879377432
57070.png,DRIP,336,336,17,73,8633.0,77635.0,14308,71960,0.11119984543054034,0.11996942745969984
57070.png,Fixed,336,336,17,72,9016.0,77056.0,14112,71960,0.11700581395348837,0.12529182879377432
5708.png,DRIP,336,336,17,73,6243.0,44611.0,14308,36546,0.13994306337002085,0.17082580857002133
5708.png,Fixed,336,336,17,72,4996.0,45662.0,14112,36546,0.10941264070780955,0.13670442729710502
57083.png,DRIP,336,336,18,73,2009.0,22040.0,14308,9741,0.0911524500907441,0.20624165896725183
57083.png,Fixed,336,336,18,72,1509.0,22344.0,14112,9741,0.06753490870032224,0.15491222667077303
57084.png,DRIP,336,336,18,73,2009.0,22040.0,14308,9741,0.0911524500907441,0.20624165896725183
57084.png,Fixed,336,336,18,72,1509.0,22344.0,14112,9741,0.06753490870032224,0.15491222667077303
57085.png,DRIP,336,336,18,73,2009.0,22040.0,14308,9741,0.0911524500907441,0.20624165896725183
57085.png,Fixed,336,336,18,72,1509.0,22344.0,14112,9741,0.06753490870032224,0.15491222667077303
57086.png,DRIP,336,336,18,73,2009.0,22040.0,14308,9741,0.0911524500907441,0.20624165896725183
57086.png,Fixed,336,336,18,72,1509.0,22344.0,14112,9741,0.06753490870032224,0.15491222667077303
57087.png,DRIP,336,336,18,73,2009.0,22040.0,14308,9741,0.0911524500907441,0.20624165896725183
57087.png,Fixed,336,336,18,72,1509.0,22344.0,14112,9741,0.06753490870032224,0.15491222667077303
57122.png,DRIP,336,336,20,73,4529.0,38061.0,14308,28282,0.1189931951341268,0.160137189731985
57122.png,Fixed,336,336,20,72,3656.0,38738.0,14112,28282,0.09437761371263359,0.12926950003535817
57123.png,DRIP,336,336,20,73,4529.0,38061.0,14308,28282,0.1189931951341268,0.160137189731985
57123.png,Fixed,336,336,20,72,3656.0,38738.0,14112,28282,0.09437761371263359,0.12926950003535817
57124.png,DRIP,336,336,20,73,4529.0,38061.0,14308,28282,0.1189931951341268,0.160137189731985
57124.png,Fixed,336,336,20,72,3656.0,38738.0,14112,28282,0.09437761371263359,0.12926950003535817
57134.png,DRIP,336,336,5,73,1044.0,18843.0,14308,5579,0.05540519025632861,0.18713031009141423
57134.png,Fixed,336,336,5,72,602.0,19089.0,14112,5579,0.031536486982031535,0.10790464240903387
57135.png,DRIP,336,336,5,73,1044.0,18843.0,14308,5579,0.05540519025632861,0.18713031009141423
57135.png,Fixed,336,336,5,72,602.0,19089.0,14112,5579,0.031536486982031535,0.10790464240903387
57136.png,DRIP,336,336,5,73,1044.0,18843.0,14308,5579,0.05540519025632861,0.18713031009141423
57136.png,Fixed,336,336,5,72,602.0,19089.0,14112,5579,0.031536486982031535,0.10790464240903387
57137.png,DRIP,336,336,5,73,1044.0,18843.0,14308,5579,0.05540519025632861,0.18713031009141423
57137.png,Fixed,336,336,5,72,602.0,19089.0,14112,5579,0.031536486982031535,0.10790464240903387
57138.png,DRIP,336,336,5,73,1044.0,18843.0,14308,5579,0.05540519025632861,0.18713031009141423
57138.png,Fixed,336,336,5,72,602.0,19089.0,14112,5579,0.031536486982031535,0.10790464240903387
57139.png,DRIP,336,336,5,73,1044.0,18843.0,14308,5579,0.05540519025632861,0.18713031009141423
57139.png,Fixed,336,336,5,72,602.0,19089.0,14112,5579,0.031536486982031535,0.10790464240903387
5714.png,DRIP,336,336,17,73,6243.0,44611.0,14308,36546,0.13994306337002085,0.17082580857002133
5714.png,Fixed,336,336,17,72,4996.0,45662.0,14112,36546,0.10941264070780955,0.13670442729710502
57140.png,DRIP,336,336,26,73,4002.0,31416.0,14308,21110,0.12738731856378915,0.18957839886309805
57140.png,Fixed,336,336,26,72,3031.0,32191.0,14112,21110,0.09415675188717343,0.1435812411179536
57141.png,DRIP,336,336,26,73,4002.0,31416.0,14308,21110,0.12738731856378915,0.18957839886309805
57141.png,Fixed,336,336,26,72,3031.0,32191.0,14112,21110,0.09415675188717343,0.1435812411179536
57142.png,DRIP,336,336,26,73,4002.0,31416.0,14308,21110,0.12738731856378915,0.18957839886309805
57142.png,Fixed,336,336,26,72,3031.0,32191.0,14112,21110,0.09415675188717343,0.1435812411179536
57143.png,DRIP,336,336,26,73,4002.0,31416.0,14308,21110,0.12738731856378915,0.18957839886309805
57143.png,Fixed,336,336,26,72,3031.0,32191.0,14112,21110,0.09415675188717343,0.1435812411179536
57144.png,DRIP,336,336,26,73,4002.0,31416.0,14308,21110,0.12738731856378915,0.18957839886309805
57144.png,Fixed,336,336,26,72,3031.0,32191.0,14112,21110,0.09415675188717343,0.1435812411179536
57145.png,DRIP,336,336,26,73,4002.0,31416.0,14308,21110,0.12738731856378915,0.18957839886309805
57145.png,Fixed,336,336,26,72,3031.0,32191.0,14112,21110,0.09415675188717343,0.1435812411179536
57159.png,DRIP,336,336,9,73,5832.0,43371.0,14308,34895,0.13446773189458394,0.16712996131250896
57159.png,Fixed,336,336,9,72,4357.0,44650.0,14112,34895,0.09758118701007838,0.12486029517122797
57160.png,DRIP,336,336,54,73,5240.0,48637.0,14308,39569,0.10773690811522092,0.1324268998458389
57160.png,Fixed,336,336,54,72,4897.0,48784.0,14112,39569,0.10038127254837652,0.12375849781394525
57161.png,DRIP,336,336,9,73,5832.0,43371.0,14308,34895,0.13446773189458394,0.16712996131250896
57161.png,Fixed,336,336,9,72,4357.0,44650.0,14112,34895,0.09758118701007838,0.12486029517122797
57162.png,DRIP,336,336,54,73,5240.0,48637.0,14308,39569,0.10773690811522092,0.1324268998458389
57162.png,Fixed,336,336,54,72,4897.0,48784.0,14112,39569,0.10038127254837652,0.12375849781394525
57163.png,DRIP,336,336,9,73,5832.0,43371.0,14308,34895,0.13446773189458394,0.16712996131250896
57163.png,Fixed,336,336,9,72,4357.0,44650.0,14112,34895,0.09758118701007838,0.12486029517122797
57164.png,DRIP,336,336,26,72,5607.0,50033.0,14112,41528,0.11206603641596546,0.13501733769986515
57164.png,Fixed,336,336,26,72,5327.0,50313.0,14112,41528,0.10587720867370262,0.12827489886341745
57167.png,DRIP,336,336,26,72,5607.0,50033.0,14112,41528,0.11206603641596546,0.13501733769986515
57167.png,Fixed,336,336,26,72,5327.0,50313.0,14112,41528,0.10587720867370262,0.12827489886341745
57168.png,DRIP,336,336,26,72,5607.0,50033.0,14112,41528,0.11206603641596546,0.13501733769986515
57168.png,Fixed,336,336,26,72,5327.0,50313.0,14112,41528,0.10587720867370262,0.12827489886341745
57169.png,DRIP,336,336,26,72,5607.0,50033.0,14112,41528,0.11206603641596546,0.13501733769986515
57169.png,Fixed,336,336,26,72,5327.0,50313.0,14112,41528,0.10587720867370262,0.12827489886341745
57170.png,DRIP,336,336,26,72,5607.0,50033.0,14112,41528,0.11206603641596546,0.13501733769986515
57170.png,Fixed,336,336,26,72,5327.0,50313.0,14112,41528,0.10587720867370262,0.12827489886341745
57171.png,DRIP,336,336,54,73,5240.0,48637.0,14308,39569,0.10773690811522092,0.1324268998458389
57171.png,Fixed,336,336,54,72,4897.0,48784.0,14112,39569,0.10038127254837652,0.12375849781394525
57173.png,DRIP,336,336,54,73,5240.0,48637.0,14308,39569,0.10773690811522092,0.1324268998458389
57173.png,Fixed,336,336,54,72,4897.0,48784.0,14112,39569,0.10038127254837652,0.12375849781394525
57175.png,DRIP,336,336,54,73,5240.0,48637.0,14308,39569,0.10773690811522092,0.1324268998458389
57175.png,Fixed,336,336,54,72,4897.0,48784.0,14112,39569,0.10038127254837652,0.12375849781394525
57180.png,DRIP,336,336,54,73,5240.0,48637.0,14308,39569,0.10773690811522092,0.1324268998458389
57180.png,Fixed,336,336,54,72,4897.0,48784.0,14112,39569,0.10038127254837652,0.12375849781394525
57184.png,DRIP,336,336,54,73,5240.0,48637.0,14308,39569,0.10773690811522092,0.1324268998458389
57184.png,Fixed,336,336,54,72,4897.0,48784.0,14112,39569,0.10038127254837652,0.12375849781394525
57191.png,DRIP,336,336,54,73,5240.0,48637.0,14308,39569,0.10773690811522092,0.1324268998458389
57191.png,Fixed,336,336,54,72,4897.0,48784.0,14112,39569,0.10038127254837652,0.12375849781394525
57193.png,DRIP,336,336,54,73,5240.0,48637.0,14308,39569,0.10773690811522092,0.1324268998458389
57193.png,Fixed,336,336,54,72,4897.0,48784.0,14112,39569,0.10038127254837652,0.12375849781394525
57194.png,DRIP,336,336,63,72,5332.0,33767.0,14112,24987,0.15790564752569075,0.21339096330091648
57194.png,Fixed,336,336,63,72,2801.0,36298.0,14112,24987,0.07716678604881812,0.11209829111137791
57195.png,DRIP,336,336,63,72,5332.0,33767.0,14112,24987,0.15790564752569075,0.21339096330091648
57195.png,Fixed,336,336,63,72,2801.0,36298.0,14112,24987,0.07716678604881812,0.11209829111137791
57196.png,DRIP,336,336,63,72,5332.0,33767.0,14112,24987,0.15790564752569075,0.21339096330091648
57196.png,Fixed,336,336,63,72,2801.0,36298.0,14112,24987,0.07716678604881812,0.11209829111137791
57197.png,DRIP,336,336,11,73,2697.0,23750.0,14308,12139,0.11355789473684211,0.22217645605074554
57197.png,Fixed,336,336,11,72,1081.0,25170.0,14112,12139,0.04294795391338895,0.08905181645934591
57198.png,DRIP,336,336,11,73,2697.0,23750.0,14308,12139,0.11355789473684211,0.22217645605074554
57198.png,Fixed,336,336,11,72,1081.0,25170.0,14112,12139,0.04294795391338895,0.08905181645934591
57200.png,DRIP,336,336,7,73,2432.0,19407.0,14308,7531,0.12531560777039213,0.32293188155623426
57200.png,Fixed,336,336,7,72,784.0,20859.0,14112,7531,0.03758569442446905,0.10410304076483867
57201.png,DRIP,336,336,7,73,2432.0,19407.0,14308,7531,0.12531560777039213,0.32293188155623426
57201.png,Fixed,336,336,7,72,784.0,20859.0,14112,7531,0.03758569442446905,0.10410304076483867
57202.png,DRIP,336,336,7,73,2432.0,19407.0,14308,7531,0.12531560777039213,0.32293188155623426
57202.png,Fixed,336,336,7,72,784.0,20859.0,14112,7531,0.03758569442446905,0.10410304076483867
57203.png,DRIP,336,336,7,73,2432.0,19407.0,14308,7531,0.12531560777039213,0.32293188155623426
57203.png,Fixed,336,336,7,72,784.0,20859.0,14112,7531,0.03758569442446905,0.10410304076483867
57204.png,DRIP,336,336,7,73,2432.0,19407.0,14308,7531,0.12531560777039213,0.32293188155623426
57204.png,Fixed,336,336,7,72,784.0,20859.0,14112,7531,0.03758569442446905,0.10410304076483867
57205.png,DRIP,336,336,7,73,2432.0,19407.0,14308,7531,0.12531560777039213,0.32293188155623426
57205.png,Fixed,336,336,7,72,784.0,20859.0,14112,7531,0.03758569442446905,0.10410304076483867
57206.png,DRIP,336,336,7,73,2432.0,19407.0,14308,7531,0.12531560777039213,0.32293188155623426
57206.png,Fixed,336,336,7,72,784.0,20859.0,14112,7531,0.03758569442446905,0.10410304076483867
57207.png,DRIP,336,336,7,73,2432.0,19407.0,14308,7531,0.12531560777039213,0.32293188155623426
57207.png,Fixed,336,336,7,72,784.0,20859.0,14112,7531,0.03758569442446905,0.10410304076483867
5721.png,DRIP,336,336,17,73,6243.0,44611.0,14308,36546,0.13994306337002085,0.17082580857002133
5721.png,Fixed,336,336,17,72,4996.0,45662.0,14112,36546,0.10941264070780955,0.13670442729710502
57212.png,DRIP,336,336,6,73,3473.0,17581.0,14308,6746,0.19754280188840226,0.5148235991698784
57212.png,Fixed,336,336,6,72,812.0,20046.0,14112,6746,0.04050683428115335,0.12036762525941298
57213.png,DRIP,336,336,6,73,3473.0,17581.0,14308,6746,0.19754280188840226,0.5148235991698784
57213.png,Fixed,336,336,6,72,812.0,20046.0,14112,6746,0.04050683428115335,0.12036762525941298
57214.png,DRIP,336,336,6,73,3473.0,17581.0,14308,6746,0.19754280188840226,0.5148235991698784
57214.png,Fixed,336,336,6,72,812.0,20046.0,14112,6746,0.04050683428115335,0.12036762525941298
57218.png,DRIP,336,336,6,73,3473.0,17581.0,14308,6746,0.19754280188840226,0.5148235991698784
57218.png,Fixed,336,336,6,72,812.0,20046.0,14112,6746,0.04050683428115335,0.12036762525941298
57221.png,DRIP,336,336,6,73,3473.0,17581.0,14308,6746,0.19754280188840226,0.5148235991698784
57221.png,Fixed,336,336,6,72,812.0,20046.0,14112,6746,0.04050683428115335,0.12036762525941298
57222.png,DRIP,336,336,22,73,3085.0,21556.0,14308,10333,0.14311560586379662,0.2985580180005807
57222.png,Fixed,336,336,22,72,454.0,23991.0,14112,10333,0.01892376307782085,0.04393690119036098
57223.png,DRIP,336,336,22,73,3085.0,21556.0,14308,10333,0.14311560586379662,0.2985580180005807
57223.png,Fixed,336,336,22,72,454.0,23991.0,14112,10333,0.01892376307782085,0.04393690119036098
57224.png,DRIP,336,336,22,73,3085.0,21556.0,14308,10333,0.14311560586379662,0.2985580180005807
57224.png,Fixed,336,336,22,72,454.0,23991.0,14112,10333,0.01892376307782085,0.04393690119036098
57225.png,DRIP,336,336,22,73,3085.0,21556.0,14308,10333,0.14311560586379662,0.2985580180005807
57225.png,Fixed,336,336,22,72,454.0,23991.0,14112,10333,0.01892376307782085,0.04393690119036098
57226.png,DRIP,336,336,22,73,3085.0,21556.0,14308,10333,0.14311560586379662,0.2985580180005807
57226.png,Fixed,336,336,22,72,454.0,23991.0,14112,10333,0.01892376307782085,0.04393690119036098
57240.png,DRIP,336,336,18,73,3378.0,30156.0,14308,19226,0.1120175089534421,0.17569957349422657
57240.png,Fixed,336,336,18,72,2149.0,31189.0,14112,19226,0.0689024976754625,0.11177572037865391
57242.png,DRIP,336,336,13,73,2708.0,24021.0,14308,12421,0.11273469047916407,0.2180178729570888
57242.png,Fixed,336,336,13,72,1563.0,24970.0,14112,12421,0.06259511413696436,0.12583527896304644
57243.png,DRIP,336,336,13,73,2708.0,24021.0,14308,12421,0.11273469047916407,0.2180178729570888
57243.png,Fixed,336,336,13,72,1563.0,24970.0,14112,12421,0.06259511413696436,0.12583527896304644
57244.png,DRIP,336,336,13,73,2708.0,24021.0,14308,12421,0.11273469047916407,0.2180178729570888
57244.png,Fixed,336,336,13,72,1563.0,24970.0,14112,12421,0.06259511413696436,0.12583527896304644
57246.png,DRIP,336,336,13,73,2708.0,24021.0,14308,12421,0.11273469047916407,0.2180178729570888
57246.png,Fixed,336,336,13,72,1563.0,24970.0,14112,12421,0.06259511413696436,0.12583527896304644
57247.png,DRIP,336,336,13,73,2708.0,24021.0,14308,12421,0.11273469047916407,0.2180178729570888
57247.png,Fixed,336,336,13,72,1563.0,24970.0,14112,12421,0.06259511413696436,0.12583527896304644
57248.png,DRIP,336,336,13,73,2708.0,24021.0,14308,12421,0.11273469047916407,0.2180178729570888
57248.png,Fixed,336,336,13,72,1563.0,24970.0,14112,12421,0.06259511413696436,0.12583527896304644
57249.png,DRIP,336,336,7,73,2391.0,18668.0,14308,6751,0.12808013713306193,0.3541697526292401
57249.png,Fixed,336,336,7,72,956.0,19907.0,14112,6751,0.04802330838398553,0.14160865057028588
57250.png,DRIP,336,336,7,73,2391.0,18668.0,14308,6751,0.12808013713306193,0.3541697526292401
57250.png,Fixed,336,336,7,72,956.0,19907.0,14112,6751,0.04802330838398553,0.14160865057028588
57251.png,DRIP,336,336,7,73,2391.0,18668.0,14308,6751,0.12808013713306193,0.3541697526292401
57251.png,Fixed,336,336,7,72,956.0,19907.0,14112,6751,0.04802330838398553,0.14160865057028588
57252.png,DRIP,336,336,7,73,2391.0,18668.0,14308,6751,0.12808013713306193,0.3541697526292401
57252.png,Fixed,336,336,7,72,956.0,19907.0,14112,6751,0.04802330838398553,0.14160865057028588
57253.png,DRIP,336,336,7,73,2391.0,18668.0,14308,6751,0.12808013713306193,0.3541697526292401
57253.png,Fixed,336,336,7,72,956.0,19907.0,14112,6751,0.04802330838398553,0.14160865057028588
57254.png,DRIP,336,336,7,73,2391.0,18668.0,14308,6751,0.12808013713306193,0.3541697526292401
57254.png,Fixed,336,336,7,72,956.0,19907.0,14112,6751,0.04802330838398553,0.14160865057028588
57255.png,DRIP,336,336,16,73,3599.0,23525.0,14308,12816,0.15298618490967056,0.2808208489388265
57255.png,Fixed,336,336,16,72,1503.0,25425.0,14112,12816,0.05911504424778761,0.1172752808988764
57256.png,DRIP,336,336,16,73,3599.0,23525.0,14308,12816,0.15298618490967056,0.2808208489388265
57256.png,Fixed,336,336,16,72,1503.0,25425.0,14112,12816,0.05911504424778761,0.1172752808988764
57257.png,DRIP,336,336,16,73,3599.0,23525.0,14308,12816,0.15298618490967056,0.2808208489388265
57257.png,Fixed,336,336,16,72,1503.0,25425.0,14112,12816,0.05911504424778761,0.1172752808988764
57258.png,DRIP,336,336,16,73,3599.0,23525.0,14308,12816,0.15298618490967056,0.2808208489388265
57258.png,Fixed,336,336,16,72,1503.0,25425.0,14112,12816,0.05911504424778761,0.1172752808988764
57259.png,DRIP,336,336,16,73,3599.0,23525.0,14308,12816,0.15298618490967056,0.2808208489388265
57259.png,Fixed,336,336,16,72,1503.0,25425.0,14112,12816,0.05911504424778761,0.1172752808988764
57260.png,DRIP,336,336,16,73,3599.0,23525.0,14308,12816,0.15298618490967056,0.2808208489388265
57260.png,Fixed,336,336,16,72,1503.0,25425.0,14112,12816,0.05911504424778761,0.1172752808988764
57274.png,DRIP,336,336,17,72,4665.0,27131.0,14112,17684,0.17194353322767314,0.26379778330694414
57274.png,Fixed,336,336,17,72,1834.0,29962.0,14112,17684,0.061210867098324545,0.10370956797104727
57276.png,DRIP,336,336,17,72,4665.0,27131.0,14112,17684,0.17194353322767314,0.26379778330694414
57276.png,Fixed,336,336,17,72,1834.0,29962.0,14112,17684,0.061210867098324545,0.10370956797104727
57282.png,DRIP,336,336,39,73,4930.0,31619.0,14308,22241,0.15591890951643,0.2216626950227058
57282.png,Fixed,336,336,39,72,2908.0,33445.0,14112,22241,0.0869487217820302,0.13074951665842363
57283.png,DRIP,336,336,39,73,4930.0,31619.0,14308,22241,0.15591890951643,0.2216626950227058
57283.png,Fixed,336,336,39,72,2908.0,33445.0,14112,22241,0.0869487217820302,0.13074951665842363
57284.png,DRIP,336,336,39,73,4930.0,31619.0,14308,22241,0.15591890951643,0.2216626950227058
57284.png,Fixed,336,336,39,72,2908.0,33445.0,14112,22241,0.0869487217820302,0.13074951665842363
57287.png,DRIP,336,336,39,73,4930.0,31619.0,14308,22241,0.15591890951643,0.2216626950227058
57287.png,Fixed,336,336,39,72,2908.0,33445.0,14112,22241,0.0869487217820302,0.13074951665842363
57294.png,DRIP,336,336,28,72,3203.0,33027.0,14112,22118,0.0969812577588034,0.14481417849715164
57294.png,Fixed,336,336,28,72,2011.0,34219.0,14112,22118,0.058768520412636256,0.09092142146667873
57295.png,DRIP,336,336,28,72,3203.0,33027.0,14112,22118,0.0969812577588034,0.14481417849715164
57295.png,Fixed,336,336,28,72,2011.0,34219.0,14112,22118,0.058768520412636256,0.09092142146667873
57296.png,DRIP,336,336,28,72,3203.0,33027.0,14112,22118,0.0969812577588034,0.14481417849715164
57296.png,Fixed,336,336,28,72,2011.0,34219.0,14112,22118,0.058768520412636256,0.09092142146667873
57297.png,DRIP,336,336,28,72,3203.0,33027.0,14112,22118,0.0969812577588034,0.14481417849715164
57297.png,Fixed,336,336,28,72,2011.0,34219.0,14112,22118,0.058768520412636256,0.09092142146667873
57298.png,DRIP,336,336,28,72,3203.0,33027.0,14112,22118,0.0969812577588034,0.14481417849715164
57298.png,Fixed,336,336,28,72,2011.0,34219.0,14112,22118,0.058768520412636256,0.09092142146667873
57299.png,DRIP,336,336,28,72,3203.0,33027.0,14112,22118,0.0969812577588034,0.14481417849715164
57299.png,Fixed,336,336,28,72,2011.0,34219.0,14112,22118,0.058768520412636256,0.09092142146667873
57300.png,DRIP,336,336,28,72,3203.0,33027.0,14112,22118,0.0969812577588034,0.14481417849715164
57300.png,Fixed,336,336,28,72,2011.0,34219.0,14112,22118,0.058768520412636256,0.09092142146667873
57301.png,DRIP,336,336,28,72,3203.0,33027.0,14112,22118,0.0969812577588034,0.14481417849715164
57301.png,Fixed,336,336,28,72,2011.0,34219.0,14112,22118,0.058768520412636256,0.09092142146667873
57302.png,DRIP,336,336,28,72,3203.0,33027.0,14112,22118,0.0969812577588034,0.14481417849715164
57302.png,Fixed,336,336,28,72,2011.0,34219.0,14112,22118,0.058768520412636256,0.09092142146667873
57303.png,DRIP,336,336,2,72,110.0,14524.0,14112,522,0.007573671164968329,0.210727969348659
57303.png,Fixed,336,336,2,72,0.0,14634.0,14112,522,0.0,0.0
57304.png,DRIP,336,336,2,72,110.0,14524.0,14112,522,0.007573671164968329,0.210727969348659
57304.png,Fixed,336,336,2,72,0.0,14634.0,14112,522,0.0,0.0
57305.png,DRIP,336,336,2,72,110.0,14524.0,14112,522,0.007573671164968329,0.210727969348659
57305.png,Fixed,336,336,2,72,0.0,14634.0,14112,522,0.0,0.0
57306.png,DRIP,336,336,2,72,110.0,14524.0,14112,522,0.007573671164968329,0.210727969348659
57306.png,Fixed,336,336,2,72,0.0,14634.0,14112,522,0.0,0.0
57307.png,DRIP,336,336,2,72,110.0,14524.0,14112,522,0.007573671164968329,0.210727969348659
57307.png,Fixed,336,336,2,72,0.0,14634.0,14112,522,0.0,0.0
57308.png,DRIP,336,336,2,72,110.0,14524.0,14112,522,0.007573671164968329,0.210727969348659
57308.png,Fixed,336,336,2,72,0.0,14634.0,14112,522,0.0,0.0
57310.png,DRIP,336,336,12,73,1514.0,21619.0,14308,8825,0.07003099125769,0.17155807365439094
57310.png,Fixed,336,336,12,72,1028.0,21909.0,14112,8825,0.04692135652015154,0.11648725212464589
57311.png,DRIP,336,336,12,73,1514.0,21619.0,14308,8825,0.07003099125769,0.17155807365439094
57311.png,Fixed,336,336,12,72,1028.0,21909.0,14112,8825,0.04692135652015154,0.11648725212464589
57312.png,DRIP,336,336,12,73,1514.0,21619.0,14308,8825,0.07003099125769,0.17155807365439094
57312.png,Fixed,336,336,12,72,1028.0,21909.0,14112,8825,0.04692135652015154,0.11648725212464589
57313.png,DRIP,336,336,12,73,1514.0,21619.0,14308,8825,0.07003099125769,0.17155807365439094
57313.png,Fixed,336,336,12,72,1028.0,21909.0,14112,8825,0.04692135652015154,0.11648725212464589
57314.png,DRIP,336,336,12,73,1514.0,21619.0,14308,8825,0.07003099125769,0.17155807365439094
57314.png,Fixed,336,336,12,72,1028.0,21909.0,14112,8825,0.04692135652015154,0.11648725212464589
57315.png,DRIP,336,336,12,73,1514.0,21619.0,14308,8825,0.07003099125769,0.17155807365439094
57315.png,Fixed,336,336,12,72,1028.0,21909.0,14112,8825,0.04692135652015154,0.11648725212464589
57316.png,DRIP,336,336,12,73,1514.0,21619.0,14308,8825,0.07003099125769,0.17155807365439094
57316.png,Fixed,336,336,12,72,1028.0,21909.0,14112,8825,0.04692135652015154,0.11648725212464589
57317.png,DRIP,336,336,12,73,1514.0,21619.0,14308,8825,0.07003099125769,0.17155807365439094
57317.png,Fixed,336,336,12,72,1028.0,21909.0,14112,8825,0.04692135652015154,0.11648725212464589
57318.png,DRIP,336,336,12,73,1514.0,21619.0,14308,8825,0.07003099125769,0.17155807365439094
57318.png,Fixed,336,336,12,72,1028.0,21909.0,14112,8825,0.04692135652015154,0.11648725212464589
57319.png,DRIP,336,336,1,73,602.0,16331.0,14308,2625,0.036862408915559364,0.22933333333333333
57319.png,Fixed,336,336,1,72,228.0,16509.0,14112,2625,0.013810648737052516,0.08685714285714285
57320.png,DRIP,336,336,1,73,602.0,16331.0,14308,2625,0.036862408915559364,0.22933333333333333
57320.png,Fixed,336,336,1,72,228.0,16509.0,14112,2625,0.013810648737052516,0.08685714285714285
57321.png,DRIP,336,336,1,73,602.0,16331.0,14308,2625,0.036862408915559364,0.22933333333333333
57321.png,Fixed,336,336,1,72,228.0,16509.0,14112,2625,0.013810648737052516,0.08685714285714285
57322.png,DRIP,336,336,1,73,602.0,16331.0,14308,2625,0.036862408915559364,0.22933333333333333
57322.png,Fixed,336,336,1,72,228.0,16509.0,14112,2625,0.013810648737052516,0.08685714285714285
57323.png,DRIP,336,336,1,73,602.0,16331.0,14308,2625,0.036862408915559364,0.22933333333333333
57323.png,Fixed,336,336,1,72,228.0,16509.0,14112,2625,0.013810648737052516,0.08685714285714285
57349.png,DRIP,336,336,22,72,5528.0,28918.0,14112,20334,0.19116121446849713,0.27185993901839284
57349.png,Fixed,336,336,22,72,2440.0,32006.0,14112,20334,0.07623570580516154,0.11999606570276385
57357.png,DRIP,336,336,22,72,5528.0,28918.0,14112,20334,0.19116121446849713,0.27185993901839284
57357.png,Fixed,336,336,22,72,2440.0,32006.0,14112,20334,0.07623570580516154,0.11999606570276385
57364.png,DRIP,336,336,22,72,5528.0,28918.0,14112,20334,0.19116121446849713,0.27185993901839284
57364.png,Fixed,336,336,22,72,2440.0,32006.0,14112,20334,0.07623570580516154,0.11999606570276385
57366.png,DRIP,336,336,22,72,5528.0,28918.0,14112,20334,0.19116121446849713,0.27185993901839284
57366.png,Fixed,336,336,22,72,2440.0,32006.0,14112,20334,0.07623570580516154,0.11999606570276385
57368.png,DRIP,336,336,42,73,5123.0,48567.0,14308,39382,0.10548314699281405,0.13008481031943528
57368.png,Fixed,336,336,42,72,5101.0,48393.0,14112,39382,0.10540780691422313,0.1295261794728556
57370.png,DRIP,336,336,42,73,5123.0,48567.0,14308,39382,0.10548314699281405,0.13008481031943528
57370.png,Fixed,336,336,42,72,5101.0,48393.0,14112,39382,0.10540780691422313,0.1295261794728556
57371.png,DRIP,336,336,42,73,5123.0,48567.0,14308,39382,0.10548314699281405,0.13008481031943528
57371.png,Fixed,336,336,42,72,5101.0,48393.0,14112,39382,0.10540780691422313,0.1295261794728556
57372.png,DRIP,336,336,42,73,5123.0,48567.0,14308,39382,0.10548314699281405,0.13008481031943528
57372.png,Fixed,336,336,42,72,5101.0,48393.0,14112,39382,0.10540780691422313,0.1295261794728556
57373.png,DRIP,336,336,42,73,5123.0,48567.0,14308,39382,0.10548314699281405,0.13008481031943528
57373.png,Fixed,336,336,42,72,5101.0,48393.0,14112,39382,0.10540780691422313,0.1295261794728556
57374.png,DRIP,336,336,75,73,4904.0,40602.0,14308,31198,0.12078222747647899,0.15718956343355342
57374.png,Fixed,336,336,75,72,3560.0,41750.0,14112,31198,0.0852694610778443,0.11410987883838708
57375.png,DRIP,336,336,75,73,4904.0,40602.0,14308,31198,0.12078222747647899,0.15718956343355342
57375.png,Fixed,336,336,75,72,3560.0,41750.0,14112,31198,0.0852694610778443,0.11410987883838708
57376.png,DRIP,336,336,75,73,4904.0,40602.0,14308,31198,0.12078222747647899,0.15718956343355342
57376.png,Fixed,336,336,75,72,3560.0,41750.0,14112,31198,0.0852694610778443,0.11410987883838708
57386.png,DRIP,336,336,75,73,4904.0,40602.0,14308,31198,0.12078222747647899,0.15718956343355342
57386.png,Fixed,336,336,75,72,3560.0,41750.0,14112,31198,0.0852694610778443,0.11410987883838708
57387.png,DRIP,336,336,75,73,4904.0,40602.0,14308,31198,0.12078222747647899,0.15718956343355342
57387.png,Fixed,336,336,75,72,3560.0,41750.0,14112,31198,0.0852694610778443,0.11410987883838708
57388.png,DRIP,336,336,75,73,4904.0,40602.0,14308,31198,0.12078222747647899,0.15718956343355342
57388.png,Fixed,336,336,75,72,3560.0,41750.0,14112,31198,0.0852694610778443,0.11410987883838708
57391.png,DRIP,336,336,9,73,5429.0,23535.0,14308,14656,0.23067771404291482,0.3704284934497817
57391.png,Fixed,336,336,9,72,2138.0,26630.0,14112,14656,0.08028539241457003,0.14587882096069868
57395.png,DRIP,336,336,9,73,5429.0,23535.0,14308,14656,0.23067771404291482,0.3704284934497817
57395.png,Fixed,336,336,9,72,2138.0,26630.0,14112,14656,0.08028539241457003,0.14587882096069868
57402.png,DRIP,336,336,38,73,5775.0,59230.0,14308,50697,0.09750126625021104,0.11391206580271022
57402.png,Fixed,336,336,38,72,6778.0,58031.0,14112,50697,0.11679964157088453,0.13369627394125885
57403.png,DRIP,336,336,38,73,5775.0,59230.0,14308,50697,0.09750126625021104,0.11391206580271022
57403.png,Fixed,336,336,38,72,6778.0,58031.0,14112,50697,0.11679964157088453,0.13369627394125885
57404.png,DRIP,336,336,38,73,5775.0,59230.0,14308,50697,0.09750126625021104,0.11391206580271022
57404.png,Fixed,336,336,38,72,6778.0,58031.0,14112,50697,0.11679964157088453,0.13369627394125885
57407.png,DRIP,336,336,38,73,5775.0,59230.0,14308,50697,0.09750126625021104,0.11391206580271022
57407.png,Fixed,336,336,38,72,6778.0,58031.0,14112,50697,0.11679964157088453,0.13369627394125885
57409.png,DRIP,336,336,8,73,2651.0,28427.0,14308,16770,0.09325641115840574,0.1580799045915325
57409.png,Fixed,336,336,8,72,2374.0,28508.0,14112,16770,0.08327487021187036,0.14156231365533692
57410.png,DRIP,336,336,8,73,2651.0,28427.0,14308,16770,0.09325641115840574,0.1580799045915325
57410.png,Fixed,336,336,8,72,2374.0,28508.0,14112,16770,0.08327487021187036,0.14156231365533692
57411.png,DRIP,336,336,8,73,2651.0,28427.0,14308,16770,0.09325641115840574,0.1580799045915325
57411.png,Fixed,336,336,8,72,2374.0,28508.0,14112,16770,0.08327487021187036,0.14156231365533692
57413.png,DRIP,336,336,8,73,2651.0,28427.0,14308,16770,0.09325641115840574,0.1580799045915325
57413.png,Fixed,336,336,8,72,2374.0,28508.0,14112,16770,0.08327487021187036,0.14156231365533692
57414.png,DRIP,336,336,8,73,2651.0,28427.0,14308,16770,0.09325641115840574,0.1580799045915325
57414.png,Fixed,336,336,8,72,2374.0,28508.0,14112,16770,0.08327487021187036,0.14156231365533692
57415.png,DRIP,336,336,8,73,2651.0,28427.0,14308,16770,0.09325641115840574,0.1580799045915325
57415.png,Fixed,336,336,8,72,2374.0,28508.0,14112,16770,0.08327487021187036,0.14156231365533692
57416.png,DRIP,336,336,8,73,2651.0,28427.0,14308,16770,0.09325641115840574,0.1580799045915325
57416.png,Fixed,336,336,8,72,2374.0,28508.0,14112,16770,0.08327487021187036,0.14156231365533692
57417.png,DRIP,336,336,8,73,2651.0,28427.0,14308,16770,0.09325641115840574,0.1580799045915325
57417.png,Fixed,336,336,8,72,2374.0,28508.0,14112,16770,0.08327487021187036,0.14156231365533692
57418.png,DRIP,336,336,8,73,2651.0,28427.0,14308,16770,0.09325641115840574,0.1580799045915325
57418.png,Fixed,336,336,8,72,2374.0,28508.0,14112,16770,0.08327487021187036,0.14156231365533692
57428.png,DRIP,336,336,17,73,3360.0,28212.0,14308,17264,0.11909825606125053,0.19462465245597776
57428.png,Fixed,336,336,17,72,2193.0,29183.0,14112,17264,0.0751464893945105,0.12702734012974976
57431.png,DRIP,336,336,17,73,3360.0,28212.0,14308,17264,0.11909825606125053,0.19462465245597776
57431.png,Fixed,336,336,17,72,2193.0,29183.0,14112,17264,0.0751464893945105,0.12702734012974976
57439.png,DRIP,336,336,17,73,3360.0,28212.0,14308,17264,0.11909825606125053,0.19462465245597776
57439.png,Fixed,336,336,17,72,2193.0,29183.0,14112,17264,0.0751464893945105,0.12702734012974976
57440.png,DRIP,336,336,17,73,3360.0,28212.0,14308,17264,0.11909825606125053,0.19462465245597776
57440.png,Fixed,336,336,17,72,2193.0,29183.0,14112,17264,0.0751464893945105,0.12702734012974976
57449.png,DRIP,336,336,0,73,,,14308,0,,
57449.png,Fixed,336,336,0,72,,,14112,0,,
57450.png,DRIP,336,336,0,73,,,14308,0,,
57450.png,Fixed,336,336,0,72,,,14112,0,,
57452.png,DRIP,336,336,0,73,,,14308,0,,
57452.png,Fixed,336,336,0,72,,,14112,0,,
57454.png,DRIP,336,336,0,73,,,14308,0,,
57454.png,Fixed,336,336,0,72,,,14112,0,,
57475.png,DRIP,336,336,11,72,5474.0,24077.0,14112,15439,0.22735390621755203,0.35455664226957706
57475.png,Fixed,336,336,11,72,1714.0,27837.0,14112,15439,0.061572726946150805,0.11101755295032062
57476.png,DRIP,336,336,11,72,5474.0,24077.0,14112,15439,0.22735390621755203,0.35455664226957706
57476.png,Fixed,336,336,11,72,1714.0,27837.0,14112,15439,0.061572726946150805,0.11101755295032062
57514.png,DRIP,336,336,17,73,3360.0,28212.0,14308,17264,0.11909825606125053,0.19462465245597776
57514.png,Fixed,336,336,17,72,2193.0,29183.0,14112,17264,0.0751464893945105,0.12702734012974976
57515.png,DRIP,336,336,11,72,5474.0,24077.0,14112,15439,0.22735390621755203,0.35455664226957706
57515.png,Fixed,336,336,11,72,1714.0,27837.0,14112,15439,0.061572726946150805,0.11101755295032062
57517.png,DRIP,336,336,11,72,5474.0,24077.0,14112,15439,0.22735390621755203,0.35455664226957706
57517.png,Fixed,336,336,11,72,1714.0,27837.0,14112,15439,0.061572726946150805,0.11101755295032062
57519.png,DRIP,336,336,11,72,5474.0,24077.0,14112,15439,0.22735390621755203,0.35455664226957706
57519.png,Fixed,336,336,11,72,1714.0,27837.0,14112,15439,0.061572726946150805,0.11101755295032062
57521.png,DRIP,336,336,11,72,5474.0,24077.0,14112,15439,0.22735390621755203,0.35455664226957706
57521.png,Fixed,336,336,11,72,1714.0,27837.0,14112,15439,0.061572726946150805,0.11101755295032062
57523.png,DRIP,336,336,11,72,5474.0,24077.0,14112,15439,0.22735390621755203,0.35455664226957706
57523.png,Fixed,336,336,11,72,1714.0,27837.0,14112,15439,0.061572726946150805,0.11101755295032062
57524.png,DRIP,336,336,11,72,5474.0,24077.0,14112,15439,0.22735390621755203,0.35455664226957706
57524.png,Fixed,336,336,11,72,1714.0,27837.0,14112,15439,0.061572726946150805,0.11101755295032062
57525.png,DRIP,336,336,29,73,8946.0,47077.0,14308,41715,0.19002910125963846,0.21445523193096008
57525.png,Fixed,336,336,29,72,5282.0,50545.0,14112,41715,0.10450093975665249,0.1266211195013784
57526.png,DRIP,336,336,29,73,8946.0,47077.0,14308,41715,0.19002910125963846,0.21445523193096008
57526.png,Fixed,336,336,29,72,5282.0,50545.0,14112,41715,0.10450093975665249,0.1266211195013784
57527.png,DRIP,336,336,29,73,8946.0,47077.0,14308,41715,0.19002910125963846,0.21445523193096008
57527.png,Fixed,336,336,29,72,5282.0,50545.0,14112,41715,0.10450093975665249,0.1266211195013784
57528.png,DRIP,336,336,29,73,8946.0,47077.0,14308,41715,0.19002910125963846,0.21445523193096008
57528.png,Fixed,336,336,29,72,5282.0,50545.0,14112,41715,0.10450093975665249,0.1266211195013784
57529.png,DRIP,336,336,29,73,8946.0,47077.0,14308,41715,0.19002910125963846,0.21445523193096008
57529.png,Fixed,336,336,29,72,5282.0,50545.0,14112,41715,0.10450093975665249,0.1266211195013784
57530.png,DRIP,336,336,2,72,2590.0,16772.0,14112,5250,0.15442404006677796,0.49333333333333335
57530.png,Fixed,336,336,2,72,532.0,18830.0,14112,5250,0.02825278810408922,0.10133333333333333
57531.png,DRIP,336,336,2,72,2590.0,16772.0,14112,5250,0.15442404006677796,0.49333333333333335
57531.png,Fixed,336,336,2,72,532.0,18830.0,14112,5250,0.02825278810408922,0.10133333333333333
57532.png,DRIP,336,336,2,72,2590.0,16772.0,14112,5250,0.15442404006677796,0.49333333333333335
57532.png,Fixed,336,336,2,72,532.0,18830.0,14112,5250,0.02825278810408922,0.10133333333333333
57533.png,DRIP,336,336,2,72,2590.0,16772.0,14112,5250,0.15442404006677796,0.49333333333333335
57533.png,Fixed,336,336,2,72,532.0,18830.0,14112,5250,0.02825278810408922,0.10133333333333333
57537.png,DRIP,336,336,6,73,3436.0,19586.0,14308,8714,0.17543143061370367,0.39430801009869176
57537.png,Fixed,336,336,6,72,1297.0,21529.0,14112,8714,0.06024432161270844,0.14884094560477393
57539.png,DRIP,336,336,6,73,3436.0,19586.0,14308,8714,0.17543143061370367,0.39430801009869176
57539.png,Fixed,336,336,6,72,1297.0,21529.0,14112,8714,0.06024432161270844,0.14884094560477393
57540.png,DRIP,336,336,6,73,3436.0,19586.0,14308,8714,0.17543143061370367,0.39430801009869176
57540.png,Fixed,336,336,6,72,1297.0,21529.0,14112,8714,0.06024432161270844,0.14884094560477393
57543.png,DRIP,336,336,6,73,3436.0,19586.0,14308,8714,0.17543143061370367,0.39430801009869176
57543.png,Fixed,336,336,6,72,1297.0,21529.0,14112,8714,0.06024432161270844,0.14884094560477393
57550.png,DRIP,336,336,8,73,2411.0,17607.0,14308,5710,0.13693417390810472,0.4222416812609457
57550.png,Fixed,336,336,8,72,919.0,18903.0,14112,5710,0.04861662170025922,0.16094570928196147
57557.png,DRIP,336,336,8,73,2411.0,17607.0,14308,5710,0.13693417390810472,0.4222416812609457
57557.png,Fixed,336,336,8,72,919.0,18903.0,14112,5710,0.04861662170025922,0.16094570928196147
57562.png,DRIP,336,336,6,73,2354.0,21219.0,14308,9265,0.11093831000518403,0.2540744738262277
57562.png,Fixed,336,336,6,72,1318.0,22059.0,14112,9265,0.059748855342490595,0.14225580140313007
57564.png,DRIP,336,336,6,73,2354.0,21219.0,14308,9265,0.11093831000518403,0.2540744738262277
57564.png,Fixed,336,336,6,72,1318.0,22059.0,14112,9265,0.059748855342490595,0.14225580140313007
57566.png,DRIP,336,336,6,73,2354.0,21219.0,14308,9265,0.11093831000518403,0.2540744738262277
57566.png,Fixed,336,336,6,72,1318.0,22059.0,14112,9265,0.059748855342490595,0.14225580140313007
5772.png,DRIP,336,336,19,73,4123.0,25688.0,14308,15503,0.16050295857988164,0.2659485260917242
5772.png,Fixed,336,336,19,72,2365.0,27250.0,14112,15503,0.08678899082568807,0.1525511191382313
57733.png,DRIP,336,336,22,73,3638.0,21819.0,14308,11149,0.16673541408863835,0.32630729213382365
57733.png,Fixed,336,336,22,72,1246.0,24015.0,14112,11149,0.05188423901728086,0.11175890214369001
5774.png,DRIP,336,336,19,73,4123.0,25688.0,14308,15503,0.16050295857988164,0.2659485260917242
5774.png,Fixed,336,336,19,72,2365.0,27250.0,14112,15503,0.08678899082568807,0.1525511191382313
5776.png,DRIP,336,336,19,73,4123.0,25688.0,14308,15503,0.16050295857988164,0.2659485260917242
5776.png,Fixed,336,336,19,72,2365.0,27250.0,14112,15503,0.08678899082568807,0.1525511191382313
57765.png,DRIP,336,336,13,73,3369.0,29558.0,14308,18619,0.11397929494553082,0.18094419678822707
57765.png,Fixed,336,336,13,72,2035.0,30696.0,14112,18619,0.06629528277299974,0.10929695472366938
57766.png,DRIP,336,336,13,73,3369.0,29558.0,14308,18619,0.11397929494553082,0.18094419678822707
57766.png,Fixed,336,336,13,72,2035.0,30696.0,14112,18619,0.06629528277299974,0.10929695472366938
57767.png,DRIP,336,336,13,73,3369.0,29558.0,14308,18619,0.11397929494553082,0.18094419678822707
57767.png,Fixed,336,336,13,72,2035.0,30696.0,14112,18619,0.06629528277299974,0.10929695472366938
57770.png,DRIP,336,336,13,73,3369.0,29558.0,14308,18619,0.11397929494553082,0.18094419678822707
57770.png,Fixed,336,336,13,72,2035.0,30696.0,14112,18619,0.06629528277299974,0.10929695472366938
57771.png,DRIP,336,336,13,73,3369.0,29558.0,14308,18619,0.11397929494553082,0.18094419678822707
57771.png,Fixed,336,336,13,72,2035.0,30696.0,14112,18619,0.06629528277299974,0.10929695472366938
5778.png,DRIP,336,336,19,73,4123.0,25688.0,14308,15503,0.16050295857988164,0.2659485260917242
5778.png,Fixed,336,336,19,72,2365.0,27250.0,14112,15503,0.08678899082568807,0.1525511191382313
57780.png,DRIP,336,336,14,73,1965.0,17057.0,14308,4714,0.11520196986574427,0.4168434450572762
57780.png,Fixed,336,336,14,72,601.0,18225.0,14112,4714,0.03297668038408779,0.1274925753075944
57781.png,DRIP,336,336,14,73,1965.0,17057.0,14308,4714,0.11520196986574427,0.4168434450572762
57781.png,Fixed,336,336,14,72,601.0,18225.0,14112,4714,0.03297668038408779,0.1274925753075944
57782.png,DRIP,336,336,14,73,1965.0,17057.0,14308,4714,0.11520196986574427,0.4168434450572762
57782.png,Fixed,336,336,14,72,601.0,18225.0,14112,4714,0.03297668038408779,0.1274925753075944
57783.png,DRIP,336,336,14,73,1965.0,17057.0,14308,4714,0.11520196986574427,0.4168434450572762
57783.png,Fixed,336,336,14,72,601.0,18225.0,14112,4714,0.03297668038408779,0.1274925753075944
57784.png,DRIP,336,336,14,73,1965.0,17057.0,14308,4714,0.11520196986574427,0.4168434450572762
57784.png,Fixed,336,336,14,72,601.0,18225.0,14112,4714,0.03297668038408779,0.1274925753075944
57786.png,DRIP,336,336,12,73,2575.0,21870.0,14308,10137,0.11774119798811157,0.2540199270000986
57786.png,Fixed,336,336,12,72,1348.0,22901.0,14112,10137,0.05886205842539627,0.1329781986781099
57790.png,DRIP,336,336,12,73,2575.0,21870.0,14308,10137,0.11774119798811157,0.2540199270000986
57790.png,Fixed,336,336,12,72,1348.0,22901.0,14112,10137,0.05886205842539627,0.1329781986781099
57791.png,DRIP,336,336,12,73,2575.0,21870.0,14308,10137,0.11774119798811157,0.2540199270000986
57791.png,Fixed,336,336,12,72,1348.0,22901.0,14112,10137,0.05886205842539627,0.1329781986781099
57798.png,DRIP,336,336,13,73,2535.0,25363.0,14308,13590,0.0999487442337263,0.18653421633554085
57798.png,Fixed,336,336,13,72,1855.0,25847.0,14112,13590,0.07176848376987659,0.1364974245768948
57799.png,DRIP,336,336,13,73,2535.0,25363.0,14308,13590,0.0999487442337263,0.18653421633554085
57799.png,Fixed,336,336,13,72,1855.0,25847.0,14112,13590,0.07176848376987659,0.1364974245768948
57800.png,DRIP,336,336,13,73,2535.0,25363.0,14308,13590,0.0999487442337263,0.18653421633554085
57800.png,Fixed,336,336,13,72,1855.0,25847.0,14112,13590,0.07176848376987659,0.1364974245768948
57801.png,DRIP,336,336,13,73,2535.0,25363.0,14308,13590,0.0999487442337263,0.18653421633554085
57801.png,Fixed,336,336,13,72,1855.0,25847.0,14112,13590,0.07176848376987659,0.1364974245768948
57803.png,DRIP,336,336,13,73,2535.0,25363.0,14308,13590,0.0999487442337263,0.18653421633554085
57803.png,Fixed,336,336,13,72,1855.0,25847.0,14112,13590,0.07176848376987659,0.1364974245768948
57804.png,DRIP,336,336,54,73,8731.0,56196.0,14308,50619,0.15536693003060717,0.17248464015488255
57804.png,Fixed,336,336,54,72,6094.0,58637.0,14112,50619,0.10392755427460477,0.12038957703629072
57805.png,DRIP,336,336,54,73,8731.0,56196.0,14308,50619,0.15536693003060717,0.17248464015488255
57805.png,Fixed,336,336,54,72,6094.0,58637.0,14112,50619,0.10392755427460477,0.12038957703629072
57807.png,DRIP,336,336,54,73,8731.0,56196.0,14308,50619,0.15536693003060717,0.17248464015488255
57807.png,Fixed,336,336,54,72,6094.0,58637.0,14112,50619,0.10392755427460477,0.12038957703629072
57808.png,DRIP,336,336,54,73,8731.0,56196.0,14308,50619,0.15536693003060717,0.17248464015488255
57808.png,Fixed,336,336,54,72,6094.0,58637.0,14112,50619,0.10392755427460477,0.12038957703629072
5781.png,DRIP,336,336,39,73,4123.0,25879.0,14308,15694,0.15931836624289966,0.2627118644067797
5781.png,Fixed,336,336,39,72,3201.0,26605.0,14112,15694,0.12031573012591618,0.2039632980756977
57810.png,DRIP,336,336,54,73,8731.0,56196.0,14308,50619,0.15536693003060717,0.17248464015488255
57810.png,Fixed,336,336,54,72,6094.0,58637.0,14112,50619,0.10392755427460477,0.12038957703629072
57815.png,DRIP,336,336,4,73,68.0,17066.0,14308,2826,0.003984530645728348,0.024062278839348902
57815.png,Fixed,336,336,4,72,394.0,16544.0,14112,2826,0.023815280464216635,0.1394196744515216
57817.png,DRIP,336,336,4,73,68.0,17066.0,14308,2826,0.003984530645728348,0.024062278839348902
57817.png,Fixed,336,336,4,72,394.0,16544.0,14112,2826,0.023815280464216635,0.1394196744515216
57819.png,DRIP,336,336,4,73,68.0,17066.0,14308,2826,0.003984530645728348,0.024062278839348902
57819.png,Fixed,336,336,4,72,394.0,16544.0,14112,2826,0.023815280464216635,0.1394196744515216
57820.png,DRIP,336,336,5,72,1466.0,16453.0,14112,3807,0.08910229137543305,0.38508011557656946
57820.png,Fixed,336,336,5,72,434.0,17485.0,14112,3807,0.024821275378896196,0.11400052534804307
57821.png,DRIP,336,336,5,72,1466.0,16453.0,14112,3807,0.08910229137543305,0.38508011557656946
57821.png,Fixed,336,336,5,72,434.0,17485.0,14112,3807,0.024821275378896196,0.11400052534804307
57822.png,DRIP,336,336,5,72,1466.0,16453.0,14112,3807,0.08910229137543305,0.38508011557656946
57822.png,Fixed,336,336,5,72,434.0,17485.0,14112,3807,0.024821275378896196,0.11400052534804307
57823.png,DRIP,336,336,5,72,1466.0,16453.0,14112,3807,0.08910229137543305,0.38508011557656946
57823.png,Fixed,336,336,5,72,434.0,17485.0,14112,3807,0.024821275378896196,0.11400052534804307
57825.png,DRIP,336,336,5,72,1466.0,16453.0,14112,3807,0.08910229137543305,0.38508011557656946
57825.png,Fixed,336,336,5,72,434.0,17485.0,14112,3807,0.024821275378896196,0.11400052534804307
57826.png,DRIP,336,336,5,72,1466.0,16453.0,14112,3807,0.08910229137543305,0.38508011557656946
57826.png,Fixed,336,336,5,72,434.0,17485.0,14112,3807,0.024821275378896196,0.11400052534804307
57827.png,DRIP,336,336,5,72,1466.0,16453.0,14112,3807,0.08910229137543305,0.38508011557656946
57827.png,Fixed,336,336,5,72,434.0,17485.0,14112,3807,0.024821275378896196,0.11400052534804307
57833.png,DRIP,336,336,12,73,2542.0,28895.0,14308,17129,0.08797369787160408,0.1484032926615681
57833.png,Fixed,336,336,12,72,1532.0,29709.0,14112,17129,0.05156686525968562,0.08943896316188919
57835.png,DRIP,336,336,12,73,2542.0,28895.0,14308,17129,0.08797369787160408,0.1484032926615681
57835.png,Fixed,336,336,12,72,1532.0,29709.0,14112,17129,0.05156686525968562,0.08943896316188919
57836.png,DRIP,336,336,12,73,2542.0,28895.0,14308,17129,0.08797369787160408,0.1484032926615681
57836.png,Fixed,336,336,12,72,1532.0,29709.0,14112,17129,0.05156686525968562,0.08943896316188919
57837.png,DRIP,336,336,12,73,2542.0,28895.0,14308,17129,0.08797369787160408,0.1484032926615681
57837.png,Fixed,336,336,12,72,1532.0,29709.0,14112,17129,0.05156686525968562,0.08943896316188919
57838.png,DRIP,336,336,12,73,2542.0,28895.0,14308,17129,0.08797369787160408,0.1484032926615681
57838.png,Fixed,336,336,12,72,1532.0,29709.0,14112,17129,0.05156686525968562,0.08943896316188919
57841.png,DRIP,336,336,3,73,574.0,15006.0,14308,1272,0.03825136612021858,0.45125786163522014
57841.png,Fixed,336,336,3,72,70.0,15314.0,14112,1272,0.004570980801880632,0.055031446540880505
57843.png,DRIP,336,336,3,73,574.0,15006.0,14308,1272,0.03825136612021858,0.45125786163522014
57843.png,Fixed,336,336,3,72,70.0,15314.0,14112,1272,0.004570980801880632,0.055031446540880505
57844.png,DRIP,336,336,3,73,574.0,15006.0,14308,1272,0.03825136612021858,0.45125786163522014
57844.png,Fixed,336,336,3,72,70.0,15314.0,14112,1272,0.004570980801880632,0.055031446540880505
57845.png,DRIP,336,336,3,73,574.0,15006.0,14308,1272,0.03825136612021858,0.45125786163522014
57845.png,Fixed,336,336,3,72,70.0,15314.0,14112,1272,0.004570980801880632,0.055031446540880505
57853.png,DRIP,336,336,4,73,1382.0,20148.0,14308,7222,0.06859241612070677,0.191359734145666
57853.png,Fixed,336,336,4,72,580.0,20754.0,14112,7222,0.027946419967235233,0.08031016338964275
57854.png,DRIP,336,336,4,73,1382.0,20148.0,14308,7222,0.06859241612070677,0.191359734145666
57854.png,Fixed,336,336,4,72,580.0,20754.0,14112,7222,0.027946419967235233,0.08031016338964275
57855.png,DRIP,336,336,4,73,1382.0,20148.0,14308,7222,0.06859241612070677,0.191359734145666
57855.png,Fixed,336,336,4,72,580.0,20754.0,14112,7222,0.027946419967235233,0.08031016338964275
57857.png,DRIP,336,336,4,73,1382.0,20148.0,14308,7222,0.06859241612070677,0.191359734145666
57857.png,Fixed,336,336,4,72,580.0,20754.0,14112,7222,0.027946419967235233,0.08031016338964275
57858.png,DRIP,336,336,4,73,1382.0,20148.0,14308,7222,0.06859241612070677,0.191359734145666
57858.png,Fixed,336,336,4,72,580.0,20754.0,14112,7222,0.027946419967235233,0.08031016338964275
5786.png,DRIP,336,336,39,73,4123.0,25879.0,14308,15694,0.15931836624289966,0.2627118644067797
5786.png,Fixed,336,336,39,72,3201.0,26605.0,14112,15694,0.12031573012591618,0.2039632980756977
57880.png,DRIP,336,336,0,72,,,14112,0,,
57880.png,Fixed,336,336,0,72,,,14112,0,,
57881.png,DRIP,336,336,0,72,,,14112,0,,
57881.png,Fixed,336,336,0,72,,,14112,0,,
57882.png,DRIP,336,336,0,72,,,14112,0,,
57882.png,Fixed,336,336,0,72,,,14112,0,,
57883.png,DRIP,336,336,0,72,,,14112,0,,
57883.png,Fixed,336,336,0,72,,,14112,0,,
57884.png,DRIP,336,336,0,72,,,14112,0,,
57884.png,Fixed,336,336,0,72,,,14112,0,,
57885.png,DRIP,336,336,0,72,,,14112,0,,
57885.png,Fixed,336,336,0,72,,,14112,0,,
57886.png,DRIP,336,336,1,73,60.0,15523.0,14308,1275,0.0038652322360368486,0.047058823529411764
57886.png,Fixed,336,336,1,72,0.0,15387.0,14112,1275,0.0,0.0
57887.png,DRIP,336,336,1,73,60.0,15523.0,14308,1275,0.0038652322360368486,0.047058823529411764
57887.png,Fixed,336,336,1,72,0.0,15387.0,14112,1275,0.0,0.0
57888.png,DRIP,336,336,1,73,60.0,15523.0,14308,1275,0.0038652322360368486,0.047058823529411764
57888.png,Fixed,336,336,1,72,0.0,15387.0,14112,1275,0.0,0.0
57889.png,DRIP,336,336,1,73,60.0,15523.0,14308,1275,0.0038652322360368486,0.047058823529411764
57889.png,Fixed,336,336,1,72,0.0,15387.0,14112,1275,0.0,0.0
57890.png,DRIP,336,336,1,73,60.0,15523.0,14308,1275,0.0038652322360368486,0.047058823529411764
57890.png,Fixed,336,336,1,72,0.0,15387.0,14112,1275,0.0,0.0
57891.png,DRIP,336,336,1,73,60.0,15523.0,14308,1275,0.0038652322360368486,0.047058823529411764
57891.png,Fixed,336,336,1,72,0.0,15387.0,14112,1275,0.0,0.0
57899.png,DRIP,336,336,17,73,3211.0,30600.0,14308,19503,0.10493464052287582,0.16464133723016972
57899.png,Fixed,336,336,17,72,1741.0,31874.0,14112,19503,0.054621321453222065,0.08926831769471363
57900.png,DRIP,336,336,17,73,3211.0,30600.0,14308,19503,0.10493464052287582,0.16464133723016972
57900.png,Fixed,336,336,17,72,1741.0,31874.0,14112,19503,0.054621321453222065,0.08926831769471363
57901.png,DRIP,336,336,17,73,3211.0,30600.0,14308,19503,0.10493464052287582,0.16464133723016972
57901.png,Fixed,336,336,17,72,1741.0,31874.0,14112,19503,0.054621321453222065,0.08926831769471363
57902.png,DRIP,336,336,17,73,3211.0,30600.0,14308,19503,0.10493464052287582,0.16464133723016972
57902.png,Fixed,336,336,17,72,1741.0,31874.0,14112,19503,0.054621321453222065,0.08926831769471363
57903.png,DRIP,336,336,17,73,3211.0,30600.0,14308,19503,0.10493464052287582,0.16464133723016972
57903.png,Fixed,336,336,17,72,1741.0,31874.0,14112,19503,0.054621321453222065,0.08926831769471363
57904.png,DRIP,336,336,17,73,3211.0,30600.0,14308,19503,0.10493464052287582,0.16464133723016972
57904.png,Fixed,336,336,17,72,1741.0,31874.0,14112,19503,0.054621321453222065,0.08926831769471363
57905.png,DRIP,336,336,32,73,5029.0,29297.0,14308,20018,0.17165580093524935,0.2512238984913578
57905.png,Fixed,336,336,32,72,2886.0,31244.0,14112,20018,0.09236973498911791,0.14417024677789989
57928.png,DRIP,336,336,2,73,1595.0,15463.0,14308,2750,0.10314945353424303,0.58
57928.png,Fixed,336,336,2,72,308.0,16554.0,14112,2750,0.018605775039265433,0.112
57929.png,DRIP,336,336,2,73,1595.0,15463.0,14308,2750,0.10314945353424303,0.58
57929.png,Fixed,336,336,2,72,308.0,16554.0,14112,2750,0.018605775039265433,0.112
57931.png,DRIP,336,336,2,73,1595.0,15463.0,14308,2750,0.10314945353424303,0.58
57931.png,Fixed,336,336,2,72,308.0,16554.0,14112,2750,0.018605775039265433,0.112
57933.png,DRIP,336,336,2,73,1595.0,15463.0,14308,2750,0.10314945353424303,0.58
57933.png,Fixed,336,336,2,72,308.0,16554.0,14112,2750,0.018605775039265433,0.112
57934.png,DRIP,336,336,2,73,1595.0,15463.0,14308,2750,0.10314945353424303,0.58
57934.png,Fixed,336,336,2,72,308.0,16554.0,14112,2750,0.018605775039265433,0.112
57951.png,DRIP,336,336,10,73,2506.0,21815.0,14308,10013,0.11487508595003439,0.2502746429641466
57951.png,Fixed,336,336,10,72,1368.0,22757.0,14112,10013,0.060113371709803576,0.1366223908918406
57952.png,DRIP,336,336,10,73,2506.0,21815.0,14308,10013,0.11487508595003439,0.2502746429641466
57952.png,Fixed,336,336,10,72,1368.0,22757.0,14112,10013,0.060113371709803576,0.1366223908918406
57954.png,DRIP,336,336,10,73,2506.0,21815.0,14308,10013,0.11487508595003439,0.2502746429641466
57954.png,Fixed,336,336,10,72,1368.0,22757.0,14112,10013,0.060113371709803576,0.1366223908918406
57955.png,DRIP,336,336,10,73,2506.0,21815.0,14308,10013,0.11487508595003439,0.2502746429641466
57955.png,Fixed,336,336,10,72,1368.0,22757.0,14112,10013,0.060113371709803576,0.1366223908918406
57963.png,DRIP,336,336,18,73,3301.0,26267.0,14308,15260,0.12567099402291848,0.21631716906946263
57963.png,Fixed,336,336,18,72,2164.0,27208.0,14112,15260,0.0795354307556601,0.1418086500655308
57964.png,DRIP,336,336,18,73,3301.0,26267.0,14308,15260,0.12567099402291848,0.21631716906946263
57964.png,Fixed,336,336,18,72,2164.0,27208.0,14112,15260,0.0795354307556601,0.1418086500655308
57965.png,DRIP,336,336,18,73,3301.0,26267.0,14308,15260,0.12567099402291848,0.21631716906946263
57965.png,Fixed,336,336,18,72,2164.0,27208.0,14112,15260,0.0795354307556601,0.1418086500655308
57969.png,DRIP,336,336,0,73,,,14308,0,,
57969.png,Fixed,336,336,0,72,,,14112,0,,
57971.png,DRIP,336,336,0,73,,,14308,0,,
57971.png,Fixed,336,336,0,72,,,14112,0,,
57973.png,DRIP,336,336,0,73,,,14308,0,,
57973.png,Fixed,336,336,0,72,,,14112,0,,
57974.png,DRIP,336,336,0,73,,,14308,0,,
57974.png,Fixed,336,336,0,72,,,14112,0,,
57975.png,DRIP,336,336,0,73,,,14308,0,,
57975.png,Fixed,336,336,0,72,,,14112,0,,
57976.png,DRIP,336,336,0,73,,,14308,0,,
57976.png,Fixed,336,336,0,72,,,14112,0,,
57977.png,DRIP,336,336,0,73,,,14308,0,,
57977.png,Fixed,336,336,0,72,,,14112,0,,
57978.png,DRIP,336,336,0,73,,,14308,0,,
57978.png,Fixed,336,336,0,72,,,14112,0,,
57985.png,DRIP,336,336,21,73,3843.0,31572.0,14308,21107,0.1217217787913341,0.18207229828966692
57985.png,Fixed,336,336,21,72,3084.0,32135.0,14112,21107,0.09597012603080753,0.1461126640451035
57986.png,DRIP,336,336,21,73,3843.0,31572.0,14308,21107,0.1217217787913341,0.18207229828966692
57986.png,Fixed,336,336,21,72,3084.0,32135.0,14112,21107,0.09597012603080753,0.1461126640451035
57987.png,DRIP,336,336,1,72,642.0,14535.0,14112,1065,0.04416924664602683,0.6028169014084507
57987.png,Fixed,336,336,1,72,24.0,15153.0,14112,1065,0.0015838447832112453,0.022535211267605635
57989.png,DRIP,336,336,1,72,642.0,14535.0,14112,1065,0.04416924664602683,0.6028169014084507
57989.png,Fixed,336,336,1,72,24.0,15153.0,14112,1065,0.0015838447832112453,0.022535211267605635
58007.png,DRIP,336,336,18,73,7657.0,57709.0,14308,51058,0.13268294373494602,0.14996670453210076
58007.png,Fixed,336,336,18,72,7056.0,58114.0,14112,51058,0.12141652613827993,0.1381957773512476
58009.png,DRIP,336,336,18,73,7657.0,57709.0,14308,51058,0.13268294373494602,0.14996670453210076
58009.png,Fixed,336,336,18,72,7056.0,58114.0,14112,51058,0.12141652613827993,0.1381957773512476
58018.png,DRIP,336,336,9,73,1507.0,21572.0,14308,8771,0.06985907658075283,0.17181621251852697
58018.png,Fixed,336,336,9,72,1165.0,21718.0,14112,8771,0.053642140160235746,0.13282407935241136
58020.png,DRIP,336,336,9,73,1507.0,21572.0,14308,8771,0.06985907658075283,0.17181621251852697
58020.png,Fixed,336,336,9,72,1165.0,21718.0,14112,8771,0.053642140160235746,0.13282407935241136
58021.png,DRIP,336,336,9,73,1507.0,21572.0,14308,8771,0.06985907658075283,0.17181621251852697
58021.png,Fixed,336,336,9,72,1165.0,21718.0,14112,8771,0.053642140160235746,0.13282407935241136
58022.png,DRIP,336,336,9,73,1507.0,21572.0,14308,8771,0.06985907658075283,0.17181621251852697
58022.png,Fixed,336,336,9,72,1165.0,21718.0,14112,8771,0.053642140160235746,0.13282407935241136
58023.png,DRIP,336,336,9,73,1507.0,21572.0,14308,8771,0.06985907658075283,0.17181621251852697
58023.png,Fixed,336,336,9,72,1165.0,21718.0,14112,8771,0.053642140160235746,0.13282407935241136
58024.png,DRIP,336,336,32,73,5029.0,29297.0,14308,20018,0.17165580093524935,0.2512238984913578
58024.png,Fixed,336,336,32,72,2886.0,31244.0,14112,20018,0.09236973498911791,0.14417024677789989
58029.png,DRIP,336,336,18,73,3745.0,30032.0,14308,19469,0.12470031965903036,0.19235708048692793
58029.png,Fixed,336,336,18,72,2968.0,30613.0,14112,19469,0.09695227517721229,0.15244748061020083
58054.png,DRIP,336,336,32,73,3239.0,24531.0,14308,13462,0.13203701438995558,0.24060317931956618
58054.png,Fixed,336,336,32,72,1645.0,25929.0,14112,13462,0.06344247753480659,0.1221958104293567
58056.png,DRIP,336,336,32,73,3239.0,24531.0,14308,13462,0.13203701438995558,0.24060317931956618
58056.png,Fixed,336,336,32,72,1645.0,25929.0,14112,13462,0.06344247753480659,0.1221958104293567
58059.png,DRIP,336,336,32,73,3239.0,24531.0,14308,13462,0.13203701438995558,0.24060317931956618
58059.png,Fixed,336,336,32,72,1645.0,25929.0,14112,13462,0.06344247753480659,0.1221958104293567
58061.png,DRIP,336,336,32,73,3239.0,24531.0,14308,13462,0.13203701438995558,0.24060317931956618
58061.png,Fixed,336,336,32,72,1645.0,25929.0,14112,13462,0.06344247753480659,0.1221958104293567
58064.png,DRIP,336,336,32,73,3239.0,24531.0,14308,13462,0.13203701438995558,0.24060317931956618
58064.png,Fixed,336,336,32,72,1645.0,25929.0,14112,13462,0.06344247753480659,0.1221958104293567
5807.png,DRIP,336,336,21,73,5203.0,37548.0,14308,28443,0.13856929796527112,0.18292725802482157
5807.png,Fixed,336,336,21,72,3400.0,39155.0,14112,28443,0.08683437619716511,0.11953732025454418
581.png,DRIP,336,336,21,73,6658.0,60867.0,14308,53217,0.10938603841161877,0.1251103970535731
581.png,Fixed,336,336,21,72,6529.0,60800.0,14112,53217,0.10738486842105263,0.12268635962192533
58105.png,DRIP,336,336,38,72,3719.0,34237.0,14112,23844,0.1086251715979788,0.15597215232343567
58105.png,Fixed,336,336,38,72,2400.0,35556.0,14112,23844,0.06749915626054674,0.10065425264217413
58106.png,DRIP,336,336,38,72,3719.0,34237.0,14112,23844,0.1086251715979788,0.15597215232343567
58106.png,Fixed,336,336,38,72,2400.0,35556.0,14112,23844,0.06749915626054674,0.10065425264217413
58107.png,DRIP,336,336,38,72,3719.0,34237.0,14112,23844,0.1086251715979788,0.15597215232343567
58107.png,Fixed,336,336,38,72,2400.0,35556.0,14112,23844,0.06749915626054674,0.10065425264217413
58108.png,DRIP,336,336,38,72,3719.0,34237.0,14112,23844,0.1086251715979788,0.15597215232343567
58108.png,Fixed,336,336,38,72,2400.0,35556.0,14112,23844,0.06749915626054674,0.10065425264217413
5811.png,DRIP,336,336,21,73,5203.0,37548.0,14308,28443,0.13856929796527112,0.18292725802482157
5811.png,Fixed,336,336,21,72,3400.0,39155.0,14112,28443,0.08683437619716511,0.11953732025454418
5815.png,DRIP,336,336,21,73,5203.0,37548.0,14308,28443,0.13856929796527112,0.18292725802482157
5815.png,Fixed,336,336,21,72,3400.0,39155.0,14112,28443,0.08683437619716511,0.11953732025454418
5816.png,DRIP,336,336,39,73,4123.0,25879.0,14308,15694,0.15931836624289966,0.2627118644067797
5816.png,Fixed,336,336,39,72,3201.0,26605.0,14112,15694,0.12031573012591618,0.2039632980756977
582.png,DRIP,336,336,21,73,6658.0,60867.0,14308,53217,0.10938603841161877,0.1251103970535731
582.png,Fixed,336,336,21,72,6529.0,60800.0,14112,53217,0.10738486842105263,0.12268635962192533
5820.png,DRIP,336,336,15,72,2043.0,21958.0,14112,9889,0.09304126058839603,0.2065931843462433
5820.png,Fixed,336,336,15,72,1891.0,22110.0,14112,9889,0.08552691090004523,0.19122257053291536
5821.png,DRIP,336,336,21,73,5203.0,37548.0,14308,28443,0.13856929796527112,0.18292725802482157
5821.png,Fixed,336,336,21,72,3400.0,39155.0,14112,28443,0.08683437619716511,0.11953732025454418
5823.png,DRIP,336,336,15,72,2043.0,21958.0,14112,9889,0.09304126058839603,0.2065931843462433
5823.png,Fixed,336,336,15,72,1891.0,22110.0,14112,9889,0.08552691090004523,0.19122257053291536
5824.png,DRIP,336,336,39,73,4123.0,25879.0,14308,15694,0.15931836624289966,0.2627118644067797
5824.png,Fixed,336,336,39,72,3201.0,26605.0,14112,15694,0.12031573012591618,0.2039632980756977
5825.png,DRIP,336,336,15,72,2043.0,21958.0,14112,9889,0.09304126058839603,0.2065931843462433
5825.png,Fixed,336,336,15,72,1891.0,22110.0,14112,9889,0.08552691090004523,0.19122257053291536
58267.png,DRIP,336,336,28,73,3171.0,27866.0,14308,16729,0.11379458838728199,0.18955107896467213
58267.png,Fixed,336,336,28,72,1944.0,28897.0,14112,16729,0.06727341938609545,0.11620539183453882
58268.png,DRIP,336,336,28,73,3171.0,27866.0,14308,16729,0.11379458838728199,0.18955107896467213
58268.png,Fixed,336,336,28,72,1944.0,28897.0,14112,16729,0.06727341938609545,0.11620539183453882
58269.png,DRIP,336,336,28,73,3171.0,27866.0,14308,16729,0.11379458838728199,0.18955107896467213
58269.png,Fixed,336,336,28,72,1944.0,28897.0,14112,16729,0.06727341938609545,0.11620539183453882
5827.png,DRIP,336,336,15,72,2043.0,21958.0,14112,9889,0.09304126058839603,0.2065931843462433
5827.png,Fixed,336,336,15,72,1891.0,22110.0,14112,9889,0.08552691090004523,0.19122257053291536
58270.png,DRIP,336,336,28,73,3171.0,27866.0,14308,16729,0.11379458838728199,0.18955107896467213
58270.png,Fixed,336,336,28,72,1944.0,28897.0,14112,16729,0.06727341938609545,0.11620539183453882
58272.png,DRIP,336,336,28,73,3171.0,27866.0,14308,16729,0.11379458838728199,0.18955107896467213
58272.png,Fixed,336,336,28,72,1944.0,28897.0,14112,16729,0.06727341938609545,0.11620539183453882
58289.png,DRIP,336,336,8,73,2262.0,23386.0,14308,11340,0.09672453604720774,0.19947089947089947
58289.png,Fixed,336,336,8,72,1736.0,23716.0,14112,11340,0.07319952774498228,0.15308641975308643
58291.png,DRIP,336,336,8,73,2262.0,23386.0,14308,11340,0.09672453604720774,0.19947089947089947
58291.png,Fixed,336,336,8,72,1736.0,23716.0,14112,11340,0.07319952774498228,0.15308641975308643
58292.png,DRIP,336,336,8,73,2262.0,23386.0,14308,11340,0.09672453604720774,0.19947089947089947
58292.png,Fixed,336,336,8,72,1736.0,23716.0,14112,11340,0.07319952774498228,0.15308641975308643
58294.png,DRIP,336,336,8,73,2262.0,23386.0,14308,11340,0.09672453604720774,0.19947089947089947
58294.png,Fixed,336,336,8,72,1736.0,23716.0,14112,11340,0.07319952774498228,0.15308641975308643
58295.png,DRIP,336,336,36,73,5046.0,29683.0,14308,20421,0.16999629417511708,0.2470985749963273
58295.png,Fixed,336,336,36,72,2879.0,31654.0,14112,20421,0.09095217034182095,0.1409823221193869
58296.png,DRIP,336,336,36,73,5046.0,29683.0,14308,20421,0.16999629417511708,0.2470985749963273
58296.png,Fixed,336,336,36,72,2879.0,31654.0,14112,20421,0.09095217034182095,0.1409823221193869
58297.png,DRIP,336,336,36,73,5046.0,29683.0,14308,20421,0.16999629417511708,0.2470985749963273
58297.png,Fixed,336,336,36,72,2879.0,31654.0,14112,20421,0.09095217034182095,0.1409823221193869
58298.png,DRIP,336,336,36,73,5046.0,29683.0,14308,20421,0.16999629417511708,0.2470985749963273
58298.png,Fixed,336,336,36,72,2879.0,31654.0,14112,20421,0.09095217034182095,0.1409823221193869
58299.png,DRIP,336,336,12,73,4470.0,28340.0,14308,18502,0.15772759350741003,0.24159550318884446
58299.png,Fixed,336,336,12,72,2548.0,30066.0,14112,18502,0.08474689017494845,0.13771484163874176
583.png,DRIP,336,336,21,73,6658.0,60867.0,14308,53217,0.10938603841161877,0.1251103970535731
583.png,Fixed,336,336,21,72,6529.0,60800.0,14112,53217,0.10738486842105263,0.12268635962192533
58300.png,DRIP,336,336,12,73,4470.0,28340.0,14308,18502,0.15772759350741003,0.24159550318884446
58300.png,Fixed,336,336,12,72,2548.0,30066.0,14112,18502,0.08474689017494845,0.13771484163874176
58301.png,DRIP,336,336,12,73,4470.0,28340.0,14308,18502,0.15772759350741003,0.24159550318884446
58301.png,Fixed,336,336,12,72,2548.0,30066.0,14112,18502,0.08474689017494845,0.13771484163874176
58302.png,DRIP,336,336,12,73,4470.0,28340.0,14308,18502,0.15772759350741003,0.24159550318884446
58302.png,Fixed,336,336,12,72,2548.0,30066.0,14112,18502,0.08474689017494845,0.13771484163874176
58303.png,DRIP,336,336,12,73,4470.0,28340.0,14308,18502,0.15772759350741003,0.24159550318884446
58303.png,Fixed,336,336,12,72,2548.0,30066.0,14112,18502,0.08474689017494845,0.13771484163874176
58304.png,DRIP,336,336,12,73,4470.0,28340.0,14308,18502,0.15772759350741003,0.24159550318884446
58304.png,Fixed,336,336,12,72,2548.0,30066.0,14112,18502,0.08474689017494845,0.13771484163874176
58305.png,DRIP,336,336,19,73,2425.0,23351.0,14308,11468,0.10384994218663013,0.21145797000348796
58305.png,Fixed,336,336,19,72,1461.0,24119.0,14112,11468,0.06057465069032713,0.12739797697942098
58309.png,DRIP,336,336,16,73,4177.0,22507.0,14308,12376,0.18558670635802194,0.337508080155139
58309.png,Fixed,336,336,16,72,1531.0,24957.0,14112,12376,0.06134551428456946,0.12370717517776342
58310.png,DRIP,336,336,16,73,4177.0,22507.0,14308,12376,0.18558670635802194,0.337508080155139
58310.png,Fixed,336,336,16,72,1531.0,24957.0,14112,12376,0.06134551428456946,0.12370717517776342
58311.png,DRIP,336,336,16,73,4177.0,22507.0,14308,12376,0.18558670635802194,0.337508080155139
58311.png,Fixed,336,336,16,72,1531.0,24957.0,14112,12376,0.06134551428456946,0.12370717517776342
58312.png,DRIP,336,336,16,73,4177.0,22507.0,14308,12376,0.18558670635802194,0.337508080155139
58312.png,Fixed,336,336,16,72,1531.0,24957.0,14112,12376,0.06134551428456946,0.12370717517776342
58319.png,DRIP,336,336,13,73,3743.0,20331.0,14308,9766,0.18410309379764891,0.3832684824902724
58319.png,Fixed,336,336,13,72,1283.0,22595.0,14112,9766,0.05678247399867227,0.1313741552324391
58320.png,DRIP,336,336,13,73,3743.0,20331.0,14308,9766,0.18410309379764891,0.3832684824902724
58320.png,Fixed,336,336,13,72,1283.0,22595.0,14112,9766,0.05678247399867227,0.1313741552324391
58321.png,DRIP,336,336,13,73,3743.0,20331.0,14308,9766,0.18410309379764891,0.3832684824902724
58321.png,Fixed,336,336,13,72,1283.0,22595.0,14112,9766,0.05678247399867227,0.1313741552324391
58322.png,DRIP,336,336,13,73,3743.0,20331.0,14308,9766,0.18410309379764891,0.3832684824902724
58322.png,Fixed,336,336,13,72,1283.0,22595.0,14112,9766,0.05678247399867227,0.1313741552324391
58330.png,DRIP,336,336,55,73,4192.0,32312.0,14308,22196,0.1297350829413221,0.18886285817264373
58330.png,Fixed,336,336,55,72,2484.0,33824.0,14112,22196,0.07343897824030274,0.11191205622634709
58332.png,DRIP,336,336,55,73,4192.0,32312.0,14308,22196,0.1297350829413221,0.18886285817264373
58332.png,Fixed,336,336,55,72,2484.0,33824.0,14112,22196,0.07343897824030274,0.11191205622634709
58333.png,DRIP,336,336,55,73,4192.0,32312.0,14308,22196,0.1297350829413221,0.18886285817264373
58333.png,Fixed,336,336,55,72,2484.0,33824.0,14112,22196,0.07343897824030274,0.11191205622634709
58334.png,DRIP,336,336,55,73,4192.0,32312.0,14308,22196,0.1297350829413221,0.18886285817264373
58334.png,Fixed,336,336,55,72,2484.0,33824.0,14112,22196,0.07343897824030274,0.11191205622634709
58336.png,DRIP,336,336,55,73,4192.0,32312.0,14308,22196,0.1297350829413221,0.18886285817264373
58336.png,Fixed,336,336,55,72,2484.0,33824.0,14112,22196,0.07343897824030274,0.11191205622634709
58337.png,DRIP,336,336,55,73,4192.0,32312.0,14308,22196,0.1297350829413221,0.18886285817264373
58337.png,Fixed,336,336,55,72,2484.0,33824.0,14112,22196,0.07343897824030274,0.11191205622634709
58338.png,DRIP,336,336,55,73,4192.0,32312.0,14308,22196,0.1297350829413221,0.18886285817264373
58338.png,Fixed,336,336,55,72,2484.0,33824.0,14112,22196,0.07343897824030274,0.11191205622634709
58346.png,DRIP,336,336,30,73,5389.0,45351.0,14308,36432,0.1188286917598289,0.14791941150636803
58346.png,Fixed,336,336,30,72,4277.0,46267.0,14112,36432,0.09244169710592863,0.11739679402722882
58347.png,DRIP,336,336,30,73,5389.0,45351.0,14308,36432,0.1188286917598289,0.14791941150636803
58347.png,Fixed,336,336,30,72,4277.0,46267.0,14112,36432,0.09244169710592863,0.11739679402722882
58349.png,DRIP,336,336,30,73,5389.0,45351.0,14308,36432,0.1188286917598289,0.14791941150636803
58349.png,Fixed,336,336,30,72,4277.0,46267.0,14112,36432,0.09244169710592863,0.11739679402722882
58352.png,DRIP,336,336,47,73,4802.0,29151.0,14308,19645,0.16472848272786525,0.24443878849580045
58352.png,Fixed,336,336,47,72,1432.0,32325.0,14112,19645,0.044300077339520495,0.0728938661236956
58356.png,DRIP,336,336,47,73,4802.0,29151.0,14308,19645,0.16472848272786525,0.24443878849580045
58356.png,Fixed,336,336,47,72,1432.0,32325.0,14112,19645,0.044300077339520495,0.0728938661236956
58367.png,DRIP,336,336,41,73,6854.0,57657.0,14308,50203,0.11887541842274138,0.1365257056351214
58367.png,Fixed,336,336,41,72,6082.0,58233.0,14112,50203,0.10444249823982965,0.12114813855745672
58369.png,DRIP,336,336,17,73,6481.0,55824.0,14308,47997,0.11609701920321008,0.13502927266287476
58369.png,Fixed,336,336,17,72,5719.0,56390.0,14112,47997,0.10141869125731513,0.11915328041335917
58370.png,DRIP,336,336,17,73,6481.0,55824.0,14308,47997,0.11609701920321008,0.13502927266287476
58370.png,Fixed,336,336,17,72,5719.0,56390.0,14112,47997,0.10141869125731513,0.11915328041335917
58371.png,DRIP,336,336,17,73,6481.0,55824.0,14308,47997,0.11609701920321008,0.13502927266287476
58371.png,Fixed,336,336,17,72,5719.0,56390.0,14112,47997,0.10141869125731513,0.11915328041335917
58372.png,DRIP,336,336,17,73,6481.0,55824.0,14308,47997,0.11609701920321008,0.13502927266287476
58372.png,Fixed,336,336,17,72,5719.0,56390.0,14112,47997,0.10141869125731513,0.11915328041335917
58373.png,DRIP,336,336,17,73,6481.0,55824.0,14308,47997,0.11609701920321008,0.13502927266287476
58373.png,Fixed,336,336,17,72,5719.0,56390.0,14112,47997,0.10141869125731513,0.11915328041335917
58374.png,DRIP,336,336,17,73,6481.0,55824.0,14308,47997,0.11609701920321008,0.13502927266287476
58374.png,Fixed,336,336,17,72,5719.0,56390.0,14112,47997,0.10141869125731513,0.11915328041335917
58375.png,DRIP,336,336,17,73,6481.0,55824.0,14308,47997,0.11609701920321008,0.13502927266287476
58375.png,Fixed,336,336,17,72,5719.0,56390.0,14112,47997,0.10141869125731513,0.11915328041335917
58377.png,DRIP,336,336,12,73,7055.0,60544.0,14308,53291,0.11652682346723045,0.13238633165074778
58377.png,Fixed,336,336,12,72,6503.0,60900.0,14112,53291,0.1067816091954023,0.1220281098121634
58378.png,DRIP,336,336,12,73,7055.0,60544.0,14308,53291,0.11652682346723045,0.13238633165074778
58378.png,Fixed,336,336,12,72,6503.0,60900.0,14112,53291,0.1067816091954023,0.1220281098121634
58379.png,DRIP,336,336,12,73,7055.0,60544.0,14308,53291,0.11652682346723045,0.13238633165074778
58379.png,Fixed,336,336,12,72,6503.0,60900.0,14112,53291,0.1067816091954023,0.1220281098121634
58380.png,DRIP,336,336,11,72,1775.0,23798.0,14112,11461,0.07458609967224136,0.15487304772707441
58380.png,Fixed,336,336,11,72,2019.0,23554.0,14112,11461,0.0857179247686168,0.17616263851321876
58381.png,DRIP,336,336,12,73,7055.0,60544.0,14308,53291,0.11652682346723045,0.13238633165074778
58381.png,Fixed,336,336,12,72,6503.0,60900.0,14112,53291,0.1067816091954023,0.1220281098121634
58382.png,DRIP,336,336,11,72,1775.0,23798.0,14112,11461,0.07458609967224136,0.15487304772707441
58382.png,Fixed,336,336,11,72,2019.0,23554.0,14112,11461,0.0857179247686168,0.17616263851321876
58384.png,DRIP,336,336,11,72,1775.0,23798.0,14112,11461,0.07458609967224136,0.15487304772707441
58384.png,Fixed,336,336,11,72,2019.0,23554.0,14112,11461,0.0857179247686168,0.17616263851321876
58387.png,DRIP,336,336,11,72,1775.0,23798.0,14112,11461,0.07458609967224136,0.15487304772707441
58387.png,Fixed,336,336,11,72,2019.0,23554.0,14112,11461,0.0857179247686168,0.17616263851321876
58391.png,DRIP,336,336,37,72,2800.0,39767.0,14112,28455,0.07041013906002465,0.0984009840098401
58391.png,Fixed,336,336,37,72,3842.0,38725.0,14112,28455,0.09921239509360878,0.1350202073449306
58393.png,DRIP,336,336,37,72,2800.0,39767.0,14112,28455,0.07041013906002465,0.0984009840098401
58393.png,Fixed,336,336,37,72,3842.0,38725.0,14112,28455,0.09921239509360878,0.1350202073449306
58395.png,DRIP,336,336,37,72,2800.0,39767.0,14112,28455,0.07041013906002465,0.0984009840098401
58395.png,Fixed,336,336,37,72,3842.0,38725.0,14112,28455,0.09921239509360878,0.1350202073449306
58397.png,DRIP,336,336,30,73,4781.0,33827.0,14308,24300,0.14133680196292903,0.19674897119341564
58397.png,Fixed,336,336,30,72,3272.0,35140.0,14112,24300,0.09311326124075128,0.13465020576131687
58398.png,DRIP,336,336,30,73,4781.0,33827.0,14308,24300,0.14133680196292903,0.19674897119341564
58398.png,Fixed,336,336,30,72,3272.0,35140.0,14112,24300,0.09311326124075128,0.13465020576131687
58399.png,DRIP,336,336,30,73,4781.0,33827.0,14308,24300,0.14133680196292903,0.19674897119341564
58399.png,Fixed,336,336,30,72,3272.0,35140.0,14112,24300,0.09311326124075128,0.13465020576131687
584.png,DRIP,336,336,21,73,6658.0,60867.0,14308,53217,0.10938603841161877,0.1251103970535731
584.png,Fixed,336,336,21,72,6529.0,60800.0,14112,53217,0.10738486842105263,0.12268635962192533
58400.png,DRIP,336,336,30,73,4781.0,33827.0,14308,24300,0.14133680196292903,0.19674897119341564
58400.png,Fixed,336,336,30,72,3272.0,35140.0,14112,24300,0.09311326124075128,0.13465020576131687
58401.png,DRIP,336,336,30,73,4781.0,33827.0,14308,24300,0.14133680196292903,0.19674897119341564
58401.png,Fixed,336,336,30,72,3272.0,35140.0,14112,24300,0.09311326124075128,0.13465020576131687
58402.png,DRIP,336,336,30,73,4781.0,33827.0,14308,24300,0.14133680196292903,0.19674897119341564
58402.png,Fixed,336,336,30,72,3272.0,35140.0,14112,24300,0.09311326124075128,0.13465020576131687
58403.png,DRIP,336,336,14,72,2495.0,19251.0,14112,7634,0.12960365695288556,0.32682735132302854
58403.png,Fixed,336,336,14,72,1023.0,20723.0,14112,7634,0.04936543936688703,0.1340057636887608
58404.png,DRIP,336,336,14,72,2495.0,19251.0,14112,7634,0.12960365695288556,0.32682735132302854
58404.png,Fixed,336,336,14,72,1023.0,20723.0,14112,7634,0.04936543936688703,0.1340057636887608
58408.png,DRIP,336,336,14,72,2495.0,19251.0,14112,7634,0.12960365695288556,0.32682735132302854
58408.png,Fixed,336,336,14,72,1023.0,20723.0,14112,7634,0.04936543936688703,0.1340057636887608
58410.png,DRIP,336,336,14,72,2495.0,19251.0,14112,7634,0.12960365695288556,0.32682735132302854
58410.png,Fixed,336,336,14,72,1023.0,20723.0,14112,7634,0.04936543936688703,0.1340057636887608
58411.png,DRIP,336,336,14,72,2495.0,19251.0,14112,7634,0.12960365695288556,0.32682735132302854
58411.png,Fixed,336,336,14,72,1023.0,20723.0,14112,7634,0.04936543936688703,0.1340057636887608
58416.png,DRIP,336,336,11,73,6131.0,52020.0,14308,43843,0.11785851595540177,0.1398398832196702
58416.png,Fixed,336,336,11,72,5478.0,52477.0,14112,43843,0.10438858928673514,0.12494582943685423
58419.png,DRIP,336,336,18,72,3828.0,22297.0,14112,12013,0.17168228909718797,0.3186547906434696
58419.png,Fixed,336,336,18,72,1635.0,24490.0,14112,12013,0.06676194365046959,0.1361025555648048
58420.png,DRIP,336,336,18,72,3828.0,22297.0,14112,12013,0.17168228909718797,0.3186547906434696
58420.png,Fixed,336,336,18,72,1635.0,24490.0,14112,12013,0.06676194365046959,0.1361025555648048
58421.png,DRIP,336,336,18,72,3828.0,22297.0,14112,12013,0.17168228909718797,0.3186547906434696
58421.png,Fixed,336,336,18,72,1635.0,24490.0,14112,12013,0.06676194365046959,0.1361025555648048
58424.png,DRIP,336,336,30,73,7349.0,48237.0,14308,41278,0.1523519290171445,0.1780367265855904
58424.png,Fixed,336,336,30,72,5307.0,50083.0,14112,41278,0.10596409959467284,0.12856727554629585
58425.png,DRIP,336,336,30,73,7349.0,48237.0,14308,41278,0.1523519290171445,0.1780367265855904
58425.png,Fixed,336,336,30,72,5307.0,50083.0,14112,41278,0.10596409959467284,0.12856727554629585
58426.png,DRIP,336,336,30,73,7349.0,48237.0,14308,41278,0.1523519290171445,0.1780367265855904
58426.png,Fixed,336,336,30,72,5307.0,50083.0,14112,41278,0.10596409959467284,0.12856727554629585
58427.png,DRIP,336,336,30,73,7349.0,48237.0,14308,41278,0.1523519290171445,0.1780367265855904
58427.png,Fixed,336,336,30,72,5307.0,50083.0,14112,41278,0.10596409959467284,0.12856727554629585
58428.png,DRIP,336,336,30,73,7349.0,48237.0,14308,41278,0.1523519290171445,0.1780367265855904
58428.png,Fixed,336,336,30,72,5307.0,50083.0,14112,41278,0.10596409959467284,0.12856727554629585
58430.png,DRIP,336,336,18,72,3828.0,22297.0,14112,12013,0.17168228909718797,0.3186547906434696
58430.png,Fixed,336,336,18,72,1635.0,24490.0,14112,12013,0.06676194365046959,0.1361025555648048
58431.png,DRIP,336,336,18,72,3828.0,22297.0,14112,12013,0.17168228909718797,0.3186547906434696
58431.png,Fixed,336,336,18,72,1635.0,24490.0,14112,12013,0.06676194365046959,0.1361025555648048
58432.png,DRIP,336,336,30,73,7349.0,48237.0,14308,41278,0.1523519290171445,0.1780367265855904
58432.png,Fixed,336,336,30,72,5307.0,50083.0,14112,41278,0.10596409959467284,0.12856727554629585
58434.png,DRIP,336,336,30,73,7349.0,48237.0,14308,41278,0.1523519290171445,0.1780367265855904
58434.png,Fixed,336,336,30,72,5307.0,50083.0,14112,41278,0.10596409959467284,0.12856727554629585
58439.png,DRIP,336,336,16,73,7614.0,67564.0,14308,60870,0.11269315019833047,0.12508624938393298
58439.png,Fixed,336,336,16,72,7446.0,67536.0,14112,60870,0.11025230987917554,0.12232626909807787
58441.png,DRIP,336,336,16,73,7614.0,67564.0,14308,60870,0.11269315019833047,0.12508624938393298
58441.png,Fixed,336,336,16,72,7446.0,67536.0,14112,60870,0.11025230987917554,0.12232626909807787
58443.png,DRIP,336,336,11,72,1831.0,21204.0,14112,8923,0.08635163176759102,0.20520004482797266
58443.png,Fixed,336,336,11,72,1490.0,21545.0,14112,8923,0.0691575771640752,0.16698419813963913
58444.png,DRIP,336,336,24,73,5392.0,37991.0,14308,29075,0.1419283514516596,0.18545141874462598
58444.png,Fixed,336,336,24,72,2683.0,40504.0,14112,29075,0.06624037132135098,0.09227858985382631
58445.png,DRIP,336,336,11,72,1831.0,21204.0,14112,8923,0.08635163176759102,0.20520004482797266
58445.png,Fixed,336,336,11,72,1490.0,21545.0,14112,8923,0.0691575771640752,0.16698419813963913
58446.png,DRIP,336,336,24,73,5392.0,37991.0,14308,29075,0.1419283514516596,0.18545141874462598
58446.png,Fixed,336,336,24,72,2683.0,40504.0,14112,29075,0.06624037132135098,0.09227858985382631
58448.png,DRIP,336,336,11,72,1831.0,21204.0,14112,8923,0.08635163176759102,0.20520004482797266
58448.png,Fixed,336,336,11,72,1490.0,21545.0,14112,8923,0.0691575771640752,0.16698419813963913
58449.png,DRIP,336,336,11,72,1831.0,21204.0,14112,8923,0.08635163176759102,0.20520004482797266
58449.png,Fixed,336,336,11,72,1490.0,21545.0,14112,8923,0.0691575771640752,0.16698419813963913
58450.png,DRIP,336,336,24,73,5392.0,37991.0,14308,29075,0.1419283514516596,0.18545141874462598
58450.png,Fixed,336,336,24,72,2683.0,40504.0,14112,29075,0.06624037132135098,0.09227858985382631
58451.png,DRIP,336,336,24,73,5392.0,37991.0,14308,29075,0.1419283514516596,0.18545141874462598
58451.png,Fixed,336,336,24,72,2683.0,40504.0,14112,29075,0.06624037132135098,0.09227858985382631
58454.png,DRIP,336,336,24,73,5392.0,37991.0,14308,29075,0.1419283514516596,0.18545141874462598
58454.png,Fixed,336,336,24,72,2683.0,40504.0,14112,29075,0.06624037132135098,0.09227858985382631
58463.png,DRIP,336,336,24,73,5392.0,37991.0,14308,29075,0.1419283514516596,0.18545141874462598
58463.png,Fixed,336,336,24,72,2683.0,40504.0,14112,29075,0.06624037132135098,0.09227858985382631
58464.png,DRIP,336,336,24,73,5392.0,37991.0,14308,29075,0.1419283514516596,0.18545141874462598
58464.png,Fixed,336,336,24,72,2683.0,40504.0,14112,29075,0.06624037132135098,0.09227858985382631
58465.png,DRIP,336,336,24,73,5392.0,37991.0,14308,29075,0.1419283514516596,0.18545141874462598
58465.png,Fixed,336,336,24,72,2683.0,40504.0,14112,29075,0.06624037132135098,0.09227858985382631
58482.png,DRIP,336,336,15,73,4999.0,33787.0,14308,24478,0.147956314558854,0.20422420132363756
58482.png,Fixed,336,336,15,72,3007.0,35583.0,14112,24478,0.08450664643228507,0.12284500367677098
58483.png,DRIP,336,336,15,73,4999.0,33787.0,14308,24478,0.147956314558854,0.20422420132363756
58483.png,Fixed,336,336,15,72,3007.0,35583.0,14112,24478,0.08450664643228507,0.12284500367677098
58485.png,DRIP,336,336,15,73,4999.0,33787.0,14308,24478,0.147956314558854,0.20422420132363756
58485.png,Fixed,336,336,15,72,3007.0,35583.0,14112,24478,0.08450664643228507,0.12284500367677098
58495.png,DRIP,336,336,77,73,6550.0,58448.0,14308,50690,0.11206542567752532,0.12921680804892482
58495.png,Fixed,336,336,77,72,6414.0,58388.0,14112,50690,0.10985133931629787,0.12653383310317617
58497.png,DRIP,336,336,77,73,6550.0,58448.0,14308,50690,0.11206542567752532,0.12921680804892482
58497.png,Fixed,336,336,77,72,6414.0,58388.0,14112,50690,0.10985133931629787,0.12653383310317617
58498.png,DRIP,336,336,77,73,6550.0,58448.0,14308,50690,0.11206542567752532,0.12921680804892482
58498.png,Fixed,336,336,77,72,6414.0,58388.0,14112,50690,0.10985133931629787,0.12653383310317617
58499.png,DRIP,336,336,77,73,6550.0,58448.0,14308,50690,0.11206542567752532,0.12921680804892482
58499.png,Fixed,336,336,77,72,6414.0,58388.0,14112,50690,0.10985133931629787,0.12653383310317617
58501.png,DRIP,336,336,6,72,4316.0,30248.0,14112,20452,0.1426871198095742,0.21103070604341873
58501.png,Fixed,336,336,6,72,2899.0,31665.0,14112,20452,0.09155218695720828,0.14174652845687463
58502.png,DRIP,336,336,14,72,8260.0,60535.0,14112,54683,0.13644998761047328,0.15105242945705247
58502.png,Fixed,336,336,14,72,6378.0,62417.0,14112,54683,0.10218369995353829,0.11663588318124463
58504.png,DRIP,336,336,14,72,8260.0,60535.0,14112,54683,0.13644998761047328,0.15105242945705247
58504.png,Fixed,336,336,14,72,6378.0,62417.0,14112,54683,0.10218369995353829,0.11663588318124463
58505.png,DRIP,336,336,6,72,4316.0,30248.0,14112,20452,0.1426871198095742,0.21103070604341873
58505.png,Fixed,336,336,6,72,2899.0,31665.0,14112,20452,0.09155218695720828,0.14174652845687463
58507.png,DRIP,336,336,49,73,3759.0,34091.0,14308,23542,0.11026370596345077,0.1596720754396398
58507.png,Fixed,336,336,49,72,2352.0,35302.0,14112,23542,0.06662512038977962,0.09990654999575227
58510.png,DRIP,336,336,49,73,3759.0,34091.0,14308,23542,0.11026370596345077,0.1596720754396398
58510.png,Fixed,336,336,49,72,2352.0,35302.0,14112,23542,0.06662512038977962,0.09990654999575227
58512.png,DRIP,336,336,14,72,8260.0,60535.0,14112,54683,0.13644998761047328,0.15105242945705247
58512.png,Fixed,336,336,14,72,6378.0,62417.0,14112,54683,0.10218369995353829,0.11663588318124463
58515.png,DRIP,336,336,14,72,8260.0,60535.0,14112,54683,0.13644998761047328,0.15105242945705247
58515.png,Fixed,336,336,14,72,6378.0,62417.0,14112,54683,0.10218369995353829,0.11663588318124463
58518.png,DRIP,336,336,17,73,8466.0,64373.0,14308,58531,0.1315147655072779,0.14464130119082197
58518.png,Fixed,336,336,17,72,6673.0,65970.0,14112,58531,0.10115203880551767,0.114007961593002
58519.png,DRIP,336,336,17,73,8466.0,64373.0,14308,58531,0.1315147655072779,0.14464130119082197
58519.png,Fixed,336,336,17,72,6673.0,65970.0,14112,58531,0.10115203880551767,0.114007961593002
58524.png,DRIP,336,336,17,73,8466.0,64373.0,14308,58531,0.1315147655072779,0.14464130119082197
58524.png,Fixed,336,336,17,72,6673.0,65970.0,14112,58531,0.10115203880551767,0.114007961593002
58526.png,DRIP,336,336,10,72,1832.0,22913.0,14112,10633,0.07995461091956531,0.17229380231355215
58526.png,Fixed,336,336,10,72,1727.0,23018.0,14112,10633,0.07502823876965853,0.16241888460453305
58528.png,DRIP,336,336,10,72,1832.0,22913.0,14112,10633,0.07995461091956531,0.17229380231355215
58528.png,Fixed,336,336,10,72,1727.0,23018.0,14112,10633,0.07502823876965853,0.16241888460453305
58530.png,DRIP,336,336,10,72,1832.0,22913.0,14112,10633,0.07995461091956531,0.17229380231355215
58530.png,Fixed,336,336,10,72,1727.0,23018.0,14112,10633,0.07502823876965853,0.16241888460453305
58531.png,DRIP,336,336,10,72,1832.0,22913.0,14112,10633,0.07995461091956531,0.17229380231355215
58531.png,Fixed,336,336,10,72,1727.0,23018.0,14112,10633,0.07502823876965853,0.16241888460453305
58533.png,DRIP,336,336,23,73,4421.0,38089.0,14308,28202,0.11607025650450262,0.15676193177788808
58533.png,Fixed,336,336,23,72,3664.0,38650.0,14112,28202,0.09479948253557569,0.129919863839444
58534.png,DRIP,336,336,23,73,4421.0,38089.0,14308,28202,0.11607025650450262,0.15676193177788808
58534.png,Fixed,336,336,23,72,3664.0,38650.0,14112,28202,0.09479948253557569,0.129919863839444
58536.png,DRIP,336,336,1,73,224.0,14931.0,14308,847,0.015002344116268168,0.2644628099173554
58536.png,Fixed,336,336,1,72,0.0,14959.0,14112,847,0.0,0.0
58537.png,DRIP,336,336,1,73,224.0,14931.0,14308,847,0.015002344116268168,0.2644628099173554
58537.png,Fixed,336,336,1,72,0.0,14959.0,14112,847,0.0,0.0
58539.png,DRIP,336,336,1,73,224.0,14931.0,14308,847,0.015002344116268168,0.2644628099173554
58539.png,Fixed,336,336,1,72,0.0,14959.0,14112,847,0.0,0.0
58540.png,DRIP,336,336,1,73,224.0,14931.0,14308,847,0.015002344116268168,0.2644628099173554
58540.png,Fixed,336,336,1,72,0.0,14959.0,14112,847,0.0,0.0
58541.png,DRIP,336,336,1,73,224.0,14931.0,14308,847,0.015002344116268168,0.2644628099173554
58541.png,Fixed,336,336,1,72,0.0,14959.0,14112,847,0.0,0.0
58542.png,DRIP,336,336,1,73,224.0,14931.0,14308,847,0.015002344116268168,0.2644628099173554
58542.png,Fixed,336,336,1,72,0.0,14959.0,14112,847,0.0,0.0
58544.png,DRIP,336,336,1,73,224.0,14931.0,14308,847,0.015002344116268168,0.2644628099173554
58544.png,Fixed,336,336,1,72,0.0,14959.0,14112,847,0.0,0.0
58545.png,DRIP,336,336,1,73,224.0,14931.0,14308,847,0.015002344116268168,0.2644628099173554
58545.png,Fixed,336,336,1,72,0.0,14959.0,14112,847,0.0,0.0
58546.png,DRIP,336,336,10,73,9952.0,70842.0,14308,66486,0.1404816351881652,0.14968564810636825
58546.png,Fixed,336,336,10,72,7993.0,72605.0,14112,66486,0.11008883685696577,0.12022079836356526
58547.png,DRIP,336,336,10,73,9952.0,70842.0,14308,66486,0.1404816351881652,0.14968564810636825
58547.png,Fixed,336,336,10,72,7993.0,72605.0,14112,66486,0.11008883685696577,0.12022079836356526
58548.png,DRIP,336,336,10,73,9952.0,70842.0,14308,66486,0.1404816351881652,0.14968564810636825
58548.png,Fixed,336,336,10,72,7993.0,72605.0,14112,66486,0.11008883685696577,0.12022079836356526
58549.png,DRIP,336,336,10,73,9952.0,70842.0,14308,66486,0.1404816351881652,0.14968564810636825
58549.png,Fixed,336,336,10,72,7993.0,72605.0,14112,66486,0.11008883685696577,0.12022079836356526
5855.png,DRIP,336,336,11,73,6944.0,46857.0,14308,39493,0.1481955737669932,0.17582862785810144
5855.png,Fixed,336,336,11,72,4400.0,49205.0,14112,39493,0.08942180672695864,0.11141214898842833
58555.png,DRIP,336,336,13,73,4892.0,38427.0,14308,29011,0.12730632107632653,0.16862569370238875
58555.png,Fixed,336,336,13,72,3671.0,39452.0,14112,29011,0.09304978201358613,0.12653820964461757
58558.png,DRIP,336,336,13,73,4892.0,38427.0,14308,29011,0.12730632107632653,0.16862569370238875
58558.png,Fixed,336,336,13,72,3671.0,39452.0,14112,29011,0.09304978201358613,0.12653820964461757
58560.png,DRIP,336,336,13,73,4892.0,38427.0,14308,29011,0.12730632107632653,0.16862569370238875
58560.png,Fixed,336,336,13,72,3671.0,39452.0,14112,29011,0.09304978201358613,0.12653820964461757
58570.png,DRIP,336,336,61,72,3106.0,33259.0,14112,22253,0.09338825581045732,0.13957668628948905
58570.png,Fixed,336,336,61,72,3021.0,33344.0,14112,22253,0.09060100767754319,0.13575697658742641
58571.png,DRIP,336,336,61,72,3106.0,33259.0,14112,22253,0.09338825581045732,0.13957668628948905
58571.png,Fixed,336,336,61,72,3021.0,33344.0,14112,22253,0.09060100767754319,0.13575697658742641
58578.png,DRIP,336,336,22,72,6021.0,60733.0,14112,52642,0.09913885367098611,0.11437635348201056
58578.png,Fixed,336,336,22,72,6078.0,60676.0,14112,52642,0.10017140220185905,0.11545913909046009
5858.png,DRIP,336,336,11,73,6944.0,46857.0,14308,39493,0.1481955737669932,0.17582862785810144
5858.png,Fixed,336,336,11,72,4400.0,49205.0,14112,39493,0.08942180672695864,0.11141214898842833
58582.png,DRIP,336,336,22,72,6021.0,60733.0,14112,52642,0.09913885367098611,0.11437635348201056
58582.png,Fixed,336,336,22,72,6078.0,60676.0,14112,52642,0.10017140220185905,0.11545913909046009
58584.png,DRIP,336,336,22,72,6021.0,60733.0,14112,52642,0.09913885367098611,0.11437635348201056
58584.png,Fixed,336,336,22,72,6078.0,60676.0,14112,52642,0.10017140220185905,0.11545913909046009
58586.png,DRIP,336,336,22,72,6021.0,60733.0,14112,52642,0.09913885367098611,0.11437635348201056
58586.png,Fixed,336,336,22,72,6078.0,60676.0,14112,52642,0.10017140220185905,0.11545913909046009
58587.png,DRIP,336,336,22,72,6021.0,60733.0,14112,52642,0.09913885367098611,0.11437635348201056
58587.png,Fixed,336,336,22,72,6078.0,60676.0,14112,52642,0.10017140220185905,0.11545913909046009
58591.png,DRIP,336,336,36,72,4719.0,48148.0,14112,38755,0.09801030157015868,0.12176493355696039
58591.png,Fixed,336,336,36,72,5023.0,47844.0,14112,38755,0.10498704121728952,0.1296090826990066
58617.png,DRIP,336,336,3,73,639.0,14977.0,14308,1308,0.04266542031114375,0.48853211009174313
58617.png,Fixed,336,336,3,72,126.0,15294.0,14112,1308,0.00823852491173009,0.0963302752293578
58619.png,DRIP,336,336,3,73,639.0,14977.0,14308,1308,0.04266542031114375,0.48853211009174313
58619.png,Fixed,336,336,3,72,126.0,15294.0,14112,1308,0.00823852491173009,0.0963302752293578
58622.png,DRIP,336,336,3,73,639.0,14977.0,14308,1308,0.04266542031114375,0.48853211009174313
58622.png,Fixed,336,336,3,72,126.0,15294.0,14112,1308,0.00823852491173009,0.0963302752293578
58623.png,DRIP,336,336,3,73,639.0,14977.0,14308,1308,0.04266542031114375,0.48853211009174313
58623.png,Fixed,336,336,3,72,126.0,15294.0,14112,1308,0.00823852491173009,0.0963302752293578
58626.png,DRIP,336,336,3,73,639.0,14977.0,14308,1308,0.04266542031114375,0.48853211009174313
58626.png,Fixed,336,336,3,72,126.0,15294.0,14112,1308,0.00823852491173009,0.0963302752293578
5863.png,DRIP,336,336,11,73,6944.0,46857.0,14308,39493,0.1481955737669932,0.17582862785810144
5863.png,Fixed,336,336,11,72,4400.0,49205.0,14112,39493,0.08942180672695864,0.11141214898842833
5864.png,DRIP,336,336,36,73,4093.0,31620.0,14308,21405,0.12944339025932955,0.1912170053725765
5864.png,Fixed,336,336,36,72,3153.0,32364.0,14112,21405,0.09742306266221727,0.147302032235459
58646.png,DRIP,336,336,14,73,4756.0,39024.0,14308,29472,0.12187371873718737,0.16137350705754613
58646.png,Fixed,336,336,14,72,2982.0,40602.0,14112,29472,0.07344465789862568,0.10118078175895766
58647.png,DRIP,336,336,14,73,4756.0,39024.0,14308,29472,0.12187371873718737,0.16137350705754613
58647.png,Fixed,336,336,14,72,2982.0,40602.0,14112,29472,0.07344465789862568,0.10118078175895766
58648.png,DRIP,336,336,34,73,4578.0,55434.0,14308,45704,0.0825846953133456,0.1001662874146683
58648.png,Fixed,336,336,34,72,5513.0,54303.0,14112,45704,0.10152293611770989,0.12062401540346578
5865.png,DRIP,336,336,11,73,6944.0,46857.0,14308,39493,0.1481955737669932,0.17582862785810144
5865.png,Fixed,336,336,11,72,4400.0,49205.0,14112,39493,0.08942180672695864,0.11141214898842833
5866.png,DRIP,336,336,36,73,4093.0,31620.0,14308,21405,0.12944339025932955,0.1912170053725765
5866.png,Fixed,336,336,36,72,3153.0,32364.0,14112,21405,0.09742306266221727,0.147302032235459
58660.png,DRIP,336,336,61,73,4599.0,40253.0,14308,30544,0.11425235386182396,0.15056966998428498
58660.png,Fixed,336,336,61,72,4400.0,40256.0,14112,30544,0.10930047694753577,0.14405447878470404
58664.png,DRIP,336,336,61,73,4599.0,40253.0,14308,30544,0.11425235386182396,0.15056966998428498
58664.png,Fixed,336,336,61,72,4400.0,40256.0,14112,30544,0.10930047694753577,0.14405447878470404
58671.png,DRIP,336,336,17,73,2826.0,20540.0,14308,9058,0.13758519961051607,0.31198940163391475
58671.png,Fixed,336,336,17,72,1405.0,21765.0,14112,9058,0.06455318171376062,0.15511150364318835
58673.png,DRIP,336,336,17,73,2826.0,20540.0,14308,9058,0.13758519961051607,0.31198940163391475
58673.png,Fixed,336,336,17,72,1405.0,21765.0,14112,9058,0.06455318171376062,0.15511150364318835
58674.png,DRIP,336,336,17,73,2826.0,20540.0,14308,9058,0.13758519961051607,0.31198940163391475
58674.png,Fixed,336,336,17,72,1405.0,21765.0,14112,9058,0.06455318171376062,0.15511150364318835
58675.png,DRIP,336,336,37,73,4828.0,23631.0,14308,14151,0.20430790063899115,0.3411773019574588
58675.png,Fixed,336,336,37,72,1576.0,26687.0,14112,14151,0.05905497058492899,0.11137022118578192
58677.png,DRIP,336,336,17,73,2826.0,20540.0,14308,9058,0.13758519961051607,0.31198940163391475
58677.png,Fixed,336,336,17,72,1405.0,21765.0,14112,9058,0.06455318171376062,0.15511150364318835
58678.png,DRIP,336,336,37,73,4828.0,23631.0,14308,14151,0.20430790063899115,0.3411773019574588
58678.png,Fixed,336,336,37,72,1576.0,26687.0,14112,14151,0.05905497058492899,0.11137022118578192
58679.png,DRIP,336,336,37,73,4828.0,23631.0,14308,14151,0.20430790063899115,0.3411773019574588
58679.png,Fixed,336,336,37,72,1576.0,26687.0,14112,14151,0.05905497058492899,0.11137022118578192
58680.png,DRIP,336,336,17,73,2826.0,20540.0,14308,9058,0.13758519961051607,0.31198940163391475
58680.png,Fixed,336,336,17,72,1405.0,21765.0,14112,9058,0.06455318171376062,0.15511150364318835
58683.png,DRIP,336,336,17,73,2826.0,20540.0,14308,9058,0.13758519961051607,0.31198940163391475
58683.png,Fixed,336,336,17,72,1405.0,21765.0,14112,9058,0.06455318171376062,0.15511150364318835
58684.png,DRIP,336,336,37,73,4828.0,23631.0,14308,14151,0.20430790063899115,0.3411773019574588
58684.png,Fixed,336,336,37,72,1576.0,26687.0,14112,14151,0.05905497058492899,0.11137022118578192
58685.png,DRIP,336,336,37,73,4828.0,23631.0,14308,14151,0.20430790063899115,0.3411773019574588
58685.png,Fixed,336,336,37,72,1576.0,26687.0,14112,14151,0.05905497058492899,0.11137022118578192
58686.png,DRIP,336,336,37,73,4828.0,23631.0,14308,14151,0.20430790063899115,0.3411773019574588
58686.png,Fixed,336,336,37,72,1576.0,26687.0,14112,14151,0.05905497058492899,0.11137022118578192
58687.png,DRIP,336,336,17,73,2826.0,20540.0,14308,9058,0.13758519961051607,0.31198940163391475
58687.png,Fixed,336,336,17,72,1405.0,21765.0,14112,9058,0.06455318171376062,0.15511150364318835
58689.png,DRIP,336,336,65,72,6161.0,51987.0,14112,44036,0.11851039682997673,0.13990825688073394
58689.png,Fixed,336,336,65,72,5668.0,52480.0,14112,44036,0.1080030487804878,0.12871287128712872
58691.png,DRIP,336,336,65,72,6161.0,51987.0,14112,44036,0.11851039682997673,0.13990825688073394
58691.png,Fixed,336,336,65,72,5668.0,52480.0,14112,44036,0.1080030487804878,0.12871287128712872
58692.png,DRIP,336,336,65,72,6161.0,51987.0,14112,44036,0.11851039682997673,0.13990825688073394
58692.png,Fixed,336,336,65,72,5668.0,52480.0,14112,44036,0.1080030487804878,0.12871287128712872
58694.png,DRIP,336,336,17,73,2826.0,20540.0,14308,9058,0.13758519961051607,0.31198940163391475
58694.png,Fixed,336,336,17,72,1405.0,21765.0,14112,9058,0.06455318171376062,0.15511150364318835
58695.png,DRIP,336,336,17,73,2826.0,20540.0,14308,9058,0.13758519961051607,0.31198940163391475
58695.png,Fixed,336,336,17,72,1405.0,21765.0,14112,9058,0.06455318171376062,0.15511150364318835
58696.png,DRIP,336,336,29,73,5386.0,33566.0,14308,24644,0.16045998927486146,0.21855218308716118
58696.png,Fixed,336,336,29,72,3124.0,35632.0,14112,24644,0.08767400089806915,0.12676513552994645
58697.png,DRIP,336,336,29,73,5386.0,33566.0,14308,24644,0.16045998927486146,0.21855218308716118
58697.png,Fixed,336,336,29,72,3124.0,35632.0,14112,24644,0.08767400089806915,0.12676513552994645
58699.png,DRIP,336,336,29,73,5386.0,33566.0,14308,24644,0.16045998927486146,0.21855218308716118
58699.png,Fixed,336,336,29,72,3124.0,35632.0,14112,24644,0.08767400089806915,0.12676513552994645
5870.png,DRIP,336,336,36,73,4093.0,31620.0,14308,21405,0.12944339025932955,0.1912170053725765
5870.png,Fixed,336,336,36,72,3153.0,32364.0,14112,21405,0.09742306266221727,0.147302032235459
58700.png,DRIP,336,336,29,73,5386.0,33566.0,14308,24644,0.16045998927486146,0.21855218308716118
58700.png,Fixed,336,336,29,72,3124.0,35632.0,14112,24644,0.08767400089806915,0.12676513552994645
58702.png,DRIP,336,336,29,73,5386.0,33566.0,14308,24644,0.16045998927486146,0.21855218308716118
58702.png,Fixed,336,336,29,72,3124.0,35632.0,14112,24644,0.08767400089806915,0.12676513552994645
58703.png,DRIP,336,336,29,73,5386.0,33566.0,14308,24644,0.16045998927486146,0.21855218308716118
58703.png,Fixed,336,336,29,72,3124.0,35632.0,14112,24644,0.08767400089806915,0.12676513552994645
5871.png,DRIP,336,336,36,73,4093.0,31620.0,14308,21405,0.12944339025932955,0.1912170053725765
5871.png,Fixed,336,336,36,72,3153.0,32364.0,14112,21405,0.09742306266221727,0.147302032235459
58724.png,DRIP,336,336,10,73,857.0,19687.0,14308,6236,0.043531264286077107,0.13742783835792174
58724.png,Fixed,336,336,10,72,817.0,19531.0,14112,6236,0.04183093543597358,0.13101347017318793
58725.png,DRIP,336,336,10,73,857.0,19687.0,14308,6236,0.043531264286077107,0.13742783835792174
58725.png,Fixed,336,336,10,72,817.0,19531.0,14112,6236,0.04183093543597358,0.13101347017318793
58726.png,DRIP,336,336,10,73,857.0,19687.0,14308,6236,0.043531264286077107,0.13742783835792174
58726.png,Fixed,336,336,10,72,817.0,19531.0,14112,6236,0.04183093543597358,0.13101347017318793
58727.png,DRIP,336,336,10,73,857.0,19687.0,14308,6236,0.043531264286077107,0.13742783835792174
58727.png,Fixed,336,336,10,72,817.0,19531.0,14112,6236,0.04183093543597358,0.13101347017318793
58728.png,DRIP,336,336,10,73,857.0,19687.0,14308,6236,0.043531264286077107,0.13742783835792174
58728.png,Fixed,336,336,10,72,817.0,19531.0,14112,6236,0.04183093543597358,0.13101347017318793
58729.png,DRIP,336,336,39,73,2253.0,42994.0,14308,30939,0.052402660836395776,0.07282071172306798
58729.png,Fixed,336,336,39,72,4281.0,40770.0,14112,30939,0.1050036791758646,0.13836904877339282
58737.png,DRIP,336,336,8,73,3689.0,19378.0,14308,8759,0.19037052327381568,0.42116679986299804
58737.png,Fixed,336,336,8,72,1345.0,21526.0,14112,8759,0.06248257920654093,0.15355634204817903
58748.png,DRIP,336,336,25,73,3110.0,35182.0,14308,23984,0.08839747598203627,0.1296697798532355
58748.png,Fixed,336,336,25,72,3343.0,34753.0,14112,23984,0.09619313440566282,0.13938458972648432
58750.png,DRIP,336,336,25,73,3110.0,35182.0,14308,23984,0.08839747598203627,0.1296697798532355
58750.png,Fixed,336,336,25,72,3343.0,34753.0,14112,23984,0.09619313440566282,0.13938458972648432
58752.png,DRIP,336,336,25,73,3110.0,35182.0,14308,23984,0.08839747598203627,0.1296697798532355
58752.png,Fixed,336,336,25,72,3343.0,34753.0,14112,23984,0.09619313440566282,0.13938458972648432
58753.png,DRIP,336,336,9,73,2852.0,17231.0,14308,5775,0.16551564041553016,0.4938528138528139
58753.png,Fixed,336,336,9,72,961.0,18926.0,14112,5775,0.05077670928880904,0.16640692640692642
58754.png,DRIP,336,336,9,73,2852.0,17231.0,14308,5775,0.16551564041553016,0.4938528138528139
58754.png,Fixed,336,336,9,72,961.0,18926.0,14112,5775,0.05077670928880904,0.16640692640692642
58756.png,DRIP,336,336,25,73,3110.0,35182.0,14308,23984,0.08839747598203627,0.1296697798532355
58756.png,Fixed,336,336,25,72,3343.0,34753.0,14112,23984,0.09619313440566282,0.13938458972648432
58770.png,DRIP,336,336,40,73,6624.0,55615.0,14308,47931,0.1191045581228086,0.13819866057457594
58770.png,Fixed,336,336,40,72,6159.0,55884.0,14112,47931,0.11021043590294181,0.12849721474619766
58776.png,DRIP,336,336,32,73,3549.0,32825.0,14308,22066,0.10811881188118812,0.16083567479380043
58776.png,Fixed,336,336,32,72,2780.0,33398.0,14112,22066,0.08323851727648363,0.12598567932565938
58779.png,DRIP,336,336,32,73,3549.0,32825.0,14308,22066,0.10811881188118812,0.16083567479380043
58779.png,Fixed,336,336,32,72,2780.0,33398.0,14112,22066,0.08323851727648363,0.12598567932565938
58782.png,DRIP,336,336,14,73,1896.0,18151.0,14308,5739,0.1044570547077296,0.3303711447987454
58782.png,Fixed,336,336,14,72,828.0,19023.0,14112,5739,0.04352625768806182,0.14427600627286985
58784.png,DRIP,336,336,14,73,1896.0,18151.0,14308,5739,0.1044570547077296,0.3303711447987454
58784.png,Fixed,336,336,14,72,828.0,19023.0,14112,5739,0.04352625768806182,0.14427600627286985
58785.png,DRIP,336,336,1,72,792.0,14945.0,14112,1625,0.05299431247909,0.48738461538461536
58785.png,Fixed,336,336,1,72,350.0,15387.0,14112,1625,0.022746474296484045,0.2153846153846154
58788.png,DRIP,336,336,1,72,792.0,14945.0,14112,1625,0.05299431247909,0.48738461538461536
58788.png,Fixed,336,336,1,72,350.0,15387.0,14112,1625,0.022746474296484045,0.2153846153846154
58789.png,DRIP,336,336,1,72,792.0,14945.0,14112,1625,0.05299431247909,0.48738461538461536
58789.png,Fixed,336,336,1,72,350.0,15387.0,14112,1625,0.022746474296484045,0.2153846153846154
58792.png,DRIP,336,336,5,72,3934.0,22431.0,14112,12253,0.17538228344701529,0.3210642291683669
58792.png,Fixed,336,336,5,72,1122.0,25243.0,14112,12253,0.04444796577268946,0.09156941157267608
58801.png,DRIP,336,336,36,72,3807.0,46130.0,14112,35825,0.08252763928029481,0.10626657362177251
58801.png,Fixed,336,336,36,72,4515.0,45422.0,14112,35825,0.09940117123860684,0.12602930914166086
58802.png,DRIP,336,336,36,72,3807.0,46130.0,14112,35825,0.08252763928029481,0.10626657362177251
58802.png,Fixed,336,336,36,72,4515.0,45422.0,14112,35825,0.09940117123860684,0.12602930914166086
58803.png,DRIP,336,336,36,72,3807.0,46130.0,14112,35825,0.08252763928029481,0.10626657362177251
58803.png,Fixed,336,336,36,72,4515.0,45422.0,14112,35825,0.09940117123860684,0.12602930914166086
58804.png,DRIP,336,336,36,72,3807.0,46130.0,14112,35825,0.08252763928029481,0.10626657362177251
58804.png,Fixed,336,336,36,72,4515.0,45422.0,14112,35825,0.09940117123860684,0.12602930914166086
58805.png,DRIP,336,336,17,73,3765.0,26670.0,14308,16127,0.14116985376827895,0.23345941588640168
58805.png,Fixed,336,336,17,72,2229.0,28010.0,14112,16127,0.07957872188504106,0.13821541514230792
58806.png,DRIP,336,336,17,73,3765.0,26670.0,14308,16127,0.14116985376827895,0.23345941588640168
58806.png,Fixed,336,336,17,72,2229.0,28010.0,14112,16127,0.07957872188504106,0.13821541514230792
58807.png,DRIP,336,336,17,73,3765.0,26670.0,14308,16127,0.14116985376827895,0.23345941588640168
58807.png,Fixed,336,336,17,72,2229.0,28010.0,14112,16127,0.07957872188504106,0.13821541514230792
58809.png,DRIP,336,336,17,73,3765.0,26670.0,14308,16127,0.14116985376827895,0.23345941588640168
58809.png,Fixed,336,336,17,72,2229.0,28010.0,14112,16127,0.07957872188504106,0.13821541514230792
58811.png,DRIP,336,336,5,72,945.0,17309.0,14112,4142,0.05459587497833497,0.22815065185900532
58811.png,Fixed,336,336,5,72,722.0,17532.0,14112,4142,0.04118183892311202,0.1743119266055046
58812.png,DRIP,336,336,5,72,945.0,17309.0,14112,4142,0.05459587497833497,0.22815065185900532
58812.png,Fixed,336,336,5,72,722.0,17532.0,14112,4142,0.04118183892311202,0.1743119266055046
58813.png,DRIP,336,336,5,72,945.0,17309.0,14112,4142,0.05459587497833497,0.22815065185900532
58813.png,Fixed,336,336,5,72,722.0,17532.0,14112,4142,0.04118183892311202,0.1743119266055046
58816.png,DRIP,336,336,5,72,945.0,17309.0,14112,4142,0.05459587497833497,0.22815065185900532
58816.png,Fixed,336,336,5,72,722.0,17532.0,14112,4142,0.04118183892311202,0.1743119266055046
58826.png,DRIP,336,336,33,73,3668.0,25115.0,14308,14475,0.1460481783794545,0.25340241796200347
58826.png,Fixed,336,336,33,72,1708.0,26879.0,14112,14475,0.06354403065590238,0.1179965457685665
58827.png,DRIP,336,336,33,73,3668.0,25115.0,14308,14475,0.1460481783794545,0.25340241796200347
58827.png,Fixed,336,336,33,72,1708.0,26879.0,14112,14475,0.06354403065590238,0.1179965457685665
58829.png,DRIP,336,336,7,72,448.0,20115.0,14112,6451,0.022271936365896097,0.06944659742675555
58829.png,Fixed,336,336,7,72,862.0,19701.0,14112,6451,0.04375412415613421,0.13362269415594483
58830.png,DRIP,336,336,0,72,,,14112,0,,
58830.png,Fixed,336,336,0,72,,,14112,0,,
58832.png,DRIP,336,336,0,72,,,14112,0,,
58832.png,Fixed,336,336,0,72,,,14112,0,,
58835.png,DRIP,336,336,7,72,448.0,20115.0,14112,6451,0.022271936365896097,0.06944659742675555
58835.png,Fixed,336,336,7,72,862.0,19701.0,14112,6451,0.04375412415613421,0.13362269415594483
58842.png,DRIP,336,336,7,72,448.0,20115.0,14112,6451,0.022271936365896097,0.06944659742675555
58842.png,Fixed,336,336,7,72,862.0,19701.0,14112,6451,0.04375412415613421,0.13362269415594483
58874.png,DRIP,336,336,6,73,1395.0,20124.0,14308,7211,0.06932021466905187,0.19345444459853003
58874.png,Fixed,336,336,6,72,480.0,20843.0,14112,7211,0.023029314398119272,0.06656497018444044
58875.png,DRIP,336,336,6,73,1395.0,20124.0,14308,7211,0.06932021466905187,0.19345444459853003
58875.png,Fixed,336,336,6,72,480.0,20843.0,14112,7211,0.023029314398119272,0.06656497018444044
58876.png,DRIP,336,336,6,73,1395.0,20124.0,14308,7211,0.06932021466905187,0.19345444459853003
58876.png,Fixed,336,336,6,72,480.0,20843.0,14112,7211,0.023029314398119272,0.06656497018444044
58877.png,DRIP,336,336,6,73,1395.0,20124.0,14308,7211,0.06932021466905187,0.19345444459853003
58877.png,Fixed,336,336,6,72,480.0,20843.0,14112,7211,0.023029314398119272,0.06656497018444044
58878.png,DRIP,336,336,22,73,3060.0,25212.0,14308,13964,0.1213707758210376,0.219134918361501
58878.png,Fixed,336,336,22,72,1883.0,26193.0,14112,13964,0.07188943610888406,0.1348467487825838
58879.png,DRIP,336,336,22,73,3060.0,25212.0,14308,13964,0.1213707758210376,0.219134918361501
58879.png,Fixed,336,336,22,72,1883.0,26193.0,14112,13964,0.07188943610888406,0.1348467487825838
58880.png,DRIP,336,336,22,73,3060.0,25212.0,14308,13964,0.1213707758210376,0.219134918361501
58880.png,Fixed,336,336,22,72,1883.0,26193.0,14112,13964,0.07188943610888406,0.1348467487825838
58893.png,DRIP,336,336,15,72,4469.0,24237.0,14112,14594,0.18438750670462517,0.30622173495957244
58893.png,Fixed,336,336,15,72,1508.0,27198.0,14112,14594,0.055445253327450546,0.10333013567219405
58896.png,DRIP,336,336,15,72,4469.0,24237.0,14112,14594,0.18438750670462517,0.30622173495957244
58896.png,Fixed,336,336,15,72,1508.0,27198.0,14112,14594,0.055445253327450546,0.10333013567219405
58897.png,DRIP,336,336,90,72,2885.0,37564.0,14112,26337,0.0768022574805665,0.10954170938223792
58897.png,Fixed,336,336,90,72,3530.0,36919.0,14112,26337,0.09561472412578889,0.134031970231993
58898.png,DRIP,336,336,90,72,2885.0,37564.0,14112,26337,0.0768022574805665,0.10954170938223792
58898.png,Fixed,336,336,90,72,3530.0,36919.0,14112,26337,0.09561472412578889,0.134031970231993
58901.png,DRIP,336,336,90,72,2885.0,37564.0,14112,26337,0.0768022574805665,0.10954170938223792
58901.png,Fixed,336,336,90,72,3530.0,36919.0,14112,26337,0.09561472412578889,0.134031970231993
58903.png,DRIP,336,336,90,72,2885.0,37564.0,14112,26337,0.0768022574805665,0.10954170938223792
58903.png,Fixed,336,336,90,72,3530.0,36919.0,14112,26337,0.09561472412578889,0.134031970231993
58915.png,DRIP,336,336,20,72,2037.0,24790.0,14112,12715,0.08217022993142396,0.16020448289421943
58915.png,Fixed,336,336,20,72,1932.0,24895.0,14112,12715,0.07760594496886924,0.1519465198584349
58925.png,DRIP,336,336,6,73,1167.0,17747.0,14308,4606,0.06575759283259143,0.25336517585757706
58925.png,Fixed,336,336,6,72,370.0,18348.0,14112,4606,0.020165685633311534,0.08033000434216239
58937.png,DRIP,336,336,37,72,3854.0,32673.0,14112,22415,0.11795672267621583,0.17193843408431853
58937.png,Fixed,336,336,37,72,3695.0,32832.0,14112,22415,0.11254264132553607,0.1648449698862369
59018.png,DRIP,336,336,72,72,7125.0,41343.0,14112,34356,0.17233872723314708,0.20738735592036325
59018.png,Fixed,336,336,72,72,4747.0,43721.0,14112,34356,0.10857482674229775,0.1381709162882757
59020.png,DRIP,336,336,72,72,7125.0,41343.0,14112,34356,0.17233872723314708,0.20738735592036325
59020.png,Fixed,336,336,72,72,4747.0,43721.0,14112,34356,0.10857482674229775,0.1381709162882757
59022.png,DRIP,336,336,72,72,7125.0,41343.0,14112,34356,0.17233872723314708,0.20738735592036325
59022.png,Fixed,336,336,72,72,4747.0,43721.0,14112,34356,0.10857482674229775,0.1381709162882757
59029.png,DRIP,336,336,94,72,2381.0,40312.0,14112,28581,0.05906429847191903,0.08330709212413841
59029.png,Fixed,336,336,94,72,3214.0,39479.0,14112,28581,0.08141037007016388,0.11245232846996256
59032.png,DRIP,336,336,94,72,2381.0,40312.0,14112,28581,0.05906429847191903,0.08330709212413841
59032.png,Fixed,336,336,94,72,3214.0,39479.0,14112,28581,0.08141037007016388,0.11245232846996256
59033.png,DRIP,336,336,43,73,2564.0,25109.0,14308,13365,0.10211477956111355,0.1918443696221474
59033.png,Fixed,336,336,43,72,1436.0,26041.0,14112,13365,0.05514381168157905,0.10744481855592966
59041.png,DRIP,336,336,13,73,5135.0,38776.0,14308,29603,0.13242727460284712,0.17346214910650948
59041.png,Fixed,336,336,13,72,3964.0,39751.0,14112,29603,0.09972076174184297,0.1339053474310036
59042.png,DRIP,336,336,13,73,5135.0,38776.0,14308,29603,0.13242727460284712,0.17346214910650948
59042.png,Fixed,336,336,13,72,3964.0,39751.0,14112,29603,0.09972076174184297,0.1339053474310036
59045.png,DRIP,336,336,13,73,5135.0,38776.0,14308,29603,0.13242727460284712,0.17346214910650948
59045.png,Fixed,336,336,13,72,3964.0,39751.0,14112,29603,0.09972076174184297,0.1339053474310036
59046.png,DRIP,336,336,13,73,5135.0,38776.0,14308,29603,0.13242727460284712,0.17346214910650948
59046.png,Fixed,336,336,13,72,3964.0,39751.0,14112,29603,0.09972076174184297,0.1339053474310036
59125.png,DRIP,336,336,155,73,8786.0,77353.0,14308,71831,0.11358318358693263,0.12231487797747491
59125.png,Fixed,336,336,155,72,8921.0,77022.0,14112,71831,0.11582405027135104,0.12419428937366875
59126.png,DRIP,336,336,155,73,8786.0,77353.0,14308,71831,0.11358318358693263,0.12231487797747491
59126.png,Fixed,336,336,155,72,8921.0,77022.0,14112,71831,0.11582405027135104,0.12419428937366875
59263.png,DRIP,336,336,94,72,2381.0,40312.0,14112,28581,0.05906429847191903,0.08330709212413841
59263.png,Fixed,336,336,94,72,3214.0,39479.0,14112,28581,0.08141037007016388,0.11245232846996256
59264.png,DRIP,336,336,94,72,2381.0,40312.0,14112,28581,0.05906429847191903,0.08330709212413841
59264.png,Fixed,336,336,94,72,3214.0,39479.0,14112,28581,0.08141037007016388,0.11245232846996256
59265.png,DRIP,336,336,94,72,2381.0,40312.0,14112,28581,0.05906429847191903,0.08330709212413841
59265.png,Fixed,336,336,94,72,3214.0,39479.0,14112,28581,0.08141037007016388,0.11245232846996256
59289.png,DRIP,336,336,0,73,,,14308,0,,
59289.png,Fixed,336,336,0,72,,,14112,0,,
59290.png,DRIP,336,336,0,73,,,14308,0,,
59290.png,Fixed,336,336,0,72,,,14112,0,,
59291.png,DRIP,336,336,0,73,,,14308,0,,
59291.png,Fixed,336,336,0,72,,,14112,0,,
59292.png,DRIP,336,336,0,73,,,14308,0,,
59292.png,Fixed,336,336,0,72,,,14112,0,,
59293.png,DRIP,336,336,0,73,,,14308,0,,
59293.png,Fixed,336,336,0,72,,,14112,0,,
59294.png,DRIP,336,336,0,73,,,14308,0,,
59294.png,Fixed,336,336,0,72,,,14112,0,,
59304.png,DRIP,336,336,0,73,,,14308,0,,
59304.png,Fixed,336,336,0,72,,,14112,0,,
59305.png,DRIP,336,336,0,73,,,14308,0,,
59305.png,Fixed,336,336,0,72,,,14112,0,,
59306.png,DRIP,336,336,0,73,,,14308,0,,
59306.png,Fixed,336,336,0,72,,,14112,0,,
59308.png,DRIP,336,336,0,73,,,14308,0,,
59308.png,Fixed,336,336,0,72,,,14112,0,,
5934.png,DRIP,336,336,39,73,6266.0,38323.0,14308,30281,0.16350494481120997,0.20692843697367985
5934.png,Fixed,336,336,39,72,4209.0,40184.0,14112,30281,0.1047431813657177,0.1389980515835012
59344.png,DRIP,336,336,12,72,3358.0,21224.0,14112,10470,0.15821711270260083,0.3207258834765998
59344.png,Fixed,336,336,12,72,1694.0,22888.0,14112,10470,0.07401258301293254,0.1617956064947469
59345.png,DRIP,336,336,12,72,3358.0,21224.0,14112,10470,0.15821711270260083,0.3207258834765998
59345.png,Fixed,336,336,12,72,1694.0,22888.0,14112,10470,0.07401258301293254,0.1617956064947469
59347.png,DRIP,336,336,12,72,3358.0,21224.0,14112,10470,0.15821711270260083,0.3207258834765998
59347.png,Fixed,336,336,12,72,1694.0,22888.0,14112,10470,0.07401258301293254,0.1617956064947469
59348.png,DRIP,336,336,12,72,3358.0,21224.0,14112,10470,0.15821711270260083,0.3207258834765998
59348.png,Fixed,336,336,12,72,1694.0,22888.0,14112,10470,0.07401258301293254,0.1617956064947469
59349.png,DRIP,336,336,12,72,3358.0,21224.0,14112,10470,0.15821711270260083,0.3207258834765998
59349.png,Fixed,336,336,12,72,1694.0,22888.0,14112,10470,0.07401258301293254,0.1617956064947469
59350.png,DRIP,336,336,12,72,3358.0,21224.0,14112,10470,0.15821711270260083,0.3207258834765998
59350.png,Fixed,336,336,12,72,1694.0,22888.0,14112,10470,0.07401258301293254,0.1617956064947469
59352.png,DRIP,336,336,46,73,7227.0,54104.0,14308,47023,0.13357607570604763,0.15369074708121558
59352.png,Fixed,336,336,46,72,5310.0,55825.0,14112,47023,0.09511867442901925,0.11292346298619825
59353.png,DRIP,336,336,46,73,7227.0,54104.0,14308,47023,0.13357607570604763,0.15369074708121558
59353.png,Fixed,336,336,46,72,5310.0,55825.0,14112,47023,0.09511867442901925,0.11292346298619825
59354.png,DRIP,336,336,46,73,7227.0,54104.0,14308,47023,0.13357607570604763,0.15369074708121558
59354.png,Fixed,336,336,46,72,5310.0,55825.0,14112,47023,0.09511867442901925,0.11292346298619825
59355.png,DRIP,336,336,46,73,7227.0,54104.0,14308,47023,0.13357607570604763,0.15369074708121558
59355.png,Fixed,336,336,46,72,5310.0,55825.0,14112,47023,0.09511867442901925,0.11292346298619825
59356.png,DRIP,336,336,46,73,7227.0,54104.0,14308,47023,0.13357607570604763,0.15369074708121558
59356.png,Fixed,336,336,46,72,5310.0,55825.0,14112,47023,0.09511867442901925,0.11292346298619825
59357.png,DRIP,336,336,46,73,7227.0,54104.0,14308,47023,0.13357607570604763,0.15369074708121558
59357.png,Fixed,336,336,46,72,5310.0,55825.0,14112,47023,0.09511867442901925,0.11292346298619825
59362.png,DRIP,336,336,19,73,1980.0,29183.0,14308,16855,0.06784771956275915,0.1174725600711955
59362.png,Fixed,336,336,19,72,1765.0,29202.0,14112,16855,0.060441065680432844,0.10471670127558588
59369.png,DRIP,336,336,19,73,1980.0,29183.0,14308,16855,0.06784771956275915,0.1174725600711955
59369.png,Fixed,336,336,19,72,1765.0,29202.0,14112,16855,0.060441065680432844,0.10471670127558588
5937.png,DRIP,336,336,39,73,6266.0,38323.0,14308,30281,0.16350494481120997,0.20692843697367985
5937.png,Fixed,336,336,39,72,4209.0,40184.0,14112,30281,0.1047431813657177,0.1389980515835012
59374.png,DRIP,336,336,101,72,4954.0,46430.0,14112,37272,0.10669825543829421,0.13291478858124062
59374.png,Fixed,336,336,101,72,5294.0,46090.0,14112,37272,0.11486222607940985,0.14203691779351793
59375.png,DRIP,336,336,19,73,1980.0,29183.0,14308,16855,0.06784771956275915,0.1174725600711955
59375.png,Fixed,336,336,19,72,1765.0,29202.0,14112,16855,0.060441065680432844,0.10471670127558588
59376.png,DRIP,336,336,101,72,4954.0,46430.0,14112,37272,0.10669825543829421,0.13291478858124062
59376.png,Fixed,336,336,101,72,5294.0,46090.0,14112,37272,0.11486222607940985,0.14203691779351793
59377.png,DRIP,336,336,101,72,4954.0,46430.0,14112,37272,0.10669825543829421,0.13291478858124062
59377.png,Fixed,336,336,101,72,5294.0,46090.0,14112,37272,0.11486222607940985,0.14203691779351793
59379.png,DRIP,336,336,101,72,4954.0,46430.0,14112,37272,0.10669825543829421,0.13291478858124062
59379.png,Fixed,336,336,101,72,5294.0,46090.0,14112,37272,0.11486222607940985,0.14203691779351793
59380.png,DRIP,336,336,19,73,1980.0,29183.0,14308,16855,0.06784771956275915,0.1174725600711955
59380.png,Fixed,336,336,19,72,1765.0,29202.0,14112,16855,0.060441065680432844,0.10471670127558588
59381.png,DRIP,336,336,19,73,1980.0,29183.0,14308,16855,0.06784771956275915,0.1174725600711955
59381.png,Fixed,336,336,19,72,1765.0,29202.0,14112,16855,0.060441065680432844,0.10471670127558588
59397.png,DRIP,336,336,19,73,1980.0,29183.0,14308,16855,0.06784771956275915,0.1174725600711955
59397.png,Fixed,336,336,19,72,1765.0,29202.0,14112,16855,0.060441065680432844,0.10471670127558588
59406.png,DRIP,336,336,32,72,4204.0,28320.0,14112,18412,0.14844632768361582,0.22832935042363675
59406.png,Fixed,336,336,32,72,2773.0,29751.0,14112,18412,0.09320695102685624,0.15060829893547686
5941.png,DRIP,336,336,39,73,6266.0,38323.0,14308,30281,0.16350494481120997,0.20692843697367985
5941.png,Fixed,336,336,39,72,4209.0,40184.0,14112,30281,0.1047431813657177,0.1389980515835012
59410.png,DRIP,336,336,32,72,4204.0,28320.0,14112,18412,0.14844632768361582,0.22832935042363675
59410.png,Fixed,336,336,32,72,2773.0,29751.0,14112,18412,0.09320695102685624,0.15060829893547686
59411.png,DRIP,336,336,32,72,4204.0,28320.0,14112,18412,0.14844632768361582,0.22832935042363675
59411.png,Fixed,336,336,32,72,2773.0,29751.0,14112,18412,0.09320695102685624,0.15060829893547686
59412.png,DRIP,336,336,32,72,4204.0,28320.0,14112,18412,0.14844632768361582,0.22832935042363675
59412.png,Fixed,336,336,32,72,2773.0,29751.0,14112,18412,0.09320695102685624,0.15060829893547686
59419.png,DRIP,336,336,51,72,6439.0,38146.0,14112,30473,0.16879882556493472,0.21130180815804153
59419.png,Fixed,336,336,51,72,3756.0,40829.0,14112,30473,0.09199343603811017,0.12325665343090605
5942.png,DRIP,336,336,39,73,6266.0,38323.0,14308,30281,0.16350494481120997,0.20692843697367985
5942.png,Fixed,336,336,39,72,4209.0,40184.0,14112,30281,0.1047431813657177,0.1389980515835012
59420.png,DRIP,336,336,51,72,6439.0,38146.0,14112,30473,0.16879882556493472,0.21130180815804153
59420.png,Fixed,336,336,51,72,3756.0,40829.0,14112,30473,0.09199343603811017,0.12325665343090605
59422.png,DRIP,336,336,51,72,6439.0,38146.0,14112,30473,0.16879882556493472,0.21130180815804153
59422.png,Fixed,336,336,51,72,3756.0,40829.0,14112,30473,0.09199343603811017,0.12325665343090605
59423.png,DRIP,336,336,17,72,5283.0,23352.0,14112,14523,0.2262332990750257,0.36376781656682505
59423.png,Fixed,336,336,17,72,1589.0,27046.0,14112,14523,0.0587517562671005,0.10941265578737175
59425.png,DRIP,336,336,51,72,6439.0,38146.0,14112,30473,0.16879882556493472,0.21130180815804153
59425.png,Fixed,336,336,51,72,3756.0,40829.0,14112,30473,0.09199343603811017,0.12325665343090605
59427.png,DRIP,336,336,17,72,5283.0,23352.0,14112,14523,0.2262332990750257,0.36376781656682505
59427.png,Fixed,336,336,17,72,1589.0,27046.0,14112,14523,0.0587517562671005,0.10941265578737175
59428.png,DRIP,336,336,17,72,5283.0,23352.0,14112,14523,0.2262332990750257,0.36376781656682505
59428.png,Fixed,336,336,17,72,1589.0,27046.0,14112,14523,0.0587517562671005,0.10941265578737175
5943.png,DRIP,336,336,39,73,6266.0,38323.0,14308,30281,0.16350494481120997,0.20692843697367985
5943.png,Fixed,336,336,39,72,4209.0,40184.0,14112,30281,0.1047431813657177,0.1389980515835012
59431.png,DRIP,336,336,189,73,7136.0,74375.0,14308,67203,0.09594621848739496,0.10618573575584424
59431.png,Fixed,336,336,189,72,8518.0,72797.0,14112,67203,0.11701031635919062,0.12675029388568962
59433.png,DRIP,336,336,189,73,7136.0,74375.0,14308,67203,0.09594621848739496,0.10618573575584424
59433.png,Fixed,336,336,189,72,8518.0,72797.0,14112,67203,0.11701031635919062,0.12675029388568962
59436.png,DRIP,336,336,189,73,7136.0,74375.0,14308,67203,0.09594621848739496,0.10618573575584424
59436.png,Fixed,336,336,189,72,8518.0,72797.0,14112,67203,0.11701031635919062,0.12675029388568962
59438.png,DRIP,336,336,189,73,7136.0,74375.0,14308,67203,0.09594621848739496,0.10618573575584424
59438.png,Fixed,336,336,189,72,8518.0,72797.0,14112,67203,0.11701031635919062,0.12675029388568962
59441.png,DRIP,336,336,189,73,7136.0,74375.0,14308,67203,0.09594621848739496,0.10618573575584424
59441.png,Fixed,336,336,189,72,8518.0,72797.0,14112,67203,0.11701031635919062,0.12675029388568962
59443.png,DRIP,336,336,52,73,6930.0,53460.0,14308,46082,0.12962962962962962,0.150384097912417
59443.png,Fixed,336,336,52,72,6012.0,54182.0,14112,46082,0.11095935919678122,0.1304630875396033
59444.png,DRIP,336,336,12,73,9253.0,49326.0,14308,44271,0.18758869561691602,0.20900815432224254
59444.png,Fixed,336,336,12,72,5836.0,52547.0,14112,44271,0.1110624774011837,0.13182444489620745
59447.png,DRIP,336,336,59,72,8320.0,43842.0,14112,38050,0.18977236439943435,0.21865965834428383
59447.png,Fixed,336,336,59,72,4487.0,47675.0,14112,38050,0.09411641321447299,0.11792378449408673
59451.png,DRIP,336,336,59,72,8320.0,43842.0,14112,38050,0.18977236439943435,0.21865965834428383
59451.png,Fixed,336,336,59,72,4487.0,47675.0,14112,38050,0.09411641321447299,0.11792378449408673
59452.png,DRIP,336,336,59,72,8320.0,43842.0,14112,38050,0.18977236439943435,0.21865965834428383
59452.png,Fixed,336,336,59,72,4487.0,47675.0,14112,38050,0.09411641321447299,0.11792378449408673
59455.png,DRIP,336,336,59,72,8320.0,43842.0,14112,38050,0.18977236439943435,0.21865965834428383
59455.png,Fixed,336,336,59,72,4487.0,47675.0,14112,38050,0.09411641321447299,0.11792378449408673
59457.png,DRIP,336,336,59,72,8320.0,43842.0,14112,38050,0.18977236439943435,0.21865965834428383
59457.png,Fixed,336,336,59,72,4487.0,47675.0,14112,38050,0.09411641321447299,0.11792378449408673
59458.png,DRIP,336,336,14,73,2127.0,25711.0,14308,13530,0.0827272373692194,0.1572062084257206
59458.png,Fixed,336,336,14,72,1831.0,25811.0,14112,13530,0.07093874704583317,0.13532889874353288
59459.png,DRIP,336,336,14,73,2127.0,25711.0,14308,13530,0.0827272373692194,0.1572062084257206
59459.png,Fixed,336,336,14,72,1831.0,25811.0,14112,13530,0.07093874704583317,0.13532889874353288
5946.png,DRIP,336,336,39,73,6266.0,38323.0,14308,30281,0.16350494481120997,0.20692843697367985
5946.png,Fixed,336,336,39,72,4209.0,40184.0,14112,30281,0.1047431813657177,0.1389980515835012
59461.png,DRIP,336,336,56,72,4965.0,46214.0,14112,37067,0.10743497641407365,0.13394663717052904
59461.png,Fixed,336,336,56,72,5351.0,45828.0,14112,37067,0.1167626778388758,0.1443602125880163
59465.png,DRIP,336,336,35,72,6858.0,43298.0,14112,36044,0.1583906877915839,0.19026745089335256
59465.png,Fixed,336,336,35,72,3311.0,46845.0,14112,36044,0.07067990180382111,0.09185994895128177
59466.png,DRIP,336,336,35,72,6858.0,43298.0,14112,36044,0.1583906877915839,0.19026745089335256
59466.png,Fixed,336,336,35,72,3311.0,46845.0,14112,36044,0.07067990180382111,0.09185994895128177
59467.png,DRIP,336,336,35,72,6858.0,43298.0,14112,36044,0.1583906877915839,0.19026745089335256
59467.png,Fixed,336,336,35,72,3311.0,46845.0,14112,36044,0.07067990180382111,0.09185994895128177
59468.png,DRIP,336,336,35,72,6858.0,43298.0,14112,36044,0.1583906877915839,0.19026745089335256
59468.png,Fixed,336,336,35,72,3311.0,46845.0,14112,36044,0.07067990180382111,0.09185994895128177
59470.png,DRIP,336,336,51,72,6439.0,38146.0,14112,30473,0.16879882556493472,0.21130180815804153
59470.png,Fixed,336,336,51,72,3756.0,40829.0,14112,30473,0.09199343603811017,0.12325665343090605
59471.png,DRIP,336,336,35,72,6858.0,43298.0,14112,36044,0.1583906877915839,0.19026745089335256
59471.png,Fixed,336,336,35,72,3311.0,46845.0,14112,36044,0.07067990180382111,0.09185994895128177
59475.png,DRIP,336,336,26,73,5228.0,47988.0,14308,38908,0.10894390264232724,0.13436825331551353
59475.png,Fixed,336,336,26,72,4499.0,48521.0,14112,38908,0.09272273860802539,0.11563174668448647
59476.png,DRIP,336,336,0,72,,,14112,0,,
59476.png,Fixed,336,336,0,72,,,14112,0,,
59479.png,DRIP,336,336,26,73,5228.0,47988.0,14308,38908,0.10894390264232724,0.13436825331551353
59479.png,Fixed,336,336,26,72,4499.0,48521.0,14112,38908,0.09272273860802539,0.11563174668448647
59480.png,DRIP,336,336,0,72,,,14112,0,,
59480.png,Fixed,336,336,0,72,,,14112,0,,
59481.png,DRIP,336,336,26,73,5228.0,47988.0,14308,38908,0.10894390264232724,0.13436825331551353
59481.png,Fixed,336,336,26,72,4499.0,48521.0,14112,38908,0.09272273860802539,0.11563174668448647
59484.png,DRIP,336,336,0,72,,,14112,0,,
59484.png,Fixed,336,336,0,72,,,14112,0,,
59486.png,DRIP,336,336,0,72,,,14112,0,,
59486.png,Fixed,336,336,0,72,,,14112,0,,
59487.png,DRIP,336,336,26,73,5228.0,47988.0,14308,38908,0.10894390264232724,0.13436825331551353
59487.png,Fixed,336,336,26,72,4499.0,48521.0,14112,38908,0.09272273860802539,0.11563174668448647
59489.png,DRIP,336,336,0,72,,,14112,0,,
59489.png,Fixed,336,336,0,72,,,14112,0,,
59490.png,DRIP,336,336,132,72,4372.0,42981.0,14112,33241,0.10171936437030316,0.13152432237297312
59490.png,Fixed,336,336,132,72,3503.0,43850.0,14112,33241,0.07988597491448118,0.105381907884841
59491.png,DRIP,336,336,26,73,5228.0,47988.0,14308,38908,0.10894390264232724,0.13436825331551353
59491.png,Fixed,336,336,26,72,4499.0,48521.0,14112,38908,0.09272273860802539,0.11563174668448647
59492.png,DRIP,336,336,132,72,4372.0,42981.0,14112,33241,0.10171936437030316,0.13152432237297312
59492.png,Fixed,336,336,132,72,3503.0,43850.0,14112,33241,0.07988597491448118,0.105381907884841
59493.png,DRIP,336,336,26,73,7614.0,50327.0,14308,43633,0.15129055973930494,0.1745009511149818
59493.png,Fixed,336,336,26,72,5114.0,52631.0,14112,43633,0.09716706883775722,0.11720486787523204
59494.png,DRIP,336,336,26,73,7614.0,50327.0,14308,43633,0.15129055973930494,0.1745009511149818
59494.png,Fixed,336,336,26,72,5114.0,52631.0,14112,43633,0.09716706883775722,0.11720486787523204
59495.png,DRIP,336,336,132,72,4372.0,42981.0,14112,33241,0.10171936437030316,0.13152432237297312
59495.png,Fixed,336,336,132,72,3503.0,43850.0,14112,33241,0.07988597491448118,0.105381907884841
59496.png,DRIP,336,336,26,73,7614.0,50327.0,14308,43633,0.15129055973930494,0.1745009511149818
59496.png,Fixed,336,336,26,72,5114.0,52631.0,14112,43633,0.09716706883775722,0.11720486787523204
59497.png,DRIP,336,336,132,72,4372.0,42981.0,14112,33241,0.10171936437030316,0.13152432237297312
59497.png,Fixed,336,336,132,72,3503.0,43850.0,14112,33241,0.07988597491448118,0.105381907884841
59498.png,DRIP,336,336,26,73,7614.0,50327.0,14308,43633,0.15129055973930494,0.1745009511149818
59498.png,Fixed,336,336,26,72,5114.0,52631.0,14112,43633,0.09716706883775722,0.11720486787523204
59499.png,DRIP,336,336,26,73,5228.0,47988.0,14308,38908,0.10894390264232724,0.13436825331551353
59499.png,Fixed,336,336,26,72,4499.0,48521.0,14112,38908,0.09272273860802539,0.11563174668448647
5950.png,DRIP,336,336,16,73,3453.0,34243.0,14308,23388,0.10083812750051105,0.14763981528989226
5950.png,Fixed,336,336,16,72,3032.0,34468.0,14112,23388,0.0879656492978995,0.12963913117838208
59500.png,DRIP,336,336,26,73,7614.0,50327.0,14308,43633,0.15129055973930494,0.1745009511149818
59500.png,Fixed,336,336,26,72,5114.0,52631.0,14112,43633,0.09716706883775722,0.11720486787523204
59502.png,DRIP,336,336,26,73,7614.0,50327.0,14308,43633,0.15129055973930494,0.1745009511149818
59502.png,Fixed,336,336,26,72,5114.0,52631.0,14112,43633,0.09716706883775722,0.11720486787523204
59505.png,DRIP,336,336,12,73,3926.0,26553.0,14308,16171,0.14785523293036568,0.24278028569661741
59505.png,Fixed,336,336,12,72,1662.0,28621.0,14112,16171,0.05806924985150763,0.10277657535093686
59509.png,DRIP,336,336,12,73,3926.0,26553.0,14308,16171,0.14785523293036568,0.24278028569661741
59509.png,Fixed,336,336,12,72,1662.0,28621.0,14112,16171,0.05806924985150763,0.10277657535093686
59515.png,DRIP,336,336,12,73,3926.0,26553.0,14308,16171,0.14785523293036568,0.24278028569661741
59515.png,Fixed,336,336,12,72,1662.0,28621.0,14112,16171,0.05806924985150763,0.10277657535093686
59535.png,DRIP,336,336,12,73,3926.0,26553.0,14308,16171,0.14785523293036568,0.24278028569661741
59535.png,Fixed,336,336,12,72,1662.0,28621.0,14112,16171,0.05806924985150763,0.10277657535093686
59537.png,DRIP,336,336,12,73,3926.0,26553.0,14308,16171,0.14785523293036568,0.24278028569661741
59537.png,Fixed,336,336,12,72,1662.0,28621.0,14112,16171,0.05806924985150763,0.10277657535093686
59538.png,DRIP,336,336,12,73,3926.0,26553.0,14308,16171,0.14785523293036568,0.24278028569661741
59538.png,Fixed,336,336,12,72,1662.0,28621.0,14112,16171,0.05806924985150763,0.10277657535093686
59539.png,DRIP,336,336,12,73,3926.0,26553.0,14308,16171,0.14785523293036568,0.24278028569661741
59539.png,Fixed,336,336,12,72,1662.0,28621.0,14112,16171,0.05806924985150763,0.10277657535093686
59540.png,DRIP,336,336,12,73,3926.0,26553.0,14308,16171,0.14785523293036568,0.24278028569661741
59540.png,Fixed,336,336,12,72,1662.0,28621.0,14112,16171,0.05806924985150763,0.10277657535093686
59541.png,DRIP,336,336,12,73,3926.0,26553.0,14308,16171,0.14785523293036568,0.24278028569661741
59541.png,Fixed,336,336,12,72,1662.0,28621.0,14112,16171,0.05806924985150763,0.10277657535093686
5955.png,DRIP,336,336,16,73,3453.0,34243.0,14308,23388,0.10083812750051105,0.14763981528989226
5955.png,Fixed,336,336,16,72,3032.0,34468.0,14112,23388,0.0879656492978995,0.12963913117838208
59561.png,DRIP,336,336,45,72,6505.0,37461.0,14112,29854,0.17364725981687623,0.21789374958129565
59561.png,Fixed,336,336,45,72,4119.0,39847.0,14112,29854,0.10337039174843778,0.13797146111073894
59562.png,DRIP,336,336,45,72,6505.0,37461.0,14112,29854,0.17364725981687623,0.21789374958129565
59562.png,Fixed,336,336,45,72,4119.0,39847.0,14112,29854,0.10337039174843778,0.13797146111073894
59563.png,DRIP,336,336,45,72,6505.0,37461.0,14112,29854,0.17364725981687623,0.21789374958129565
59563.png,Fixed,336,336,45,72,4119.0,39847.0,14112,29854,0.10337039174843778,0.13797146111073894
59564.png,DRIP,336,336,45,72,6505.0,37461.0,14112,29854,0.17364725981687623,0.21789374958129565
59564.png,Fixed,336,336,45,72,4119.0,39847.0,14112,29854,0.10337039174843778,0.13797146111073894
59566.png,DRIP,336,336,45,72,6505.0,37461.0,14112,29854,0.17364725981687623,0.21789374958129565
59566.png,Fixed,336,336,45,72,4119.0,39847.0,14112,29854,0.10337039174843778,0.13797146111073894
59567.png,DRIP,336,336,28,73,6470.0,39655.0,14308,31817,0.16315723111839617,0.20335041015809158
59567.png,Fixed,336,336,28,72,3781.0,42148.0,14112,31817,0.08970769668786183,0.11883584247414904
59568.png,DRIP,336,336,28,73,6470.0,39655.0,14308,31817,0.16315723111839617,0.20335041015809158
59568.png,Fixed,336,336,28,72,3781.0,42148.0,14112,31817,0.08970769668786183,0.11883584247414904
59569.png,DRIP,336,336,28,73,6470.0,39655.0,14308,31817,0.16315723111839617,0.20335041015809158
59569.png,Fixed,336,336,28,72,3781.0,42148.0,14112,31817,0.08970769668786183,0.11883584247414904
59570.png,DRIP,336,336,28,73,6470.0,39655.0,14308,31817,0.16315723111839617,0.20335041015809158
59570.png,Fixed,336,336,28,72,3781.0,42148.0,14112,31817,0.08970769668786183,0.11883584247414904
59571.png,DRIP,336,336,28,73,6470.0,39655.0,14308,31817,0.16315723111839617,0.20335041015809158
59571.png,Fixed,336,336,28,72,3781.0,42148.0,14112,31817,0.08970769668786183,0.11883584247414904
59572.png,DRIP,336,336,28,73,6470.0,39655.0,14308,31817,0.16315723111839617,0.20335041015809158
59572.png,Fixed,336,336,28,72,3781.0,42148.0,14112,31817,0.08970769668786183,0.11883584247414904
5958.png,DRIP,336,336,16,73,3453.0,34243.0,14308,23388,0.10083812750051105,0.14763981528989226
5958.png,Fixed,336,336,16,72,3032.0,34468.0,14112,23388,0.0879656492978995,0.12963913117838208
59589.png,DRIP,336,336,5,72,1558.0,15483.0,14112,2929,0.10062649357359685,0.5319221577330147
59589.png,Fixed,336,336,5,72,355.0,16686.0,14112,2929,0.021275320628071435,0.12120177534994879
59590.png,DRIP,336,336,5,72,1558.0,15483.0,14112,2929,0.10062649357359685,0.5319221577330147
59590.png,Fixed,336,336,5,72,355.0,16686.0,14112,2929,0.021275320628071435,0.12120177534994879
59591.png,DRIP,336,336,5,72,1558.0,15483.0,14112,2929,0.10062649357359685,0.5319221577330147
59591.png,Fixed,336,336,5,72,355.0,16686.0,14112,2929,0.021275320628071435,0.12120177534994879
59594.png,DRIP,336,336,5,72,1558.0,15483.0,14112,2929,0.10062649357359685,0.5319221577330147
59594.png,Fixed,336,336,5,72,355.0,16686.0,14112,2929,0.021275320628071435,0.12120177534994879
59595.png,DRIP,336,336,5,72,1558.0,15483.0,14112,2929,0.10062649357359685,0.5319221577330147
59595.png,Fixed,336,336,5,72,355.0,16686.0,14112,2929,0.021275320628071435,0.12120177534994879
59596.png,DRIP,336,336,5,72,1558.0,15483.0,14112,2929,0.10062649357359685,0.5319221577330147
59596.png,Fixed,336,336,5,72,355.0,16686.0,14112,2929,0.021275320628071435,0.12120177534994879
59597.png,DRIP,336,336,5,72,1558.0,15483.0,14112,2929,0.10062649357359685,0.5319221577330147
59597.png,Fixed,336,336,5,72,355.0,16686.0,14112,2929,0.021275320628071435,0.12120177534994879
596.png,DRIP,336,336,101,73,7969.0,81122.0,14308,74783,0.09823475752570203,0.10656165171228756
596.png,Fixed,336,336,101,72,9463.0,79432.0,14112,74783,0.11913334676201028,0.12653945415401896
5960.png,DRIP,336,336,33,73,4814.0,29728.0,14308,20234,0.16193487621097954,0.23791637837303548
5960.png,Fixed,336,336,33,72,2399.0,31947.0,14112,20234,0.07509312298494382,0.11856281506375407
59600.png,DRIP,336,336,174,72,8461.0,79949.0,14112,74298,0.10582996660370987,0.11387924304826509
59600.png,Fixed,336,336,174,72,9200.0,79210.0,14112,74298,0.11614695114253251,0.1238256749845218
59603.png,DRIP,336,336,174,72,8461.0,79949.0,14112,74298,0.10582996660370987,0.11387924304826509
59603.png,Fixed,336,336,174,72,9200.0,79210.0,14112,74298,0.11614695114253251,0.1238256749845218
59605.png,DRIP,336,336,174,72,8461.0,79949.0,14112,74298,0.10582996660370987,0.11387924304826509
59605.png,Fixed,336,336,174,72,9200.0,79210.0,14112,74298,0.11614695114253251,0.1238256749845218
59606.png,DRIP,336,336,174,72,8461.0,79949.0,14112,74298,0.10582996660370987,0.11387924304826509
59606.png,Fixed,336,336,174,72,9200.0,79210.0,14112,74298,0.11614695114253251,0.1238256749845218
59607.png,DRIP,336,336,174,72,8461.0,79949.0,14112,74298,0.10582996660370987,0.11387924304826509
59607.png,Fixed,336,336,174,72,9200.0,79210.0,14112,74298,0.11614695114253251,0.1238256749845218
59608.png,DRIP,336,336,26,72,6800.0,38539.0,14112,31227,0.17644464049404499,0.21776027155986807
59608.png,Fixed,336,336,26,72,3900.0,41439.0,14112,31227,0.09411424020849923,0.12489192045345374
59609.png,DRIP,336,336,26,72,6800.0,38539.0,14112,31227,0.17644464049404499,0.21776027155986807
59609.png,Fixed,336,336,26,72,3900.0,41439.0,14112,31227,0.09411424020849923,0.12489192045345374
59611.png,DRIP,336,336,26,72,6800.0,38539.0,14112,31227,0.17644464049404499,0.21776027155986807
59611.png,Fixed,336,336,26,72,3900.0,41439.0,14112,31227,0.09411424020849923,0.12489192045345374
59612.png,DRIP,336,336,26,72,6800.0,38539.0,14112,31227,0.17644464049404499,0.21776027155986807
59612.png,Fixed,336,336,26,72,3900.0,41439.0,14112,31227,0.09411424020849923,0.12489192045345374
59613.png,DRIP,336,336,26,72,6800.0,38539.0,14112,31227,0.17644464049404499,0.21776027155986807
59613.png,Fixed,336,336,26,72,3900.0,41439.0,14112,31227,0.09411424020849923,0.12489192045345374
59614.png,DRIP,336,336,24,72,5001.0,40259.0,14112,31148,0.12422067115427607,0.16055605496340053
59614.png,Fixed,336,336,24,72,3567.0,41693.0,14112,31148,0.0855539299162929,0.11451778605367921
59615.png,DRIP,336,336,24,72,5001.0,40259.0,14112,31148,0.12422067115427607,0.16055605496340053
59615.png,Fixed,336,336,24,72,3567.0,41693.0,14112,31148,0.0855539299162929,0.11451778605367921
59616.png,DRIP,336,336,24,72,5001.0,40259.0,14112,31148,0.12422067115427607,0.16055605496340053
59616.png,Fixed,336,336,24,72,3567.0,41693.0,14112,31148,0.0855539299162929,0.11451778605367921
59617.png,DRIP,336,336,24,72,5001.0,40259.0,14112,31148,0.12422067115427607,0.16055605496340053
59617.png,Fixed,336,336,24,72,3567.0,41693.0,14112,31148,0.0855539299162929,0.11451778605367921
59619.png,DRIP,336,336,24,72,5001.0,40259.0,14112,31148,0.12422067115427607,0.16055605496340053
59619.png,Fixed,336,336,24,72,3567.0,41693.0,14112,31148,0.0855539299162929,0.11451778605367921
5962.png,DRIP,336,336,33,73,4814.0,29728.0,14308,20234,0.16193487621097954,0.23791637837303548
5962.png,Fixed,336,336,33,72,2399.0,31947.0,14112,20234,0.07509312298494382,0.11856281506375407
59623.png,DRIP,336,336,52,72,5302.0,34120.0,14112,25310,0.15539273153575617,0.20948241801659423
59623.png,Fixed,336,336,52,72,3358.0,36064.0,14112,25310,0.09311224489795919,0.13267483208218095
59624.png,DRIP,336,336,52,72,5302.0,34120.0,14112,25310,0.15539273153575617,0.20948241801659423
59624.png,Fixed,336,336,52,72,3358.0,36064.0,14112,25310,0.09311224489795919,0.13267483208218095
59625.png,DRIP,336,336,0,72,,,14112,0,,
59625.png,Fixed,336,336,0,72,,,14112,0,,
59626.png,DRIP,336,336,52,72,5302.0,34120.0,14112,25310,0.15539273153575617,0.20948241801659423
59626.png,Fixed,336,336,52,72,3358.0,36064.0,14112,25310,0.09311224489795919,0.13267483208218095
59627.png,DRIP,336,336,0,72,,,14112,0,,
59627.png,Fixed,336,336,0,72,,,14112,0,,
59628.png,DRIP,336,336,52,72,5302.0,34120.0,14112,25310,0.15539273153575617,0.20948241801659423
59628.png,Fixed,336,336,52,72,3358.0,36064.0,14112,25310,0.09311224489795919,0.13267483208218095
59631.png,DRIP,336,336,4,73,556.0,17506.0,14308,3754,0.03176053924368788,0.148108684070325
59631.png,Fixed,336,336,4,72,255.0,17611.0,14112,3754,0.014479586621997616,0.06792754395311668
59636.png,DRIP,336,336,6,73,6098.0,39068.0,14308,30858,0.15608682297532508,0.19761488106811848
59636.png,Fixed,336,336,6,72,4004.0,40966.0,14112,30858,0.09773958892740321,0.12975565493551106
5964.png,DRIP,336,336,33,73,4814.0,29728.0,14308,20234,0.16193487621097954,0.23791637837303548
5964.png,Fixed,336,336,33,72,2399.0,31947.0,14112,20234,0.07509312298494382,0.11856281506375407
59650.png,DRIP,336,336,8,72,2427.0,37487.0,14112,25802,0.06474244404726973,0.09406247577707154
59650.png,Fixed,336,336,8,72,3630.0,36284.0,14112,25802,0.10004409657149156,0.14068676846756065
59653.png,DRIP,336,336,8,72,2427.0,37487.0,14112,25802,0.06474244404726973,0.09406247577707154
59653.png,Fixed,336,336,8,72,3630.0,36284.0,14112,25802,0.10004409657149156,0.14068676846756065
59654.png,DRIP,336,336,8,72,2427.0,37487.0,14112,25802,0.06474244404726973,0.09406247577707154
59654.png,Fixed,336,336,8,72,3630.0,36284.0,14112,25802,0.10004409657149156,0.14068676846756065
59655.png,DRIP,336,336,8,72,2427.0,37487.0,14112,25802,0.06474244404726973,0.09406247577707154
59655.png,Fixed,336,336,8,72,3630.0,36284.0,14112,25802,0.10004409657149156,0.14068676846756065
59657.png,DRIP,336,336,8,72,2427.0,37487.0,14112,25802,0.06474244404726973,0.09406247577707154
59657.png,Fixed,336,336,8,72,3630.0,36284.0,14112,25802,0.10004409657149156,0.14068676846756065
59664.png,DRIP,336,336,21,72,7465.0,47433.0,14112,40786,0.15737988320367677,0.18302849016819497
59664.png,Fixed,336,336,21,72,5347.0,49551.0,14112,40786,0.10790902302678049,0.13109890648752023
59665.png,DRIP,336,336,21,72,7465.0,47433.0,14112,40786,0.15737988320367677,0.18302849016819497
59665.png,Fixed,336,336,21,72,5347.0,49551.0,14112,40786,0.10790902302678049,0.13109890648752023
59666.png,DRIP,336,336,21,72,7465.0,47433.0,14112,40786,0.15737988320367677,0.18302849016819497
59666.png,Fixed,336,336,21,72,5347.0,49551.0,14112,40786,0.10790902302678049,0.13109890648752023
59681.png,DRIP,336,336,55,72,4642.0,35201.0,14112,25731,0.13187125365756655,0.18040495899887296
59681.png,Fixed,336,336,55,72,3478.0,36365.0,14112,25731,0.09564141344699574,0.13516769655279623
59684.png,DRIP,336,336,4,72,518.0,15598.0,14112,2004,0.0332093858186947,0.25848303393213573
59684.png,Fixed,336,336,4,72,154.0,15962.0,14112,2004,0.009647913795263752,0.07684630738522955
59692.png,DRIP,336,336,0,73,,,14308,0,,
59692.png,Fixed,336,336,0,72,,,14112,0,,
59693.png,DRIP,336,336,21,73,5155.0,25240.0,14308,16087,0.2042393026941363,0.3204450798781625
59693.png,Fixed,336,336,21,72,2010.0,28189.0,14112,16087,0.07130440952144454,0.12494560825511282
59694.png,DRIP,336,336,21,73,5155.0,25240.0,14308,16087,0.2042393026941363,0.3204450798781625
59694.png,Fixed,336,336,21,72,2010.0,28189.0,14112,16087,0.07130440952144454,0.12494560825511282
597.png,DRIP,336,336,101,73,7969.0,81122.0,14308,74783,0.09823475752570203,0.10656165171228756
597.png,Fixed,336,336,101,72,9463.0,79432.0,14112,74783,0.11913334676201028,0.12653945415401896
59706.png,DRIP,336,336,26,73,5178.0,42561.0,14308,33431,0.12166067526608867,0.15488618348239658
59706.png,Fixed,336,336,26,72,4224.0,43319.0,14112,33431,0.09750917611209861,0.12634979510035596
59707.png,DRIP,336,336,26,73,5178.0,42561.0,14308,33431,0.12166067526608867,0.15488618348239658
59707.png,Fixed,336,336,26,72,4224.0,43319.0,14112,33431,0.09750917611209861,0.12634979510035596
59708.png,DRIP,336,336,26,73,5178.0,42561.0,14308,33431,0.12166067526608867,0.15488618348239658
59708.png,Fixed,336,336,26,72,4224.0,43319.0,14112,33431,0.09750917611209861,0.12634979510035596
59709.png,DRIP,336,336,26,73,5178.0,42561.0,14308,33431,0.12166067526608867,0.15488618348239658
59709.png,Fixed,336,336,26,72,4224.0,43319.0,14112,33431,0.09750917611209861,0.12634979510035596
59710.png,DRIP,336,336,26,73,5178.0,42561.0,14308,33431,0.12166067526608867,0.15488618348239658
59710.png,Fixed,336,336,26,72,4224.0,43319.0,14112,33431,0.09750917611209861,0.12634979510035596
59711.png,DRIP,336,336,26,73,5178.0,42561.0,14308,33431,0.12166067526608867,0.15488618348239658
59711.png,Fixed,336,336,26,72,4224.0,43319.0,14112,33431,0.09750917611209861,0.12634979510035596
59713.png,DRIP,336,336,26,73,5178.0,42561.0,14308,33431,0.12166067526608867,0.15488618348239658
59713.png,Fixed,336,336,26,72,4224.0,43319.0,14112,33431,0.09750917611209861,0.12634979510035596
5978.png,DRIP,336,336,18,73,8067.0,58765.0,14308,52524,0.1372755892112652,0.15358693168837104
5978.png,Fixed,336,336,18,72,7295.0,59341.0,14112,52524,0.12293355352960011,0.1388888888888889
59790.png,DRIP,336,336,7,73,4564.0,29224.0,14308,19480,0.15617300848617574,0.23429158110882956
59790.png,Fixed,336,336,7,72,3145.0,30447.0,14112,19480,0.10329424902289223,0.1614476386036961
59791.png,DRIP,336,336,7,73,4564.0,29224.0,14308,19480,0.15617300848617574,0.23429158110882956
59791.png,Fixed,336,336,7,72,3145.0,30447.0,14112,19480,0.10329424902289223,0.1614476386036961
59794.png,DRIP,336,336,7,73,4564.0,29224.0,14308,19480,0.15617300848617574,0.23429158110882956
59794.png,Fixed,336,336,7,72,3145.0,30447.0,14112,19480,0.10329424902289223,0.1614476386036961
59795.png,DRIP,336,336,7,73,4564.0,29224.0,14308,19480,0.15617300848617574,0.23429158110882956
59795.png,Fixed,336,336,7,72,3145.0,30447.0,14112,19480,0.10329424902289223,0.1614476386036961
59796.png,DRIP,336,336,7,73,4564.0,29224.0,14308,19480,0.15617300848617574,0.23429158110882956
59796.png,Fixed,336,336,7,72,3145.0,30447.0,14112,19480,0.10329424902289223,0.1614476386036961
59797.png,DRIP,336,336,7,73,4564.0,29224.0,14308,19480,0.15617300848617574,0.23429158110882956
59797.png,Fixed,336,336,7,72,3145.0,30447.0,14112,19480,0.10329424902289223,0.1614476386036961
59798.png,DRIP,336,336,39,72,5286.0,60709.0,14112,51883,0.08707110972014034,0.10188308309080045
59798.png,Fixed,336,336,39,72,6813.0,59182.0,14112,51883,0.11511946199858065,0.13131468881907368
59799.png,DRIP,336,336,39,72,5286.0,60709.0,14112,51883,0.08707110972014034,0.10188308309080045
59799.png,Fixed,336,336,39,72,6813.0,59182.0,14112,51883,0.11511946199858065,0.13131468881907368
598.png,DRIP,336,336,101,73,7969.0,81122.0,14308,74783,0.09823475752570203,0.10656165171228756
598.png,Fixed,336,336,101,72,9463.0,79432.0,14112,74783,0.11913334676201028,0.12653945415401896
59802.png,DRIP,336,336,39,72,5286.0,60709.0,14112,51883,0.08707110972014034,0.10188308309080045
59802.png,Fixed,336,336,39,72,6813.0,59182.0,14112,51883,0.11511946199858065,0.13131468881907368
59803.png,DRIP,336,336,39,72,5286.0,60709.0,14112,51883,0.08707110972014034,0.10188308309080045
59803.png,Fixed,336,336,39,72,6813.0,59182.0,14112,51883,0.11511946199858065,0.13131468881907368
59804.png,DRIP,336,336,39,72,5286.0,60709.0,14112,51883,0.08707110972014034,0.10188308309080045
59804.png,Fixed,336,336,39,72,6813.0,59182.0,14112,51883,0.11511946199858065,0.13131468881907368
59805.png,DRIP,336,336,0,73,,,14308,0,,
59805.png,Fixed,336,336,0,72,,,14112,0,,
59809.png,DRIP,336,336,14,72,4469.0,23254.0,14112,13611,0.19218199019523524,0.3283373741826464
59809.png,Fixed,336,336,14,72,1759.0,25964.0,14112,13611,0.06774765059312894,0.12923370803026962
59811.png,DRIP,336,336,14,72,4469.0,23254.0,14112,13611,0.19218199019523524,0.3283373741826464
59811.png,Fixed,336,336,14,72,1759.0,25964.0,14112,13611,0.06774765059312894,0.12923370803026962
59812.png,DRIP,336,336,14,72,4469.0,23254.0,14112,13611,0.19218199019523524,0.3283373741826464
59812.png,Fixed,336,336,14,72,1759.0,25964.0,14112,13611,0.06774765059312894,0.12923370803026962
59813.png,DRIP,336,336,14,72,4469.0,23254.0,14112,13611,0.19218199019523524,0.3283373741826464
59813.png,Fixed,336,336,14,72,1759.0,25964.0,14112,13611,0.06774765059312894,0.12923370803026962
59814.png,DRIP,336,336,14,72,4469.0,23254.0,14112,13611,0.19218199019523524,0.3283373741826464
59814.png,Fixed,336,336,14,72,1759.0,25964.0,14112,13611,0.06774765059312894,0.12923370803026962
59816.png,DRIP,336,336,3,73,952.0,20316.0,14308,6960,0.04685961803504627,0.1367816091954023
59816.png,Fixed,336,336,3,72,963.0,20109.0,14112,6960,0.04788900492316873,0.13836206896551725
59819.png,DRIP,336,336,3,73,952.0,20316.0,14308,6960,0.04685961803504627,0.1367816091954023
59819.png,Fixed,336,336,3,72,963.0,20109.0,14112,6960,0.04788900492316873,0.13836206896551725
5982.png,DRIP,336,336,18,73,8067.0,58765.0,14308,52524,0.1372755892112652,0.15358693168837104
5982.png,Fixed,336,336,18,72,7295.0,59341.0,14112,52524,0.12293355352960011,0.1388888888888889
59820.png,DRIP,336,336,18,73,6177.0,31620.0,14308,23489,0.19535104364326375,0.2629741581165652
59820.png,Fixed,336,336,18,72,2742.0,34859.0,14112,23489,0.07865974353825411,0.11673549320958747
59821.png,DRIP,336,336,24,73,5590.0,40724.0,14308,32006,0.1372654945486691,0.17465475223395613
59821.png,Fixed,336,336,24,72,3868.0,42250.0,14112,32006,0.09155029585798817,0.12085234018621509
59822.png,DRIP,336,336,24,73,5590.0,40724.0,14308,32006,0.1372654945486691,0.17465475223395613
59822.png,Fixed,336,336,24,72,3868.0,42250.0,14112,32006,0.09155029585798817,0.12085234018621509
59823.png,DRIP,336,336,24,73,5590.0,40724.0,14308,32006,0.1372654945486691,0.17465475223395613
59823.png,Fixed,336,336,24,72,3868.0,42250.0,14112,32006,0.09155029585798817,0.12085234018621509
59824.png,DRIP,336,336,24,73,5590.0,40724.0,14308,32006,0.1372654945486691,0.17465475223395613
59824.png,Fixed,336,336,24,72,3868.0,42250.0,14112,32006,0.09155029585798817,0.12085234018621509
59825.png,DRIP,336,336,11,72,1639.0,30343.0,14112,17870,0.05401575322150084,0.09171796306659205
59825.png,Fixed,336,336,11,72,2016.0,29966.0,14112,17870,0.06727624641260095,0.11281477336317851
59826.png,DRIP,336,336,11,72,1639.0,30343.0,14112,17870,0.05401575322150084,0.09171796306659205
59826.png,Fixed,336,336,11,72,2016.0,29966.0,14112,17870,0.06727624641260095,0.11281477336317851
59831.png,DRIP,336,336,36,72,6553.0,54419.0,14112,46860,0.1204175012403756,0.1398420827998293
59831.png,Fixed,336,336,36,72,6722.0,54250.0,14112,46860,0.1239078341013825,0.1434485702091336
59832.png,DRIP,336,336,36,72,6553.0,54419.0,14112,46860,0.1204175012403756,0.1398420827998293
59832.png,Fixed,336,336,36,72,6722.0,54250.0,14112,46860,0.1239078341013825,0.1434485702091336
59833.png,DRIP,336,336,36,72,6553.0,54419.0,14112,46860,0.1204175012403756,0.1398420827998293
59833.png,Fixed,336,336,36,72,6722.0,54250.0,14112,46860,0.1239078341013825,0.1434485702091336
59834.png,DRIP,336,336,36,72,6553.0,54419.0,14112,46860,0.1204175012403756,0.1398420827998293
59834.png,Fixed,336,336,36,72,6722.0,54250.0,14112,46860,0.1239078341013825,0.1434485702091336
59835.png,DRIP,336,336,36,72,6553.0,54419.0,14112,46860,0.1204175012403756,0.1398420827998293
59835.png,Fixed,336,336,36,72,6722.0,54250.0,14112,46860,0.1239078341013825,0.1434485702091336
59836.png,DRIP,336,336,36,72,6553.0,54419.0,14112,46860,0.1204175012403756,0.1398420827998293
59836.png,Fixed,336,336,36,72,6722.0,54250.0,14112,46860,0.1239078341013825,0.1434485702091336
59837.png,DRIP,336,336,36,72,6553.0,54419.0,14112,46860,0.1204175012403756,0.1398420827998293
59837.png,Fixed,336,336,36,72,6722.0,54250.0,14112,46860,0.1239078341013825,0.1434485702091336
59838.png,DRIP,336,336,3,73,952.0,20316.0,14308,6960,0.04685961803504627,0.1367816091954023
59838.png,Fixed,336,336,3,72,963.0,20109.0,14112,6960,0.04788900492316873,0.13836206896551725
59839.png,DRIP,336,336,3,73,952.0,20316.0,14308,6960,0.04685961803504627,0.1367816091954023
59839.png,Fixed,336,336,3,72,963.0,20109.0,14112,6960,0.04788900492316873,0.13836206896551725
5984.png,DRIP,336,336,18,73,8067.0,58765.0,14308,52524,0.1372755892112652,0.15358693168837104
5984.png,Fixed,336,336,18,72,7295.0,59341.0,14112,52524,0.12293355352960011,0.1388888888888889
59840.png,DRIP,336,336,36,72,6553.0,54419.0,14112,46860,0.1204175012403756,0.1398420827998293
59840.png,Fixed,336,336,36,72,6722.0,54250.0,14112,46860,0.1239078341013825,0.1434485702091336
59841.png,DRIP,336,336,3,73,952.0,20316.0,14308,6960,0.04685961803504627,0.1367816091954023
59841.png,Fixed,336,336,3,72,963.0,20109.0,14112,6960,0.04788900492316873,0.13836206896551725
59843.png,DRIP,336,336,36,72,6553.0,54419.0,14112,46860,0.1204175012403756,0.1398420827998293
59843.png,Fixed,336,336,36,72,6722.0,54250.0,14112,46860,0.1239078341013825,0.1434485702091336
59845.png,DRIP,336,336,23,72,4469.0,28185.0,14112,18542,0.1585595174738336,0.24102038615036134
59845.png,Fixed,336,336,23,72,2430.0,30224.0,14112,18542,0.0803996823716252,0.1310538237514831
59846.png,DRIP,336,336,12,72,2987.0,18383.0,14112,7258,0.16248708045476798,0.41154588040782586
59846.png,Fixed,336,336,12,72,722.0,20648.0,14112,7258,0.03496706702828361,0.09947643979057591
59848.png,DRIP,336,336,23,72,4469.0,28185.0,14112,18542,0.1585595174738336,0.24102038615036134
59848.png,Fixed,336,336,23,72,2430.0,30224.0,14112,18542,0.0803996823716252,0.1310538237514831
59849.png,DRIP,336,336,23,72,4469.0,28185.0,14112,18542,0.1585595174738336,0.24102038615036134
59849.png,Fixed,336,336,23,72,2430.0,30224.0,14112,18542,0.0803996823716252,0.1310538237514831
59850.png,DRIP,336,336,23,72,4469.0,28185.0,14112,18542,0.1585595174738336,0.24102038615036134
59850.png,Fixed,336,336,23,72,2430.0,30224.0,14112,18542,0.0803996823716252,0.1310538237514831
59852.png,DRIP,336,336,33,73,6621.0,48960.0,14308,41273,0.1352328431372549,0.16041964480410922
59852.png,Fixed,336,336,33,72,4805.0,50580.0,14112,41273,0.09499802293396599,0.11641993555108666
59853.png,DRIP,336,336,33,73,6621.0,48960.0,14308,41273,0.1352328431372549,0.16041964480410922
59853.png,Fixed,336,336,33,72,4805.0,50580.0,14112,41273,0.09499802293396599,0.11641993555108666
59854.png,DRIP,336,336,33,73,6621.0,48960.0,14308,41273,0.1352328431372549,0.16041964480410922
59854.png,Fixed,336,336,33,72,4805.0,50580.0,14112,41273,0.09499802293396599,0.11641993555108666
59855.png,DRIP,336,336,33,73,6621.0,48960.0,14308,41273,0.1352328431372549,0.16041964480410922
59855.png,Fixed,336,336,33,72,4805.0,50580.0,14112,41273,0.09499802293396599,0.11641993555108666
59856.png,DRIP,336,336,33,73,6621.0,48960.0,14308,41273,0.1352328431372549,0.16041964480410922
59856.png,Fixed,336,336,33,72,4805.0,50580.0,14112,41273,0.09499802293396599,0.11641993555108666
59857.png,DRIP,336,336,33,73,6621.0,48960.0,14308,41273,0.1352328431372549,0.16041964480410922
59857.png,Fixed,336,336,33,72,4805.0,50580.0,14112,41273,0.09499802293396599,0.11641993555108666
59858.png,DRIP,336,336,33,73,6621.0,48960.0,14308,41273,0.1352328431372549,0.16041964480410922
59858.png,Fixed,336,336,33,72,4805.0,50580.0,14112,41273,0.09499802293396599,0.11641993555108666
59874.png,DRIP,336,336,108,72,1540.0,47817.0,14112,35245,0.0322061191626409,0.04369414101290963
59874.png,Fixed,336,336,108,72,4992.0,44365.0,14112,35245,0.11252113152259664,0.14163711164704212
59875.png,DRIP,336,336,108,72,1540.0,47817.0,14112,35245,0.0322061191626409,0.04369414101290963
59875.png,Fixed,336,336,108,72,4992.0,44365.0,14112,35245,0.11252113152259664,0.14163711164704212
59876.png,DRIP,336,336,108,72,1540.0,47817.0,14112,35245,0.0322061191626409,0.04369414101290963
59876.png,Fixed,336,336,108,72,4992.0,44365.0,14112,35245,0.11252113152259664,0.14163711164704212
59877.png,DRIP,336,336,108,72,1540.0,47817.0,14112,35245,0.0322061191626409,0.04369414101290963
59877.png,Fixed,336,336,108,72,4992.0,44365.0,14112,35245,0.11252113152259664,0.14163711164704212
59880.png,DRIP,336,336,4,72,1368.0,15146.0,14112,2402,0.09032087679915489,0.5695253955037469
59880.png,Fixed,336,336,4,72,22.0,16492.0,14112,2402,0.0013339801115692456,0.009159034138218152
59881.png,DRIP,336,336,4,72,1368.0,15146.0,14112,2402,0.09032087679915489,0.5695253955037469
59881.png,Fixed,336,336,4,72,22.0,16492.0,14112,2402,0.0013339801115692456,0.009159034138218152
59882.png,DRIP,336,336,4,72,1368.0,15146.0,14112,2402,0.09032087679915489,0.5695253955037469
59882.png,Fixed,336,336,4,72,22.0,16492.0,14112,2402,0.0013339801115692456,0.009159034138218152
59883.png,DRIP,336,336,4,72,1368.0,15146.0,14112,2402,0.09032087679915489,0.5695253955037469
59883.png,Fixed,336,336,4,72,22.0,16492.0,14112,2402,0.0013339801115692456,0.009159034138218152
59895.png,DRIP,336,336,4,72,1368.0,15146.0,14112,2402,0.09032087679915489,0.5695253955037469
59895.png,Fixed,336,336,4,72,22.0,16492.0,14112,2402,0.0013339801115692456,0.009159034138218152
59899.png,DRIP,336,336,4,72,1368.0,15146.0,14112,2402,0.09032087679915489,0.5695253955037469
59899.png,Fixed,336,336,4,72,22.0,16492.0,14112,2402,0.0013339801115692456,0.009159034138218152
599.png,DRIP,336,336,101,73,7969.0,81122.0,14308,74783,0.09823475752570203,0.10656165171228756
599.png,Fixed,336,336,101,72,9463.0,79432.0,14112,74783,0.11913334676201028,0.12653945415401896
59910.png,DRIP,336,336,56,73,2855.0,31700.0,14308,20247,0.09006309148264985,0.1410085444757248
59910.png,Fixed,336,336,56,72,2458.0,31901.0,14112,20247,0.07705087614808313,0.12140070133846989
59911.png,DRIP,336,336,56,73,2855.0,31700.0,14308,20247,0.09006309148264985,0.1410085444757248
59911.png,Fixed,336,336,56,72,2458.0,31901.0,14112,20247,0.07705087614808313,0.12140070133846989
59912.png,DRIP,336,336,56,73,2855.0,31700.0,14308,20247,0.09006309148264985,0.1410085444757248
59912.png,Fixed,336,336,56,72,2458.0,31901.0,14112,20247,0.07705087614808313,0.12140070133846989
59913.png,DRIP,336,336,21,72,2876.0,37780.0,14112,26544,0.07612493382742191,0.10834840265220012
59913.png,Fixed,336,336,21,72,2765.0,37891.0,14112,26544,0.07297247367448735,0.10416666666666667
59914.png,DRIP,336,336,21,72,2876.0,37780.0,14112,26544,0.07612493382742191,0.10834840265220012
59914.png,Fixed,336,336,21,72,2765.0,37891.0,14112,26544,0.07297247367448735,0.10416666666666667
59915.png,DRIP,336,336,21,72,2876.0,37780.0,14112,26544,0.07612493382742191,0.10834840265220012
59915.png,Fixed,336,336,21,72,2765.0,37891.0,14112,26544,0.07297247367448735,0.10416666666666667
59920.png,DRIP,336,336,0,72,,,14112,0,,
59920.png,Fixed,336,336,0,72,,,14112,0,,
59921.png,DRIP,336,336,0,72,,,14112,0,,
59921.png,Fixed,336,336,0,72,,,14112,0,,
59922.png,DRIP,336,336,0,72,,,14112,0,,
59922.png,Fixed,336,336,0,72,,,14112,0,,
59923.png,DRIP,336,336,0,72,,,14112,0,,
59923.png,Fixed,336,336,0,72,,,14112,0,,
59924.png,DRIP,336,336,0,72,,,14112,0,,
59924.png,Fixed,336,336,0,72,,,14112,0,,
59926.png,DRIP,336,336,0,72,,,14112,0,,
59926.png,Fixed,336,336,0,72,,,14112,0,,
59927.png,DRIP,336,336,45,72,5879.0,39372.0,14112,31139,0.149319313217515,0.1887986126722117
59927.png,Fixed,336,336,45,72,3973.0,41278.0,14112,31139,0.09624981830515045,0.12758919682712996
59928.png,DRIP,336,336,45,72,5879.0,39372.0,14112,31139,0.149319313217515,0.1887986126722117
59928.png,Fixed,336,336,45,72,3973.0,41278.0,14112,31139,0.09624981830515045,0.12758919682712996
59929.png,DRIP,336,336,45,72,5879.0,39372.0,14112,31139,0.149319313217515,0.1887986126722117
59929.png,Fixed,336,336,45,72,3973.0,41278.0,14112,31139,0.09624981830515045,0.12758919682712996
59930.png,DRIP,336,336,45,72,5879.0,39372.0,14112,31139,0.149319313217515,0.1887986126722117
59930.png,Fixed,336,336,45,72,3973.0,41278.0,14112,31139,0.09624981830515045,0.12758919682712996
59931.png,DRIP,336,336,45,72,5879.0,39372.0,14112,31139,0.149319313217515,0.1887986126722117
59931.png,Fixed,336,336,45,72,3973.0,41278.0,14112,31139,0.09624981830515045,0.12758919682712996
5994.png,DRIP,336,336,42,73,4988.0,35064.0,14308,25744,0.14225416381473877,0.1937538844002486
5994.png,Fixed,336,336,42,72,3973.0,35883.0,14112,25744,0.11072095421230109,0.1543272218769422
59940.png,DRIP,336,336,20,73,3320.0,47298.0,14308,36310,0.07019324284324918,0.09143486642798128
59940.png,Fixed,336,336,20,72,4504.0,45918.0,14112,36310,0.09808789581427763,0.12404296337097219
59942.png,DRIP,336,336,20,73,3320.0,47298.0,14308,36310,0.07019324284324918,0.09143486642798128
59942.png,Fixed,336,336,20,72,4504.0,45918.0,14112,36310,0.09808789581427763,0.12404296337097219
59943.png,DRIP,336,336,20,73,3320.0,47298.0,14308,36310,0.07019324284324918,0.09143486642798128
59943.png,Fixed,336,336,20,72,4504.0,45918.0,14112,36310,0.09808789581427763,0.12404296337097219
59945.png,DRIP,336,336,20,73,3320.0,47298.0,14308,36310,0.07019324284324918,0.09143486642798128
59945.png,Fixed,336,336,20,72,4504.0,45918.0,14112,36310,0.09808789581427763,0.12404296337097219
59946.png,DRIP,336,336,20,73,3320.0,47298.0,14308,36310,0.07019324284324918,0.09143486642798128
59946.png,Fixed,336,336,20,72,4504.0,45918.0,14112,36310,0.09808789581427763,0.12404296337097219
59962.png,DRIP,336,336,3,72,1650.0,23975.0,14112,11513,0.06882168925964546,0.14331625119430208
59962.png,Fixed,336,336,3,72,1364.0,24261.0,14112,11513,0.056221919953835374,0.1184747676539564
59963.png,DRIP,336,336,3,72,1650.0,23975.0,14112,11513,0.06882168925964546,0.14331625119430208
59963.png,Fixed,336,336,3,72,1364.0,24261.0,14112,11513,0.056221919953835374,0.1184747676539564
59964.png,DRIP,336,336,3,72,1650.0,23975.0,14112,11513,0.06882168925964546,0.14331625119430208
59964.png,Fixed,336,336,3,72,1364.0,24261.0,14112,11513,0.056221919953835374,0.1184747676539564
59965.png,DRIP,336,336,3,72,1650.0,23975.0,14112,11513,0.06882168925964546,0.14331625119430208
59965.png,Fixed,336,336,3,72,1364.0,24261.0,14112,11513,0.056221919953835374,0.1184747676539564
5997.png,DRIP,336,336,42,73,4988.0,35064.0,14308,25744,0.14225416381473877,0.1937538844002486
5997.png,Fixed,336,336,42,72,3973.0,35883.0,14112,25744,0.11072095421230109,0.1543272218769422
59972.png,DRIP,336,336,3,72,1650.0,23975.0,14112,11513,0.06882168925964546,0.14331625119430208
59972.png,Fixed,336,336,3,72,1364.0,24261.0,14112,11513,0.056221919953835374,0.1184747676539564
59974.png,DRIP,336,336,0,72,,,14112,0,,
59974.png,Fixed,336,336,0,72,,,14112,0,,
59975.png,DRIP,336,336,0,72,,,14112,0,,
59975.png,Fixed,336,336,0,72,,,14112,0,,
59978.png,DRIP,336,336,0,72,,,14112,0,,
59978.png,Fixed,336,336,0,72,,,14112,0,,
59979.png,DRIP,336,336,18,72,3341.0,41866.0,14112,31095,0.07980222615009794,0.10744492683711207
59979.png,Fixed,336,336,18,72,3135.0,42072.0,14112,31095,0.07451511694238448,0.10082006753497347
59980.png,DRIP,336,336,18,72,3341.0,41866.0,14112,31095,0.07980222615009794,0.10744492683711207
59980.png,Fixed,336,336,18,72,3135.0,42072.0,14112,31095,0.07451511694238448,0.10082006753497347
59981.png,DRIP,336,336,0,72,,,14112,0,,
59981.png,Fixed,336,336,0,72,,,14112,0,,
59984.png,DRIP,336,336,0,72,,,14112,0,,
59984.png,Fixed,336,336,0,72,,,14112,0,,
59986.png,DRIP,336,336,0,72,,,14112,0,,
59986.png,Fixed,336,336,0,72,,,14112,0,,
59989.png,DRIP,336,336,58,72,5624.0,42686.0,14112,34198,0.1317527995127208,0.16445406164103163
59989.png,Fixed,336,336,58,72,4849.0,43461.0,14112,34198,0.11157129380364005,0.14179191765600327
5999.png,DRIP,336,336,42,73,4988.0,35064.0,14308,25744,0.14225416381473877,0.1937538844002486
5999.png,Fixed,336,336,42,72,3973.0,35883.0,14112,25744,0.11072095421230109,0.1543272218769422
59990.png,DRIP,336,336,58,72,5624.0,42686.0,14112,34198,0.1317527995127208,0.16445406164103163
59990.png,Fixed,336,336,58,72,4849.0,43461.0,14112,34198,0.11157129380364005,0.14179191765600327
59991.png,DRIP,336,336,58,72,5624.0,42686.0,14112,34198,0.1317527995127208,0.16445406164103163
59991.png,Fixed,336,336,58,72,4849.0,43461.0,14112,34198,0.11157129380364005,0.14179191765600327
59993.png,DRIP,336,336,58,72,5624.0,42686.0,14112,34198,0.1317527995127208,0.16445406164103163
59993.png,Fixed,336,336,58,72,4849.0,43461.0,14112,34198,0.11157129380364005,0.14179191765600327
59994.png,DRIP,336,336,11,73,4459.0,22466.0,14308,12617,0.198477699635004,0.3534120630894824
59994.png,Fixed,336,336,11,72,1794.0,24935.0,14112,12617,0.07194706236214157,0.14218910993104542
59996.png,DRIP,336,336,11,73,4459.0,22466.0,14308,12617,0.198477699635004,0.3534120630894824
59996.png,Fixed,336,336,11,72,1794.0,24935.0,14112,12617,0.07194706236214157,0.14218910993104542
600.png,DRIP,336,336,101,73,7969.0,81122.0,14308,74783,0.09823475752570203,0.10656165171228756
600.png,Fixed,336,336,101,72,9463.0,79432.0,14112,74783,0.11913334676201028,0.12653945415401896
60003.png,DRIP,336,336,40,72,7322.0,51716.0,14112,44926,0.14158094206821872,0.16297912122156435
60003.png,Fixed,336,336,40,72,5500.0,53538.0,14112,44926,0.10273077066756323,0.12242354093398032
60004.png,DRIP,336,336,40,72,7322.0,51716.0,14112,44926,0.14158094206821872,0.16297912122156435
60004.png,Fixed,336,336,40,72,5500.0,53538.0,14112,44926,0.10273077066756323,0.12242354093398032
60005.png,DRIP,336,336,40,72,7322.0,51716.0,14112,44926,0.14158094206821872,0.16297912122156435
60005.png,Fixed,336,336,40,72,5500.0,53538.0,14112,44926,0.10273077066756323,0.12242354093398032
60006.png,DRIP,336,336,40,72,7322.0,51716.0,14112,44926,0.14158094206821872,0.16297912122156435
60006.png,Fixed,336,336,40,72,5500.0,53538.0,14112,44926,0.10273077066756323,0.12242354093398032
60009.png,DRIP,336,336,40,72,7322.0,51716.0,14112,44926,0.14158094206821872,0.16297912122156435
60009.png,Fixed,336,336,40,72,5500.0,53538.0,14112,44926,0.10273077066756323,0.12242354093398032
6001.png,DRIP,336,336,42,73,4988.0,35064.0,14308,25744,0.14225416381473877,0.1937538844002486
6001.png,Fixed,336,336,42,72,3973.0,35883.0,14112,25744,0.11072095421230109,0.1543272218769422
60010.png,DRIP,336,336,40,72,7322.0,51716.0,14112,44926,0.14158094206821872,0.16297912122156435
60010.png,Fixed,336,336,40,72,5500.0,53538.0,14112,44926,0.10273077066756323,0.12242354093398032
60011.png,DRIP,336,336,40,72,7322.0,51716.0,14112,44926,0.14158094206821872,0.16297912122156435
60011.png,Fixed,336,336,40,72,5500.0,53538.0,14112,44926,0.10273077066756323,0.12242354093398032
6003.png,DRIP,336,336,22,73,8058.0,66431.0,14308,60181,0.1212987912269874,0.13389608015818946
6003.png,Fixed,336,336,22,72,7443.0,66850.0,14112,60181,0.11133881824981301,0.12367690799421745
60032.png,DRIP,336,336,7,72,2365.0,29455.0,14112,17708,0.08029197080291971,0.13355545516150893
60032.png,Fixed,336,336,7,72,2080.0,29740.0,14112,17708,0.0699394754539341,0.11746103456065056
60035.png,DRIP,336,336,7,72,2365.0,29455.0,14112,17708,0.08029197080291971,0.13355545516150893
60035.png,Fixed,336,336,7,72,2080.0,29740.0,14112,17708,0.0699394754539341,0.11746103456065056
60046.png,DRIP,336,336,14,73,3776.0,31342.0,14308,20810,0.12047731478527215,0.18145122537241712
60046.png,Fixed,336,336,14,72,2191.0,32731.0,14112,20810,0.06693959854572118,0.10528592023065833
60047.png,DRIP,336,336,12,73,4242.0,32847.0,14308,22781,0.12914421408347795,0.18620780474957202
60047.png,Fixed,336,336,12,72,2484.0,34409.0,14112,22781,0.07219041529832311,0.10903823361573241
60048.png,DRIP,336,336,12,73,4242.0,32847.0,14308,22781,0.12914421408347795,0.18620780474957202
60048.png,Fixed,336,336,12,72,2484.0,34409.0,14112,22781,0.07219041529832311,0.10903823361573241
60049.png,DRIP,336,336,12,73,4242.0,32847.0,14308,22781,0.12914421408347795,0.18620780474957202
60049.png,Fixed,336,336,12,72,2484.0,34409.0,14112,22781,0.07219041529832311,0.10903823361573241
60068.png,DRIP,336,336,39,72,6362.0,57000.0,14112,49250,0.1116140350877193,0.1291776649746193
60068.png,Fixed,336,336,39,72,5562.0,57800.0,14112,49250,0.09622837370242214,0.11293401015228427
6007.png,DRIP,336,336,22,73,8058.0,66431.0,14308,60181,0.1212987912269874,0.13389608015818946
6007.png,Fixed,336,336,22,72,7443.0,66850.0,14112,60181,0.11133881824981301,0.12367690799421745
60070.png,DRIP,336,336,39,72,6362.0,57000.0,14112,49250,0.1116140350877193,0.1291776649746193
60070.png,Fixed,336,336,39,72,5562.0,57800.0,14112,49250,0.09622837370242214,0.11293401015228427
60071.png,DRIP,336,336,39,72,6362.0,57000.0,14112,49250,0.1116140350877193,0.1291776649746193
60071.png,Fixed,336,336,39,72,5562.0,57800.0,14112,49250,0.09622837370242214,0.11293401015228427
60073.png,DRIP,336,336,39,72,6362.0,57000.0,14112,49250,0.1116140350877193,0.1291776649746193
60073.png,Fixed,336,336,39,72,5562.0,57800.0,14112,49250,0.09622837370242214,0.11293401015228427
60074.png,DRIP,336,336,39,72,6362.0,57000.0,14112,49250,0.1116140350877193,0.1291776649746193
60074.png,Fixed,336,336,39,72,5562.0,57800.0,14112,49250,0.09622837370242214,0.11293401015228427
60099.png,DRIP,336,336,2,72,188.0,15332.0,14112,1408,0.012261935820506132,0.13352272727272727
60099.png,Fixed,336,336,2,72,4.0,15516.0,14112,1408,0.0002577984016499098,0.002840909090909091
601.png,DRIP,336,336,4,73,4082.0,26536.0,14308,16310,0.15382876092854988,0.25027590435315755
601.png,Fixed,336,336,4,72,1876.0,28546.0,14112,16310,0.0657184894556155,0.11502145922746781
6010.png,DRIP,336,336,22,73,8058.0,66431.0,14308,60181,0.1212987912269874,0.13389608015818946
6010.png,Fixed,336,336,22,72,7443.0,66850.0,14112,60181,0.11133881824981301,0.12367690799421745
60100.png,DRIP,336,336,2,72,188.0,15332.0,14112,1408,0.012261935820506132,0.13352272727272727
60100.png,Fixed,336,336,2,72,4.0,15516.0,14112,1408,0.0002577984016499098,0.002840909090909091
60104.png,DRIP,336,336,10,73,3121.0,23156.0,14308,11969,0.13478148212126448,0.2607569554682931
60104.png,Fixed,336,336,10,72,1219.0,24862.0,14112,11969,0.04903064918349288,0.10184643662795555
60106.png,DRIP,336,336,10,73,3121.0,23156.0,14308,11969,0.13478148212126448,0.2607569554682931
60106.png,Fixed,336,336,10,72,1219.0,24862.0,14112,11969,0.04903064918349288,0.10184643662795555
60109.png,DRIP,336,336,10,73,3121.0,23156.0,14308,11969,0.13478148212126448,0.2607569554682931
60109.png,Fixed,336,336,10,72,1219.0,24862.0,14112,11969,0.04903064918349288,0.10184643662795555
6011.png,DRIP,336,336,21,72,2832.0,25937.0,14112,14657,0.10918764699078537,0.19321825748788973
6011.png,Fixed,336,336,21,72,1389.0,27380.0,14112,14657,0.05073046018991965,0.09476700552636966
60112.png,DRIP,336,336,10,73,3121.0,23156.0,14308,11969,0.13478148212126448,0.2607569554682931
60112.png,Fixed,336,336,10,72,1219.0,24862.0,14112,11969,0.04903064918349288,0.10184643662795555
60139.png,DRIP,336,336,155,73,5543.0,51604.0,14308,42839,0.10741415394155492,0.12939144237727304
60139.png,Fixed,336,336,155,72,4510.0,52441.0,14112,42839,0.08600141110962796,0.10527790097808072
60141.png,DRIP,336,336,155,73,5543.0,51604.0,14308,42839,0.10741415394155492,0.12939144237727304
60141.png,Fixed,336,336,155,72,4510.0,52441.0,14112,42839,0.08600141110962796,0.10527790097808072
60142.png,DRIP,336,336,155,73,5543.0,51604.0,14308,42839,0.10741415394155492,0.12939144237727304
60142.png,Fixed,336,336,155,72,4510.0,52441.0,14112,42839,0.08600141110962796,0.10527790097808072
60143.png,DRIP,336,336,155,73,5543.0,51604.0,14308,42839,0.10741415394155492,0.12939144237727304
60143.png,Fixed,336,336,155,72,4510.0,52441.0,14112,42839,0.08600141110962796,0.10527790097808072
60144.png,DRIP,336,336,155,73,5543.0,51604.0,14308,42839,0.10741415394155492,0.12939144237727304
60144.png,Fixed,336,336,155,72,4510.0,52441.0,14112,42839,0.08600141110962796,0.10527790097808072
6015.png,DRIP,336,336,21,72,2832.0,25937.0,14112,14657,0.10918764699078537,0.19321825748788973
6015.png,Fixed,336,336,21,72,1389.0,27380.0,14112,14657,0.05073046018991965,0.09476700552636966
6017.png,DRIP,336,336,21,72,2832.0,25937.0,14112,14657,0.10918764699078537,0.19321825748788973
6017.png,Fixed,336,336,21,72,1389.0,27380.0,14112,14657,0.05073046018991965,0.09476700552636966
60171.png,DRIP,336,336,9,72,4033.0,36999.0,14112,26920,0.10900294602556826,0.14981426448736998
60171.png,Fixed,336,336,9,72,3101.0,37931.0,14112,26920,0.08175371068519154,0.11519316493313521
6020.png,DRIP,336,336,28,73,5211.0,36312.0,14308,27215,0.1435062789160608,0.19147528936248392
6020.png,Fixed,336,336,28,72,2763.0,38564.0,14112,27215,0.07164713204024478,0.10152489435972809
6024.png,DRIP,336,336,28,73,5211.0,36312.0,14308,27215,0.1435062789160608,0.19147528936248392
6024.png,Fixed,336,336,28,72,2763.0,38564.0,14112,27215,0.07164713204024478,0.10152489435972809
6025.png,DRIP,336,336,41,73,6684.0,48254.0,14308,40630,0.13851701413354334,0.16450898350972187
6025.png,Fixed,336,336,41,72,4247.0,50495.0,14112,40630,0.08410733736013466,0.10452867339404381
6027.png,DRIP,336,336,41,73,6684.0,48254.0,14308,40630,0.13851701413354334,0.16450898350972187
6027.png,Fixed,336,336,41,72,4247.0,50495.0,14112,40630,0.08410733736013466,0.10452867339404381
6028.png,DRIP,336,336,28,73,5211.0,36312.0,14308,27215,0.1435062789160608,0.19147528936248392
6028.png,Fixed,336,336,28,72,2763.0,38564.0,14112,27215,0.07164713204024478,0.10152489435972809
6030.png,DRIP,336,336,41,73,6684.0,48254.0,14308,40630,0.13851701413354334,0.16450898350972187
6030.png,Fixed,336,336,41,72,4247.0,50495.0,14112,40630,0.08410733736013466,0.10452867339404381
6032.png,DRIP,336,336,28,73,5211.0,36312.0,14308,27215,0.1435062789160608,0.19147528936248392
6032.png,Fixed,336,336,28,72,2763.0,38564.0,14112,27215,0.07164713204024478,0.10152489435972809
6035.png,DRIP,336,336,28,73,5211.0,36312.0,14308,27215,0.1435062789160608,0.19147528936248392
6035.png,Fixed,336,336,28,72,2763.0,38564.0,14112,27215,0.07164713204024478,0.10152489435972809
60382.png,DRIP,336,336,2,72,188.0,15332.0,14112,1408,0.012261935820506132,0.13352272727272727
60382.png,Fixed,336,336,2,72,4.0,15516.0,14112,1408,0.0002577984016499098,0.002840909090909091
60383.png,DRIP,336,336,5,72,825.0,15307.0,14112,2020,0.05389690991049847,0.4084158415841584
60383.png,Fixed,336,336,5,72,196.0,15936.0,14112,2020,0.012299196787148595,0.09702970297029703
60384.png,DRIP,336,336,5,72,825.0,15307.0,14112,2020,0.05389690991049847,0.4084158415841584
60384.png,Fixed,336,336,5,72,196.0,15936.0,14112,2020,0.012299196787148595,0.09702970297029703
60385.png,DRIP,336,336,5,72,825.0,15307.0,14112,2020,0.05389690991049847,0.4084158415841584
60385.png,Fixed,336,336,5,72,196.0,15936.0,14112,2020,0.012299196787148595,0.09702970297029703
60386.png,DRIP,336,336,5,72,825.0,15307.0,14112,2020,0.05389690991049847,0.4084158415841584
60386.png,Fixed,336,336,5,72,196.0,15936.0,14112,2020,0.012299196787148595,0.09702970297029703
60387.png,DRIP,336,336,5,72,825.0,15307.0,14112,2020,0.05389690991049847,0.4084158415841584
60387.png,Fixed,336,336,5,72,196.0,15936.0,14112,2020,0.012299196787148595,0.09702970297029703
60388.png,DRIP,336,336,5,72,825.0,15307.0,14112,2020,0.05389690991049847,0.4084158415841584
60388.png,Fixed,336,336,5,72,196.0,15936.0,14112,2020,0.012299196787148595,0.09702970297029703
60389.png,DRIP,336,336,5,72,825.0,15307.0,14112,2020,0.05389690991049847,0.4084158415841584
60389.png,Fixed,336,336,5,72,196.0,15936.0,14112,2020,0.012299196787148595,0.09702970297029703
60390.png,DRIP,336,336,24,73,1657.0,33323.0,14308,20672,0.04972541487861237,0.08015673374613003
60390.png,Fixed,336,336,24,72,2862.0,31922.0,14112,20672,0.08965603658918614,0.13844814241486067
60393.png,DRIP,336,336,24,73,1657.0,33323.0,14308,20672,0.04972541487861237,0.08015673374613003
60393.png,Fixed,336,336,24,72,2862.0,31922.0,14112,20672,0.08965603658918614,0.13844814241486067
60398.png,DRIP,336,336,65,73,2960.0,33213.0,14308,21865,0.08912172944329028,0.13537617196432655
60398.png,Fixed,336,336,65,72,2998.0,32979.0,14112,21865,0.0909063343339701,0.13711410930711182
60399.png,DRIP,336,336,65,73,2960.0,33213.0,14308,21865,0.08912172944329028,0.13537617196432655
60399.png,Fixed,336,336,65,72,2998.0,32979.0,14112,21865,0.0909063343339701,0.13711410930711182
60400.png,DRIP,336,336,65,73,2960.0,33213.0,14308,21865,0.08912172944329028,0.13537617196432655
60400.png,Fixed,336,336,65,72,2998.0,32979.0,14112,21865,0.0909063343339701,0.13711410930711182
60401.png,DRIP,336,336,65,73,2960.0,33213.0,14308,21865,0.08912172944329028,0.13537617196432655
60401.png,Fixed,336,336,65,72,2998.0,32979.0,14112,21865,0.0909063343339701,0.13711410930711182
60402.png,DRIP,336,336,65,73,2960.0,33213.0,14308,21865,0.08912172944329028,0.13537617196432655
60402.png,Fixed,336,336,65,72,2998.0,32979.0,14112,21865,0.0909063343339701,0.13711410930711182
60403.png,DRIP,336,336,49,73,5191.0,28961.0,14308,19844,0.17924104830634302,0.26159040516024995
60403.png,Fixed,336,336,49,72,2455.0,31501.0,14112,19844,0.07793403384019555,0.12371497681918968
60404.png,DRIP,336,336,49,73,5191.0,28961.0,14308,19844,0.17924104830634302,0.26159040516024995
60404.png,Fixed,336,336,49,72,2455.0,31501.0,14112,19844,0.07793403384019555,0.12371497681918968
60406.png,DRIP,336,336,49,73,5191.0,28961.0,14308,19844,0.17924104830634302,0.26159040516024995
60406.png,Fixed,336,336,49,72,2455.0,31501.0,14112,19844,0.07793403384019555,0.12371497681918968
60407.png,DRIP,336,336,49,73,5191.0,28961.0,14308,19844,0.17924104830634302,0.26159040516024995
60407.png,Fixed,336,336,49,72,2455.0,31501.0,14112,19844,0.07793403384019555,0.12371497681918968
60408.png,DRIP,336,336,49,73,5191.0,28961.0,14308,19844,0.17924104830634302,0.26159040516024995
60408.png,Fixed,336,336,49,72,2455.0,31501.0,14112,19844,0.07793403384019555,0.12371497681918968
60427.png,DRIP,336,336,39,73,5470.0,42916.0,14308,34078,0.12745829061422315,0.16051411467809143
60427.png,Fixed,336,336,39,72,3828.0,44362.0,14112,34078,0.0862900680762815,0.11233053582956747
60428.png,DRIP,336,336,35,73,4996.0,33291.0,14308,23979,0.15007058964885406,0.2083489720171817
60428.png,Fixed,336,336,35,72,3297.0,34794.0,14112,23979,0.09475771684773236,0.1374953083948455
60429.png,DRIP,336,336,35,73,4996.0,33291.0,14308,23979,0.15007058964885406,0.2083489720171817
60429.png,Fixed,336,336,35,72,3297.0,34794.0,14112,23979,0.09475771684773236,0.1374953083948455
60431.png,DRIP,336,336,39,73,5470.0,42916.0,14308,34078,0.12745829061422315,0.16051411467809143
60431.png,Fixed,336,336,39,72,3828.0,44362.0,14112,34078,0.0862900680762815,0.11233053582956747
60432.png,DRIP,336,336,35,73,4996.0,33291.0,14308,23979,0.15007058964885406,0.2083489720171817
60432.png,Fixed,336,336,35,72,3297.0,34794.0,14112,23979,0.09475771684773236,0.1374953083948455
60433.png,DRIP,336,336,35,73,4996.0,33291.0,14308,23979,0.15007058964885406,0.2083489720171817
60433.png,Fixed,336,336,35,72,3297.0,34794.0,14112,23979,0.09475771684773236,0.1374953083948455
60434.png,DRIP,336,336,35,73,4996.0,33291.0,14308,23979,0.15007058964885406,0.2083489720171817
60434.png,Fixed,336,336,35,72,3297.0,34794.0,14112,23979,0.09475771684773236,0.1374953083948455
60435.png,DRIP,336,336,35,73,4996.0,33291.0,14308,23979,0.15007058964885406,0.2083489720171817
60435.png,Fixed,336,336,35,72,3297.0,34794.0,14112,23979,0.09475771684773236,0.1374953083948455
60436.png,DRIP,336,336,39,73,5470.0,42916.0,14308,34078,0.12745829061422315,0.16051411467809143
60436.png,Fixed,336,336,39,72,3828.0,44362.0,14112,34078,0.0862900680762815,0.11233053582956747
60437.png,DRIP,336,336,8,73,5695.0,34044.0,14308,25431,0.16728351545059336,0.2239392866973379
60437.png,Fixed,336,336,8,72,2878.0,36665.0,14112,25431,0.0784944770216828,0.11316896700876883
60438.png,DRIP,336,336,8,73,5695.0,34044.0,14308,25431,0.16728351545059336,0.2239392866973379
60438.png,Fixed,336,336,8,72,2878.0,36665.0,14112,25431,0.0784944770216828,0.11316896700876883
60439.png,DRIP,336,336,8,73,5695.0,34044.0,14308,25431,0.16728351545059336,0.2239392866973379
60439.png,Fixed,336,336,8,72,2878.0,36665.0,14112,25431,0.0784944770216828,0.11316896700876883
6044.png,DRIP,336,336,25,73,6744.0,60808.0,14308,53244,0.11090645967635837,0.12666215911652018
6044.png,Fixed,336,336,25,72,6600.0,60756.0,14112,53244,0.10863124629666206,0.12395762902862294
60442.png,DRIP,336,336,8,73,5695.0,34044.0,14308,25431,0.16728351545059336,0.2239392866973379
60442.png,Fixed,336,336,8,72,2878.0,36665.0,14112,25431,0.0784944770216828,0.11316896700876883
60447.png,DRIP,336,336,6,72,2140.0,17762.0,14112,5790,0.12048192771084337,0.3696027633851468
60447.png,Fixed,336,336,6,72,813.0,19089.0,14112,5790,0.04258997328304259,0.14041450777202072
60453.png,DRIP,336,336,8,73,5695.0,34044.0,14308,25431,0.16728351545059336,0.2239392866973379
60453.png,Fixed,336,336,8,72,2878.0,36665.0,14112,25431,0.0784944770216828,0.11316896700876883
60454.png,DRIP,336,336,8,73,5695.0,34044.0,14308,25431,0.16728351545059336,0.2239392866973379
60454.png,Fixed,336,336,8,72,2878.0,36665.0,14112,25431,0.0784944770216828,0.11316896700876883
60457.png,DRIP,336,336,8,73,5695.0,34044.0,14308,25431,0.16728351545059336,0.2239392866973379
60457.png,Fixed,336,336,8,72,2878.0,36665.0,14112,25431,0.0784944770216828,0.11316896700876883
60463.png,DRIP,336,336,16,73,5972.0,33513.0,14308,25177,0.17819950466982962,0.23720061961313899
60463.png,Fixed,336,336,16,72,2794.0,36495.0,14112,25177,0.0765584326620085,0.11097430194224887
60466.png,DRIP,336,336,25,72,4501.0,34880.0,14112,25269,0.12904243119266054,0.17812339229886423
60466.png,Fixed,336,336,25,72,2908.0,36473.0,14112,25269,0.07973021138924684,0.11508172068542483
60467.png,DRIP,336,336,16,73,5972.0,33513.0,14308,25177,0.17819950466982962,0.23720061961313899
60467.png,Fixed,336,336,16,72,2794.0,36495.0,14112,25177,0.0765584326620085,0.11097430194224887
60468.png,DRIP,336,336,25,72,4501.0,34880.0,14112,25269,0.12904243119266054,0.17812339229886423
60468.png,Fixed,336,336,25,72,2908.0,36473.0,14112,25269,0.07973021138924684,0.11508172068542483
60469.png,DRIP,336,336,25,72,4501.0,34880.0,14112,25269,0.12904243119266054,0.17812339229886423
60469.png,Fixed,336,336,25,72,2908.0,36473.0,14112,25269,0.07973021138924684,0.11508172068542483
60470.png,DRIP,336,336,25,72,4501.0,34880.0,14112,25269,0.12904243119266054,0.17812339229886423
60470.png,Fixed,336,336,25,72,2908.0,36473.0,14112,25269,0.07973021138924684,0.11508172068542483
60471.png,DRIP,336,336,25,72,4501.0,34880.0,14112,25269,0.12904243119266054,0.17812339229886423
60471.png,Fixed,336,336,25,72,2908.0,36473.0,14112,25269,0.07973021138924684,0.11508172068542483
60472.png,DRIP,336,336,16,73,5972.0,33513.0,14308,25177,0.17819950466982962,0.23720061961313899
60472.png,Fixed,336,336,16,72,2794.0,36495.0,14112,25177,0.0765584326620085,0.11097430194224887
60473.png,DRIP,336,336,25,72,4501.0,34880.0,14112,25269,0.12904243119266054,0.17812339229886423
60473.png,Fixed,336,336,25,72,2908.0,36473.0,14112,25269,0.07973021138924684,0.11508172068542483
60474.png,DRIP,336,336,25,72,4501.0,34880.0,14112,25269,0.12904243119266054,0.17812339229886423
60474.png,Fixed,336,336,25,72,2908.0,36473.0,14112,25269,0.07973021138924684,0.11508172068542483
60475.png,DRIP,336,336,59,73,3701.0,55724.0,14308,45117,0.06641662479362573,0.0820311634195536
60475.png,Fixed,336,336,59,72,5779.0,53450.0,14112,45117,0.10811973807296539,0.12808919032737107
60476.png,DRIP,336,336,59,73,3701.0,55724.0,14308,45117,0.06641662479362573,0.0820311634195536
60476.png,Fixed,336,336,59,72,5779.0,53450.0,14112,45117,0.10811973807296539,0.12808919032737107
60477.png,DRIP,336,336,22,73,7101.0,40722.0,14308,33515,0.1743774863710034,0.21187527972549605
60477.png,Fixed,336,336,22,72,4610.0,43017.0,14112,33515,0.10716693400283608,0.13755035058928838
60480.png,DRIP,336,336,22,73,7101.0,40722.0,14308,33515,0.1743774863710034,0.21187527972549605
60480.png,Fixed,336,336,22,72,4610.0,43017.0,14112,33515,0.10716693400283608,0.13755035058928838
60482.png,DRIP,336,336,22,73,7101.0,40722.0,14308,33515,0.1743774863710034,0.21187527972549605
60482.png,Fixed,336,336,22,72,4610.0,43017.0,14112,33515,0.10716693400283608,0.13755035058928838
60483.png,DRIP,336,336,59,73,3701.0,55724.0,14308,45117,0.06641662479362573,0.0820311634195536
60483.png,Fixed,336,336,59,72,5779.0,53450.0,14112,45117,0.10811973807296539,0.12808919032737107
60484.png,DRIP,336,336,59,73,3701.0,55724.0,14308,45117,0.06641662479362573,0.0820311634195536
60484.png,Fixed,336,336,59,72,5779.0,53450.0,14112,45117,0.10811973807296539,0.12808919032737107
60485.png,DRIP,336,336,59,73,3701.0,55724.0,14308,45117,0.06641662479362573,0.0820311634195536
60485.png,Fixed,336,336,59,72,5779.0,53450.0,14112,45117,0.10811973807296539,0.12808919032737107
60486.png,DRIP,336,336,59,73,3701.0,55724.0,14308,45117,0.06641662479362573,0.0820311634195536
60486.png,Fixed,336,336,59,72,5779.0,53450.0,14112,45117,0.10811973807296539,0.12808919032737107
60487.png,DRIP,336,336,59,73,3701.0,55724.0,14308,45117,0.06641662479362573,0.0820311634195536
60487.png,Fixed,336,336,59,72,5779.0,53450.0,14112,45117,0.10811973807296539,0.12808919032737107
60488.png,DRIP,336,336,59,73,3701.0,55724.0,14308,45117,0.06641662479362573,0.0820311634195536
60488.png,Fixed,336,336,59,72,5779.0,53450.0,14112,45117,0.10811973807296539,0.12808919032737107
60489.png,DRIP,336,336,22,73,7101.0,40722.0,14308,33515,0.1743774863710034,0.21187527972549605
60489.png,Fixed,336,336,22,72,4610.0,43017.0,14112,33515,0.10716693400283608,0.13755035058928838
60490.png,DRIP,336,336,22,73,7101.0,40722.0,14308,33515,0.1743774863710034,0.21187527972549605
60490.png,Fixed,336,336,22,72,4610.0,43017.0,14112,33515,0.10716693400283608,0.13755035058928838
60491.png,DRIP,336,336,22,73,7101.0,40722.0,14308,33515,0.1743774863710034,0.21187527972549605
60491.png,Fixed,336,336,22,72,4610.0,43017.0,14112,33515,0.10716693400283608,0.13755035058928838
60492.png,DRIP,336,336,59,73,3701.0,55724.0,14308,45117,0.06641662479362573,0.0820311634195536
60492.png,Fixed,336,336,59,72,5779.0,53450.0,14112,45117,0.10811973807296539,0.12808919032737107
60495.png,DRIP,336,336,43,72,3938.0,49299.0,14112,39125,0.07987991642832512,0.1006517571884984
60495.png,Fixed,336,336,43,72,4981.0,48256.0,14112,39125,0.103220324933687,0.12730990415335464
60496.png,DRIP,336,336,43,72,3938.0,49299.0,14112,39125,0.07987991642832512,0.1006517571884984
60496.png,Fixed,336,336,43,72,4981.0,48256.0,14112,39125,0.103220324933687,0.12730990415335464
60497.png,DRIP,336,336,43,72,3938.0,49299.0,14112,39125,0.07987991642832512,0.1006517571884984
60497.png,Fixed,336,336,43,72,4981.0,48256.0,14112,39125,0.103220324933687,0.12730990415335464
60498.png,DRIP,336,336,23,73,3768.0,20693.0,14308,10153,0.18209056202580584,0.3711218359105683
60498.png,Fixed,336,336,23,72,1492.0,22773.0,14112,10153,0.0655161814429368,0.1469516399093864
60499.png,DRIP,336,336,23,73,3768.0,20693.0,14308,10153,0.18209056202580584,0.3711218359105683
60499.png,Fixed,336,336,23,72,1492.0,22773.0,14112,10153,0.0655161814429368,0.1469516399093864
60500.png,DRIP,336,336,23,73,3768.0,20693.0,14308,10153,0.18209056202580584,0.3711218359105683
60500.png,Fixed,336,336,23,72,1492.0,22773.0,14112,10153,0.0655161814429368,0.1469516399093864
60501.png,DRIP,336,336,23,73,3768.0,20693.0,14308,10153,0.18209056202580584,0.3711218359105683
60501.png,Fixed,336,336,23,72,1492.0,22773.0,14112,10153,0.0655161814429368,0.1469516399093864
60502.png,DRIP,336,336,23,73,3768.0,20693.0,14308,10153,0.18209056202580584,0.3711218359105683
60502.png,Fixed,336,336,23,72,1492.0,22773.0,14112,10153,0.0655161814429368,0.1469516399093864
60503.png,DRIP,336,336,23,73,3768.0,20693.0,14308,10153,0.18209056202580584,0.3711218359105683
60503.png,Fixed,336,336,23,72,1492.0,22773.0,14112,10153,0.0655161814429368,0.1469516399093864
60510.png,DRIP,336,336,5,72,266.0,15398.0,14112,1552,0.01727497077542538,0.1713917525773196
60510.png,Fixed,336,336,5,72,98.0,15566.0,14112,1552,0.0062957728382371835,0.06314432989690721
60511.png,DRIP,336,336,5,72,266.0,15398.0,14112,1552,0.01727497077542538,0.1713917525773196
60511.png,Fixed,336,336,5,72,98.0,15566.0,14112,1552,0.0062957728382371835,0.06314432989690721
60512.png,DRIP,336,336,5,72,266.0,15398.0,14112,1552,0.01727497077542538,0.1713917525773196
60512.png,Fixed,336,336,5,72,98.0,15566.0,14112,1552,0.0062957728382371835,0.06314432989690721
60515.png,DRIP,336,336,5,72,266.0,15398.0,14112,1552,0.01727497077542538,0.1713917525773196
60515.png,Fixed,336,336,5,72,98.0,15566.0,14112,1552,0.0062957728382371835,0.06314432989690721
60517.png,DRIP,336,336,5,72,266.0,15398.0,14112,1552,0.01727497077542538,0.1713917525773196
60517.png,Fixed,336,336,5,72,98.0,15566.0,14112,1552,0.0062957728382371835,0.06314432989690721
60520.png,DRIP,336,336,5,72,266.0,15398.0,14112,1552,0.01727497077542538,0.1713917525773196
60520.png,Fixed,336,336,5,72,98.0,15566.0,14112,1552,0.0062957728382371835,0.06314432989690721
60595.png,DRIP,336,336,51,73,5884.0,52036.0,14308,43612,0.11307556307171958,0.13491699532238832
60595.png,Fixed,336,336,51,72,5842.0,51882.0,14112,43612,0.11260167302725416,0.13395395762634138
60596.png,DRIP,336,336,51,73,5884.0,52036.0,14308,43612,0.11307556307171958,0.13491699532238832
60596.png,Fixed,336,336,51,72,5842.0,51882.0,14112,43612,0.11260167302725416,0.13395395762634138
60597.png,DRIP,336,336,51,73,5884.0,52036.0,14308,43612,0.11307556307171958,0.13491699532238832
60597.png,Fixed,336,336,51,72,5842.0,51882.0,14112,43612,0.11260167302725416,0.13395395762634138
60598.png,DRIP,336,336,51,73,5884.0,52036.0,14308,43612,0.11307556307171958,0.13491699532238832
60598.png,Fixed,336,336,51,72,5842.0,51882.0,14112,43612,0.11260167302725416,0.13395395762634138
60625.png,DRIP,336,336,7,72,1588.0,16239.0,14112,3715,0.09778927273846912,0.42745625841184387
60625.png,Fixed,336,336,7,72,532.0,17295.0,14112,3715,0.030760335357039606,0.14320323014804845
60626.png,DRIP,336,336,7,72,1588.0,16239.0,14112,3715,0.09778927273846912,0.42745625841184387
60626.png,Fixed,336,336,7,72,532.0,17295.0,14112,3715,0.030760335357039606,0.14320323014804845
60633.png,DRIP,336,336,0,72,,,14112,0,,
60633.png,Fixed,336,336,0,72,,,14112,0,,
60634.png,DRIP,336,336,0,72,,,14112,0,,
60634.png,Fixed,336,336,0,72,,,14112,0,,
6064.png,DRIP,336,336,37,72,6448.0,38034.0,14112,30370,0.16953252353157702,0.21231478432663814
6064.png,Fixed,336,336,37,72,3936.0,40546.0,14112,30370,0.09707492724313126,0.12960158050707934
60696.png,DRIP,336,336,30,72,3901.0,33278.0,14112,23067,0.11722459282408798,0.16911605323622492
60696.png,Fixed,336,336,30,72,3005.0,34174.0,14112,23067,0.08793234622812665,0.13027268392075259
60697.png,DRIP,336,336,30,72,3901.0,33278.0,14112,23067,0.11722459282408798,0.16911605323622492
60697.png,Fixed,336,336,30,72,3005.0,34174.0,14112,23067,0.08793234622812665,0.13027268392075259
60700.png,DRIP,336,336,30,72,3901.0,33278.0,14112,23067,0.11722459282408798,0.16911605323622492
60700.png,Fixed,336,336,30,72,3005.0,34174.0,14112,23067,0.08793234622812665,0.13027268392075259
60701.png,DRIP,336,336,30,72,3901.0,33278.0,14112,23067,0.11722459282408798,0.16911605323622492
60701.png,Fixed,336,336,30,72,3005.0,34174.0,14112,23067,0.08793234622812665,0.13027268392075259
60702.png,DRIP,336,336,30,72,3901.0,33278.0,14112,23067,0.11722459282408798,0.16911605323622492
60702.png,Fixed,336,336,30,72,3005.0,34174.0,14112,23067,0.08793234622812665,0.13027268392075259
60721.png,DRIP,336,336,48,72,3006.0,48531.0,14112,37425,0.06193979106138345,0.08032064128256514
60721.png,Fixed,336,336,48,72,4919.0,46618.0,14112,37425,0.10551718220429877,0.13143620574482298
60722.png,DRIP,336,336,48,72,3006.0,48531.0,14112,37425,0.06193979106138345,0.08032064128256514
60722.png,Fixed,336,336,48,72,4919.0,46618.0,14112,37425,0.10551718220429877,0.13143620574482298
60723.png,DRIP,336,336,48,72,3006.0,48531.0,14112,37425,0.06193979106138345,0.08032064128256514
60723.png,Fixed,336,336,48,72,4919.0,46618.0,14112,37425,0.10551718220429877,0.13143620574482298
60724.png,DRIP,336,336,48,72,3006.0,48531.0,14112,37425,0.06193979106138345,0.08032064128256514
60724.png,Fixed,336,336,48,72,4919.0,46618.0,14112,37425,0.10551718220429877,0.13143620574482298
60733.png,DRIP,336,336,33,73,5059.0,40022.0,14308,30773,0.12640547698765678,0.1643973613232379
60733.png,Fixed,336,336,33,72,4044.0,40841.0,14112,30773,0.09901814353223476,0.13141390179702986
60735.png,DRIP,336,336,33,73,5059.0,40022.0,14308,30773,0.12640547698765678,0.1643973613232379
60735.png,Fixed,336,336,33,72,4044.0,40841.0,14112,30773,0.09901814353223476,0.13141390179702986
60739.png,DRIP,336,336,33,73,5059.0,40022.0,14308,30773,0.12640547698765678,0.1643973613232379
60739.png,Fixed,336,336,33,72,4044.0,40841.0,14112,30773,0.09901814353223476,0.13141390179702986
60740.png,DRIP,336,336,25,72,7307.0,31632.0,14112,24827,0.23100025290844714,0.2943166713658517
60740.png,Fixed,336,336,25,72,3247.0,35692.0,14112,24827,0.09097276700661212,0.1307850324243767
60743.png,DRIP,336,336,25,72,7307.0,31632.0,14112,24827,0.23100025290844714,0.2943166713658517
60743.png,Fixed,336,336,25,72,3247.0,35692.0,14112,24827,0.09097276700661212,0.1307850324243767
60744.png,DRIP,336,336,25,72,7307.0,31632.0,14112,24827,0.23100025290844714,0.2943166713658517
60744.png,Fixed,336,336,25,72,3247.0,35692.0,14112,24827,0.09097276700661212,0.1307850324243767
60745.png,DRIP,336,336,19,73,7980.0,41125.0,14308,34797,0.19404255319148936,0.22933011466505734
60745.png,Fixed,336,336,19,72,4070.0,44839.0,14112,34797,0.0907691964584402,0.11696410610110067
60746.png,DRIP,336,336,19,73,7980.0,41125.0,14308,34797,0.19404255319148936,0.22933011466505734
60746.png,Fixed,336,336,19,72,4070.0,44839.0,14112,34797,0.0907691964584402,0.11696410610110067
60747.png,DRIP,336,336,19,73,7980.0,41125.0,14308,34797,0.19404255319148936,0.22933011466505734
60747.png,Fixed,336,336,19,72,4070.0,44839.0,14112,34797,0.0907691964584402,0.11696410610110067
60748.png,DRIP,336,336,19,73,7980.0,41125.0,14308,34797,0.19404255319148936,0.22933011466505734
60748.png,Fixed,336,336,19,72,4070.0,44839.0,14112,34797,0.0907691964584402,0.11696410610110067
60749.png,DRIP,336,336,19,73,7980.0,41125.0,14308,34797,0.19404255319148936,0.22933011466505734
60749.png,Fixed,336,336,19,72,4070.0,44839.0,14112,34797,0.0907691964584402,0.11696410610110067
60750.png,DRIP,336,336,19,73,7980.0,41125.0,14308,34797,0.19404255319148936,0.22933011466505734
60750.png,Fixed,336,336,19,72,4070.0,44839.0,14112,34797,0.0907691964584402,0.11696410610110067
60781.png,DRIP,336,336,49,72,2047.0,27440.0,14112,15375,0.07459912536443149,0.13313821138211382
60781.png,Fixed,336,336,49,72,2653.0,26834.0,14112,15375,0.09886710889170455,0.1725528455284553
60784.png,DRIP,336,336,49,72,2047.0,27440.0,14112,15375,0.07459912536443149,0.13313821138211382
60784.png,Fixed,336,336,49,72,2653.0,26834.0,14112,15375,0.09886710889170455,0.1725528455284553
60785.png,DRIP,336,336,49,72,2047.0,27440.0,14112,15375,0.07459912536443149,0.13313821138211382
60785.png,Fixed,336,336,49,72,2653.0,26834.0,14112,15375,0.09886710889170455,0.1725528455284553
60786.png,DRIP,336,336,49,72,2047.0,27440.0,14112,15375,0.07459912536443149,0.13313821138211382
60786.png,Fixed,336,336,49,72,2653.0,26834.0,14112,15375,0.09886710889170455,0.1725528455284553
60787.png,DRIP,336,336,49,72,2047.0,27440.0,14112,15375,0.07459912536443149,0.13313821138211382
60787.png,Fixed,336,336,49,72,2653.0,26834.0,14112,15375,0.09886710889170455,0.1725528455284553
60789.png,DRIP,336,336,11,72,749.0,17308.0,14112,3945,0.04327478622602265,0.18986058301647654
60789.png,Fixed,336,336,11,72,742.0,17315.0,14112,3945,0.04285301761478487,0.18808618504435995
60790.png,DRIP,336,336,11,72,749.0,17308.0,14112,3945,0.04327478622602265,0.18986058301647654
60790.png,Fixed,336,336,11,72,742.0,17315.0,14112,3945,0.04285301761478487,0.18808618504435995
60791.png,DRIP,336,336,11,72,749.0,17308.0,14112,3945,0.04327478622602265,0.18986058301647654
60791.png,Fixed,336,336,11,72,742.0,17315.0,14112,3945,0.04285301761478487,0.18808618504435995
60792.png,DRIP,336,336,11,72,749.0,17308.0,14112,3945,0.04327478622602265,0.18986058301647654
60792.png,Fixed,336,336,11,72,742.0,17315.0,14112,3945,0.04285301761478487,0.18808618504435995
60793.png,DRIP,336,336,11,72,749.0,17308.0,14112,3945,0.04327478622602265,0.18986058301647654
60793.png,Fixed,336,336,11,72,742.0,17315.0,14112,3945,0.04285301761478487,0.18808618504435995
60794.png,DRIP,336,336,14,73,7572.0,49232.0,14308,42496,0.1538024049398765,0.17818147590361447
60794.png,Fixed,336,336,14,72,5630.0,50978.0,14112,42496,0.11043979755973164,0.13248305722891565
60795.png,DRIP,336,336,14,73,7572.0,49232.0,14308,42496,0.1538024049398765,0.17818147590361447
60795.png,Fixed,336,336,14,72,5630.0,50978.0,14112,42496,0.11043979755973164,0.13248305722891565
60796.png,DRIP,336,336,14,73,7572.0,49232.0,14308,42496,0.1538024049398765,0.17818147590361447
60796.png,Fixed,336,336,14,72,5630.0,50978.0,14112,42496,0.11043979755973164,0.13248305722891565
60802.png,DRIP,336,336,49,72,4683.0,34262.0,14112,24833,0.13668203840990018,0.18857971247936214
60802.png,Fixed,336,336,49,72,3045.0,35900.0,14112,24833,0.08481894150417828,0.12261909555832964
60803.png,DRIP,336,336,49,72,4683.0,34262.0,14112,24833,0.13668203840990018,0.18857971247936214
60803.png,Fixed,336,336,49,72,3045.0,35900.0,14112,24833,0.08481894150417828,0.12261909555832964
60804.png,DRIP,336,336,49,72,4683.0,34262.0,14112,24833,0.13668203840990018,0.18857971247936214
60804.png,Fixed,336,336,49,72,3045.0,35900.0,14112,24833,0.08481894150417828,0.12261909555832964
60805.png,DRIP,336,336,49,72,4683.0,34262.0,14112,24833,0.13668203840990018,0.18857971247936214
60805.png,Fixed,336,336,49,72,3045.0,35900.0,14112,24833,0.08481894150417828,0.12261909555832964
60806.png,DRIP,336,336,49,72,4683.0,34262.0,14112,24833,0.13668203840990018,0.18857971247936214
60806.png,Fixed,336,336,49,72,3045.0,35900.0,14112,24833,0.08481894150417828,0.12261909555832964
60808.png,DRIP,336,336,41,73,3320.0,42224.0,14308,31236,0.0786282682834407,0.10628761685234986
60808.png,Fixed,336,336,41,72,4572.0,40776.0,14112,31236,0.11212477928193054,0.14636957356895888
60809.png,DRIP,336,336,41,73,3320.0,42224.0,14308,31236,0.0786282682834407,0.10628761685234986
60809.png,Fixed,336,336,41,72,4572.0,40776.0,14112,31236,0.11212477928193054,0.14636957356895888
60811.png,DRIP,336,336,41,73,3320.0,42224.0,14308,31236,0.0786282682834407,0.10628761685234986
60811.png,Fixed,336,336,41,72,4572.0,40776.0,14112,31236,0.11212477928193054,0.14636957356895888
60813.png,DRIP,336,336,41,73,3320.0,42224.0,14308,31236,0.0786282682834407,0.10628761685234986
60813.png,Fixed,336,336,41,72,4572.0,40776.0,14112,31236,0.11212477928193054,0.14636957356895888
60815.png,DRIP,336,336,8,72,3410.0,26510.0,14112,15808,0.12863070539419086,0.21571356275303644
60815.png,Fixed,336,336,8,72,2122.0,27798.0,14112,15808,0.07633642708108497,0.13423582995951416
60816.png,DRIP,336,336,41,73,3320.0,42224.0,14308,31236,0.0786282682834407,0.10628761685234986
60816.png,Fixed,336,336,41,72,4572.0,40776.0,14112,31236,0.11212477928193054,0.14636957356895888
60817.png,DRIP,336,336,41,73,3320.0,42224.0,14308,31236,0.0786282682834407,0.10628761685234986
60817.png,Fixed,336,336,41,72,4572.0,40776.0,14112,31236,0.11212477928193054,0.14636957356895888
60826.png,DRIP,336,336,7,72,2046.0,21666.0,14112,9600,0.09443367488230407,0.213125
60826.png,Fixed,336,336,7,72,1384.0,22328.0,14112,9600,0.06198495163024006,0.14416666666666667
60827.png,DRIP,336,336,9,72,2114.0,16807.0,14112,4809,0.12578092461474386,0.4395924308588064
60827.png,Fixed,336,336,9,72,796.0,18125.0,14112,4809,0.04391724137931034,0.16552297775005198
60860.png,DRIP,336,336,13,72,3215.0,23765.0,14112,12868,0.13528297917104987,0.24984457569163818
60860.png,Fixed,336,336,13,72,1801.0,25179.0,14112,12868,0.0715278605186862,0.1399595896798259
60861.png,DRIP,336,336,13,72,3215.0,23765.0,14112,12868,0.13528297917104987,0.24984457569163818
60861.png,Fixed,336,336,13,72,1801.0,25179.0,14112,12868,0.0715278605186862,0.1399595896798259
60862.png,DRIP,336,336,13,72,3215.0,23765.0,14112,12868,0.13528297917104987,0.24984457569163818
60862.png,Fixed,336,336,13,72,1801.0,25179.0,14112,12868,0.0715278605186862,0.1399595896798259
60863.png,DRIP,336,336,13,72,3215.0,23765.0,14112,12868,0.13528297917104987,0.24984457569163818
60863.png,Fixed,336,336,13,72,1801.0,25179.0,14112,12868,0.0715278605186862,0.1399595896798259
60864.png,DRIP,336,336,13,72,3215.0,23765.0,14112,12868,0.13528297917104987,0.24984457569163818
60864.png,Fixed,336,336,13,72,1801.0,25179.0,14112,12868,0.0715278605186862,0.1399595896798259
60872.png,DRIP,336,336,19,72,4861.0,34088.0,14112,24837,0.1426015019948369,0.19571606876836978
60872.png,Fixed,336,336,19,72,2696.0,36253.0,14112,24837,0.07436625934405429,0.10854773120747273
60874.png,DRIP,336,336,19,72,4861.0,34088.0,14112,24837,0.1426015019948369,0.19571606876836978
60874.png,Fixed,336,336,19,72,2696.0,36253.0,14112,24837,0.07436625934405429,0.10854773120747273
60877.png,DRIP,336,336,15,72,1793.0,35279.0,14112,22960,0.05082343603843646,0.07809233449477351
60877.png,Fixed,336,336,15,72,2329.0,34743.0,14112,22960,0.06703508620441528,0.10143728222996516
60878.png,DRIP,336,336,15,72,1793.0,35279.0,14112,22960,0.05082343603843646,0.07809233449477351
60878.png,Fixed,336,336,15,72,2329.0,34743.0,14112,22960,0.06703508620441528,0.10143728222996516
60880.png,DRIP,336,336,15,72,1793.0,35279.0,14112,22960,0.05082343603843646,0.07809233449477351
60880.png,Fixed,336,336,15,72,2329.0,34743.0,14112,22960,0.06703508620441528,0.10143728222996516
60881.png,DRIP,336,336,15,72,1793.0,35279.0,14112,22960,0.05082343603843646,0.07809233449477351
60881.png,Fixed,336,336,15,72,2329.0,34743.0,14112,22960,0.06703508620441528,0.10143728222996516
60903.png,DRIP,336,336,40,72,4487.0,28002.0,14112,18377,0.16023855438897222,0.2441639005278337
60903.png,Fixed,336,336,40,72,2180.0,30309.0,14112,18377,0.07192583061136956,0.11862654404962725
60904.png,DRIP,336,336,40,72,4487.0,28002.0,14112,18377,0.16023855438897222,0.2441639005278337
60904.png,Fixed,336,336,40,72,2180.0,30309.0,14112,18377,0.07192583061136956,0.11862654404962725
60908.png,DRIP,336,336,40,72,4487.0,28002.0,14112,18377,0.16023855438897222,0.2441639005278337
60908.png,Fixed,336,336,40,72,2180.0,30309.0,14112,18377,0.07192583061136956,0.11862654404962725
60909.png,DRIP,336,336,0,72,,,14112,0,,
60909.png,Fixed,336,336,0,72,,,14112,0,,
60910.png,DRIP,336,336,0,72,,,14112,0,,
60910.png,Fixed,336,336,0,72,,,14112,0,,
60911.png,DRIP,336,336,0,72,,,14112,0,,
60911.png,Fixed,336,336,0,72,,,14112,0,,
60912.png,DRIP,336,336,0,72,,,14112,0,,
60912.png,Fixed,336,336,0,72,,,14112,0,,
60913.png,DRIP,336,336,0,72,,,14112,0,,
60913.png,Fixed,336,336,0,72,,,14112,0,,
60915.png,DRIP,336,336,28,72,5216.0,27363.0,14112,18467,0.19062237327778386,0.2824497752748145
60915.png,Fixed,336,336,28,72,2143.0,30436.0,14112,18467,0.07041004074122749,0.11604483673579899
60924.png,DRIP,336,336,5,72,3817.0,28864.0,14112,18569,0.13224085365853658,0.2055576498465184
60924.png,Fixed,336,336,5,72,2555.0,30126.0,14112,18569,0.0848104627232291,0.13759491625827994
60928.png,DRIP,336,336,3,72,1036.0,22294.0,14112,9218,0.04646990221584283,0.11238880451290953
60928.png,Fixed,336,336,3,72,1246.0,22084.0,14112,9218,0.05642093823582684,0.135170318941202
60929.png,DRIP,336,336,3,72,1036.0,22294.0,14112,9218,0.04646990221584283,0.11238880451290953
60929.png,Fixed,336,336,3,72,1246.0,22084.0,14112,9218,0.05642093823582684,0.135170318941202
60930.png,DRIP,336,336,17,72,3549.0,30376.0,14112,19813,0.11683565973136686,0.17912481703931762
60930.png,Fixed,336,336,17,72,2184.0,31741.0,14112,19813,0.0688069058945843,0.11023065663958008
60931.png,DRIP,336,336,17,72,3549.0,30376.0,14112,19813,0.11683565973136686,0.17912481703931762
60931.png,Fixed,336,336,17,72,2184.0,31741.0,14112,19813,0.0688069058945843,0.11023065663958008
60932.png,DRIP,336,336,17,72,3549.0,30376.0,14112,19813,0.11683565973136686,0.17912481703931762
60932.png,Fixed,336,336,17,72,2184.0,31741.0,14112,19813,0.0688069058945843,0.11023065663958008
60933.png,DRIP,336,336,17,72,3549.0,30376.0,14112,19813,0.11683565973136686,0.17912481703931762
60933.png,Fixed,336,336,17,72,2184.0,31741.0,14112,19813,0.0688069058945843,0.11023065663958008
60934.png,DRIP,336,336,17,72,3549.0,30376.0,14112,19813,0.11683565973136686,0.17912481703931762
60934.png,Fixed,336,336,17,72,2184.0,31741.0,14112,19813,0.0688069058945843,0.11023065663958008
60935.png,DRIP,336,336,124,72,5906.0,49728.0,14112,41522,0.11876608751608751,0.14223784981455614
60935.png,Fixed,336,336,124,72,4689.0,50945.0,14112,41522,0.09204043576405928,0.11292808631568807
60936.png,DRIP,336,336,124,72,5906.0,49728.0,14112,41522,0.11876608751608751,0.14223784981455614
60936.png,Fixed,336,336,124,72,4689.0,50945.0,14112,41522,0.09204043576405928,0.11292808631568807
60937.png,DRIP,336,336,124,72,5906.0,49728.0,14112,41522,0.11876608751608751,0.14223784981455614
60937.png,Fixed,336,336,124,72,4689.0,50945.0,14112,41522,0.09204043576405928,0.11292808631568807
60938.png,DRIP,336,336,124,72,5906.0,49728.0,14112,41522,0.11876608751608751,0.14223784981455614
60938.png,Fixed,336,336,124,72,4689.0,50945.0,14112,41522,0.09204043576405928,0.11292808631568807
60953.png,DRIP,336,336,22,73,5322.0,23319.0,14308,14333,0.2282259102019812,0.37131096072001674
60953.png,Fixed,336,336,22,72,1842.0,26603.0,14112,14333,0.06924031124309288,0.12851461661899113
60954.png,DRIP,336,336,22,73,5322.0,23319.0,14308,14333,0.2282259102019812,0.37131096072001674
60954.png,Fixed,336,336,22,72,1842.0,26603.0,14112,14333,0.06924031124309288,0.12851461661899113
60956.png,DRIP,336,336,22,73,5322.0,23319.0,14308,14333,0.2282259102019812,0.37131096072001674
60956.png,Fixed,336,336,22,72,1842.0,26603.0,14112,14333,0.06924031124309288,0.12851461661899113
60957.png,DRIP,336,336,22,73,5322.0,23319.0,14308,14333,0.2282259102019812,0.37131096072001674
60957.png,Fixed,336,336,22,72,1842.0,26603.0,14112,14333,0.06924031124309288,0.12851461661899113
60958.png,DRIP,336,336,22,73,5322.0,23319.0,14308,14333,0.2282259102019812,0.37131096072001674
60958.png,Fixed,336,336,22,72,1842.0,26603.0,14112,14333,0.06924031124309288,0.12851461661899113
60959.png,DRIP,336,336,22,73,5322.0,23319.0,14308,14333,0.2282259102019812,0.37131096072001674
60959.png,Fixed,336,336,22,72,1842.0,26603.0,14112,14333,0.06924031124309288,0.12851461661899113
60960.png,DRIP,336,336,14,72,6072.0,25051.0,14112,17011,0.24238553351163628,0.3569455058491564
60960.png,Fixed,336,336,14,72,1932.0,29191.0,14112,17011,0.0661847829810558,0.11357357004291341
60961.png,DRIP,336,336,14,72,6072.0,25051.0,14112,17011,0.24238553351163628,0.3569455058491564
60961.png,Fixed,336,336,14,72,1932.0,29191.0,14112,17011,0.0661847829810558,0.11357357004291341
60962.png,DRIP,336,336,14,72,6072.0,25051.0,14112,17011,0.24238553351163628,0.3569455058491564
60962.png,Fixed,336,336,14,72,1932.0,29191.0,14112,17011,0.0661847829810558,0.11357357004291341
60963.png,DRIP,336,336,14,72,6072.0,25051.0,14112,17011,0.24238553351163628,0.3569455058491564
60963.png,Fixed,336,336,14,72,1932.0,29191.0,14112,17011,0.0661847829810558,0.11357357004291341
60964.png,DRIP,336,336,14,72,6072.0,25051.0,14112,17011,0.24238553351163628,0.3569455058491564
60964.png,Fixed,336,336,14,72,1932.0,29191.0,14112,17011,0.0661847829810558,0.11357357004291341
60965.png,DRIP,336,336,25,73,6801.0,32361.0,14308,24854,0.2101603782330583,0.27363804618974813
60965.png,Fixed,336,336,25,72,3099.0,35867.0,14112,24854,0.08640254272729807,0.12468817896515652
60967.png,DRIP,336,336,25,73,6801.0,32361.0,14308,24854,0.2101603782330583,0.27363804618974813
60967.png,Fixed,336,336,25,72,3099.0,35867.0,14112,24854,0.08640254272729807,0.12468817896515652
60968.png,DRIP,336,336,25,73,6801.0,32361.0,14308,24854,0.2101603782330583,0.27363804618974813
60968.png,Fixed,336,336,25,72,3099.0,35867.0,14112,24854,0.08640254272729807,0.12468817896515652
60970.png,DRIP,336,336,25,73,6801.0,32361.0,14308,24854,0.2101603782330583,0.27363804618974813
60970.png,Fixed,336,336,25,72,3099.0,35867.0,14112,24854,0.08640254272729807,0.12468817896515652
60971.png,DRIP,336,336,25,73,6801.0,32361.0,14308,24854,0.2101603782330583,0.27363804618974813
60971.png,Fixed,336,336,25,72,3099.0,35867.0,14112,24854,0.08640254272729807,0.12468817896515652
60972.png,DRIP,336,336,25,73,6801.0,32361.0,14308,24854,0.2101603782330583,0.27363804618974813
60972.png,Fixed,336,336,25,72,3099.0,35867.0,14112,24854,0.08640254272729807,0.12468817896515652
60973.png,DRIP,336,336,16,72,4412.0,21646.0,14112,11946,0.20382518710154302,0.3693286455717395
60973.png,Fixed,336,336,16,72,1719.0,24339.0,14112,11946,0.07062738814248737,0.14389753892516324
60974.png,DRIP,336,336,16,72,4412.0,21646.0,14112,11946,0.20382518710154302,0.3693286455717395
60974.png,Fixed,336,336,16,72,1719.0,24339.0,14112,11946,0.07062738814248737,0.14389753892516324
60975.png,DRIP,336,336,16,72,4412.0,21646.0,14112,11946,0.20382518710154302,0.3693286455717395
60975.png,Fixed,336,336,16,72,1719.0,24339.0,14112,11946,0.07062738814248737,0.14389753892516324
60976.png,DRIP,336,336,16,72,4412.0,21646.0,14112,11946,0.20382518710154302,0.3693286455717395
60976.png,Fixed,336,336,16,72,1719.0,24339.0,14112,11946,0.07062738814248737,0.14389753892516324
60977.png,DRIP,336,336,16,72,4412.0,21646.0,14112,11946,0.20382518710154302,0.3693286455717395
60977.png,Fixed,336,336,16,72,1719.0,24339.0,14112,11946,0.07062738814248737,0.14389753892516324
60978.png,DRIP,336,336,16,72,4412.0,21646.0,14112,11946,0.20382518710154302,0.3693286455717395
60978.png,Fixed,336,336,16,72,1719.0,24339.0,14112,11946,0.07062738814248737,0.14389753892516324
60996.png,DRIP,336,336,9,72,3078.0,17742.0,14112,6708,0.17348664186675686,0.4588550983899821
60996.png,Fixed,336,336,9,72,718.0,20102.0,14112,6708,0.03571783902099294,0.10703637447823494
60997.png,DRIP,336,336,9,72,3078.0,17742.0,14112,6708,0.17348664186675686,0.4588550983899821
60997.png,Fixed,336,336,9,72,718.0,20102.0,14112,6708,0.03571783902099294,0.10703637447823494
60998.png,DRIP,336,336,9,72,3078.0,17742.0,14112,6708,0.17348664186675686,0.4588550983899821
60998.png,Fixed,336,336,9,72,718.0,20102.0,14112,6708,0.03571783902099294,0.10703637447823494
610.png,DRIP,336,336,62,73,8039.0,72070.0,14308,65801,0.11154433189954212,0.12217139557149588
610.png,Fixed,336,336,62,72,8870.0,71043.0,14112,65801,0.12485396168517658,0.13480038297290314
61000.png,DRIP,336,336,9,72,3078.0,17742.0,14112,6708,0.17348664186675686,0.4588550983899821
61000.png,Fixed,336,336,9,72,718.0,20102.0,14112,6708,0.03571783902099294,0.10703637447823494
61001.png,DRIP,336,336,9,72,3078.0,17742.0,14112,6708,0.17348664186675686,0.4588550983899821
61001.png,Fixed,336,336,9,72,718.0,20102.0,14112,6708,0.03571783902099294,0.10703637447823494
611.png,DRIP,336,336,62,73,8039.0,72070.0,14308,65801,0.11154433189954212,0.12217139557149588
611.png,Fixed,336,336,62,72,8870.0,71043.0,14112,65801,0.12485396168517658,0.13480038297290314
61107.png,DRIP,336,336,19,72,6299.0,27936.0,14112,20123,0.22547966781214204,0.3130248968841624
61107.png,Fixed,336,336,19,72,3075.0,31160.0,14112,20123,0.09868421052631579,0.1528102171644387
61108.png,DRIP,336,336,19,72,6299.0,27936.0,14112,20123,0.22547966781214204,0.3130248968841624
61108.png,Fixed,336,336,19,72,3075.0,31160.0,14112,20123,0.09868421052631579,0.1528102171644387
61109.png,DRIP,336,336,19,72,6299.0,27936.0,14112,20123,0.22547966781214204,0.3130248968841624
61109.png,Fixed,336,336,19,72,3075.0,31160.0,14112,20123,0.09868421052631579,0.1528102171644387
61110.png,DRIP,336,336,19,72,6299.0,27936.0,14112,20123,0.22547966781214204,0.3130248968841624
61110.png,Fixed,336,336,19,72,3075.0,31160.0,14112,20123,0.09868421052631579,0.1528102171644387
61111.png,DRIP,336,336,19,72,6299.0,27936.0,14112,20123,0.22547966781214204,0.3130248968841624
61111.png,Fixed,336,336,19,72,3075.0,31160.0,14112,20123,0.09868421052631579,0.1528102171644387
61112.png,DRIP,336,336,19,72,6299.0,27936.0,14112,20123,0.22547966781214204,0.3130248968841624
61112.png,Fixed,336,336,19,72,3075.0,31160.0,14112,20123,0.09868421052631579,0.1528102171644387
61113.png,DRIP,336,336,19,72,6299.0,27936.0,14112,20123,0.22547966781214204,0.3130248968841624
61113.png,Fixed,336,336,19,72,3075.0,31160.0,14112,20123,0.09868421052631579,0.1528102171644387
61120.png,DRIP,336,336,24,72,3628.0,49051.0,14112,38567,0.07396383356098754,0.0940700598957658
61120.png,Fixed,336,336,24,72,4919.0,47760.0,14112,38567,0.10299413735343384,0.12754427360178391
61121.png,DRIP,336,336,24,72,3628.0,49051.0,14112,38567,0.07396383356098754,0.0940700598957658
61121.png,Fixed,336,336,24,72,4919.0,47760.0,14112,38567,0.10299413735343384,0.12754427360178391
61122.png,DRIP,336,336,24,72,3628.0,49051.0,14112,38567,0.07396383356098754,0.0940700598957658
61122.png,Fixed,336,336,24,72,4919.0,47760.0,14112,38567,0.10299413735343384,0.12754427360178391
61123.png,DRIP,336,336,24,72,3628.0,49051.0,14112,38567,0.07396383356098754,0.0940700598957658
61123.png,Fixed,336,336,24,72,4919.0,47760.0,14112,38567,0.10299413735343384,0.12754427360178391
61124.png,DRIP,336,336,14,73,5922.0,33192.0,14308,24806,0.17841648590021691,0.2387325647020882
61124.png,Fixed,336,336,14,72,3209.0,35709.0,14112,24806,0.08986530006440953,0.1293638635813916
61125.png,DRIP,336,336,14,73,5922.0,33192.0,14308,24806,0.17841648590021691,0.2387325647020882
61125.png,Fixed,336,336,14,72,3209.0,35709.0,14112,24806,0.08986530006440953,0.1293638635813916
61126.png,DRIP,336,336,14,73,5922.0,33192.0,14308,24806,0.17841648590021691,0.2387325647020882
61126.png,Fixed,336,336,14,72,3209.0,35709.0,14112,24806,0.08986530006440953,0.1293638635813916
61127.png,DRIP,336,336,14,73,5922.0,33192.0,14308,24806,0.17841648590021691,0.2387325647020882
61127.png,Fixed,336,336,14,72,3209.0,35709.0,14112,24806,0.08986530006440953,0.1293638635813916
61128.png,DRIP,336,336,14,73,5922.0,33192.0,14308,24806,0.17841648590021691,0.2387325647020882
61128.png,Fixed,336,336,14,72,3209.0,35709.0,14112,24806,0.08986530006440953,0.1293638635813916
61129.png,DRIP,336,336,14,73,5922.0,33192.0,14308,24806,0.17841648590021691,0.2387325647020882
61129.png,Fixed,336,336,14,72,3209.0,35709.0,14112,24806,0.08986530006440953,0.1293638635813916
61130.png,DRIP,336,336,14,73,5922.0,33192.0,14308,24806,0.17841648590021691,0.2387325647020882
61130.png,Fixed,336,336,14,72,3209.0,35709.0,14112,24806,0.08986530006440953,0.1293638635813916
61131.png,DRIP,336,336,15,73,3824.0,24820.0,14308,14336,0.1540692989524577,0.26674107142857145
61131.png,Fixed,336,336,15,72,1808.0,26640.0,14112,14336,0.06786786786786787,0.12611607142857142
61133.png,DRIP,336,336,15,73,3824.0,24820.0,14308,14336,0.1540692989524577,0.26674107142857145
61133.png,Fixed,336,336,15,72,1808.0,26640.0,14112,14336,0.06786786786786787,0.12611607142857142
61135.png,DRIP,336,336,15,73,3824.0,24820.0,14308,14336,0.1540692989524577,0.26674107142857145
61135.png,Fixed,336,336,15,72,1808.0,26640.0,14112,14336,0.06786786786786787,0.12611607142857142
61157.png,DRIP,336,336,14,73,3470.0,26335.0,14308,15497,0.13176381241693563,0.22391430599470866
61157.png,Fixed,336,336,14,72,1865.0,27744.0,14112,15497,0.06722174163783161,0.12034587339485062
61158.png,DRIP,336,336,19,72,6397.0,32854.0,14112,25139,0.19470992877579593,0.25446517363459165
61158.png,Fixed,336,336,19,72,2614.0,36637.0,14112,25139,0.07134863662417774,0.10398186085365368
61159.png,DRIP,336,336,19,72,6397.0,32854.0,14112,25139,0.19470992877579593,0.25446517363459165
61159.png,Fixed,336,336,19,72,2614.0,36637.0,14112,25139,0.07134863662417774,0.10398186085365368
61162.png,DRIP,336,336,26,72,776.0,22156.0,14112,8820,0.035024372630438706,0.08798185941043084
61162.png,Fixed,336,336,26,72,1401.0,21531.0,14112,8820,0.0650689703218615,0.15884353741496599
61164.png,DRIP,336,336,26,72,776.0,22156.0,14112,8820,0.035024372630438706,0.08798185941043084
61164.png,Fixed,336,336,26,72,1401.0,21531.0,14112,8820,0.0650689703218615,0.15884353741496599
61165.png,DRIP,336,336,26,72,776.0,22156.0,14112,8820,0.035024372630438706,0.08798185941043084
61165.png,Fixed,336,336,26,72,1401.0,21531.0,14112,8820,0.0650689703218615,0.15884353741496599
61166.png,DRIP,336,336,26,72,776.0,22156.0,14112,8820,0.035024372630438706,0.08798185941043084
61166.png,Fixed,336,336,26,72,1401.0,21531.0,14112,8820,0.0650689703218615,0.15884353741496599
61167.png,DRIP,336,336,26,72,776.0,22156.0,14112,8820,0.035024372630438706,0.08798185941043084
61167.png,Fixed,336,336,26,72,1401.0,21531.0,14112,8820,0.0650689703218615,0.15884353741496599
61168.png,DRIP,336,336,26,72,776.0,22156.0,14112,8820,0.035024372630438706,0.08798185941043084
61168.png,Fixed,336,336,26,72,1401.0,21531.0,14112,8820,0.0650689703218615,0.15884353741496599
61196.png,DRIP,336,336,3,73,2370.0,17292.0,14308,5354,0.13705759888965996,0.442659693686963
61196.png,Fixed,336,336,3,72,728.0,18738.0,14112,5354,0.0388515316469207,0.13597310422114306
612.png,DRIP,336,336,62,73,8039.0,72070.0,14308,65801,0.11154433189954212,0.12217139557149588
612.png,Fixed,336,336,62,72,8870.0,71043.0,14112,65801,0.12485396168517658,0.13480038297290314
61224.png,DRIP,336,336,4,73,2914.0,19302.0,14308,7908,0.15096881152212205,0.36848760748609005
61224.png,Fixed,336,336,4,72,938.0,21082.0,14112,7908,0.044492932359358695,0.1186140617096611
61225.png,DRIP,336,336,4,73,2914.0,19302.0,14308,7908,0.15096881152212205,0.36848760748609005
61225.png,Fixed,336,336,4,72,938.0,21082.0,14112,7908,0.044492932359358695,0.1186140617096611
61226.png,DRIP,336,336,8,73,3668.0,25886.0,14308,15246,0.1416982152514873,0.24058769513314968
61226.png,Fixed,336,336,8,72,1778.0,27580.0,14112,15246,0.06446700507614213,0.11662075298438934
61227.png,DRIP,336,336,20,72,2830.0,20209.0,14112,8927,0.140036617348706,0.31701579477988123
61227.png,Fixed,336,336,20,72,1516.0,21523.0,14112,8927,0.07043627747061283,0.16982188865240283
61228.png,DRIP,336,336,20,72,2830.0,20209.0,14112,8927,0.140036617348706,0.31701579477988123
61228.png,Fixed,336,336,20,72,1516.0,21523.0,14112,8927,0.07043627747061283,0.16982188865240283
61229.png,DRIP,336,336,8,73,3668.0,25886.0,14308,15246,0.1416982152514873,0.24058769513314968
61229.png,Fixed,336,336,8,72,1778.0,27580.0,14112,15246,0.06446700507614213,0.11662075298438934
61230.png,DRIP,336,336,20,72,2830.0,20209.0,14112,8927,0.140036617348706,0.31701579477988123
61230.png,Fixed,336,336,20,72,1516.0,21523.0,14112,8927,0.07043627747061283,0.16982188865240283
61235.png,DRIP,336,336,5,73,3070.0,25394.0,14308,14156,0.12089469953532331,0.2168691720825092
61235.png,Fixed,336,336,5,72,1820.0,26448.0,14112,14156,0.06881427707199032,0.12856739191862107
61236.png,DRIP,336,336,6,72,1341.0,18563.0,14112,5792,0.07224047837095297,0.23152624309392264
61236.png,Fixed,336,336,6,72,504.0,19400.0,14112,5792,0.02597938144329897,0.08701657458563536
61237.png,DRIP,336,336,6,72,1341.0,18563.0,14112,5792,0.07224047837095297,0.23152624309392264
61237.png,Fixed,336,336,6,72,504.0,19400.0,14112,5792,0.02597938144329897,0.08701657458563536
61238.png,DRIP,336,336,6,72,1341.0,18563.0,14112,5792,0.07224047837095297,0.23152624309392264
61238.png,Fixed,336,336,6,72,504.0,19400.0,14112,5792,0.02597938144329897,0.08701657458563536
61239.png,DRIP,336,336,6,72,1341.0,18563.0,14112,5792,0.07224047837095297,0.23152624309392264
61239.png,Fixed,336,336,6,72,504.0,19400.0,14112,5792,0.02597938144329897,0.08701657458563536
61240.png,DRIP,336,336,5,73,3070.0,25394.0,14308,14156,0.12089469953532331,0.2168691720825092
61240.png,Fixed,336,336,5,72,1820.0,26448.0,14112,14156,0.06881427707199032,0.12856739191862107
61241.png,DRIP,336,336,6,72,1341.0,18563.0,14112,5792,0.07224047837095297,0.23152624309392264
61241.png,Fixed,336,336,6,72,504.0,19400.0,14112,5792,0.02597938144329897,0.08701657458563536
61243.png,DRIP,336,336,5,73,2158.0,18913.0,14308,6763,0.11410141172738328,0.31908916161466805
61243.png,Fixed,336,336,5,72,497.0,20378.0,14112,6763,0.02438904701148297,0.0734880969983735
61244.png,DRIP,336,336,17,72,7957.0,57821.0,14112,51666,0.1376143615641376,0.1540084388185654
61244.png,Fixed,336,336,17,72,6479.0,59299.0,14112,51666,0.10925985261134252,0.12540161808539466
61245.png,DRIP,336,336,5,73,2158.0,18913.0,14308,6763,0.11410141172738328,0.31908916161466805
61245.png,Fixed,336,336,5,72,497.0,20378.0,14112,6763,0.02438904701148297,0.0734880969983735
61246.png,DRIP,336,336,17,72,7957.0,57821.0,14112,51666,0.1376143615641376,0.1540084388185654
61246.png,Fixed,336,336,17,72,6479.0,59299.0,14112,51666,0.10925985261134252,0.12540161808539466
61247.png,DRIP,336,336,5,73,2158.0,18913.0,14308,6763,0.11410141172738328,0.31908916161466805
61247.png,Fixed,336,336,5,72,497.0,20378.0,14112,6763,0.02438904701148297,0.0734880969983735
61248.png,DRIP,336,336,17,72,7957.0,57821.0,14112,51666,0.1376143615641376,0.1540084388185654
61248.png,Fixed,336,336,17,72,6479.0,59299.0,14112,51666,0.10925985261134252,0.12540161808539466
61261.png,DRIP,336,336,19,72,4861.0,34088.0,14112,24837,0.1426015019948369,0.19571606876836978
61261.png,Fixed,336,336,19,72,2696.0,36253.0,14112,24837,0.07436625934405429,0.10854773120747273
61267.png,DRIP,336,336,19,72,4861.0,34088.0,14112,24837,0.1426015019948369,0.19571606876836978
61267.png,Fixed,336,336,19,72,2696.0,36253.0,14112,24837,0.07436625934405429,0.10854773120747273
61268.png,DRIP,336,336,18,72,2272.0,22397.0,14112,10557,0.10144215743179891,0.2152126551103533
61268.png,Fixed,336,336,18,72,1386.0,23283.0,14112,10557,0.059528411287205256,0.13128729752770674
61269.png,DRIP,336,336,18,72,2272.0,22397.0,14112,10557,0.10144215743179891,0.2152126551103533
61269.png,Fixed,336,336,18,72,1386.0,23283.0,14112,10557,0.059528411287205256,0.13128729752770674
61270.png,DRIP,336,336,18,72,2272.0,22397.0,14112,10557,0.10144215743179891,0.2152126551103533
61270.png,Fixed,336,336,18,72,1386.0,23283.0,14112,10557,0.059528411287205256,0.13128729752770674
61272.png,DRIP,336,336,10,72,5367.0,31168.0,14112,22423,0.17219584188911705,0.23935245060874993
61272.png,Fixed,336,336,10,72,3250.0,33285.0,14112,22423,0.09764158029142256,0.14494046291754004
61273.png,DRIP,336,336,10,72,5367.0,31168.0,14112,22423,0.17219584188911705,0.23935245060874993
61273.png,Fixed,336,336,10,72,3250.0,33285.0,14112,22423,0.09764158029142256,0.14494046291754004
61274.png,DRIP,336,336,19,72,4861.0,34088.0,14112,24837,0.1426015019948369,0.19571606876836978
61274.png,Fixed,336,336,19,72,2696.0,36253.0,14112,24837,0.07436625934405429,0.10854773120747273
61275.png,DRIP,336,336,10,72,5367.0,31168.0,14112,22423,0.17219584188911705,0.23935245060874993
61275.png,Fixed,336,336,10,72,3250.0,33285.0,14112,22423,0.09764158029142256,0.14494046291754004
61290.png,DRIP,336,336,4,72,627.0,14728.0,14112,1243,0.04257197175448126,0.504424778761062
61290.png,Fixed,336,336,4,72,154.0,15201.0,14112,1243,0.010130912439971055,0.12389380530973451
61299.png,DRIP,336,336,11,72,1132.0,19271.0,14112,6291,0.058741113590368946,0.1799395962486091
61299.png,Fixed,336,336,11,72,727.0,19676.0,14112,6291,0.036948566781866234,0.11556191384517565
613.png,DRIP,336,336,62,73,8039.0,72070.0,14308,65801,0.11154433189954212,0.12217139557149588
613.png,Fixed,336,336,62,72,8870.0,71043.0,14112,65801,0.12485396168517658,0.13480038297290314
61300.png,DRIP,336,336,11,72,1132.0,19271.0,14112,6291,0.058741113590368946,0.1799395962486091
61300.png,Fixed,336,336,11,72,727.0,19676.0,14112,6291,0.036948566781866234,0.11556191384517565
61303.png,DRIP,336,336,11,72,1132.0,19271.0,14112,6291,0.058741113590368946,0.1799395962486091
61303.png,Fixed,336,336,11,72,727.0,19676.0,14112,6291,0.036948566781866234,0.11556191384517565
61304.png,DRIP,336,336,11,72,1132.0,19271.0,14112,6291,0.058741113590368946,0.1799395962486091
61304.png,Fixed,336,336,11,72,727.0,19676.0,14112,6291,0.036948566781866234,0.11556191384517565
61347.png,DRIP,336,336,6,72,1103.0,19684.0,14112,6675,0.05603535866693762,0.1652434456928839
61347.png,Fixed,336,336,6,72,1162.0,19625.0,14112,6675,0.059210191082802545,0.1740823970037453
61349.png,DRIP,336,336,6,72,1103.0,19684.0,14112,6675,0.05603535866693762,0.1652434456928839
61349.png,Fixed,336,336,6,72,1162.0,19625.0,14112,6675,0.059210191082802545,0.1740823970037453
61350.png,DRIP,336,336,6,72,1103.0,19684.0,14112,6675,0.05603535866693762,0.1652434456928839
61350.png,Fixed,336,336,6,72,1162.0,19625.0,14112,6675,0.059210191082802545,0.1740823970037453
61351.png,DRIP,336,336,6,72,1103.0,19684.0,14112,6675,0.05603535866693762,0.1652434456928839
61351.png,Fixed,336,336,6,72,1162.0,19625.0,14112,6675,0.059210191082802545,0.1740823970037453
61353.png,DRIP,336,336,6,72,1103.0,19684.0,14112,6675,0.05603535866693762,0.1652434456928839
61353.png,Fixed,336,336,6,72,1162.0,19625.0,14112,6675,0.059210191082802545,0.1740823970037453
61355.png,DRIP,336,336,6,72,1103.0,19684.0,14112,6675,0.05603535866693762,0.1652434456928839
61355.png,Fixed,336,336,6,72,1162.0,19625.0,14112,6675,0.059210191082802545,0.1740823970037453
61356.png,DRIP,336,336,6,72,1103.0,19684.0,14112,6675,0.05603535866693762,0.1652434456928839
61356.png,Fixed,336,336,6,72,1162.0,19625.0,14112,6675,0.059210191082802545,0.1740823970037453
61366.png,DRIP,336,336,9,73,3714.0,18809.0,14308,8215,0.19745866340581636,0.45209981740718197
61366.png,Fixed,336,336,9,72,1183.0,21144.0,14112,8215,0.05594967839576239,0.14400486914181376
61367.png,DRIP,336,336,9,73,3714.0,18809.0,14308,8215,0.19745866340581636,0.45209981740718197
61367.png,Fixed,336,336,9,72,1183.0,21144.0,14112,8215,0.05594967839576239,0.14400486914181376
61368.png,DRIP,336,336,9,73,3714.0,18809.0,14308,8215,0.19745866340581636,0.45209981740718197
61368.png,Fixed,336,336,9,72,1183.0,21144.0,14112,8215,0.05594967839576239,0.14400486914181376
61370.png,DRIP,336,336,9,73,3714.0,18809.0,14308,8215,0.19745866340581636,0.45209981740718197
61370.png,Fixed,336,336,9,72,1183.0,21144.0,14112,8215,0.05594967839576239,0.14400486914181376
61371.png,DRIP,336,336,9,73,3714.0,18809.0,14308,8215,0.19745866340581636,0.45209981740718197
61371.png,Fixed,336,336,9,72,1183.0,21144.0,14112,8215,0.05594967839576239,0.14400486914181376
61372.png,DRIP,336,336,9,73,3714.0,18809.0,14308,8215,0.19745866340581636,0.45209981740718197
61372.png,Fixed,336,336,9,72,1183.0,21144.0,14112,8215,0.05594967839576239,0.14400486914181376
61373.png,DRIP,336,336,9,73,3714.0,18809.0,14308,8215,0.19745866340581636,0.45209981740718197
61373.png,Fixed,336,336,9,72,1183.0,21144.0,14112,8215,0.05594967839576239,0.14400486914181376
61374.png,DRIP,336,336,9,73,3714.0,18809.0,14308,8215,0.19745866340581636,0.45209981740718197
61374.png,Fixed,336,336,9,72,1183.0,21144.0,14112,8215,0.05594967839576239,0.14400486914181376
61385.png,DRIP,336,336,15,72,2484.0,24126.0,14112,12498,0.10295946282019398,0.1987518002880461
61385.png,Fixed,336,336,15,72,1050.0,25560.0,14112,12498,0.04107981220657277,0.08401344215074412
61386.png,DRIP,336,336,15,72,2484.0,24126.0,14112,12498,0.10295946282019398,0.1987518002880461
61386.png,Fixed,336,336,15,72,1050.0,25560.0,14112,12498,0.04107981220657277,0.08401344215074412
61387.png,DRIP,336,336,15,72,2484.0,24126.0,14112,12498,0.10295946282019398,0.1987518002880461
61387.png,Fixed,336,336,15,72,1050.0,25560.0,14112,12498,0.04107981220657277,0.08401344215074412
61388.png,DRIP,336,336,15,72,2484.0,24126.0,14112,12498,0.10295946282019398,0.1987518002880461
61388.png,Fixed,336,336,15,72,1050.0,25560.0,14112,12498,0.04107981220657277,0.08401344215074412
61389.png,DRIP,336,336,15,72,2484.0,24126.0,14112,12498,0.10295946282019398,0.1987518002880461
61389.png,Fixed,336,336,15,72,1050.0,25560.0,14112,12498,0.04107981220657277,0.08401344215074412
61390.png,DRIP,336,336,15,72,2484.0,24126.0,14112,12498,0.10295946282019398,0.1987518002880461
61390.png,Fixed,336,336,15,72,1050.0,25560.0,14112,12498,0.04107981220657277,0.08401344215074412
61391.png,DRIP,336,336,15,72,2484.0,24126.0,14112,12498,0.10295946282019398,0.1987518002880461
61391.png,Fixed,336,336,15,72,1050.0,25560.0,14112,12498,0.04107981220657277,0.08401344215074412
61393.png,DRIP,336,336,15,72,2484.0,24126.0,14112,12498,0.10295946282019398,0.1987518002880461
61393.png,Fixed,336,336,15,72,1050.0,25560.0,14112,12498,0.04107981220657277,0.08401344215074412
61394.png,DRIP,336,336,15,72,2484.0,24126.0,14112,12498,0.10295946282019398,0.1987518002880461
61394.png,Fixed,336,336,15,72,1050.0,25560.0,14112,12498,0.04107981220657277,0.08401344215074412
61396.png,DRIP,336,336,13,72,3278.0,29324.0,14112,18490,0.11178556813531579,0.17728501892915088
61396.png,Fixed,336,336,13,72,2624.0,29978.0,14112,18490,0.0875308559610381,0.14191454840454298
61397.png,DRIP,336,336,13,72,3278.0,29324.0,14112,18490,0.11178556813531579,0.17728501892915088
61397.png,Fixed,336,336,13,72,2624.0,29978.0,14112,18490,0.0875308559610381,0.14191454840454298
61398.png,DRIP,336,336,13,72,3278.0,29324.0,14112,18490,0.11178556813531579,0.17728501892915088
61398.png,Fixed,336,336,13,72,2624.0,29978.0,14112,18490,0.0875308559610381,0.14191454840454298
61401.png,DRIP,336,336,13,72,3278.0,29324.0,14112,18490,0.11178556813531579,0.17728501892915088
61401.png,Fixed,336,336,13,72,2624.0,29978.0,14112,18490,0.0875308559610381,0.14191454840454298
61402.png,DRIP,336,336,13,72,3278.0,29324.0,14112,18490,0.11178556813531579,0.17728501892915088
61402.png,Fixed,336,336,13,72,2624.0,29978.0,14112,18490,0.0875308559610381,0.14191454840454298
61403.png,DRIP,336,336,13,72,3278.0,29324.0,14112,18490,0.11178556813531579,0.17728501892915088
61403.png,Fixed,336,336,13,72,2624.0,29978.0,14112,18490,0.0875308559610381,0.14191454840454298
61433.png,DRIP,336,336,3,73,872.0,17657.0,14308,4221,0.04938551282777369,0.20658611703387822
61433.png,Fixed,336,336,3,72,210.0,18123.0,14112,4221,0.011587485515643106,0.04975124378109453
61434.png,DRIP,336,336,3,73,872.0,17657.0,14308,4221,0.04938551282777369,0.20658611703387822
61434.png,Fixed,336,336,3,72,210.0,18123.0,14112,4221,0.011587485515643106,0.04975124378109453
61435.png,DRIP,336,336,3,73,872.0,17657.0,14308,4221,0.04938551282777369,0.20658611703387822
61435.png,Fixed,336,336,3,72,210.0,18123.0,14112,4221,0.011587485515643106,0.04975124378109453
61436.png,DRIP,336,336,3,73,872.0,17657.0,14308,4221,0.04938551282777369,0.20658611703387822
61436.png,Fixed,336,336,3,72,210.0,18123.0,14112,4221,0.011587485515643106,0.04975124378109453
61471.png,DRIP,336,336,3,73,872.0,17657.0,14308,4221,0.04938551282777369,0.20658611703387822
61471.png,Fixed,336,336,3,72,210.0,18123.0,14112,4221,0.011587485515643106,0.04975124378109453
61472.png,DRIP,336,336,3,73,872.0,17657.0,14308,4221,0.04938551282777369,0.20658611703387822
61472.png,Fixed,336,336,3,72,210.0,18123.0,14112,4221,0.011587485515643106,0.04975124378109453
61476.png,DRIP,336,336,3,73,872.0,17657.0,14308,4221,0.04938551282777369,0.20658611703387822
61476.png,Fixed,336,336,3,72,210.0,18123.0,14112,4221,0.011587485515643106,0.04975124378109453
61478.png,DRIP,336,336,3,73,872.0,17657.0,14308,4221,0.04938551282777369,0.20658611703387822
61478.png,Fixed,336,336,3,72,210.0,18123.0,14112,4221,0.011587485515643106,0.04975124378109453
61481.png,DRIP,336,336,3,73,872.0,17657.0,14308,4221,0.04938551282777369,0.20658611703387822
61481.png,Fixed,336,336,3,72,210.0,18123.0,14112,4221,0.011587485515643106,0.04975124378109453
61485.png,DRIP,336,336,16,72,3251.0,23890.0,14112,13029,0.13608204269568858,0.24952030086729604
61485.png,Fixed,336,336,16,72,1253.0,25888.0,14112,13029,0.04840080346106304,0.09617008212449152
61487.png,DRIP,336,336,16,72,3251.0,23890.0,14112,13029,0.13608204269568858,0.24952030086729604
61487.png,Fixed,336,336,16,72,1253.0,25888.0,14112,13029,0.04840080346106304,0.09617008212449152
61491.png,DRIP,336,336,16,72,3251.0,23890.0,14112,13029,0.13608204269568858,0.24952030086729604
61491.png,Fixed,336,336,16,72,1253.0,25888.0,14112,13029,0.04840080346106304,0.09617008212449152
61492.png,DRIP,336,336,16,72,3251.0,23890.0,14112,13029,0.13608204269568858,0.24952030086729604
61492.png,Fixed,336,336,16,72,1253.0,25888.0,14112,13029,0.04840080346106304,0.09617008212449152
61497.png,DRIP,336,336,16,72,3251.0,23890.0,14112,13029,0.13608204269568858,0.24952030086729604
61497.png,Fixed,336,336,16,72,1253.0,25888.0,14112,13029,0.04840080346106304,0.09617008212449152
61498.png,DRIP,336,336,16,72,3251.0,23890.0,14112,13029,0.13608204269568858,0.24952030086729604
61498.png,Fixed,336,336,16,72,1253.0,25888.0,14112,13029,0.04840080346106304,0.09617008212449152
61499.png,DRIP,336,336,16,72,3251.0,23890.0,14112,13029,0.13608204269568858,0.24952030086729604
61499.png,Fixed,336,336,16,72,1253.0,25888.0,14112,13029,0.04840080346106304,0.09617008212449152
61500.png,DRIP,336,336,16,72,3251.0,23890.0,14112,13029,0.13608204269568858,0.24952030086729604
61500.png,Fixed,336,336,16,72,1253.0,25888.0,14112,13029,0.04840080346106304,0.09617008212449152
61501.png,DRIP,336,336,16,72,3251.0,23890.0,14112,13029,0.13608204269568858,0.24952030086729604
61501.png,Fixed,336,336,16,72,1253.0,25888.0,14112,13029,0.04840080346106304,0.09617008212449152
61502.png,DRIP,336,336,10,72,1148.0,22482.0,14112,9518,0.051063072680366514,0.12061357428031098
61502.png,Fixed,336,336,10,72,1075.0,22555.0,14112,9518,0.047661272445134115,0.11294389577642362
61503.png,DRIP,336,336,10,72,1148.0,22482.0,14112,9518,0.051063072680366514,0.12061357428031098
61503.png,Fixed,336,336,10,72,1075.0,22555.0,14112,9518,0.047661272445134115,0.11294389577642362
61505.png,DRIP,336,336,10,72,1148.0,22482.0,14112,9518,0.051063072680366514,0.12061357428031098
61505.png,Fixed,336,336,10,72,1075.0,22555.0,14112,9518,0.047661272445134115,0.11294389577642362
61507.png,DRIP,336,336,10,72,1148.0,22482.0,14112,9518,0.051063072680366514,0.12061357428031098
61507.png,Fixed,336,336,10,72,1075.0,22555.0,14112,9518,0.047661272445134115,0.11294389577642362
61509.png,DRIP,336,336,10,72,1148.0,22482.0,14112,9518,0.051063072680366514,0.12061357428031098
61509.png,Fixed,336,336,10,72,1075.0,22555.0,14112,9518,0.047661272445134115,0.11294389577642362
61511.png,DRIP,336,336,10,72,1148.0,22482.0,14112,9518,0.051063072680366514,0.12061357428031098
61511.png,Fixed,336,336,10,72,1075.0,22555.0,14112,9518,0.047661272445134115,0.11294389577642362
61543.png,DRIP,336,336,13,73,7154.0,46624.0,14308,39470,0.15344028826355524,0.1812515834811249
61543.png,Fixed,336,336,13,72,5119.0,48463.0,14112,39470,0.10562697315477787,0.1296934380542184
61544.png,DRIP,336,336,13,73,7154.0,46624.0,14308,39470,0.15344028826355524,0.1812515834811249
61544.png,Fixed,336,336,13,72,5119.0,48463.0,14112,39470,0.10562697315477787,0.1296934380542184
61546.png,DRIP,336,336,13,73,7154.0,46624.0,14308,39470,0.15344028826355524,0.1812515834811249
61546.png,Fixed,336,336,13,72,5119.0,48463.0,14112,39470,0.10562697315477787,0.1296934380542184
61547.png,DRIP,336,336,13,73,7154.0,46624.0,14308,39470,0.15344028826355524,0.1812515834811249
61547.png,Fixed,336,336,13,72,5119.0,48463.0,14112,39470,0.10562697315477787,0.1296934380542184
61548.png,DRIP,336,336,13,73,7154.0,46624.0,14308,39470,0.15344028826355524,0.1812515834811249
61548.png,Fixed,336,336,13,72,5119.0,48463.0,14112,39470,0.10562697315477787,0.1296934380542184
61549.png,DRIP,336,336,13,73,7154.0,46624.0,14308,39470,0.15344028826355524,0.1812515834811249
61549.png,Fixed,336,336,13,72,5119.0,48463.0,14112,39470,0.10562697315477787,0.1296934380542184
61550.png,DRIP,336,336,9,73,1928.0,16995.0,14308,4615,0.11344513092085907,0.41776814734561213
61550.png,Fixed,336,336,9,72,780.0,17947.0,14112,4615,0.043461302724689364,0.16901408450704225
61551.png,DRIP,336,336,9,73,1928.0,16995.0,14308,4615,0.11344513092085907,0.41776814734561213
61551.png,Fixed,336,336,9,72,780.0,17947.0,14112,4615,0.043461302724689364,0.16901408450704225
61554.png,DRIP,336,336,9,73,1928.0,16995.0,14308,4615,0.11344513092085907,0.41776814734561213
61554.png,Fixed,336,336,9,72,780.0,17947.0,14112,4615,0.043461302724689364,0.16901408450704225
61559.png,DRIP,336,336,9,73,1928.0,16995.0,14308,4615,0.11344513092085907,0.41776814734561213
61559.png,Fixed,336,336,9,72,780.0,17947.0,14112,4615,0.043461302724689364,0.16901408450704225
61560.png,DRIP,336,336,9,73,1928.0,16995.0,14308,4615,0.11344513092085907,0.41776814734561213
61560.png,Fixed,336,336,9,72,780.0,17947.0,14112,4615,0.043461302724689364,0.16901408450704225
61566.png,DRIP,336,336,15,73,3128.0,19006.0,14308,7826,0.16457960644007155,0.3996933299258881
61566.png,Fixed,336,336,15,72,664.0,21274.0,14112,7826,0.03121180784055655,0.08484538717096857
61567.png,DRIP,336,336,15,73,3128.0,19006.0,14308,7826,0.16457960644007155,0.3996933299258881
61567.png,Fixed,336,336,15,72,664.0,21274.0,14112,7826,0.03121180784055655,0.08484538717096857
61578.png,DRIP,336,336,3,72,1688.0,17170.0,14112,4746,0.09831100757134537,0.3556679308891698
61578.png,Fixed,336,336,3,72,868.0,17990.0,14112,4746,0.04824902723735409,0.18289085545722714
61579.png,DRIP,336,336,3,72,1688.0,17170.0,14112,4746,0.09831100757134537,0.3556679308891698
61579.png,Fixed,336,336,3,72,868.0,17990.0,14112,4746,0.04824902723735409,0.18289085545722714
61581.png,DRIP,336,336,3,72,1688.0,17170.0,14112,4746,0.09831100757134537,0.3556679308891698
61581.png,Fixed,336,336,3,72,868.0,17990.0,14112,4746,0.04824902723735409,0.18289085545722714
61601.png,DRIP,336,336,44,72,8544.0,58121.0,14112,52553,0.14700366476832813,0.16257873004395562
61601.png,Fixed,336,336,44,72,6215.0,60450.0,14112,52553,0.10281224152191894,0.11826156451582212
61603.png,DRIP,336,336,44,72,8544.0,58121.0,14112,52553,0.14700366476832813,0.16257873004395562
61603.png,Fixed,336,336,44,72,6215.0,60450.0,14112,52553,0.10281224152191894,0.11826156451582212
61605.png,DRIP,336,336,44,72,8544.0,58121.0,14112,52553,0.14700366476832813,0.16257873004395562
61605.png,Fixed,336,336,44,72,6215.0,60450.0,14112,52553,0.10281224152191894,0.11826156451582212
61606.png,DRIP,336,336,44,72,8544.0,58121.0,14112,52553,0.14700366476832813,0.16257873004395562
61606.png,Fixed,336,336,44,72,6215.0,60450.0,14112,52553,0.10281224152191894,0.11826156451582212
61607.png,DRIP,336,336,44,72,8544.0,58121.0,14112,52553,0.14700366476832813,0.16257873004395562
61607.png,Fixed,336,336,44,72,6215.0,60450.0,14112,52553,0.10281224152191894,0.11826156451582212
61611.png,DRIP,336,336,4,72,794.0,15590.0,14112,2272,0.0509300833867864,0.3494718309859155
61611.png,Fixed,336,336,4,72,308.0,16076.0,14112,2272,0.019158994774819606,0.13556338028169015
61612.png,DRIP,336,336,4,72,794.0,15590.0,14112,2272,0.0509300833867864,0.3494718309859155
61612.png,Fixed,336,336,4,72,308.0,16076.0,14112,2272,0.019158994774819606,0.13556338028169015
61613.png,DRIP,336,336,4,72,794.0,15590.0,14112,2272,0.0509300833867864,0.3494718309859155
61613.png,Fixed,336,336,4,72,308.0,16076.0,14112,2272,0.019158994774819606,0.13556338028169015
61614.png,DRIP,336,336,4,72,794.0,15590.0,14112,2272,0.0509300833867864,0.3494718309859155
61614.png,Fixed,336,336,4,72,308.0,16076.0,14112,2272,0.019158994774819606,0.13556338028169015
61615.png,DRIP,336,336,4,72,794.0,15590.0,14112,2272,0.0509300833867864,0.3494718309859155
61615.png,Fixed,336,336,4,72,308.0,16076.0,14112,2272,0.019158994774819606,0.13556338028169015
61616.png,DRIP,336,336,23,72,4226.0,33476.0,14112,23590,0.12623969410921257,0.1791437049597287
61616.png,Fixed,336,336,23,72,3023.0,34679.0,14112,23590,0.08717091034920268,0.1281475201356507
61617.png,DRIP,336,336,4,72,794.0,15590.0,14112,2272,0.0509300833867864,0.3494718309859155
61617.png,Fixed,336,336,4,72,308.0,16076.0,14112,2272,0.019158994774819606,0.13556338028169015
61618.png,DRIP,336,336,4,72,794.0,15590.0,14112,2272,0.0509300833867864,0.3494718309859155
61618.png,Fixed,336,336,4,72,308.0,16076.0,14112,2272,0.019158994774819606,0.13556338028169015
61619.png,DRIP,336,336,4,72,794.0,15590.0,14112,2272,0.0509300833867864,0.3494718309859155
61619.png,Fixed,336,336,4,72,308.0,16076.0,14112,2272,0.019158994774819606,0.13556338028169015
61634.png,DRIP,336,336,46,72,3947.0,29136.0,14112,18971,0.13546814936847887,0.20805439881925045
61634.png,Fixed,336,336,46,72,2287.0,30796.0,14112,18971,0.07426289128458241,0.12055242211796953
61635.png,DRIP,336,336,46,72,3947.0,29136.0,14112,18971,0.13546814936847887,0.20805439881925045
61635.png,Fixed,336,336,46,72,2287.0,30796.0,14112,18971,0.07426289128458241,0.12055242211796953
61636.png,DRIP,336,336,5,72,1210.0,15509.0,14112,2607,0.07801921464955833,0.4641350210970464
61636.png,Fixed,336,336,5,72,308.0,16411.0,14112,2607,0.0187678995795503,0.11814345991561181
61638.png,DRIP,336,336,5,72,1210.0,15509.0,14112,2607,0.07801921464955833,0.4641350210970464
61638.png,Fixed,336,336,5,72,308.0,16411.0,14112,2607,0.0187678995795503,0.11814345991561181
61639.png,DRIP,336,336,5,72,1210.0,15509.0,14112,2607,0.07801921464955833,0.4641350210970464
61639.png,Fixed,336,336,5,72,308.0,16411.0,14112,2607,0.0187678995795503,0.11814345991561181
61641.png,DRIP,336,336,5,72,1210.0,15509.0,14112,2607,0.07801921464955833,0.4641350210970464
61641.png,Fixed,336,336,5,72,308.0,16411.0,14112,2607,0.0187678995795503,0.11814345991561181
61642.png,DRIP,336,336,5,72,1210.0,15509.0,14112,2607,0.07801921464955833,0.4641350210970464
61642.png,Fixed,336,336,5,72,308.0,16411.0,14112,2607,0.0187678995795503,0.11814345991561181
61643.png,DRIP,336,336,5,72,1210.0,15509.0,14112,2607,0.07801921464955833,0.4641350210970464
61643.png,Fixed,336,336,5,72,308.0,16411.0,14112,2607,0.0187678995795503,0.11814345991561181
61648.png,DRIP,336,336,5,72,1210.0,15509.0,14112,2607,0.07801921464955833,0.4641350210970464
61648.png,Fixed,336,336,5,72,308.0,16411.0,14112,2607,0.0187678995795503,0.11814345991561181
61756.png,DRIP,336,336,17,72,3034.0,17510.0,14112,6432,0.17327241576242147,0.4717039800995025
61756.png,Fixed,336,336,17,72,943.0,19601.0,14112,6432,0.04810979031682057,0.14661069651741293
61757.png,DRIP,336,336,17,72,3034.0,17510.0,14112,6432,0.17327241576242147,0.4717039800995025
61757.png,Fixed,336,336,17,72,943.0,19601.0,14112,6432,0.04810979031682057,0.14661069651741293
61761.png,DRIP,336,336,31,72,2773.0,40946.0,14112,29607,0.06772334293948126,0.0936602830411727
61761.png,Fixed,336,336,31,72,4118.0,39601.0,14112,29607,0.10398727304866039,0.13908872901678657
61762.png,DRIP,336,336,31,72,2773.0,40946.0,14112,29607,0.06772334293948126,0.0936602830411727
61762.png,Fixed,336,336,31,72,4118.0,39601.0,14112,29607,0.10398727304866039,0.13908872901678657
61763.png,DRIP,336,336,31,72,2773.0,40946.0,14112,29607,0.06772334293948126,0.0936602830411727
61763.png,Fixed,336,336,31,72,4118.0,39601.0,14112,29607,0.10398727304866039,0.13908872901678657
61764.png,DRIP,336,336,31,72,2773.0,40946.0,14112,29607,0.06772334293948126,0.0936602830411727
61764.png,Fixed,336,336,31,72,4118.0,39601.0,14112,29607,0.10398727304866039,0.13908872901678657
61765.png,DRIP,336,336,31,72,2773.0,40946.0,14112,29607,0.06772334293948126,0.0936602830411727
61765.png,Fixed,336,336,31,72,4118.0,39601.0,14112,29607,0.10398727304866039,0.13908872901678657
61766.png,DRIP,336,336,31,72,2773.0,40946.0,14112,29607,0.06772334293948126,0.0936602830411727
61766.png,Fixed,336,336,31,72,4118.0,39601.0,14112,29607,0.10398727304866039,0.13908872901678657
61772.png,DRIP,336,336,31,72,2773.0,40946.0,14112,29607,0.06772334293948126,0.0936602830411727
61772.png,Fixed,336,336,31,72,4118.0,39601.0,14112,29607,0.10398727304866039,0.13908872901678657
61773.png,DRIP,336,336,4,73,1329.0,19984.0,14308,7005,0.06650320256204964,0.18972162740899357
61773.png,Fixed,336,336,4,72,993.0,20124.0,14112,7005,0.04934406678592725,0.14175588865096359
61775.png,DRIP,336,336,4,73,1329.0,19984.0,14308,7005,0.06650320256204964,0.18972162740899357
61775.png,Fixed,336,336,4,72,993.0,20124.0,14112,7005,0.04934406678592725,0.14175588865096359
61776.png,DRIP,336,336,4,73,1329.0,19984.0,14308,7005,0.06650320256204964,0.18972162740899357
61776.png,Fixed,336,336,4,72,993.0,20124.0,14112,7005,0.04934406678592725,0.14175588865096359
61777.png,DRIP,336,336,4,73,1329.0,19984.0,14308,7005,0.06650320256204964,0.18972162740899357
61777.png,Fixed,336,336,4,72,993.0,20124.0,14112,7005,0.04934406678592725,0.14175588865096359
61778.png,DRIP,336,336,4,73,1329.0,19984.0,14308,7005,0.06650320256204964,0.18972162740899357
61778.png,Fixed,336,336,4,72,993.0,20124.0,14112,7005,0.04934406678592725,0.14175588865096359
61779.png,DRIP,336,336,4,73,1329.0,19984.0,14308,7005,0.06650320256204964,0.18972162740899357
61779.png,Fixed,336,336,4,72,993.0,20124.0,14112,7005,0.04934406678592725,0.14175588865096359
61781.png,DRIP,336,336,5,72,1884.0,17375.0,14112,5147,0.108431654676259,0.3660384690110744
61781.png,Fixed,336,336,5,72,630.0,18629.0,14112,5147,0.033818240377905415,0.12240139887312998
61783.png,DRIP,336,336,5,72,1884.0,17375.0,14112,5147,0.108431654676259,0.3660384690110744
61783.png,Fixed,336,336,5,72,630.0,18629.0,14112,5147,0.033818240377905415,0.12240139887312998
61784.png,DRIP,336,336,5,72,1884.0,17375.0,14112,5147,0.108431654676259,0.3660384690110744
61784.png,Fixed,336,336,5,72,630.0,18629.0,14112,5147,0.033818240377905415,0.12240139887312998
61785.png,DRIP,336,336,5,72,1884.0,17375.0,14112,5147,0.108431654676259,0.3660384690110744
61785.png,Fixed,336,336,5,72,630.0,18629.0,14112,5147,0.033818240377905415,0.12240139887312998
61786.png,DRIP,336,336,5,72,1884.0,17375.0,14112,5147,0.108431654676259,0.3660384690110744
61786.png,Fixed,336,336,5,72,630.0,18629.0,14112,5147,0.033818240377905415,0.12240139887312998
61788.png,DRIP,336,336,5,72,1884.0,17375.0,14112,5147,0.108431654676259,0.3660384690110744
61788.png,Fixed,336,336,5,72,630.0,18629.0,14112,5147,0.033818240377905415,0.12240139887312998
61789.png,DRIP,336,336,3,72,5668.0,35603.0,14112,27159,0.15920006741004972,0.20869693287676278
61789.png,Fixed,336,336,3,72,2688.0,38583.0,14112,27159,0.06966798849234118,0.09897271622666519
61791.png,DRIP,336,336,3,72,5668.0,35603.0,14112,27159,0.15920006741004972,0.20869693287676278
61791.png,Fixed,336,336,3,72,2688.0,38583.0,14112,27159,0.06966798849234118,0.09897271622666519
61794.png,DRIP,336,336,3,72,5668.0,35603.0,14112,27159,0.15920006741004972,0.20869693287676278
61794.png,Fixed,336,336,3,72,2688.0,38583.0,14112,27159,0.06966798849234118,0.09897271622666519
61926.png,DRIP,336,336,31,73,2977.0,26953.0,14308,15622,0.11045152673171818,0.19056458840097298
61926.png,Fixed,336,336,31,72,2351.0,27383.0,14112,15622,0.08585618814592996,0.15049289463577006
61927.png,DRIP,336,336,31,73,2977.0,26953.0,14308,15622,0.11045152673171818,0.19056458840097298
61927.png,Fixed,336,336,31,72,2351.0,27383.0,14112,15622,0.08585618814592996,0.15049289463577006
61929.png,DRIP,336,336,31,73,2977.0,26953.0,14308,15622,0.11045152673171818,0.19056458840097298
61929.png,Fixed,336,336,31,72,2351.0,27383.0,14112,15622,0.08585618814592996,0.15049289463577006
6193.png,DRIP,336,336,42,73,5878.0,46027.0,14308,37597,0.12770764985769223,0.15634226135063967
6193.png,Fixed,336,336,42,72,4339.0,47370.0,14112,37597,0.09159805784251636,0.1154081442668298
61931.png,DRIP,336,336,31,73,2977.0,26953.0,14308,15622,0.11045152673171818,0.19056458840097298
61931.png,Fixed,336,336,31,72,2351.0,27383.0,14112,15622,0.08585618814592996,0.15049289463577006
61932.png,DRIP,336,336,31,73,2977.0,26953.0,14308,15622,0.11045152673171818,0.19056458840097298
61932.png,Fixed,336,336,31,72,2351.0,27383.0,14112,15622,0.08585618814592996,0.15049289463577006
61934.png,DRIP,336,336,31,73,2977.0,26953.0,14308,15622,0.11045152673171818,0.19056458840097298
61934.png,Fixed,336,336,31,72,2351.0,27383.0,14112,15622,0.08585618814592996,0.15049289463577006
61937.png,DRIP,336,336,31,73,2977.0,26953.0,14308,15622,0.11045152673171818,0.19056458840097298
61937.png,Fixed,336,336,31,72,2351.0,27383.0,14112,15622,0.08585618814592996,0.15049289463577006
6194.png,DRIP,336,336,42,73,5878.0,46027.0,14308,37597,0.12770764985769223,0.15634226135063967
6194.png,Fixed,336,336,42,72,4339.0,47370.0,14112,37597,0.09159805784251636,0.1154081442668298
6196.png,DRIP,336,336,42,73,5878.0,46027.0,14308,37597,0.12770764985769223,0.15634226135063967
6196.png,Fixed,336,336,42,72,4339.0,47370.0,14112,37597,0.09159805784251636,0.1154081442668298
61972.png,DRIP,336,336,1,72,616.0,16255.0,14112,2759,0.03789603199015688,0.2232693004711852
61972.png,Fixed,336,336,1,72,434.0,16437.0,14112,2759,0.026403844983877836,0.15730337078651685
61978.png,DRIP,336,336,1,72,616.0,16255.0,14112,2759,0.03789603199015688,0.2232693004711852
61978.png,Fixed,336,336,1,72,434.0,16437.0,14112,2759,0.026403844983877836,0.15730337078651685
6198.png,DRIP,336,336,42,73,5878.0,46027.0,14308,37597,0.12770764985769223,0.15634226135063967
6198.png,Fixed,336,336,42,72,4339.0,47370.0,14112,37597,0.09159805784251636,0.1154081442668298
61981.png,DRIP,336,336,1,72,616.0,16255.0,14112,2759,0.03789603199015688,0.2232693004711852
61981.png,Fixed,336,336,1,72,434.0,16437.0,14112,2759,0.026403844983877836,0.15730337078651685
61983.png,DRIP,336,336,1,72,616.0,16255.0,14112,2759,0.03789603199015688,0.2232693004711852
61983.png,Fixed,336,336,1,72,434.0,16437.0,14112,2759,0.026403844983877836,0.15730337078651685
61985.png,DRIP,336,336,1,72,616.0,16255.0,14112,2759,0.03789603199015688,0.2232693004711852
61985.png,Fixed,336,336,1,72,434.0,16437.0,14112,2759,0.026403844983877836,0.15730337078651685
62000.png,DRIP,336,336,1,72,616.0,16255.0,14112,2759,0.03789603199015688,0.2232693004711852
62000.png,Fixed,336,336,1,72,434.0,16437.0,14112,2759,0.026403844983877836,0.15730337078651685
62001.png,DRIP,336,336,19,72,4142.0,24100.0,14112,14130,0.17186721991701245,0.2931351733899505
62001.png,Fixed,336,336,19,72,2193.0,26049.0,14112,14130,0.08418749280202695,0.15520169851380042
62005.png,DRIP,336,336,19,72,4142.0,24100.0,14112,14130,0.17186721991701245,0.2931351733899505
62005.png,Fixed,336,336,19,72,2193.0,26049.0,14112,14130,0.08418749280202695,0.15520169851380042
6206.png,DRIP,336,336,42,73,5878.0,46027.0,14308,37597,0.12770764985769223,0.15634226135063967
6206.png,Fixed,336,336,42,72,4339.0,47370.0,14112,37597,0.09159805784251636,0.1154081442668298
62074.png,DRIP,336,336,15,73,1938.0,20686.0,14308,8316,0.09368655129072803,0.23304473304473305
62074.png,Fixed,336,336,15,72,451.0,21977.0,14112,8316,0.020521454247622514,0.05423280423280423
62075.png,DRIP,336,336,15,73,1938.0,20686.0,14308,8316,0.09368655129072803,0.23304473304473305
62075.png,Fixed,336,336,15,72,451.0,21977.0,14112,8316,0.020521454247622514,0.05423280423280423
62076.png,DRIP,336,336,15,73,1938.0,20686.0,14308,8316,0.09368655129072803,0.23304473304473305
62076.png,Fixed,336,336,15,72,451.0,21977.0,14112,8316,0.020521454247622514,0.05423280423280423
62077.png,DRIP,336,336,15,73,1938.0,20686.0,14308,8316,0.09368655129072803,0.23304473304473305
62077.png,Fixed,336,336,15,72,451.0,21977.0,14112,8316,0.020521454247622514,0.05423280423280423
62079.png,DRIP,336,336,15,73,1938.0,20686.0,14308,8316,0.09368655129072803,0.23304473304473305
62079.png,Fixed,336,336,15,72,451.0,21977.0,14112,8316,0.020521454247622514,0.05423280423280423
6208.png,DRIP,336,336,42,73,5878.0,46027.0,14308,37597,0.12770764985769223,0.15634226135063967
6208.png,Fixed,336,336,42,72,4339.0,47370.0,14112,37597,0.09159805784251636,0.1154081442668298
62091.png,DRIP,336,336,19,72,1214.0,20392.0,14112,7494,0.059533150255001964,0.16199626367760875
62091.png,Fixed,336,336,19,72,1349.0,20257.0,14112,7494,0.06659426371130966,0.18001067520683214
62092.png,DRIP,336,336,19,72,1214.0,20392.0,14112,7494,0.059533150255001964,0.16199626367760875
62092.png,Fixed,336,336,19,72,1349.0,20257.0,14112,7494,0.06659426371130966,0.18001067520683214
62093.png,DRIP,336,336,19,72,1214.0,20392.0,14112,7494,0.059533150255001964,0.16199626367760875
62093.png,Fixed,336,336,19,72,1349.0,20257.0,14112,7494,0.06659426371130966,0.18001067520683214
62094.png,DRIP,336,336,19,72,1214.0,20392.0,14112,7494,0.059533150255001964,0.16199626367760875
62094.png,Fixed,336,336,19,72,1349.0,20257.0,14112,7494,0.06659426371130966,0.18001067520683214
62096.png,DRIP,336,336,19,72,1214.0,20392.0,14112,7494,0.059533150255001964,0.16199626367760875
62096.png,Fixed,336,336,19,72,1349.0,20257.0,14112,7494,0.06659426371130966,0.18001067520683214
62097.png,DRIP,336,336,110,72,6650.0,62947.0,14112,55485,0.1056444310292786,0.11985221230963324
62097.png,Fixed,336,336,110,72,7354.0,62243.0,14112,55485,0.11814983210963483,0.13254032621429215
62098.png,DRIP,336,336,110,72,6650.0,62947.0,14112,55485,0.1056444310292786,0.11985221230963324
62098.png,Fixed,336,336,110,72,7354.0,62243.0,14112,55485,0.11814983210963483,0.13254032621429215
62099.png,DRIP,336,336,110,72,6650.0,62947.0,14112,55485,0.1056444310292786,0.11985221230963324
62099.png,Fixed,336,336,110,72,7354.0,62243.0,14112,55485,0.11814983210963483,0.13254032621429215
62102.png,DRIP,336,336,110,72,6650.0,62947.0,14112,55485,0.1056444310292786,0.11985221230963324
62102.png,Fixed,336,336,110,72,7354.0,62243.0,14112,55485,0.11814983210963483,0.13254032621429215
62110.png,DRIP,336,336,110,72,6650.0,62947.0,14112,55485,0.1056444310292786,0.11985221230963324
62110.png,Fixed,336,336,110,72,7354.0,62243.0,14112,55485,0.11814983210963483,0.13254032621429215
62118.png,DRIP,336,336,21,73,4415.0,26077.0,14308,16184,0.16930628523219696,0.27280029658922395
62118.png,Fixed,336,336,21,72,1521.0,28775.0,14112,16184,0.05285838401390096,0.0939817103311913
62126.png,DRIP,336,336,52,72,6109.0,39558.0,14112,31555,0.15443146771828709,0.19359847884645856
62126.png,Fixed,336,336,52,72,3679.0,41988.0,14112,31555,0.08762027245879775,0.11659008081128189
62129.png,DRIP,336,336,52,72,6109.0,39558.0,14112,31555,0.15443146771828709,0.19359847884645856
62129.png,Fixed,336,336,52,72,3679.0,41988.0,14112,31555,0.08762027245879775,0.11659008081128189
62130.png,DRIP,336,336,52,72,6109.0,39558.0,14112,31555,0.15443146771828709,0.19359847884645856
62130.png,Fixed,336,336,52,72,3679.0,41988.0,14112,31555,0.08762027245879775,0.11659008081128189
62131.png,DRIP,336,336,52,72,6109.0,39558.0,14112,31555,0.15443146771828709,0.19359847884645856
62131.png,Fixed,336,336,52,72,3679.0,41988.0,14112,31555,0.08762027245879775,0.11659008081128189
62132.png,DRIP,336,336,3,73,1058.0,14601.0,14308,1351,0.07246079035682487,0.7831236121391562
62132.png,Fixed,336,336,3,72,266.0,15197.0,14112,1351,0.017503454629203132,0.19689119170984457
62133.png,DRIP,336,336,3,73,1058.0,14601.0,14308,1351,0.07246079035682487,0.7831236121391562
62133.png,Fixed,336,336,3,72,266.0,15197.0,14112,1351,0.017503454629203132,0.19689119170984457
62134.png,DRIP,336,336,3,73,1058.0,14601.0,14308,1351,0.07246079035682487,0.7831236121391562
62134.png,Fixed,336,336,3,72,266.0,15197.0,14112,1351,0.017503454629203132,0.19689119170984457
62135.png,DRIP,336,336,3,73,1058.0,14601.0,14308,1351,0.07246079035682487,0.7831236121391562
62135.png,Fixed,336,336,3,72,266.0,15197.0,14112,1351,0.017503454629203132,0.19689119170984457
62136.png,DRIP,336,336,3,73,1058.0,14601.0,14308,1351,0.07246079035682487,0.7831236121391562
62136.png,Fixed,336,336,3,72,266.0,15197.0,14112,1351,0.017503454629203132,0.19689119170984457
62137.png,DRIP,336,336,3,73,1058.0,14601.0,14308,1351,0.07246079035682487,0.7831236121391562
62137.png,Fixed,336,336,3,72,266.0,15197.0,14112,1351,0.017503454629203132,0.19689119170984457
62138.png,DRIP,336,336,3,73,1058.0,14601.0,14308,1351,0.07246079035682487,0.7831236121391562
62138.png,Fixed,336,336,3,72,266.0,15197.0,14112,1351,0.017503454629203132,0.19689119170984457
62139.png,DRIP,336,336,3,73,1058.0,14601.0,14308,1351,0.07246079035682487,0.7831236121391562
62139.png,Fixed,336,336,3,72,266.0,15197.0,14112,1351,0.017503454629203132,0.19689119170984457
62271.png,DRIP,336,336,13,73,4915.0,22350.0,14308,12957,0.21991051454138702,0.3793316354094312
62271.png,Fixed,336,336,13,72,1820.0,25249.0,14112,12957,0.07208206265594677,0.14046461372231225
62274.png,DRIP,336,336,13,73,4915.0,22350.0,14308,12957,0.21991051454138702,0.3793316354094312
62274.png,Fixed,336,336,13,72,1820.0,25249.0,14112,12957,0.07208206265594677,0.14046461372231225
62276.png,DRIP,336,336,13,73,4915.0,22350.0,14308,12957,0.21991051454138702,0.3793316354094312
62276.png,Fixed,336,336,13,72,1820.0,25249.0,14112,12957,0.07208206265594677,0.14046461372231225
62279.png,DRIP,336,336,13,73,4915.0,22350.0,14308,12957,0.21991051454138702,0.3793316354094312
62279.png,Fixed,336,336,13,72,1820.0,25249.0,14112,12957,0.07208206265594677,0.14046461372231225
62280.png,DRIP,336,336,13,73,4915.0,22350.0,14308,12957,0.21991051454138702,0.3793316354094312
62280.png,Fixed,336,336,13,72,1820.0,25249.0,14112,12957,0.07208206265594677,0.14046461372231225
62282.png,DRIP,336,336,13,73,4915.0,22350.0,14308,12957,0.21991051454138702,0.3793316354094312
62282.png,Fixed,336,336,13,72,1820.0,25249.0,14112,12957,0.07208206265594677,0.14046461372231225
62284.png,DRIP,336,336,13,73,4915.0,22350.0,14308,12957,0.21991051454138702,0.3793316354094312
62284.png,Fixed,336,336,13,72,1820.0,25249.0,14112,12957,0.07208206265594677,0.14046461372231225
62293.png,DRIP,336,336,35,72,4949.0,42964.0,14112,33801,0.11518946094404618,0.14641578651519185
62293.png,Fixed,336,336,35,72,4330.0,43583.0,14112,33801,0.09935066424982218,0.12810271885447175
62294.png,DRIP,336,336,35,72,4949.0,42964.0,14112,33801,0.11518946094404618,0.14641578651519185
62294.png,Fixed,336,336,35,72,4330.0,43583.0,14112,33801,0.09935066424982218,0.12810271885447175
62299.png,DRIP,336,336,35,72,4949.0,42964.0,14112,33801,0.11518946094404618,0.14641578651519185
62299.png,Fixed,336,336,35,72,4330.0,43583.0,14112,33801,0.09935066424982218,0.12810271885447175
62304.png,DRIP,336,336,35,72,4949.0,42964.0,14112,33801,0.11518946094404618,0.14641578651519185
62304.png,Fixed,336,336,35,72,4330.0,43583.0,14112,33801,0.09935066424982218,0.12810271885447175
62316.png,DRIP,336,336,33,72,6746.0,38952.0,14112,31586,0.17318751283631137,0.21357563477490027
62316.png,Fixed,336,336,33,72,4071.0,41627.0,14112,31586,0.0977971028419055,0.12888621541189135
62318.png,DRIP,336,336,31,72,6511.0,32208.0,14112,24607,0.20215474416294088,0.2645995042061202
62318.png,Fixed,336,336,31,72,2379.0,36340.0,14112,24607,0.0654650522839846,0.0966798065591092
62319.png,DRIP,336,336,31,72,6511.0,32208.0,14112,24607,0.20215474416294088,0.2645995042061202
62319.png,Fixed,336,336,31,72,2379.0,36340.0,14112,24607,0.0654650522839846,0.0966798065591092
62320.png,DRIP,336,336,33,72,6746.0,38952.0,14112,31586,0.17318751283631137,0.21357563477490027
62320.png,Fixed,336,336,33,72,4071.0,41627.0,14112,31586,0.0977971028419055,0.12888621541189135
62321.png,DRIP,336,336,31,72,6511.0,32208.0,14112,24607,0.20215474416294088,0.2645995042061202
62321.png,Fixed,336,336,31,72,2379.0,36340.0,14112,24607,0.0654650522839846,0.0966798065591092
62322.png,DRIP,336,336,33,72,6746.0,38952.0,14112,31586,0.17318751283631137,0.21357563477490027
62322.png,Fixed,336,336,33,72,4071.0,41627.0,14112,31586,0.0977971028419055,0.12888621541189135
62323.png,DRIP,336,336,31,72,6511.0,32208.0,14112,24607,0.20215474416294088,0.2645995042061202
62323.png,Fixed,336,336,31,72,2379.0,36340.0,14112,24607,0.0654650522839846,0.0966798065591092
62324.png,DRIP,336,336,31,72,6511.0,32208.0,14112,24607,0.20215474416294088,0.2645995042061202
62324.png,Fixed,336,336,31,72,2379.0,36340.0,14112,24607,0.0654650522839846,0.0966798065591092
62325.png,DRIP,336,336,9,73,3017.0,21820.0,14308,10529,0.13826764436296976,0.2865419318073891
62325.png,Fixed,336,336,9,72,1372.0,23269.0,14112,10529,0.0589625682238171,0.13030677177319783
62328.png,DRIP,336,336,9,73,3017.0,21820.0,14308,10529,0.13826764436296976,0.2865419318073891
62328.png,Fixed,336,336,9,72,1372.0,23269.0,14112,10529,0.0589625682238171,0.13030677177319783
62329.png,DRIP,336,336,7,72,2415.0,18966.0,14112,7269,0.1273331224296109,0.3322327692942633
62329.png,Fixed,336,336,7,72,1702.0,19679.0,14112,7269,0.0864881345596829,0.23414499931214747
62330.png,DRIP,336,336,33,72,6746.0,38952.0,14112,31586,0.17318751283631137,0.21357563477490027
62330.png,Fixed,336,336,33,72,4071.0,41627.0,14112,31586,0.0977971028419055,0.12888621541189135
62331.png,DRIP,336,336,7,72,2415.0,18966.0,14112,7269,0.1273331224296109,0.3322327692942633
62331.png,Fixed,336,336,7,72,1702.0,19679.0,14112,7269,0.0864881345596829,0.23414499931214747
62332.png,DRIP,336,336,21,72,4639.0,30779.0,14112,21306,0.15071964651223235,0.21773209424575238
62332.png,Fixed,336,336,21,72,2938.0,32480.0,14112,21306,0.09045566502463054,0.1378954285177884
62333.png,DRIP,336,336,7,72,2415.0,18966.0,14112,7269,0.1273331224296109,0.3322327692942633
62333.png,Fixed,336,336,7,72,1702.0,19679.0,14112,7269,0.0864881345596829,0.23414499931214747
62334.png,DRIP,336,336,21,72,4639.0,30779.0,14112,21306,0.15071964651223235,0.21773209424575238
62334.png,Fixed,336,336,21,72,2938.0,32480.0,14112,21306,0.09045566502463054,0.1378954285177884
62335.png,DRIP,336,336,7,72,2415.0,18966.0,14112,7269,0.1273331224296109,0.3322327692942633
62335.png,Fixed,336,336,7,72,1702.0,19679.0,14112,7269,0.0864881345596829,0.23414499931214747
62336.png,DRIP,336,336,21,72,4639.0,30779.0,14112,21306,0.15071964651223235,0.21773209424575238
62336.png,Fixed,336,336,21,72,2938.0,32480.0,14112,21306,0.09045566502463054,0.1378954285177884
62340.png,DRIP,336,336,21,72,4639.0,30779.0,14112,21306,0.15071964651223235,0.21773209424575238
62340.png,Fixed,336,336,21,72,2938.0,32480.0,14112,21306,0.09045566502463054,0.1378954285177884
62342.png,DRIP,336,336,21,72,4639.0,30779.0,14112,21306,0.15071964651223235,0.21773209424575238
62342.png,Fixed,336,336,21,72,2938.0,32480.0,14112,21306,0.09045566502463054,0.1378954285177884
62349.png,DRIP,336,336,21,72,4639.0,30779.0,14112,21306,0.15071964651223235,0.21773209424575238
62349.png,Fixed,336,336,21,72,2938.0,32480.0,14112,21306,0.09045566502463054,0.1378954285177884
62351.png,DRIP,336,336,21,72,4639.0,30779.0,14112,21306,0.15071964651223235,0.21773209424575238
62351.png,Fixed,336,336,21,72,2938.0,32480.0,14112,21306,0.09045566502463054,0.1378954285177884
62353.png,DRIP,336,336,11,72,834.0,17503.0,14112,4225,0.04764897446152088,0.19739644970414202
62353.png,Fixed,336,336,11,72,688.0,17649.0,14112,4225,0.038982378605020115,0.16284023668639053
62354.png,DRIP,336,336,11,72,834.0,17503.0,14112,4225,0.04764897446152088,0.19739644970414202
62354.png,Fixed,336,336,11,72,688.0,17649.0,14112,4225,0.038982378605020115,0.16284023668639053
62355.png,DRIP,336,336,11,72,834.0,17503.0,14112,4225,0.04764897446152088,0.19739644970414202
62355.png,Fixed,336,336,11,72,688.0,17649.0,14112,4225,0.038982378605020115,0.16284023668639053
62356.png,DRIP,336,336,11,72,834.0,17503.0,14112,4225,0.04764897446152088,0.19739644970414202
62356.png,Fixed,336,336,11,72,688.0,17649.0,14112,4225,0.038982378605020115,0.16284023668639053
62357.png,DRIP,336,336,11,72,834.0,17503.0,14112,4225,0.04764897446152088,0.19739644970414202
62357.png,Fixed,336,336,11,72,688.0,17649.0,14112,4225,0.038982378605020115,0.16284023668639053
62358.png,DRIP,336,336,0,72,,,14112,0,,
62358.png,Fixed,336,336,0,72,,,14112,0,,
62375.png,DRIP,336,336,3,72,1895.0,16305.0,14112,4088,0.11622201778595523,0.4635518590998043
62375.png,Fixed,336,336,3,72,252.0,17948.0,14112,4088,0.014040561622464899,0.06164383561643835
62376.png,DRIP,336,336,3,72,1895.0,16305.0,14112,4088,0.11622201778595523,0.4635518590998043
62376.png,Fixed,336,336,3,72,252.0,17948.0,14112,4088,0.014040561622464899,0.06164383561643835
62377.png,DRIP,336,336,3,72,1895.0,16305.0,14112,4088,0.11622201778595523,0.4635518590998043
62377.png,Fixed,336,336,3,72,252.0,17948.0,14112,4088,0.014040561622464899,0.06164383561643835
62386.png,DRIP,336,336,28,72,2721.0,26926.0,14112,15535,0.10105474262794326,0.17515288059221112
62386.png,Fixed,336,336,28,72,1993.0,27654.0,14112,15535,0.07206914008823316,0.12829095590601866
62387.png,DRIP,336,336,28,72,2721.0,26926.0,14112,15535,0.10105474262794326,0.17515288059221112
62387.png,Fixed,336,336,28,72,1993.0,27654.0,14112,15535,0.07206914008823316,0.12829095590601866
62388.png,DRIP,336,336,28,72,2721.0,26926.0,14112,15535,0.10105474262794326,0.17515288059221112
62388.png,Fixed,336,336,28,72,1993.0,27654.0,14112,15535,0.07206914008823316,0.12829095590601866
62389.png,DRIP,336,336,28,72,2721.0,26926.0,14112,15535,0.10105474262794326,0.17515288059221112
62389.png,Fixed,336,336,28,72,1993.0,27654.0,14112,15535,0.07206914008823316,0.12829095590601866
62390.png,DRIP,336,336,28,72,2721.0,26926.0,14112,15535,0.10105474262794326,0.17515288059221112
62390.png,Fixed,336,336,28,72,1993.0,27654.0,14112,15535,0.07206914008823316,0.12829095590601866
62391.png,DRIP,336,336,28,72,2721.0,26926.0,14112,15535,0.10105474262794326,0.17515288059221112
62391.png,Fixed,336,336,28,72,1993.0,27654.0,14112,15535,0.07206914008823316,0.12829095590601866
62392.png,DRIP,336,336,28,72,2721.0,26926.0,14112,15535,0.10105474262794326,0.17515288059221112
62392.png,Fixed,336,336,28,72,1993.0,27654.0,14112,15535,0.07206914008823316,0.12829095590601866
62401.png,DRIP,336,336,2,72,518.0,15008.0,14112,1414,0.03451492537313433,0.36633663366336633
62401.png,Fixed,336,336,2,72,126.0,15400.0,14112,1414,0.008181818181818182,0.0891089108910891
62404.png,DRIP,336,336,2,72,518.0,15008.0,14112,1414,0.03451492537313433,0.36633663366336633
62404.png,Fixed,336,336,2,72,126.0,15400.0,14112,1414,0.008181818181818182,0.0891089108910891
62406.png,DRIP,336,336,2,72,518.0,15008.0,14112,1414,0.03451492537313433,0.36633663366336633
62406.png,Fixed,336,336,2,72,126.0,15400.0,14112,1414,0.008181818181818182,0.0891089108910891
62408.png,DRIP,336,336,2,72,518.0,15008.0,14112,1414,0.03451492537313433,0.36633663366336633
62408.png,Fixed,336,336,2,72,126.0,15400.0,14112,1414,0.008181818181818182,0.0891089108910891
62409.png,DRIP,336,336,2,72,518.0,15008.0,14112,1414,0.03451492537313433,0.36633663366336633
62409.png,Fixed,336,336,2,72,126.0,15400.0,14112,1414,0.008181818181818182,0.0891089108910891
62413.png,DRIP,336,336,2,72,518.0,15008.0,14112,1414,0.03451492537313433,0.36633663366336633
62413.png,Fixed,336,336,2,72,126.0,15400.0,14112,1414,0.008181818181818182,0.0891089108910891
62416.png,DRIP,336,336,2,72,518.0,15008.0,14112,1414,0.03451492537313433,0.36633663366336633
62416.png,Fixed,336,336,2,72,126.0,15400.0,14112,1414,0.008181818181818182,0.0891089108910891
62469.png,DRIP,336,336,12,72,3091.0,29237.0,14112,18216,0.1057222013202449,0.16968599033816426
62469.png,Fixed,336,336,12,72,2386.0,29942.0,14112,18216,0.07968739563155434,0.13098375054896794
62471.png,DRIP,336,336,12,72,3091.0,29237.0,14112,18216,0.1057222013202449,0.16968599033816426
62471.png,Fixed,336,336,12,72,2386.0,29942.0,14112,18216,0.07968739563155434,0.13098375054896794
62472.png,DRIP,336,336,12,72,3091.0,29237.0,14112,18216,0.1057222013202449,0.16968599033816426
62472.png,Fixed,336,336,12,72,2386.0,29942.0,14112,18216,0.07968739563155434,0.13098375054896794
62473.png,DRIP,336,336,12,72,3091.0,29237.0,14112,18216,0.1057222013202449,0.16968599033816426
62473.png,Fixed,336,336,12,72,2386.0,29942.0,14112,18216,0.07968739563155434,0.13098375054896794
62474.png,DRIP,336,336,12,72,3091.0,29237.0,14112,18216,0.1057222013202449,0.16968599033816426
62474.png,Fixed,336,336,12,72,2386.0,29942.0,14112,18216,0.07968739563155434,0.13098375054896794
62475.png,DRIP,336,336,12,72,3091.0,29237.0,14112,18216,0.1057222013202449,0.16968599033816426
62475.png,Fixed,336,336,12,72,2386.0,29942.0,14112,18216,0.07968739563155434,0.13098375054896794
62476.png,DRIP,336,336,12,72,3091.0,29237.0,14112,18216,0.1057222013202449,0.16968599033816426
62476.png,Fixed,336,336,12,72,2386.0,29942.0,14112,18216,0.07968739563155434,0.13098375054896794
62477.png,DRIP,336,336,12,72,3091.0,29237.0,14112,18216,0.1057222013202449,0.16968599033816426
62477.png,Fixed,336,336,12,72,2386.0,29942.0,14112,18216,0.07968739563155434,0.13098375054896794
62478.png,DRIP,336,336,12,72,3091.0,29237.0,14112,18216,0.1057222013202449,0.16968599033816426
62478.png,Fixed,336,336,12,72,2386.0,29942.0,14112,18216,0.07968739563155434,0.13098375054896794
62498.png,DRIP,336,336,16,72,2408.0,29307.0,14112,17603,0.08216467055652234,0.13679486451173095
62498.png,Fixed,336,336,16,72,2108.0,29607.0,14112,17603,0.07119937852534873,0.11975231494631597
62499.png,DRIP,336,336,16,72,2408.0,29307.0,14112,17603,0.08216467055652234,0.13679486451173095
62499.png,Fixed,336,336,16,72,2108.0,29607.0,14112,17603,0.07119937852534873,0.11975231494631597
62500.png,DRIP,336,336,16,72,2408.0,29307.0,14112,17603,0.08216467055652234,0.13679486451173095
62500.png,Fixed,336,336,16,72,2108.0,29607.0,14112,17603,0.07119937852534873,0.11975231494631597
62501.png,DRIP,336,336,16,72,2408.0,29307.0,14112,17603,0.08216467055652234,0.13679486451173095
62501.png,Fixed,336,336,16,72,2108.0,29607.0,14112,17603,0.07119937852534873,0.11975231494631597
62502.png,DRIP,336,336,16,72,2408.0,29307.0,14112,17603,0.08216467055652234,0.13679486451173095
62502.png,Fixed,336,336,16,72,2108.0,29607.0,14112,17603,0.07119937852534873,0.11975231494631597
62503.png,DRIP,336,336,16,72,2408.0,29307.0,14112,17603,0.08216467055652234,0.13679486451173095
62503.png,Fixed,336,336,16,72,2108.0,29607.0,14112,17603,0.07119937852534873,0.11975231494631597
62504.png,DRIP,336,336,16,72,2408.0,29307.0,14112,17603,0.08216467055652234,0.13679486451173095
62504.png,Fixed,336,336,16,72,2108.0,29607.0,14112,17603,0.07119937852534873,0.11975231494631597
62505.png,DRIP,336,336,16,72,2408.0,29307.0,14112,17603,0.08216467055652234,0.13679486451173095
62505.png,Fixed,336,336,16,72,2108.0,29607.0,14112,17603,0.07119937852534873,0.11975231494631597
62506.png,DRIP,336,336,38,73,7140.0,44956.0,14308,37788,0.15882195924904352,0.18894887265798666
62506.png,Fixed,336,336,38,72,3781.0,48119.0,14112,37788,0.07857603025831791,0.10005821954059489
62507.png,DRIP,336,336,38,73,7140.0,44956.0,14308,37788,0.15882195924904352,0.18894887265798666
62507.png,Fixed,336,336,38,72,3781.0,48119.0,14112,37788,0.07857603025831791,0.10005821954059489
62508.png,DRIP,336,336,38,73,7140.0,44956.0,14308,37788,0.15882195924904352,0.18894887265798666
62508.png,Fixed,336,336,38,72,3781.0,48119.0,14112,37788,0.07857603025831791,0.10005821954059489
62509.png,DRIP,336,336,38,73,7140.0,44956.0,14308,37788,0.15882195924904352,0.18894887265798666
62509.png,Fixed,336,336,38,72,3781.0,48119.0,14112,37788,0.07857603025831791,0.10005821954059489
62510.png,DRIP,336,336,38,73,7140.0,44956.0,14308,37788,0.15882195924904352,0.18894887265798666
62510.png,Fixed,336,336,38,72,3781.0,48119.0,14112,37788,0.07857603025831791,0.10005821954059489
62511.png,DRIP,336,336,38,73,7140.0,44956.0,14308,37788,0.15882195924904352,0.18894887265798666
62511.png,Fixed,336,336,38,72,3781.0,48119.0,14112,37788,0.07857603025831791,0.10005821954059489
62513.png,DRIP,336,336,27,72,4704.0,26007.0,14112,16599,0.18087437997462222,0.2833905656967287
62513.png,Fixed,336,336,27,72,1934.0,28777.0,14112,16599,0.06720644959516281,0.11651304295439484
62514.png,DRIP,336,336,27,72,4704.0,26007.0,14112,16599,0.18087437997462222,0.2833905656967287
62514.png,Fixed,336,336,27,72,1934.0,28777.0,14112,16599,0.06720644959516281,0.11651304295439484
62515.png,DRIP,336,336,27,72,4704.0,26007.0,14112,16599,0.18087437997462222,0.2833905656967287
62515.png,Fixed,336,336,27,72,1934.0,28777.0,14112,16599,0.06720644959516281,0.11651304295439484
62517.png,DRIP,336,336,27,72,4704.0,26007.0,14112,16599,0.18087437997462222,0.2833905656967287
62517.png,Fixed,336,336,27,72,1934.0,28777.0,14112,16599,0.06720644959516281,0.11651304295439484
62522.png,DRIP,336,336,37,72,5631.0,60676.0,14112,52195,0.0928044037181093,0.10788389692499281
62522.png,Fixed,336,336,37,72,6189.0,60118.0,14112,52195,0.10294753651152733,0.11857457610882269
62523.png,DRIP,336,336,37,72,5631.0,60676.0,14112,52195,0.0928044037181093,0.10788389692499281
62523.png,Fixed,336,336,37,72,6189.0,60118.0,14112,52195,0.10294753651152733,0.11857457610882269
62524.png,DRIP,336,336,37,72,5631.0,60676.0,14112,52195,0.0928044037181093,0.10788389692499281
62524.png,Fixed,336,336,37,72,6189.0,60118.0,14112,52195,0.10294753651152733,0.11857457610882269
62525.png,DRIP,336,336,37,72,5631.0,60676.0,14112,52195,0.0928044037181093,0.10788389692499281
62525.png,Fixed,336,336,37,72,6189.0,60118.0,14112,52195,0.10294753651152733,0.11857457610882269
62526.png,DRIP,336,336,37,72,5631.0,60676.0,14112,52195,0.0928044037181093,0.10788389692499281
62526.png,Fixed,336,336,37,72,6189.0,60118.0,14112,52195,0.10294753651152733,0.11857457610882269
62527.png,DRIP,336,336,37,72,5631.0,60676.0,14112,52195,0.0928044037181093,0.10788389692499281
62527.png,Fixed,336,336,37,72,6189.0,60118.0,14112,52195,0.10294753651152733,0.11857457610882269
62528.png,DRIP,336,336,37,72,5631.0,60676.0,14112,52195,0.0928044037181093,0.10788389692499281
62528.png,Fixed,336,336,37,72,6189.0,60118.0,14112,52195,0.10294753651152733,0.11857457610882269
62533.png,DRIP,336,336,16,72,7831.0,31121.0,14112,24840,0.2516307316602937,0.3152576489533011
62533.png,Fixed,336,336,16,72,2803.0,36149.0,14112,24840,0.07754018091786771,0.11284219001610306
62535.png,DRIP,336,336,16,72,7831.0,31121.0,14112,24840,0.2516307316602937,0.3152576489533011
62535.png,Fixed,336,336,16,72,2803.0,36149.0,14112,24840,0.07754018091786771,0.11284219001610306
62536.png,DRIP,336,336,16,72,7831.0,31121.0,14112,24840,0.2516307316602937,0.3152576489533011
62536.png,Fixed,336,336,16,72,2803.0,36149.0,14112,24840,0.07754018091786771,0.11284219001610306
62538.png,DRIP,336,336,16,72,7831.0,31121.0,14112,24840,0.2516307316602937,0.3152576489533011
62538.png,Fixed,336,336,16,72,2803.0,36149.0,14112,24840,0.07754018091786771,0.11284219001610306
62539.png,DRIP,336,336,16,72,7831.0,31121.0,14112,24840,0.2516307316602937,0.3152576489533011
62539.png,Fixed,336,336,16,72,2803.0,36149.0,14112,24840,0.07754018091786771,0.11284219001610306
62541.png,DRIP,336,336,16,72,7831.0,31121.0,14112,24840,0.2516307316602937,0.3152576489533011
62541.png,Fixed,336,336,16,72,2803.0,36149.0,14112,24840,0.07754018091786771,0.11284219001610306
62645.png,DRIP,336,336,54,72,5137.0,43310.0,14112,34335,0.11861002078042023,0.14961409640308723
62645.png,Fixed,336,336,54,72,4375.0,44072.0,14112,34335,0.09926937738246505,0.127420998980632
62646.png,DRIP,336,336,54,72,5137.0,43310.0,14112,34335,0.11861002078042023,0.14961409640308723
62646.png,Fixed,336,336,54,72,4375.0,44072.0,14112,34335,0.09926937738246505,0.127420998980632
62648.png,DRIP,336,336,54,72,5137.0,43310.0,14112,34335,0.11861002078042023,0.14961409640308723
62648.png,Fixed,336,336,54,72,4375.0,44072.0,14112,34335,0.09926937738246505,0.127420998980632
62649.png,DRIP,336,336,54,72,5137.0,43310.0,14112,34335,0.11861002078042023,0.14961409640308723
62649.png,Fixed,336,336,54,72,4375.0,44072.0,14112,34335,0.09926937738246505,0.127420998980632
62650.png,DRIP,336,336,54,72,5137.0,43310.0,14112,34335,0.11861002078042023,0.14961409640308723
62650.png,Fixed,336,336,54,72,4375.0,44072.0,14112,34335,0.09926937738246505,0.127420998980632
62757.png,DRIP,336,336,9,72,4943.0,19438.0,14112,10269,0.2542957094351271,0.4813516408608433
62757.png,Fixed,336,336,9,72,924.0,23457.0,14112,10269,0.03939122649955237,0.08997955010224949
62761.png,DRIP,336,336,9,72,4943.0,19438.0,14112,10269,0.2542957094351271,0.4813516408608433
62761.png,Fixed,336,336,9,72,924.0,23457.0,14112,10269,0.03939122649955237,0.08997955010224949
62762.png,DRIP,336,336,9,72,4943.0,19438.0,14112,10269,0.2542957094351271,0.4813516408608433
62762.png,Fixed,336,336,9,72,924.0,23457.0,14112,10269,0.03939122649955237,0.08997955010224949
62768.png,DRIP,336,336,59,72,4424.0,34591.0,14112,24903,0.12789453904194734,0.17764927920330884
62768.png,Fixed,336,336,59,72,2837.0,36178.0,14112,24903,0.0784178229863453,0.11392201742761916
62770.png,DRIP,336,336,9,72,4943.0,19438.0,14112,10269,0.2542957094351271,0.4813516408608433
62770.png,Fixed,336,336,9,72,924.0,23457.0,14112,10269,0.03939122649955237,0.08997955010224949
62771.png,DRIP,336,336,9,72,4943.0,19438.0,14112,10269,0.2542957094351271,0.4813516408608433
62771.png,Fixed,336,336,9,72,924.0,23457.0,14112,10269,0.03939122649955237,0.08997955010224949
62778.png,DRIP,336,336,59,72,4424.0,34591.0,14112,24903,0.12789453904194734,0.17764927920330884
62778.png,Fixed,336,336,59,72,2837.0,36178.0,14112,24903,0.0784178229863453,0.11392201742761916
62793.png,DRIP,336,336,67,72,4310.0,47096.0,14112,37294,0.09151520298963818,0.11556818791226471
62793.png,Fixed,336,336,67,72,4184.0,47222.0,14112,37294,0.08860276989538775,0.11218962835844908
62796.png,DRIP,336,336,67,72,4310.0,47096.0,14112,37294,0.09151520298963818,0.11556818791226471
62796.png,Fixed,336,336,67,72,4184.0,47222.0,14112,37294,0.08860276989538775,0.11218962835844908
62798.png,DRIP,336,336,67,72,4310.0,47096.0,14112,37294,0.09151520298963818,0.11556818791226471
62798.png,Fixed,336,336,67,72,4184.0,47222.0,14112,37294,0.08860276989538775,0.11218962835844908
62799.png,DRIP,336,336,67,72,4310.0,47096.0,14112,37294,0.09151520298963818,0.11556818791226471
62799.png,Fixed,336,336,67,72,4184.0,47222.0,14112,37294,0.08860276989538775,0.11218962835844908
62802.png,DRIP,336,336,67,72,4310.0,47096.0,14112,37294,0.09151520298963818,0.11556818791226471
62802.png,Fixed,336,336,67,72,4184.0,47222.0,14112,37294,0.08860276989538775,0.11218962835844908
62813.png,DRIP,336,336,9,72,7027.0,28988.0,14112,21903,0.2424106526838692,0.32082363146600923
62813.png,Fixed,336,336,9,72,2682.0,33333.0,14112,21903,0.08046080460804608,0.12244897959183673
62818.png,DRIP,336,336,9,72,7027.0,28988.0,14112,21903,0.2424106526838692,0.32082363146600923
62818.png,Fixed,336,336,9,72,2682.0,33333.0,14112,21903,0.08046080460804608,0.12244897959183673
62821.png,DRIP,336,336,9,72,7027.0,28988.0,14112,21903,0.2424106526838692,0.32082363146600923
62821.png,Fixed,336,336,9,72,2682.0,33333.0,14112,21903,0.08046080460804608,0.12244897959183673
62822.png,DRIP,336,336,9,72,7027.0,28988.0,14112,21903,0.2424106526838692,0.32082363146600923
62822.png,Fixed,336,336,9,72,2682.0,33333.0,14112,21903,0.08046080460804608,0.12244897959183673
62823.png,DRIP,336,336,9,72,7027.0,28988.0,14112,21903,0.2424106526838692,0.32082363146600923
62823.png,Fixed,336,336,9,72,2682.0,33333.0,14112,21903,0.08046080460804608,0.12244897959183673
62826.png,DRIP,336,336,36,72,3216.0,29581.0,14112,18685,0.10871843413001589,0.1721166711265721
62826.png,Fixed,336,336,36,72,1661.0,31136.0,14112,18685,0.05334660842754368,0.0888948354294889
62827.png,DRIP,336,336,36,72,3216.0,29581.0,14112,18685,0.10871843413001589,0.1721166711265721
62827.png,Fixed,336,336,36,72,1661.0,31136.0,14112,18685,0.05334660842754368,0.0888948354294889
62828.png,DRIP,336,336,36,72,3216.0,29581.0,14112,18685,0.10871843413001589,0.1721166711265721
62828.png,Fixed,336,336,36,72,1661.0,31136.0,14112,18685,0.05334660842754368,0.0888948354294889
62829.png,DRIP,336,336,36,72,3216.0,29581.0,14112,18685,0.10871843413001589,0.1721166711265721
62829.png,Fixed,336,336,36,72,1661.0,31136.0,14112,18685,0.05334660842754368,0.0888948354294889
62831.png,DRIP,336,336,36,72,3216.0,29581.0,14112,18685,0.10871843413001589,0.1721166711265721
62831.png,Fixed,336,336,36,72,1661.0,31136.0,14112,18685,0.05334660842754368,0.0888948354294889
62840.png,DRIP,336,336,10,73,3051.0,18418.0,14308,7161,0.16565316538169184,0.42605781315458735
62840.png,Fixed,336,336,10,72,805.0,20468.0,14112,7161,0.0393296853625171,0.11241446725317693
62842.png,DRIP,336,336,10,73,3051.0,18418.0,14308,7161,0.16565316538169184,0.42605781315458735
62842.png,Fixed,336,336,10,72,805.0,20468.0,14112,7161,0.0393296853625171,0.11241446725317693
62843.png,DRIP,336,336,5,73,1414.0,15972.0,14308,3078,0.08852992737290258,0.45938921377517866
62843.png,Fixed,336,336,5,72,237.0,16953.0,14112,3078,0.013979826579366484,0.0769980506822612
62844.png,DRIP,336,336,5,73,1414.0,15972.0,14308,3078,0.08852992737290258,0.45938921377517866
62844.png,Fixed,336,336,5,72,237.0,16953.0,14112,3078,0.013979826579366484,0.0769980506822612
62846.png,DRIP,336,336,5,73,1414.0,15972.0,14308,3078,0.08852992737290258,0.45938921377517866
62846.png,Fixed,336,336,5,72,237.0,16953.0,14112,3078,0.013979826579366484,0.0769980506822612
62859.png,DRIP,336,336,23,72,3012.0,21337.0,14112,10237,0.1411632375685429,0.29422682426492136
62859.png,Fixed,336,336,23,72,1090.0,23259.0,14112,10237,0.046863579689582525,0.10647650678909837
62860.png,DRIP,336,336,23,72,3012.0,21337.0,14112,10237,0.1411632375685429,0.29422682426492136
62860.png,Fixed,336,336,23,72,1090.0,23259.0,14112,10237,0.046863579689582525,0.10647650678909837
62861.png,DRIP,336,336,23,72,3012.0,21337.0,14112,10237,0.1411632375685429,0.29422682426492136
62861.png,Fixed,336,336,23,72,1090.0,23259.0,14112,10237,0.046863579689582525,0.10647650678909837
62916.png,DRIP,336,336,1,73,407.0,14308.0,14308,407,0.028445624825272575,1.0
62916.png,Fixed,336,336,1,72,0.0,14519.0,14112,407,0.0,0.0
62917.png,DRIP,336,336,1,73,407.0,14308.0,14308,407,0.028445624825272575,1.0
62917.png,Fixed,336,336,1,72,0.0,14519.0,14112,407,0.0,0.0
62919.png,DRIP,336,336,1,73,407.0,14308.0,14308,407,0.028445624825272575,1.0
62919.png,Fixed,336,336,1,72,0.0,14519.0,14112,407,0.0,0.0
62920.png,DRIP,336,336,1,73,407.0,14308.0,14308,407,0.028445624825272575,1.0
62920.png,Fixed,336,336,1,72,0.0,14519.0,14112,407,0.0,0.0
62922.png,DRIP,336,336,1,73,407.0,14308.0,14308,407,0.028445624825272575,1.0
62922.png,Fixed,336,336,1,72,0.0,14519.0,14112,407,0.0,0.0
62923.png,DRIP,336,336,1,73,407.0,14308.0,14308,407,0.028445624825272575,1.0
62923.png,Fixed,336,336,1,72,0.0,14519.0,14112,407,0.0,0.0
62924.png,DRIP,336,336,1,73,407.0,14308.0,14308,407,0.028445624825272575,1.0
62924.png,Fixed,336,336,1,72,0.0,14519.0,14112,407,0.0,0.0
62932.png,DRIP,336,336,42,73,4807.0,27587.0,14308,18086,0.174248740348715,0.26578569058940615
62932.png,Fixed,336,336,42,72,2902.0,29296.0,14112,18086,0.0990578918623703,0.1604556010173615
62933.png,DRIP,336,336,42,73,4807.0,27587.0,14308,18086,0.174248740348715,0.26578569058940615
62933.png,Fixed,336,336,42,72,2902.0,29296.0,14112,18086,0.0990578918623703,0.1604556010173615
62939.png,DRIP,336,336,42,72,4895.0,30412.0,14112,21195,0.16095620149940812,0.2309506959188488
62939.png,Fixed,336,336,42,72,2933.0,32374.0,14112,21195,0.09059739296966701,0.13838169379570653
62940.png,DRIP,336,336,42,72,4895.0,30412.0,14112,21195,0.16095620149940812,0.2309506959188488
62940.png,Fixed,336,336,42,72,2933.0,32374.0,14112,21195,0.09059739296966701,0.13838169379570653
62941.png,DRIP,336,336,42,72,4895.0,30412.0,14112,21195,0.16095620149940812,0.2309506959188488
62941.png,Fixed,336,336,42,72,2933.0,32374.0,14112,21195,0.09059739296966701,0.13838169379570653
62942.png,DRIP,336,336,42,72,4895.0,30412.0,14112,21195,0.16095620149940812,0.2309506959188488
62942.png,Fixed,336,336,42,72,2933.0,32374.0,14112,21195,0.09059739296966701,0.13838169379570653
62943.png,DRIP,336,336,42,72,4895.0,30412.0,14112,21195,0.16095620149940812,0.2309506959188488
62943.png,Fixed,336,336,42,72,2933.0,32374.0,14112,21195,0.09059739296966701,0.13838169379570653
62944.png,DRIP,336,336,42,72,4895.0,30412.0,14112,21195,0.16095620149940812,0.2309506959188488
62944.png,Fixed,336,336,42,72,2933.0,32374.0,14112,21195,0.09059739296966701,0.13838169379570653
62948.png,DRIP,336,336,9,72,4300.0,20296.0,14112,10484,0.211864406779661,0.4101487981686379
62948.png,Fixed,336,336,9,72,1420.0,23176.0,14112,10484,0.06127027959958578,0.13544448683708507
62951.png,DRIP,336,336,9,72,4300.0,20296.0,14112,10484,0.211864406779661,0.4101487981686379
62951.png,Fixed,336,336,9,72,1420.0,23176.0,14112,10484,0.06127027959958578,0.13544448683708507
62967.png,DRIP,336,336,9,72,1778.0,19353.0,14112,7019,0.09187206117914536,0.25331243766918365
62967.png,Fixed,336,336,9,72,423.0,20708.0,14112,7019,0.02042688815916554,0.06026499501353469
62970.png,DRIP,336,336,9,72,1778.0,19353.0,14112,7019,0.09187206117914536,0.25331243766918365
62970.png,Fixed,336,336,9,72,423.0,20708.0,14112,7019,0.02042688815916554,0.06026499501353469
62972.png,DRIP,336,336,43,73,4443.0,39525.0,14308,29660,0.11240986717267552,0.14979770734996628
62972.png,Fixed,336,336,43,72,3885.0,39887.0,14112,29660,0.0974001554391155,0.13098449089683076
62995.png,DRIP,336,336,28,72,7531.0,40693.0,14112,34112,0.18506868503182367,0.22077274859287055
62995.png,Fixed,336,336,28,72,4012.0,44212.0,14112,34112,0.09074459422781145,0.1176125703564728
62997.png,DRIP,336,336,28,72,7531.0,40693.0,14112,34112,0.18506868503182367,0.22077274859287055
62997.png,Fixed,336,336,28,72,4012.0,44212.0,14112,34112,0.09074459422781145,0.1176125703564728
63001.png,DRIP,336,336,28,72,7531.0,40693.0,14112,34112,0.18506868503182367,0.22077274859287055
63001.png,Fixed,336,336,28,72,4012.0,44212.0,14112,34112,0.09074459422781145,0.1176125703564728
63011.png,DRIP,336,336,87,72,5493.0,58797.0,14112,50178,0.09342313383335885,0.10947028578261389
63011.png,Fixed,336,336,87,72,6066.0,58224.0,14112,50178,0.1041838417147568,0.1208896329068516
63013.png,DRIP,336,336,87,72,5493.0,58797.0,14112,50178,0.09342313383335885,0.10947028578261389
63013.png,Fixed,336,336,87,72,6066.0,58224.0,14112,50178,0.1041838417147568,0.1208896329068516
63015.png,DRIP,336,336,87,72,5493.0,58797.0,14112,50178,0.09342313383335885,0.10947028578261389
63015.png,Fixed,336,336,87,72,6066.0,58224.0,14112,50178,0.1041838417147568,0.1208896329068516
63018.png,DRIP,336,336,87,72,5493.0,58797.0,14112,50178,0.09342313383335885,0.10947028578261389
63018.png,Fixed,336,336,87,72,6066.0,58224.0,14112,50178,0.1041838417147568,0.1208896329068516
63026.png,DRIP,336,336,36,73,4694.0,30666.0,14308,21052,0.15306854496836889,0.22297168915067453
63026.png,Fixed,336,336,36,72,2316.0,32848.0,14112,21052,0.0705065757428154,0.11001330039901197
63030.png,DRIP,336,336,36,73,4694.0,30666.0,14308,21052,0.15306854496836889,0.22297168915067453
63030.png,Fixed,336,336,36,72,2316.0,32848.0,14112,21052,0.0705065757428154,0.11001330039901197
63033.png,DRIP,336,336,36,73,4694.0,30666.0,14308,21052,0.15306854496836889,0.22297168915067453
63033.png,Fixed,336,336,36,72,2316.0,32848.0,14112,21052,0.0705065757428154,0.11001330039901197
63045.png,DRIP,336,336,22,72,3348.0,23570.0,14112,12806,0.14204497242257105,0.2614399500234265
63045.png,Fixed,336,336,22,72,1540.0,25378.0,14112,12806,0.06068248088895894,0.12025612993909104
63046.png,DRIP,336,336,22,72,3348.0,23570.0,14112,12806,0.14204497242257105,0.2614399500234265
63046.png,Fixed,336,336,22,72,1540.0,25378.0,14112,12806,0.06068248088895894,0.12025612993909104
63049.png,DRIP,336,336,5,73,1388.0,14981.0,14308,2061,0.09265069087510847,0.6734594856865599
63049.png,Fixed,336,336,5,72,322.0,15851.0,14112,2061,0.02031417576178159,0.15623483745754488
63050.png,DRIP,336,336,36,73,3407.0,54409.0,14308,43508,0.0626183168225845,0.07830743771260458
63050.png,Fixed,336,336,36,72,5469.0,52151.0,14112,43508,0.10486855477363809,0.12570102050197665
63051.png,DRIP,336,336,36,73,3407.0,54409.0,14308,43508,0.0626183168225845,0.07830743771260458
63051.png,Fixed,336,336,36,72,5469.0,52151.0,14112,43508,0.10486855477363809,0.12570102050197665
63052.png,DRIP,336,336,5,73,1388.0,14981.0,14308,2061,0.09265069087510847,0.6734594856865599
63052.png,Fixed,336,336,5,72,322.0,15851.0,14112,2061,0.02031417576178159,0.15623483745754488
63053.png,DRIP,336,336,36,73,3407.0,54409.0,14308,43508,0.0626183168225845,0.07830743771260458
63053.png,Fixed,336,336,36,72,5469.0,52151.0,14112,43508,0.10486855477363809,0.12570102050197665
63055.png,DRIP,336,336,5,73,1388.0,14981.0,14308,2061,0.09265069087510847,0.6734594856865599
63055.png,Fixed,336,336,5,72,322.0,15851.0,14112,2061,0.02031417576178159,0.15623483745754488
63109.png,DRIP,336,336,13,72,1844.0,24785.0,14112,12517,0.07439983861206374,0.14731964528241592
63109.png,Fixed,336,336,13,72,1344.0,25285.0,14112,12517,0.053154043899545186,0.1073739713988975
63113.png,DRIP,336,336,2,72,690.0,17768.0,14112,4346,0.038833858622242236,0.1587666820064427
63113.png,Fixed,336,336,2,72,448.0,18010.0,14112,4346,0.02487506940588562,0.10308329498389324
63114.png,DRIP,336,336,2,72,690.0,17768.0,14112,4346,0.038833858622242236,0.1587666820064427
63114.png,Fixed,336,336,2,72,448.0,18010.0,14112,4346,0.02487506940588562,0.10308329498389324
63115.png,DRIP,336,336,2,72,690.0,17768.0,14112,4346,0.038833858622242236,0.1587666820064427
63115.png,Fixed,336,336,2,72,448.0,18010.0,14112,4346,0.02487506940588562,0.10308329498389324
63117.png,DRIP,336,336,2,72,690.0,17768.0,14112,4346,0.038833858622242236,0.1587666820064427
63117.png,Fixed,336,336,2,72,448.0,18010.0,14112,4346,0.02487506940588562,0.10308329498389324
63118.png,DRIP,336,336,2,72,690.0,17768.0,14112,4346,0.038833858622242236,0.1587666820064427
63118.png,Fixed,336,336,2,72,448.0,18010.0,14112,4346,0.02487506940588562,0.10308329498389324
63130.png,DRIP,336,336,10,72,1201.0,18441.0,14112,5530,0.06512662003145166,0.21717902350813742
63130.png,Fixed,336,336,10,72,648.0,18994.0,14112,5530,0.034116036643150466,0.11717902350813743
63131.png,DRIP,336,336,10,72,1201.0,18441.0,14112,5530,0.06512662003145166,0.21717902350813742
63131.png,Fixed,336,336,10,72,648.0,18994.0,14112,5530,0.034116036643150466,0.11717902350813743
63133.png,DRIP,336,336,36,73,4376.0,39733.0,14308,29801,0.1101351521405381,0.14684071004328714
63133.png,Fixed,336,336,36,72,4129.0,39784.0,14112,29801,0.10378544138347075,0.13855239757055132
63135.png,DRIP,336,336,36,73,4376.0,39733.0,14308,29801,0.1101351521405381,0.14684071004328714
63135.png,Fixed,336,336,36,72,4129.0,39784.0,14112,29801,0.10378544138347075,0.13855239757055132
63137.png,DRIP,336,336,36,73,4376.0,39733.0,14308,29801,0.1101351521405381,0.14684071004328714
63137.png,Fixed,336,336,36,72,4129.0,39784.0,14112,29801,0.10378544138347075,0.13855239757055132
63146.png,DRIP,336,336,51,73,5435.0,36426.0,14308,27553,0.14920661066271346,0.19725619714731607
63146.png,Fixed,336,336,51,72,3965.0,37700.0,14112,27553,0.10517241379310345,0.14390447501179546
63147.png,DRIP,336,336,51,73,5435.0,36426.0,14308,27553,0.14920661066271346,0.19725619714731607
63147.png,Fixed,336,336,51,72,3965.0,37700.0,14112,27553,0.10517241379310345,0.14390447501179546
63155.png,DRIP,336,336,69,73,3619.0,32644.0,14308,21955,0.11086263938242863,0.16483716693236164
63155.png,Fixed,336,336,69,72,2668.0,33399.0,14112,21955,0.07988263121650349,0.12152129355499885
63156.png,DRIP,336,336,69,73,3619.0,32644.0,14308,21955,0.11086263938242863,0.16483716693236164
63156.png,Fixed,336,336,69,72,2668.0,33399.0,14112,21955,0.07988263121650349,0.12152129355499885
63158.png,DRIP,336,336,69,73,3619.0,32644.0,14308,21955,0.11086263938242863,0.16483716693236164
63158.png,Fixed,336,336,69,72,2668.0,33399.0,14112,21955,0.07988263121650349,0.12152129355499885
63159.png,DRIP,336,336,69,73,3619.0,32644.0,14308,21955,0.11086263938242863,0.16483716693236164
63159.png,Fixed,336,336,69,72,2668.0,33399.0,14112,21955,0.07988263121650349,0.12152129355499885
63161.png,DRIP,336,336,9,72,1300.0,18965.0,14112,6153,0.06854732401792776,0.21127905086949456
63161.png,Fixed,336,336,9,72,395.0,19870.0,14112,6153,0.01987921489682939,0.0641963269949618
63162.png,DRIP,336,336,9,72,1300.0,18965.0,14112,6153,0.06854732401792776,0.21127905086949456
63162.png,Fixed,336,336,9,72,395.0,19870.0,14112,6153,0.01987921489682939,0.0641963269949618
63164.png,DRIP,336,336,9,72,1300.0,18965.0,14112,6153,0.06854732401792776,0.21127905086949456
63164.png,Fixed,336,336,9,72,395.0,19870.0,14112,6153,0.01987921489682939,0.0641963269949618
63165.png,DRIP,336,336,9,72,1300.0,18965.0,14112,6153,0.06854732401792776,0.21127905086949456
63165.png,Fixed,336,336,9,72,395.0,19870.0,14112,6153,0.01987921489682939,0.0641963269949618
63166.png,DRIP,336,336,9,72,1300.0,18965.0,14112,6153,0.06854732401792776,0.21127905086949456
63166.png,Fixed,336,336,9,72,395.0,19870.0,14112,6153,0.01987921489682939,0.0641963269949618
63167.png,DRIP,336,336,9,72,1300.0,18965.0,14112,6153,0.06854732401792776,0.21127905086949456
63167.png,Fixed,336,336,9,72,395.0,19870.0,14112,6153,0.01987921489682939,0.0641963269949618
63169.png,DRIP,336,336,9,72,1300.0,18965.0,14112,6153,0.06854732401792776,0.21127905086949456
63169.png,Fixed,336,336,9,72,395.0,19870.0,14112,6153,0.01987921489682939,0.0641963269949618
63175.png,DRIP,336,336,27,73,3872.0,29427.0,14308,18991,0.13157984164202943,0.20388605128745196
63175.png,Fixed,336,336,27,72,2738.0,30365.0,14112,18991,0.09016960316153466,0.14417355589489758
63176.png,DRIP,336,336,27,73,3872.0,29427.0,14308,18991,0.13157984164202943,0.20388605128745196
63176.png,Fixed,336,336,27,72,2738.0,30365.0,14112,18991,0.09016960316153466,0.14417355589489758
63178.png,DRIP,336,336,27,73,3872.0,29427.0,14308,18991,0.13157984164202943,0.20388605128745196
63178.png,Fixed,336,336,27,72,2738.0,30365.0,14112,18991,0.09016960316153466,0.14417355589489758
63179.png,DRIP,336,336,27,73,3872.0,29427.0,14308,18991,0.13157984164202943,0.20388605128745196
63179.png,Fixed,336,336,27,72,2738.0,30365.0,14112,18991,0.09016960316153466,0.14417355589489758
63180.png,DRIP,336,336,27,73,3872.0,29427.0,14308,18991,0.13157984164202943,0.20388605128745196
63180.png,Fixed,336,336,27,72,2738.0,30365.0,14112,18991,0.09016960316153466,0.14417355589489758
63181.png,DRIP,336,336,13,72,1763.0,17361.0,14112,5012,0.10154944991647946,0.35175578611332803
63181.png,Fixed,336,336,13,72,744.0,18380.0,14112,5012,0.04047878128400435,0.1484437350359138
63182.png,DRIP,336,336,13,72,1763.0,17361.0,14112,5012,0.10154944991647946,0.35175578611332803
63182.png,Fixed,336,336,13,72,744.0,18380.0,14112,5012,0.04047878128400435,0.1484437350359138
63183.png,DRIP,336,336,13,72,1763.0,17361.0,14112,5012,0.10154944991647946,0.35175578611332803
63183.png,Fixed,336,336,13,72,744.0,18380.0,14112,5012,0.04047878128400435,0.1484437350359138
63184.png,DRIP,336,336,13,72,1763.0,17361.0,14112,5012,0.10154944991647946,0.35175578611332803
63184.png,Fixed,336,336,13,72,744.0,18380.0,14112,5012,0.04047878128400435,0.1484437350359138
63199.png,DRIP,336,336,34,73,3129.0,33577.0,14308,22398,0.09318878994549841,0.13969997321189392
63199.png,Fixed,336,336,34,72,2467.0,34043.0,14112,22398,0.07246717386834298,0.1101437628359675
63200.png,DRIP,336,336,0,72,,,14112,0,,
63200.png,Fixed,336,336,0,72,,,14112,0,,
63202.png,DRIP,336,336,0,72,,,14112,0,,
63202.png,Fixed,336,336,0,72,,,14112,0,,
63203.png,DRIP,336,336,24,73,2381.0,24319.0,14308,12392,0.09790698630700276,0.1921400903808909
63203.png,Fixed,336,336,24,72,1720.0,24784.0,14112,12392,0.06939961265332473,0.13879922530664945
63204.png,DRIP,336,336,24,73,2381.0,24319.0,14308,12392,0.09790698630700276,0.1921400903808909
63204.png,Fixed,336,336,24,72,1720.0,24784.0,14112,12392,0.06939961265332473,0.13879922530664945
63205.png,DRIP,336,336,24,73,2381.0,24319.0,14308,12392,0.09790698630700276,0.1921400903808909
63205.png,Fixed,336,336,24,72,1720.0,24784.0,14112,12392,0.06939961265332473,0.13879922530664945
63206.png,DRIP,336,336,24,73,2381.0,24319.0,14308,12392,0.09790698630700276,0.1921400903808909
63206.png,Fixed,336,336,24,72,1720.0,24784.0,14112,12392,0.06939961265332473,0.13879922530664945
63207.png,DRIP,336,336,24,73,2381.0,24319.0,14308,12392,0.09790698630700276,0.1921400903808909
63207.png,Fixed,336,336,24,72,1720.0,24784.0,14112,12392,0.06939961265332473,0.13879922530664945
63241.png,DRIP,336,336,40,73,3039.0,27890.0,14308,16621,0.10896378630333453,0.1828409842969737
63241.png,Fixed,336,336,40,72,2391.0,28342.0,14112,16621,0.08436243031543293,0.1438541603994946
63242.png,DRIP,336,336,40,73,3039.0,27890.0,14308,16621,0.10896378630333453,0.1828409842969737
63242.png,Fixed,336,336,40,72,2391.0,28342.0,14112,16621,0.08436243031543293,0.1438541603994946
63243.png,DRIP,336,336,40,73,3039.0,27890.0,14308,16621,0.10896378630333453,0.1828409842969737
63243.png,Fixed,336,336,40,72,2391.0,28342.0,14112,16621,0.08436243031543293,0.1438541603994946
63245.png,DRIP,336,336,25,73,1753.0,25884.0,14308,13329,0.0677252356668212,0.13151774326656163
63245.png,Fixed,336,336,25,72,1936.0,25505.0,14112,13329,0.0759066849637326,0.14524720534173607
63246.png,DRIP,336,336,25,73,1753.0,25884.0,14308,13329,0.0677252356668212,0.13151774326656163
63246.png,Fixed,336,336,25,72,1936.0,25505.0,14112,13329,0.0759066849637326,0.14524720534173607
63248.png,DRIP,336,336,25,73,1753.0,25884.0,14308,13329,0.0677252356668212,0.13151774326656163
63248.png,Fixed,336,336,25,72,1936.0,25505.0,14112,13329,0.0759066849637326,0.14524720534173607
6325.png,DRIP,336,336,28,73,6632.0,46470.0,14308,38794,0.14271573057886808,0.17095427127906376
6325.png,Fixed,336,336,28,72,4903.0,48003.0,14112,38794,0.10213944961773222,0.1263855235345672
63250.png,DRIP,336,336,25,73,1753.0,25884.0,14308,13329,0.0677252356668212,0.13151774326656163
63250.png,Fixed,336,336,25,72,1936.0,25505.0,14112,13329,0.0759066849637326,0.14524720534173607
63252.png,DRIP,336,336,25,73,1753.0,25884.0,14308,13329,0.0677252356668212,0.13151774326656163
63252.png,Fixed,336,336,25,72,1936.0,25505.0,14112,13329,0.0759066849637326,0.14524720534173607
63255.png,DRIP,336,336,25,73,1753.0,25884.0,14308,13329,0.0677252356668212,0.13151774326656163
63255.png,Fixed,336,336,25,72,1936.0,25505.0,14112,13329,0.0759066849637326,0.14524720534173607
63257.png,DRIP,336,336,25,73,1753.0,25884.0,14308,13329,0.0677252356668212,0.13151774326656163
63257.png,Fixed,336,336,25,72,1936.0,25505.0,14112,13329,0.0759066849637326,0.14524720534173607
63264.png,DRIP,336,336,49,72,4974.0,37391.0,14112,28253,0.1330266641705223,0.17605210066187663
63264.png,Fixed,336,336,49,72,4371.0,37994.0,14112,28253,0.11504448070748013,0.15470923441758397
63283.png,DRIP,336,336,7,73,1411.0,19671.0,14308,6774,0.07172995780590717,0.20829642751697666
63283.png,Fixed,336,336,7,72,957.0,19929.0,14112,6774,0.04802047267800692,0.14127546501328608
63285.png,DRIP,336,336,7,73,1411.0,19671.0,14308,6774,0.07172995780590717,0.20829642751697666
63285.png,Fixed,336,336,7,72,957.0,19929.0,14112,6774,0.04802047267800692,0.14127546501328608
63287.png,DRIP,336,336,7,73,1411.0,19671.0,14308,6774,0.07172995780590717,0.20829642751697666
63287.png,Fixed,336,336,7,72,957.0,19929.0,14112,6774,0.04802047267800692,0.14127546501328608
63293.png,DRIP,336,336,7,73,1411.0,19671.0,14308,6774,0.07172995780590717,0.20829642751697666
63293.png,Fixed,336,336,7,72,957.0,19929.0,14112,6774,0.04802047267800692,0.14127546501328608
63294.png,DRIP,336,336,7,73,1411.0,19671.0,14308,6774,0.07172995780590717,0.20829642751697666
63294.png,Fixed,336,336,7,72,957.0,19929.0,14112,6774,0.04802047267800692,0.14127546501328608
63298.png,DRIP,336,336,7,73,1411.0,19671.0,14308,6774,0.07172995780590717,0.20829642751697666
63298.png,Fixed,336,336,7,72,957.0,19929.0,14112,6774,0.04802047267800692,0.14127546501328608
63301.png,DRIP,336,336,7,73,1411.0,19671.0,14308,6774,0.07172995780590717,0.20829642751697666
63301.png,Fixed,336,336,7,72,957.0,19929.0,14112,6774,0.04802047267800692,0.14127546501328608
63304.png,DRIP,336,336,5,73,545.0,15838.0,14308,2075,0.0344109104684935,0.26265060240963856
63304.png,Fixed,336,336,5,72,143.0,16044.0,14112,2075,0.008912989279481425,0.06891566265060241
63309.png,DRIP,336,336,5,73,545.0,15838.0,14308,2075,0.0344109104684935,0.26265060240963856
63309.png,Fixed,336,336,5,72,143.0,16044.0,14112,2075,0.008912989279481425,0.06891566265060241
63312.png,DRIP,336,336,5,73,545.0,15838.0,14308,2075,0.0344109104684935,0.26265060240963856
63312.png,Fixed,336,336,5,72,143.0,16044.0,14112,2075,0.008912989279481425,0.06891566265060241
63313.png,DRIP,336,336,5,73,545.0,15838.0,14308,2075,0.0344109104684935,0.26265060240963856
63313.png,Fixed,336,336,5,72,143.0,16044.0,14112,2075,0.008912989279481425,0.06891566265060241
63318.png,DRIP,336,336,5,73,545.0,15838.0,14308,2075,0.0344109104684935,0.26265060240963856
63318.png,Fixed,336,336,5,72,143.0,16044.0,14112,2075,0.008912989279481425,0.06891566265060241
63325.png,DRIP,336,336,5,73,545.0,15838.0,14308,2075,0.0344109104684935,0.26265060240963856
63325.png,Fixed,336,336,5,72,143.0,16044.0,14112,2075,0.008912989279481425,0.06891566265060241
63327.png,DRIP,336,336,5,73,545.0,15838.0,14308,2075,0.0344109104684935,0.26265060240963856
63327.png,Fixed,336,336,5,72,143.0,16044.0,14112,2075,0.008912989279481425,0.06891566265060241
6334.png,DRIP,336,336,28,73,6632.0,46470.0,14308,38794,0.14271573057886808,0.17095427127906376
6334.png,Fixed,336,336,28,72,4903.0,48003.0,14112,38794,0.10213944961773222,0.1263855235345672
63346.png,DRIP,336,336,8,72,1353.0,15505.0,14112,2746,0.0872621734924218,0.4927166788055353
63346.png,Fixed,336,336,8,72,490.0,16368.0,14112,2746,0.029936461388074292,0.17844136926438456
6345.png,DRIP,336,336,28,73,6632.0,46470.0,14308,38794,0.14271573057886808,0.17095427127906376
6345.png,Fixed,336,336,28,72,4903.0,48003.0,14112,38794,0.10213944961773222,0.1263855235345672
63480.png,DRIP,336,336,43,72,3036.0,28796.0,14112,17720,0.10543130990415335,0.1713318284424379
63480.png,Fixed,336,336,43,72,2466.0,29366.0,14112,17720,0.0839746645780835,0.1391647855530474
63482.png,DRIP,336,336,43,72,3036.0,28796.0,14112,17720,0.10543130990415335,0.1713318284424379
63482.png,Fixed,336,336,43,72,2466.0,29366.0,14112,17720,0.0839746645780835,0.1391647855530474
63486.png,DRIP,336,336,7,72,2364.0,19110.0,14112,7362,0.12370486656200942,0.3211083944580277
63486.png,Fixed,336,336,7,72,1005.0,20469.0,14112,7362,0.04909863696321266,0.13651181744091279
63488.png,DRIP,336,336,7,72,2364.0,19110.0,14112,7362,0.12370486656200942,0.3211083944580277
63488.png,Fixed,336,336,7,72,1005.0,20469.0,14112,7362,0.04909863696321266,0.13651181744091279
63489.png,DRIP,336,336,7,72,2364.0,19110.0,14112,7362,0.12370486656200942,0.3211083944580277
63489.png,Fixed,336,336,7,72,1005.0,20469.0,14112,7362,0.04909863696321266,0.13651181744091279
63494.png,DRIP,336,336,5,73,1362.0,16538.0,14308,3592,0.08235578667311647,0.37917594654788417
63494.png,Fixed,336,336,5,72,632.0,17072.0,14112,3592,0.037019681349578254,0.1759465478841871
63506.png,DRIP,336,336,5,73,1362.0,16538.0,14308,3592,0.08235578667311647,0.37917594654788417
63506.png,Fixed,336,336,5,72,632.0,17072.0,14112,3592,0.037019681349578254,0.1759465478841871
6351.png,DRIP,336,336,28,73,6632.0,46470.0,14308,38794,0.14271573057886808,0.17095427127906376
6351.png,Fixed,336,336,28,72,4903.0,48003.0,14112,38794,0.10213944961773222,0.1263855235345672
63518.png,DRIP,336,336,5,73,1362.0,16538.0,14308,3592,0.08235578667311647,0.37917594654788417
63518.png,Fixed,336,336,5,72,632.0,17072.0,14112,3592,0.037019681349578254,0.1759465478841871
63524.png,DRIP,336,336,5,73,1362.0,16538.0,14308,3592,0.08235578667311647,0.37917594654788417
63524.png,Fixed,336,336,5,72,632.0,17072.0,14112,3592,0.037019681349578254,0.1759465478841871
63528.png,DRIP,336,336,5,73,1362.0,16538.0,14308,3592,0.08235578667311647,0.37917594654788417
63528.png,Fixed,336,336,5,72,632.0,17072.0,14112,3592,0.037019681349578254,0.1759465478841871
63531.png,DRIP,336,336,41,72,2952.0,40606.0,14112,29446,0.07269861596808354,0.10025130747809549
63531.png,Fixed,336,336,41,72,4300.0,39258.0,14112,29446,0.10953181517143003,0.1460300210554914
63532.png,DRIP,336,336,1,72,595.0,14782.0,14112,1265,0.04025165742118793,0.47035573122529645
63532.png,Fixed,336,336,1,72,322.0,15055.0,14112,1265,0.021388243108601792,0.2545454545454545
63533.png,DRIP,336,336,41,72,2952.0,40606.0,14112,29446,0.07269861596808354,0.10025130747809549
63533.png,Fixed,336,336,41,72,4300.0,39258.0,14112,29446,0.10953181517143003,0.1460300210554914
63534.png,DRIP,336,336,41,72,2952.0,40606.0,14112,29446,0.07269861596808354,0.10025130747809549
63534.png,Fixed,336,336,41,72,4300.0,39258.0,14112,29446,0.10953181517143003,0.1460300210554914
63535.png,DRIP,336,336,41,72,2952.0,40606.0,14112,29446,0.07269861596808354,0.10025130747809549
63535.png,Fixed,336,336,41,72,4300.0,39258.0,14112,29446,0.10953181517143003,0.1460300210554914
63536.png,DRIP,336,336,41,72,2952.0,40606.0,14112,29446,0.07269861596808354,0.10025130747809549
63536.png,Fixed,336,336,41,72,4300.0,39258.0,14112,29446,0.10953181517143003,0.1460300210554914
63537.png,DRIP,336,336,41,72,2952.0,40606.0,14112,29446,0.07269861596808354,0.10025130747809549
63537.png,Fixed,336,336,41,72,4300.0,39258.0,14112,29446,0.10953181517143003,0.1460300210554914
63553.png,DRIP,336,336,61,72,1023.0,29235.0,14112,16146,0.03499230374551052,0.06335934596804162
63553.png,Fixed,336,336,61,72,3080.0,27178.0,14112,16146,0.11332695562587387,0.1907593211941038
63554.png,DRIP,336,336,61,72,1023.0,29235.0,14112,16146,0.03499230374551052,0.06335934596804162
63554.png,Fixed,336,336,61,72,3080.0,27178.0,14112,16146,0.11332695562587387,0.1907593211941038
63560.png,DRIP,336,336,61,72,1023.0,29235.0,14112,16146,0.03499230374551052,0.06335934596804162
63560.png,Fixed,336,336,61,72,3080.0,27178.0,14112,16146,0.11332695562587387,0.1907593211941038
63567.png,DRIP,336,336,61,72,1023.0,29235.0,14112,16146,0.03499230374551052,0.06335934596804162
63567.png,Fixed,336,336,61,72,3080.0,27178.0,14112,16146,0.11332695562587387,0.1907593211941038
63568.png,DRIP,336,336,61,72,1023.0,29235.0,14112,16146,0.03499230374551052,0.06335934596804162
63568.png,Fixed,336,336,61,72,3080.0,27178.0,14112,16146,0.11332695562587387,0.1907593211941038
63569.png,DRIP,336,336,61,72,1023.0,29235.0,14112,16146,0.03499230374551052,0.06335934596804162
63569.png,Fixed,336,336,61,72,3080.0,27178.0,14112,16146,0.11332695562587387,0.1907593211941038
6357.png,DRIP,336,336,28,73,6632.0,46470.0,14308,38794,0.14271573057886808,0.17095427127906376
6357.png,Fixed,336,336,28,72,4903.0,48003.0,14112,38794,0.10213944961773222,0.1263855235345672
63586.png,DRIP,336,336,1,73,0.0,14605.0,14308,297,0.0,0.0
63586.png,Fixed,336,336,1,72,154.0,14255.0,14112,297,0.010803226937916521,0.5185185185185185
63589.png,DRIP,336,336,1,73,0.0,14605.0,14308,297,0.0,0.0
63589.png,Fixed,336,336,1,72,154.0,14255.0,14112,297,0.010803226937916521,0.5185185185185185
63593.png,DRIP,336,336,19,73,2912.0,21443.0,14308,10047,0.13580189339178286,0.289837762516174
63593.png,Fixed,336,336,19,72,1570.0,22589.0,14112,10047,0.06950285537208375,0.1562655519060416
63594.png,DRIP,336,336,19,73,2912.0,21443.0,14308,10047,0.13580189339178286,0.289837762516174
63594.png,Fixed,336,336,19,72,1570.0,22589.0,14112,10047,0.06950285537208375,0.1562655519060416
63595.png,DRIP,336,336,19,73,2912.0,21443.0,14308,10047,0.13580189339178286,0.289837762516174
63595.png,Fixed,336,336,19,72,1570.0,22589.0,14112,10047,0.06950285537208375,0.1562655519060416
63596.png,DRIP,336,336,19,73,2912.0,21443.0,14308,10047,0.13580189339178286,0.289837762516174
63596.png,Fixed,336,336,19,72,1570.0,22589.0,14112,10047,0.06950285537208375,0.1562655519060416
63597.png,DRIP,336,336,19,73,2912.0,21443.0,14308,10047,0.13580189339178286,0.289837762516174
63597.png,Fixed,336,336,19,72,1570.0,22589.0,14112,10047,0.06950285537208375,0.1562655519060416
63598.png,DRIP,336,336,19,73,2912.0,21443.0,14308,10047,0.13580189339178286,0.289837762516174
63598.png,Fixed,336,336,19,72,1570.0,22589.0,14112,10047,0.06950285537208375,0.1562655519060416
636.png,DRIP,336,336,69,73,9178.0,73282.0,14308,68152,0.12524221500504898,0.13466956215518253
636.png,Fixed,336,336,69,72,8569.0,73695.0,14112,68152,0.11627654522016419,0.12573365418476348
6360.png,DRIP,336,336,28,73,6632.0,46470.0,14308,38794,0.14271573057886808,0.17095427127906376
6360.png,Fixed,336,336,28,72,4903.0,48003.0,14112,38794,0.10213944961773222,0.1263855235345672
63636.png,DRIP,336,336,117,73,7999.0,66665.0,14308,60356,0.1199879996999925,0.13253032010073565
63636.png,Fixed,336,336,117,72,7213.0,67255.0,14112,60356,0.10724853170767973,0.11950758830936443
63637.png,DRIP,336,336,117,73,7999.0,66665.0,14308,60356,0.1199879996999925,0.13253032010073565
63637.png,Fixed,336,336,117,72,7213.0,67255.0,14112,60356,0.10724853170767973,0.11950758830936443
63638.png,DRIP,336,336,117,73,7999.0,66665.0,14308,60356,0.1199879996999925,0.13253032010073565
63638.png,Fixed,336,336,117,72,7213.0,67255.0,14112,60356,0.10724853170767973,0.11950758830936443
63655.png,DRIP,336,336,7,72,1153.0,15991.0,14112,3032,0.07210305797010819,0.3802770448548813
63655.png,Fixed,336,336,7,72,193.0,16951.0,14112,3032,0.011385758952274201,0.06365435356200527
63656.png,DRIP,336,336,7,72,1153.0,15991.0,14112,3032,0.07210305797010819,0.3802770448548813
63656.png,Fixed,336,336,7,72,193.0,16951.0,14112,3032,0.011385758952274201,0.06365435356200527
63657.png,DRIP,336,336,7,72,1153.0,15991.0,14112,3032,0.07210305797010819,0.3802770448548813
63657.png,Fixed,336,336,7,72,193.0,16951.0,14112,3032,0.011385758952274201,0.06365435356200527
63663.png,DRIP,336,336,32,72,3808.0,26099.0,14112,15795,0.14590597340894287,0.24108895220006332
63663.png,Fixed,336,336,32,72,1837.0,28070.0,14112,15795,0.06544353402208763,0.11630262741373852
63664.png,DRIP,336,336,32,72,3808.0,26099.0,14112,15795,0.14590597340894287,0.24108895220006332
63664.png,Fixed,336,336,32,72,1837.0,28070.0,14112,15795,0.06544353402208763,0.11630262741373852
63665.png,DRIP,336,336,19,73,1704.0,21821.0,14308,9217,0.07808991338618762,0.18487577302810024
63665.png,Fixed,336,336,19,72,1171.0,22158.0,14112,9217,0.052847729939525225,0.1270478463708365
63666.png,DRIP,336,336,19,73,1704.0,21821.0,14308,9217,0.07808991338618762,0.18487577302810024
63666.png,Fixed,336,336,19,72,1171.0,22158.0,14112,9217,0.052847729939525225,0.1270478463708365
63667.png,DRIP,336,336,19,73,1704.0,21821.0,14308,9217,0.07808991338618762,0.18487577302810024
63667.png,Fixed,336,336,19,72,1171.0,22158.0,14112,9217,0.052847729939525225,0.1270478463708365
63668.png,DRIP,336,336,19,73,1704.0,21821.0,14308,9217,0.07808991338618762,0.18487577302810024
63668.png,Fixed,336,336,19,72,1171.0,22158.0,14112,9217,0.052847729939525225,0.1270478463708365
63680.png,DRIP,336,336,31,72,3974.0,27243.0,14112,17105,0.1458723341775869,0.23232972814966385
63680.png,Fixed,336,336,31,72,2123.0,29094.0,14112,17105,0.07297037189798584,0.12411575562700965
63685.png,DRIP,336,336,0,72,,,14112,0,,
63685.png,Fixed,336,336,0,72,,,14112,0,,
63686.png,DRIP,336,336,0,72,,,14112,0,,
63686.png,Fixed,336,336,0,72,,,14112,0,,
63687.png,DRIP,336,336,0,72,,,14112,0,,
63687.png,Fixed,336,336,0,72,,,14112,0,,
63688.png,DRIP,336,336,0,72,,,14112,0,,
63688.png,Fixed,336,336,0,72,,,14112,0,,
63692.png,DRIP,336,336,9,73,1616.0,17555.0,14308,4863,0.09205354599829109,0.33230516142298994
63692.png,Fixed,336,336,9,72,1122.0,17853.0,14112,4863,0.06284658040665435,0.23072177668106109
63698.png,DRIP,336,336,63,72,4462.0,41146.0,14112,31496,0.10844310504058717,0.14166878333756666
63698.png,Fixed,336,336,63,72,3591.0,42017.0,14112,31496,0.08546540685912844,0.11401447802895606
63699.png,DRIP,336,336,63,72,4462.0,41146.0,14112,31496,0.10844310504058717,0.14166878333756666
63699.png,Fixed,336,336,63,72,3591.0,42017.0,14112,31496,0.08546540685912844,0.11401447802895606
637.png,DRIP,336,336,69,73,9178.0,73282.0,14308,68152,0.12524221500504898,0.13466956215518253
637.png,Fixed,336,336,69,72,8569.0,73695.0,14112,68152,0.11627654522016419,0.12573365418476348
63700.png,DRIP,336,336,63,72,4462.0,41146.0,14112,31496,0.10844310504058717,0.14166878333756666
63700.png,Fixed,336,336,63,72,3591.0,42017.0,14112,31496,0.08546540685912844,0.11401447802895606
63701.png,DRIP,336,336,1,72,595.0,14782.0,14112,1265,0.04025165742118793,0.47035573122529645
63701.png,Fixed,336,336,1,72,322.0,15055.0,14112,1265,0.021388243108601792,0.2545454545454545
63702.png,DRIP,336,336,1,72,595.0,14782.0,14112,1265,0.04025165742118793,0.47035573122529645
63702.png,Fixed,336,336,1,72,322.0,15055.0,14112,1265,0.021388243108601792,0.2545454545454545
63708.png,DRIP,336,336,70,72,5395.0,32675.0,14112,23958,0.16511094108645755,0.22518574171466735
63708.png,Fixed,336,336,70,72,3256.0,34814.0,14112,23958,0.09352559315218016,0.13590449954086317
63709.png,DRIP,336,336,70,72,5395.0,32675.0,14112,23958,0.16511094108645755,0.22518574171466735
63709.png,Fixed,336,336,70,72,3256.0,34814.0,14112,23958,0.09352559315218016,0.13590449954086317
63710.png,DRIP,336,336,70,72,5395.0,32675.0,14112,23958,0.16511094108645755,0.22518574171466735
63710.png,Fixed,336,336,70,72,3256.0,34814.0,14112,23958,0.09352559315218016,0.13590449954086317
63711.png,DRIP,336,336,70,72,5395.0,32675.0,14112,23958,0.16511094108645755,0.22518574171466735
63711.png,Fixed,336,336,70,72,3256.0,34814.0,14112,23958,0.09352559315218016,0.13590449954086317
63717.png,DRIP,336,336,26,72,2829.0,29867.0,14112,18584,0.09471992500083705,0.15222772277227722
63717.png,Fixed,336,336,26,72,2235.0,30461.0,14112,18584,0.07337250911000952,0.12026474386569092
63718.png,DRIP,336,336,26,72,2829.0,29867.0,14112,18584,0.09471992500083705,0.15222772277227722
63718.png,Fixed,336,336,26,72,2235.0,30461.0,14112,18584,0.07337250911000952,0.12026474386569092
63719.png,DRIP,336,336,26,72,2829.0,29867.0,14112,18584,0.09471992500083705,0.15222772277227722
63719.png,Fixed,336,336,26,72,2235.0,30461.0,14112,18584,0.07337250911000952,0.12026474386569092
63729.png,DRIP,336,336,7,72,1697.0,22714.0,14112,10299,0.07471163159285023,0.16477327895912225
63729.png,Fixed,336,336,7,72,1178.0,23233.0,14112,10299,0.05070374036930229,0.1143800368967861
63730.png,DRIP,336,336,7,72,1697.0,22714.0,14112,10299,0.07471163159285023,0.16477327895912225
63730.png,Fixed,336,336,7,72,1178.0,23233.0,14112,10299,0.05070374036930229,0.1143800368967861
63731.png,DRIP,336,336,7,72,1697.0,22714.0,14112,10299,0.07471163159285023,0.16477327895912225
63731.png,Fixed,336,336,7,72,1178.0,23233.0,14112,10299,0.05070374036930229,0.1143800368967861
63750.png,DRIP,336,336,15,73,4358.0,20464.0,14308,10514,0.21295934323690383,0.4144949591021495
63750.png,Fixed,336,336,15,72,1772.0,22854.0,14112,10514,0.0775356611534086,0.16853718851055735
63751.png,DRIP,336,336,15,73,4358.0,20464.0,14308,10514,0.21295934323690383,0.4144949591021495
63751.png,Fixed,336,336,15,72,1772.0,22854.0,14112,10514,0.0775356611534086,0.16853718851055735
63752.png,DRIP,336,336,15,73,4358.0,20464.0,14308,10514,0.21295934323690383,0.4144949591021495
63752.png,Fixed,336,336,15,72,1772.0,22854.0,14112,10514,0.0775356611534086,0.16853718851055735
63753.png,DRIP,336,336,15,73,4358.0,20464.0,14308,10514,0.21295934323690383,0.4144949591021495
63753.png,Fixed,336,336,15,72,1772.0,22854.0,14112,10514,0.0775356611534086,0.16853718851055735
63754.png,DRIP,336,336,15,73,4358.0,20464.0,14308,10514,0.21295934323690383,0.4144949591021495
63754.png,Fixed,336,336,15,72,1772.0,22854.0,14112,10514,0.0775356611534086,0.16853718851055735
63755.png,DRIP,336,336,7,72,636.0,17953.0,14112,4477,0.03542583412243079,0.14205941478668752
63755.png,Fixed,336,336,7,72,418.0,18171.0,14112,4477,0.023003687193880358,0.09336609336609336
63756.png,DRIP,336,336,7,72,636.0,17953.0,14112,4477,0.03542583412243079,0.14205941478668752
63756.png,Fixed,336,336,7,72,418.0,18171.0,14112,4477,0.023003687193880358,0.09336609336609336
63758.png,DRIP,336,336,7,72,636.0,17953.0,14112,4477,0.03542583412243079,0.14205941478668752
63758.png,Fixed,336,336,7,72,418.0,18171.0,14112,4477,0.023003687193880358,0.09336609336609336
63760.png,DRIP,336,336,7,72,636.0,17953.0,14112,4477,0.03542583412243079,0.14205941478668752
63760.png,Fixed,336,336,7,72,418.0,18171.0,14112,4477,0.023003687193880358,0.09336609336609336
63761.png,DRIP,336,336,0,72,,,14112,0,,
63761.png,Fixed,336,336,0,72,,,14112,0,,
63762.png,DRIP,336,336,7,72,636.0,17953.0,14112,4477,0.03542583412243079,0.14205941478668752
63762.png,Fixed,336,336,7,72,418.0,18171.0,14112,4477,0.023003687193880358,0.09336609336609336
63763.png,DRIP,336,336,0,72,,,14112,0,,
63763.png,Fixed,336,336,0,72,,,14112,0,,
63764.png,DRIP,336,336,0,72,,,14112,0,,
63764.png,Fixed,336,336,0,72,,,14112,0,,
63767.png,DRIP,336,336,18,73,3962.0,34539.0,14308,24193,0.11471090651147978,0.16376637870458396
63767.png,Fixed,336,336,18,72,2832.0,35473.0,14112,24193,0.07983536774448172,0.11705865332947547
63768.png,DRIP,336,336,18,73,3962.0,34539.0,14308,24193,0.11471090651147978,0.16376637870458396
63768.png,Fixed,336,336,18,72,2832.0,35473.0,14112,24193,0.07983536774448172,0.11705865332947547
63769.png,DRIP,336,336,18,73,3962.0,34539.0,14308,24193,0.11471090651147978,0.16376637870458396
63769.png,Fixed,336,336,18,72,2832.0,35473.0,14112,24193,0.07983536774448172,0.11705865332947547
63770.png,DRIP,336,336,30,73,3366.0,37398.0,14308,26456,0.09000481309160918,0.1272301179316601
63770.png,Fixed,336,336,30,72,3029.0,37539.0,14112,26456,0.08068941634033938,0.11449198669488962
63771.png,DRIP,336,336,30,73,3366.0,37398.0,14308,26456,0.09000481309160918,0.1272301179316601
63771.png,Fixed,336,336,30,72,3029.0,37539.0,14112,26456,0.08068941634033938,0.11449198669488962
63777.png,DRIP,336,336,11,73,1635.0,19590.0,14308,6917,0.08346094946401225,0.2363741506433425
63777.png,Fixed,336,336,11,72,632.0,20397.0,14112,6917,0.030984948766975537,0.09136909064623391
63779.png,DRIP,336,336,11,73,1635.0,19590.0,14308,6917,0.08346094946401225,0.2363741506433425
63779.png,Fixed,336,336,11,72,632.0,20397.0,14112,6917,0.030984948766975537,0.09136909064623391
63787.png,DRIP,336,336,72,72,5713.0,52590.0,14112,44191,0.10863281992774292,0.12927971758955442
63787.png,Fixed,336,336,72,72,5657.0,52646.0,14112,44191,0.1074535577251833,0.1280124912312462
63789.png,DRIP,336,336,72,72,5713.0,52590.0,14112,44191,0.10863281992774292,0.12927971758955442
63789.png,Fixed,336,336,72,72,5657.0,52646.0,14112,44191,0.1074535577251833,0.1280124912312462
63809.png,DRIP,336,336,24,72,1980.0,27675.0,14112,15543,0.07154471544715447,0.12738853503184713
63809.png,Fixed,336,336,24,72,1876.0,27779.0,14112,15543,0.06753302854674394,0.12069742006047739
63810.png,DRIP,336,336,18,73,3673.0,20799.0,14308,10164,0.17659502860714457,0.36137347500983863
63810.png,Fixed,336,336,18,72,1240.0,23036.0,14112,10164,0.05382878972043757,0.12199921290830382
63811.png,DRIP,336,336,18,73,3673.0,20799.0,14308,10164,0.17659502860714457,0.36137347500983863
63811.png,Fixed,336,336,18,72,1240.0,23036.0,14112,10164,0.05382878972043757,0.12199921290830382
63812.png,DRIP,336,336,18,73,3673.0,20799.0,14308,10164,0.17659502860714457,0.36137347500983863
63812.png,Fixed,336,336,18,72,1240.0,23036.0,14112,10164,0.05382878972043757,0.12199921290830382
63816.png,DRIP,336,336,24,72,1980.0,27675.0,14112,15543,0.07154471544715447,0.12738853503184713
63816.png,Fixed,336,336,24,72,1876.0,27779.0,14112,15543,0.06753302854674394,0.12069742006047739
63826.png,DRIP,336,336,24,72,1980.0,27675.0,14112,15543,0.07154471544715447,0.12738853503184713
63826.png,Fixed,336,336,24,72,1876.0,27779.0,14112,15543,0.06753302854674394,0.12069742006047739
63827.png,DRIP,336,336,28,72,5630.0,30802.0,14112,22320,0.18278033893902992,0.2522401433691756
63827.png,Fixed,336,336,28,72,2210.0,34222.0,14112,22320,0.06457834141780142,0.09901433691756273
63830.png,DRIP,336,336,26,73,4854.0,36647.0,14308,27193,0.13245286108003385,0.17850182032140624
63830.png,Fixed,336,336,26,72,3366.0,37939.0,14112,27193,0.08872136851261235,0.12378185562460928
63831.png,DRIP,336,336,26,73,4854.0,36647.0,14308,27193,0.13245286108003385,0.17850182032140624
63831.png,Fixed,336,336,26,72,3366.0,37939.0,14112,27193,0.08872136851261235,0.12378185562460928
63833.png,DRIP,336,336,26,73,4854.0,36647.0,14308,27193,0.13245286108003385,0.17850182032140624
63833.png,Fixed,336,336,26,72,3366.0,37939.0,14112,27193,0.08872136851261235,0.12378185562460928
63835.png,DRIP,336,336,25,72,4335.0,30030.0,14112,20253,0.14435564435564435,0.21404236409420827
63835.png,Fixed,336,336,25,72,2142.0,32223.0,14112,20253,0.06647425751792198,0.1057621093171382
63837.png,DRIP,336,336,29,73,3961.0,34294.0,14308,23947,0.11550125386364962,0.16540694032655448
63837.png,Fixed,336,336,29,72,3227.0,34832.0,14112,23947,0.09264469453376206,0.13475591932183573
63839.png,DRIP,336,336,29,73,3961.0,34294.0,14308,23947,0.11550125386364962,0.16540694032655448
63839.png,Fixed,336,336,29,72,3227.0,34832.0,14112,23947,0.09264469453376206,0.13475591932183573
63841.png,DRIP,336,336,29,73,3961.0,34294.0,14308,23947,0.11550125386364962,0.16540694032655448
63841.png,Fixed,336,336,29,72,3227.0,34832.0,14112,23947,0.09264469453376206,0.13475591932183573
63843.png,DRIP,336,336,39,73,6622.0,53211.0,14308,45525,0.12444795249102629,0.14545853926414057
63843.png,Fixed,336,336,39,72,6200.0,53437.0,14112,45525,0.11602447742201097,0.13618890719384955
63853.png,DRIP,336,336,39,72,3656.0,28616.0,14112,18160,0.12776069331842327,0.2013215859030837
63853.png,Fixed,336,336,39,72,2753.0,29519.0,14112,18160,0.09326196686879637,0.15159691629955946
63855.png,DRIP,336,336,39,72,3656.0,28616.0,14112,18160,0.12776069331842327,0.2013215859030837
63855.png,Fixed,336,336,39,72,2753.0,29519.0,14112,18160,0.09326196686879637,0.15159691629955946
63856.png,DRIP,336,336,39,72,3656.0,28616.0,14112,18160,0.12776069331842327,0.2013215859030837
63856.png,Fixed,336,336,39,72,2753.0,29519.0,14112,18160,0.09326196686879637,0.15159691629955946
63857.png,DRIP,336,336,39,72,3656.0,28616.0,14112,18160,0.12776069331842327,0.2013215859030837
63857.png,Fixed,336,336,39,72,2753.0,29519.0,14112,18160,0.09326196686879637,0.15159691629955946
63858.png,DRIP,336,336,39,72,3656.0,28616.0,14112,18160,0.12776069331842327,0.2013215859030837
63858.png,Fixed,336,336,39,72,2753.0,29519.0,14112,18160,0.09326196686879637,0.15159691629955946
63859.png,DRIP,336,336,26,72,2366.0,24227.0,14112,12481,0.09765963594336897,0.18956814357823892
63859.png,Fixed,336,336,26,72,1325.0,25268.0,14112,12481,0.05243786607566883,0.10616136527521833
63860.png,DRIP,336,336,26,72,2366.0,24227.0,14112,12481,0.09765963594336897,0.18956814357823892
63860.png,Fixed,336,336,26,72,1325.0,25268.0,14112,12481,0.05243786607566883,0.10616136527521833
63861.png,DRIP,336,336,26,72,2366.0,24227.0,14112,12481,0.09765963594336897,0.18956814357823892
63861.png,Fixed,336,336,26,72,1325.0,25268.0,14112,12481,0.05243786607566883,0.10616136527521833
63862.png,DRIP,336,336,26,72,4205.0,40340.0,14112,30433,0.10423896876549331,0.1381723786678934
63862.png,Fixed,336,336,26,72,4006.0,40539.0,14112,30433,0.0988184217666938,0.13163342424341998
63863.png,DRIP,336,336,26,72,4205.0,40340.0,14112,30433,0.10423896876549331,0.1381723786678934
63863.png,Fixed,336,336,26,72,4006.0,40539.0,14112,30433,0.0988184217666938,0.13163342424341998
63864.png,DRIP,336,336,26,72,4205.0,40340.0,14112,30433,0.10423896876549331,0.1381723786678934
63864.png,Fixed,336,336,26,72,4006.0,40539.0,14112,30433,0.0988184217666938,0.13163342424341998
63865.png,DRIP,336,336,26,72,4205.0,40340.0,14112,30433,0.10423896876549331,0.1381723786678934
63865.png,Fixed,336,336,26,72,4006.0,40539.0,14112,30433,0.0988184217666938,0.13163342424341998
63866.png,DRIP,336,336,26,72,4205.0,40340.0,14112,30433,0.10423896876549331,0.1381723786678934
63866.png,Fixed,336,336,26,72,4006.0,40539.0,14112,30433,0.0988184217666938,0.13163342424341998
63867.png,DRIP,336,336,36,72,2204.0,34468.0,14112,22560,0.06394336776140189,0.09769503546099291
63867.png,Fixed,336,336,36,72,2797.0,33875.0,14112,22560,0.08256826568265682,0.1239804964539007
63868.png,DRIP,336,336,36,72,2204.0,34468.0,14112,22560,0.06394336776140189,0.09769503546099291
63868.png,Fixed,336,336,36,72,2797.0,33875.0,14112,22560,0.08256826568265682,0.1239804964539007
63875.png,DRIP,336,336,31,72,4826.0,48239.0,14112,38953,0.10004353324073882,0.12389289656765846
63875.png,Fixed,336,336,31,72,4561.0,48504.0,14112,38953,0.09403348177469899,0.1170898262008061
63876.png,DRIP,336,336,31,72,4826.0,48239.0,14112,38953,0.10004353324073882,0.12389289656765846
63876.png,Fixed,336,336,31,72,4561.0,48504.0,14112,38953,0.09403348177469899,0.1170898262008061
63877.png,DRIP,336,336,31,72,4826.0,48239.0,14112,38953,0.10004353324073882,0.12389289656765846
63877.png,Fixed,336,336,31,72,4561.0,48504.0,14112,38953,0.09403348177469899,0.1170898262008061
63891.png,DRIP,336,336,75,72,2263.0,36449.0,14112,24600,0.06208675135120305,0.09199186991869919
63891.png,Fixed,336,336,75,72,2977.0,35735.0,14112,24600,0.08330768154470407,0.12101626016260163
63892.png,DRIP,336,336,75,72,2263.0,36449.0,14112,24600,0.06208675135120305,0.09199186991869919
63892.png,Fixed,336,336,75,72,2977.0,35735.0,14112,24600,0.08330768154470407,0.12101626016260163
63893.png,DRIP,336,336,75,72,2263.0,36449.0,14112,24600,0.06208675135120305,0.09199186991869919
63893.png,Fixed,336,336,75,72,2977.0,35735.0,14112,24600,0.08330768154470407,0.12101626016260163
63899.png,DRIP,336,336,23,72,6374.0,41595.0,14112,33857,0.15323957206395,0.188262397731636
63899.png,Fixed,336,336,23,72,3899.0,44070.0,14112,33857,0.08847288404810529,0.11516082346339014
639.png,DRIP,336,336,69,73,9178.0,73282.0,14308,68152,0.12524221500504898,0.13466956215518253
639.png,Fixed,336,336,69,72,8569.0,73695.0,14112,68152,0.11627654522016419,0.12573365418476348
63901.png,DRIP,336,336,23,72,6374.0,41595.0,14112,33857,0.15323957206395,0.188262397731636
63901.png,Fixed,336,336,23,72,3899.0,44070.0,14112,33857,0.08847288404810529,0.11516082346339014
63902.png,DRIP,336,336,23,72,6374.0,41595.0,14112,33857,0.15323957206395,0.188262397731636
63902.png,Fixed,336,336,23,72,3899.0,44070.0,14112,33857,0.08847288404810529,0.11516082346339014
6397.png,DRIP,336,336,80,72,4809.0,39470.0,14112,30167,0.12183937167468964,0.1594126031756555
6397.png,Fixed,336,336,80,72,4379.0,39900.0,14112,30167,0.10974937343358396,0.145158617031856
6399.png,DRIP,336,336,80,72,4809.0,39470.0,14112,30167,0.12183937167468964,0.1594126031756555
6399.png,Fixed,336,336,80,72,4379.0,39900.0,14112,30167,0.10974937343358396,0.145158617031856
6403.png,DRIP,336,336,80,72,4809.0,39470.0,14112,30167,0.12183937167468964,0.1594126031756555
6403.png,Fixed,336,336,80,72,4379.0,39900.0,14112,30167,0.10974937343358396,0.145158617031856
64133.png,DRIP,336,336,27,72,2383.0,29188.0,14112,17459,0.08164314101685624,0.13649120797296524
64133.png,Fixed,336,336,27,72,2546.0,29025.0,14112,17459,0.08771748492678726,0.1458273669740535
64134.png,DRIP,336,336,27,72,2383.0,29188.0,14112,17459,0.08164314101685624,0.13649120797296524
64134.png,Fixed,336,336,27,72,2546.0,29025.0,14112,17459,0.08771748492678726,0.1458273669740535
64135.png,DRIP,336,336,27,72,2383.0,29188.0,14112,17459,0.08164314101685624,0.13649120797296524
64135.png,Fixed,336,336,27,72,2546.0,29025.0,14112,17459,0.08771748492678726,0.1458273669740535
64136.png,DRIP,336,336,27,72,2383.0,29188.0,14112,17459,0.08164314101685624,0.13649120797296524
64136.png,Fixed,336,336,27,72,2546.0,29025.0,14112,17459,0.08771748492678726,0.1458273669740535
64137.png,DRIP,336,336,10,72,1795.0,19382.0,14112,7065,0.09261170157878444,0.254069355980184
64137.png,Fixed,336,336,10,72,584.0,20593.0,14112,7065,0.02835915116787258,0.08266100495399858
64138.png,DRIP,336,336,10,72,1795.0,19382.0,14112,7065,0.09261170157878444,0.254069355980184
64138.png,Fixed,336,336,10,72,584.0,20593.0,14112,7065,0.02835915116787258,0.08266100495399858
64139.png,DRIP,336,336,10,72,1795.0,19382.0,14112,7065,0.09261170157878444,0.254069355980184
64139.png,Fixed,336,336,10,72,584.0,20593.0,14112,7065,0.02835915116787258,0.08266100495399858
64141.png,DRIP,336,336,5,73,923.0,15464.0,14308,2079,0.059687015002586656,0.44396344396344395
64141.png,Fixed,336,336,5,72,693.0,15498.0,14112,2079,0.044715447154471545,0.3333333333333333
64142.png,DRIP,336,336,5,73,923.0,15464.0,14308,2079,0.059687015002586656,0.44396344396344395
64142.png,Fixed,336,336,5,72,693.0,15498.0,14112,2079,0.044715447154471545,0.3333333333333333
64143.png,DRIP,336,336,5,73,923.0,15464.0,14308,2079,0.059687015002586656,0.44396344396344395
64143.png,Fixed,336,336,5,72,693.0,15498.0,14112,2079,0.044715447154471545,0.3333333333333333
64144.png,DRIP,336,336,5,73,923.0,15464.0,14308,2079,0.059687015002586656,0.44396344396344395
64144.png,Fixed,336,336,5,72,693.0,15498.0,14112,2079,0.044715447154471545,0.3333333333333333
64149.png,DRIP,336,336,1,73,864.0,16389.0,14308,2945,0.05271828665568369,0.2933786078098472
64149.png,Fixed,336,336,1,72,532.0,16525.0,14112,2945,0.032193645990922844,0.18064516129032257
64150.png,DRIP,336,336,1,73,864.0,16389.0,14308,2945,0.05271828665568369,0.2933786078098472
64150.png,Fixed,336,336,1,72,532.0,16525.0,14112,2945,0.032193645990922844,0.18064516129032257
64151.png,DRIP,336,336,1,73,864.0,16389.0,14308,2945,0.05271828665568369,0.2933786078098472
64151.png,Fixed,336,336,1,72,532.0,16525.0,14112,2945,0.032193645990922844,0.18064516129032257
64152.png,DRIP,336,336,1,73,864.0,16389.0,14308,2945,0.05271828665568369,0.2933786078098472
64152.png,Fixed,336,336,1,72,532.0,16525.0,14112,2945,0.032193645990922844,0.18064516129032257
64153.png,DRIP,336,336,1,73,864.0,16389.0,14308,2945,0.05271828665568369,0.2933786078098472
64153.png,Fixed,336,336,1,72,532.0,16525.0,14112,2945,0.032193645990922844,0.18064516129032257
64154.png,DRIP,336,336,19,72,2495.0,21261.0,14112,9644,0.11735101829641127,0.2587100788054749
64154.png,Fixed,336,336,19,72,1276.0,22480.0,14112,9644,0.05676156583629893,0.13231024471173786
64155.png,DRIP,336,336,19,72,2495.0,21261.0,14112,9644,0.11735101829641127,0.2587100788054749
64155.png,Fixed,336,336,19,72,1276.0,22480.0,14112,9644,0.05676156583629893,0.13231024471173786
64157.png,DRIP,336,336,19,72,2495.0,21261.0,14112,9644,0.11735101829641127,0.2587100788054749
64157.png,Fixed,336,336,19,72,1276.0,22480.0,14112,9644,0.05676156583629893,0.13231024471173786
64158.png,DRIP,336,336,19,72,2495.0,21261.0,14112,9644,0.11735101829641127,0.2587100788054749
64158.png,Fixed,336,336,19,72,1276.0,22480.0,14112,9644,0.05676156583629893,0.13231024471173786
64166.png,DRIP,336,336,0,73,,,14308,0,,
64166.png,Fixed,336,336,0,72,,,14112,0,,
64167.png,DRIP,336,336,0,73,,,14308,0,,
64167.png,Fixed,336,336,0,72,,,14112,0,,
64168.png,DRIP,336,336,0,73,,,14308,0,,
64168.png,Fixed,336,336,0,72,,,14112,0,,
64169.png,DRIP,336,336,0,73,,,14308,0,,
64169.png,Fixed,336,336,0,72,,,14112,0,,
64170.png,DRIP,336,336,5,72,1718.0,15525.0,14112,3131,0.11066022544283415,0.5487064835515809
64170.png,Fixed,336,336,5,72,294.0,16949.0,14112,3131,0.017346156115405038,0.09389971255190036
64171.png,DRIP,336,336,5,72,1718.0,15525.0,14112,3131,0.11066022544283415,0.5487064835515809
64171.png,Fixed,336,336,5,72,294.0,16949.0,14112,3131,0.017346156115405038,0.09389971255190036
64172.png,DRIP,336,336,5,72,1718.0,15525.0,14112,3131,0.11066022544283415,0.5487064835515809
64172.png,Fixed,336,336,5,72,294.0,16949.0,14112,3131,0.017346156115405038,0.09389971255190036
64178.png,DRIP,336,336,11,72,1618.0,18907.0,14112,6413,0.08557677050827736,0.25230001559332604
64178.png,Fixed,336,336,11,72,908.0,19617.0,14112,6413,0.04628638425855126,0.1415874005925464
64179.png,DRIP,336,336,11,72,1618.0,18907.0,14112,6413,0.08557677050827736,0.25230001559332604
64179.png,Fixed,336,336,11,72,908.0,19617.0,14112,6413,0.04628638425855126,0.1415874005925464
64180.png,DRIP,336,336,11,72,1618.0,18907.0,14112,6413,0.08557677050827736,0.25230001559332604
64180.png,Fixed,336,336,11,72,908.0,19617.0,14112,6413,0.04628638425855126,0.1415874005925464
64181.png,DRIP,336,336,11,72,1618.0,18907.0,14112,6413,0.08557677050827736,0.25230001559332604
64181.png,Fixed,336,336,11,72,908.0,19617.0,14112,6413,0.04628638425855126,0.1415874005925464
64183.png,DRIP,336,336,11,72,1618.0,18907.0,14112,6413,0.08557677050827736,0.25230001559332604
64183.png,Fixed,336,336,11,72,908.0,19617.0,14112,6413,0.04628638425855126,0.1415874005925464
64184.png,DRIP,336,336,11,72,1618.0,18907.0,14112,6413,0.08557677050827736,0.25230001559332604
64184.png,Fixed,336,336,11,72,908.0,19617.0,14112,6413,0.04628638425855126,0.1415874005925464
64185.png,DRIP,336,336,11,72,1618.0,18907.0,14112,6413,0.08557677050827736,0.25230001559332604
64185.png,Fixed,336,336,11,72,908.0,19617.0,14112,6413,0.04628638425855126,0.1415874005925464
64187.png,DRIP,336,336,11,72,1618.0,18907.0,14112,6413,0.08557677050827736,0.25230001559332604
64187.png,Fixed,336,336,11,72,908.0,19617.0,14112,6413,0.04628638425855126,0.1415874005925464
64188.png,DRIP,336,336,11,72,1618.0,18907.0,14112,6413,0.08557677050827736,0.25230001559332604
64188.png,Fixed,336,336,11,72,908.0,19617.0,14112,6413,0.04628638425855126,0.1415874005925464
64190.png,DRIP,336,336,11,72,1618.0,18907.0,14112,6413,0.08557677050827736,0.25230001559332604
64190.png,Fixed,336,336,11,72,908.0,19617.0,14112,6413,0.04628638425855126,0.1415874005925464
64191.png,DRIP,336,336,11,72,1618.0,18907.0,14112,6413,0.08557677050827736,0.25230001559332604
64191.png,Fixed,336,336,11,72,908.0,19617.0,14112,6413,0.04628638425855126,0.1415874005925464
64192.png,DRIP,336,336,11,72,1618.0,18907.0,14112,6413,0.08557677050827736,0.25230001559332604
64192.png,Fixed,336,336,11,72,908.0,19617.0,14112,6413,0.04628638425855126,0.1415874005925464
64202.png,DRIP,336,336,6,72,1341.0,15528.0,14112,2757,0.08636012364760433,0.48639825897714906
64202.png,Fixed,336,336,6,72,154.0,16715.0,14112,2757,0.009213281483697279,0.05585781646717446
64203.png,DRIP,336,336,6,72,1341.0,15528.0,14112,2757,0.08636012364760433,0.48639825897714906
64203.png,Fixed,336,336,6,72,154.0,16715.0,14112,2757,0.009213281483697279,0.05585781646717446
64204.png,DRIP,336,336,6,72,1341.0,15528.0,14112,2757,0.08636012364760433,0.48639825897714906
64204.png,Fixed,336,336,6,72,154.0,16715.0,14112,2757,0.009213281483697279,0.05585781646717446
64206.png,DRIP,336,336,5,72,573.0,17561.0,14112,4022,0.03262912134844257,0.14246643460964695
64206.png,Fixed,336,336,5,72,700.0,17434.0,14112,4022,0.04015142824366181,0.174042764793635
64207.png,DRIP,336,336,5,72,573.0,17561.0,14112,4022,0.03262912134844257,0.14246643460964695
64207.png,Fixed,336,336,5,72,700.0,17434.0,14112,4022,0.04015142824366181,0.174042764793635
64208.png,DRIP,336,336,5,72,573.0,17561.0,14112,4022,0.03262912134844257,0.14246643460964695
64208.png,Fixed,336,336,5,72,700.0,17434.0,14112,4022,0.04015142824366181,0.174042764793635
64209.png,DRIP,336,336,5,72,573.0,17561.0,14112,4022,0.03262912134844257,0.14246643460964695
64209.png,Fixed,336,336,5,72,700.0,17434.0,14112,4022,0.04015142824366181,0.174042764793635
64211.png,DRIP,336,336,24,72,2517.0,28530.0,14112,16935,0.08822292323869611,0.14862710363153234
64211.png,Fixed,336,336,24,72,3192.0,27855.0,14112,16935,0.11459343026386645,0.18848538529672276
64212.png,DRIP,336,336,24,72,2517.0,28530.0,14112,16935,0.08822292323869611,0.14862710363153234
64212.png,Fixed,336,336,24,72,3192.0,27855.0,14112,16935,0.11459343026386645,0.18848538529672276
64213.png,DRIP,336,336,8,72,1036.0,15826.0,14112,2750,0.06546189814229748,0.37672727272727274
64213.png,Fixed,336,336,8,72,320.0,16542.0,14112,2750,0.019344698343610203,0.11636363636363636
64214.png,DRIP,336,336,8,72,1036.0,15826.0,14112,2750,0.06546189814229748,0.37672727272727274
64214.png,Fixed,336,336,8,72,320.0,16542.0,14112,2750,0.019344698343610203,0.11636363636363636
64215.png,DRIP,336,336,24,72,2517.0,28530.0,14112,16935,0.08822292323869611,0.14862710363153234
64215.png,Fixed,336,336,24,72,3192.0,27855.0,14112,16935,0.11459343026386645,0.18848538529672276
64216.png,DRIP,336,336,24,72,2517.0,28530.0,14112,16935,0.08822292323869611,0.14862710363153234
64216.png,Fixed,336,336,24,72,3192.0,27855.0,14112,16935,0.11459343026386645,0.18848538529672276
64219.png,DRIP,336,336,24,72,2517.0,28530.0,14112,16935,0.08822292323869611,0.14862710363153234
64219.png,Fixed,336,336,24,72,3192.0,27855.0,14112,16935,0.11459343026386645,0.18848538529672276
64220.png,DRIP,336,336,8,72,1036.0,15826.0,14112,2750,0.06546189814229748,0.37672727272727274
64220.png,Fixed,336,336,8,72,320.0,16542.0,14112,2750,0.019344698343610203,0.11636363636363636
64224.png,DRIP,336,336,24,72,2517.0,28530.0,14112,16935,0.08822292323869611,0.14862710363153234
64224.png,Fixed,336,336,24,72,3192.0,27855.0,14112,16935,0.11459343026386645,0.18848538529672276
64227.png,DRIP,336,336,11,72,1317.0,18379.0,14112,5584,0.07165787039556015,0.23585243553008595
64227.png,Fixed,336,336,11,72,914.0,18782.0,14112,5584,0.04866361409860505,0.16368194842406877
64228.png,DRIP,336,336,11,72,1317.0,18379.0,14112,5584,0.07165787039556015,0.23585243553008595
64228.png,Fixed,336,336,11,72,914.0,18782.0,14112,5584,0.04866361409860505,0.16368194842406877
64229.png,DRIP,336,336,11,72,1317.0,18379.0,14112,5584,0.07165787039556015,0.23585243553008595
64229.png,Fixed,336,336,11,72,914.0,18782.0,14112,5584,0.04866361409860505,0.16368194842406877
64235.png,DRIP,336,336,24,72,2517.0,28530.0,14112,16935,0.08822292323869611,0.14862710363153234
64235.png,Fixed,336,336,24,72,3192.0,27855.0,14112,16935,0.11459343026386645,0.18848538529672276
64238.png,DRIP,336,336,24,72,2517.0,28530.0,14112,16935,0.08822292323869611,0.14862710363153234
64238.png,Fixed,336,336,24,72,3192.0,27855.0,14112,16935,0.11459343026386645,0.18848538529672276
64250.png,DRIP,336,336,29,72,2382.0,23990.0,14112,12260,0.09929137140475199,0.19429037520391518
64250.png,Fixed,336,336,29,72,1081.0,25291.0,14112,12260,0.04274247756118778,0.08817292006525286
64252.png,DRIP,336,336,21,72,1072.0,29158.0,14112,16118,0.036765210233898074,0.06650949249286511
64252.png,Fixed,336,336,21,72,1738.0,28492.0,14112,16118,0.06099957882914502,0.10782975555279811
64253.png,DRIP,336,336,21,72,1072.0,29158.0,14112,16118,0.036765210233898074,0.06650949249286511
64253.png,Fixed,336,336,21,72,1738.0,28492.0,14112,16118,0.06099957882914502,0.10782975555279811
64254.png,DRIP,336,336,21,72,1072.0,29158.0,14112,16118,0.036765210233898074,0.06650949249286511
64254.png,Fixed,336,336,21,72,1738.0,28492.0,14112,16118,0.06099957882914502,0.10782975555279811
64255.png,DRIP,336,336,21,72,1072.0,29158.0,14112,16118,0.036765210233898074,0.06650949249286511
64255.png,Fixed,336,336,21,72,1738.0,28492.0,14112,16118,0.06099957882914502,0.10782975555279811
64271.png,DRIP,336,336,13,72,2285.0,17675.0,14112,5848,0.1292786421499293,0.3907318741450068
64271.png,Fixed,336,336,13,72,907.0,19053.0,14112,5848,0.04760405185535086,0.15509575923392613
64272.png,DRIP,336,336,13,72,2285.0,17675.0,14112,5848,0.1292786421499293,0.3907318741450068
64272.png,Fixed,336,336,13,72,907.0,19053.0,14112,5848,0.04760405185535086,0.15509575923392613
64273.png,DRIP,336,336,13,72,2285.0,17675.0,14112,5848,0.1292786421499293,0.3907318741450068
64273.png,Fixed,336,336,13,72,907.0,19053.0,14112,5848,0.04760405185535086,0.15509575923392613
64274.png,DRIP,336,336,13,72,2285.0,17675.0,14112,5848,0.1292786421499293,0.3907318741450068
64274.png,Fixed,336,336,13,72,907.0,19053.0,14112,5848,0.04760405185535086,0.15509575923392613
64275.png,DRIP,336,336,13,72,2285.0,17675.0,14112,5848,0.1292786421499293,0.3907318741450068
64275.png,Fixed,336,336,13,72,907.0,19053.0,14112,5848,0.04760405185535086,0.15509575923392613
64276.png,DRIP,336,336,13,72,2285.0,17675.0,14112,5848,0.1292786421499293,0.3907318741450068
64276.png,Fixed,336,336,13,72,907.0,19053.0,14112,5848,0.04760405185535086,0.15509575923392613
64278.png,DRIP,336,336,13,72,2285.0,17675.0,14112,5848,0.1292786421499293,0.3907318741450068
64278.png,Fixed,336,336,13,72,907.0,19053.0,14112,5848,0.04760405185535086,0.15509575923392613
64285.png,DRIP,336,336,14,73,3809.0,26386.0,14308,15887,0.1443568559084363,0.2397557751620822
64285.png,Fixed,336,336,14,72,2188.0,27811.0,14112,15887,0.07867390600841394,0.13772266633096242
64286.png,DRIP,336,336,14,73,3809.0,26386.0,14308,15887,0.1443568559084363,0.2397557751620822
64286.png,Fixed,336,336,14,72,2188.0,27811.0,14112,15887,0.07867390600841394,0.13772266633096242
64287.png,DRIP,336,336,14,73,3809.0,26386.0,14308,15887,0.1443568559084363,0.2397557751620822
64287.png,Fixed,336,336,14,72,2188.0,27811.0,14112,15887,0.07867390600841394,0.13772266633096242
64288.png,DRIP,336,336,14,73,3809.0,26386.0,14308,15887,0.1443568559084363,0.2397557751620822
64288.png,Fixed,336,336,14,72,2188.0,27811.0,14112,15887,0.07867390600841394,0.13772266633096242
64289.png,DRIP,336,336,14,73,3809.0,26386.0,14308,15887,0.1443568559084363,0.2397557751620822
64289.png,Fixed,336,336,14,72,2188.0,27811.0,14112,15887,0.07867390600841394,0.13772266633096242
64296.png,DRIP,336,336,18,73,7171.0,47018.0,14308,39881,0.15251605768003743,0.17980993455530203
64296.png,Fixed,336,336,18,72,4995.0,48998.0,14112,39881,0.10194293644638557,0.12524761164464282
64298.png,DRIP,336,336,18,73,7171.0,47018.0,14308,39881,0.15251605768003743,0.17980993455530203
64298.png,Fixed,336,336,18,72,4995.0,48998.0,14112,39881,0.10194293644638557,0.12524761164464282
64304.png,DRIP,336,336,15,73,4468.0,26450.0,14308,16610,0.16892249527410208,0.26899458157736306
64304.png,Fixed,336,336,15,72,2016.0,28706.0,14112,16610,0.07022922037204765,0.1213726670680313
64305.png,DRIP,336,336,15,73,4468.0,26450.0,14308,16610,0.16892249527410208,0.26899458157736306
64305.png,Fixed,336,336,15,72,2016.0,28706.0,14112,16610,0.07022922037204765,0.1213726670680313
64306.png,DRIP,336,336,15,73,4468.0,26450.0,14308,16610,0.16892249527410208,0.26899458157736306
64306.png,Fixed,336,336,15,72,2016.0,28706.0,14112,16610,0.07022922037204765,0.1213726670680313
64307.png,DRIP,336,336,15,73,4468.0,26450.0,14308,16610,0.16892249527410208,0.26899458157736306
64307.png,Fixed,336,336,15,72,2016.0,28706.0,14112,16610,0.07022922037204765,0.1213726670680313
64316.png,DRIP,336,336,35,73,6566.0,49903.0,14308,42161,0.13157525599663347,0.15573634401461067
64316.png,Fixed,336,336,35,72,5748.0,50525.0,14112,42161,0.11376546264225632,0.13633452716965916
64319.png,DRIP,336,336,35,73,6566.0,49903.0,14308,42161,0.13157525599663347,0.15573634401461067
64319.png,Fixed,336,336,35,72,5748.0,50525.0,14112,42161,0.11376546264225632,0.13633452716965916
64322.png,DRIP,336,336,35,73,6566.0,49903.0,14308,42161,0.13157525599663347,0.15573634401461067
64322.png,Fixed,336,336,35,72,5748.0,50525.0,14112,42161,0.11376546264225632,0.13633452716965916
64324.png,DRIP,336,336,35,73,6566.0,49903.0,14308,42161,0.13157525599663347,0.15573634401461067
64324.png,Fixed,336,336,35,72,5748.0,50525.0,14112,42161,0.11376546264225632,0.13633452716965916
64325.png,DRIP,336,336,35,73,6566.0,49903.0,14308,42161,0.13157525599663347,0.15573634401461067
64325.png,Fixed,336,336,35,72,5748.0,50525.0,14112,42161,0.11376546264225632,0.13633452716965916
64327.png,DRIP,336,336,35,73,6566.0,49903.0,14308,42161,0.13157525599663347,0.15573634401461067
64327.png,Fixed,336,336,35,72,5748.0,50525.0,14112,42161,0.11376546264225632,0.13633452716965916
64328.png,DRIP,336,336,22,72,3117.0,33127.0,14112,22132,0.09409243215503969,0.14083679739743357
64328.png,Fixed,336,336,22,72,3992.0,32252.0,14112,22132,0.12377526975071314,0.18037231158503525
64329.png,DRIP,336,336,35,73,6566.0,49903.0,14308,42161,0.13157525599663347,0.15573634401461067
64329.png,Fixed,336,336,35,72,5748.0,50525.0,14112,42161,0.11376546264225632,0.13633452716965916
64331.png,DRIP,336,336,22,72,3117.0,33127.0,14112,22132,0.09409243215503969,0.14083679739743357
64331.png,Fixed,336,336,22,72,3992.0,32252.0,14112,22132,0.12377526975071314,0.18037231158503525
64334.png,DRIP,336,336,31,73,7306.0,51666.0,14308,44664,0.1414082762358224,0.16357692996596812
64334.png,Fixed,336,336,31,72,6102.0,52674.0,14112,44664,0.11584462922884155,0.13662009672219236
64357.png,DRIP,336,336,31,73,7306.0,51666.0,14308,44664,0.1414082762358224,0.16357692996596812
64357.png,Fixed,336,336,31,72,6102.0,52674.0,14112,44664,0.11584462922884155,0.13662009672219236
64366.png,DRIP,336,336,31,73,7306.0,51666.0,14308,44664,0.1414082762358224,0.16357692996596812
64366.png,Fixed,336,336,31,72,6102.0,52674.0,14112,44664,0.11584462922884155,0.13662009672219236
64369.png,DRIP,336,336,31,73,7306.0,51666.0,14308,44664,0.1414082762358224,0.16357692996596812
64369.png,Fixed,336,336,31,72,6102.0,52674.0,14112,44664,0.11584462922884155,0.13662009672219236
64377.png,DRIP,336,336,31,73,7306.0,51666.0,14308,44664,0.1414082762358224,0.16357692996596812
64377.png,Fixed,336,336,31,72,6102.0,52674.0,14112,44664,0.11584462922884155,0.13662009672219236
64378.png,DRIP,336,336,31,73,7306.0,51666.0,14308,44664,0.1414082762358224,0.16357692996596812
64378.png,Fixed,336,336,31,72,6102.0,52674.0,14112,44664,0.11584462922884155,0.13662009672219236
64381.png,DRIP,336,336,31,73,7306.0,51666.0,14308,44664,0.1414082762358224,0.16357692996596812
64381.png,Fixed,336,336,31,72,6102.0,52674.0,14112,44664,0.11584462922884155,0.13662009672219236
64384.png,DRIP,336,336,31,73,7306.0,51666.0,14308,44664,0.1414082762358224,0.16357692996596812
64384.png,Fixed,336,336,31,72,6102.0,52674.0,14112,44664,0.11584462922884155,0.13662009672219236
64387.png,DRIP,336,336,31,73,7306.0,51666.0,14308,44664,0.1414082762358224,0.16357692996596812
64387.png,Fixed,336,336,31,72,6102.0,52674.0,14112,44664,0.11584462922884155,0.13662009672219236
64403.png,DRIP,336,336,2,73,1448.0,15401.0,14308,2541,0.09401986883968573,0.5698543880362062
64403.png,Fixed,336,336,2,72,329.0,16324.0,14112,2541,0.020154373927958835,0.12947658402203857
64405.png,DRIP,336,336,2,73,1448.0,15401.0,14308,2541,0.09401986883968573,0.5698543880362062
64405.png,Fixed,336,336,2,72,329.0,16324.0,14112,2541,0.020154373927958835,0.12947658402203857
64413.png,DRIP,336,336,2,73,1448.0,15401.0,14308,2541,0.09401986883968573,0.5698543880362062
64413.png,Fixed,336,336,2,72,329.0,16324.0,14112,2541,0.020154373927958835,0.12947658402203857
64420.png,DRIP,336,336,2,73,1448.0,15401.0,14308,2541,0.09401986883968573,0.5698543880362062
64420.png,Fixed,336,336,2,72,329.0,16324.0,14112,2541,0.020154373927958835,0.12947658402203857
64461.png,DRIP,336,336,40,73,4146.0,26014.0,14308,15852,0.15937572076574152,0.2615442846328539
64461.png,Fixed,336,336,40,72,1502.0,28462.0,14112,15852,0.052772117208910126,0.09475145092101943
64462.png,DRIP,336,336,40,73,4146.0,26014.0,14308,15852,0.15937572076574152,0.2615442846328539
64462.png,Fixed,336,336,40,72,1502.0,28462.0,14112,15852,0.052772117208910126,0.09475145092101943
64464.png,DRIP,336,336,40,73,4146.0,26014.0,14308,15852,0.15937572076574152,0.2615442846328539
64464.png,Fixed,336,336,40,72,1502.0,28462.0,14112,15852,0.052772117208910126,0.09475145092101943
64465.png,DRIP,336,336,40,73,4146.0,26014.0,14308,15852,0.15937572076574152,0.2615442846328539
64465.png,Fixed,336,336,40,72,1502.0,28462.0,14112,15852,0.052772117208910126,0.09475145092101943
64466.png,DRIP,336,336,40,73,4146.0,26014.0,14308,15852,0.15937572076574152,0.2615442846328539
64466.png,Fixed,336,336,40,72,1502.0,28462.0,14112,15852,0.052772117208910126,0.09475145092101943
64468.png,DRIP,336,336,9,73,3088.0,24106.0,14308,12886,0.12810088774578943,0.23963991929225517
64468.png,Fixed,336,336,9,72,1979.0,25019.0,14112,12886,0.07909988408809306,0.15357752599720628
64470.png,DRIP,336,336,9,73,3088.0,24106.0,14308,12886,0.12810088774578943,0.23963991929225517
64470.png,Fixed,336,336,9,72,1979.0,25019.0,14112,12886,0.07909988408809306,0.15357752599720628
64472.png,DRIP,336,336,9,73,3088.0,24106.0,14308,12886,0.12810088774578943,0.23963991929225517
64472.png,Fixed,336,336,9,72,1979.0,25019.0,14112,12886,0.07909988408809306,0.15357752599720628
64479.png,DRIP,336,336,31,72,3228.0,27919.0,14112,17035,0.11562018696944733,0.18949222189609627
64479.png,Fixed,336,336,31,72,2187.0,28960.0,14112,17035,0.07551795580110497,0.12838274141473438
64480.png,DRIP,336,336,31,72,3228.0,27919.0,14112,17035,0.11562018696944733,0.18949222189609627
64480.png,Fixed,336,336,31,72,2187.0,28960.0,14112,17035,0.07551795580110497,0.12838274141473438
64481.png,DRIP,336,336,31,72,3228.0,27919.0,14112,17035,0.11562018696944733,0.18949222189609627
64481.png,Fixed,336,336,31,72,2187.0,28960.0,14112,17035,0.07551795580110497,0.12838274141473438
64484.png,DRIP,336,336,30,72,359.0,28695.0,14112,14942,0.01251089039902422,0.02402623477446125
64484.png,Fixed,336,336,30,72,1662.0,27392.0,14112,14942,0.06067464953271028,0.11123008968009637
64485.png,DRIP,336,336,30,72,359.0,28695.0,14112,14942,0.01251089039902422,0.02402623477446125
64485.png,Fixed,336,336,30,72,1662.0,27392.0,14112,14942,0.06067464953271028,0.11123008968009637
64486.png,DRIP,336,336,30,72,359.0,28695.0,14112,14942,0.01251089039902422,0.02402623477446125
64486.png,Fixed,336,336,30,72,1662.0,27392.0,14112,14942,0.06067464953271028,0.11123008968009637
64487.png,DRIP,336,336,30,72,359.0,28695.0,14112,14942,0.01251089039902422,0.02402623477446125
64487.png,Fixed,336,336,30,72,1662.0,27392.0,14112,14942,0.06067464953271028,0.11123008968009637
64488.png,DRIP,336,336,5,72,1022.0,17064.0,14112,3974,0.05989217065166432,0.2571716155007549
64488.png,Fixed,336,336,5,72,395.0,17691.0,14112,3974,0.022327737267537166,0.09939607448414696
64489.png,DRIP,336,336,5,72,1022.0,17064.0,14112,3974,0.05989217065166432,0.2571716155007549
64489.png,Fixed,336,336,5,72,395.0,17691.0,14112,3974,0.022327737267537166,0.09939607448414696
64490.png,DRIP,336,336,5,72,1022.0,17064.0,14112,3974,0.05989217065166432,0.2571716155007549
64490.png,Fixed,336,336,5,72,395.0,17691.0,14112,3974,0.022327737267537166,0.09939607448414696
64491.png,DRIP,336,336,5,72,1022.0,17064.0,14112,3974,0.05989217065166432,0.2571716155007549
64491.png,Fixed,336,336,5,72,395.0,17691.0,14112,3974,0.022327737267537166,0.09939607448414696
64492.png,DRIP,336,336,28,73,2274.0,24968.0,14308,12934,0.09107657801986543,0.17581567960414413
64492.png,Fixed,336,336,28,72,1140.0,25906.0,14112,12934,0.044005249749092874,0.08813978660893769
64493.png,DRIP,336,336,28,73,2274.0,24968.0,14308,12934,0.09107657801986543,0.17581567960414413
64493.png,Fixed,336,336,28,72,1140.0,25906.0,14112,12934,0.044005249749092874,0.08813978660893769
64494.png,DRIP,336,336,28,73,2274.0,24968.0,14308,12934,0.09107657801986543,0.17581567960414413
64494.png,Fixed,336,336,28,72,1140.0,25906.0,14112,12934,0.044005249749092874,0.08813978660893769
64495.png,DRIP,336,336,28,73,2274.0,24968.0,14308,12934,0.09107657801986543,0.17581567960414413
64495.png,Fixed,336,336,28,72,1140.0,25906.0,14112,12934,0.044005249749092874,0.08813978660893769
64496.png,DRIP,336,336,28,73,2274.0,24968.0,14308,12934,0.09107657801986543,0.17581567960414413
64496.png,Fixed,336,336,28,72,1140.0,25906.0,14112,12934,0.044005249749092874,0.08813978660893769
64497.png,DRIP,336,336,14,72,2558.0,24313.0,14112,12759,0.1052112038826965,0.2004859314993338
64497.png,Fixed,336,336,14,72,1575.0,25296.0,14112,12759,0.06226280834914611,0.12344227604044204
64498.png,DRIP,336,336,14,72,2558.0,24313.0,14112,12759,0.1052112038826965,0.2004859314993338
64498.png,Fixed,336,336,14,72,1575.0,25296.0,14112,12759,0.06226280834914611,0.12344227604044204
64499.png,DRIP,336,336,14,72,2558.0,24313.0,14112,12759,0.1052112038826965,0.2004859314993338
64499.png,Fixed,336,336,14,72,1575.0,25296.0,14112,12759,0.06226280834914611,0.12344227604044204
64500.png,DRIP,336,336,14,72,2558.0,24313.0,14112,12759,0.1052112038826965,0.2004859314993338
64500.png,Fixed,336,336,14,72,1575.0,25296.0,14112,12759,0.06226280834914611,0.12344227604044204
64506.png,DRIP,336,336,11,72,549.0,19095.0,14112,5532,0.028750981932443048,0.0992407809110629
64506.png,Fixed,336,336,11,72,250.0,19394.0,14112,5532,0.012890584716922759,0.04519161243673174
64541.png,DRIP,336,336,4,72,1064.0,15900.0,14112,2852,0.06691823899371069,0.37307152875175315
64541.png,Fixed,336,336,4,72,448.0,16516.0,14112,2852,0.02712521191571809,0.1570827489481066
64542.png,DRIP,336,336,4,72,1064.0,15900.0,14112,2852,0.06691823899371069,0.37307152875175315
64542.png,Fixed,336,336,4,72,448.0,16516.0,14112,2852,0.02712521191571809,0.1570827489481066
64543.png,DRIP,336,336,4,72,1064.0,15900.0,14112,2852,0.06691823899371069,0.37307152875175315
64543.png,Fixed,336,336,4,72,448.0,16516.0,14112,2852,0.02712521191571809,0.1570827489481066
64544.png,DRIP,336,336,4,72,1064.0,15900.0,14112,2852,0.06691823899371069,0.37307152875175315
64544.png,Fixed,336,336,4,72,448.0,16516.0,14112,2852,0.02712521191571809,0.1570827489481066
64545.png,DRIP,336,336,4,72,1064.0,15900.0,14112,2852,0.06691823899371069,0.37307152875175315
64545.png,Fixed,336,336,4,72,448.0,16516.0,14112,2852,0.02712521191571809,0.1570827489481066
64546.png,DRIP,336,336,4,72,1064.0,15900.0,14112,2852,0.06691823899371069,0.37307152875175315
64546.png,Fixed,336,336,4,72,448.0,16516.0,14112,2852,0.02712521191571809,0.1570827489481066
64547.png,DRIP,336,336,4,72,1064.0,15900.0,14112,2852,0.06691823899371069,0.37307152875175315
64547.png,Fixed,336,336,4,72,448.0,16516.0,14112,2852,0.02712521191571809,0.1570827489481066
64548.png,DRIP,336,336,4,72,1064.0,15900.0,14112,2852,0.06691823899371069,0.37307152875175315
64548.png,Fixed,336,336,4,72,448.0,16516.0,14112,2852,0.02712521191571809,0.1570827489481066
64549.png,DRIP,336,336,4,72,1064.0,15900.0,14112,2852,0.06691823899371069,0.37307152875175315
64549.png,Fixed,336,336,4,72,448.0,16516.0,14112,2852,0.02712521191571809,0.1570827489481066
64550.png,DRIP,336,336,4,72,1064.0,15900.0,14112,2852,0.06691823899371069,0.37307152875175315
64550.png,Fixed,336,336,4,72,448.0,16516.0,14112,2852,0.02712521191571809,0.1570827489481066
64551.png,DRIP,336,336,4,73,2919.0,20185.0,14308,8796,0.14461233589298986,0.33185538881309684
64551.png,Fixed,336,336,4,72,1128.0,21780.0,14112,8796,0.051790633608815424,0.12824010914051842
64552.png,DRIP,336,336,4,73,2919.0,20185.0,14308,8796,0.14461233589298986,0.33185538881309684
64552.png,Fixed,336,336,4,72,1128.0,21780.0,14112,8796,0.051790633608815424,0.12824010914051842
64553.png,DRIP,336,336,4,73,2919.0,20185.0,14308,8796,0.14461233589298986,0.33185538881309684
64553.png,Fixed,336,336,4,72,1128.0,21780.0,14112,8796,0.051790633608815424,0.12824010914051842
64554.png,DRIP,336,336,4,73,2919.0,20185.0,14308,8796,0.14461233589298986,0.33185538881309684
64554.png,Fixed,336,336,4,72,1128.0,21780.0,14112,8796,0.051790633608815424,0.12824010914051842
64560.png,DRIP,336,336,11,72,549.0,19095.0,14112,5532,0.028750981932443048,0.0992407809110629
64560.png,Fixed,336,336,11,72,250.0,19394.0,14112,5532,0.012890584716922759,0.04519161243673174
64564.png,DRIP,336,336,11,72,549.0,19095.0,14112,5532,0.028750981932443048,0.0992407809110629
64564.png,Fixed,336,336,11,72,250.0,19394.0,14112,5532,0.012890584716922759,0.04519161243673174
64582.png,DRIP,336,336,11,72,2089.0,20514.0,14112,8491,0.10183289460856,0.24602520315628312
64582.png,Fixed,336,336,11,72,1084.0,21519.0,14112,8491,0.050374088015242346,0.12766458603226946
64583.png,DRIP,336,336,11,72,2089.0,20514.0,14112,8491,0.10183289460856,0.24602520315628312
64583.png,Fixed,336,336,11,72,1084.0,21519.0,14112,8491,0.050374088015242346,0.12766458603226946
64584.png,DRIP,336,336,11,72,2089.0,20514.0,14112,8491,0.10183289460856,0.24602520315628312
64584.png,Fixed,336,336,11,72,1084.0,21519.0,14112,8491,0.050374088015242346,0.12766458603226946
64587.png,DRIP,336,336,11,72,2089.0,20514.0,14112,8491,0.10183289460856,0.24602520315628312
64587.png,Fixed,336,336,11,72,1084.0,21519.0,14112,8491,0.050374088015242346,0.12766458603226946
64588.png,DRIP,336,336,11,72,2089.0,20514.0,14112,8491,0.10183289460856,0.24602520315628312
64588.png,Fixed,336,336,11,72,1084.0,21519.0,14112,8491,0.050374088015242346,0.12766458603226946
64589.png,DRIP,336,336,31,72,4413.0,54285.0,14112,44586,0.08129317491019619,0.0989772574350693
64589.png,Fixed,336,336,31,72,5134.0,53564.0,14112,44586,0.09584795758345158,0.11514825281478491
64590.png,DRIP,336,336,31,72,4413.0,54285.0,14112,44586,0.08129317491019619,0.0989772574350693
64590.png,Fixed,336,336,31,72,5134.0,53564.0,14112,44586,0.09584795758345158,0.11514825281478491
64599.png,DRIP,336,336,26,72,2085.0,21502.0,14112,9475,0.09696772393265743,0.22005277044854882
64599.png,Fixed,336,336,26,72,1002.0,22585.0,14112,9475,0.04436572946646004,0.10575197889182059
64601.png,DRIP,336,336,26,72,2085.0,21502.0,14112,9475,0.09696772393265743,0.22005277044854882
64601.png,Fixed,336,336,26,72,1002.0,22585.0,14112,9475,0.04436572946646004,0.10575197889182059
64607.png,DRIP,336,336,26,72,2085.0,21502.0,14112,9475,0.09696772393265743,0.22005277044854882
64607.png,Fixed,336,336,26,72,1002.0,22585.0,14112,9475,0.04436572946646004,0.10575197889182059
64610.png,DRIP,336,336,26,72,2085.0,21502.0,14112,9475,0.09696772393265743,0.22005277044854882
64610.png,Fixed,336,336,26,72,1002.0,22585.0,14112,9475,0.04436572946646004,0.10575197889182059
64612.png,DRIP,336,336,26,72,2085.0,21502.0,14112,9475,0.09696772393265743,0.22005277044854882
64612.png,Fixed,336,336,26,72,1002.0,22585.0,14112,9475,0.04436572946646004,0.10575197889182059
64614.png,DRIP,336,336,21,72,2185.0,23530.0,14112,11603,0.09286017849553761,0.18831336723261224
64614.png,Fixed,336,336,21,72,1674.0,24041.0,14112,11603,0.06963104696144087,0.14427303283633544
64616.png,DRIP,336,336,21,72,2185.0,23530.0,14112,11603,0.09286017849553761,0.18831336723261224
64616.png,Fixed,336,336,21,72,1674.0,24041.0,14112,11603,0.06963104696144087,0.14427303283633544
64617.png,DRIP,336,336,24,72,3993.0,27379.0,14112,17260,0.14584170349537967,0.2313441483198146
64617.png,Fixed,336,336,24,72,2717.0,28655.0,14112,17260,0.09481765834932822,0.15741599073001158
64618.png,DRIP,336,336,21,72,2185.0,23530.0,14112,11603,0.09286017849553761,0.18831336723261224
64618.png,Fixed,336,336,21,72,1674.0,24041.0,14112,11603,0.06963104696144087,0.14427303283633544
64619.png,DRIP,336,336,24,72,3993.0,27379.0,14112,17260,0.14584170349537967,0.2313441483198146
64619.png,Fixed,336,336,24,72,2717.0,28655.0,14112,17260,0.09481765834932822,0.15741599073001158
64620.png,DRIP,336,336,21,72,2185.0,23530.0,14112,11603,0.09286017849553761,0.18831336723261224
64620.png,Fixed,336,336,21,72,1674.0,24041.0,14112,11603,0.06963104696144087,0.14427303283633544
64633.png,DRIP,336,336,2,72,980.0,15005.0,14112,1873,0.06531156281239586,0.5232247730912973
64633.png,Fixed,336,336,2,72,292.0,15693.0,14112,1873,0.018607022239214937,0.15589962626801923
64634.png,DRIP,336,336,2,72,980.0,15005.0,14112,1873,0.06531156281239586,0.5232247730912973
64634.png,Fixed,336,336,2,72,292.0,15693.0,14112,1873,0.018607022239214937,0.15589962626801923
64635.png,DRIP,336,336,2,72,980.0,15005.0,14112,1873,0.06531156281239586,0.5232247730912973
64635.png,Fixed,336,336,2,72,292.0,15693.0,14112,1873,0.018607022239214937,0.15589962626801923
64636.png,DRIP,336,336,2,72,980.0,15005.0,14112,1873,0.06531156281239586,0.5232247730912973
64636.png,Fixed,336,336,2,72,292.0,15693.0,14112,1873,0.018607022239214937,0.15589962626801923
64638.png,DRIP,336,336,2,72,980.0,15005.0,14112,1873,0.06531156281239586,0.5232247730912973
64638.png,Fixed,336,336,2,72,292.0,15693.0,14112,1873,0.018607022239214937,0.15589962626801923
64660.png,DRIP,336,336,13,72,2440.0,17384.0,14112,5712,0.14035895075931892,0.4271708683473389
64660.png,Fixed,336,336,13,72,672.0,19152.0,14112,5712,0.03508771929824561,0.11764705882352941
64661.png,DRIP,336,336,13,72,2440.0,17384.0,14112,5712,0.14035895075931892,0.4271708683473389
64661.png,Fixed,336,336,13,72,672.0,19152.0,14112,5712,0.03508771929824561,0.11764705882352941
64662.png,DRIP,336,336,13,72,2440.0,17384.0,14112,5712,0.14035895075931892,0.4271708683473389
64662.png,Fixed,336,336,13,72,672.0,19152.0,14112,5712,0.03508771929824561,0.11764705882352941
64672.png,DRIP,336,336,22,72,2465.0,22602.0,14112,10955,0.10906114503141315,0.2250114103149247
64672.png,Fixed,336,336,22,72,1628.0,23439.0,14112,10955,0.06945688809249541,0.14860794157918758
64673.png,DRIP,336,336,22,72,2465.0,22602.0,14112,10955,0.10906114503141315,0.2250114103149247
64673.png,Fixed,336,336,22,72,1628.0,23439.0,14112,10955,0.06945688809249541,0.14860794157918758
64674.png,DRIP,336,336,22,72,2465.0,22602.0,14112,10955,0.10906114503141315,0.2250114103149247
64674.png,Fixed,336,336,22,72,1628.0,23439.0,14112,10955,0.06945688809249541,0.14860794157918758
64675.png,DRIP,336,336,22,72,2465.0,22602.0,14112,10955,0.10906114503141315,0.2250114103149247
64675.png,Fixed,336,336,22,72,1628.0,23439.0,14112,10955,0.06945688809249541,0.14860794157918758
64680.png,DRIP,336,336,1,73,0.0,14627.0,14308,319,0.0,0.0
64680.png,Fixed,336,336,1,72,0.0,14431.0,14112,319,0.0,0.0
64681.png,DRIP,336,336,1,73,0.0,14627.0,14308,319,0.0,0.0
64681.png,Fixed,336,336,1,72,0.0,14431.0,14112,319,0.0,0.0
64682.png,DRIP,336,336,1,73,0.0,14627.0,14308,319,0.0,0.0
64682.png,Fixed,336,336,1,72,0.0,14431.0,14112,319,0.0,0.0
64683.png,DRIP,336,336,1,73,0.0,14627.0,14308,319,0.0,0.0
64683.png,Fixed,336,336,1,72,0.0,14431.0,14112,319,0.0,0.0
64687.png,DRIP,336,336,74,72,3478.0,30400.0,14112,19766,0.11440789473684211,0.17595871698876858
64687.png,Fixed,336,336,74,72,2844.0,31034.0,14112,19766,0.09164142553328607,0.1438834362035819
64688.png,DRIP,336,336,74,72,3478.0,30400.0,14112,19766,0.11440789473684211,0.17595871698876858
64688.png,Fixed,336,336,74,72,2844.0,31034.0,14112,19766,0.09164142553328607,0.1438834362035819
64689.png,DRIP,336,336,74,72,3478.0,30400.0,14112,19766,0.11440789473684211,0.17595871698876858
64689.png,Fixed,336,336,74,72,2844.0,31034.0,14112,19766,0.09164142553328607,0.1438834362035819
64691.png,DRIP,336,336,74,72,3478.0,30400.0,14112,19766,0.11440789473684211,0.17595871698876858
64691.png,Fixed,336,336,74,72,2844.0,31034.0,14112,19766,0.09164142553328607,0.1438834362035819
64696.png,DRIP,336,336,4,72,2154.0,19600.0,14112,7642,0.10989795918367347,0.28186338654802406
64696.png,Fixed,336,336,4,72,490.0,21264.0,14112,7642,0.023043641835966893,0.06411934048678357
64697.png,DRIP,336,336,4,72,2154.0,19600.0,14112,7642,0.10989795918367347,0.28186338654802406
64697.png,Fixed,336,336,4,72,490.0,21264.0,14112,7642,0.023043641835966893,0.06411934048678357
64698.png,DRIP,336,336,4,72,2154.0,19600.0,14112,7642,0.10989795918367347,0.28186338654802406
64698.png,Fixed,336,336,4,72,490.0,21264.0,14112,7642,0.023043641835966893,0.06411934048678357
64699.png,DRIP,336,336,4,72,2154.0,19600.0,14112,7642,0.10989795918367347,0.28186338654802406
64699.png,Fixed,336,336,4,72,490.0,21264.0,14112,7642,0.023043641835966893,0.06411934048678357
64701.png,DRIP,336,336,23,72,6567.0,32831.0,14112,25286,0.20002436721391367,0.25970892984260063
64701.png,Fixed,336,336,23,72,3528.0,35870.0,14112,25286,0.09835517145246725,0.13952384718816738
64702.png,DRIP,336,336,23,72,6567.0,32831.0,14112,25286,0.20002436721391367,0.25970892984260063
64702.png,Fixed,336,336,23,72,3528.0,35870.0,14112,25286,0.09835517145246725,0.13952384718816738
64703.png,DRIP,336,336,23,72,6567.0,32831.0,14112,25286,0.20002436721391367,0.25970892984260063
64703.png,Fixed,336,336,23,72,3528.0,35870.0,14112,25286,0.09835517145246725,0.13952384718816738
64704.png,DRIP,336,336,17,72,2033.0,18540.0,14112,6461,0.10965480043149946,0.3146571738121034
64704.png,Fixed,336,336,17,72,605.0,19968.0,14112,6461,0.030298477564102564,0.0936387556105866
64705.png,DRIP,336,336,17,72,2033.0,18540.0,14112,6461,0.10965480043149946,0.3146571738121034
64705.png,Fixed,336,336,17,72,605.0,19968.0,14112,6461,0.030298477564102564,0.0936387556105866
64706.png,DRIP,336,336,17,72,2033.0,18540.0,14112,6461,0.10965480043149946,0.3146571738121034
64706.png,Fixed,336,336,17,72,605.0,19968.0,14112,6461,0.030298477564102564,0.0936387556105866
64707.png,DRIP,336,336,17,72,2033.0,18540.0,14112,6461,0.10965480043149946,0.3146571738121034
64707.png,Fixed,336,336,17,72,605.0,19968.0,14112,6461,0.030298477564102564,0.0936387556105866
64730.png,DRIP,336,336,7,73,1393.0,15266.0,14308,2351,0.0912485261365125,0.5925138239047214
64730.png,Fixed,336,336,7,72,286.0,16177.0,14112,2351,0.017679421400754156,0.12165036154827732
64731.png,DRIP,336,336,7,73,1393.0,15266.0,14308,2351,0.0912485261365125,0.5925138239047214
64731.png,Fixed,336,336,7,72,286.0,16177.0,14112,2351,0.017679421400754156,0.12165036154827732
64732.png,DRIP,336,336,7,73,1393.0,15266.0,14308,2351,0.0912485261365125,0.5925138239047214
64732.png,Fixed,336,336,7,72,286.0,16177.0,14112,2351,0.017679421400754156,0.12165036154827732
64739.png,DRIP,336,336,12,72,3697.0,40608.0,14112,30193,0.09104117415287628,0.1224455999735038
64739.png,Fixed,336,336,12,72,3605.0,40700.0,14112,30193,0.08857493857493857,0.1193985360845229
64740.png,DRIP,336,336,12,72,3697.0,40608.0,14112,30193,0.09104117415287628,0.1224455999735038
64740.png,Fixed,336,336,12,72,3605.0,40700.0,14112,30193,0.08857493857493857,0.1193985360845229
64741.png,DRIP,336,336,12,72,3697.0,40608.0,14112,30193,0.09104117415287628,0.1224455999735038
64741.png,Fixed,336,336,12,72,3605.0,40700.0,14112,30193,0.08857493857493857,0.1193985360845229
64742.png,DRIP,336,336,12,72,3697.0,40608.0,14112,30193,0.09104117415287628,0.1224455999735038
64742.png,Fixed,336,336,12,72,3605.0,40700.0,14112,30193,0.08857493857493857,0.1193985360845229
64743.png,DRIP,336,336,12,72,3697.0,40608.0,14112,30193,0.09104117415287628,0.1224455999735038
64743.png,Fixed,336,336,12,72,3605.0,40700.0,14112,30193,0.08857493857493857,0.1193985360845229
64744.png,DRIP,336,336,12,72,3697.0,40608.0,14112,30193,0.09104117415287628,0.1224455999735038
64744.png,Fixed,336,336,12,72,3605.0,40700.0,14112,30193,0.08857493857493857,0.1193985360845229
64747.png,DRIP,336,336,23,72,2628.0,21772.0,14112,10288,0.12070549329413927,0.25544323483670295
64747.png,Fixed,336,336,23,72,1073.0,23327.0,14112,10288,0.045998199511295926,0.10429626749611197
64748.png,DRIP,336,336,23,72,2628.0,21772.0,14112,10288,0.12070549329413927,0.25544323483670295
64748.png,Fixed,336,336,23,72,1073.0,23327.0,14112,10288,0.045998199511295926,0.10429626749611197
64751.png,DRIP,336,336,20,72,3269.0,24796.0,14112,13953,0.1318357799645104,0.234286533362001
64751.png,Fixed,336,336,20,72,1908.0,26157.0,14112,13953,0.07294414497075352,0.13674478606751236
64752.png,DRIP,336,336,20,72,3269.0,24796.0,14112,13953,0.1318357799645104,0.234286533362001
64752.png,Fixed,336,336,20,72,1908.0,26157.0,14112,13953,0.07294414497075352,0.13674478606751236
64753.png,DRIP,336,336,20,72,3269.0,24796.0,14112,13953,0.1318357799645104,0.234286533362001
64753.png,Fixed,336,336,20,72,1908.0,26157.0,14112,13953,0.07294414497075352,0.13674478606751236
64754.png,DRIP,336,336,20,72,3269.0,24796.0,14112,13953,0.1318357799645104,0.234286533362001
64754.png,Fixed,336,336,20,72,1908.0,26157.0,14112,13953,0.07294414497075352,0.13674478606751236
64755.png,DRIP,336,336,20,72,3269.0,24796.0,14112,13953,0.1318357799645104,0.234286533362001
64755.png,Fixed,336,336,20,72,1908.0,26157.0,14112,13953,0.07294414497075352,0.13674478606751236
64760.png,DRIP,336,336,16,73,2674.0,25275.0,14308,13641,0.10579624134520277,0.1960266842606847
64760.png,Fixed,336,336,16,72,1510.0,26243.0,14112,13641,0.05753915329802233,0.11069569679642255
64761.png,DRIP,336,336,16,73,2674.0,25275.0,14308,13641,0.10579624134520277,0.1960266842606847
64761.png,Fixed,336,336,16,72,1510.0,26243.0,14112,13641,0.05753915329802233,0.11069569679642255
64762.png,DRIP,336,336,16,73,2674.0,25275.0,14308,13641,0.10579624134520277,0.1960266842606847
64762.png,Fixed,336,336,16,72,1510.0,26243.0,14112,13641,0.05753915329802233,0.11069569679642255
64768.png,DRIP,336,336,4,72,1325.0,18155.0,14112,5368,0.07298264940787662,0.24683308494783904
64768.png,Fixed,336,336,4,72,333.0,19147.0,14112,5368,0.017391758500026114,0.062034277198211626
64769.png,DRIP,336,336,4,72,1325.0,18155.0,14112,5368,0.07298264940787662,0.24683308494783904
64769.png,Fixed,336,336,4,72,333.0,19147.0,14112,5368,0.017391758500026114,0.062034277198211626
64770.png,DRIP,336,336,4,72,1325.0,18155.0,14112,5368,0.07298264940787662,0.24683308494783904
64770.png,Fixed,336,336,4,72,333.0,19147.0,14112,5368,0.017391758500026114,0.062034277198211626
64771.png,DRIP,336,336,4,72,1325.0,18155.0,14112,5368,0.07298264940787662,0.24683308494783904
64771.png,Fixed,336,336,4,72,333.0,19147.0,14112,5368,0.017391758500026114,0.062034277198211626
64830.png,DRIP,336,336,51,73,4856.0,47595.0,14308,38143,0.10202752389956929,0.1273103846053011
64830.png,Fixed,336,336,51,72,4534.0,47721.0,14112,38143,0.0950105823432032,0.11886846865742076
64831.png,DRIP,336,336,51,73,4856.0,47595.0,14308,38143,0.10202752389956929,0.1273103846053011
64831.png,Fixed,336,336,51,72,4534.0,47721.0,14112,38143,0.0950105823432032,0.11886846865742076
64832.png,DRIP,336,336,51,73,4856.0,47595.0,14308,38143,0.10202752389956929,0.1273103846053011
64832.png,Fixed,336,336,51,72,4534.0,47721.0,14112,38143,0.0950105823432032,0.11886846865742076
64865.png,DRIP,336,336,71,73,3974.0,36047.0,14308,25713,0.11024495797153716,0.1545521720530471
64865.png,Fixed,336,336,71,72,3224.0,36601.0,14112,25713,0.08808502499931696,0.12538404698012678
64866.png,DRIP,336,336,71,73,3974.0,36047.0,14308,25713,0.11024495797153716,0.1545521720530471
64866.png,Fixed,336,336,71,72,3224.0,36601.0,14112,25713,0.08808502499931696,0.12538404698012678
64885.png,DRIP,336,336,15,72,1785.0,17962.0,14112,5635,0.09937646141855028,0.3167701863354037
64885.png,Fixed,336,336,15,72,1073.0,18674.0,14112,5635,0.05745956945485702,0.1904170363797693
64886.png,DRIP,336,336,15,72,1785.0,17962.0,14112,5635,0.09937646141855028,0.3167701863354037
64886.png,Fixed,336,336,15,72,1073.0,18674.0,14112,5635,0.05745956945485702,0.1904170363797693
64887.png,DRIP,336,336,15,72,1785.0,17962.0,14112,5635,0.09937646141855028,0.3167701863354037
64887.png,Fixed,336,336,15,72,1073.0,18674.0,14112,5635,0.05745956945485702,0.1904170363797693
64888.png,DRIP,336,336,15,72,1785.0,17962.0,14112,5635,0.09937646141855028,0.3167701863354037
64888.png,Fixed,336,336,15,72,1073.0,18674.0,14112,5635,0.05745956945485702,0.1904170363797693
64889.png,DRIP,336,336,15,72,1785.0,17962.0,14112,5635,0.09937646141855028,0.3167701863354037
64889.png,Fixed,336,336,15,72,1073.0,18674.0,14112,5635,0.05745956945485702,0.1904170363797693
64893.png,DRIP,336,336,33,72,2967.0,26879.0,14112,15734,0.11038357081736672,0.18857251811363926
64893.png,Fixed,336,336,33,72,2106.0,27740.0,14112,15734,0.07591925018024513,0.13385026058217872
64894.png,DRIP,336,336,33,72,2967.0,26879.0,14112,15734,0.11038357081736672,0.18857251811363926
64894.png,Fixed,336,336,33,72,2106.0,27740.0,14112,15734,0.07591925018024513,0.13385026058217872
64895.png,DRIP,336,336,33,72,2967.0,26879.0,14112,15734,0.11038357081736672,0.18857251811363926
64895.png,Fixed,336,336,33,72,2106.0,27740.0,14112,15734,0.07591925018024513,0.13385026058217872
64896.png,DRIP,336,336,33,72,2967.0,26879.0,14112,15734,0.11038357081736672,0.18857251811363926
64896.png,Fixed,336,336,33,72,2106.0,27740.0,14112,15734,0.07591925018024513,0.13385026058217872
64897.png,DRIP,336,336,33,72,2967.0,26879.0,14112,15734,0.11038357081736672,0.18857251811363926
64897.png,Fixed,336,336,33,72,2106.0,27740.0,14112,15734,0.07591925018024513,0.13385026058217872
64898.png,DRIP,336,336,33,72,2967.0,26879.0,14112,15734,0.11038357081736672,0.18857251811363926
64898.png,Fixed,336,336,33,72,2106.0,27740.0,14112,15734,0.07591925018024513,0.13385026058217872
64899.png,DRIP,336,336,5,73,989.0,15706.0,14308,2387,0.06296956577104292,0.414327607875995
64899.png,Fixed,336,336,5,72,464.0,16035.0,14112,2387,0.028936700966635486,0.19438625890238795
64900.png,DRIP,336,336,5,73,989.0,15706.0,14308,2387,0.06296956577104292,0.414327607875995
64900.png,Fixed,336,336,5,72,464.0,16035.0,14112,2387,0.028936700966635486,0.19438625890238795
64901.png,DRIP,336,336,5,73,989.0,15706.0,14308,2387,0.06296956577104292,0.414327607875995
64901.png,Fixed,336,336,5,72,464.0,16035.0,14112,2387,0.028936700966635486,0.19438625890238795
64902.png,DRIP,336,336,5,73,989.0,15706.0,14308,2387,0.06296956577104292,0.414327607875995
64902.png,Fixed,336,336,5,72,464.0,16035.0,14112,2387,0.028936700966635486,0.19438625890238795
64903.png,DRIP,336,336,5,73,989.0,15706.0,14308,2387,0.06296956577104292,0.414327607875995
64903.png,Fixed,336,336,5,72,464.0,16035.0,14112,2387,0.028936700966635486,0.19438625890238795
64908.png,DRIP,336,336,71,73,3974.0,36047.0,14308,25713,0.11024495797153716,0.1545521720530471
64908.png,Fixed,336,336,71,72,3224.0,36601.0,14112,25713,0.08808502499931696,0.12538404698012678
64909.png,DRIP,336,336,71,73,3974.0,36047.0,14308,25713,0.11024495797153716,0.1545521720530471
64909.png,Fixed,336,336,71,72,3224.0,36601.0,14112,25713,0.08808502499931696,0.12538404698012678
64910.png,DRIP,336,336,22,72,1132.0,26785.0,14112,13805,0.04226246033227553,0.08199927562477363
64910.png,Fixed,336,336,22,72,1855.0,26062.0,14112,13805,0.07117642544701097,0.1343716044911264
64913.png,DRIP,336,336,15,72,2723.0,27810.0,14112,16421,0.09791441927364257,0.1658242494366969
64913.png,Fixed,336,336,15,72,2478.0,28055.0,14112,16421,0.08832650151488149,0.15090432982156995
64916.png,DRIP,336,336,22,72,1132.0,26785.0,14112,13805,0.04226246033227553,0.08199927562477363
64916.png,Fixed,336,336,22,72,1855.0,26062.0,14112,13805,0.07117642544701097,0.1343716044911264
64926.png,DRIP,336,336,3,72,5893.0,35690.0,14112,27471,0.16511627906976745,0.21451712715226967
64926.png,Fixed,336,336,3,72,2884.0,38699.0,14112,27471,0.0745238895061888,0.1049834370791016
64927.png,DRIP,336,336,3,72,5893.0,35690.0,14112,27471,0.16511627906976745,0.21451712715226967
64927.png,Fixed,336,336,3,72,2884.0,38699.0,14112,27471,0.0745238895061888,0.1049834370791016
64928.png,DRIP,336,336,10,72,1466.0,19182.0,14112,6536,0.0764258158690439,0.22429620563035496
64928.png,Fixed,336,336,10,72,667.0,19981.0,14112,6536,0.033381712626995644,0.10205018359853121
64929.png,DRIP,336,336,10,72,1466.0,19182.0,14112,6536,0.0764258158690439,0.22429620563035496
64929.png,Fixed,336,336,10,72,667.0,19981.0,14112,6536,0.033381712626995644,0.10205018359853121
64930.png,DRIP,336,336,10,72,1466.0,19182.0,14112,6536,0.0764258158690439,0.22429620563035496
64930.png,Fixed,336,336,10,72,667.0,19981.0,14112,6536,0.033381712626995644,0.10205018359853121
64931.png,DRIP,336,336,10,72,1466.0,19182.0,14112,6536,0.0764258158690439,0.22429620563035496
64931.png,Fixed,336,336,10,72,667.0,19981.0,14112,6536,0.033381712626995644,0.10205018359853121
64934.png,DRIP,336,336,22,73,4419.0,23940.0,14308,14051,0.18458646616541352,0.3144971888121842
64934.png,Fixed,336,336,22,72,1828.0,26335.0,14112,14051,0.06941332827036263,0.13009750195715608
64935.png,DRIP,336,336,22,73,4419.0,23940.0,14308,14051,0.18458646616541352,0.3144971888121842
64935.png,Fixed,336,336,22,72,1828.0,26335.0,14112,14051,0.06941332827036263,0.13009750195715608
64936.png,DRIP,336,336,22,73,4419.0,23940.0,14308,14051,0.18458646616541352,0.3144971888121842
64936.png,Fixed,336,336,22,72,1828.0,26335.0,14112,14051,0.06941332827036263,0.13009750195715608
64938.png,DRIP,336,336,24,72,3479.0,27060.0,14112,16427,0.12856614929785662,0.21178547513240398
64938.png,Fixed,336,336,24,72,1348.0,29191.0,14112,16427,0.04617861669692713,0.08206002313264747
64939.png,DRIP,336,336,24,72,3479.0,27060.0,14112,16427,0.12856614929785662,0.21178547513240398
64939.png,Fixed,336,336,24,72,1348.0,29191.0,14112,16427,0.04617861669692713,0.08206002313264747
64940.png,DRIP,336,336,24,72,3479.0,27060.0,14112,16427,0.12856614929785662,0.21178547513240398
64940.png,Fixed,336,336,24,72,1348.0,29191.0,14112,16427,0.04617861669692713,0.08206002313264747
64941.png,DRIP,336,336,24,72,3479.0,27060.0,14112,16427,0.12856614929785662,0.21178547513240398
64941.png,Fixed,336,336,24,72,1348.0,29191.0,14112,16427,0.04617861669692713,0.08206002313264747
64942.png,DRIP,336,336,24,72,3479.0,27060.0,14112,16427,0.12856614929785662,0.21178547513240398
64942.png,Fixed,336,336,24,72,1348.0,29191.0,14112,16427,0.04617861669692713,0.08206002313264747
64943.png,DRIP,336,336,24,72,3479.0,27060.0,14112,16427,0.12856614929785662,0.21178547513240398
64943.png,Fixed,336,336,24,72,1348.0,29191.0,14112,16427,0.04617861669692713,0.08206002313264747
64971.png,DRIP,336,336,7,72,1088.0,15181.0,14112,2157,0.07166853303471445,0.5044042651831248
64971.png,Fixed,336,336,7,72,209.0,16060.0,14112,2157,0.013013698630136987,0.09689383402874363
64974.png,DRIP,336,336,8,73,2682.0,18562.0,14308,6936,0.14448874043745286,0.3866782006920415
64974.png,Fixed,336,336,8,72,1102.0,19946.0,14112,6936,0.05524917276646947,0.158881199538639
64980.png,DRIP,336,336,7,72,1088.0,15181.0,14112,2157,0.07166853303471445,0.5044042651831248
64980.png,Fixed,336,336,7,72,209.0,16060.0,14112,2157,0.013013698630136987,0.09689383402874363
64981.png,DRIP,336,336,7,72,1088.0,15181.0,14112,2157,0.07166853303471445,0.5044042651831248
64981.png,Fixed,336,336,7,72,209.0,16060.0,14112,2157,0.013013698630136987,0.09689383402874363
64983.png,DRIP,336,336,7,72,1088.0,15181.0,14112,2157,0.07166853303471445,0.5044042651831248
64983.png,Fixed,336,336,7,72,209.0,16060.0,14112,2157,0.013013698630136987,0.09689383402874363
64984.png,DRIP,336,336,7,72,1088.0,15181.0,14112,2157,0.07166853303471445,0.5044042651831248
64984.png,Fixed,336,336,7,72,209.0,16060.0,14112,2157,0.013013698630136987,0.09689383402874363
64985.png,DRIP,336,336,7,72,1088.0,15181.0,14112,2157,0.07166853303471445,0.5044042651831248
64985.png,Fixed,336,336,7,72,209.0,16060.0,14112,2157,0.013013698630136987,0.09689383402874363
64989.png,DRIP,336,336,8,73,2682.0,18562.0,14308,6936,0.14448874043745286,0.3866782006920415
64989.png,Fixed,336,336,8,72,1102.0,19946.0,14112,6936,0.05524917276646947,0.158881199538639
64998.png,DRIP,336,336,3,72,852.0,15572.0,14112,2312,0.05471358849216543,0.3685121107266436
64998.png,Fixed,336,336,3,72,532.0,15892.0,14112,2312,0.03347596274855273,0.2301038062283737
64999.png,DRIP,336,336,3,72,852.0,15572.0,14112,2312,0.05471358849216543,0.3685121107266436
64999.png,Fixed,336,336,3,72,532.0,15892.0,14112,2312,0.03347596274855273,0.2301038062283737
650.png,DRIP,336,336,29,73,2998.0,20563.0,14308,9253,0.14579584690949765,0.3240030260456068
650.png,Fixed,336,336,29,72,1138.0,22227.0,14112,9253,0.051198992216673414,0.12298713930617097
65005.png,DRIP,336,336,3,72,852.0,15572.0,14112,2312,0.05471358849216543,0.3685121107266436
65005.png,Fixed,336,336,3,72,532.0,15892.0,14112,2312,0.03347596274855273,0.2301038062283737
65007.png,DRIP,336,336,3,72,852.0,15572.0,14112,2312,0.05471358849216543,0.3685121107266436
65007.png,Fixed,336,336,3,72,532.0,15892.0,14112,2312,0.03347596274855273,0.2301038062283737
65008.png,DRIP,336,336,3,72,852.0,15572.0,14112,2312,0.05471358849216543,0.3685121107266436
65008.png,Fixed,336,336,3,72,532.0,15892.0,14112,2312,0.03347596274855273,0.2301038062283737
65009.png,DRIP,336,336,8,73,2682.0,18562.0,14308,6936,0.14448874043745286,0.3866782006920415
65009.png,Fixed,336,336,8,72,1102.0,19946.0,14112,6936,0.05524917276646947,0.158881199538639
65010.png,DRIP,336,336,4,72,525.0,14699.0,14112,1112,0.03571671542281788,0.4721223021582734
65010.png,Fixed,336,336,4,72,154.0,15070.0,14112,1112,0.010218978102189781,0.13848920863309352
65011.png,DRIP,336,336,4,72,525.0,14699.0,14112,1112,0.03571671542281788,0.4721223021582734
65011.png,Fixed,336,336,4,72,154.0,15070.0,14112,1112,0.010218978102189781,0.13848920863309352
65023.png,DRIP,336,336,8,73,2682.0,18562.0,14308,6936,0.14448874043745286,0.3866782006920415
65023.png,Fixed,336,336,8,72,1102.0,19946.0,14112,6936,0.05524917276646947,0.158881199538639
65024.png,DRIP,336,336,8,73,2682.0,18562.0,14308,6936,0.14448874043745286,0.3866782006920415
65024.png,Fixed,336,336,8,72,1102.0,19946.0,14112,6936,0.05524917276646947,0.158881199538639
65029.png,DRIP,336,336,24,73,1449.0,33190.0,14308,20331,0.043657728231395,0.07127047366091191
65029.png,Fixed,336,336,24,72,2536.0,31907.0,14112,20331,0.0794809916319303,0.12473562539963602
65032.png,DRIP,336,336,24,73,1449.0,33190.0,14308,20331,0.043657728231395,0.07127047366091191
65032.png,Fixed,336,336,24,72,2536.0,31907.0,14112,20331,0.0794809916319303,0.12473562539963602
65040.png,DRIP,336,336,24,73,1449.0,33190.0,14308,20331,0.043657728231395,0.07127047366091191
65040.png,Fixed,336,336,24,72,2536.0,31907.0,14112,20331,0.0794809916319303,0.12473562539963602
65046.png,DRIP,336,336,24,73,1449.0,33190.0,14308,20331,0.043657728231395,0.07127047366091191
65046.png,Fixed,336,336,24,72,2536.0,31907.0,14112,20331,0.0794809916319303,0.12473562539963602
65052.png,DRIP,336,336,10,72,2216.0,15390.0,14112,3494,0.14398960363872645,0.6342301087578707
65052.png,Fixed,336,336,10,72,308.0,17298.0,14112,3494,0.017805526650479825,0.08815111619919863
65053.png,DRIP,336,336,10,72,2216.0,15390.0,14112,3494,0.14398960363872645,0.6342301087578707
65053.png,Fixed,336,336,10,72,308.0,17298.0,14112,3494,0.017805526650479825,0.08815111619919863
65056.png,DRIP,336,336,10,72,2216.0,15390.0,14112,3494,0.14398960363872645,0.6342301087578707
65056.png,Fixed,336,336,10,72,308.0,17298.0,14112,3494,0.017805526650479825,0.08815111619919863
65057.png,DRIP,336,336,10,72,2216.0,15390.0,14112,3494,0.14398960363872645,0.6342301087578707
65057.png,Fixed,336,336,10,72,308.0,17298.0,14112,3494,0.017805526650479825,0.08815111619919863
65058.png,DRIP,336,336,10,72,2216.0,15390.0,14112,3494,0.14398960363872645,0.6342301087578707
65058.png,Fixed,336,336,10,72,308.0,17298.0,14112,3494,0.017805526650479825,0.08815111619919863
65059.png,DRIP,336,336,10,72,2216.0,15390.0,14112,3494,0.14398960363872645,0.6342301087578707
65059.png,Fixed,336,336,10,72,308.0,17298.0,14112,3494,0.017805526650479825,0.08815111619919863
65060.png,DRIP,336,336,21,72,2532.0,22488.0,14112,10908,0.11259338313767342,0.23212321232123212
65060.png,Fixed,336,336,21,72,1440.0,23580.0,14112,10908,0.061068702290076333,0.132013201320132
65062.png,DRIP,336,336,21,72,2532.0,22488.0,14112,10908,0.11259338313767342,0.23212321232123212
65062.png,Fixed,336,336,21,72,1440.0,23580.0,14112,10908,0.061068702290076333,0.132013201320132
65064.png,DRIP,336,336,21,72,2532.0,22488.0,14112,10908,0.11259338313767342,0.23212321232123212
65064.png,Fixed,336,336,21,72,1440.0,23580.0,14112,10908,0.061068702290076333,0.132013201320132
65065.png,DRIP,336,336,21,72,2532.0,22488.0,14112,10908,0.11259338313767342,0.23212321232123212
65065.png,Fixed,336,336,21,72,1440.0,23580.0,14112,10908,0.061068702290076333,0.132013201320132
65066.png,DRIP,336,336,21,72,2532.0,22488.0,14112,10908,0.11259338313767342,0.23212321232123212
65066.png,Fixed,336,336,21,72,1440.0,23580.0,14112,10908,0.061068702290076333,0.132013201320132
651.png,DRIP,336,336,29,73,2998.0,20563.0,14308,9253,0.14579584690949765,0.3240030260456068
651.png,Fixed,336,336,29,72,1138.0,22227.0,14112,9253,0.051198992216673414,0.12298713930617097
65114.png,DRIP,336,336,0,72,,,14112,0,,
65114.png,Fixed,336,336,0,72,,,14112,0,,
65115.png,DRIP,336,336,0,72,,,14112,0,,
65115.png,Fixed,336,336,0,72,,,14112,0,,
65117.png,DRIP,336,336,0,72,,,14112,0,,
65117.png,Fixed,336,336,0,72,,,14112,0,,
65118.png,DRIP,336,336,0,72,,,14112,0,,
65118.png,Fixed,336,336,0,72,,,14112,0,,
65120.png,DRIP,336,336,0,72,,,14112,0,,
65120.png,Fixed,336,336,0,72,,,14112,0,,
65121.png,DRIP,336,336,0,72,,,14112,0,,
65121.png,Fixed,336,336,0,72,,,14112,0,,
65148.png,DRIP,336,336,16,72,1906.0,22447.0,14112,10241,0.08491112398093287,0.1861146372424568
65148.png,Fixed,336,336,16,72,1080.0,23273.0,14112,10241,0.04640570618313067,0.10545845132311298
65149.png,DRIP,336,336,16,72,1906.0,22447.0,14112,10241,0.08491112398093287,0.1861146372424568
65149.png,Fixed,336,336,16,72,1080.0,23273.0,14112,10241,0.04640570618313067,0.10545845132311298
65150.png,DRIP,336,336,16,72,1906.0,22447.0,14112,10241,0.08491112398093287,0.1861146372424568
65150.png,Fixed,336,336,16,72,1080.0,23273.0,14112,10241,0.04640570618313067,0.10545845132311298
65151.png,DRIP,336,336,8,72,749.0,17110.0,14112,3747,0.04377556984219755,0.19989324793167867
65151.png,Fixed,336,336,8,72,377.0,17482.0,14112,3747,0.021565038325134425,0.1006138243928476
65152.png,DRIP,336,336,8,72,749.0,17110.0,14112,3747,0.04377556984219755,0.19989324793167867
65152.png,Fixed,336,336,8,72,377.0,17482.0,14112,3747,0.021565038325134425,0.1006138243928476
65153.png,DRIP,336,336,8,72,749.0,17110.0,14112,3747,0.04377556984219755,0.19989324793167867
65153.png,Fixed,336,336,8,72,377.0,17482.0,14112,3747,0.021565038325134425,0.1006138243928476
65155.png,DRIP,336,336,8,72,749.0,17110.0,14112,3747,0.04377556984219755,0.19989324793167867
65155.png,Fixed,336,336,8,72,377.0,17482.0,14112,3747,0.021565038325134425,0.1006138243928476
65156.png,DRIP,336,336,17,72,4516.0,22108.0,14112,12512,0.20426994753030578,0.3609335038363171
65156.png,Fixed,336,336,17,72,999.0,25625.0,14112,12512,0.038985365853658534,0.07984335038363172
65157.png,DRIP,336,336,17,72,4516.0,22108.0,14112,12512,0.20426994753030578,0.3609335038363171
65157.png,Fixed,336,336,17,72,999.0,25625.0,14112,12512,0.038985365853658534,0.07984335038363172
65158.png,DRIP,336,336,17,72,4516.0,22108.0,14112,12512,0.20426994753030578,0.3609335038363171
65158.png,Fixed,336,336,17,72,999.0,25625.0,14112,12512,0.038985365853658534,0.07984335038363172
65167.png,DRIP,336,336,24,73,1449.0,33190.0,14308,20331,0.043657728231395,0.07127047366091191
65167.png,Fixed,336,336,24,72,2536.0,31907.0,14112,20331,0.0794809916319303,0.12473562539963602
65168.png,DRIP,336,336,24,73,1449.0,33190.0,14308,20331,0.043657728231395,0.07127047366091191
65168.png,Fixed,336,336,24,72,2536.0,31907.0,14112,20331,0.0794809916319303,0.12473562539963602
65181.png,DRIP,336,336,5,72,3316.0,23851.0,14112,13055,0.13902981007085657,0.2540022979701264
65181.png,Fixed,336,336,5,72,1614.0,25553.0,14112,13055,0.06316283802293272,0.1236307927996936
65182.png,DRIP,336,336,5,72,3316.0,23851.0,14112,13055,0.13902981007085657,0.2540022979701264
65182.png,Fixed,336,336,5,72,1614.0,25553.0,14112,13055,0.06316283802293272,0.1236307927996936
65183.png,DRIP,336,336,5,72,3316.0,23851.0,14112,13055,0.13902981007085657,0.2540022979701264
65183.png,Fixed,336,336,5,72,1614.0,25553.0,14112,13055,0.06316283802293272,0.1236307927996936
65184.png,DRIP,336,336,5,72,3316.0,23851.0,14112,13055,0.13902981007085657,0.2540022979701264
65184.png,Fixed,336,336,5,72,1614.0,25553.0,14112,13055,0.06316283802293272,0.1236307927996936
65185.png,DRIP,336,336,5,72,3316.0,23851.0,14112,13055,0.13902981007085657,0.2540022979701264
65185.png,Fixed,336,336,5,72,1614.0,25553.0,14112,13055,0.06316283802293272,0.1236307927996936
65199.png,DRIP,336,336,5,72,767.0,19304.0,14112,5959,0.039732697886448405,0.12871287128712872
65199.png,Fixed,336,336,5,72,276.0,19795.0,14112,5959,0.013942914877494317,0.0463164960563853
65201.png,DRIP,336,336,5,72,767.0,19304.0,14112,5959,0.039732697886448405,0.12871287128712872
65201.png,Fixed,336,336,5,72,276.0,19795.0,14112,5959,0.013942914877494317,0.0463164960563853
65202.png,DRIP,336,336,5,72,767.0,19304.0,14112,5959,0.039732697886448405,0.12871287128712872
65202.png,Fixed,336,336,5,72,276.0,19795.0,14112,5959,0.013942914877494317,0.0463164960563853
65203.png,DRIP,336,336,5,72,767.0,19304.0,14112,5959,0.039732697886448405,0.12871287128712872
65203.png,Fixed,336,336,5,72,276.0,19795.0,14112,5959,0.013942914877494317,0.0463164960563853
65204.png,DRIP,336,336,5,72,767.0,19304.0,14112,5959,0.039732697886448405,0.12871287128712872
65204.png,Fixed,336,336,5,72,276.0,19795.0,14112,5959,0.013942914877494317,0.0463164960563853
65212.png,DRIP,336,336,59,72,5575.0,37673.0,14112,29136,0.14798396729753405,0.19134404173531028
65212.png,Fixed,336,336,59,72,3161.0,40087.0,14112,29136,0.0788534936513084,0.10849121361889072
65214.png,DRIP,336,336,59,72,5575.0,37673.0,14112,29136,0.14798396729753405,0.19134404173531028
65214.png,Fixed,336,336,59,72,3161.0,40087.0,14112,29136,0.0788534936513084,0.10849121361889072
65215.png,DRIP,336,336,59,72,5575.0,37673.0,14112,29136,0.14798396729753405,0.19134404173531028
65215.png,Fixed,336,336,59,72,3161.0,40087.0,14112,29136,0.0788534936513084,0.10849121361889072
65229.png,DRIP,336,336,19,73,2958.0,22251.0,14308,10901,0.13293784549009033,0.2713512521786992
65229.png,Fixed,336,336,19,72,1001.0,24012.0,14112,10901,0.041687489588539066,0.09182643794147326
65230.png,DRIP,336,336,19,73,2958.0,22251.0,14308,10901,0.13293784549009033,0.2713512521786992
65230.png,Fixed,336,336,19,72,1001.0,24012.0,14112,10901,0.041687489588539066,0.09182643794147326
65237.png,DRIP,336,336,19,73,2958.0,22251.0,14308,10901,0.13293784549009033,0.2713512521786992
65237.png,Fixed,336,336,19,72,1001.0,24012.0,14112,10901,0.041687489588539066,0.09182643794147326
65308.png,DRIP,336,336,0,73,,,14308,0,,
65308.png,Fixed,336,336,0,72,,,14112,0,,
65310.png,DRIP,336,336,0,73,,,14308,0,,
65310.png,Fixed,336,336,0,72,,,14112,0,,
65311.png,DRIP,336,336,0,73,,,14308,0,,
65311.png,Fixed,336,336,0,72,,,14112,0,,
65313.png,DRIP,336,336,0,72,,,14112,0,,
65313.png,Fixed,336,336,0,72,,,14112,0,,
65314.png,DRIP,336,336,0,72,,,14112,0,,
65314.png,Fixed,336,336,0,72,,,14112,0,,
65315.png,DRIP,336,336,0,72,,,14112,0,,
65315.png,Fixed,336,336,0,72,,,14112,0,,
65317.png,DRIP,336,336,0,72,,,14112,0,,
65317.png,Fixed,336,336,0,72,,,14112,0,,
65318.png,DRIP,336,336,0,72,,,14112,0,,
65318.png,Fixed,336,336,0,72,,,14112,0,,
65330.png,DRIP,336,336,24,73,1379.0,27522.0,14308,14593,0.05010537024925514,0.09449736174878366
65330.png,Fixed,336,336,24,72,2153.0,26552.0,14112,14593,0.08108617053329316,0.1475364900979922
65331.png,DRIP,336,336,24,73,1379.0,27522.0,14308,14593,0.05010537024925514,0.09449736174878366
65331.png,Fixed,336,336,24,72,2153.0,26552.0,14112,14593,0.08108617053329316,0.1475364900979922
65332.png,DRIP,336,336,24,73,1379.0,27522.0,14308,14593,0.05010537024925514,0.09449736174878366
65332.png,Fixed,336,336,24,72,2153.0,26552.0,14112,14593,0.08108617053329316,0.1475364900979922
65333.png,DRIP,336,336,24,73,1379.0,27522.0,14308,14593,0.05010537024925514,0.09449736174878366
65333.png,Fixed,336,336,24,72,2153.0,26552.0,14112,14593,0.08108617053329316,0.1475364900979922
65334.png,DRIP,336,336,24,73,1379.0,27522.0,14308,14593,0.05010537024925514,0.09449736174878366
65334.png,Fixed,336,336,24,72,2153.0,26552.0,14112,14593,0.08108617053329316,0.1475364900979922
65335.png,DRIP,336,336,24,73,1379.0,27522.0,14308,14593,0.05010537024925514,0.09449736174878366
65335.png,Fixed,336,336,24,72,2153.0,26552.0,14112,14593,0.08108617053329316,0.1475364900979922
65336.png,DRIP,336,336,24,73,1379.0,27522.0,14308,14593,0.05010537024925514,0.09449736174878366
65336.png,Fixed,336,336,24,72,2153.0,26552.0,14112,14593,0.08108617053329316,0.1475364900979922
65337.png,DRIP,336,336,24,73,1379.0,27522.0,14308,14593,0.05010537024925514,0.09449736174878366
65337.png,Fixed,336,336,24,72,2153.0,26552.0,14112,14593,0.08108617053329316,0.1475364900979922
65338.png,DRIP,336,336,24,73,1379.0,27522.0,14308,14593,0.05010537024925514,0.09449736174878366
65338.png,Fixed,336,336,24,72,2153.0,26552.0,14112,14593,0.08108617053329316,0.1475364900979922
65341.png,DRIP,336,336,24,73,1379.0,27522.0,14308,14593,0.05010537024925514,0.09449736174878366
65341.png,Fixed,336,336,24,72,2153.0,26552.0,14112,14593,0.08108617053329316,0.1475364900979922
65359.png,DRIP,336,336,54,72,3041.0,25959.0,14112,14888,0.11714626911668401,0.20425846319183236
65359.png,Fixed,336,336,54,72,2376.0,26624.0,14112,14888,0.08924278846153846,0.1595916174099946
65361.png,DRIP,336,336,54,72,3041.0,25959.0,14112,14888,0.11714626911668401,0.20425846319183236
65361.png,Fixed,336,336,54,72,2376.0,26624.0,14112,14888,0.08924278846153846,0.1595916174099946
65364.png,DRIP,336,336,54,72,3041.0,25959.0,14112,14888,0.11714626911668401,0.20425846319183236
65364.png,Fixed,336,336,54,72,2376.0,26624.0,14112,14888,0.08924278846153846,0.1595916174099946
65372.png,DRIP,336,336,14,72,2432.0,23770.0,14112,12090,0.1023138409760202,0.2011579818031431
65372.png,Fixed,336,336,14,72,1295.0,24907.0,14112,12090,0.05199341550568114,0.10711331679073614
65373.png,DRIP,336,336,14,72,2432.0,23770.0,14112,12090,0.1023138409760202,0.2011579818031431
65373.png,Fixed,336,336,14,72,1295.0,24907.0,14112,12090,0.05199341550568114,0.10711331679073614
65379.png,DRIP,336,336,28,73,1370.0,22011.0,14308,9073,0.062241606469492526,0.15099746500606195
65379.png,Fixed,336,336,28,72,1463.0,21722.0,14112,9073,0.06735107264524445,0.16124765788603548
65381.png,DRIP,336,336,0,72,,,14112,0,,
65381.png,Fixed,336,336,0,72,,,14112,0,,
65383.png,DRIP,336,336,0,72,,,14112,0,,
65383.png,Fixed,336,336,0,72,,,14112,0,,
65384.png,DRIP,336,336,0,72,,,14112,0,,
65384.png,Fixed,336,336,0,72,,,14112,0,,
65385.png,DRIP,336,336,0,72,,,14112,0,,
65385.png,Fixed,336,336,0,72,,,14112,0,,
65398.png,DRIP,336,336,0,72,,,14112,0,,
65398.png,Fixed,336,336,0,72,,,14112,0,,
65399.png,DRIP,336,336,0,72,,,14112,0,,
65399.png,Fixed,336,336,0,72,,,14112,0,,
65404.png,DRIP,336,336,16,72,2295.0,27752.0,14112,15935,0.08269674257711156,0.1440225917791026
65404.png,Fixed,336,336,16,72,2110.0,27937.0,14112,15935,0.07552707878440777,0.13241292751804204
65405.png,DRIP,336,336,1,73,114.0,14403.0,14308,209,0.007915017704644865,0.5454545454545454
65405.png,Fixed,336,336,1,72,0.0,14321.0,14112,209,0.0,0.0
65406.png,DRIP,336,336,1,73,114.0,14403.0,14308,209,0.007915017704644865,0.5454545454545454
65406.png,Fixed,336,336,1,72,0.0,14321.0,14112,209,0.0,0.0
65419.png,DRIP,336,336,26,73,2480.0,23097.0,14308,11269,0.10737325193748105,0.2200727659952081
65419.png,Fixed,336,336,26,72,1772.0,23609.0,14112,11269,0.07505612266508535,0.15724554086431805
65420.png,DRIP,336,336,26,73,2480.0,23097.0,14308,11269,0.10737325193748105,0.2200727659952081
65420.png,Fixed,336,336,26,72,1772.0,23609.0,14112,11269,0.07505612266508535,0.15724554086431805
65421.png,DRIP,336,336,7,72,1082.0,17763.0,14112,4733,0.06091313404267297,0.2286076484259455
65421.png,Fixed,336,336,7,72,607.0,18238.0,14112,4733,0.03328215813137406,0.12824846820198604
6620.png,DRIP,336,336,21,73,5836.0,31076.0,14308,22604,0.18779765735615908,0.25818439214298355
6620.png,Fixed,336,336,21,72,3804.0,32912.0,14112,22604,0.11558094312105008,0.1682887984427535
6621.png,DRIP,336,336,21,73,5836.0,31076.0,14308,22604,0.18779765735615908,0.25818439214298355
6621.png,Fixed,336,336,21,72,3804.0,32912.0,14112,22604,0.11558094312105008,0.1682887984427535
6622.png,DRIP,336,336,21,73,5836.0,31076.0,14308,22604,0.18779765735615908,0.25818439214298355
6622.png,Fixed,336,336,21,72,3804.0,32912.0,14112,22604,0.11558094312105008,0.1682887984427535
6713.png,DRIP,336,336,40,73,3982.0,29454.0,14308,19128,0.13519386161472127,0.20817649519029693
6713.png,Fixed,336,336,40,72,2468.0,30772.0,14112,19128,0.08020278174964253,0.1290255123379339
6714.png,DRIP,336,336,40,73,3982.0,29454.0,14308,19128,0.13519386161472127,0.20817649519029693
6714.png,Fixed,336,336,40,72,2468.0,30772.0,14112,19128,0.08020278174964253,0.1290255123379339
6715.png,DRIP,336,336,40,73,3982.0,29454.0,14308,19128,0.13519386161472127,0.20817649519029693
6715.png,Fixed,336,336,40,72,2468.0,30772.0,14112,19128,0.08020278174964253,0.1290255123379339
674.png,DRIP,336,336,16,73,6801.0,34816.0,14308,27309,0.1953412224264706,0.24903877842469516
674.png,Fixed,336,336,16,72,3682.0,37739.0,14112,27309,0.09756485333474654,0.13482734629609286
675.png,DRIP,336,336,16,73,6801.0,34816.0,14308,27309,0.1953412224264706,0.24903877842469516
675.png,Fixed,336,336,16,72,3682.0,37739.0,14112,27309,0.09756485333474654,0.13482734629609286
676.png,DRIP,336,336,16,73,6801.0,34816.0,14308,27309,0.1953412224264706,0.24903877842469516
676.png,Fixed,336,336,16,72,3682.0,37739.0,14112,27309,0.09756485333474654,0.13482734629609286
6766.png,DRIP,336,336,8,73,1001.0,16193.0,14308,2886,0.06181683443463225,0.34684684684684686
6766.png,Fixed,336,336,8,72,304.0,16694.0,14112,2886,0.01821013537798011,0.10533610533610534
6767.png,DRIP,336,336,8,73,1001.0,16193.0,14308,2886,0.06181683443463225,0.34684684684684686
6767.png,Fixed,336,336,8,72,304.0,16694.0,14112,2886,0.01821013537798011,0.10533610533610534
6768.png,DRIP,336,336,8,73,1001.0,16193.0,14308,2886,0.06181683443463225,0.34684684684684686
6768.png,Fixed,336,336,8,72,304.0,16694.0,14112,2886,0.01821013537798011,0.10533610533610534
6769.png,DRIP,336,336,8,73,1001.0,16193.0,14308,2886,0.06181683443463225,0.34684684684684686
6769.png,Fixed,336,336,8,72,304.0,16694.0,14112,2886,0.01821013537798011,0.10533610533610534
677.png,DRIP,336,336,16,73,6801.0,34816.0,14308,27309,0.1953412224264706,0.24903877842469516
677.png,Fixed,336,336,16,72,3682.0,37739.0,14112,27309,0.09756485333474654,0.13482734629609286
6770.png,DRIP,336,336,75,73,7119.0,45260.0,14308,38071,0.15729120636323465,0.18699272412072182
6770.png,Fixed,336,336,75,72,5236.0,46947.0,14112,38071,0.11153002321767098,0.1375325050563421
6771.png,DRIP,336,336,75,73,7119.0,45260.0,14308,38071,0.15729120636323465,0.18699272412072182
6771.png,Fixed,336,336,75,72,5236.0,46947.0,14112,38071,0.11153002321767098,0.1375325050563421
6772.png,DRIP,336,336,75,73,7119.0,45260.0,14308,38071,0.15729120636323465,0.18699272412072182
6772.png,Fixed,336,336,75,72,5236.0,46947.0,14112,38071,0.11153002321767098,0.1375325050563421
6773.png,DRIP,336,336,28,73,3593.0,33458.0,14308,22743,0.10738836750552933,0.15798267598821616
6773.png,Fixed,336,336,28,72,2889.0,33966.0,14112,22743,0.08505564387917329,0.12702809655718242
6774.png,DRIP,336,336,28,73,3593.0,33458.0,14308,22743,0.10738836750552933,0.15798267598821616
6774.png,Fixed,336,336,28,72,2889.0,33966.0,14112,22743,0.08505564387917329,0.12702809655718242
6775.png,DRIP,336,336,28,73,3593.0,33458.0,14308,22743,0.10738836750552933,0.15798267598821616
6775.png,Fixed,336,336,28,72,2889.0,33966.0,14112,22743,0.08505564387917329,0.12702809655718242
6776.png,DRIP,336,336,28,73,3593.0,33458.0,14308,22743,0.10738836750552933,0.15798267598821616
6776.png,Fixed,336,336,28,72,2889.0,33966.0,14112,22743,0.08505564387917329,0.12702809655718242
678.png,DRIP,336,336,16,73,6801.0,34816.0,14308,27309,0.1953412224264706,0.24903877842469516
678.png,Fixed,336,336,16,72,3682.0,37739.0,14112,27309,0.09756485333474654,0.13482734629609286
6781.png,DRIP,336,336,15,73,7031.0,39456.0,14308,32179,0.178198499594485,0.2184965350073029
6781.png,Fixed,336,336,15,72,4030.0,42261.0,14112,32179,0.09535978798419346,0.12523695577861338
6782.png,DRIP,336,336,15,73,7031.0,39456.0,14308,32179,0.178198499594485,0.2184965350073029
6782.png,Fixed,336,336,15,72,4030.0,42261.0,14112,32179,0.09535978798419346,0.12523695577861338
6783.png,DRIP,336,336,15,73,7031.0,39456.0,14308,32179,0.178198499594485,0.2184965350073029
6783.png,Fixed,336,336,15,72,4030.0,42261.0,14112,32179,0.09535978798419346,0.12523695577861338
6784.png,DRIP,336,336,5,72,1112.0,17044.0,14112,4044,0.06524290072752875,0.27497527200791294
6784.png,Fixed,336,336,5,72,220.0,17936.0,14112,4044,0.012265834076717217,0.05440158259149357
6785.png,DRIP,336,336,5,72,1112.0,17044.0,14112,4044,0.06524290072752875,0.27497527200791294
6785.png,Fixed,336,336,5,72,220.0,17936.0,14112,4044,0.012265834076717217,0.05440158259149357
6786.png,DRIP,336,336,3,72,98.0,15756.0,14112,1742,0.00621985275450622,0.05625717566016074
6786.png,Fixed,336,336,3,72,18.0,15836.0,14112,1742,0.0011366506693609498,0.010332950631458095
6787.png,DRIP,336,336,3,72,98.0,15756.0,14112,1742,0.00621985275450622,0.05625717566016074
6787.png,Fixed,336,336,3,72,18.0,15836.0,14112,1742,0.0011366506693609498,0.010332950631458095
6796.png,DRIP,336,336,17,73,6121.0,46045.0,14308,37858,0.13293517211423608,0.16168313170267842
6796.png,Fixed,336,336,17,72,5241.0,46729.0,14112,37858,0.11215733270560038,0.13843837498018913
6798.png,DRIP,336,336,17,73,6121.0,46045.0,14308,37858,0.13293517211423608,0.16168313170267842
6798.png,Fixed,336,336,17,72,5241.0,46729.0,14112,37858,0.11215733270560038,0.13843837498018913
6800.png,DRIP,336,336,17,73,6121.0,46045.0,14308,37858,0.13293517211423608,0.16168313170267842
6800.png,Fixed,336,336,17,72,5241.0,46729.0,14112,37858,0.11215733270560038,0.13843837498018913
6801.png,DRIP,336,336,17,73,6121.0,46045.0,14308,37858,0.13293517211423608,0.16168313170267842
6801.png,Fixed,336,336,17,72,5241.0,46729.0,14112,37858,0.11215733270560038,0.13843837498018913
6802.png,DRIP,336,336,17,73,6121.0,46045.0,14308,37858,0.13293517211423608,0.16168313170267842
6802.png,Fixed,336,336,17,72,5241.0,46729.0,14112,37858,0.11215733270560038,0.13843837498018913
6803.png,DRIP,336,336,17,73,6121.0,46045.0,14308,37858,0.13293517211423608,0.16168313170267842
6803.png,Fixed,336,336,17,72,5241.0,46729.0,14112,37858,0.11215733270560038,0.13843837498018913
6805.png,DRIP,336,336,17,73,6121.0,46045.0,14308,37858,0.13293517211423608,0.16168313170267842
6805.png,Fixed,336,336,17,72,5241.0,46729.0,14112,37858,0.11215733270560038,0.13843837498018913
6806.png,DRIP,336,336,21,73,6393.0,43330.0,14308,35415,0.14754211862450958,0.1805167301990682
6806.png,Fixed,336,336,21,72,4980.0,44547.0,14112,35415,0.11179203986800458,0.14061838204150784
6812.png,DRIP,336,336,21,73,6393.0,43330.0,14308,35415,0.14754211862450958,0.1805167301990682
6812.png,Fixed,336,336,21,72,4980.0,44547.0,14112,35415,0.11179203986800458,0.14061838204150784
6813.png,DRIP,336,336,21,73,6393.0,43330.0,14308,35415,0.14754211862450958,0.1805167301990682
6813.png,Fixed,336,336,21,72,4980.0,44547.0,14112,35415,0.11179203986800458,0.14061838204150784
6814.png,DRIP,336,336,5,72,1112.0,17044.0,14112,4044,0.06524290072752875,0.27497527200791294
6814.png,Fixed,336,336,5,72,220.0,17936.0,14112,4044,0.012265834076717217,0.05440158259149357
6815.png,DRIP,336,336,5,72,1112.0,17044.0,14112,4044,0.06524290072752875,0.27497527200791294
6815.png,Fixed,336,336,5,72,220.0,17936.0,14112,4044,0.012265834076717217,0.05440158259149357
6816.png,DRIP,336,336,33,72,3753.0,37269.0,14112,26910,0.10070031393383241,0.13946488294314383
6816.png,Fixed,336,336,33,72,3096.0,37926.0,14112,26910,0.08163265306122448,0.11505016722408026
6817.png,DRIP,336,336,33,72,3753.0,37269.0,14112,26910,0.10070031393383241,0.13946488294314383
6817.png,Fixed,336,336,33,72,3096.0,37926.0,14112,26910,0.08163265306122448,0.11505016722408026
6819.png,DRIP,336,336,15,73,7031.0,39456.0,14308,32179,0.178198499594485,0.2184965350073029
6819.png,Fixed,336,336,15,72,4030.0,42261.0,14112,32179,0.09535978798419346,0.12523695577861338
6820.png,DRIP,336,336,33,72,3753.0,37269.0,14112,26910,0.10070031393383241,0.13946488294314383
6820.png,Fixed,336,336,33,72,3096.0,37926.0,14112,26910,0.08163265306122448,0.11505016722408026
6821.png,DRIP,336,336,15,73,7031.0,39456.0,14308,32179,0.178198499594485,0.2184965350073029
6821.png,Fixed,336,336,15,72,4030.0,42261.0,14112,32179,0.09535978798419346,0.12523695577861338
6822.png,DRIP,336,336,15,73,7031.0,39456.0,14308,32179,0.178198499594485,0.2184965350073029
6822.png,Fixed,336,336,15,72,4030.0,42261.0,14112,32179,0.09535978798419346,0.12523695577861338
6823.png,DRIP,336,336,33,72,3753.0,37269.0,14112,26910,0.10070031393383241,0.13946488294314383
6823.png,Fixed,336,336,33,72,3096.0,37926.0,14112,26910,0.08163265306122448,0.11505016722408026
6825.png,DRIP,336,336,15,73,7031.0,39456.0,14308,32179,0.178198499594485,0.2184965350073029
6825.png,Fixed,336,336,15,72,4030.0,42261.0,14112,32179,0.09535978798419346,0.12523695577861338
6831.png,DRIP,336,336,15,73,7031.0,39456.0,14308,32179,0.178198499594485,0.2184965350073029
6831.png,Fixed,336,336,15,72,4030.0,42261.0,14112,32179,0.09535978798419346,0.12523695577861338
6845.png,DRIP,336,336,40,73,3897.0,32019.0,14308,21608,0.12170898528998407,0.18034987041836356
6845.png,Fixed,336,336,40,72,2743.0,32977.0,14112,21608,0.0831791854929193,0.12694372454646427
6846.png,DRIP,336,336,40,73,3897.0,32019.0,14308,21608,0.12170898528998407,0.18034987041836356
6846.png,Fixed,336,336,40,72,2743.0,32977.0,14112,21608,0.0831791854929193,0.12694372454646427
6848.png,DRIP,336,336,40,73,3897.0,32019.0,14308,21608,0.12170898528998407,0.18034987041836356
6848.png,Fixed,336,336,40,72,2743.0,32977.0,14112,21608,0.0831791854929193,0.12694372454646427
6851.png,DRIP,336,336,40,73,3897.0,32019.0,14308,21608,0.12170898528998407,0.18034987041836356
6851.png,Fixed,336,336,40,72,2743.0,32977.0,14112,21608,0.0831791854929193,0.12694372454646427
6854.png,DRIP,336,336,40,73,3897.0,32019.0,14308,21608,0.12170898528998407,0.18034987041836356
6854.png,Fixed,336,336,40,72,2743.0,32977.0,14112,21608,0.0831791854929193,0.12694372454646427
6855.png,DRIP,336,336,40,73,3897.0,32019.0,14308,21608,0.12170898528998407,0.18034987041836356
6855.png,Fixed,336,336,40,72,2743.0,32977.0,14112,21608,0.0831791854929193,0.12694372454646427
6859.png,DRIP,336,336,40,73,3897.0,32019.0,14308,21608,0.12170898528998407,0.18034987041836356
6859.png,Fixed,336,336,40,72,2743.0,32977.0,14112,21608,0.0831791854929193,0.12694372454646427
6860.png,DRIP,336,336,40,73,3897.0,32019.0,14308,21608,0.12170898528998407,0.18034987041836356
6860.png,Fixed,336,336,40,72,2743.0,32977.0,14112,21608,0.0831791854929193,0.12694372454646427
6864.png,DRIP,336,336,29,72,4250.0,25298.0,14112,15436,0.16799747015574354,0.2753303964757709
6864.png,Fixed,336,336,29,72,2674.0,26874.0,14112,15436,0.09950137679541564,0.17323140710028503
6865.png,DRIP,336,336,29,72,4250.0,25298.0,14112,15436,0.16799747015574354,0.2753303964757709
6865.png,Fixed,336,336,29,72,2674.0,26874.0,14112,15436,0.09950137679541564,0.17323140710028503
6866.png,DRIP,336,336,21,73,5836.0,31076.0,14308,22604,0.18779765735615908,0.25818439214298355
6866.png,Fixed,336,336,21,72,3804.0,32912.0,14112,22604,0.11558094312105008,0.1682887984427535
6867.png,DRIP,336,336,21,73,5836.0,31076.0,14308,22604,0.18779765735615908,0.25818439214298355
6867.png,Fixed,336,336,21,72,3804.0,32912.0,14112,22604,0.11558094312105008,0.1682887984427535
6868.png,DRIP,336,336,29,72,4250.0,25298.0,14112,15436,0.16799747015574354,0.2753303964757709
6868.png,Fixed,336,336,29,72,2674.0,26874.0,14112,15436,0.09950137679541564,0.17323140710028503
6869.png,DRIP,336,336,21,73,5836.0,31076.0,14308,22604,0.18779765735615908,0.25818439214298355
6869.png,Fixed,336,336,21,72,3804.0,32912.0,14112,22604,0.11558094312105008,0.1682887984427535
6870.png,DRIP,336,336,29,72,4250.0,25298.0,14112,15436,0.16799747015574354,0.2753303964757709
6870.png,Fixed,336,336,29,72,2674.0,26874.0,14112,15436,0.09950137679541564,0.17323140710028503
6877.png,DRIP,336,336,29,72,4250.0,25298.0,14112,15436,0.16799747015574354,0.2753303964757709
6877.png,Fixed,336,336,29,72,2674.0,26874.0,14112,15436,0.09950137679541564,0.17323140710028503
6936.png,DRIP,336,336,22,73,3535.0,26241.0,14308,15468,0.13471285393087154,0.22853633307473495
6936.png,Fixed,336,336,22,72,2198.0,27382.0,14112,15468,0.08027171134321817,0.1420998189811223
6937.png,DRIP,336,336,22,73,3535.0,26241.0,14308,15468,0.13471285393087154,0.22853633307473495
6937.png,Fixed,336,336,22,72,2198.0,27382.0,14112,15468,0.08027171134321817,0.1420998189811223
6938.png,DRIP,336,336,22,73,3535.0,26241.0,14308,15468,0.13471285393087154,0.22853633307473495
6938.png,Fixed,336,336,22,72,2198.0,27382.0,14112,15468,0.08027171134321817,0.1420998189811223
6940.png,DRIP,336,336,22,73,3535.0,26241.0,14308,15468,0.13471285393087154,0.22853633307473495
6940.png,Fixed,336,336,22,72,2198.0,27382.0,14112,15468,0.08027171134321817,0.1420998189811223
6941.png,DRIP,336,336,22,73,3535.0,26241.0,14308,15468,0.13471285393087154,0.22853633307473495
6941.png,Fixed,336,336,22,72,2198.0,27382.0,14112,15468,0.08027171134321817,0.1420998189811223
6942.png,DRIP,336,336,22,73,3535.0,26241.0,14308,15468,0.13471285393087154,0.22853633307473495
6942.png,Fixed,336,336,22,72,2198.0,27382.0,14112,15468,0.08027171134321817,0.1420998189811223
6943.png,DRIP,336,336,22,73,3535.0,26241.0,14308,15468,0.13471285393087154,0.22853633307473495
6943.png,Fixed,336,336,22,72,2198.0,27382.0,14112,15468,0.08027171134321817,0.1420998189811223
6944.png,DRIP,336,336,22,73,3535.0,26241.0,14308,15468,0.13471285393087154,0.22853633307473495
6944.png,Fixed,336,336,22,72,2198.0,27382.0,14112,15468,0.08027171134321817,0.1420998189811223
6945.png,DRIP,336,336,40,72,6961.0,42755.0,14112,35604,0.16281136709156824,0.19551174025390405
6945.png,Fixed,336,336,40,72,4644.0,45072.0,14112,35604,0.10303514376996806,0.13043478260869565
6948.png,DRIP,336,336,40,72,6961.0,42755.0,14112,35604,0.16281136709156824,0.19551174025390405
6948.png,Fixed,336,336,40,72,4644.0,45072.0,14112,35604,0.10303514376996806,0.13043478260869565
6958.png,DRIP,336,336,40,72,6961.0,42755.0,14112,35604,0.16281136709156824,0.19551174025390405
6958.png,Fixed,336,336,40,72,4644.0,45072.0,14112,35604,0.10303514376996806,0.13043478260869565
6959.png,DRIP,336,336,40,72,6961.0,42755.0,14112,35604,0.16281136709156824,0.19551174025390405
6959.png,Fixed,336,336,40,72,4644.0,45072.0,14112,35604,0.10303514376996806,0.13043478260869565
6962.png,DRIP,336,336,22,73,3535.0,26241.0,14308,15468,0.13471285393087154,0.22853633307473495
6962.png,Fixed,336,336,22,72,2198.0,27382.0,14112,15468,0.08027171134321817,0.1420998189811223
6963.png,DRIP,336,336,31,73,4816.0,30343.0,14308,20851,0.15871865010051742,0.2309721356289866
6963.png,Fixed,336,336,31,72,2473.0,32490.0,14112,20851,0.07611572791628193,0.11860342429619683
6965.png,DRIP,336,336,31,73,4816.0,30343.0,14308,20851,0.15871865010051742,0.2309721356289866
6965.png,Fixed,336,336,31,72,2473.0,32490.0,14112,20851,0.07611572791628193,0.11860342429619683
6966.png,DRIP,336,336,31,73,4816.0,30343.0,14308,20851,0.15871865010051742,0.2309721356289866
6966.png,Fixed,336,336,31,72,2473.0,32490.0,14112,20851,0.07611572791628193,0.11860342429619683
6967.png,DRIP,336,336,31,73,4816.0,30343.0,14308,20851,0.15871865010051742,0.2309721356289866
6967.png,Fixed,336,336,31,72,2473.0,32490.0,14112,20851,0.07611572791628193,0.11860342429619683
6968.png,DRIP,336,336,31,73,4816.0,30343.0,14308,20851,0.15871865010051742,0.2309721356289866
6968.png,Fixed,336,336,31,72,2473.0,32490.0,14112,20851,0.07611572791628193,0.11860342429619683
6969.png,DRIP,336,336,40,72,6961.0,42755.0,14112,35604,0.16281136709156824,0.19551174025390405
6969.png,Fixed,336,336,40,72,4644.0,45072.0,14112,35604,0.10303514376996806,0.13043478260869565
6971.png,DRIP,336,336,40,72,6961.0,42755.0,14112,35604,0.16281136709156824,0.19551174025390405
6971.png,Fixed,336,336,40,72,4644.0,45072.0,14112,35604,0.10303514376996806,0.13043478260869565
6973.png,DRIP,336,336,31,73,4816.0,30343.0,14308,20851,0.15871865010051742,0.2309721356289866
6973.png,Fixed,336,336,31,72,2473.0,32490.0,14112,20851,0.07611572791628193,0.11860342429619683
6974.png,DRIP,336,336,40,72,6961.0,42755.0,14112,35604,0.16281136709156824,0.19551174025390405
6974.png,Fixed,336,336,40,72,4644.0,45072.0,14112,35604,0.10303514376996806,0.13043478260869565
6975.png,DRIP,336,336,31,73,4816.0,30343.0,14308,20851,0.15871865010051742,0.2309721356289866
6975.png,Fixed,336,336,31,72,2473.0,32490.0,14112,20851,0.07611572791628193,0.11860342429619683
6977.png,DRIP,336,336,40,72,6961.0,42755.0,14112,35604,0.16281136709156824,0.19551174025390405
6977.png,Fixed,336,336,40,72,4644.0,45072.0,14112,35604,0.10303514376996806,0.13043478260869565
6978.png,DRIP,336,336,31,73,4816.0,30343.0,14308,20851,0.15871865010051742,0.2309721356289866
6978.png,Fixed,336,336,31,72,2473.0,32490.0,14112,20851,0.07611572791628193,0.11860342429619683
6981.png,DRIP,336,336,36,73,6096.0,33946.0,14308,25734,0.17957933188004477,0.23688505479132665
6981.png,Fixed,336,336,36,72,2573.0,37273.0,14112,25734,0.06903120221071553,0.09998445636123417
6983.png,DRIP,336,336,36,73,6096.0,33946.0,14308,25734,0.17957933188004477,0.23688505479132665
6983.png,Fixed,336,336,36,72,2573.0,37273.0,14112,25734,0.06903120221071553,0.09998445636123417
6985.png,DRIP,336,336,36,73,6096.0,33946.0,14308,25734,0.17957933188004477,0.23688505479132665
6985.png,Fixed,336,336,36,72,2573.0,37273.0,14112,25734,0.06903120221071553,0.09998445636123417
6988.png,DRIP,336,336,36,73,6096.0,33946.0,14308,25734,0.17957933188004477,0.23688505479132665
6988.png,Fixed,336,336,36,72,2573.0,37273.0,14112,25734,0.06903120221071553,0.09998445636123417
6989.png,DRIP,336,336,39,73,4834.0,38711.0,14308,29237,0.12487406680271758,0.16533844101652015
6989.png,Fixed,336,336,39,72,3281.0,40068.0,14112,29237,0.0818857941499451,0.11222081608920204
6990.png,DRIP,336,336,39,73,4834.0,38711.0,14308,29237,0.12487406680271758,0.16533844101652015
6990.png,Fixed,336,336,39,72,3281.0,40068.0,14112,29237,0.0818857941499451,0.11222081608920204
6991.png,DRIP,336,336,39,73,4834.0,38711.0,14308,29237,0.12487406680271758,0.16533844101652015
6991.png,Fixed,336,336,39,72,3281.0,40068.0,14112,29237,0.0818857941499451,0.11222081608920204
6994.png,DRIP,336,336,39,73,4834.0,38711.0,14308,29237,0.12487406680271758,0.16533844101652015
6994.png,Fixed,336,336,39,72,3281.0,40068.0,14112,29237,0.0818857941499451,0.11222081608920204
6995.png,DRIP,336,336,39,73,4834.0,38711.0,14308,29237,0.12487406680271758,0.16533844101652015
6995.png,Fixed,336,336,39,72,3281.0,40068.0,14112,29237,0.0818857941499451,0.11222081608920204
6996.png,DRIP,336,336,39,73,4834.0,38711.0,14308,29237,0.12487406680271758,0.16533844101652015
6996.png,Fixed,336,336,39,72,3281.0,40068.0,14112,29237,0.0818857941499451,0.11222081608920204
6997.png,DRIP,336,336,39,73,4834.0,38711.0,14308,29237,0.12487406680271758,0.16533844101652015
6997.png,Fixed,336,336,39,72,3281.0,40068.0,14112,29237,0.0818857941499451,0.11222081608920204
6998.png,DRIP,336,336,39,73,4834.0,38711.0,14308,29237,0.12487406680271758,0.16533844101652015
6998.png,Fixed,336,336,39,72,3281.0,40068.0,14112,29237,0.0818857941499451,0.11222081608920204
7000.png,DRIP,336,336,39,73,4834.0,38711.0,14308,29237,0.12487406680271758,0.16533844101652015
7000.png,Fixed,336,336,39,72,3281.0,40068.0,14112,29237,0.0818857941499451,0.11222081608920204
7003.png,DRIP,336,336,39,73,4834.0,38711.0,14308,29237,0.12487406680271758,0.16533844101652015
7003.png,Fixed,336,336,39,72,3281.0,40068.0,14112,29237,0.0818857941499451,0.11222081608920204
7005.png,DRIP,336,336,18,73,4146.0,19739.0,14308,9577,0.21004103551345052,0.4329121854442936
7005.png,Fixed,336,336,18,72,1803.0,21886.0,14112,9577,0.08238143105181395,0.18826354808395113
7006.png,DRIP,336,336,18,73,4146.0,19739.0,14308,9577,0.21004103551345052,0.4329121854442936
7006.png,Fixed,336,336,18,72,1803.0,21886.0,14112,9577,0.08238143105181395,0.18826354808395113
7007.png,DRIP,336,336,18,73,4146.0,19739.0,14308,9577,0.21004103551345052,0.4329121854442936
7007.png,Fixed,336,336,18,72,1803.0,21886.0,14112,9577,0.08238143105181395,0.18826354808395113
7008.png,DRIP,336,336,18,73,4146.0,19739.0,14308,9577,0.21004103551345052,0.4329121854442936
7008.png,Fixed,336,336,18,72,1803.0,21886.0,14112,9577,0.08238143105181395,0.18826354808395113
7010.png,DRIP,336,336,18,73,4146.0,19739.0,14308,9577,0.21004103551345052,0.4329121854442936
7010.png,Fixed,336,336,18,72,1803.0,21886.0,14112,9577,0.08238143105181395,0.18826354808395113
7012.png,DRIP,336,336,18,73,4146.0,19739.0,14308,9577,0.21004103551345052,0.4329121854442936
7012.png,Fixed,336,336,18,72,1803.0,21886.0,14112,9577,0.08238143105181395,0.18826354808395113
7013.png,DRIP,336,336,18,73,4146.0,19739.0,14308,9577,0.21004103551345052,0.4329121854442936
7013.png,Fixed,336,336,18,72,1803.0,21886.0,14112,9577,0.08238143105181395,0.18826354808395113
7014.png,DRIP,336,336,56,73,8028.0,59173.0,14308,52893,0.13566998462136448,0.15177811808745958
7014.png,Fixed,336,336,56,72,7201.0,59804.0,14112,52893,0.12041000601966424,0.13614277881761291
7015.png,DRIP,336,336,39,73,4834.0,38711.0,14308,29237,0.12487406680271758,0.16533844101652015
7015.png,Fixed,336,336,39,72,3281.0,40068.0,14112,29237,0.0818857941499451,0.11222081608920204
7016.png,DRIP,336,336,56,73,8028.0,59173.0,14308,52893,0.13566998462136448,0.15177811808745958
7016.png,Fixed,336,336,56,72,7201.0,59804.0,14112,52893,0.12041000601966424,0.13614277881761291
7017.png,DRIP,336,336,56,73,8028.0,59173.0,14308,52893,0.13566998462136448,0.15177811808745958
7017.png,Fixed,336,336,56,72,7201.0,59804.0,14112,52893,0.12041000601966424,0.13614277881761291
7019.png,DRIP,336,336,56,73,8028.0,59173.0,14308,52893,0.13566998462136448,0.15177811808745958
7019.png,Fixed,336,336,56,72,7201.0,59804.0,14112,52893,0.12041000601966424,0.13614277881761291
7020.png,DRIP,336,336,42,73,6124.0,39685.0,14308,31501,0.15431523245558776,0.1944065267769277
7020.png,Fixed,336,336,42,72,3478.0,42135.0,14112,31501,0.08254420315652071,0.11040919335894099
7022.png,DRIP,336,336,56,73,8028.0,59173.0,14308,52893,0.13566998462136448,0.15177811808745958
7022.png,Fixed,336,336,56,72,7201.0,59804.0,14112,52893,0.12041000601966424,0.13614277881761291
7024.png,DRIP,336,336,56,73,8028.0,59173.0,14308,52893,0.13566998462136448,0.15177811808745958
7024.png,Fixed,336,336,56,72,7201.0,59804.0,14112,52893,0.12041000601966424,0.13614277881761291
7025.png,DRIP,336,336,42,73,6124.0,39685.0,14308,31501,0.15431523245558776,0.1944065267769277
7025.png,Fixed,336,336,42,72,3478.0,42135.0,14112,31501,0.08254420315652071,0.11040919335894099
7026.png,DRIP,336,336,56,73,8028.0,59173.0,14308,52893,0.13566998462136448,0.15177811808745958
7026.png,Fixed,336,336,56,72,7201.0,59804.0,14112,52893,0.12041000601966424,0.13614277881761291
7027.png,DRIP,336,336,42,73,6124.0,39685.0,14308,31501,0.15431523245558776,0.1944065267769277
7027.png,Fixed,336,336,42,72,3478.0,42135.0,14112,31501,0.08254420315652071,0.11040919335894099
7028.png,DRIP,336,336,42,73,6124.0,39685.0,14308,31501,0.15431523245558776,0.1944065267769277
7028.png,Fixed,336,336,42,72,3478.0,42135.0,14112,31501,0.08254420315652071,0.11040919335894099
7029.png,DRIP,336,336,42,73,6124.0,39685.0,14308,31501,0.15431523245558776,0.1944065267769277
7029.png,Fixed,336,336,42,72,3478.0,42135.0,14112,31501,0.08254420315652071,0.11040919335894099
7031.png,DRIP,336,336,42,73,6124.0,39685.0,14308,31501,0.15431523245558776,0.1944065267769277
7031.png,Fixed,336,336,42,72,3478.0,42135.0,14112,31501,0.08254420315652071,0.11040919335894099
7033.png,DRIP,336,336,42,73,6124.0,39685.0,14308,31501,0.15431523245558776,0.1944065267769277
7033.png,Fixed,336,336,42,72,3478.0,42135.0,14112,31501,0.08254420315652071,0.11040919335894099
7034.png,DRIP,336,336,42,73,6124.0,39685.0,14308,31501,0.15431523245558776,0.1944065267769277
7034.png,Fixed,336,336,42,72,3478.0,42135.0,14112,31501,0.08254420315652071,0.11040919335894099
7040.png,DRIP,336,336,31,73,4816.0,30343.0,14308,20851,0.15871865010051742,0.2309721356289866
7040.png,Fixed,336,336,31,72,2473.0,32490.0,14112,20851,0.07611572791628193,0.11860342429619683
7059.png,DRIP,336,336,42,73,6124.0,39685.0,14308,31501,0.15431523245558776,0.1944065267769277
7059.png,Fixed,336,336,42,72,3478.0,42135.0,14112,31501,0.08254420315652071,0.11040919335894099
7224.png,DRIP,336,336,36,73,3868.0,25893.0,14308,15453,0.14938400339860194,0.2503073836795444
7224.png,Fixed,336,336,36,72,2059.0,27506.0,14112,15453,0.07485639496837054,0.13324273603830972
7236.png,DRIP,336,336,36,73,3868.0,25893.0,14308,15453,0.14938400339860194,0.2503073836795444
7236.png,Fixed,336,336,36,72,2059.0,27506.0,14112,15453,0.07485639496837054,0.13324273603830972
7396.png,DRIP,336,336,34,73,5913.0,34529.0,14308,26134,0.17124735729386892,0.22625698324022347
7396.png,Fixed,336,336,34,72,3288.0,36958.0,14112,26134,0.08896585313058065,0.12581311701232112
7401.png,DRIP,336,336,34,73,5913.0,34529.0,14308,26134,0.17124735729386892,0.22625698324022347
7401.png,Fixed,336,336,34,72,3288.0,36958.0,14112,26134,0.08896585313058065,0.12581311701232112
7405.png,DRIP,336,336,34,73,5913.0,34529.0,14308,26134,0.17124735729386892,0.22625698324022347
7405.png,Fixed,336,336,34,72,3288.0,36958.0,14112,26134,0.08896585313058065,0.12581311701232112
7414.png,DRIP,336,336,34,73,5913.0,34529.0,14308,26134,0.17124735729386892,0.22625698324022347
7414.png,Fixed,336,336,34,72,3288.0,36958.0,14112,26134,0.08896585313058065,0.12581311701232112
7415.png,DRIP,336,336,34,73,5913.0,34529.0,14308,26134,0.17124735729386892,0.22625698324022347
7415.png,Fixed,336,336,34,72,3288.0,36958.0,14112,26134,0.08896585313058065,0.12581311701232112
7418.png,DRIP,336,336,34,73,5913.0,34529.0,14308,26134,0.17124735729386892,0.22625698324022347
7418.png,Fixed,336,336,34,72,3288.0,36958.0,14112,26134,0.08896585313058065,0.12581311701232112
7480.png,DRIP,336,336,34,73,5913.0,34529.0,14308,26134,0.17124735729386892,0.22625698324022347
7480.png,Fixed,336,336,34,72,3288.0,36958.0,14112,26134,0.08896585313058065,0.12581311701232112
7483.png,DRIP,336,336,34,73,5913.0,34529.0,14308,26134,0.17124735729386892,0.22625698324022347
7483.png,Fixed,336,336,34,72,3288.0,36958.0,14112,26134,0.08896585313058065,0.12581311701232112
7486.png,DRIP,336,336,34,73,5913.0,34529.0,14308,26134,0.17124735729386892,0.22625698324022347
7486.png,Fixed,336,336,34,72,3288.0,36958.0,14112,26134,0.08896585313058065,0.12581311701232112
7487.png,DRIP,336,336,34,73,5913.0,34529.0,14308,26134,0.17124735729386892,0.22625698324022347
7487.png,Fixed,336,336,34,72,3288.0,36958.0,14112,26134,0.08896585313058065,0.12581311701232112
7571.png,DRIP,336,336,78,73,7292.0,48117.0,14308,41101,0.15154727019556496,0.1774166078684217
7571.png,Fixed,336,336,78,72,4838.0,50375.0,14112,41101,0.09603970223325062,0.11771003138609766
7575.png,DRIP,336,336,78,73,7292.0,48117.0,14308,41101,0.15154727019556496,0.1774166078684217
7575.png,Fixed,336,336,78,72,4838.0,50375.0,14112,41101,0.09603970223325062,0.11771003138609766
7585.png,DRIP,336,336,78,73,7292.0,48117.0,14308,41101,0.15154727019556496,0.1774166078684217
7585.png,Fixed,336,336,78,72,4838.0,50375.0,14112,41101,0.09603970223325062,0.11771003138609766
7588.png,DRIP,336,336,78,73,7292.0,48117.0,14308,41101,0.15154727019556496,0.1774166078684217
7588.png,Fixed,336,336,78,72,4838.0,50375.0,14112,41101,0.09603970223325062,0.11771003138609766
7590.png,DRIP,336,336,78,73,7292.0,48117.0,14308,41101,0.15154727019556496,0.1774166078684217
7590.png,Fixed,336,336,78,72,4838.0,50375.0,14112,41101,0.09603970223325062,0.11771003138609766
7595.png,DRIP,336,336,78,73,7292.0,48117.0,14308,41101,0.15154727019556496,0.1774166078684217
7595.png,Fixed,336,336,78,72,4838.0,50375.0,14112,41101,0.09603970223325062,0.11771003138609766
7611.png,DRIP,336,336,78,73,7292.0,48117.0,14308,41101,0.15154727019556496,0.1774166078684217
7611.png,Fixed,336,336,78,72,4838.0,50375.0,14112,41101,0.09603970223325062,0.11771003138609766
7612.png,DRIP,336,336,78,73,7292.0,48117.0,14308,41101,0.15154727019556496,0.1774166078684217
7612.png,Fixed,336,336,78,72,4838.0,50375.0,14112,41101,0.09603970223325062,0.11771003138609766
7613.png,DRIP,336,336,78,73,7292.0,48117.0,14308,41101,0.15154727019556496,0.1774166078684217
7613.png,Fixed,336,336,78,72,4838.0,50375.0,14112,41101,0.09603970223325062,0.11771003138609766
7615.png,DRIP,336,336,78,73,7292.0,48117.0,14308,41101,0.15154727019556496,0.1774166078684217
7615.png,Fixed,336,336,78,72,4838.0,50375.0,14112,41101,0.09603970223325062,0.11771003138609766
7616.png,DRIP,336,336,78,73,7292.0,48117.0,14308,41101,0.15154727019556496,0.1774166078684217
7616.png,Fixed,336,336,78,72,4838.0,50375.0,14112,41101,0.09603970223325062,0.11771003138609766
7621.png,DRIP,336,336,78,73,7292.0,48117.0,14308,41101,0.15154727019556496,0.1774166078684217
7621.png,Fixed,336,336,78,72,4838.0,50375.0,14112,41101,0.09603970223325062,0.11771003138609766
7624.png,DRIP,336,336,78,73,7292.0,48117.0,14308,41101,0.15154727019556496,0.1774166078684217
7624.png,Fixed,336,336,78,72,4838.0,50375.0,14112,41101,0.09603970223325062,0.11771003138609766
782.png,DRIP,336,336,27,73,5752.0,26393.0,14308,17837,0.2179365740916152,0.32247575264898803
782.png,Fixed,336,336,27,72,1674.0,30275.0,14112,17837,0.05529314616019818,0.09384986264506363
783.png,DRIP,336,336,27,73,5752.0,26393.0,14308,17837,0.2179365740916152,0.32247575264898803
783.png,Fixed,336,336,27,72,1674.0,30275.0,14112,17837,0.05529314616019818,0.09384986264506363
784.png,DRIP,336,336,27,73,5752.0,26393.0,14308,17837,0.2179365740916152,0.32247575264898803
784.png,Fixed,336,336,27,72,1674.0,30275.0,14112,17837,0.05529314616019818,0.09384986264506363
785.png,DRIP,336,336,27,73,5752.0,26393.0,14308,17837,0.2179365740916152,0.32247575264898803
785.png,Fixed,336,336,27,72,1674.0,30275.0,14112,17837,0.05529314616019818,0.09384986264506363
786.png,DRIP,336,336,27,73,5752.0,26393.0,14308,17837,0.2179365740916152,0.32247575264898803
786.png,Fixed,336,336,27,72,1674.0,30275.0,14112,17837,0.05529314616019818,0.09384986264506363
788.png,DRIP,336,336,7,73,5925.0,28356.0,14308,19973,0.20895048666948793,0.29665047814549644
788.png,Fixed,336,336,7,72,2209.0,31876.0,14112,19973,0.06929978667335927,0.11059930906724078
789.png,DRIP,336,336,7,73,5925.0,28356.0,14308,19973,0.20895048666948793,0.29665047814549644
789.png,Fixed,336,336,7,72,2209.0,31876.0,14112,19973,0.06929978667335927,0.11059930906724078
790.png,DRIP,336,336,7,73,5925.0,28356.0,14308,19973,0.20895048666948793,0.29665047814549644
790.png,Fixed,336,336,7,72,2209.0,31876.0,14112,19973,0.06929978667335927,0.11059930906724078
792.png,DRIP,336,336,24,73,5851.0,41430.0,14308,32973,0.14122616461501328,0.177448215206381
792.png,Fixed,336,336,24,72,4454.0,42631.0,14112,32973,0.10447796204639816,0.13508021714736299
793.png,DRIP,336,336,24,73,5851.0,41430.0,14308,32973,0.14122616461501328,0.177448215206381
793.png,Fixed,336,336,24,72,4454.0,42631.0,14112,32973,0.10447796204639816,0.13508021714736299
7937.png,DRIP,336,336,48,73,4103.0,30850.0,14308,20645,0.13299837925445704,0.19874061516105596
7937.png,Fixed,336,336,48,72,3265.0,31492.0,14112,20645,0.10367712434904103,0.15814967304432065
794.png,DRIP,336,336,24,73,5851.0,41430.0,14308,32973,0.14122616461501328,0.177448215206381
794.png,Fixed,336,336,24,72,4454.0,42631.0,14112,32973,0.10447796204639816,0.13508021714736299
8044.png,DRIP,336,336,19,73,4459.0,28368.0,14308,18519,0.15718415115623238,0.2407797397267671
8044.png,Fixed,336,336,19,72,2853.0,29778.0,14112,18519,0.09580898650010075,0.1540579944921432
8045.png,DRIP,336,336,19,73,4459.0,28368.0,14308,18519,0.15718415115623238,0.2407797397267671
8045.png,Fixed,336,336,19,72,2853.0,29778.0,14112,18519,0.09580898650010075,0.1540579944921432
8046.png,DRIP,336,336,19,73,4459.0,28368.0,14308,18519,0.15718415115623238,0.2407797397267671
8046.png,Fixed,336,336,19,72,2853.0,29778.0,14112,18519,0.09580898650010075,0.1540579944921432
8047.png,DRIP,336,336,19,73,4459.0,28368.0,14308,18519,0.15718415115623238,0.2407797397267671
8047.png,Fixed,336,336,19,72,2853.0,29778.0,14112,18519,0.09580898650010075,0.1540579944921432
8048.png,DRIP,336,336,19,73,4459.0,28368.0,14308,18519,0.15718415115623238,0.2407797397267671
8048.png,Fixed,336,336,19,72,2853.0,29778.0,14112,18519,0.09580898650010075,0.1540579944921432
8049.png,DRIP,336,336,19,73,4459.0,28368.0,14308,18519,0.15718415115623238,0.2407797397267671
8049.png,Fixed,336,336,19,72,2853.0,29778.0,14112,18519,0.09580898650010075,0.1540579944921432
8050.png,DRIP,336,336,19,73,4459.0,28368.0,14308,18519,0.15718415115623238,0.2407797397267671
8050.png,Fixed,336,336,19,72,2853.0,29778.0,14112,18519,0.09580898650010075,0.1540579944921432
8069.png,DRIP,336,336,11,73,1722.0,19545.0,14308,6959,0.08810437452033769,0.2474493461704268
8069.png,Fixed,336,336,11,72,986.0,20085.0,14112,6959,0.04909136171272094,0.1416870239977008
8070.png,DRIP,336,336,11,73,1722.0,19545.0,14308,6959,0.08810437452033769,0.2474493461704268
8070.png,Fixed,336,336,11,72,986.0,20085.0,14112,6959,0.04909136171272094,0.1416870239977008
8071.png,DRIP,336,336,11,73,1722.0,19545.0,14308,6959,0.08810437452033769,0.2474493461704268
8071.png,Fixed,336,336,11,72,986.0,20085.0,14112,6959,0.04909136171272094,0.1416870239977008
8072.png,DRIP,336,336,11,73,1722.0,19545.0,14308,6959,0.08810437452033769,0.2474493461704268
8072.png,Fixed,336,336,11,72,986.0,20085.0,14112,6959,0.04909136171272094,0.1416870239977008
8073.png,DRIP,336,336,11,73,1722.0,19545.0,14308,6959,0.08810437452033769,0.2474493461704268
8073.png,Fixed,336,336,11,72,986.0,20085.0,14112,6959,0.04909136171272094,0.1416870239977008
8074.png,DRIP,336,336,11,73,1722.0,19545.0,14308,6959,0.08810437452033769,0.2474493461704268
8074.png,Fixed,336,336,11,72,986.0,20085.0,14112,6959,0.04909136171272094,0.1416870239977008
8075.png,DRIP,336,336,11,73,1722.0,19545.0,14308,6959,0.08810437452033769,0.2474493461704268
8075.png,Fixed,336,336,11,72,986.0,20085.0,14112,6959,0.04909136171272094,0.1416870239977008
809.png,DRIP,336,336,90,73,6473.0,53345.0,14308,45510,0.12134220639235167,0.14223247637881783
809.png,Fixed,336,336,90,72,5690.0,53932.0,14112,45510,0.10550322628495142,0.12502746649088112
8117.png,DRIP,336,336,37,73,5696.0,41621.0,14308,33009,0.13685399197520481,0.1725589990608622
8117.png,Fixed,336,336,37,72,4106.0,43015.0,14112,33009,0.09545507381146112,0.1243903177921173
8118.png,DRIP,336,336,37,73,5696.0,41621.0,14308,33009,0.13685399197520481,0.1725589990608622
8118.png,Fixed,336,336,37,72,4106.0,43015.0,14112,33009,0.09545507381146112,0.1243903177921173
8119.png,DRIP,336,336,37,73,5696.0,41621.0,14308,33009,0.13685399197520481,0.1725589990608622
8119.png,Fixed,336,336,37,72,4106.0,43015.0,14112,33009,0.09545507381146112,0.1243903177921173
8120.png,DRIP,336,336,37,73,5696.0,41621.0,14308,33009,0.13685399197520481,0.1725589990608622
8120.png,Fixed,336,336,37,72,4106.0,43015.0,14112,33009,0.09545507381146112,0.1243903177921173
8121.png,DRIP,336,336,37,73,5696.0,41621.0,14308,33009,0.13685399197520481,0.1725589990608622
8121.png,Fixed,336,336,37,72,4106.0,43015.0,14112,33009,0.09545507381146112,0.1243903177921173
8122.png,DRIP,336,336,37,73,5696.0,41621.0,14308,33009,0.13685399197520481,0.1725589990608622
8122.png,Fixed,336,336,37,72,4106.0,43015.0,14112,33009,0.09545507381146112,0.1243903177921173
8125.png,DRIP,336,336,69,73,5956.0,39204.0,14308,30852,0.15192327313539436,0.1930506936341242
8125.png,Fixed,336,336,69,72,4091.0,40873.0,14112,30852,0.10009052430699973,0.13260080383767664
8126.png,DRIP,336,336,69,73,5956.0,39204.0,14308,30852,0.15192327313539436,0.1930506936341242
8126.png,Fixed,336,336,69,72,4091.0,40873.0,14112,30852,0.10009052430699973,0.13260080383767664
8127.png,DRIP,336,336,69,73,5956.0,39204.0,14308,30852,0.15192327313539436,0.1930506936341242
8127.png,Fixed,336,336,69,72,4091.0,40873.0,14112,30852,0.10009052430699973,0.13260080383767664
8128.png,DRIP,336,336,69,73,5956.0,39204.0,14308,30852,0.15192327313539436,0.1930506936341242
8128.png,Fixed,336,336,69,72,4091.0,40873.0,14112,30852,0.10009052430699973,0.13260080383767664
8129.png,DRIP,336,336,69,73,5956.0,39204.0,14308,30852,0.15192327313539436,0.1930506936341242
8129.png,Fixed,336,336,69,72,4091.0,40873.0,14112,30852,0.10009052430699973,0.13260080383767664
815.png,DRIP,336,336,90,73,6473.0,53345.0,14308,45510,0.12134220639235167,0.14223247637881783
815.png,Fixed,336,336,90,72,5690.0,53932.0,14112,45510,0.10550322628495142,0.12502746649088112
822.png,DRIP,336,336,33,73,7421.0,52736.0,14308,45849,0.14071981189320387,0.16185740147004296
822.png,Fixed,336,336,33,72,6100.0,53861.0,14112,45849,0.11325448840533966,0.13304543174333136
824.png,DRIP,336,336,33,73,7421.0,52736.0,14308,45849,0.14071981189320387,0.16185740147004296
824.png,Fixed,336,336,33,72,6100.0,53861.0,14112,45849,0.11325448840533966,0.13304543174333136
826.png,DRIP,336,336,33,73,7421.0,52736.0,14308,45849,0.14071981189320387,0.16185740147004296
826.png,Fixed,336,336,33,72,6100.0,53861.0,14112,45849,0.11325448840533966,0.13304543174333136
8560.png,DRIP,336,336,10,73,1226.0,20337.0,14308,7255,0.060284211043910116,0.168986905582357
8560.png,Fixed,336,336,10,72,1291.0,20076.0,14112,7255,0.064305638573421,0.1779462439696761
8565.png,DRIP,336,336,10,73,1226.0,20337.0,14308,7255,0.060284211043910116,0.168986905582357
8565.png,Fixed,336,336,10,72,1291.0,20076.0,14112,7255,0.064305638573421,0.1779462439696761
8570.png,DRIP,336,336,10,73,1226.0,20337.0,14308,7255,0.060284211043910116,0.168986905582357
8570.png,Fixed,336,336,10,72,1291.0,20076.0,14112,7255,0.064305638573421,0.1779462439696761
867.png,DRIP,336,336,24,73,6126.0,33640.0,14308,25458,0.18210463733650417,0.2406316285646948
867.png,Fixed,336,336,24,72,2718.0,36852.0,14112,25458,0.0737544773689352,0.10676408201744049
868.png,DRIP,336,336,24,73,6126.0,33640.0,14308,25458,0.18210463733650417,0.2406316285646948
868.png,Fixed,336,336,24,72,2718.0,36852.0,14112,25458,0.0737544773689352,0.10676408201744049
869.png,DRIP,336,336,24,73,6126.0,33640.0,14308,25458,0.18210463733650417,0.2406316285646948
869.png,Fixed,336,336,24,72,2718.0,36852.0,14112,25458,0.0737544773689352,0.10676408201744049
887.png,DRIP,336,336,22,73,7287.0,64421.0,14308,57400,0.11311528849288276,0.12695121951219512
887.png,Fixed,336,336,22,72,7554.0,63958.0,14112,57400,0.11810875887301041,0.131602787456446
888.png,DRIP,336,336,22,73,7287.0,64421.0,14308,57400,0.11311528849288276,0.12695121951219512
888.png,Fixed,336,336,22,72,7554.0,63958.0,14112,57400,0.11810875887301041,0.131602787456446
889.png,DRIP,336,336,91,73,7667.0,70177.0,14308,63536,0.10925231913589922,0.12067174515235457
889.png,Fixed,336,336,91,72,8189.0,69459.0,14112,63536,0.11789688881210499,0.12888755980861244
891.png,DRIP,336,336,91,73,7667.0,70177.0,14308,63536,0.10925231913589922,0.12067174515235457
891.png,Fixed,336,336,91,72,8189.0,69459.0,14112,63536,0.11789688881210499,0.12888755980861244
892.png,DRIP,336,336,91,73,7667.0,70177.0,14308,63536,0.10925231913589922,0.12067174515235457
892.png,Fixed,336,336,91,72,8189.0,69459.0,14112,63536,0.11789688881210499,0.12888755980861244
893.png,DRIP,336,336,22,73,7287.0,64421.0,14308,57400,0.11311528849288276,0.12695121951219512
893.png,Fixed,336,336,22,72,7554.0,63958.0,14112,57400,0.11810875887301041,0.131602787456446
9295.png,DRIP,336,336,30,73,5551.0,30431.0,14308,21674,0.18241267128914593,0.2561133154932177
9295.png,Fixed,336,336,30,72,2920.0,32866.0,14112,21674,0.08884561552972677,0.1347236320014764
9297.png,DRIP,336,336,30,73,5551.0,30431.0,14308,21674,0.18241267128914593,0.2561133154932177
9297.png,Fixed,336,336,30,72,2920.0,32866.0,14112,21674,0.08884561552972677,0.1347236320014764
9307.png,DRIP,336,336,31,73,6346.0,38634.0,14308,30672,0.1642594605787648,0.20689880020865936
9307.png,Fixed,336,336,31,72,3538.0,41246.0,14112,30672,0.08577801483780245,0.11534950443401147
9364.png,DRIP,336,336,15,73,2855.0,21828.0,14308,10375,0.1307953087777167,0.27518072289156625
9364.png,Fixed,336,336,15,72,1561.0,22926.0,14112,10375,0.06808863299310826,0.15045783132530122
9367.png,DRIP,336,336,15,73,2855.0,21828.0,14308,10375,0.1307953087777167,0.27518072289156625
9367.png,Fixed,336,336,15,72,1561.0,22926.0,14112,10375,0.06808863299310826,0.15045783132530122
9371.png,DRIP,336,336,15,73,2855.0,21828.0,14308,10375,0.1307953087777167,0.27518072289156625
9371.png,Fixed,336,336,15,72,1561.0,22926.0,14112,10375,0.06808863299310826,0.15045783132530122
9374.png,DRIP,336,336,15,73,2855.0,21828.0,14308,10375,0.1307953087777167,0.27518072289156625
9374.png,Fixed,336,336,15,72,1561.0,22926.0,14112,10375,0.06808863299310826,0.15045783132530122
9381.png,DRIP,336,336,15,73,2855.0,21828.0,14308,10375,0.1307953087777167,0.27518072289156625
9381.png,Fixed,336,336,15,72,1561.0,22926.0,14112,10375,0.06808863299310826,0.15045783132530122
9472.png,DRIP,336,336,31,73,4624.0,39050.0,14308,29366,0.11841229193341869,0.1574610093305183
9472.png,Fixed,336,336,31,72,3809.0,39669.0,14112,29366,0.09601956187451158,0.1297078253762855
9474.png,DRIP,336,336,31,73,4624.0,39050.0,14308,29366,0.11841229193341869,0.1574610093305183
9474.png,Fixed,336,336,31,72,3809.0,39669.0,14112,29366,0.09601956187451158,0.1297078253762855
9477.png,DRIP,336,336,31,73,4624.0,39050.0,14308,29366,0.11841229193341869,0.1574610093305183
9477.png,Fixed,336,336,31,72,3809.0,39669.0,14112,29366,0.09601956187451158,0.1297078253762855
9479.png,DRIP,336,336,31,73,4624.0,39050.0,14308,29366,0.11841229193341869,0.1574610093305183
9479.png,Fixed,336,336,31,72,3809.0,39669.0,14112,29366,0.09601956187451158,0.1297078253762855
9481.png,DRIP,336,336,31,73,4624.0,39050.0,14308,29366,0.11841229193341869,0.1574610093305183
9481.png,Fixed,336,336,31,72,3809.0,39669.0,14112,29366,0.09601956187451158,0.1297078253762855
9605.png,DRIP,336,336,10,73,1250.0,19501.0,14308,6443,0.0640992769601559,0.1940090020176936
9605.png,Fixed,336,336,10,72,398.0,20157.0,14112,6443,0.019745001736369498,0.06177246624243365
9845.png,DRIP,336,336,46,73,6193.0,56249.0,14308,48134,0.11009973510640189,0.12866165288569412
9845.png,Fixed,336,336,46,72,6120.0,56126.0,14112,48134,0.109040373445462,0.12714505339261228
9849.png,DRIP,336,336,46,73,6193.0,56249.0,14308,48134,0.11009973510640189,0.12866165288569412
9849.png,Fixed,336,336,46,72,6120.0,56126.0,14112,48134,0.109040373445462,0.12714505339261228
9850.png,DRIP,336,336,46,73,6193.0,56249.0,14308,48134,0.11009973510640189,0.12866165288569412
9850.png,Fixed,336,336,46,72,6120.0,56126.0,14112,48134,0.109040373445462,0.12714505339261228
9961.png,DRIP,336,336,42,73,5288.0,30376.0,14308,21356,0.17408480379246774,0.24761191234313543
9961.png,Fixed,336,336,42,72,2292.0,33176.0,14112,21356,0.06908608632746564,0.10732346881438472
9962.png,DRIP,336,336,42,73,5288.0,30376.0,14308,21356,0.17408480379246774,0.24761191234313543
9962.png,Fixed,336,336,42,72,2292.0,33176.0,14112,21356,0.06908608632746564,0.10732346881438472
9964.png,DRIP,336,336,42,73,5288.0,30376.0,14308,21356,0.17408480379246774,0.24761191234313543
9964.png,Fixed,336,336,42,72,2292.0,33176.0,14112,21356,0.06908608632746564,0.10732346881438472
9966.png,DRIP,336,336,42,73,5288.0,30376.0,14308,21356,0.17408480379246774,0.24761191234313543
9966.png,Fixed,336,336,42,72,2292.0,33176.0,14112,21356,0.06908608632746564,0.10732346881438472
