image,method,image_width,image_height,num_craft_boxes,num_boundary_patches,intersection_pixels,union_pixels,boundary_pixels,text_pixels,iou,text_coverage
0004c9478eeda995.jpg,DRIP,336,336,5,73,1263.0,16768.0,14308,3723,0.07532204198473283,0.33924254633360196
0004c9478eeda995.jpg,Fixed,336,336,5,72,1013.0,16822.0,14112,3723,0.060218761146118176,0.27209239860327694
0004c9478eeda995.jpg,PruneSID,336,336,5,71,1227.0,16412.0,13916,3723,0.07476236899829393,0.3295729250604351
00054dab88635bdb.jpg,DRIP,336,336,3,73,759.0,14989.0,14308,1440,0.05063713389819201,0.5270833333333333
00054dab88635bdb.jpg,Fixed,336,336,3,72,0.0,15552.0,14112,1440,0.0,0.0
00054dab88635bdb.jpg,PruneSID,336,336,3,71,633.0,14723.0,13916,1440,0.042993955036337704,0.4395833333333333
000adfe5b817011c.jpg,DRIP,336,336,6,73,1536.0,16482.0,14308,3710,0.09319257371678194,0.41401617250673856
000adfe5b817011c.jpg,Fixed,336,336,6,72,492.0,17330.0,14112,3710,0.02839007501442585,0.1326145552560647
000adfe5b817011c.jpg,PruneSID,336,336,6,71,1180.0,16446.0,13916,3710,0.07174996959747051,0.31805929919137466
000fd38f35d0ad0c.jpg,DRIP,336,336,20,73,3128.0,20935.0,14308,9755,0.14941485550513495,0.3206560738083034
000fd38f35d0ad0c.jpg,Fixed,336,336,20,72,1334.0,22533.0,14112,9755,0.059202059202059204,0.13675038441824705
000fd38f35d0ad0c.jpg,PruneSID,336,336,20,71,3055.0,20616.0,13916,9755,0.14818587504850603,0.3131727319323424
001512d120e1e800.jpg,DRIP,336,336,3,72,1078.0,15689.0,14112,2655,0.06871056153993244,0.40602636534839925
001512d120e1e800.jpg,Fixed,336,336,3,72,0.0,16767.0,14112,2655,0.0,0.0
001512d120e1e800.jpg,PruneSID,336,336,3,71,1194.0,15377.0,13916,2655,0.07764843597580802,0.4497175141242938
00155bc9538a26ed.jpg,DRIP,336,336,0,72,,,14112,0,,
00155bc9538a26ed.jpg,Fixed,336,336,0,72,,,14112,0,,
00155bc9538a26ed.jpg,PruneSID,336,336,0,71,,,13916,0,,
00165f9e139aedaf.jpg,DRIP,336,336,9,72,1588.0,28793.0,14112,16269,0.055152293960337585,0.09760894953592722
00165f9e139aedaf.jpg,Fixed,336,336,9,72,2178.0,28203.0,14112,16269,0.07722582703967663,0.13387423935091278
00165f9e139aedaf.jpg,PruneSID,336,336,9,71,2090.0,28095.0,13916,16269,0.07439046093610963,0.12846517917511832
0017c0c45277ee1a.jpg,DRIP,336,336,41,72,2393.0,35454.0,14112,23735,0.06749591019349016,0.10082157151885401
0017c0c45277ee1a.jpg,Fixed,336,336,41,72,2734.0,35113.0,14112,23735,0.077862899780708,0.11518854013060881
0017c0c45277ee1a.jpg,PruneSID,336,336,41,71,5790.0,31861.0,13916,23735,0.18172687611813818,0.24394354329049928
001ce300279f1a81.jpg,DRIP,336,336,1,73,0.0,15517.0,14308,1209,0.0,0.0
001ce300279f1a81.jpg,Fixed,336,336,1,72,425.0,14896.0,14112,1209,0.028531149301825993,0.35153019023986765
001ce300279f1a81.jpg,PruneSID,336,336,1,71,383.0,14742.0,13916,1209,0.025980192646859312,0.31679073614557485
001e68b987a389d5.jpg,DRIP,336,336,0,72,,,14112,0,,
001e68b987a389d5.jpg,Fixed,336,336,0,72,,,14112,0,,
001e68b987a389d5.jpg,PruneSID,336,336,0,71,,,13916,0,,
0021804a9f9d5db6.jpg,DRIP,336,336,1,72,686.0,15876.0,14112,2450,0.043209876543209874,0.28
0021804a9f9d5db6.jpg,Fixed,336,336,1,72,448.0,16114.0,14112,2450,0.02780191138140747,0.18285714285714286
0021804a9f9d5db6.jpg,PruneSID,336,336,1,71,1078.0,15288.0,13916,2450,0.07051282051282051,0.44
0024fa464b466993.jpg,DRIP,336,336,2,72,1008.0,14994.0,14112,1890,0.06722689075630252,0.5333333333333333
0024fa464b466993.jpg,Fixed,336,336,2,72,294.0,15708.0,14112,1890,0.01871657754010695,0.15555555555555556
0024fa464b466993.jpg,PruneSID,336,336,2,71,686.0,15120.0,13916,1890,0.04537037037037037,0.362962962962963
002a1fb97133ae95.jpg,DRIP,336,336,8,73,7360.0,33173.0,14308,26225,0.22186718114128962,0.2806482364156339
002a1fb97133ae95.jpg,Fixed,336,336,8,72,3484.0,36853.0,14112,26225,0.09453775812009878,0.13285033365109628
002a1fb97133ae95.jpg,PruneSID,336,336,8,71,5982.0,34159.0,13916,26225,0.17512222254749846,0.2281029551954242
002b6c5e434980df.jpg,DRIP,336,336,3,73,2252.0,21788.0,14308,9732,0.10335964751239214,0.23140156185778873
002b6c5e434980df.jpg,Fixed,336,336,3,72,574.0,23270.0,14112,9732,0.02466695315857327,0.05898068228524456
002b6c5e434980df.jpg,PruneSID,336,336,3,71,1804.0,21844.0,13916,9732,0.08258560703167918,0.1853678586107686
002cc8bb1d50cde0.jpg,DRIP,336,336,6,73,2311.0,16751.0,14308,4754,0.13796191272162855,0.48611695414387884
002cc8bb1d50cde0.jpg,Fixed,336,336,6,72,704.0,18162.0,14112,4754,0.03876225085343024,0.1480858224652924
002cc8bb1d50cde0.jpg,PruneSID,336,336,6,71,1980.0,16690.0,13916,4754,0.11863391252246855,0.4164913756836348
002ce32086fb7258.jpg,DRIP,336,336,7,73,7119.0,31905.0,14308,24716,0.2231311706629055,0.288032044020068
002ce32086fb7258.jpg,Fixed,336,336,7,72,3145.0,35683.0,14112,24716,0.08813720819437827,0.12724550898203593
002ce32086fb7258.jpg,PruneSID,336,336,7,71,3661.0,34971.0,13916,24716,0.10468674044208058,0.14812267357177536
002f860e692757f7.jpg,DRIP,336,336,2,72,882.0,17233.0,14112,4003,0.05118087390471769,0.22033474893829627
002f860e692757f7.jpg,Fixed,336,336,2,72,495.0,17620.0,14112,4003,0.028093076049943246,0.12365725705720709
002f860e692757f7.jpg,PruneSID,336,336,2,71,770.0,17149.0,13916,4003,0.04490057729313662,0.19235573320009994
0031bff54b02c9c1.jpg,DRIP,336,336,0,73,,,14308,0,,
0031bff54b02c9c1.jpg,Fixed,336,336,0,72,,,14112,0,,
0031bff54b02c9c1.jpg,PruneSID,336,336,0,71,,,13916,0,,
00351a1451e059a5.jpg,DRIP,336,336,2,73,2911.0,16377.0,14308,4980,0.17774928253037797,0.5845381526104417
00351a1451e059a5.jpg,Fixed,336,336,2,72,728.0,18364.0,14112,4980,0.03964277935090394,0.1461847389558233
00351a1451e059a5.jpg,PruneSID,336,336,2,71,1593.0,17303.0,13916,4980,0.09206495983355488,0.31987951807228915
003679d4dc2e6856.jpg,DRIP,336,336,2,73,84.0,17079.0,14308,2855,0.004918320744774284,0.029422066549912435
003679d4dc2e6856.jpg,Fixed,336,336,2,72,294.0,16673.0,14112,2855,0.017633299346248424,0.10297723292469352
003679d4dc2e6856.jpg,PruneSID,336,336,2,71,560.0,16211.0,13916,2855,0.0345444451298501,0.19614711033274956
003a8ae2ef43b901.jpg,DRIP,336,336,4,72,1601.0,18229.0,14112,5718,0.08782708870481101,0.2799930045470444
003a8ae2ef43b901.jpg,Fixed,336,336,4,72,686.0,19144.0,14112,5718,0.03583368157124948,0.11997201818817768
003a8ae2ef43b901.jpg,PruneSID,336,336,4,71,2504.0,17130.0,13916,5718,0.1461762988908348,0.4379153550192375
0040aa9c1660068e.jpg,DRIP,336,336,4,72,1697.0,16650.0,14112,4235,0.10192192192192193,0.4007083825265643
0040aa9c1660068e.jpg,Fixed,336,336,4,72,1162.0,17185.0,14112,4235,0.06761710794297353,0.2743801652892562
0040aa9c1660068e.jpg,PruneSID,336,336,4,71,2224.0,15927.0,13916,4235,0.13963709424248133,0.5251475796930343
00458395ec2ae964.jpg,DRIP,336,336,0,72,,,14112,0,,
00458395ec2ae964.jpg,Fixed,336,336,0,72,,,14112,0,,
00458395ec2ae964.jpg,PruneSID,336,336,0,71,,,13916,0,,
004636433aa3ef48.jpg,DRIP,336,336,6,72,2315.0,17174.0,14112,5377,0.13479678583905905,0.4305374744281198
004636433aa3ef48.jpg,Fixed,336,336,6,72,638.0,18851.0,14112,5377,0.03384435838947536,0.11865352427003906
004636433aa3ef48.jpg,PruneSID,336,336,6,71,2215.0,17078.0,13916,5377,0.12969902798922592,0.4119397433513111
00466f2d1b617884.jpg,DRIP,336,336,9,72,2651.0,19298.0,14112,7837,0.1373717483677065,0.3382671940793671
00466f2d1b617884.jpg,Fixed,336,336,9,72,916.0,21033.0,14112,7837,0.043550610944705935,0.11688145974224831
00466f2d1b617884.jpg,PruneSID,336,336,9,71,1323.0,20430.0,13916,7837,0.06475770925110132,0.1688145974224831
004b75d1299e653c.jpg,DRIP,336,336,0,72,,,14112,0,,
004b75d1299e653c.jpg,Fixed,336,336,0,72,,,14112,0,,
004b75d1299e653c.jpg,PruneSID,336,336,0,71,,,13916,0,,
004cada0dea66c27.jpg,DRIP,336,336,4,73,10248.0,53819.0,14308,49759,0.19041602408071498,0.20595269197532104
004cada0dea66c27.jpg,Fixed,336,336,4,72,6616.0,57255.0,14112,49759,0.11555322679241987,0.13296087140014873
004cada0dea66c27.jpg,PruneSID,336,336,4,71,5810.0,57865.0,13916,49759,0.10040611768772142,0.11676279667999759
004e627c688b6000.jpg,DRIP,336,336,0,72,,,14112,0,,
004e627c688b6000.jpg,Fixed,336,336,0,72,,,14112,0,,
004e627c688b6000.jpg,PruneSID,336,336,0,71,,,13916,0,,
00515166eb5254d4.jpg,DRIP,336,336,5,73,6061.0,29703.0,14308,21456,0.20405346261320406,0.28248508575689785
00515166eb5254d4.jpg,Fixed,336,336,5,72,2296.0,33272.0,14112,21456,0.06900697283000722,0.1070096942580164
00515166eb5254d4.jpg,PruneSID,336,336,5,71,4342.0,31030.0,13916,21456,0.1399291008701257,0.2023676360924683
00532432aafd3fb7.jpg,DRIP,336,336,6,73,3141.0,16821.0,14308,5654,0.18673087212413056,0.555535903784931
00532432aafd3fb7.jpg,Fixed,336,336,6,72,718.0,19048.0,14112,5654,0.0376942461150777,0.126989741775734
00532432aafd3fb7.jpg,PruneSID,336,336,6,71,2032.0,17538.0,13916,5654,0.11586269814117915,0.35939158118146447
0053a650ec50c21f.jpg,DRIP,336,336,1,73,465.0,14812.0,14308,969,0.031393464758304075,0.47987616099071206
0053a650ec50c21f.jpg,Fixed,336,336,1,72,0.0,15081.0,14112,969,0.0,0.0
0053a650ec50c21f.jpg,PruneSID,336,336,1,71,546.0,14339.0,13916,969,0.038077969174977334,0.5634674922600619
0057a54eb95ccae6.jpg,DRIP,336,336,2,72,1104.0,14556.0,14112,1548,0.07584501236603462,0.7131782945736435
0057a54eb95ccae6.jpg,Fixed,336,336,2,72,0.0,15660.0,14112,1548,0.0,0.0
0057a54eb95ccae6.jpg,PruneSID,336,336,2,71,416.0,15048.0,13916,1548,0.02764486975013291,0.268733850129199
0058241de1f2e430.jpg,DRIP,336,336,1,72,896.0,16025.0,14112,2809,0.05591263650546022,0.3189747241011036
0058241de1f2e430.jpg,Fixed,336,336,1,72,726.0,16195.0,14112,2809,0.04482865081815375,0.2584549661801353
0058241de1f2e430.jpg,PruneSID,336,336,1,71,364.0,16361.0,13916,2809,0.022248028849092355,0.12958348166607334
005d71de0834bd7e.jpg,DRIP,336,336,0,73,,,14308,0,,
005d71de0834bd7e.jpg,Fixed,336,336,0,72,,,14112,0,,
005d71de0834bd7e.jpg,PruneSID,336,336,0,71,,,13916,0,,
00613913be1b88d2.jpg,DRIP,336,336,0,73,,,14308,0,,
00613913be1b88d2.jpg,Fixed,336,336,0,72,,,14112,0,,
00613913be1b88d2.jpg,PruneSID,336,336,0,71,,,13916,0,,
00618561e219c7f8.jpg,DRIP,336,336,0,72,,,14112,0,,
00618561e219c7f8.jpg,Fixed,336,336,0,72,,,14112,0,,
00618561e219c7f8.jpg,PruneSID,336,336,0,71,,,13916,0,,
0065bfca13dd4b6b.jpg,DRIP,336,336,6,72,5722.0,27589.0,14112,19199,0.20740150059806445,0.29803635606021145
0065bfca13dd4b6b.jpg,Fixed,336,336,6,72,1086.0,32225.0,14112,19199,0.03370054305663305,0.05656544611698526
0065bfca13dd4b6b.jpg,PruneSID,336,336,6,71,4874.0,28241.0,13916,19199,0.17258595658793952,0.25386738892650657
0066511fff0f1419.jpg,DRIP,336,336,0,72,,,14112,0,,
0066511fff0f1419.jpg,Fixed,336,336,0,72,,,14112,0,,
0066511fff0f1419.jpg,PruneSID,336,336,0,71,,,13916,0,,
0068742ad35c2586.jpg,DRIP,336,336,1,72,588.0,17694.0,14112,4170,0.033231603933536795,0.1410071942446043
0068742ad35c2586.jpg,Fixed,336,336,1,72,420.0,17862.0,14112,4170,0.0235136042996305,0.10071942446043165
0068742ad35c2586.jpg,PruneSID,336,336,1,71,196.0,17890.0,13916,4170,0.010955841252096143,0.04700239808153477
00689c649b17c484.jpg,DRIP,336,336,0,72,,,14112,0,,
00689c649b17c484.jpg,Fixed,336,336,0,72,,,14112,0,,
00689c649b17c484.jpg,PruneSID,336,336,0,71,,,13916,0,,
006f4870f0a038de.jpg,DRIP,336,336,2,73,1064.0,22518.0,14308,9274,0.04725108801847411,0.11472935087340953
006f4870f0a038de.jpg,Fixed,336,336,2,72,921.0,22465.0,14112,9274,0.04099710661028266,0.09930989864136296
006f4870f0a038de.jpg,PruneSID,336,336,2,71,1271.0,21919.0,13916,9274,0.05798622199917879,0.13704981669182661
0075f28d995930da.jpg,DRIP,336,336,1,73,840.0,14832.0,14308,1364,0.05663430420711974,0.6158357771260997
0075f28d995930da.jpg,Fixed,336,336,1,72,308.0,15168.0,14112,1364,0.02030590717299578,0.22580645161290322
0075f28d995930da.jpg,PruneSID,336,336,1,71,1064.0,14216.0,13916,1364,0.07484524479459764,0.7800586510263929
00780778116614e0.jpg,DRIP,336,336,3,73,1377.0,15588.0,14308,2657,0.08833718244803695,0.5182536695521265
00780778116614e0.jpg,Fixed,336,336,3,72,781.0,15988.0,14112,2657,0.04884913685263948,0.29394053443733537
00780778116614e0.jpg,PruneSID,336,336,3,71,925.0,15648.0,13916,2657,0.059112985685071576,0.34813699661272113
00792db6bb86e0e2.jpg,DRIP,336,336,0,73,,,14308,0,,
00792db6bb86e0e2.jpg,Fixed,336,336,0,72,,,14112,0,,
00792db6bb86e0e2.jpg,PruneSID,336,336,0,71,,,13916,0,,
007c3047f0237443.jpg,DRIP,336,336,0,72,,,14112,0,,
007c3047f0237443.jpg,Fixed,336,336,0,72,,,14112,0,,
007c3047f0237443.jpg,PruneSID,336,336,0,71,,,13916,0,,
007c8c28e1f149b1.jpg,DRIP,336,336,9,72,7227.0,37851.0,14112,30966,0.1909328683522232,0.23338500290641348
007c8c28e1f149b1.jpg,Fixed,336,336,9,72,3821.0,41257.0,14112,30966,0.09261458661560462,0.12339339921203901
007c8c28e1f149b1.jpg,PruneSID,336,336,9,71,3741.0,41141.0,13916,30966,0.09093118786611895,0.12080992055803139
007f097678571e5d.jpg,DRIP,336,336,10,72,2809.0,23293.0,14112,11990,0.12059416992229426,0.23427856547122602
007f097678571e5d.jpg,Fixed,336,336,10,72,1684.0,24418.0,14112,11990,0.06896551724137931,0.14045037531276064
007f097678571e5d.jpg,PruneSID,336,336,10,71,1533.0,24373.0,13916,11990,0.06289746851023674,0.12785654712260217
0080ab49662c727c.jpg,DRIP,336,336,16,72,5774.0,28596.0,14112,20258,0.2019163519373339,0.2850232007108303
0080ab49662c727c.jpg,Fixed,336,336,16,72,2916.0,31454.0,14112,20258,0.09270680994468113,0.14394313357685853
0080ab49662c727c.jpg,PruneSID,336,336,16,71,3275.0,30899.0,13916,20258,0.10599048512896858,0.16166452759403693
00831662d2ba731a.jpg,DRIP,336,336,2,73,2644.0,16831.0,14308,5167,0.15709108193214902,0.5117089220050319
00831662d2ba731a.jpg,Fixed,336,336,2,72,826.0,18453.0,14112,5167,0.04476236926245055,0.15986065415134507
00831662d2ba731a.jpg,PruneSID,336,336,2,71,1587.0,17496.0,13916,5167,0.09070644718792867,0.30714147474356496
0084491e91492c18.jpg,DRIP,336,336,2,72,1406.0,14366.0,14112,1660,0.0978699707643046,0.846987951807229
0084491e91492c18.jpg,Fixed,336,336,2,72,10.0,15762.0,14112,1660,0.0006344372541555641,0.006024096385542169
0084491e91492c18.jpg,PruneSID,336,336,2,71,1042.0,14534.0,13916,1660,0.07169395899270675,0.6277108433734939
00860d45e849ec0c.jpg,DRIP,336,336,2,72,1393.0,14794.0,14112,2075,0.09415979451128836,0.6713253012048193
00860d45e849ec0c.jpg,Fixed,336,336,2,72,294.0,15893.0,14112,2075,0.018498710123953942,0.1416867469879518
00860d45e849ec0c.jpg,PruneSID,336,336,2,71,976.0,15015.0,13916,2075,0.065001665001665,0.47036144578313255
00915dbaa395904c.jpg,DRIP,336,336,1,72,0.0,14593.0,14112,481,0.0,0.0
00915dbaa395904c.jpg,Fixed,336,336,1,72,65.0,14528.0,14112,481,0.004474118942731278,0.13513513513513514
00915dbaa395904c.jpg,PruneSID,336,336,1,71,182.0,14215.0,13916,481,0.012803376714737953,0.3783783783783784
00963eaad91c7da8.jpg,DRIP,336,336,5,72,2284.0,18650.0,14112,6822,0.12246648793565684,0.33479917912635593
00963eaad91c7da8.jpg,Fixed,336,336,5,72,1300.0,19634.0,14112,6822,0.06621167362738108,0.19055995309293464
00963eaad91c7da8.jpg,PruneSID,336,336,5,71,2312.0,18426.0,13916,6822,0.12547487246282427,0.3389035473468191
009e76edf23c89df.jpg,DRIP,336,336,3,72,562.0,14971.0,14112,1421,0.03753924253556876,0.39549612948627727
009e76edf23c89df.jpg,Fixed,336,336,3,72,73.0,15460.0,14112,1421,0.004721862871927555,0.05137227304714989
009e76edf23c89df.jpg,PruneSID,336,336,3,71,757.0,14580.0,13916,1421,0.051920438957475994,0.5327234342012667
00a40156a2843195.jpg,DRIP,336,336,1,73,4900.0,22753.0,14308,13345,0.2153562167626247,0.36717871862120643
00a40156a2843195.jpg,Fixed,336,336,1,72,2268.0,25189.0,14112,13345,0.09003930287030053,0.16995129261895842
00a40156a2843195.jpg,PruneSID,336,336,1,71,1666.0,25595.0,13916,13345,0.06509083805430749,0.12484076433121019
00a5dbacb0654efd.jpg,DRIP,336,336,0,72,,,14112,0,,
00a5dbacb0654efd.jpg,Fixed,336,336,0,72,,,14112,0,,
00a5dbacb0654efd.jpg,PruneSID,336,336,0,71,,,13916,0,,
00a96e7f361d71e2.jpg,DRIP,336,336,2,72,2240.0,17881.0,14112,6009,0.1252726357586265,0.3727741720752205
00a96e7f361d71e2.jpg,Fixed,336,336,2,72,849.0,19272.0,14112,6009,0.044053549190535495,0.14128806789815276
00a96e7f361d71e2.jpg,PruneSID,336,336,2,71,2168.0,17757.0,13916,6009,0.12209269583826096,0.3607921451156598
00ac944a31bbe0cc.jpg,DRIP,336,336,1,72,448.0,14904.0,14112,1240,0.030059044551798177,0.36129032258064514
00ac944a31bbe0cc.jpg,Fixed,336,336,1,72,140.0,15212.0,14112,1240,0.009203260583749671,0.11290322580645161
00ac944a31bbe0cc.jpg,PruneSID,336,336,1,71,208.0,14948.0,13916,1240,0.013914905004013914,0.16774193548387098
00ad17e05c1a1bf5.jpg,DRIP,336,336,6,72,1014.0,19372.0,14112,6274,0.052343588684699564,0.16161938157475295
00ad17e05c1a1bf5.jpg,Fixed,336,336,6,72,793.0,19593.0,14112,6274,0.0404736385443781,0.1263946445648709
00ad17e05c1a1bf5.jpg,PruneSID,336,336,6,71,1885.0,18305.0,13916,6274,0.1029773285987435,0.3004462862607587
00afcdd80ab1ba76.jpg,DRIP,336,336,0,73,,,14308,0,,
00afcdd80ab1ba76.jpg,Fixed,336,336,0,72,,,14112,0,,
00afcdd80ab1ba76.jpg,PruneSID,336,336,0,71,,,13916,0,,
00b023e43ad4993e.jpg,DRIP,336,336,0,72,,,14112,0,,
00b023e43ad4993e.jpg,Fixed,336,336,0,72,,,14112,0,,
00b023e43ad4993e.jpg,PruneSID,336,336,0,71,,,13916,0,,
00c3108d5e110b8a.jpg,DRIP,336,336,1,73,1148.0,16169.0,14308,3009,0.07100006184674378,0.38152210036556994
00c3108d5e110b8a.jpg,Fixed,336,336,1,72,0.0,17121.0,14112,3009,0.0,0.0
00c3108d5e110b8a.jpg,PruneSID,336,336,1,71,378.0,16547.0,13916,3009,0.02284402006405995,0.12562313060817548
00c618f03ea0b6a2.jpg,DRIP,336,336,6,72,3135.0,21658.0,14112,10681,0.14475020777541786,0.29351184346035014
00c618f03ea0b6a2.jpg,Fixed,336,336,6,72,1232.0,23561.0,14112,10681,0.05228980094223505,0.11534500514933059
00c618f03ea0b6a2.jpg,PruneSID,336,336,6,71,2646.0,21951.0,13916,10681,0.12054120541205413,0.247729613332085
00c701c3a7421bd9.jpg,DRIP,336,336,1,72,625.0,14462.0,14112,975,0.043216705849813304,0.6410256410256411
00c701c3a7421bd9.jpg,Fixed,336,336,1,72,154.0,14933.0,14112,975,0.010312730194870421,0.15794871794871795
00c701c3a7421bd9.jpg,PruneSID,336,336,1,71,821.0,14070.0,13916,975,0.058351101634683725,0.8420512820512821
00c7f84d61adce05.jpg,DRIP,336,336,9,73,2894.0,21915.0,14308,10501,0.13205566963267168,0.275592800685649
00c7f84d61adce05.jpg,Fixed,336,336,9,72,1820.0,22793.0,14112,10501,0.07984907647084631,0.1733168269688601
00c7f84d61adce05.jpg,PruneSID,336,336,9,71,3754.0,20663.0,13916,10501,0.18167739437642164,0.3574897628797257
00c8152e27a63776.jpg,DRIP,336,336,161,73,5740.0,68981.0,14308,60413,0.08321131905887129,0.09501266283746876
00c8152e27a63776.jpg,Fixed,336,336,161,72,7392.0,67133.0,14112,60413,0.11010978207438965,0.12235777067849635
00c8152e27a63776.jpg,PruneSID,336,336,161,71,11032.0,63297.0,13916,60413,0.1742894607959303,0.1826097032095741
00c90458856a8866.jpg,DRIP,336,336,1,73,2545.0,18594.0,14308,6831,0.13687210928256427,0.3725662421314595
00c90458856a8866.jpg,Fixed,336,336,1,72,585.0,20358.0,14112,6831,0.028735632183908046,0.08563899868247694
00c90458856a8866.jpg,PruneSID,336,336,1,71,1596.0,19151.0,13916,6831,0.08333768471620281,0.23364075537988582
00cbc381888d9ffb.jpg,DRIP,336,336,0,72,,,14112,0,,
00cbc381888d9ffb.jpg,Fixed,336,336,0,72,,,14112,0,,
00cbc381888d9ffb.jpg,PruneSID,336,336,0,71,,,13916,0,,
00d07a487147789e.jpg,DRIP,336,336,9,73,1965.0,24466.0,14308,12123,0.0803155399329682,0.16208859193268993
00d07a487147789e.jpg,Fixed,336,336,9,72,2033.0,24202.0,14112,12123,0.08400132220477646,0.1676977645797245
00d07a487147789e.jpg,PruneSID,336,336,9,71,2623.0,23416.0,13916,12123,0.11201742398360096,0.21636558607605377
00d168fbb8a96a7d.jpg,DRIP,336,336,4,72,1722.0,16501.0,14112,4111,0.10435731167808011,0.4188761858428606
00d168fbb8a96a7d.jpg,Fixed,336,336,4,72,546.0,17677.0,14112,4111,0.03088759404876393,0.1328144003891997
00d168fbb8a96a7d.jpg,PruneSID,336,336,4,71,2863.0,15164.0,13916,4111,0.18880242680031653,0.6964242276818292
00d17e785bbf2ca1.jpg,DRIP,336,336,2,72,958.0,14814.0,14112,1660,0.06466855677062239,0.5771084337349398
00d17e785bbf2ca1.jpg,Fixed,336,336,2,72,0.0,15772.0,14112,1660,0.0,0.0
00d17e785bbf2ca1.jpg,PruneSID,336,336,2,71,602.0,14974.0,13916,1660,0.04020301856551356,0.36265060240963853
00d199d2990fab59.jpg,DRIP,336,336,1,73,182.0,18039.0,14308,3913,0.010089251067132324,0.046511627906976744
00d199d2990fab59.jpg,Fixed,336,336,1,72,602.0,17423.0,14112,3913,0.03455202892728003,0.15384615384615385
00d199d2990fab59.jpg,PruneSID,336,336,1,71,182.0,17647.0,13916,3913,0.010313367711225704,0.046511627906976744
00d4bc290247966b.jpg,DRIP,336,336,2,73,849.0,14768.0,14308,1309,0.05748916576381365,0.6485867074102368
00d4bc290247966b.jpg,Fixed,336,336,2,72,266.0,15155.0,14112,1309,0.017551963048498844,0.20320855614973263
00d4bc290247966b.jpg,PruneSID,336,336,2,71,525.0,14700.0,13916,1309,0.03571428571428571,0.40106951871657753
00da4ea73b5cf8b1.jpg,DRIP,336,336,2,72,1688.0,14787.0,14112,2363,0.11415432474470819,0.7143461701227254
00da4ea73b5cf8b1.jpg,Fixed,336,336,2,72,300.0,16175.0,14112,2363,0.01854714064914992,0.12695725772323319
00da4ea73b5cf8b1.jpg,PruneSID,336,336,2,71,1202.0,15077.0,13916,2363,0.07972408304039265,0.5086754126110876
00dd6d93c5a03b9f.jpg,DRIP,336,336,7,72,2976.0,18852.0,14112,7716,0.1578612348822406,0.3856920684292379
00dd6d93c5a03b9f.jpg,Fixed,336,336,7,72,848.0,20980.0,14112,7716,0.040419447092469016,0.10990150336962157
00dd6d93c5a03b9f.jpg,PruneSID,336,336,7,71,2349.0,19283.0,13916,7716,0.12181714463517088,0.30443234836702954
00dd785b54674737.jpg,DRIP,336,336,10,72,3877.0,35699.0,14112,25464,0.10860248186223703,0.1522541627395539
00dd785b54674737.jpg,Fixed,336,336,10,72,3919.0,35657.0,14112,25464,0.10990829290181452,0.15390355010995915
00dd785b54674737.jpg,PruneSID,336,336,10,71,4609.0,34771.0,13916,25464,0.13255298956026573,0.18100062833804587
00e0422e47cdbeb7.jpg,DRIP,336,336,4,73,913.0,15598.0,14308,2203,0.05853314527503526,0.4144348615524285
00e0422e47cdbeb7.jpg,Fixed,336,336,4,72,118.0,16197.0,14112,2203,0.007285299746866703,0.053563322741715845
00e0422e47cdbeb7.jpg,PruneSID,336,336,4,71,1392.0,14727.0,13916,2203,0.0945202688938684,0.6318656377666818
00e69701a85ee1a3.jpg,DRIP,336,336,1,73,0.0,14583.0,14308,275,0.0,0.0
00e69701a85ee1a3.jpg,Fixed,336,336,1,72,0.0,14387.0,14112,275,0.0,0.0
00e69701a85ee1a3.jpg,PruneSID,336,336,1,71,0.0,14191.0,13916,275,0.0,0.0
00e8e5e79255536f.jpg,DRIP,336,336,1,72,448.0,14819.0,14112,1155,0.030231459612659425,0.3878787878787879
00e8e5e79255536f.jpg,Fixed,336,336,1,72,294.0,14973.0,14112,1155,0.019635343618513323,0.2545454545454545
00e8e5e79255536f.jpg,PruneSID,336,336,1,71,700.0,14371.0,13916,1155,0.04870920603994155,0.6060606060606061
00e9ff4c6baa2ab6.jpg,DRIP,336,336,5,72,2628.0,16715.0,14112,5231,0.15722405025426264,0.5023896004588033
00e9ff4c6baa2ab6.jpg,Fixed,336,336,5,72,755.0,18588.0,14112,5231,0.04061760275446524,0.1443318677117186
00e9ff4c6baa2ab6.jpg,PruneSID,336,336,5,71,1682.0,17465.0,13916,5231,0.09630689951331234,0.32154463773657044
00eb87bac63c9ec9.jpg,DRIP,336,336,0,73,,,14308,0,,
00eb87bac63c9ec9.jpg,Fixed,336,336,0,72,,,14112,0,,
00eb87bac63c9ec9.jpg,PruneSID,336,336,0,71,,,13916,0,,
00ecc16a9eb4a5ed.jpg,DRIP,336,336,3,73,1065.0,14960.0,14308,1717,0.0711898395721925,0.6202679091438555
00ecc16a9eb4a5ed.jpg,Fixed,336,336,3,72,226.0,15603.0,14112,1717,0.01448439402678972,0.13162492719860222
00ecc16a9eb4a5ed.jpg,PruneSID,336,336,3,71,937.0,14696.0,13916,1717,0.06375884594447469,0.545719277810134
00efdc3a911667f2.jpg,DRIP,336,336,2,73,826.0,15168.0,14308,1686,0.05445675105485232,0.48991696322657174
00efdc3a911667f2.jpg,Fixed,336,336,2,72,616.0,15182.0,14112,1686,0.040574364378869715,0.365361803084223
00efdc3a911667f2.jpg,PruneSID,336,336,2,71,804.0,14798.0,13916,1686,0.054331666441411,0.47686832740213525
00f964619cc0aad1.jpg,DRIP,336,336,2,73,1192.0,15419.0,14308,2303,0.07730721836694987,0.5175857577073383
00f964619cc0aad1.jpg,Fixed,336,336,2,72,579.0,15836.0,14112,2303,0.036562263197777216,0.25141120277898393
00f964619cc0aad1.jpg,PruneSID,336,336,2,71,688.0,15531.0,13916,2303,0.04429849977464426,0.29874077290490664
01020f39f721a95a.jpg,DRIP,336,336,6,73,1619.0,18434.0,14308,5745,0.0878268417055441,0.28181026979982593
01020f39f721a95a.jpg,Fixed,336,336,6,72,0.0,19857.0,14112,5745,0.0,0.0
01020f39f721a95a.jpg,PruneSID,336,336,6,71,2833.0,16828.0,13916,5745,0.1683503684335631,0.49312445604873806
0105018670354e7b.jpg,DRIP,336,336,3,72,957.0,14600.0,14112,1445,0.06554794520547945,0.6622837370242215
0105018670354e7b.jpg,Fixed,336,336,3,72,238.0,15319.0,14112,1445,0.015536262158104315,0.16470588235294117
0105018670354e7b.jpg,PruneSID,336,336,3,71,712.0,14649.0,13916,1445,0.04860400027305618,0.49273356401384083
0108dcc595311a92.jpg,DRIP,336,336,1,72,5726.0,22147.0,14112,13761,0.2585451754187926,0.4161034808516823
0108dcc595311a92.jpg,Fixed,336,336,1,72,1386.0,26487.0,14112,13761,0.05232755691471288,0.10071942446043165
0108dcc595311a92.jpg,PruneSID,336,336,1,71,3276.0,24401.0,13916,13761,0.1342567927543953,0.2380640941792021
010a0c44af2d077e.jpg,DRIP,336,336,1,73,0.0,14783.0,14308,475,0.0,0.0
010a0c44af2d077e.jpg,Fixed,336,336,1,72,206.0,14381.0,14112,475,0.014324455879285167,0.4336842105263158
010a0c44af2d077e.jpg,PruneSID,336,336,1,71,140.0,14251.0,13916,475,0.009823872008981827,0.29473684210526313
0112d7f151517f35.jpg,DRIP,336,336,4,72,859.0,17048.0,14112,3795,0.05038714218676678,0.22635046113306984
0112d7f151517f35.jpg,Fixed,336,336,4,72,387.0,17520.0,14112,3795,0.02208904109589041,0.10197628458498023
0112d7f151517f35.jpg,PruneSID,336,336,4,71,1882.0,15829.0,13916,3795,0.11889569776991597,0.4959156785243742
011e4cefd7a1f14c.jpg,DRIP,336,336,0,72,,,14112,0,,
011e4cefd7a1f14c.jpg,Fixed,336,336,0,72,,,14112,0,,
011e4cefd7a1f14c.jpg,PruneSID,336,336,0,71,,,13916,0,,
012372cab6855b83.jpg,DRIP,336,336,2,72,835.0,14574.0,14112,1297,0.05729381089611637,0.643793369313801
012372cab6855b83.jpg,Fixed,336,336,2,72,126.0,15283.0,14112,1297,0.008244454622783485,0.09714726291441789
012372cab6855b83.jpg,PruneSID,336,336,2,71,1103.0,14110.0,13916,1297,0.0781715095676825,0.8504240555127217
012ab1e92a27b6c5.jpg,DRIP,336,336,3,72,3707.0,18614.0,14112,8209,0.19915117653379177,0.451577536849799
012ab1e92a27b6c5.jpg,Fixed,336,336,3,72,1200.0,21121.0,14112,8209,0.05681549169073434,0.14618102083079546
012ab1e92a27b6c5.jpg,PruneSID,336,336,3,71,1862.0,20263.0,13916,8209,0.09189162512954646,0.22682421732245098
012c101e4543382e.jpg,DRIP,336,336,9,72,1141.0,22944.0,14112,9973,0.049729776847977684,0.11440890404091046
012c101e4543382e.jpg,Fixed,336,336,9,72,1124.0,22961.0,14112,9973,0.04895257175210139,0.11270430161435877
012c101e4543382e.jpg,PruneSID,336,336,9,71,2845.0,21044.0,13916,9973,0.1351929291009314,0.28527022961997395
0130857ff09335ec.jpg,DRIP,336,336,2,73,1672.0,14956.0,14308,2320,0.11179459748595881,0.7206896551724138
0130857ff09335ec.jpg,Fixed,336,336,2,72,0.0,16432.0,14112,2320,0.0,0.0
0130857ff09335ec.jpg,PruneSID,336,336,2,71,940.0,15296.0,13916,2320,0.06145397489539749,0.4051724137931034
0134a2b3e00c9bbb.jpg,DRIP,336,336,2,73,7868.0,29973.0,14308,23533,0.2625029192940313,0.33433901330047167
0134a2b3e00c9bbb.jpg,Fixed,336,336,2,72,2828.0,34817.0,14112,23533,0.08122468908866358,0.12017167381974249
0134a2b3e00c9bbb.jpg,PruneSID,336,336,2,71,3990.0,33459.0,13916,23533,0.11925042589437819,0.16954914375557728
0138cfa682ce8f81.jpg,DRIP,336,336,1,73,1078.0,14517.0,14308,1287,0.07425776675621686,0.8376068376068376
0138cfa682ce8f81.jpg,Fixed,336,336,1,72,0.0,15399.0,14112,1287,0.0,0.0
0138cfa682ce8f81.jpg,PruneSID,336,336,1,71,907.0,14296.0,13916,1287,0.06344432008953553,0.7047397047397047
013aaeeee730a054.jpg,DRIP,336,336,5,72,1113.0,14976.0,14112,1977,0.07431891025641026,0.5629742033383915
013aaeeee730a054.jpg,Fixed,336,336,5,72,161.0,15928.0,14112,1977,0.01010798593671522,0.08143651997976732
013aaeeee730a054.jpg,PruneSID,336,336,5,71,823.0,15070.0,13916,1977,0.05461181154611811,0.4162873039959535
01540c1de38cc907.jpg,DRIP,336,336,2,72,758.0,14539.0,14112,1185,0.052135635188114725,0.639662447257384
01540c1de38cc907.jpg,Fixed,336,336,2,72,346.0,14951.0,14112,1185,0.02314226473145609,0.2919831223628692
01540c1de38cc907.jpg,PruneSID,336,336,2,71,688.0,14413.0,13916,1185,0.04773468396586415,0.580590717299578
01542a35bb99c2ea.jpg,DRIP,336,336,7,72,3533.0,20757.0,14112,10178,0.17020764079587608,0.3471212418942818
01542a35bb99c2ea.jpg,Fixed,336,336,7,72,1380.0,22910.0,14112,10178,0.06023570493234395,0.1355865592454313
01542a35bb99c2ea.jpg,PruneSID,336,336,7,71,1896.0,22198.0,13916,10178,0.08541310027930445,0.18628414226763607
0154786a4b2c6fb6.jpg,DRIP,336,336,2,72,,,14112,0,,
0154786a4b2c6fb6.jpg,Fixed,336,336,2,72,,,14112,0,,
0154786a4b2c6fb6.jpg,PruneSID,336,336,2,71,,,13916,0,,
0155e99465d9ca6d.jpg,DRIP,336,336,2,72,3654.0,18214.0,14112,7756,0.20061491160645656,0.4711191335740072
0155e99465d9ca6d.jpg,Fixed,336,336,2,72,750.0,21118.0,14112,7756,0.03551472677336869,0.0966993295513151
0155e99465d9ca6d.jpg,PruneSID,336,336,2,71,2114.0,19558.0,13916,7756,0.10808876163206872,0.27256317689530685
0156f0e26eb20c04.jpg,DRIP,336,336,9,73,562.0,24214.0,14308,10468,0.023209713388948543,0.05368742835307604
0156f0e26eb20c04.jpg,Fixed,336,336,9,72,536.0,24044.0,14112,10468,0.022292463816336715,0.05120366832250669
0156f0e26eb20c04.jpg,PruneSID,336,336,9,71,2256.0,22128.0,13916,10468,0.1019522776572668,0.21551394726786396
015782fa093545e0.jpg,DRIP,336,336,7,72,81.0,15664.0,14112,1633,0.005171092951991829,0.049601959583588484
015782fa093545e0.jpg,Fixed,336,336,7,72,0.0,15745.0,14112,1633,0.0,0.0
015782fa093545e0.jpg,PruneSID,336,336,7,71,145.0,15404.0,13916,1633,0.009413139444300183,0.08879363135333741
0158932b16a6417a.jpg,DRIP,336,336,0,72,,,14112,0,,
0158932b16a6417a.jpg,Fixed,336,336,0,72,,,14112,0,,
0158932b16a6417a.jpg,PruneSID,336,336,0,71,,,13916,0,,
015efa517e260a6c.jpg,DRIP,336,336,2,72,547.0,16663.0,14112,3098,0.03282722198883754,0.17656552614590057
015efa517e260a6c.jpg,Fixed,336,336,2,72,345.0,16865.0,14112,3098,0.020456566854432257,0.11136216914138154
015efa517e260a6c.jpg,PruneSID,336,336,2,71,967.0,16047.0,13916,3098,0.06026048482582414,0.3121368624919303
015fc2723bbb4488.jpg,DRIP,336,336,2,73,1666.0,17465.0,14308,4823,0.09539078156312625,0.3454281567489115
015fc2723bbb4488.jpg,Fixed,336,336,2,72,300.0,18635.0,14112,4823,0.016098738932116986,0.062201948994401825
015fc2723bbb4488.jpg,PruneSID,336,336,2,71,1420.0,17319.0,13916,4823,0.08199087707142445,0.29442255857350197
015ff45d293527d0.jpg,DRIP,336,336,0,73,,,14308,0,,
015ff45d293527d0.jpg,Fixed,336,336,0,72,,,14112,0,,
015ff45d293527d0.jpg,PruneSID,336,336,0,71,,,13916,0,,
01600cb466dbff4d.jpg,DRIP,336,336,2,72,5390.0,19795.0,14112,11073,0.2722909825713564,0.48676961979589994
01600cb466dbff4d.jpg,Fixed,336,336,2,72,756.0,24429.0,14112,11073,0.030946825494289575,0.06827418043890544
01600cb466dbff4d.jpg,PruneSID,336,336,2,71,2740.0,22249.0,13916,11073,0.12315160231920536,0.24744874920978957
0160f87d5e672ea7.jpg,DRIP,336,336,0,73,,,14308,0,,
0160f87d5e672ea7.jpg,Fixed,336,336,0,72,,,14112,0,,
0160f87d5e672ea7.jpg,PruneSID,336,336,0,71,,,13916,0,,
016894011b8686b4.jpg,DRIP,336,336,0,73,,,14308,0,,
016894011b8686b4.jpg,Fixed,336,336,0,72,,,14112,0,,
016894011b8686b4.jpg,PruneSID,336,336,0,71,,,13916,0,,
016a97b23b613882.jpg,DRIP,336,336,1,73,351.0,15078.0,14308,1121,0.023278949462793474,0.31311329170383584
016a97b23b613882.jpg,Fixed,336,336,1,72,0.0,15233.0,14112,1121,0.0,0.0
016a97b23b613882.jpg,PruneSID,336,336,1,71,421.0,14616.0,13916,1121,0.028804050355774494,0.37555753791257807
016b57639f13e1dc.jpg,DRIP,336,336,3,72,2430.0,18433.0,14112,6751,0.13182878533065698,0.35994667456673085
016b57639f13e1dc.jpg,Fixed,336,336,3,72,602.0,20261.0,14112,6751,0.029712255071319284,0.08917197452229299
016b57639f13e1dc.jpg,PruneSID,336,336,3,71,2998.0,17669.0,13916,6751,0.16967570320901013,0.44408235816916014
016dced0141308e1.jpg,DRIP,336,336,3,72,466.0,15218.0,14112,1572,0.03062163227756604,0.2964376590330789
016dced0141308e1.jpg,Fixed,336,336,3,72,0.0,15684.0,14112,1572,0.0,0.0
016dced0141308e1.jpg,PruneSID,336,336,3,71,998.0,14490.0,13916,1572,0.06887508626639062,0.6348600508905853
017167286eaede50.jpg,DRIP,336,336,4,72,666.0,20486.0,14112,7040,0.03251000683393537,0.09460227272727273
017167286eaede50.jpg,Fixed,336,336,4,72,1069.0,20083.0,14112,7040,0.05322909923816163,0.15184659090909092
017167286eaede50.jpg,PruneSID,336,336,4,71,1848.0,19108.0,13916,7040,0.0967134184634708,0.2625
01776212f59bf2dc.jpg,DRIP,336,336,0,72,,,14112,0,,
01776212f59bf2dc.jpg,Fixed,336,336,0,72,,,14112,0,,
01776212f59bf2dc.jpg,PruneSID,336,336,0,71,,,13916,0,,
017b2a8eae6f2070.jpg,DRIP,336,336,0,73,,,14308,0,,
017b2a8eae6f2070.jpg,Fixed,336,336,0,72,,,14112,0,,
017b2a8eae6f2070.jpg,PruneSID,336,336,0,71,,,13916,0,,
0181953a3ab18ae3.jpg,DRIP,336,336,2,73,1120.0,18437.0,14308,5249,0.06074741009925693,0.2133739759954277
0181953a3ab18ae3.jpg,Fixed,336,336,2,72,406.0,18955.0,14112,5249,0.02141915061988921,0.07734806629834254
0181953a3ab18ae3.jpg,PruneSID,336,336,2,71,1092.0,18073.0,13916,5249,0.06042162341614563,0.208039626595542
01824d2e57c99aad.jpg,DRIP,336,336,1,72,196.0,15066.0,14112,1150,0.013009425195805124,0.17043478260869566
01824d2e57c99aad.jpg,Fixed,336,336,1,72,4.0,15258.0,14112,1150,0.00026215755669157164,0.0034782608695652175
01824d2e57c99aad.jpg,PruneSID,336,336,1,71,924.0,14142.0,13916,1150,0.06533729316928298,0.8034782608695652
0183bbb34a7487c2.jpg,DRIP,336,336,0,72,,,14112,0,,
0183bbb34a7487c2.jpg,Fixed,336,336,0,72,,,14112,0,,
0183bbb34a7487c2.jpg,PruneSID,336,336,0,71,,,13916,0,,
0184cbf22246869d.jpg,DRIP,336,336,107,72,6195.0,71521.0,14112,63604,0.08661791641615749,0.09739953462046412
0184cbf22246869d.jpg,Fixed,336,336,107,72,7668.0,70048.0,14112,63604,0.10946779351301965,0.1205584554430539
0184cbf22246869d.jpg,PruneSID,336,336,107,71,10061.0,67459.0,13916,63604,0.1491424420759276,0.15818187535375133
01891d494c112c64.jpg,DRIP,336,336,5,73,2620.0,22226.0,14308,10538,0.11787996040673085,0.24862402732966407
01891d494c112c64.jpg,Fixed,336,336,5,72,1197.0,23453.0,14112,10538,0.05103824670617831,0.11358891630290378
01891d494c112c64.jpg,PruneSID,336,336,5,71,3381.0,21073.0,13916,10538,0.16044227210174156,0.32083886885557034
019856d0957218d8.jpg,DRIP,336,336,5,72,994.0,18297.0,14112,5179,0.05432584576706564,0.19192894381154663
019856d0957218d8.jpg,Fixed,336,336,5,72,710.0,18581.0,14112,5179,0.03821107583014908,0.1370921027225333
019856d0957218d8.jpg,PruneSID,336,336,5,71,1386.0,17709.0,13916,5179,0.07826528883618498,0.2676192315118749
019d3790ad9c10e3.jpg,DRIP,336,336,0,73,,,14308,0,,
019d3790ad9c10e3.jpg,Fixed,336,336,0,72,,,14112,0,,
019d3790ad9c10e3.jpg,PruneSID,336,336,0,71,,,13916,0,,
01a4c2bc103db318.jpg,DRIP,336,336,1,73,4144.0,17249.0,14308,7085,0.24024581135138268,0.5848976711362033
01a4c2bc103db318.jpg,Fixed,336,336,1,72,910.0,20287.0,14112,7085,0.044856311923892146,0.12844036697247707
01a4c2bc103db318.jpg,PruneSID,336,336,1,71,2478.0,18523.0,13916,7085,0.13377962533066998,0.3497529992942837
01a72ceee9e2910c.jpg,DRIP,336,336,6,73,3234.0,21396.0,14308,10322,0.1511497476163769,0.31331137376477425
01a72ceee9e2910c.jpg,Fixed,336,336,6,72,1128.0,23306.0,14112,10322,0.04839955376297949,0.10928114706452238
01a72ceee9e2910c.jpg,PruneSID,336,336,6,71,3227.0,21011.0,13916,10322,0.15358621674361048,0.3126332106180973
01a7522afbb64535.jpg,DRIP,336,336,1,73,489.0,14764.0,14308,945,0.03312110539149282,0.5174603174603175
01a7522afbb64535.jpg,Fixed,336,336,1,72,36.0,15021.0,14112,945,0.002396644697423607,0.0380952380952381
01a7522afbb64535.jpg,PruneSID,336,336,1,71,759.0,14102.0,13916,945,0.05382215288611544,0.8031746031746032
01a79e8e9040a40a.jpg,DRIP,336,336,8,72,5170.0,27200.0,14112,18258,0.1900735294117647,0.28316354474750793
01a79e8e9040a40a.jpg,Fixed,336,336,8,72,2038.0,30332.0,14112,18258,0.06718976658314652,0.11162230255230583
01a79e8e9040a40a.jpg,PruneSID,336,336,8,71,4307.0,27867.0,13916,18258,0.15455556751713495,0.2358965932741812
01a9eabbfb7267e6.jpg,DRIP,336,336,2,72,684.0,16239.0,14112,2811,0.04212082024755219,0.24332977588046958
01a9eabbfb7267e6.jpg,Fixed,336,336,2,72,518.0,16405.0,14112,2811,0.03157573910393173,0.18427605834222696
01a9eabbfb7267e6.jpg,PruneSID,336,336,2,71,460.0,16267.0,13916,2811,0.028278109055142314,0.16364283173247954
01ac4614e02a4967.jpg,DRIP,336,336,5,73,7661.0,27948.0,14308,21301,0.27411621582939744,0.35965447631566594
01ac4614e02a4967.jpg,Fixed,336,336,5,72,2152.0,33261.0,14112,21301,0.06470039986771293,0.1010281207455049
01ac4614e02a4967.jpg,PruneSID,336,336,5,71,6663.0,28554.0,13916,21301,0.23334734187854592,0.3128022158584104
01b1c5e105acaa97.jpg,DRIP,336,336,2,72,5740.0,20436.0,14112,12064,0.28087688393031907,0.47579575596816975
01b1c5e105acaa97.jpg,Fixed,336,336,2,72,1932.0,24244.0,14112,12064,0.07968982016168949,0.16014588859416445
01b1c5e105acaa97.jpg,PruneSID,336,336,2,71,3444.0,22536.0,13916,12064,0.15282215122470713,0.2854774535809019
01b3265b22d23b50.jpg,DRIP,336,336,10,72,560.0,16613.0,14112,3061,0.03370854150364173,0.1829467494282914
01b3265b22d23b50.jpg,Fixed,336,336,10,72,254.0,16919.0,14112,3061,0.015012707606832555,0.08297941849068932
01b3265b22d23b50.jpg,PruneSID,336,336,10,71,1199.0,15778.0,13916,3061,0.07599188743820509,0.39170205815093107
01b4892d548d4b68.jpg,DRIP,336,336,1,72,1569.0,14383.0,14112,1840,0.10908711673503442,0.8527173913043479
01b4892d548d4b68.jpg,Fixed,336,336,1,72,0.0,15952.0,14112,1840,0.0,0.0
01b4892d548d4b68.jpg,PruneSID,336,336,1,71,350.0,15406.0,13916,1840,0.022718421394261976,0.19021739130434784
01b54ac75f9e41e9.jpg,DRIP,336,336,4,72,2195.0,19468.0,14112,7551,0.1127491267721389,0.2906899748377698
01b54ac75f9e41e9.jpg,Fixed,336,336,4,72,333.0,21330.0,14112,7551,0.015611814345991562,0.04410011918951132
01b54ac75f9e41e9.jpg,PruneSID,336,336,4,71,2681.0,18786.0,13916,7551,0.14271265836261046,0.35505231095219175
01bd42a657556876.jpg,DRIP,336,336,6,72,7238.0,36469.0,14112,29595,0.19846993336806604,0.24456833924649435
01bd42a657556876.jpg,Fixed,336,336,6,72,3682.0,40025.0,14112,29595,0.09199250468457214,0.12441290758574083
01bd42a657556876.jpg,PruneSID,336,336,6,71,4888.0,38623.0,13916,29595,0.12655671491080445,0.16516303429633383
01bec27c61ec0b5d.jpg,DRIP,336,336,1,72,0.0,14895.0,14112,783,0.0,0.0
01bec27c61ec0b5d.jpg,Fixed,336,336,1,72,0.0,14895.0,14112,783,0.0,0.0
01bec27c61ec0b5d.jpg,PruneSID,336,336,1,71,466.0,14233.0,13916,783,0.03274081360219209,0.5951468710089399
01c28a28cad2b006.jpg,DRIP,336,336,1,72,1444.0,14783.0,14112,2115,0.09767976730027735,0.68274231678487
01c28a28cad2b006.jpg,Fixed,336,336,1,72,0.0,16227.0,14112,2115,0.0,0.0
01c28a28cad2b006.jpg,PruneSID,336,336,1,71,604.0,15427.0,13916,2115,0.039152135865690024,0.2855791962174941
01c4f4a2bb5bae43.jpg,DRIP,336,336,9,72,10198.0,52847.0,14112,48933,0.19297216492894584,0.20840741421944292
01c4f4a2bb5bae43.jpg,Fixed,336,336,9,72,5824.0,57221.0,14112,48933,0.10178081473584873,0.11901988433163714
01c4f4a2bb5bae43.jpg,PruneSID,336,336,9,71,8083.0,54766.0,13916,48933,0.14759157141292042,0.1651850489444751
01cc0f8a81d39848.jpg,DRIP,336,336,21,72,8134.0,40200.0,14112,34222,0.20233830845771145,0.23768336158027
01cc0f8a81d39848.jpg,Fixed,336,336,21,72,4328.0,44006.0,14112,34222,0.09835022496932236,0.12646835369060838
01cc0f8a81d39848.jpg,PruneSID,336,336,21,71,5826.0,42312.0,13916,34222,0.13769143505388542,0.17024136520367014
01d05a7d19f5a921.jpg,DRIP,336,336,2,72,1456.0,19285.0,14112,6629,0.07549909255898367,0.21964097148891235
01d05a7d19f5a921.jpg,Fixed,336,336,2,72,966.0,19775.0,14112,6629,0.048849557522123895,0.1457233368532207
01d05a7d19f5a921.jpg,PruneSID,336,336,2,71,2132.0,18413.0,13916,6629,0.11578775864878076,0.3216171368230502
01d419a01258ddbe.jpg,DRIP,336,336,5,72,2923.0,17414.0,14112,6225,0.1678534512461238,0.4695582329317269
01d419a01258ddbe.jpg,Fixed,336,336,5,72,658.0,19679.0,14112,6225,0.03343665836678693,0.10570281124497992
01d419a01258ddbe.jpg,PruneSID,336,336,5,71,2703.0,17438.0,13916,6225,0.15500630806285123,0.43421686746987953
01d5dfec05d9e47f.jpg,DRIP,336,336,5,72,1995.0,16505.0,14112,4388,0.12087246289003332,0.45464904284412033
01d5dfec05d9e47f.jpg,Fixed,336,336,5,72,896.0,17604.0,14112,4388,0.050897523290161326,0.2041932543299909
01d5dfec05d9e47f.jpg,PruneSID,336,336,5,71,2160.0,16144.0,13916,4388,0.1337958374628345,0.49225159525979945
01d8880f4597da40.jpg,DRIP,336,336,3,72,1178.0,15075.0,14112,2141,0.07814262023217247,0.5502101821578702
01d8880f4597da40.jpg,Fixed,336,336,3,72,448.0,15805.0,14112,2141,0.02834546029737425,0.20924801494628678
01d8880f4597da40.jpg,PruneSID,336,336,3,71,424.0,15633.0,13916,2141,0.027122113477899317,0.19803829985987856
01df220cc71e07af.jpg,DRIP,336,336,1,73,966.0,15702.0,14308,2360,0.061520825372564,0.40932203389830507
01df220cc71e07af.jpg,Fixed,336,336,1,72,496.0,15976.0,14112,2360,0.03104656985478217,0.21016949152542372
01df220cc71e07af.jpg,PruneSID,336,336,1,71,1662.0,14614.0,13916,2360,0.11372656356918023,0.7042372881355933
01e81b99d1dca0ec.jpg,DRIP,336,336,6,72,3525.0,21219.0,14112,10632,0.16612469956171355,0.33154627539503384
01e81b99d1dca0ec.jpg,Fixed,336,336,6,72,1428.0,23316.0,14112,10632,0.06124549665465775,0.1343115124153499
01e81b99d1dca0ec.jpg,PruneSID,336,336,6,71,2912.0,21636.0,13916,10632,0.1345904973192827,0.27389014296463504
01ecae33d6fde19c.jpg,DRIP,336,336,8,72,3884.0,25203.0,14112,14975,0.15410863786057216,0.25936560934891484
01ecae33d6fde19c.jpg,Fixed,336,336,8,72,1886.0,27201.0,14112,14975,0.0693356861880078,0.1259432387312187
01ecae33d6fde19c.jpg,PruneSID,336,336,8,71,2584.0,26307.0,13916,14975,0.09822480708556658,0.1725542570951586
01fbb47ed3360107.jpg,DRIP,336,336,24,72,539.0,25994.0,14112,12421,0.02073555435869816,0.04339425167055792
01fbb47ed3360107.jpg,Fixed,336,336,24,72,1694.0,24839.0,14112,12421,0.06819920286646,0.13638193382175348
01fbb47ed3360107.jpg,PruneSID,336,336,24,71,3473.0,22864.0,13916,12421,0.15189818054583626,0.27960711697930923
02062d203a421358.jpg,DRIP,336,336,17,73,4282.0,35175.0,14308,25149,0.12173418621179816,0.17026521929301364
02062d203a421358.jpg,Fixed,336,336,17,72,3586.0,35675.0,14112,25149,0.10051857042747021,0.1425901626307209
02062d203a421358.jpg,PruneSID,336,336,17,71,4984.0,34081.0,13916,25149,0.14623984038027052,0.1981788540299813
020a30ada37ca2d4.jpg,DRIP,336,336,1,72,1834.0,15378.0,14112,3100,0.1192612823514111,0.5916129032258064
020a30ada37ca2d4.jpg,Fixed,336,336,1,72,434.0,16778.0,14112,3100,0.025867207056860173,0.14
020a30ada37ca2d4.jpg,PruneSID,336,336,1,71,1066.0,15950.0,13916,3100,0.06683385579937304,0.3438709677419355
020aba3fb6452ba2.jpg,DRIP,336,336,2,73,1654.0,17309.0,14308,4655,0.09555722456525508,0.3553168635875403
020aba3fb6452ba2.jpg,Fixed,336,336,2,72,250.0,18517.0,14112,4655,0.013501107090781445,0.05370569280343716
020aba3fb6452ba2.jpg,PruneSID,336,336,2,71,1056.0,17515.0,13916,4655,0.06029117898943762,0.22685284640171857
020d0655f70dd297.jpg,DRIP,336,336,0,72,,,14112,0,,
020d0655f70dd297.jpg,Fixed,336,336,0,72,,,14112,0,,
020d0655f70dd297.jpg,PruneSID,336,336,0,71,,,13916,0,,
02132cfd627a3c45.jpg,DRIP,336,336,1,73,3500.0,19187.0,14308,8379,0.18241517694272164,0.4177109440267335
02132cfd627a3c45.jpg,Fixed,336,336,1,72,1396.0,21095.0,14112,8379,0.06617681915145769,0.16660699367466283
02132cfd627a3c45.jpg,PruneSID,336,336,1,71,1935.0,20360.0,13916,8379,0.0950392927308448,0.23093447905477982
021889a4d8d3bd64.jpg,DRIP,336,336,1,73,484.0,14462.0,14308,638,0.03346701701009542,0.7586206896551724
021889a4d8d3bd64.jpg,Fixed,336,336,1,72,154.0,14596.0,14112,638,0.010550835845437105,0.2413793103448276
021889a4d8d3bd64.jpg,PruneSID,336,336,1,71,451.0,14103.0,13916,638,0.03197901155782457,0.7068965517241379
021e7031adf5cb7e.jpg,DRIP,336,336,2,72,1674.0,17671.0,14112,5233,0.09473148095750099,0.3198929868144468
021e7031adf5cb7e.jpg,Fixed,336,336,2,72,432.0,18913.0,14112,5233,0.022841431819383494,0.0825530288553411
021e7031adf5cb7e.jpg,PruneSID,336,336,2,71,2937.0,16212.0,13916,5233,0.18116210214655812,0.5612459392317982
02239b5969fed70c.jpg,DRIP,336,336,5,73,2347.0,18561.0,14308,6600,0.12644792845213082,0.3556060606060606
02239b5969fed70c.jpg,Fixed,336,336,5,72,518.0,20194.0,14112,6600,0.025651183519857384,0.07848484848484849
02239b5969fed70c.jpg,PruneSID,336,336,5,71,2490.0,18026.0,13916,6600,0.13813380672362144,0.37727272727272726
0225316ea19e5041.jpg,DRIP,336,336,2,73,5706.0,55996.0,14308,47394,0.10190013572398028,0.12039498670717812
0225316ea19e5041.jpg,Fixed,336,336,2,72,5544.0,55962.0,14112,47394,0.09906722418784175,0.11697683251044436
0225316ea19e5041.jpg,PruneSID,336,336,2,71,4198.0,57112.0,13916,47394,0.07350469253396834,0.08857661307338481
0228e46986926913.jpg,DRIP,336,336,1,73,658.0,16874.0,14308,3224,0.03899490340168306,0.20409429280397023
0228e46986926913.jpg,Fixed,336,336,1,72,728.0,16608.0,14112,3224,0.04383429672447013,0.22580645161290322
0228e46986926913.jpg,PruneSID,336,336,1,71,532.0,16608.0,13916,3224,0.03203275529865125,0.16501240694789082
022a3c09f0a73534.jpg,DRIP,336,336,31,72,8158.0,41733.0,14112,35779,0.19548079457503653,0.22801084435003774
022a3c09f0a73534.jpg,Fixed,336,336,31,72,4259.0,45632.0,14112,35779,0.0933336255259467,0.11903630621314179
022a3c09f0a73534.jpg,PruneSID,336,336,31,71,4751.0,44944.0,13916,35779,0.10570932716269135,0.13278738925067776
0234c0a4b04aba38.jpg,DRIP,336,336,3,73,3634.0,20580.0,14308,9906,0.17657920310981534,0.36684837472239046
0234c0a4b04aba38.jpg,Fixed,336,336,3,72,1082.0,22936.0,14112,9906,0.04717474712242763,0.10922673127397536
0234c0a4b04aba38.jpg,PruneSID,336,336,3,71,1946.0,21876.0,13916,9906,0.0889559334430426,0.19644659802140116
023bd50314b8e43b.jpg,DRIP,336,336,6,73,3341.0,21681.0,14308,10714,0.15409805820764724,0.31183498226619377
023bd50314b8e43b.jpg,Fixed,336,336,6,72,942.0,23884.0,14112,10714,0.03944062971026629,0.08792234459585589
023bd50314b8e43b.jpg,PruneSID,336,336,6,71,4120.0,20510.0,13916,10714,0.2008776206728425,0.38454358782900877
023cc00c3308c087.jpg,DRIP,336,336,5,72,6190.0,22771.0,14112,14849,0.2718369856396294,0.41686308842346287
023cc00c3308c087.jpg,Fixed,336,336,5,72,1512.0,27449.0,14112,14849,0.05508397391526103,0.10182503872314634
023cc00c3308c087.jpg,PruneSID,336,336,5,71,1860.0,26905.0,13916,14849,0.06913213157405687,0.12526096033402923
024604312c78c4f4.jpg,DRIP,336,336,5,73,6857.0,34995.0,14308,27544,0.19594227746820975,0.24894713912285799
024604312c78c4f4.jpg,Fixed,336,336,5,72,4256.0,37400.0,14112,27544,0.11379679144385027,0.15451641010746442
024604312c78c4f4.jpg,PruneSID,336,336,5,71,4592.0,36868.0,13916,27544,0.12455245741564501,0.16671507406331687
024f5844b4cd9641.jpg,DRIP,336,336,0,72,,,14112,0,,
024f5844b4cd9641.jpg,Fixed,336,336,0,72,,,14112,0,,
024f5844b4cd9641.jpg,PruneSID,336,336,0,71,,,13916,0,,
0250b83132397ad1.jpg,DRIP,336,336,8,73,2503.0,36412.0,14308,24607,0.06874107437108645,0.10171902304222376
0250b83132397ad1.jpg,Fixed,336,336,8,72,3226.0,35493.0,14112,24607,0.09089116163750599,0.1311009062461901
0250b83132397ad1.jpg,PruneSID,336,336,8,71,4601.0,33922.0,13916,24607,0.13563469135074582,0.18697931482911367
0255c5bbd833e241.jpg,DRIP,336,336,18,72,799.0,31208.0,14112,17895,0.025602409638554216,0.04464934339200894
0255c5bbd833e241.jpg,Fixed,336,336,18,72,2460.0,29547.0,14112,17895,0.08325718347040309,0.1374685666387259
0255c5bbd833e241.jpg,PruneSID,336,336,18,71,2469.0,29342.0,13916,17895,0.08414559334742008,0.1379715004191115
025b003422e87033.jpg,DRIP,336,336,3,72,500.0,15935.0,14112,2323,0.031377470975839344,0.2152389151958674
025b003422e87033.jpg,Fixed,336,336,3,72,318.0,16117.0,14112,2323,0.01973071911646088,0.13689195006457167
025b003422e87033.jpg,PruneSID,336,336,3,71,1385.0,14854.0,13916,2323,0.09324087787801266,0.5962117950925527
0270a45dfa731b43.jpg,DRIP,336,336,4,72,1238.0,16501.0,14112,3627,0.07502575601478698,0.34132892197408327
0270a45dfa731b43.jpg,Fixed,336,336,4,72,29.0,17710.0,14112,3627,0.0016374929418407679,0.007995588640749932
0270a45dfa731b43.jpg,PruneSID,336,336,4,71,1088.0,16455.0,13916,3627,0.06611972044971133,0.29997242900468707
02774c51d44bb364.jpg,DRIP,336,336,1,73,984.0,14431.0,14308,1107,0.06818654285912272,0.8888888888888888
02774c51d44bb364.jpg,Fixed,336,336,1,72,0.0,15219.0,14112,1107,0.0,0.0
02774c51d44bb364.jpg,PruneSID,336,336,1,71,584.0,14439.0,13916,1107,0.04044601426691599,0.5275519421860885
02792f2ffa01db59.jpg,DRIP,336,336,2,72,1053.0,15654.0,14112,2595,0.06726715216558068,0.40578034682080927
02792f2ffa01db59.jpg,Fixed,336,336,2,72,294.0,16413.0,14112,2595,0.017912630232133065,0.11329479768786127
02792f2ffa01db59.jpg,PruneSID,336,336,2,71,483.0,16028.0,13916,2595,0.03013476416271525,0.1861271676300578
027fda9e531356a8.jpg,DRIP,336,336,0,73,,,14308,0,,
027fda9e531356a8.jpg,Fixed,336,336,0,72,,,14112,0,,
027fda9e531356a8.jpg,PruneSID,336,336,0,71,,,13916,0,,
02844f7565b33e32.jpg,DRIP,336,336,6,73,1926.0,16110.0,14308,3728,0.11955307262569832,0.5166309012875536
02844f7565b33e32.jpg,Fixed,336,336,6,72,249.0,17591.0,14112,3728,0.014154965607412882,0.06679184549356224
02844f7565b33e32.jpg,PruneSID,336,336,6,71,1527.0,16117.0,13916,3728,0.09474467953093008,0.4096030042918455
02882ac168772e42.jpg,DRIP,336,336,1,72,1706.0,15376.0,14112,2970,0.11095213319458896,0.5744107744107744
02882ac168772e42.jpg,Fixed,336,336,1,72,506.0,16576.0,14112,2970,0.030526061776061778,0.17037037037037037
02882ac168772e42.jpg,PruneSID,336,336,1,71,944.0,15942.0,13916,2970,0.05921465311755112,0.3178451178451178
028ee005563ec20d.jpg,DRIP,336,336,5,73,7053.0,29051.0,14308,21796,0.24277993872844308,0.32359148467608734
028ee005563ec20d.jpg,Fixed,336,336,5,72,2497.0,33411.0,14112,21796,0.07473586543353986,0.1145623050100936
028ee005563ec20d.jpg,PruneSID,336,336,5,71,5255.0,30457.0,13916,21796,0.1725383327313918,0.24109928427234356
029ca2b6d6904295.jpg,DRIP,336,336,14,72,3622.0,23836.0,14112,13346,0.1519550260110757,0.2713921774314401
029ca2b6d6904295.jpg,Fixed,336,336,14,72,1983.0,25475.0,14112,13346,0.07784102060843964,0.14858384534692043
029ca2b6d6904295.jpg,PruneSID,336,336,14,71,4536.0,22726.0,13916,13346,0.19959517732993048,0.3398771167390979
029ca9b64cfc78a4.jpg,DRIP,336,336,5,72,1610.0,18797.0,14112,6295,0.0856519657392137,0.255758538522637
029ca9b64cfc78a4.jpg,Fixed,336,336,5,72,707.0,19700.0,14112,6295,0.03588832487309645,0.11231135822081016
029ca9b64cfc78a4.jpg,PruneSID,336,336,5,71,2546.0,17665.0,13916,6295,0.1441268044155109,0.40444797458300236
029f2bc0cf04580f.jpg,DRIP,336,336,0,72,,,14112,0,,
029f2bc0cf04580f.jpg,Fixed,336,336,0,72,,,14112,0,,
029f2bc0cf04580f.jpg,PruneSID,336,336,0,71,,,13916,0,,
02a4653c7e00cdfd.jpg,DRIP,336,336,2,73,1552.0,18136.0,14308,5380,0.08557565063961182,0.28847583643122676
02a4653c7e00cdfd.jpg,Fixed,336,336,2,72,947.0,18545.0,14112,5380,0.051064977082771634,0.17602230483271375
02a4653c7e00cdfd.jpg,PruneSID,336,336,2,71,1228.0,18068.0,13916,5380,0.06796546380340934,0.22825278810408922
02a950e4790377dc.jpg,DRIP,336,336,1,72,262.0,14379.0,14112,529,0.018221016760553585,0.4952741020793951
02a950e4790377dc.jpg,Fixed,336,336,1,72,0.0,14641.0,14112,529,0.0,0.0
02a950e4790377dc.jpg,PruneSID,336,336,1,71,275.0,14170.0,13916,529,0.019407198306280876,0.5198487712665406
02a961f6c1f9ed12.jpg,DRIP,336,336,10,72,3356.0,24740.0,14112,13984,0.1356507679870655,0.23998855835240274
02a961f6c1f9ed12.jpg,Fixed,336,336,10,72,1667.0,26429.0,14112,13984,0.0630746528434674,0.11920766590389016
02a961f6c1f9ed12.jpg,PruneSID,336,336,10,71,4947.0,22953.0,13916,13984,0.2155273820415632,0.35376144164759726
02ac2afb418ed3bb.jpg,DRIP,336,336,2,73,393.0,14675.0,14308,760,0.02678023850085179,0.5171052631578947
02ac2afb418ed3bb.jpg,Fixed,336,336,2,72,0.0,14872.0,14112,760,0.0,0.0
02ac2afb418ed3bb.jpg,PruneSID,336,336,2,71,336.0,14340.0,13916,760,0.023430962343096235,0.4421052631578947
02b4362934167953.jpg,DRIP,336,336,17,72,3730.0,22593.0,14112,12211,0.16509538352587083,0.30546228810089265
02b4362934167953.jpg,Fixed,336,336,17,72,1948.0,24375.0,14112,12211,0.07991794871794872,0.15952829416100237
02b4362934167953.jpg,PruneSID,336,336,17,71,4160.0,21967.0,13916,12211,0.18937497154823144,0.34067643927606256
02b4c34bd52f1217.jpg,DRIP,336,336,0,72,,,14112,0,,
02b4c34bd52f1217.jpg,Fixed,336,336,0,72,,,14112,0,,
02b4c34bd52f1217.jpg,PruneSID,336,336,0,71,,,13916,0,,
02b7ad89c803532f.jpg,DRIP,336,336,1,72,869.0,14420.0,14112,1177,0.060263522884882105,0.7383177570093458
02b7ad89c803532f.jpg,Fixed,336,336,1,72,154.0,15135.0,14112,1177,0.010175090849025438,0.1308411214953271
02b7ad89c803532f.jpg,PruneSID,336,336,1,71,350.0,14743.0,13916,1177,0.023740080037984126,0.2973661852166525
02beeabd93bf7bb3.jpg,DRIP,336,336,1,73,286.0,14988.0,14308,966,0.019081932212436616,0.29606625258799174
02beeabd93bf7bb3.jpg,Fixed,336,336,1,72,294.0,14784.0,14112,966,0.019886363636363636,0.30434782608695654
02beeabd93bf7bb3.jpg,PruneSID,336,336,1,71,420.0,14462.0,13916,966,0.02904162633107454,0.43478260869565216
02bf765b69e3025c.jpg,DRIP,336,336,14,72,3835.0,24927.0,14112,14650,0.15384923978015805,0.2617747440273038
02bf765b69e3025c.jpg,Fixed,336,336,14,72,1801.0,26961.0,14112,14650,0.0668001928711843,0.12293515358361774
02bf765b69e3025c.jpg,PruneSID,336,336,14,71,4440.0,24126.0,13916,14650,0.1840338224322308,0.3030716723549488
02c185403a032781.jpg,DRIP,336,336,0,73,,,14308,0,,
02c185403a032781.jpg,Fixed,336,336,0,72,,,14112,0,,
02c185403a032781.jpg,PruneSID,336,336,0,71,,,13916,0,,
02d4ae02865321a3.jpg,DRIP,336,336,6,73,8409.0,34492.0,14308,28593,0.24379566276237968,0.2940929598153394
02d4ae02865321a3.jpg,Fixed,336,336,6,72,3524.0,39181.0,14112,28593,0.0899415533038973,0.12324694855384186
02d4ae02865321a3.jpg,PruneSID,336,336,6,71,3326.0,39183.0,13916,28593,0.08488375060613021,0.11632217675654881
02df4a726c2bb5a5.jpg,DRIP,336,336,3,72,569.0,15424.0,14112,1881,0.036890560165975105,0.30249867091972354
02df4a726c2bb5a5.jpg,Fixed,336,336,3,72,210.0,15783.0,14112,1881,0.013305455236647026,0.11164274322169059
02df4a726c2bb5a5.jpg,PruneSID,336,336,3,71,776.0,15021.0,13916,1881,0.051661007922242194,0.4125465178096757
02e263ba099084dd.jpg,DRIP,336,336,0,73,,,14308,0,,
02e263ba099084dd.jpg,Fixed,336,336,0,72,,,14112,0,,
02e263ba099084dd.jpg,PruneSID,336,336,0,71,,,13916,0,,
02e523f39066742d.jpg,DRIP,336,336,9,73,5992.0,22003.0,14308,13687,0.27232650093169114,0.4377876817417988
02e523f39066742d.jpg,Fixed,336,336,9,72,1288.0,26511.0,14112,13687,0.04858360680472257,0.09410389420618105
02e523f39066742d.jpg,PruneSID,336,336,9,71,3382.0,24221.0,13916,13687,0.13963089880682053,0.24709578432088844
02e647dcd238f3e4.jpg,DRIP,336,336,1,73,154.0,14477.0,14308,323,0.010637563031014713,0.47678018575851394
02e647dcd238f3e4.jpg,Fixed,336,336,1,72,204.0,14231.0,14112,323,0.014334902677253882,0.631578947368421
02e647dcd238f3e4.jpg,PruneSID,336,336,1,71,133.0,14106.0,13916,323,0.009428611938182334,0.4117647058823529
02ef6de789b37127.jpg,DRIP,336,336,5,72,3821.0,21275.0,14112,10984,0.17960047003525265,0.3478696285506191
02ef6de789b37127.jpg,Fixed,336,336,5,72,1568.0,23528.0,14112,10984,0.06664399863991839,0.14275309541150766
02ef6de789b37127.jpg,PruneSID,336,336,5,71,4091.0,20809.0,13916,10984,0.19659762602719977,0.37245083758193737
02fae2fbfa99a8f8.jpg,DRIP,336,336,2,73,4774.0,22397.0,14308,12863,0.21315354735009154,0.37114203529503226
02fae2fbfa99a8f8.jpg,Fixed,336,336,2,72,1924.0,25051.0,14112,12863,0.07680332122470161,0.14957630412811942
02fae2fbfa99a8f8.jpg,PruneSID,336,336,2,71,4074.0,22705.0,13916,12863,0.17943184320634223,0.316722382025966
030aac31ce3ebe66.jpg,DRIP,336,336,1,73,474.0,14406.0,14308,572,0.03290295710120783,0.8286713286713286
030aac31ce3ebe66.jpg,Fixed,336,336,1,72,0.0,14684.0,14112,572,0.0,0.0
030aac31ce3ebe66.jpg,PruneSID,336,336,1,71,191.0,14297.0,13916,572,0.013359446037630273,0.3339160839160839
030fd24af593dcc8.jpg,DRIP,336,336,4,73,8459.0,51167.0,14308,45318,0.16532139855766412,0.18665872280330112
030fd24af593dcc8.jpg,Fixed,336,336,4,72,5824.0,53606.0,14112,45318,0.10864455471402455,0.1285140562248996
030fd24af593dcc8.jpg,PruneSID,336,336,4,71,6180.0,53054.0,13916,45318,0.11648509066234403,0.1363696544419436
031eed019baea941.jpg,DRIP,336,336,0,72,,,14112,0,,
031eed019baea941.jpg,Fixed,336,336,0,72,,,14112,0,,
031eed019baea941.jpg,PruneSID,336,336,0,71,,,13916,0,,
0328a24cc3047ec8.jpg,DRIP,336,336,15,73,1811.0,22278.0,14308,9781,0.08129095969117515,0.18515489213781822
0328a24cc3047ec8.jpg,Fixed,336,336,15,72,1354.0,22539.0,14112,9781,0.060073650117573985,0.13843165320519374
0328a24cc3047ec8.jpg,PruneSID,336,336,15,71,3260.0,20437.0,13916,9781,0.15951460586191712,0.3332992536550455
0328f10a8d351b24.jpg,DRIP,336,336,10,72,4322.0,24954.0,14112,15164,0.1731986855814699,0.28501714587180166
0328f10a8d351b24.jpg,Fixed,336,336,10,72,2729.0,26547.0,14112,15164,0.1027988096583418,0.17996570825639674
0328f10a8d351b24.jpg,PruneSID,336,336,10,71,5043.0,24037.0,13916,15164,0.20980155593460081,0.3325639672909523
032925607ae0382c.jpg,DRIP,336,336,5,73,1029.0,15945.0,14308,2666,0.0645343367826905,0.3859714928732183
032925607ae0382c.jpg,Fixed,336,336,5,72,497.0,16281.0,14112,2666,0.030526380443461704,0.18642160540135033
032925607ae0382c.jpg,PruneSID,336,336,5,71,1191.0,15391.0,13916,2666,0.07738288610226755,0.4467366841710428
032dcf3f768e3259.jpg,DRIP,336,336,8,73,2486.0,22007.0,14308,10185,0.11296405689098923,0.24408443789887088
032dcf3f768e3259.jpg,Fixed,336,336,8,72,1028.0,23269.0,14112,10185,0.04417895053504663,0.1009327442317133
032dcf3f768e3259.jpg,PruneSID,336,336,8,71,3354.0,20747.0,13916,10185,0.16166192702559407,0.3293078055964654
033387d84d578dd7.jpg,DRIP,336,336,2,73,338.0,14892.0,14308,922,0.02269674993284985,0.3665943600867679
033387d84d578dd7.jpg,Fixed,336,336,2,72,52.0,14982.0,14112,922,0.003470831664664264,0.05639913232104121
033387d84d578dd7.jpg,PruneSID,336,336,2,71,629.0,14209.0,13916,922,0.04426771764374692,0.6822125813449024
03391be934ddbc7c.jpg,DRIP,336,336,0,72,,,14112,0,,
03391be934ddbc7c.jpg,Fixed,336,336,0,72,,,14112,0,,
03391be934ddbc7c.jpg,PruneSID,336,336,0,71,,,13916,0,,
033ecc2e897a1ebf.jpg,DRIP,336,336,9,73,4966.0,24468.0,14308,15126,0.2029589668137976,0.32830887214068494
033ecc2e897a1ebf.jpg,Fixed,336,336,9,72,1509.0,27729.0,14112,15126,0.05441956074867467,0.09976199920666402
033ecc2e897a1ebf.jpg,PruneSID,336,336,9,71,3054.0,25988.0,13916,15126,0.11751577651223642,0.20190400634668781
0340ffed402c0672.jpg,DRIP,336,336,0,72,,,14112,0,,
0340ffed402c0672.jpg,Fixed,336,336,0,72,,,14112,0,,
0340ffed402c0672.jpg,PruneSID,336,336,0,71,,,13916,0,,
03486477f41d883f.jpg,DRIP,336,336,0,73,,,14308,0,,
03486477f41d883f.jpg,Fixed,336,336,0,72,,,14112,0,,
03486477f41d883f.jpg,PruneSID,336,336,0,71,,,13916,0,,
034afc91ed9a3c73.jpg,DRIP,336,336,0,73,,,14308,0,,
034afc91ed9a3c73.jpg,Fixed,336,336,0,72,,,14112,0,,
034afc91ed9a3c73.jpg,PruneSID,336,336,0,71,,,13916,0,,
03535a6be5d036d6.jpg,DRIP,336,336,44,73,6108.0,42320.0,14308,34120,0.1443289224952741,0.17901524032825322
03535a6be5d036d6.jpg,Fixed,336,336,44,72,3936.0,44296.0,14112,34120,0.08885678165071338,0.11535756154747949
03535a6be5d036d6.jpg,PruneSID,336,336,44,71,6096.0,41940.0,13916,34120,0.14535050071530758,0.17866354044548652
035e347ba7ad5e63.jpg,DRIP,336,336,0,73,,,14308,0,,
035e347ba7ad5e63.jpg,Fixed,336,336,0,72,,,14112,0,,
035e347ba7ad5e63.jpg,PruneSID,336,336,0,71,,,13916,0,,
0363a663db0f0bc2.jpg,DRIP,336,336,8,73,2608.0,19342.0,14308,7642,0.1348361079516079,0.34127191834598275
0363a663db0f0bc2.jpg,Fixed,336,336,8,72,154.0,21600.0,14112,7642,0.00712962962962963,0.02015179272441769
0363a663db0f0bc2.jpg,PruneSID,336,336,8,71,2657.0,18901.0,13916,7642,0.1405745727739273,0.3476838523946611
03655bde4da6c310.jpg,DRIP,336,336,1,72,2006.0,14914.0,14112,2808,0.13450449242322648,0.7143874643874644
03655bde4da6c310.jpg,Fixed,336,336,1,72,378.0,16542.0,14112,2808,0.022850924918389554,0.1346153846153846
03655bde4da6c310.jpg,PruneSID,336,336,1,71,1488.0,15236.0,13916,2808,0.0976634287214492,0.5299145299145299
0368d827bcab27d1.jpg,DRIP,336,336,3,72,0.0,19396.0,14112,5284,0.0,0.0
0368d827bcab27d1.jpg,Fixed,336,336,3,72,602.0,18794.0,14112,5284,0.03203149941470682,0.11392884178652536
0368d827bcab27d1.jpg,PruneSID,336,336,3,71,1176.0,18024.0,13916,5284,0.06524633821571238,0.22255866767600302
036ca96be461e0e9.jpg,DRIP,336,336,2,72,5404.0,31810.0,14112,23102,0.1698836843759824,0.23391914119989612
036ca96be461e0e9.jpg,Fixed,336,336,2,72,2044.0,35170.0,14112,23102,0.05811771396076201,0.0884771881222405
036ca96be461e0e9.jpg,PruneSID,336,336,2,71,3578.0,33440.0,13916,23102,0.1069976076555024,0.1548783655094797
0372664e29dace21.jpg,DRIP,336,336,5,72,737.0,17849.0,14112,4474,0.04129082861784974,0.16472954850245866
0372664e29dace21.jpg,Fixed,336,336,5,72,642.0,17944.0,14112,4474,0.03577797592510031,0.1434957532409477
0372664e29dace21.jpg,PruneSID,336,336,5,71,1989.0,16401.0,13916,4474,0.12127309310407902,0.4445686186857398
037f58bbe20a72b8.jpg,DRIP,336,336,4,72,4457.0,20431.0,14112,10776,0.218148891390534,0.41360430586488495
037f58bbe20a72b8.jpg,Fixed,336,336,4,72,1528.0,23360.0,14112,10776,0.06541095890410958,0.14179658500371195
037f58bbe20a72b8.jpg,PruneSID,336,336,4,71,4736.0,19956.0,13916,10776,0.23732210863900582,0.4394951744617669
0396372a872294c2.jpg,DRIP,336,336,10,72,2487.0,19368.0,14112,7743,0.12840768277571252,0.3211933359163115
0396372a872294c2.jpg,Fixed,336,336,10,72,1036.0,20819.0,14112,7743,0.049762236418656035,0.13379826940462353
0396372a872294c2.jpg,PruneSID,336,336,10,71,3827.0,17832.0,13916,7743,0.21461417676087932,0.4942528735632184
039832d67de29788.jpg,DRIP,336,336,2,72,1680.0,17821.0,14112,5389,0.09427080410751361,0.31174614956392654
039832d67de29788.jpg,Fixed,336,336,2,72,896.0,18605.0,14112,5389,0.048159097016930934,0.16626461310076082
039832d67de29788.jpg,PruneSID,336,336,2,71,1190.0,18115.0,13916,5389,0.0656914159536296,0.22082018927444794
039da94c7b4a3104.jpg,DRIP,336,336,24,72,3099.0,31362.0,14112,20349,0.0988138511574517,0.15229249594574673
039da94c7b4a3104.jpg,Fixed,336,336,24,72,2535.0,31926.0,14112,20349,0.07940236797594437,0.12457614624797288
039da94c7b4a3104.jpg,PruneSID,336,336,24,71,5056.0,29209.0,13916,20349,0.17309733301379712,0.24846429799990172
039e84b999400482.jpg,DRIP,336,336,2,72,5012.0,30100.0,14112,21000,0.16651162790697674,0.23866666666666667
039e84b999400482.jpg,Fixed,336,336,2,72,3150.0,31962.0,14112,21000,0.09855453350854139,0.15
039e84b999400482.jpg,PruneSID,336,336,2,71,1442.0,33474.0,13916,21000,0.04307820995399415,0.06866666666666667
039fce4cdc594316.jpg,DRIP,336,336,1,73,900.0,16015.0,14308,2607,0.0561973150171714,0.34522439585730724
039fce4cdc594316.jpg,Fixed,336,336,1,72,462.0,16257.0,14112,2607,0.028418527403579995,0.17721518987341772
039fce4cdc594316.jpg,PruneSID,336,336,1,71,1302.0,15221.0,13916,2607,0.0855397148676171,0.4994246260069045
03af12f9ba86896c.jpg,DRIP,336,336,11,72,1476.0,21268.0,14112,8632,0.06940003761519654,0.17099165894346618
03af12f9ba86896c.jpg,Fixed,336,336,11,72,1157.0,21587.0,14112,8632,0.053597072312039654,0.13403614457831325
03af12f9ba86896c.jpg,PruneSID,336,336,11,71,2481.0,20067.0,13916,8632,0.12363582000298998,0.28741890639481
03b11fe3fb428ae4.jpg,DRIP,336,336,0,73,,,14308,0,,
03b11fe3fb428ae4.jpg,Fixed,336,336,0,72,,,14112,0,,
03b11fe3fb428ae4.jpg,PruneSID,336,336,0,71,,,13916,0,,
03beecd7a9676cc2.jpg,DRIP,336,336,2,72,420.0,16091.0,14112,2399,0.02610154744888447,0.17507294706127552
03beecd7a9676cc2.jpg,Fixed,336,336,2,72,406.0,16105.0,14112,2399,0.025209562247749145,0.169237182159233
03beecd7a9676cc2.jpg,PruneSID,336,336,2,71,790.0,15525.0,13916,2399,0.05088566827697263,0.32930387661525634
03cf788293866e59.jpg,DRIP,336,336,0,72,,,14112,0,,
03cf788293866e59.jpg,Fixed,336,336,0,72,,,14112,0,,
03cf788293866e59.jpg,PruneSID,336,336,0,71,,,13916,0,,
03d0e5cf77a6f7da.jpg,DRIP,336,336,2,73,1458.0,15653.0,14308,2803,0.09314508400945505,0.5201569746699964
03d0e5cf77a6f7da.jpg,Fixed,336,336,2,72,350.0,16565.0,14112,2803,0.02112888620585572,0.1248662147698894
03d0e5cf77a6f7da.jpg,PruneSID,336,336,2,71,952.0,15767.0,13916,2803,0.06037927316547219,0.3396361041740992
03d361a362d162c7.jpg,DRIP,336,336,2,73,903.0,14809.0,14308,1404,0.06097643325005064,0.6431623931623932
03d361a362d162c7.jpg,Fixed,336,336,2,72,18.0,15498.0,14112,1404,0.0011614401858304297,0.01282051282051282
03d361a362d162c7.jpg,PruneSID,336,336,2,71,692.0,14628.0,13916,1404,0.047306535411539515,0.4928774928774929
03e02116803b7581.jpg,DRIP,336,336,1,72,0.0,15649.0,14112,1537,0.0,0.0
03e02116803b7581.jpg,Fixed,336,336,1,72,0.0,15649.0,14112,1537,0.0,0.0
03e02116803b7581.jpg,PruneSID,336,336,1,71,11.0,15442.0,13916,1537,0.0007123429607563787,0.0071567989590110605
03e1f9d4a0d592ba.jpg,DRIP,336,336,4,73,762.0,16908.0,14308,3362,0.045067423704755145,0.22665080309339677
03e1f9d4a0d592ba.jpg,Fixed,336,336,4,72,490.0,16984.0,14112,3362,0.028850682995760716,0.1457465794170137
03e1f9d4a0d592ba.jpg,PruneSID,336,336,4,71,1148.0,16130.0,13916,3362,0.07117172969621822,0.34146341463414637
04011c8c335c4b67.jpg,DRIP,336,336,1,72,1254.0,14990.0,14112,2132,0.08365577051367579,0.5881801125703565
04011c8c335c4b67.jpg,Fixed,336,336,1,72,574.0,15670.0,14112,2132,0.036630504148053605,0.2692307692307692
04011c8c335c4b67.jpg,PruneSID,336,336,1,71,770.0,15278.0,13916,2132,0.050399266919753896,0.3611632270168856
04076b0e2372aafb.jpg,DRIP,336,336,0,72,,,14112,0,,
04076b0e2372aafb.jpg,Fixed,336,336,0,72,,,14112,0,,
04076b0e2372aafb.jpg,PruneSID,336,336,0,71,,,13916,0,,
041012646c9270ac.jpg,DRIP,336,336,6,73,6208.0,30001.0,14308,21901,0.20692643578547382,0.28345737637550794
041012646c9270ac.jpg,Fixed,336,336,6,72,2826.0,33187.0,14112,21901,0.08515382529303643,0.12903520387196932
041012646c9270ac.jpg,PruneSID,336,336,6,71,3459.0,32358.0,13916,21901,0.1068978305210458,0.15793799369891787
041026a62ca6eb2e.jpg,DRIP,336,336,10,72,3140.0,22430.0,14112,11458,0.13999108337048596,0.2740443358352243
041026a62ca6eb2e.jpg,Fixed,336,336,10,72,1170.0,24400.0,14112,11458,0.04795081967213115,0.1021120614417874
041026a62ca6eb2e.jpg,PruneSID,336,336,10,71,2056.0,23318.0,13916,11458,0.0881722274637619,0.17943794728573922
0413b2bcad5b3579.jpg,DRIP,336,336,1,73,0.0,14763.0,14308,455,0.0,0.0
0413b2bcad5b3579.jpg,Fixed,336,336,1,72,52.0,14515.0,14112,455,0.0035825008611780917,0.11428571428571428
0413b2bcad5b3579.jpg,PruneSID,336,336,1,71,308.0,14063.0,13916,455,0.021901443504230962,0.676923076923077
0421017b27bf1b7e.jpg,DRIP,336,336,2,73,1610.0,16453.0,14308,3755,0.09785449462104176,0.42876165113182424
0421017b27bf1b7e.jpg,Fixed,336,336,2,72,420.0,17447.0,14112,3755,0.024072906516879693,0.1118508655126498
0421017b27bf1b7e.jpg,PruneSID,336,336,2,71,1711.0,15960.0,13916,3755,0.10720551378446115,0.455659121171771
0430a0f820c32887.jpg,DRIP,336,336,3,73,1197.0,14823.0,14308,1712,0.08075288403157256,0.6991822429906542
0430a0f820c32887.jpg,Fixed,336,336,3,72,622.0,15202.0,14112,1712,0.04091566899092225,0.3633177570093458
0430a0f820c32887.jpg,PruneSID,336,336,3,71,630.0,14998.0,13916,1712,0.042005600746766236,0.3679906542056075
0442ab5ce00a56fa.jpg,DRIP,336,336,0,72,,,14112,0,,
0442ab5ce00a56fa.jpg,Fixed,336,336,0,72,,,14112,0,,
0442ab5ce00a56fa.jpg,PruneSID,336,336,0,71,,,13916,0,,
0448fd2dcc67e8d7.jpg,DRIP,336,336,2,73,4390.0,17843.0,14308,7925,0.2460348596088102,0.5539432176656152
0448fd2dcc67e8d7.jpg,Fixed,336,336,2,72,1106.0,20931.0,14112,7925,0.0528402847451149,0.1395583596214511
0448fd2dcc67e8d7.jpg,PruneSID,336,336,2,71,2354.0,19487.0,13916,7925,0.12079848103864115,0.2970347003154574
04518da6e76f5cad.jpg,DRIP,336,336,1,72,,,14112,0,,
04518da6e76f5cad.jpg,Fixed,336,336,1,72,,,14112,0,,
04518da6e76f5cad.jpg,PruneSID,336,336,1,71,,,13916,0,,
045e2f6f4b41fd53.jpg,DRIP,336,336,3,72,1625.0,15162.0,14112,2675,0.10717583432264872,0.6074766355140186
045e2f6f4b41fd53.jpg,Fixed,336,336,3,72,0.0,16787.0,14112,2675,0.0,0.0
045e2f6f4b41fd53.jpg,PruneSID,336,336,3,71,1209.0,15382.0,13916,2675,0.07859836172149265,0.4519626168224299
0460bcb669cfb9c1.jpg,DRIP,336,336,2,72,6790.0,26204.0,14112,18882,0.25912074492443904,0.3596017371041203
0460bcb669cfb9c1.jpg,Fixed,336,336,2,72,2086.0,30908.0,14112,18882,0.06749061731590526,0.11047558521343077
0460bcb669cfb9c1.jpg,PruneSID,336,336,2,71,3458.0,29340.0,13916,18882,0.11785957736877982,0.1831373795148819
0464a1dafaa33d6d.jpg,DRIP,336,336,7,73,2981.0,18871.0,14308,7544,0.1579672513380319,0.39514846235418877
0464a1dafaa33d6d.jpg,Fixed,336,336,7,72,695.0,20961.0,14112,7544,0.0331568150374505,0.09212619300106044
0464a1dafaa33d6d.jpg,PruneSID,336,336,7,71,1720.0,19740.0,13916,7544,0.08713272543059777,0.22799575821845175
046be154a29204c7.jpg,DRIP,336,336,2,72,2394.0,16461.0,14112,4743,0.14543466375068342,0.5047438330170778
046be154a29204c7.jpg,Fixed,336,336,2,72,714.0,18141.0,14112,4743,0.03935835951711592,0.15053763440860216
046be154a29204c7.jpg,PruneSID,336,336,2,71,1974.0,16685.0,13916,4743,0.11830985915492957,0.4161922833649589
047efe4a7f176cca.jpg,DRIP,336,336,5,72,5284.0,26963.0,14112,18135,0.195972258279865,0.29137027846705266
047efe4a7f176cca.jpg,Fixed,336,336,5,72,2170.0,30077.0,14112,18135,0.07214815307377731,0.11965811965811966
047efe4a7f176cca.jpg,PruneSID,336,336,5,71,5992.0,26059.0,13916,18135,0.22993975210100157,0.3304108078301627
0486a158aa01b171.jpg,DRIP,336,336,1,73,1106.0,15155.0,14308,1953,0.07297921478060046,0.5663082437275986
0486a158aa01b171.jpg,Fixed,336,336,1,72,147.0,15918.0,14112,1953,0.009234828496042216,0.07526881720430108
0486a158aa01b171.jpg,PruneSID,336,336,1,71,392.0,15477.0,13916,1953,0.02532790592492085,0.2007168458781362
048e6f8bd215e50c.jpg,DRIP,336,336,4,73,2448.0,27361.0,14308,15501,0.08947041409305216,0.1579252951422489
048e6f8bd215e50c.jpg,Fixed,336,336,4,72,2637.0,26976.0,14112,15501,0.09775355871886121,0.17011805689955486
048e6f8bd215e50c.jpg,PruneSID,336,336,4,71,3556.0,25861.0,13916,15501,0.13750435017980744,0.22940455454486808
04924b243ce19811.jpg,DRIP,336,336,7,73,4640.0,23630.0,14308,13962,0.196360558611934,0.3323306116602206
04924b243ce19811.jpg,Fixed,336,336,7,72,1778.0,26296.0,14112,13962,0.06761484636446607,0.1273456524853173
04924b243ce19811.jpg,PruneSID,336,336,7,71,3701.0,24177.0,13916,13962,0.15307937295776977,0.26507663658501646
049d0f7fef4ebdf7.jpg,DRIP,336,336,12,73,2983.0,19898.0,14308,8573,0.14991456427781685,0.34795287530619384
049d0f7fef4ebdf7.jpg,Fixed,336,336,12,72,2080.0,20605.0,14112,8573,0.10094637223974763,0.24262218593257903
049d0f7fef4ebdf7.jpg,PruneSID,336,336,12,71,2551.0,19938.0,13916,8573,0.12794663456715819,0.2975621136125044
04ab31205c0ffdf8.jpg,DRIP,336,336,4,73,3528.0,20120.0,14308,9340,0.1753479125248509,0.3777301927194861
04ab31205c0ffdf8.jpg,Fixed,336,336,4,72,1060.0,22392.0,14112,9340,0.047338335119685604,0.11349036402569593
04ab31205c0ffdf8.jpg,PruneSID,336,336,4,71,2844.0,20412.0,13916,9340,0.13932980599647266,0.30449678800856533
04b04e347704f9c7.jpg,DRIP,336,336,1,72,10376.0,31458.0,14112,27722,0.3298366075402123,0.37428756943943436
04b04e347704f9c7.jpg,Fixed,336,336,1,72,3486.0,38348.0,14112,27722,0.09090434964013769,0.12574850299401197
04b04e347704f9c7.jpg,PruneSID,336,336,1,71,4984.0,36654.0,13916,27722,0.13597424564849675,0.1797850082966597
04b59524b3cebdf2.jpg,DRIP,336,336,1,73,3948.0,20733.0,14308,10373,0.19042106786282736,0.3806034898293647
04b59524b3cebdf2.jpg,Fixed,336,336,1,72,1148.0,23337.0,14112,10373,0.04919226978617646,0.11067193675889328
04b59524b3cebdf2.jpg,PruneSID,336,336,1,71,1554.0,22735.0,13916,10373,0.06835276006157906,0.14981201195411165
04bc55abd830f147.jpg,DRIP,336,336,4,73,7524.0,31705.0,14308,24921,0.2373127266992588,0.30191404839292163
04bc55abd830f147.jpg,Fixed,336,336,4,72,3087.0,35946.0,14112,24921,0.08587881822734102,0.12387143373058866
04bc55abd830f147.jpg,PruneSID,336,336,4,71,5677.0,33160.0,13916,24921,0.17120024125452352,0.22779984751815738
04c2634b073c5bfb.jpg,DRIP,336,336,12,72,2155.0,22583.0,14112,10626,0.0954257627418855,0.2028044419348767
04c2634b073c5bfb.jpg,Fixed,336,336,12,72,1581.0,23157.0,14112,10626,0.06827309236947791,0.14878599661208358
04c2634b073c5bfb.jpg,PruneSID,336,336,12,71,4088.0,20454.0,13916,10626,0.1998631074606434,0.3847167325428195
04d14bbae7de7926.jpg,DRIP,336,336,7,72,741.0,19368.0,14112,5997,0.038258983890954154,0.12356178089044523
04d14bbae7de7926.jpg,Fixed,336,336,7,72,485.0,19624.0,14112,5997,0.02471463514064411,0.08087377021844255
04d14bbae7de7926.jpg,PruneSID,336,336,7,71,2300.0,17613.0,13916,5997,0.1305853630840856,0.383525095881274
04da5dff642e080f.jpg,DRIP,336,336,6,73,3988.0,25804.0,14308,15484,0.15454968221981089,0.25755618703177474
04da5dff642e080f.jpg,Fixed,336,336,6,72,1964.0,27632.0,14112,15484,0.07107701215981471,0.12684060966158614
04da5dff642e080f.jpg,PruneSID,336,336,6,71,2928.0,26472.0,13916,15484,0.11060743427017226,0.1890984241797985
04dd79863a4c2c59.jpg,DRIP,336,336,0,72,,,14112,0,,
04dd79863a4c2c59.jpg,Fixed,336,336,0,72,,,14112,0,,
04dd79863a4c2c59.jpg,PruneSID,336,336,0,71,,,13916,0,,
04e03c1faa934e30.jpg,DRIP,336,336,29,72,8681.0,66286.0,14112,60855,0.1309627975741484,0.1426505628132446
04e03c1faa934e30.jpg,Fixed,336,336,29,72,7517.0,67450.0,14112,60855,0.1114455151964418,0.12352312874866486
04e03c1faa934e30.jpg,PruneSID,336,336,29,71,11157.0,63614.0,13916,60855,0.17538592133807024,0.1833374414592063
04ef980e5caff21f.jpg,DRIP,336,336,4,73,3068.0,26964.0,14308,15724,0.1137813380804035,0.1951157466293564
04ef980e5caff21f.jpg,Fixed,336,336,4,72,1825.0,28011.0,14112,15724,0.06515297561672201,0.11606461460188247
04ef980e5caff21f.jpg,PruneSID,336,336,4,71,2635.0,27005.0,13916,15724,0.0975745232364377,0.16757822437038922
050bf08413b35ab1.jpg,DRIP,336,336,7,72,1530.0,17517.0,14112,4935,0.08734372324028088,0.3100303951367781
050bf08413b35ab1.jpg,Fixed,336,336,7,72,800.0,18247.0,14112,4935,0.04384282347783197,0.16210739614994935
050bf08413b35ab1.jpg,PruneSID,336,336,7,71,1825.0,17026.0,13916,4935,0.10718900505109832,0.3698074974670719
0516b96f324d3185.jpg,DRIP,336,336,32,72,5066.0,34549.0,14112,25503,0.14663231931459667,0.19864329686703525
0516b96f324d3185.jpg,Fixed,336,336,32,72,3379.0,36236.0,14112,25503,0.09324980682194503,0.13249421636670194
0516b96f324d3185.jpg,PruneSID,336,336,32,71,6889.0,32530.0,13916,25503,0.21177374731017523,0.2701250833235306
0521b09c0444ef29.jpg,DRIP,336,336,105,73,6352.0,59150.0,14308,51194,0.10738799661876584,0.1240770402781576
0521b09c0444ef29.jpg,Fixed,336,336,105,72,6904.0,58402.0,14112,51194,0.11821512961884867,0.13485955385396725
0521b09c0444ef29.jpg,PruneSID,336,336,105,71,8585.0,56525.0,13916,51194,0.1518796992481203,0.16769543305856155
052bf94d71a91cab.jpg,DRIP,336,336,1,72,3528.0,20163.0,14112,9579,0.17497396220800476,0.3683056686501722
052bf94d71a91cab.jpg,Fixed,336,336,1,72,1442.0,22249.0,14112,9579,0.06481190165850151,0.15053763440860216
052bf94d71a91cab.jpg,PruneSID,336,336,1,71,2789.0,20706.0,13916,9579,0.13469525741331015,0.29115774089153357
053227f4aed1f791.jpg,DRIP,336,336,2,72,0.0,15076.0,14112,964,0.0,0.0
053227f4aed1f791.jpg,Fixed,336,336,2,72,0.0,15076.0,14112,964,0.0,0.0
053227f4aed1f791.jpg,PruneSID,336,336,2,71,154.0,14726.0,13916,964,0.010457693874779302,0.15975103734439833
0534930d836682cb.jpg,DRIP,336,336,0,72,,,14112,0,,
0534930d836682cb.jpg,Fixed,336,336,0,72,,,14112,0,,
0534930d836682cb.jpg,PruneSID,336,336,0,71,,,13916,0,,
053776773c24ca6a.jpg,DRIP,336,336,4,72,1482.0,18191.0,14112,5561,0.08146885822659557,0.26649883114547745
053776773c24ca6a.jpg,Fixed,336,336,4,72,40.0,19633.0,14112,5561,0.0020373860337187387,0.0071929509081100525
053776773c24ca6a.jpg,PruneSID,336,336,4,71,2409.0,17068.0,13916,5561,0.14114131708460276,0.4331954684409279
054a6a0f6f4a95f1.jpg,DRIP,336,336,0,72,,,14112,0,,
054a6a0f6f4a95f1.jpg,Fixed,336,336,0,72,,,14112,0,,
054a6a0f6f4a95f1.jpg,PruneSID,336,336,0,71,,,13916,0,,
0559c42c72ec4ffa.jpg,DRIP,336,336,0,72,,,14112,0,,
0559c42c72ec4ffa.jpg,Fixed,336,336,0,72,,,14112,0,,
0559c42c72ec4ffa.jpg,PruneSID,336,336,0,71,,,13916,0,,
0563b96631488ed6.jpg,DRIP,336,336,0,72,,,14112,0,,
0563b96631488ed6.jpg,Fixed,336,336,0,72,,,14112,0,,
0563b96631488ed6.jpg,PruneSID,336,336,0,71,,,13916,0,,
0568d30600d5cf11.jpg,DRIP,336,336,5,73,1694.0,16776.0,14308,4162,0.10097758702908917,0.407015857760692
0568d30600d5cf11.jpg,Fixed,336,336,5,72,473.0,17801.0,14112,4162,0.026571540924667153,0.11364728495915426
0568d30600d5cf11.jpg,PruneSID,336,336,5,71,1881.0,16197.0,13916,4162,0.11613261715132432,0.45194617972128787
0575ba5a0f293756.jpg,DRIP,336,336,1,72,303.0,14446.0,14112,637,0.0209746642669251,0.47566718995290425
0575ba5a0f293756.jpg,Fixed,336,336,1,72,0.0,14749.0,14112,637,0.0,0.0
0575ba5a0f293756.jpg,PruneSID,336,336,1,71,266.0,14287.0,13916,637,0.018618324350808426,0.4175824175824176
0578555cc80e2ecc.jpg,DRIP,336,336,0,72,,,14112,0,,
0578555cc80e2ecc.jpg,Fixed,336,336,0,72,,,14112,0,,
0578555cc80e2ecc.jpg,PruneSID,336,336,0,71,,,13916,0,,
059d35bacca0bea4.jpg,DRIP,336,336,6,73,3070.0,21093.0,14308,9855,0.14554591570663253,0.3115169964485033
059d35bacca0bea4.jpg,Fixed,336,336,6,72,1417.0,22550.0,14112,9855,0.06283813747228381,0.14378488077118215
059d35bacca0bea4.jpg,PruneSID,336,336,6,71,2396.0,21375.0,13916,9855,0.112093567251462,0.24312531709791985
05b9e8bb174bc788.jpg,DRIP,336,336,0,73,,,14308,0,,
05b9e8bb174bc788.jpg,Fixed,336,336,0,72,,,14112,0,,
05b9e8bb174bc788.jpg,PruneSID,336,336,0,71,,,13916,0,,
05c068154667aadc.jpg,DRIP,336,336,2,73,337.0,17069.0,14308,3098,0.019743394457788974,0.10877985797288574
05c068154667aadc.jpg,Fixed,336,336,2,72,793.0,16417.0,14112,3098,0.04830358774441128,0.2559715945771465
05c068154667aadc.jpg,PruneSID,336,336,2,71,859.0,16155.0,13916,3098,0.05317239244815847,0.27727566171723694
05c22ba294e5299b.jpg,DRIP,336,336,64,73,7911.0,62857.0,14308,56460,0.1258571042206914,0.14011689691817217
05c22ba294e5299b.jpg,Fixed,336,336,64,72,7418.0,63154.0,14112,56460,0.11745890996611458,0.13138505136379738
05c22ba294e5299b.jpg,PruneSID,336,336,64,71,8936.0,61440.0,13916,56460,0.14544270833333334,0.15827134254339356
05c5dcaa0f59c029.jpg,DRIP,336,336,7,72,5931.0,39381.0,14112,31200,0.15060562200045707,0.19009615384615386
05c5dcaa0f59c029.jpg,Fixed,336,336,7,72,3236.0,42076.0,14112,31200,0.07690845137370472,0.10371794871794872
05c5dcaa0f59c029.jpg,PruneSID,336,336,7,71,4422.0,40694.0,13916,31200,0.10866466801002604,0.14173076923076924
05f55cb516868623.jpg,DRIP,336,336,3,72,662.0,16621.0,14112,3171,0.039829131821190064,0.20876695048880478
05f55cb516868623.jpg,Fixed,336,336,3,72,646.0,16637.0,14112,3171,0.03882911582617058,0.20372122358877326
05f55cb516868623.jpg,PruneSID,336,336,3,71,1400.0,15687.0,13916,3171,0.0892458723784025,0.44150110375275936
05fab8d9991ca41c.jpg,DRIP,336,336,6,73,3849.0,20481.0,14308,10022,0.18793027684195107,0.3840550788265815
05fab8d9991ca41c.jpg,Fixed,336,336,6,72,1100.0,23034.0,14112,10022,0.04775549188156638,0.10975853123129116
05fab8d9991ca41c.jpg,PruneSID,336,336,6,71,2782.0,21156.0,13916,10022,0.13149933824919643,0.2775893035322291
060393adbd95ad5e.jpg,DRIP,336,336,17,72,5250.0,25057.0,14112,16195,0.20952228918066806,0.32417412781722754
060393adbd95ad5e.jpg,Fixed,336,336,17,72,2022.0,28285.0,14112,16195,0.07148665370337635,0.12485334979932078
060393adbd95ad5e.jpg,PruneSID,336,336,17,71,4078.0,26033.0,13916,16195,0.15664733223216687,0.25180611299783884
0605600b4e2cd427.jpg,DRIP,336,336,1,73,693.0,15722.0,14308,2107,0.04407836153161175,0.3289036544850498
0605600b4e2cd427.jpg,Fixed,336,336,1,72,602.0,15617.0,14112,2107,0.03854773644105782,0.2857142857142857
0605600b4e2cd427.jpg,PruneSID,336,336,1,71,1134.0,14889.0,13916,2107,0.076163610719323,0.5382059800664452
06108ddacf8b9258.jpg,DRIP,336,336,0,72,,,14112,0,,
06108ddacf8b9258.jpg,Fixed,336,336,0,72,,,14112,0,,
06108ddacf8b9258.jpg,PruneSID,336,336,0,71,,,13916,0,,
0611069bfe97ef91.jpg,DRIP,336,336,14,72,3446.0,24513.0,14112,13847,0.14057846856769876,0.24886256950964109
0611069bfe97ef91.jpg,Fixed,336,336,14,72,2058.0,25901.0,14112,13847,0.07945639164511023,0.14862425074023253
0611069bfe97ef91.jpg,PruneSID,336,336,14,71,5610.0,22153.0,13916,13847,0.2532388389834334,0.40514190799451144
0615bdf42cb27974.jpg,DRIP,336,336,1,72,231.0,14112.0,14112,231,0.01636904761904762,1.0
0615bdf42cb27974.jpg,Fixed,336,336,1,72,154.0,14189.0,14112,231,0.010853478046373951,0.6666666666666666
0615bdf42cb27974.jpg,PruneSID,336,336,1,71,210.0,13937.0,13916,231,0.015067805123053743,0.9090909090909091
0621dff7814daf99.jpg,DRIP,336,336,0,73,,,14308,0,,
0621dff7814daf99.jpg,Fixed,336,336,0,72,,,14112,0,,
0621dff7814daf99.jpg,PruneSID,336,336,0,71,,,13916,0,,
06295491ac5d1776.jpg,DRIP,336,336,4,72,2690.0,16746.0,14112,5324,0.16063537561208646,0.505259203606311
06295491ac5d1776.jpg,Fixed,336,336,4,72,384.0,19052.0,14112,5324,0.02015536426621877,0.07212622088655146
06295491ac5d1776.jpg,PruneSID,336,336,4,71,1756.0,17484.0,13916,5324,0.10043468313886983,0.32982719759579265
0631bf1ccff448a2.jpg,DRIP,336,336,1,72,3050.0,16760.0,14112,5698,0.18198090692124105,0.5352755352755353
0631bf1ccff448a2.jpg,Fixed,336,336,1,72,124.0,19686.0,14112,5698,0.006298892614040435,0.02176202176202176
0631bf1ccff448a2.jpg,PruneSID,336,336,1,71,630.0,18984.0,13916,5698,0.033185840707964605,0.11056511056511056
0632337aeecc9696.jpg,DRIP,336,336,2,72,98.0,15173.0,14112,1159,0.0064588413629473405,0.08455565142364108
0632337aeecc9696.jpg,Fixed,336,336,2,72,61.0,15210.0,14112,1159,0.00401051939513478,0.05263157894736842
0632337aeecc9696.jpg,PruneSID,336,336,2,71,448.0,14627.0,13916,1159,0.03062829014835578,0.38654012079378774
0632cdaee00bcca3.jpg,DRIP,336,336,4,73,2537.0,20892.0,14308,9121,0.12143404173846449,0.27814932573182766
0632cdaee00bcca3.jpg,Fixed,336,336,4,72,952.0,22281.0,14112,9121,0.04272698711907006,0.10437452033768227
0632cdaee00bcca3.jpg,PruneSID,336,336,4,71,2696.0,20341.0,13916,9121,0.132540189764515,0.2955816248218397
0633e99daf2103f4.jpg,DRIP,336,336,0,72,,,14112,0,,
0633e99daf2103f4.jpg,Fixed,336,336,0,72,,,14112,0,,
0633e99daf2103f4.jpg,PruneSID,336,336,0,71,,,13916,0,,
064cf4baf718ecc8.jpg,DRIP,336,336,0,73,,,14308,0,,
064cf4baf718ecc8.jpg,Fixed,336,336,0,72,,,14112,0,,
064cf4baf718ecc8.jpg,PruneSID,336,336,0,71,,,13916,0,,
064e34ad7f2fcd7b.jpg,DRIP,336,336,13,72,1594.0,22876.0,14112,10358,0.06968001398845952,0.1538907124927592
064e34ad7f2fcd7b.jpg,Fixed,336,336,13,72,1523.0,22947.0,14112,10358,0.06637033163376477,0.14703610735663256
064e34ad7f2fcd7b.jpg,PruneSID,336,336,13,71,2694.0,21580.0,13916,10358,0.12483781278962001,0.26008882023556673
065472b7e579692c.jpg,DRIP,336,336,5,72,3886.0,28160.0,14112,17934,0.1379971590909091,0.21668339466934314
065472b7e579692c.jpg,Fixed,336,336,5,72,1588.0,30458.0,14112,17934,0.052137369492415785,0.08854689416750307
065472b7e579692c.jpg,PruneSID,336,336,5,71,4525.0,27325.0,13916,17934,0.1655992680695334,0.25231404037024646
066f5833cd78c07a.jpg,DRIP,336,336,1,72,794.0,17014.0,14112,3696,0.04666745033501822,0.21482683982683984
066f5833cd78c07a.jpg,Fixed,336,336,1,72,84.0,17724.0,14112,3696,0.004739336492890996,0.022727272727272728
066f5833cd78c07a.jpg,PruneSID,336,336,1,71,1732.0,15880.0,13916,3696,0.10906801007556675,0.4686147186147186
066ffb755fca5f44.jpg,DRIP,336,336,1,72,247.0,14294.0,14112,429,0.01727997761298447,0.5757575757575758
066ffb755fca5f44.jpg,Fixed,336,336,1,72,0.0,14541.0,14112,429,0.0,0.0
066ffb755fca5f44.jpg,PruneSID,336,336,1,71,328.0,14017.0,13916,429,0.023400156952272242,0.7645687645687645
067371b2633fef26.jpg,DRIP,336,336,0,72,,,14112,0,,
067371b2633fef26.jpg,Fixed,336,336,0,72,,,14112,0,,
067371b2633fef26.jpg,PruneSID,336,336,0,71,,,13916,0,,
0673a09f8320a362.jpg,DRIP,336,336,3,72,2830.0,27404.0,14112,16122,0.10326959567946285,0.17553653392879295
0673a09f8320a362.jpg,Fixed,336,336,3,72,1969.0,28265.0,14112,16122,0.06966212630461702,0.12213124922466195
0673a09f8320a362.jpg,PruneSID,336,336,3,71,4987.0,25051.0,13916,16122,0.19907388926589756,0.3093288673861804
0675447696bece71.jpg,DRIP,336,336,2,72,2480.0,16523.0,14112,4891,0.150093808630394,0.5070537722347168
0675447696bece71.jpg,Fixed,336,336,2,72,1204.0,17799.0,14112,4891,0.06764424967694814,0.24616642813330608
0675447696bece71.jpg,PruneSID,336,336,2,71,1199.0,17608.0,13916,4891,0.06809404815992731,0.2451441423021877
0677710c25164882.jpg,DRIP,336,336,17,73,3140.0,30000.0,14308,18832,0.10466666666666667,0.1667374681393373
0677710c25164882.jpg,Fixed,336,336,17,72,2342.0,30602.0,14112,18832,0.0765309456898242,0.12436278674596432
0677710c25164882.jpg,PruneSID,336,336,17,71,6016.0,26732.0,13916,18832,0.2250486308544067,0.31945624468988953
0683afb826b21a90.jpg,DRIP,336,336,21,72,8802.0,49044.0,14112,43734,0.17947149498409593,0.20126217588146522
0683afb826b21a90.jpg,Fixed,336,336,21,72,5180.0,52666.0,14112,43734,0.09835567538829605,0.11844331641285956
0683afb826b21a90.jpg,PruneSID,336,336,21,71,8876.0,48774.0,13916,43734,0.1819822036330832,0.20295422325879178
068a8155b97899ef.jpg,DRIP,336,336,6,72,1464.0,18743.0,14112,6095,0.07810916075334792,0.2401968826907301
068a8155b97899ef.jpg,Fixed,336,336,6,72,476.0,19731.0,14112,6095,0.02412447417768993,0.07809680065627564
068a8155b97899ef.jpg,PruneSID,336,336,6,71,923.0,19088.0,13916,6095,0.04835498742665549,0.15143560295324035
06bb1fea570039b2.jpg,DRIP,336,336,3,73,472.0,15042.0,14308,1206,0.03137880600983912,0.3913764510779436
06bb1fea570039b2.jpg,Fixed,336,336,3,72,542.0,14776.0,14112,1206,0.03668110449377369,0.4494195688225539
06bb1fea570039b2.jpg,PruneSID,336,336,3,71,696.0,14426.0,13916,1206,0.04824622209898794,0.5771144278606966
06c90482f8989324.jpg,DRIP,336,336,13,73,8810.0,39025.0,14308,33527,0.22575272261370916,0.2627732872013601
06c90482f8989324.jpg,Fixed,336,336,13,72,3636.0,44003.0,14112,33527,0.08263072972297343,0.10844990604587347
06c90482f8989324.jpg,PruneSID,336,336,13,71,6134.0,41309.0,13916,33527,0.14849064368539544,0.18295701971545322
06ef84b6db9ca86d.jpg,DRIP,336,336,8,72,4667.0,26532.0,14112,17087,0.1759007990351274,0.27313162053022766
06ef84b6db9ca86d.jpg,Fixed,336,336,8,72,2624.0,28575.0,14112,17087,0.09182852143482065,0.15356703926962018
06ef84b6db9ca86d.jpg,PruneSID,336,336,8,71,4761.0,26242.0,13916,17087,0.18142672052435027,0.2786328787967461
06f92f5456da8509.jpg,DRIP,336,336,8,73,0.0,14494.0,14308,186,0.0,0.0
06f92f5456da8509.jpg,Fixed,336,336,8,72,30.0,14268.0,14112,186,0.0021026072329688814,0.16129032258064516
06f92f5456da8509.jpg,PruneSID,336,336,8,71,0.0,14102.0,13916,186,0.0,0.0
07235c06a6c11675.jpg,DRIP,336,336,0,72,,,14112,0,,
07235c06a6c11675.jpg,Fixed,336,336,0,72,,,14112,0,,
07235c06a6c11675.jpg,PruneSID,336,336,0,71,,,13916,0,,
073f8898c62f14c1.jpg,DRIP,336,336,30,72,5786.0,37264.0,14112,28938,0.15527050236152856,0.19994470937867165
073f8898c62f14c1.jpg,Fixed,336,336,30,72,3164.0,39886.0,14112,28938,0.07932607932607932,0.10933720367682633
073f8898c62f14c1.jpg,PruneSID,336,336,30,71,9496.0,33358.0,13916,28938,0.28466934468493316,0.32814983758379984
074636cc00cf5f28.jpg,DRIP,336,336,6,72,2543.0,22350.0,14112,10781,0.1137807606263982,0.23587793340135424
074636cc00cf5f28.jpg,Fixed,336,336,6,72,968.0,23925.0,14112,10781,0.04045977011494253,0.08978758927743252
074636cc00cf5f28.jpg,PruneSID,336,336,6,71,2988.0,21709.0,13916,10781,0.1376387673315215,0.27715425285224005
0748104eb11ef902.jpg,DRIP,336,336,3,73,3783.0,40795.0,14308,30270,0.09273195244515259,0.12497522299306243
0748104eb11ef902.jpg,Fixed,336,336,3,72,3123.0,41259.0,14112,30270,0.07569257616520032,0.10317145688800793
0748104eb11ef902.jpg,PruneSID,336,336,3,71,4267.0,39919.0,13916,30270,0.10689145519677347,0.1409646514701024
0748e0ea8edb0f47.jpg,DRIP,336,336,5,72,620.0,21729.0,14112,8237,0.02853329651617654,0.07527012261745782
0748e0ea8edb0f47.jpg,Fixed,336,336,5,72,1386.0,20963.0,14112,8237,0.06611649096026333,0.16826514507709117
0748e0ea8edb0f47.jpg,PruneSID,336,336,5,71,1983.0,20170.0,13916,8237,0.09831432821021319,0.24074298895228846
074b3f912a522f25.jpg,DRIP,336,336,10,72,2029.0,16626.0,14112,4543,0.12203777216408035,0.44662117543473473
074b3f912a522f25.jpg,Fixed,336,336,10,72,703.0,17952.0,14112,4543,0.03915998217468806,0.15474356152322255
074b3f912a522f25.jpg,PruneSID,336,336,10,71,3068.0,15391.0,13916,4543,0.19933727503086218,0.6753246753246753
07552784ea72df13.jpg,DRIP,336,336,0,72,,,14112,0,,
07552784ea72df13.jpg,Fixed,336,336,0,72,,,14112,0,,
07552784ea72df13.jpg,PruneSID,336,336,0,71,,,13916,0,,
0774e6038511497f.jpg,DRIP,336,336,3,72,2264.0,16394.0,14112,4546,0.13809930462364278,0.49802023757149144
0774e6038511497f.jpg,Fixed,336,336,3,72,521.0,18137.0,14112,4546,0.028725809119479518,0.11460624725032996
0774e6038511497f.jpg,PruneSID,336,336,3,71,1050.0,17412.0,13916,4546,0.06030323914541695,0.2309722833260009
07788c82bbbd1887.jpg,DRIP,336,336,3,73,4048.0,21557.0,14308,11297,0.18778123115461334,0.35832521908471276
07788c82bbbd1887.jpg,Fixed,336,336,3,72,1868.0,23541.0,14112,11297,0.07935091967206151,0.16535363370806408
07788c82bbbd1887.jpg,PruneSID,336,336,3,71,2272.0,22941.0,13916,11297,0.09903665925635326,0.2011153403558467
0787f5c493031226.jpg,DRIP,336,336,0,72,,,14112,0,,
0787f5c493031226.jpg,Fixed,336,336,0,72,,,14112,0,,
0787f5c493031226.jpg,PruneSID,336,336,0,71,,,13916,0,,
0789e1d8064d6697.jpg,DRIP,336,336,1,72,154.0,14189.0,14112,231,0.010853478046373951,0.6666666666666666
0789e1d8064d6697.jpg,Fixed,336,336,1,72,0.0,14343.0,14112,231,0.0,0.0
0789e1d8064d6697.jpg,PruneSID,336,336,1,71,154.0,13993.0,13916,231,0.011005502751375688,0.6666666666666666
078c7eaf1967610d.jpg,DRIP,336,336,1,73,56.0,15068.0,14308,816,0.0037164852667905496,0.06862745098039216
078c7eaf1967610d.jpg,Fixed,336,336,1,72,80.0,14848.0,14112,816,0.005387931034482759,0.09803921568627451
078c7eaf1967610d.jpg,PruneSID,336,336,1,71,288.0,14444.0,13916,816,0.01993907504846303,0.35294117647058826
079e8c6c050b34f6.jpg,DRIP,336,336,0,72,,,14112,0,,
079e8c6c050b34f6.jpg,Fixed,336,336,0,72,,,14112,0,,
079e8c6c050b34f6.jpg,PruneSID,336,336,0,71,,,13916,0,,
079fa558a505e01b.jpg,DRIP,336,336,0,72,,,14112,0,,
079fa558a505e01b.jpg,Fixed,336,336,0,72,,,14112,0,,
079fa558a505e01b.jpg,PruneSID,336,336,0,71,,,13916,0,,
07b6a08b4f48ff23.jpg,DRIP,336,336,0,73,,,14308,0,,
07b6a08b4f48ff23.jpg,Fixed,336,336,0,72,,,14112,0,,
07b6a08b4f48ff23.jpg,PruneSID,336,336,0,71,,,13916,0,,
07bb439545f503f0.jpg,DRIP,336,336,9,72,3982.0,27367.0,14112,17237,0.14550370884642086,0.23101467772814294
07bb439545f503f0.jpg,Fixed,336,336,9,72,2470.0,28879.0,14112,17237,0.08552927732954742,0.14329639728491037
07bb439545f503f0.jpg,PruneSID,336,336,9,71,2824.0,28329.0,13916,17237,0.09968583430407003,0.16383361373788943
07c2f3df1d3ab69c.jpg,DRIP,336,336,1,72,2155.0,15182.0,14112,3225,0.14194440785140297,0.6682170542635659
07c2f3df1d3ab69c.jpg,Fixed,336,336,1,72,306.0,17031.0,14112,3225,0.01796723621631143,0.09488372093023256
07c2f3df1d3ab69c.jpg,PruneSID,336,336,1,71,1440.0,15701.0,13916,3225,0.09171390357302082,0.44651162790697674
07d1749a2bf3626c.jpg,DRIP,336,336,6,72,322.0,15626.0,14112,1836,0.020606681172404967,0.17538126361655773
07d1749a2bf3626c.jpg,Fixed,336,336,6,72,388.0,15560.0,14112,1836,0.02493573264781491,0.2113289760348584
07d1749a2bf3626c.jpg,PruneSID,336,336,6,71,638.0,15114.0,13916,1836,0.042212518195050945,0.3474945533769063
07dbecf305f6f229.jpg,DRIP,336,336,2,72,642.0,14477.0,14112,1007,0.044346204324100295,0.637537239324727
07dbecf305f6f229.jpg,Fixed,336,336,2,72,0.0,15119.0,14112,1007,0.0,0.0
07dbecf305f6f229.jpg,PruneSID,336,336,2,71,524.0,14399.0,13916,1007,0.036391416070560456,0.5203574975173784
07e029c216b7c91f.jpg,DRIP,336,336,0,73,,,14308,0,,
07e029c216b7c91f.jpg,Fixed,336,336,0,72,,,14112,0,,
07e029c216b7c91f.jpg,PruneSID,336,336,0,71,,,13916,0,,
07e8249060927c3d.jpg,DRIP,336,336,1,73,1140.0,16483.0,14308,3315,0.06916216708123521,0.3438914027149321
07e8249060927c3d.jpg,Fixed,336,336,1,72,546.0,16881.0,14112,3315,0.032344055446952194,0.16470588235294117
07e8249060927c3d.jpg,PruneSID,336,336,1,71,645.0,16586.0,13916,3315,0.038888218979862534,0.19457013574660634
07e8b3f57c28c069.jpg,DRIP,336,336,1,72,0.0,14397.0,14112,285,0.0,0.0
07e8b3f57c28c069.jpg,Fixed,336,336,1,72,0.0,14397.0,14112,285,0.0,0.0
07e8b3f57c28c069.jpg,PruneSID,336,336,1,71,170.0,14031.0,13916,285,0.012116028793386073,0.5964912280701754
07ec166bed0945e0.jpg,DRIP,336,336,10,73,7649.0,41172.0,14308,34513,0.18578159914505005,0.22162663344247097
07ec166bed0945e0.jpg,Fixed,336,336,10,72,4408.0,44217.0,14112,34513,0.09969016441640093,0.12771998956914785
07ec166bed0945e0.jpg,PruneSID,336,336,10,71,6081.0,42348.0,13916,34513,0.14359591952394446,0.17619447744328223
07f3049deeb13d8a.jpg,DRIP,336,336,35,73,3441.0,44389.0,14308,33522,0.0775192052084976,0.10264900662251655
07f3049deeb13d8a.jpg,Fixed,336,336,35,72,4711.0,42923.0,14112,33522,0.10975467697970785,0.14053457430940874
07f3049deeb13d8a.jpg,PruneSID,336,336,35,71,8651.0,38787.0,13916,33522,0.2230386469693454,0.25806932760575146
0803b1d19fca84dd.jpg,DRIP,336,336,0,72,,,14112,0,,
0803b1d19fca84dd.jpg,Fixed,336,336,0,72,,,14112,0,,
0803b1d19fca84dd.jpg,PruneSID,336,336,0,71,,,13916,0,,
080d54e0d5b0bb85.jpg,DRIP,336,336,4,72,1700.0,16649.0,14112,4237,0.10210823472881254,0.401227283455275
080d54e0d5b0bb85.jpg,Fixed,336,336,4,72,900.0,17449.0,14112,4237,0.05157888704223738,0.2124144441822044
080d54e0d5b0bb85.jpg,PruneSID,336,336,4,71,1872.0,16281.0,13916,4237,0.11498065229408513,0.4418220438989851
082d5ca9987693f3.jpg,DRIP,336,336,12,72,6044.0,24590.0,14112,16522,0.24579097193981292,0.3658152766008958
082d5ca9987693f3.jpg,Fixed,336,336,12,72,2170.0,28464.0,14112,16522,0.07623664980326025,0.13134003147318726
082d5ca9987693f3.jpg,PruneSID,336,336,12,71,3577.0,26861.0,13916,16522,0.1331670451584081,0.21649921317031837
082e2e8813e673df.jpg,DRIP,336,336,3,72,1195.0,15099.0,14112,2182,0.0791443141929929,0.5476626947754354
082e2e8813e673df.jpg,Fixed,336,336,3,72,126.0,16168.0,14112,2182,0.007793171697179614,0.05774518790100825
082e2e8813e673df.jpg,PruneSID,336,336,3,71,1316.0,14782.0,13916,2182,0.08902719523745095,0.6031164069660861
082f5ae635a90152.jpg,DRIP,336,336,2,73,1586.0,18054.0,14308,5332,0.08784756840589343,0.29744936234058517
082f5ae635a90152.jpg,Fixed,336,336,2,72,898.0,18546.0,14112,5332,0.04842014450555376,0.168417104276069
082f5ae635a90152.jpg,PruneSID,336,336,2,71,1306.0,17942.0,13916,5332,0.07279010143796678,0.24493623405851464
0837dd5c9895cf65.jpg,DRIP,336,336,13,73,12855.0,88191.0,14308,86738,0.14576317311290268,0.14820493901173648
0837dd5c9895cf65.jpg,Fixed,336,336,13,72,10514.0,90336.0,14112,86738,0.11638770811193766,0.12121561484009316
0837dd5c9895cf65.jpg,PruneSID,336,336,13,71,11740.0,88914.0,13916,86738,0.13203769934993365,0.135350134888976
083c02085e0eb939.jpg,DRIP,336,336,5,73,5686.0,30610.0,14308,21988,0.1857562887945116,0.2585955975986902
083c02085e0eb939.jpg,Fixed,336,336,5,72,3096.0,33004.0,14112,21988,0.09380681129560053,0.1408040749499727
083c02085e0eb939.jpg,PruneSID,336,336,5,71,3094.0,32810.0,13916,21988,0.09430051813471503,0.14071311624522467
08539f255801e98c.jpg,DRIP,336,336,1,73,387.0,14944.0,14308,1023,0.025896680942184155,0.3782991202346041
08539f255801e98c.jpg,Fixed,336,336,1,72,155.0,14980.0,14112,1023,0.01034712950600801,0.15151515151515152
08539f255801e98c.jpg,PruneSID,336,336,1,71,560.0,14379.0,13916,1023,0.03894568467904583,0.5474095796676441
0867d093240389ef.jpg,DRIP,336,336,5,73,6678.0,34668.0,14308,27038,0.19262720664589825,0.24698572379613876
0867d093240389ef.jpg,Fixed,336,336,5,72,2233.0,38917.0,14112,27038,0.057378523524423776,0.08258746948738813
0867d093240389ef.jpg,PruneSID,336,336,5,71,4590.0,36364.0,13916,27038,0.12622373776262238,0.16976107700273688
0869ad20d3230712.jpg,DRIP,336,336,17,73,3643.0,24708.0,14308,14043,0.14744212400841833,0.2594175033824681
0869ad20d3230712.jpg,Fixed,336,336,17,72,1579.0,26576.0,14112,14043,0.05941450933172787,0.11244036174606566
0869ad20d3230712.jpg,PruneSID,336,336,17,71,1737.0,26222.0,13916,14043,0.06624208679734574,0.12369151890621662
0870b2b4e7309624.jpg,DRIP,336,336,9,72,3367.0,18421.0,14112,7676,0.18278052223006352,0.43863991662324125
0870b2b4e7309624.jpg,Fixed,336,336,9,72,532.0,21256.0,14112,7676,0.02502822732404968,0.06930693069306931
0870b2b4e7309624.jpg,PruneSID,336,336,9,71,2865.0,18727.0,13916,7676,0.15298766486890586,0.3732412714955706
0894dfcf5b32a4be.jpg,DRIP,336,336,1,72,1470.0,16314.0,14112,3672,0.09010665685913939,0.40032679738562094
0894dfcf5b32a4be.jpg,Fixed,336,336,1,72,1134.0,16650.0,14112,3672,0.0681081081081081,0.3088235294117647
0894dfcf5b32a4be.jpg,PruneSID,336,336,1,71,2216.0,15372.0,13916,3672,0.14415820973198024,0.6034858387799564
08a649660a0306c3.jpg,DRIP,336,336,1,72,146.0,14380.0,14112,414,0.010152990264255911,0.3526570048309179
08a649660a0306c3.jpg,Fixed,336,336,1,72,126.0,14400.0,14112,414,0.00875,0.30434782608695654
08a649660a0306c3.jpg,PruneSID,336,336,1,71,201.0,14129.0,13916,414,0.014226059876849034,0.4855072463768116
08a78728f5856899.jpg,DRIP,336,336,6,73,6520.0,26412.0,14308,18624,0.24685748902014237,0.35008591065292094
08a78728f5856899.jpg,Fixed,336,336,6,72,2352.0,30384.0,14112,18624,0.07740916271721959,0.12628865979381443
08a78728f5856899.jpg,PruneSID,336,336,6,71,4214.0,28326.0,13916,18624,0.14876791640189224,0.2262671821305842
08b4949ae43dea95.jpg,DRIP,336,336,8,73,2818.0,20271.0,14308,8781,0.1390163287454985,0.3209201685457237
08b4949ae43dea95.jpg,Fixed,336,336,8,72,1176.0,21717.0,14112,8781,0.05415112584611134,0.13392552101127433
08b4949ae43dea95.jpg,PruneSID,336,336,8,71,4056.0,18641.0,13916,8781,0.21758489351429644,0.46190638879398704
08b850040f18ae78.jpg,DRIP,336,336,3,72,1048.0,15645.0,14112,2581,0.06698625759028444,0.4060441689267726
08b850040f18ae78.jpg,Fixed,336,336,3,72,490.0,16203.0,14112,2581,0.030241313337036353,0.18984889577683067
08b850040f18ae78.jpg,PruneSID,336,336,3,71,930.0,15567.0,13916,2581,0.059741761418385046,0.3603254552499031
08be3964ac87c44e.jpg,DRIP,336,336,21,73,3061.0,33630.0,14308,22383,0.09101992268807613,0.136755573426261
08be3964ac87c44e.jpg,Fixed,336,336,21,72,2704.0,33791.0,14112,22383,0.08002130744872896,0.120805968815619
08be3964ac87c44e.jpg,PruneSID,336,336,21,71,5418.0,30881.0,13916,22383,0.1754476862795894,0.24205870526739043
08bf558ace20933b.jpg,DRIP,336,336,0,73,,,14308,0,,
08bf558ace20933b.jpg,Fixed,336,336,0,72,,,14112,0,,
08bf558ace20933b.jpg,PruneSID,336,336,0,71,,,13916,0,,
08c1190e1a2f3d89.jpg,DRIP,336,336,1,72,450.0,14778.0,14112,1116,0.030450669914738125,0.4032258064516129
08c1190e1a2f3d89.jpg,Fixed,336,336,1,72,252.0,14976.0,14112,1116,0.016826923076923076,0.22580645161290322
08c1190e1a2f3d89.jpg,PruneSID,336,336,1,71,918.0,14114.0,13916,1116,0.06504180246563696,0.8225806451612904
08c93de3c999abe0.jpg,DRIP,336,336,9,72,3378.0,21356.0,14112,10622,0.15817568833114815,0.31801920542270756
08c93de3c999abe0.jpg,Fixed,336,336,9,72,1440.0,23294.0,14112,10622,0.06181849403279815,0.13556768970062136
08c93de3c999abe0.jpg,PruneSID,336,336,9,71,2106.0,22432.0,13916,10622,0.09388373751783168,0.19826774618715873
08d54ce48aaed7ec.jpg,DRIP,336,336,25,73,5447.0,44358.0,14308,35497,0.12279633887911989,0.15344958728906669
08d54ce48aaed7ec.jpg,Fixed,336,336,25,72,4841.0,44768.0,14112,35497,0.10813527519656897,0.13637772206101925
08d54ce48aaed7ec.jpg,PruneSID,336,336,25,71,6928.0,42485.0,13916,35497,0.1630693185830293,0.19517142293714962
08edcfe24b9ac578.jpg,DRIP,336,336,1,73,2366.0,23261.0,14308,11319,0.10171531748420103,0.20902906617192332
08edcfe24b9ac578.jpg,Fixed,336,336,1,72,1358.0,24073.0,14112,11319,0.056411747601046815,0.11997526283240569
08edcfe24b9ac578.jpg,PruneSID,336,336,1,71,1232.0,24003.0,13916,11319,0.05132691746864975,0.10884353741496598
08ee5b07b308da8c.jpg,DRIP,336,336,10,72,319.0,27763.0,14112,13970,0.011490112739977668,0.02283464566929134
08ee5b07b308da8c.jpg,Fixed,336,336,10,72,1165.0,26917.0,14112,13970,0.04328119775606494,0.08339298496778812
08ee5b07b308da8c.jpg,PruneSID,336,336,10,71,2014.0,25872.0,13916,13970,0.0778447742733457,0.14416607015032212
0927336eea258d3e.jpg,DRIP,336,336,3,73,3346.0,20379.0,14308,9417,0.1641886255459051,0.3553148561112881
0927336eea258d3e.jpg,Fixed,336,336,3,72,2282.0,21247.0,14112,9417,0.10740339812679438,0.24232770521397473
0927336eea258d3e.jpg,PruneSID,336,336,3,71,1806.0,21527.0,13916,9417,0.08389464393552283,0.1917808219178082
09274cfc710a8764.jpg,DRIP,336,336,0,73,,,14308,0,,
09274cfc710a8764.jpg,Fixed,336,336,0,72,,,14112,0,,
09274cfc710a8764.jpg,PruneSID,336,336,0,71,,,13916,0,,
0932b8849163d667.jpg,DRIP,336,336,8,73,5842.0,33556.0,14308,25090,0.17409703182739303,0.2328417696293344
0932b8849163d667.jpg,Fixed,336,336,8,72,2034.0,37168.0,14112,25090,0.05472449418854929,0.08106815464328418
0932b8849163d667.jpg,PruneSID,336,336,8,71,4617.0,34389.0,13916,25090,0.13425804763151009,0.1840175368672778
0933f45a1da73085.jpg,DRIP,336,336,0,72,,,14112,0,,
0933f45a1da73085.jpg,Fixed,336,336,0,72,,,14112,0,,
0933f45a1da73085.jpg,PruneSID,336,336,0,71,,,13916,0,,
09354acec4e65010.jpg,DRIP,336,336,1,73,882.0,15001.0,14308,1575,0.058796080261315914,0.56
09354acec4e65010.jpg,Fixed,336,336,1,72,294.0,15393.0,14112,1575,0.019099590723055934,0.18666666666666668
09354acec4e65010.jpg,PruneSID,336,336,1,71,658.0,14833.0,13916,1575,0.04436054742803209,0.4177777777777778
09374ceb971c63c6.jpg,DRIP,336,336,8,72,3297.0,23022.0,14112,12207,0.1432108418034923,0.27009093143278445
09374ceb971c63c6.jpg,Fixed,336,336,8,72,1610.0,24709.0,14112,12207,0.06515844429155368,0.13189153764233635
09374ceb971c63c6.jpg,PruneSID,336,336,8,71,4445.0,21678.0,13916,12207,0.20504659101393116,0.3641353321864504
09522325600eae87.jpg,DRIP,336,336,6,73,4607.0,25636.0,14308,15935,0.1797082228116711,0.2891120175713838
09522325600eae87.jpg,Fixed,336,336,6,72,1783.0,28264.0,14112,15935,0.0630837814888197,0.11189206149984311
09522325600eae87.jpg,PruneSID,336,336,6,71,2377.0,27474.0,13916,15935,0.08651816262648322,0.14916849701914026
09562eaa8ca00eaf.jpg,DRIP,336,336,6,73,5709.0,55556.0,14308,46957,0.10276117791057672,0.1215793172476947
09562eaa8ca00eaf.jpg,Fixed,336,336,6,72,6062.0,55007.0,14112,46957,0.11020415583471195,0.12909683327299445
09562eaa8ca00eaf.jpg,PruneSID,336,336,6,71,5904.0,54969.0,13916,46957,0.10740599246848223,0.12573205272909257
095c2c6b32ffa8d1.jpg,DRIP,336,336,1,73,456.0,14380.0,14308,528,0.03171070931849791,0.8636363636363636
095c2c6b32ffa8d1.jpg,Fixed,336,336,1,72,136.0,14504.0,14112,528,0.009376723662437948,0.25757575757575757
095c2c6b32ffa8d1.jpg,PruneSID,336,336,1,71,274.0,14170.0,13916,528,0.01933662667607622,0.5189393939393939
09633b5033c39b07.jpg,DRIP,336,336,2,72,574.0,15779.0,14112,2241,0.03637746371759934,0.25613565372601516
09633b5033c39b07.jpg,Fixed,336,336,2,72,378.0,15975.0,14112,2241,0.023661971830985916,0.1686746987951807
09633b5033c39b07.jpg,PruneSID,336,336,2,71,522.0,15635.0,13916,2241,0.03338663255516469,0.23293172690763053
096c5a920933f198.jpg,DRIP,336,336,17,73,7480.0,60579.0,14308,53751,0.12347513164628006,0.1391602016706666
096c5a920933f198.jpg,Fixed,336,336,17,72,6460.0,61403.0,14112,53751,0.10520658599742684,0.12018381053375751
096c5a920933f198.jpg,PruneSID,336,336,17,71,7968.0,59699.0,13916,53751,0.1334695723546458,0.14823910252832506
096fbf748b37cf7b.jpg,DRIP,336,336,0,72,,,14112,0,,
096fbf748b37cf7b.jpg,Fixed,336,336,0,72,,,14112,0,,
096fbf748b37cf7b.jpg,PruneSID,336,336,0,71,,,13916,0,,
0974082246f31594.jpg,DRIP,336,336,8,72,692.0,18261.0,14112,4841,0.037894967416899406,0.1429456723817393
0974082246f31594.jpg,Fixed,336,336,8,72,436.0,18517.0,14112,4841,0.023545930766322838,0.09006403635612477
0974082246f31594.jpg,PruneSID,336,336,8,71,1567.0,17190.0,13916,4841,0.09115764979639325,0.32369345176616404
099d83e3f4c0f783.jpg,DRIP,336,336,6,73,1667.0,21736.0,14308,9095,0.07669304379830695,0.18328752061572293
099d83e3f4c0f783.jpg,Fixed,336,336,6,72,1665.0,21542.0,14112,9095,0.07729087364218735,0.18306761957119297
099d83e3f4c0f783.jpg,PruneSID,336,336,6,71,2315.0,20696.0,13916,9095,0.11185736374178586,0.25453545904343045
099edb8b52a7adbd.jpg,DRIP,336,336,20,72,3618.0,32759.0,14112,22265,0.11044293171342226,0.16249719290366046
099edb8b52a7adbd.jpg,Fixed,336,336,20,72,2582.0,33795.0,14112,22265,0.07640183459091582,0.11596676397933978
099edb8b52a7adbd.jpg,PruneSID,336,336,20,71,4268.0,31913.0,13916,22265,0.1337386018237082,0.19169099483494273
09a4873f981043ac.jpg,DRIP,336,336,7,72,5466.0,26876.0,14112,18230,0.2033784789403185,0.29983543609435
09a4873f981043ac.jpg,Fixed,336,336,7,72,2612.0,29730.0,14112,18230,0.08785738311469896,0.14328030718595722
09a4873f981043ac.jpg,PruneSID,336,336,7,71,3670.0,28476.0,13916,18230,0.12888046073886783,0.20131651124520022
09a49bc5cf58b847.jpg,DRIP,336,336,3,72,1158.0,15163.0,14112,2209,0.07637011145551671,0.5242191036668176
09a49bc5cf58b847.jpg,Fixed,336,336,3,72,210.0,16111.0,14112,2209,0.013034572652225188,0.09506564056133997
09a49bc5cf58b847.jpg,PruneSID,336,336,3,71,1779.0,14346.0,13916,2209,0.12400669176076955,0.8053417836124943
09b6b0f5e77c1bde.jpg,DRIP,336,336,0,73,,,14308,0,,
09b6b0f5e77c1bde.jpg,Fixed,336,336,0,72,,,14112,0,,
09b6b0f5e77c1bde.jpg,PruneSID,336,336,0,71,,,13916,0,,
09c0fa0cdd1d6a3f.jpg,DRIP,336,336,0,73,,,14308,0,,
09c0fa0cdd1d6a3f.jpg,Fixed,336,336,0,72,,,14112,0,,
09c0fa0cdd1d6a3f.jpg,PruneSID,336,336,0,71,,,13916,0,,
09c6d3c9f9d9dce3.jpg,DRIP,336,336,3,72,4374.0,25875.0,14112,16137,0.16904347826086957,0.27105409927495816
09c6d3c9f9d9dce3.jpg,Fixed,336,336,3,72,1622.0,28627.0,14112,16137,0.056659796695427395,0.10051434591311892
09c6d3c9f9d9dce3.jpg,PruneSID,336,336,3,71,2215.0,27838.0,13916,16137,0.07956749766506215,0.1372621924769164
09d87af81aa6b8cd.jpg,DRIP,336,336,5,72,2534.0,18260.0,14112,6682,0.13877327491785324,0.37922777611493563
09d87af81aa6b8cd.jpg,Fixed,336,336,5,72,1044.0,19750.0,14112,6682,0.05286075949367089,0.15624064651302005
09d87af81aa6b8cd.jpg,PruneSID,336,336,5,71,2756.0,17842.0,13916,6682,0.15446698800582895,0.41245136186770426
09da9293dfe128d3.jpg,DRIP,336,336,12,73,2767.0,19275.0,14308,7734,0.1435538261997406,0.35777088182053274
09da9293dfe128d3.jpg,Fixed,336,336,12,72,414.0,21432.0,14112,7734,0.01931690929451288,0.05352986811481769
09da9293dfe128d3.jpg,PruneSID,336,336,12,71,2762.0,18888.0,13916,7734,0.1462304108428632,0.35712438582880784
09e15efd7a028959.jpg,DRIP,336,336,2,73,3342.0,19014.0,14308,8048,0.175765225623225,0.41525844930417494
09e15efd7a028959.jpg,Fixed,336,336,2,72,546.0,21614.0,14112,8048,0.02526140464513741,0.06784294234592446
09e15efd7a028959.jpg,PruneSID,336,336,2,71,868.0,21096.0,13916,8048,0.041145240803943876,0.10785288270377734
09ea9a1da7ee28e3.jpg,DRIP,336,336,4,72,1481.0,16088.0,14112,3457,0.09205619094977623,0.4284061324848134
09ea9a1da7ee28e3.jpg,Fixed,336,336,4,72,570.0,16999.0,14112,3457,0.033531384199070535,0.1648828463986115
09ea9a1da7ee28e3.jpg,PruneSID,336,336,4,71,2319.0,15054.0,13916,3457,0.15404543642885613,0.67081284350593
09ee0248306a8342.jpg,DRIP,336,336,1,72,182.0,17046.0,14112,3116,0.010676991669599905,0.05840821566110398
09ee0248306a8342.jpg,Fixed,336,336,1,72,110.0,17118.0,14112,3116,0.006425984343965417,0.03530166880616174
09ee0248306a8342.jpg,PruneSID,336,336,1,71,734.0,16298.0,13916,3116,0.04503620076082955,0.2355584082156611
0a011acfe30b66c0.jpg,DRIP,336,336,2,73,4616.0,25308.0,14308,15616,0.1823929192350245,0.29559426229508196
0a011acfe30b66c0.jpg,Fixed,336,336,2,72,1848.0,27880.0,14112,15616,0.06628407460545194,0.11834016393442623
0a011acfe30b66c0.jpg,PruneSID,336,336,2,71,4900.0,24632.0,13916,15616,0.1989282234491718,0.31378073770491804
0a1789cf1519aa0b.jpg,DRIP,336,336,2,72,2601.0,23250.0,14112,11739,0.11187096774193549,0.22156912854587274
0a1789cf1519aa0b.jpg,Fixed,336,336,2,72,1340.0,24511.0,14112,11739,0.05466933213659173,0.11414941647499786
0a1789cf1519aa0b.jpg,PruneSID,336,336,2,71,2058.0,23597.0,13916,11739,0.08721447641649362,0.17531305903398928
0a2e7e1ac12be6fe.jpg,DRIP,336,336,13,72,5688.0,36464.0,14112,28040,0.15598946906537955,0.20285306704707562
0a2e7e1ac12be6fe.jpg,Fixed,336,336,13,72,4915.0,37237.0,14112,28040,0.1319923731772162,0.17528530670470757
0a2e7e1ac12be6fe.jpg,PruneSID,336,336,13,71,4577.0,37379.0,13916,28040,0.12244843361245619,0.16323109843081313
0a3a78a1db7b299b.jpg,DRIP,336,336,3,73,322.0,17052.0,14308,3066,0.018883415435139574,0.1050228310502283
0a3a78a1db7b299b.jpg,Fixed,336,336,3,72,588.0,16590.0,14112,3066,0.035443037974683546,0.1917808219178082
0a3a78a1db7b299b.jpg,PruneSID,336,336,3,71,1044.0,15938.0,13916,3066,0.06550382733090726,0.3405088062622309
0a65ea998e489351.jpg,DRIP,336,336,6,73,10528.0,41309.0,14308,37529,0.2548597158004309,0.28052972368035384
0a65ea998e489351.jpg,Fixed,336,336,6,72,4704.0,46937.0,14112,37529,0.10021944308328185,0.12534306802739215
0a65ea998e489351.jpg,PruneSID,336,336,6,71,6385.0,45060.0,13916,37529,0.14169995561473592,0.17013509552612646
0a760d8855369167.jpg,DRIP,336,336,2,72,1648.0,15320.0,14112,2856,0.10757180156657964,0.5770308123249299
0a760d8855369167.jpg,Fixed,336,336,2,72,281.0,16687.0,14112,2856,0.01683945586384611,0.09838935574229692
0a760d8855369167.jpg,PruneSID,336,336,2,71,1696.0,15076.0,13916,2856,0.11249668347041655,0.5938375350140056
0a8200fed8113631.jpg,DRIP,336,336,2,73,1252.0,16458.0,14308,3402,0.07607242678332726,0.3680188124632569
0a8200fed8113631.jpg,Fixed,336,336,2,72,643.0,16871.0,14112,3402,0.03811273783415328,0.18900646678424457
0a8200fed8113631.jpg,PruneSID,336,336,2,71,886.0,16432.0,13916,3402,0.053919182083739046,0.260435038212816
0a87be85601d6fb5.jpg,DRIP,336,336,2,72,3044.0,15695.0,14112,4627,0.19394711691621536,0.6578776745191268
0a87be85601d6fb5.jpg,Fixed,336,336,2,72,712.0,18027.0,14112,4627,0.039496311088922174,0.15387940350118867
0a87be85601d6fb5.jpg,PruneSID,336,336,2,71,1568.0,16975.0,13916,4627,0.09237113402061856,0.3388804841149773
0a9e38ebdc5bbbf4.jpg,DRIP,336,336,2,72,2653.0,18951.0,14112,7492,0.13999261252704343,0.3541110517885745
0a9e38ebdc5bbbf4.jpg,Fixed,336,336,2,72,1223.0,20381.0,14112,7492,0.06000686914282911,0.16324079017618792
0a9e38ebdc5bbbf4.jpg,PruneSID,336,336,2,71,1433.0,19975.0,13916,7492,0.07173967459324156,0.1912706887346503
0aaf4bf5749009f2.jpg,DRIP,336,336,1,72,451.0,14126.0,14112,465,0.03192694322525839,0.9698924731182795
0aaf4bf5749009f2.jpg,Fixed,336,336,1,72,70.0,14507.0,14112,465,0.004825256772592541,0.15053763440860216
0aaf4bf5749009f2.jpg,PruneSID,336,336,1,71,446.0,13935.0,13916,465,0.032005740940078936,0.9591397849462365
0ac5b4900fb6d221.jpg,DRIP,336,336,1,73,250.0,15111.0,14308,1053,0.016544239295877176,0.23741690408357075
0ac5b4900fb6d221.jpg,Fixed,336,336,1,72,182.0,14983.0,14112,1053,0.012147100046719615,0.1728395061728395
0ac5b4900fb6d221.jpg,PruneSID,336,336,1,71,626.0,14343.0,13916,1053,0.04364498361570104,0.5944919278252612
0ae356303ed275a6.jpg,DRIP,336,336,1,72,582.0,14202.0,14112,672,0.0409801436417406,0.8660714285714286
0ae356303ed275a6.jpg,Fixed,336,336,1,72,168.0,14616.0,14112,672,0.011494252873563218,0.25
0ae356303ed275a6.jpg,PruneSID,336,336,1,71,258.0,14330.0,13916,672,0.018004187020237265,0.38392857142857145
0af6f6c6d7aacd60.jpg,DRIP,336,336,0,73,,,14308,0,,
0af6f6c6d7aacd60.jpg,Fixed,336,336,0,72,,,14112,0,,
0af6f6c6d7aacd60.jpg,PruneSID,336,336,0,71,,,13916,0,,
0affdf85ae6f4fa6.jpg,DRIP,336,336,1,73,420.0,14683.0,14308,795,0.02860450861540557,0.5283018867924528
0affdf85ae6f4fa6.jpg,Fixed,336,336,1,72,0.0,14907.0,14112,795,0.0,0.0
0affdf85ae6f4fa6.jpg,PruneSID,336,336,1,71,462.0,14249.0,13916,795,0.032423327952838796,0.5811320754716981
0b17193c820ded62.jpg,DRIP,336,336,2,73,2054.0,16114.0,14308,3860,0.12746679905672087,0.5321243523316063
0b17193c820ded62.jpg,Fixed,336,336,2,72,616.0,17356.0,14112,3860,0.035492048859184146,0.15958549222797927
0b17193c820ded62.jpg,PruneSID,336,336,2,71,1992.0,15784.0,13916,3860,0.12620375063355296,0.5160621761658031
0b1b19c7ee063044.jpg,DRIP,336,336,1,72,32.0,14509.0,14112,429,0.0022055276035564133,0.07459207459207459
0b1b19c7ee063044.jpg,Fixed,336,336,1,72,0.0,14541.0,14112,429,0.0,0.0
0b1b19c7ee063044.jpg,PruneSID,336,336,1,71,326.0,14019.0,13916,429,0.023254155075255013,0.7599067599067599
0b1b4f0d929b4ec3.jpg,DRIP,336,336,1,72,135.0,14342.0,14112,365,0.009412913122298146,0.3698630136986301
0b1b4f0d929b4ec3.jpg,Fixed,336,336,1,72,70.0,14407.0,14112,365,0.004858749219129589,0.1917808219178082
0b1b4f0d929b4ec3.jpg,PruneSID,336,336,1,71,140.0,14141.0,13916,365,0.009900289937062443,0.3835616438356164
0b5acada7a520860.jpg,DRIP,336,336,3,72,7124.0,36409.0,14112,29421,0.19566590678129034,0.2421399680500323
0b5acada7a520860.jpg,Fixed,336,336,3,72,3740.0,39793.0,14112,29421,0.09398637951398488,0.12712008429353183
0b5acada7a520860.jpg,PruneSID,336,336,3,71,5124.0,38213.0,13916,29421,0.13409049276424254,0.17416131334760884
0b5e46166ce7de22.jpg,DRIP,336,336,3,73,930.0,15816.0,14308,2438,0.05880121396054628,0.38146021328958163
0b5e46166ce7de22.jpg,Fixed,336,336,3,72,555.0,15995.0,14112,2438,0.03469834323226008,0.2276456111566858
0b5e46166ce7de22.jpg,PruneSID,336,336,3,71,1244.0,15110.0,13916,2438,0.08232958305757776,0.5102543068088597
0b5fe5a1d237ac27.jpg,DRIP,336,336,2,73,5642.0,23499.0,14308,14833,0.24009532320524277,0.3803680981595092
0b5fe5a1d237ac27.jpg,Fixed,336,336,2,72,1916.0,27029.0,14112,14833,0.0708868252617559,0.12917144205487763
0b5fe5a1d237ac27.jpg,PruneSID,336,336,2,71,2240.0,26509.0,13916,14833,0.08449960390810668,0.1510146295422369
0b800f1cafabd16c.jpg,DRIP,336,336,0,73,,,14308,0,,
0b800f1cafabd16c.jpg,Fixed,336,336,0,72,,,14112,0,,
0b800f1cafabd16c.jpg,PruneSID,336,336,0,71,,,13916,0,,
0b8c0c8f53304636.jpg,DRIP,336,336,12,73,1770.0,25306.0,14308,12768,0.06994388682525883,0.13862781954887218
0b8c0c8f53304636.jpg,Fixed,336,336,12,72,1106.0,25774.0,14112,12768,0.042911461162411735,0.08662280701754387
0b8c0c8f53304636.jpg,PruneSID,336,336,12,71,3103.0,23581.0,13916,12768,0.1315889911369323,0.24302944862155387
0b8ccc48f8249011.jpg,DRIP,336,336,2,72,1708.0,15815.0,14112,3411,0.10799873537780588,0.5007329228965113
0b8ccc48f8249011.jpg,Fixed,336,336,2,72,422.0,17101.0,14112,3411,0.024676919478393077,0.12371738493110525
0b8ccc48f8249011.jpg,PruneSID,336,336,2,71,1467.0,15860.0,13916,3411,0.0924968474148802,0.43007915567282323
0b9a494c78985373.jpg,DRIP,336,336,9,72,4435.0,26981.0,14112,17304,0.16437493050665283,0.2562991215903837
0b9a494c78985373.jpg,Fixed,336,336,9,72,1976.0,29440.0,14112,17304,0.0671195652173913,0.11419325011558021
0b9a494c78985373.jpg,PruneSID,336,336,9,71,4776.0,26444.0,13916,17304,0.18060807744667978,0.27600554785020803
0b9d91fc5fe41d40.jpg,DRIP,336,336,0,72,,,14112,0,,
0b9d91fc5fe41d40.jpg,Fixed,336,336,0,72,,,14112,0,,
0b9d91fc5fe41d40.jpg,PruneSID,336,336,0,71,,,13916,0,,
0bbf5bbf011d1aff.jpg,DRIP,336,336,4,73,567.0,20793.0,14308,7052,0.02726879238205165,0.08040272263187748
0bbf5bbf011d1aff.jpg,Fixed,336,336,4,72,822.0,20342.0,14112,7052,0.040409005997443716,0.11656267725467952
0bbf5bbf011d1aff.jpg,PruneSID,336,336,4,71,920.0,20048.0,13916,7052,0.045889864325618514,0.130459444129325
0bcbb7362e9f74a4.jpg,DRIP,336,336,1,72,1150.0,14843.0,14112,1881,0.07747759886815334,0.6113769271664008
0bcbb7362e9f74a4.jpg,Fixed,336,336,1,72,574.0,15419.0,14112,1881,0.03722679810623257,0.30515683147262096
0bcbb7362e9f74a4.jpg,PruneSID,336,336,1,71,1080.0,14717.0,13916,1881,0.07338452130189577,0.5741626794258373
0bd9b1ffd0939c77.jpg,DRIP,336,336,3,72,1506.0,18547.0,14112,5941,0.08119911575996118,0.25349267800033665
0bd9b1ffd0939c77.jpg,Fixed,336,336,3,72,1260.0,18793.0,14112,5941,0.067046240621508,0.21208550749032148
0bd9b1ffd0939c77.jpg,PruneSID,336,336,3,71,1190.0,18667.0,13916,5941,0.06374886162747094,0.20030297929641475
0be9be6930537bf8.jpg,DRIP,336,336,6,73,11412.0,83676.0,14308,80780,0.13638319231320808,0.14127259222579847
0be9be6930537bf8.jpg,Fixed,336,336,6,72,10500.0,84392.0,14112,80780,0.12441937624419376,0.12998266897746968
0be9be6930537bf8.jpg,PruneSID,336,336,6,71,8745.0,85951.0,13916,80780,0.10174401693988436,0.10825699430552117
0bfd8d9d21774a40.jpg,DRIP,336,336,0,73,,,14308,0,,
0bfd8d9d21774a40.jpg,Fixed,336,336,0,72,,,14112,0,,
0bfd8d9d21774a40.jpg,PruneSID,336,336,0,71,,,13916,0,,
0c072bab03db743d.jpg,DRIP,336,336,4,72,4014.0,17568.0,14112,7470,0.22848360655737704,0.5373493975903615
0c072bab03db743d.jpg,Fixed,336,336,4,72,879.0,20703.0,14112,7470,0.04245761483842921,0.1176706827309237
0c072bab03db743d.jpg,PruneSID,336,336,4,71,2702.0,18684.0,13916,7470,0.14461571397987583,0.36171352074966534
0c07e2a99c5e169b.jpg,DRIP,336,336,0,72,,,14112,0,,
0c07e2a99c5e169b.jpg,Fixed,336,336,0,72,,,14112,0,,
0c07e2a99c5e169b.jpg,PruneSID,336,336,0,71,,,13916,0,,
0c0a22bfd0da315a.jpg,DRIP,336,336,13,73,5634.0,26990.0,14308,18316,0.20874397925157465,0.3075999126446822
0c0a22bfd0da315a.jpg,Fixed,336,336,13,72,1624.0,30804.0,14112,18316,0.05272042591871186,0.08866564752129286
0c0a22bfd0da315a.jpg,PruneSID,336,336,13,71,5166.0,27066.0,13916,18316,0.1908667701174906,0.28204848220135403
0c0f40dde4a4e770.jpg,DRIP,336,336,3,73,582.0,15268.0,14308,1542,0.038118941577154834,0.377431906614786
0c0f40dde4a4e770.jpg,Fixed,336,336,3,72,350.0,15304.0,14112,1542,0.02286983795086252,0.22697795071335927
0c0f40dde4a4e770.jpg,PruneSID,336,336,3,71,1267.0,14191.0,13916,1542,0.08928193925727573,0.8216601815823605
0c1b0e699f06697d.jpg,DRIP,336,336,2,72,8708.0,38332.0,14112,32928,0.22717311906501095,0.26445578231292516
0c1b0e699f06697d.jpg,Fixed,336,336,2,72,3976.0,43064.0,14112,32928,0.09232769830949285,0.12074829931972789
0c1b0e699f06697d.jpg,PruneSID,336,336,2,71,5012.0,41832.0,13916,32928,0.11981258366800536,0.1522108843537415
0c361d81cb133966.jpg,DRIP,336,336,36,73,4125.0,35805.0,14308,25622,0.1152073732718894,0.1609944578877527
0c361d81cb133966.jpg,Fixed,336,336,36,72,3059.0,36675.0,14112,25622,0.08340831629175187,0.11938958707360861
0c361d81cb133966.jpg,PruneSID,336,336,36,71,3490.0,36048.0,13916,25622,0.09681535730137594,0.13621106861291077
0c3db9bec09056a6.jpg,DRIP,336,336,8,72,2467.0,22839.0,14112,11194,0.10801698848460965,0.22038592102912274
0c3db9bec09056a6.jpg,Fixed,336,336,8,72,1610.0,23696.0,14112,11194,0.06794395678595544,0.1438270502054672
0c3db9bec09056a6.jpg,PruneSID,336,336,8,71,4732.0,20378.0,13916,11194,0.23221120816566887,0.42272646060389496
0c45409a7cc37e6d.jpg,DRIP,336,336,33,72,5759.0,36873.0,14112,28520,0.15618474222330703,0.20192847124824684
0c45409a7cc37e6d.jpg,Fixed,336,336,33,72,3548.0,39084.0,14112,28520,0.0907788353290349,0.1244039270687237
0c45409a7cc37e6d.jpg,PruneSID,336,336,33,71,7520.0,34916.0,13916,28520,0.2153740405544736,0.26367461430575034
0c487825b9d232a2.jpg,DRIP,336,336,5,73,5455.0,33385.0,14308,24532,0.163396735060656,0.2223626284037176
0c487825b9d232a2.jpg,Fixed,336,336,5,72,2478.0,36166.0,14112,24532,0.06851739202565946,0.10101092450676667
0c487825b9d232a2.jpg,PruneSID,336,336,5,71,3143.0,35305.0,13916,24532,0.08902421753292734,0.12811837599869558
0c53666a50fad4c3.jpg,DRIP,336,336,2,73,182.0,18442.0,14308,4316,0.009868777789827567,0.04216867469879518
0c53666a50fad4c3.jpg,Fixed,336,336,2,72,0.0,18428.0,14112,4316,0.0,0.0
0c53666a50fad4c3.jpg,PruneSID,336,336,2,71,310.0,17922.0,13916,4316,0.01729717665439125,0.07182576459684893
0c679c45d63160da.jpg,DRIP,336,336,1,72,1092.0,18214.0,14112,5194,0.05995388162951576,0.21024258760107817
0c679c45d63160da.jpg,Fixed,336,336,1,72,686.0,18620.0,14112,5194,0.03684210526315789,0.1320754716981132
0c679c45d63160da.jpg,PruneSID,336,336,1,71,1050.0,18060.0,13916,5194,0.05813953488372093,0.20215633423180593
0c6811449009da07.jpg,DRIP,336,336,3,72,3332.0,18670.0,14112,7890,0.17846813069094805,0.4223067173637516
0c6811449009da07.jpg,Fixed,336,336,3,72,1120.0,20882.0,14112,7890,0.05363470931903074,0.14195183776932827
0c6811449009da07.jpg,PruneSID,336,336,3,71,2114.0,19692.0,13916,7890,0.10735323989437336,0.2679340937896071
0c7213bc3ba24e4e.jpg,DRIP,336,336,1,73,9156.0,48888.0,14308,43736,0.1872852233676976,0.2093469910371319
0c7213bc3ba24e4e.jpg,Fixed,336,336,1,72,5460.0,52388.0,14112,43736,0.1042223409941208,0.12483994878361075
0c7213bc3ba24e4e.jpg,PruneSID,336,336,1,71,8512.0,49140.0,13916,43736,0.17321937321937322,0.1946222791293214
0c79d14997de3e0e.jpg,DRIP,336,336,2,72,1064.0,17490.0,14112,4442,0.06083476272155518,0.2395317424583521
0c79d14997de3e0e.jpg,Fixed,336,336,2,72,700.0,17854.0,14112,4442,0.039206900414472945,0.15758667266996848
0c79d14997de3e0e.jpg,PruneSID,336,336,2,71,1456.0,16902.0,13916,4442,0.0861436516388593,0.32778027915353447
0c92b40f1cbcebca.jpg,DRIP,336,336,5,73,1212.0,22542.0,14308,9446,0.053766302901251,0.12830827863645988
0c92b40f1cbcebca.jpg,Fixed,336,336,5,72,1944.0,21614.0,14112,9446,0.08994170445081891,0.20580139741689604
0c92b40f1cbcebca.jpg,PruneSID,336,336,5,71,2415.0,20947.0,13916,9446,0.1152909724542894,0.2556637730256193
0c9f6ea418ef845c.jpg,DRIP,336,336,2,72,4309.0,15670.0,14112,5867,0.27498404594767073,0.7344469064257713
0c9f6ea418ef845c.jpg,Fixed,336,336,2,72,98.0,19881.0,14112,5867,0.004929329510587999,0.016703596386568945
0c9f6ea418ef845c.jpg,PruneSID,336,336,2,71,938.0,18845.0,13916,5867,0.049774475988325816,0.15987727970001706
0ca52edcaf78bacd.jpg,DRIP,336,336,1,73,714.0,15392.0,14308,1798,0.04638773388773389,0.3971078976640712
0ca52edcaf78bacd.jpg,Fixed,336,336,1,72,0.0,15910.0,14112,1798,0.0,0.0
0ca52edcaf78bacd.jpg,PruneSID,336,336,1,71,748.0,14966.0,13916,1798,0.04997995456367767,0.41601779755283647
0ccb326b95b9f723.jpg,DRIP,336,336,7,73,1703.0,20567.0,14308,7962,0.08280254777070063,0.2138909821652851
0ccb326b95b9f723.jpg,Fixed,336,336,7,72,1663.0,20411.0,14112,7962,0.08147567488119152,0.20886711881436826
0ccb326b95b9f723.jpg,PruneSID,336,336,7,71,1653.0,20225.0,13916,7962,0.08173053152039556,0.20761115297663904
0ccc4008a5d288b7.jpg,DRIP,336,336,11,72,1590.0,19963.0,14112,7441,0.07964734759304713,0.213680956860637
0ccc4008a5d288b7.jpg,Fixed,336,336,11,72,1363.0,20190.0,14112,7441,0.06750866765725606,0.18317430452896116
0ccc4008a5d288b7.jpg,PruneSID,336,336,11,71,2184.0,19173.0,13916,7441,0.11391018619934283,0.29350893697083724
0ccda2c22084fa1b.jpg,DRIP,336,336,6,72,0.0,17449.0,14112,3337,0.0,0.0
0ccda2c22084fa1b.jpg,Fixed,336,336,6,72,553.0,16896.0,14112,3337,0.03272964015151515,0.16571771051842973
0ccda2c22084fa1b.jpg,PruneSID,336,336,6,71,413.0,16840.0,13916,3337,0.024524940617577196,0.1237638597542703
0cd2df8f20370a71.jpg,DRIP,336,336,3,72,0.0,15041.0,14112,929,0.0,0.0
0cd2df8f20370a71.jpg,Fixed,336,336,3,72,112.0,14929.0,14112,929,0.007502176970996048,0.12055974165769645
0cd2df8f20370a71.jpg,PruneSID,336,336,3,71,286.0,14559.0,13916,929,0.01964420633285253,0.3078579117330463
0cdeebede5b0ae90.jpg,DRIP,336,336,1,73,9828.0,44800.0,14308,40320,0.219375,0.24375
0cdeebede5b0ae90.jpg,Fixed,336,336,1,72,5040.0,49392.0,14112,40320,0.10204081632653061,0.125
0cdeebede5b0ae90.jpg,PruneSID,336,336,1,71,7700.0,46536.0,13916,40320,0.1654632972322503,0.1909722222222222
0ce9cc328b874813.jpg,DRIP,336,336,8,73,4578.0,19918.0,14308,10188,0.22984235364996486,0.4493521790341578
0ce9cc328b874813.jpg,Fixed,336,336,8,72,1431.0,22869.0,14112,10188,0.06257378984651712,0.14045936395759717
0ce9cc328b874813.jpg,PruneSID,336,336,8,71,2813.0,21291.0,13916,10188,0.13212155370813958,0.2761091480172752
0cea2ec3b42a7e66.jpg,DRIP,336,336,1,72,868.0,28496.0,14112,15252,0.030460415496911846,0.056910569105691054
0cea2ec3b42a7e66.jpg,Fixed,336,336,1,72,2400.0,26964.0,14112,15252,0.08900756564307966,0.15735641227380015
0cea2ec3b42a7e66.jpg,PruneSID,336,336,1,71,2240.0,26928.0,13916,15252,0.08318478906714201,0.14686598478888016
0cf0e6eb33936e09.jpg,DRIP,336,336,3,72,810.0,15066.0,14112,1764,0.053763440860215055,0.45918367346938777
0cf0e6eb33936e09.jpg,Fixed,336,336,3,72,210.0,15666.0,14112,1764,0.013404825737265416,0.11904761904761904
0cf0e6eb33936e09.jpg,PruneSID,336,336,3,71,1105.0,14575.0,13916,1764,0.0758147512864494,0.6264172335600907
0cf6d2c75944bfe7.jpg,DRIP,336,336,0,73,,,14308,0,,
0cf6d2c75944bfe7.jpg,Fixed,336,336,0,72,,,14112,0,,
0cf6d2c75944bfe7.jpg,PruneSID,336,336,0,71,,,13916,0,,
0cfcc3e95732bf8d.jpg,DRIP,336,336,11,72,12688.0,87627.0,14112,86203,0.14479555388179444,0.14718745287286986
0cfcc3e95732bf8d.jpg,Fixed,336,336,11,72,11298.0,89017.0,14112,86203,0.12691957715941898,0.1310627240351264
0cfcc3e95732bf8d.jpg,PruneSID,336,336,11,71,13216.0,86903.0,13916,86203,0.15207760376511742,0.15331252972634363
0d1503073391e033.jpg,DRIP,336,336,3,72,1268.0,16095.0,14112,3251,0.07878223050636844,0.39003383574284833
0d1503073391e033.jpg,Fixed,336,336,3,72,510.0,16853.0,14112,3251,0.03026167447932119,0.1568748077514611
0d1503073391e033.jpg,PruneSID,336,336,3,71,954.0,16213.0,13916,3251,0.05884167026460248,0.2934481697939096
0d199e9a75bee0ba.jpg,DRIP,336,336,7,73,2436.0,19810.0,14308,7938,0.12296819787985866,0.30687830687830686
0d199e9a75bee0ba.jpg,Fixed,336,336,7,72,896.0,21154.0,14112,7938,0.042356055592322965,0.1128747795414462
0d199e9a75bee0ba.jpg,PruneSID,336,336,7,71,2456.0,19398.0,13916,7938,0.12661099082379626,0.30939783320735703
0d20d47e6e9cdfce.jpg,DRIP,336,336,4,73,7116.0,60032.0,14308,52840,0.11853678038379531,0.13467070401211204
0d20d47e6e9cdfce.jpg,Fixed,336,336,4,72,7890.0,59062.0,14112,52840,0.13358843249466662,0.14931869795609387
0d20d47e6e9cdfce.jpg,PruneSID,336,336,4,71,5203.0,61553.0,13916,52840,0.08452878007570712,0.0984670704012112
0d3dde7efae13592.jpg,DRIP,336,336,20,73,1072.0,19413.0,14308,6177,0.055220728377891104,0.17354702930225027
0d3dde7efae13592.jpg,Fixed,336,336,20,72,1195.0,19094.0,14112,6177,0.06258510526867078,0.19345960822405697
0d3dde7efae13592.jpg,PruneSID,336,336,20,71,2264.0,17829.0,13916,6177,0.12698412698412698,0.36652096486967783
0d3eb38d0b288091.jpg,DRIP,336,336,3,72,6468.0,37373.0,14112,29729,0.17306611725042143,0.21756534024016952
0d3eb38d0b288091.jpg,Fixed,336,336,3,72,3584.0,40257.0,14112,29729,0.08902799513128151,0.12055568636684719
0d3eb38d0b288091.jpg,PruneSID,336,336,3,71,7742.0,35903.0,13916,29729,0.21563657633066874,0.26041911937838474
0d48401e5648b1e9.jpg,DRIP,336,336,11,73,1901.0,23048.0,14308,10641,0.0824800416522041,0.17864862324969458
0d48401e5648b1e9.jpg,Fixed,336,336,11,72,996.0,23757.0,14112,10641,0.0419244854148251,0.09360022554271215
0d48401e5648b1e9.jpg,PruneSID,336,336,11,71,2388.0,22169.0,13916,10641,0.10771798457305246,0.22441499859035804
0d510e343e205774.jpg,DRIP,336,336,1,73,98.0,14476.0,14308,266,0.006769825918762089,0.3684210526315789
0d510e343e205774.jpg,Fixed,336,336,1,72,0.0,14378.0,14112,266,0.0,0.0
0d510e343e205774.jpg,PruneSID,336,336,1,71,182.0,14000.0,13916,266,0.013,0.6842105263157895
0d574ae2484df0e9.jpg,DRIP,336,336,3,72,4292.0,18965.0,14112,9145,0.22631162668072766,0.46932750136686713
0d574ae2484df0e9.jpg,Fixed,336,336,3,72,1354.0,21903.0,14112,9145,0.061818015796922796,0.1480590486604702
0d574ae2484df0e9.jpg,PruneSID,336,336,3,71,2884.0,20177.0,13916,9145,0.14293502502849778,0.3153635866593767
0d6143272f078726.jpg,DRIP,336,336,2,73,2474.0,18608.0,14308,6774,0.13295356835769562,0.3652199586654857
0d6143272f078726.jpg,Fixed,336,336,2,72,182.0,20704.0,14112,6774,0.008790571870170015,0.026867434307646886
0d6143272f078726.jpg,PruneSID,336,336,2,71,1227.0,19463.0,13916,6774,0.0630426963982942,0.18113374667847654
0d61873b3bb7ce16.jpg,DRIP,336,336,2,73,1546.0,16497.0,14308,3735,0.09371400860762563,0.4139223560910308
0d61873b3bb7ce16.jpg,Fixed,336,336,2,72,516.0,17331.0,14112,3735,0.029773238705210318,0.13815261044176708
0d61873b3bb7ce16.jpg,PruneSID,336,336,2,71,1532.0,16119.0,13916,3735,0.0950431168186612,0.4101740294511379
0d65fa2fd9ec877c.jpg,DRIP,336,336,4,72,624.0,15250.0,14112,1762,0.040918032786885244,0.35414301929625425
0d65fa2fd9ec877c.jpg,Fixed,336,336,4,72,183.0,15691.0,14112,1762,0.011662736600599069,0.10385925085130533
0d65fa2fd9ec877c.jpg,PruneSID,336,336,4,71,1228.0,14450.0,13916,1762,0.08498269896193772,0.6969353007945517
0d6f40c60c794ece.jpg,DRIP,336,336,8,73,5935.0,29599.0,14308,21226,0.20051353086252913,0.2796099123716197
0d6f40c60c794ece.jpg,Fixed,336,336,8,72,2638.0,32700.0,14112,21226,0.08067278287461774,0.12428154150570056
0d6f40c60c794ece.jpg,PruneSID,336,336,8,71,5209.0,29933.0,13916,21226,0.17402198242742123,0.24540657683972486
0d6f54c1a331d990.jpg,DRIP,336,336,3,73,10626.0,63850.0,14308,60168,0.16642129992169147,0.17660550458715596
0d6f54c1a331d990.jpg,Fixed,336,336,3,72,7733.0,66547.0,14112,60168,0.11620358543585736,0.12852346762398617
0d6f54c1a331d990.jpg,PruneSID,336,336,3,71,6992.0,67092.0,13916,60168,0.10421510761342634,0.1162079510703364
0d751daf458c742e.jpg,DRIP,336,336,13,72,3572.0,35811.0,14112,25271,0.09974588813493061,0.14134778995686756
0d751daf458c742e.jpg,Fixed,336,336,13,72,3455.0,35928.0,14112,25271,0.09616455132487196,0.1367179771279332
0d751daf458c742e.jpg,PruneSID,336,336,13,71,4048.0,35139.0,13916,25271,0.11519963573237713,0.16018360967116457
0d79859306e692c2.jpg,DRIP,336,336,4,72,1646.0,27712.0,14112,15246,0.05939665127020785,0.10796274432638069
0d79859306e692c2.jpg,Fixed,336,336,4,72,1566.0,27792.0,14112,15246,0.056347150259067356,0.10271546635182999
0d79859306e692c2.jpg,PruneSID,336,336,4,71,1694.0,27468.0,13916,15246,0.06167176350662589,0.1111111111111111
0d7bf8f2708b73ca.jpg,DRIP,336,336,4,72,2532.0,18555.0,14112,6975,0.1364591754244139,0.36301075268817207
0d7bf8f2708b73ca.jpg,Fixed,336,336,4,72,1327.0,19760.0,14112,6975,0.06715587044534413,0.19025089605734766
0d7bf8f2708b73ca.jpg,PruneSID,336,336,4,71,2197.0,18694.0,13916,6975,0.11752433936022254,0.3149820788530466
0d82d144e4815c73.jpg,DRIP,336,336,3,72,629.0,18682.0,14112,5199,0.033668772080077077,0.1209848047701481
0d82d144e4815c73.jpg,Fixed,336,336,3,72,518.0,18793.0,14112,5199,0.02756345447773107,0.09963454510482785
0d82d144e4815c73.jpg,PruneSID,336,336,3,71,1199.0,17916.0,13916,5199,0.0669234204063407,0.23062127332179266
0d8fb41664833550.jpg,DRIP,336,336,12,72,5606.0,26129.0,14112,17623,0.2145508821615829,0.31810701923622536
0d8fb41664833550.jpg,Fixed,336,336,12,72,738.0,30997.0,14112,17623,0.023808755686034133,0.041877092436021106
0d8fb41664833550.jpg,PruneSID,336,336,12,71,4628.0,26911.0,13916,17623,0.17197428560811565,0.2626113601543438
0d8fe3efcd14ab81.jpg,DRIP,336,336,5,72,4667.0,21122.0,14112,11677,0.22095445507054257,0.3996745739487882
0d8fe3efcd14ab81.jpg,Fixed,336,336,5,72,1557.0,24232.0,14112,11677,0.06425387916804226,0.13333904256230197
0d8fe3efcd14ab81.jpg,PruneSID,336,336,5,71,3614.0,21979.0,13916,11677,0.1644296828791119,0.30949730238931233
0d9492d3a49fdb70.jpg,DRIP,336,336,0,72,,,14112,0,,
0d9492d3a49fdb70.jpg,Fixed,336,336,0,72,,,14112,0,,
0d9492d3a49fdb70.jpg,PruneSID,336,336,0,71,,,13916,0,,
0d9ef654c6e37918.jpg,DRIP,336,336,11,73,7958.0,33605.0,14308,27255,0.23680999851212617,0.2919831223628692
0d9ef654c6e37918.jpg,Fixed,336,336,11,72,3630.0,37737.0,14112,27255,0.09619206614198267,0.13318657127132635
0d9ef654c6e37918.jpg,PruneSID,336,336,11,71,3892.0,37279.0,13916,27255,0.10440194211218112,0.14279948633278297
0dc0a557f0995af8.jpg,DRIP,336,336,4,73,1127.0,15850.0,14308,2669,0.07110410094637223,0.4222555264143874
0dc0a557f0995af8.jpg,Fixed,336,336,4,72,497.0,16284.0,14112,2669,0.03052075657086711,0.18621206444361185
0dc0a557f0995af8.jpg,PruneSID,336,336,4,71,1371.0,15214.0,13916,2669,0.09011436834494545,0.5136755339078306
0dc142a12128b220.jpg,DRIP,336,336,7,72,5388.0,18985.0,14112,10261,0.2838030023702923,0.5250950199785596
0dc142a12128b220.jpg,Fixed,336,336,7,72,1370.0,23003.0,14112,10261,0.0595574490283876,0.13351525192476366
0dc142a12128b220.jpg,PruneSID,336,336,7,71,3718.0,20459.0,13916,10261,0.1817293122831028,0.36234285157392065
0ddcea5af5b2fd8a.jpg,DRIP,336,336,0,73,,,14308,0,,
0ddcea5af5b2fd8a.jpg,Fixed,336,336,0,72,,,14112,0,,
0ddcea5af5b2fd8a.jpg,PruneSID,336,336,0,71,,,13916,0,,
0e0570926990696e.jpg,DRIP,336,336,3,73,6188.0,43118.0,14308,34998,0.14351314996057332,0.17681010343448197
0e0570926990696e.jpg,Fixed,336,336,3,72,4470.0,44640.0,14112,34998,0.10013440860215053,0.12772158409051945
0e0570926990696e.jpg,PruneSID,336,336,3,71,4368.0,44546.0,13916,34998,0.09805594217213667,0.12480713183610492
0e0b23621899e4fd.jpg,DRIP,336,336,0,72,,,14112,0,,
0e0b23621899e4fd.jpg,Fixed,336,336,0,72,,,14112,0,,
0e0b23621899e4fd.jpg,PruneSID,336,336,0,71,,,13916,0,,
0e2c30fdb640800e.jpg,DRIP,336,336,3,73,973.0,15050.0,14308,1715,0.06465116279069767,0.5673469387755102
0e2c30fdb640800e.jpg,Fixed,336,336,3,72,238.0,15589.0,14112,1715,0.015267175572519083,0.13877551020408163
0e2c30fdb640800e.jpg,PruneSID,336,336,3,71,667.0,14964.0,13916,1715,0.044573643410852716,0.3889212827988338
0e3431ee46f0b6c4.jpg,DRIP,336,336,0,73,,,14308,0,,
0e3431ee46f0b6c4.jpg,Fixed,336,336,0,72,,,14112,0,,
0e3431ee46f0b6c4.jpg,PruneSID,336,336,0,71,,,13916,0,,
0e3cb83ebe023379.jpg,DRIP,336,336,2,73,1691.0,15428.0,14308,2811,0.10960591133004927,0.6015652792600498
0e3cb83ebe023379.jpg,Fixed,336,336,2,72,273.0,16650.0,14112,2811,0.016396396396396395,0.09711846318036287
0e3cb83ebe023379.jpg,PruneSID,336,336,2,71,1050.0,15677.0,13916,2811,0.06697710021049946,0.37353255069370334
0e74e435fca31ff0.jpg,DRIP,336,336,0,72,,,14112,0,,
0e74e435fca31ff0.jpg,Fixed,336,336,0,72,,,14112,0,,
0e74e435fca31ff0.jpg,PruneSID,336,336,0,71,,,13916,0,,
0e935dc8bdd3a7ff.jpg,DRIP,336,336,1,72,1061.0,14868.0,14112,1817,0.07136131288673661,0.5839295542102366
0e935dc8bdd3a7ff.jpg,Fixed,336,336,1,72,20.0,15909.0,14112,1817,0.0012571500408573764,0.01100715465052284
0e935dc8bdd3a7ff.jpg,PruneSID,336,336,1,71,1386.0,14347.0,13916,1817,0.09660556213842615,0.7627958172812328
0ea6ee71b645c098.jpg,DRIP,336,336,2,72,4497.0,19166.0,14112,9551,0.23463424814776165,0.4708407496597215
0ea6ee71b645c098.jpg,Fixed,336,336,2,72,1204.0,22459.0,14112,9551,0.053608798254597266,0.12606009841901372
0ea6ee71b645c098.jpg,PruneSID,336,336,2,71,2090.0,21377.0,13916,9551,0.09776862983580484,0.21882525390011517
0ea805e477a62f48.jpg,DRIP,336,336,2,72,1694.0,15473.0,14112,3055,0.10948103147418083,0.5545008183306056
0ea805e477a62f48.jpg,Fixed,336,336,2,72,0.0,17167.0,14112,3055,0.0,0.0
0ea805e477a62f48.jpg,PruneSID,336,336,2,71,1571.0,15400.0,13916,3055,0.10201298701298701,0.5142389525368248
0eaec11e9457642f.jpg,DRIP,336,336,6,73,1881.0,18531.0,14308,6104,0.10150558523555124,0.30815858453473133
0eaec11e9457642f.jpg,Fixed,336,336,6,72,908.0,19308.0,14112,6104,0.047027139009736894,0.14875491480996067
0eaec11e9457642f.jpg,PruneSID,336,336,6,71,1749.0,18271.0,13916,6104,0.09572546658639373,0.28653342070773263
0eb568fd8064edc1.jpg,DRIP,336,336,3,72,10710.0,76601.0,14112,73199,0.13981540710956775,0.14631347422779
0eb568fd8064edc1.jpg,Fixed,336,336,3,72,9606.0,77705.0,14112,73199,0.12362138858503313,0.13123130097405702
0eb568fd8064edc1.jpg,PruneSID,336,336,3,71,8606.0,78509.0,13916,73199,0.1096180055789782,0.1175699121572699
0eb6e18693f9a7d3.jpg,DRIP,336,336,2,72,44.0,15157.0,14112,1089,0.002902949132414066,0.04040404040404041
0eb6e18693f9a7d3.jpg,Fixed,336,336,2,72,273.0,14928.0,14112,1089,0.018287781350482316,0.25068870523415976
0eb6e18693f9a7d3.jpg,PruneSID,336,336,2,71,271.0,14734.0,13916,1089,0.01839283290348853,0.24885215794306703
0ebbc5f4061f0d3b.jpg,DRIP,336,336,2,72,5641.0,27587.0,14112,19116,0.2044803711893283,0.29509311571458463
0ebbc5f4061f0d3b.jpg,Fixed,336,336,2,72,2253.0,30975.0,14112,19116,0.07273607748184019,0.11785938480853735
0ebbc5f4061f0d3b.jpg,PruneSID,336,336,2,71,5232.0,27800.0,13916,19116,0.18820143884892088,0.27369742623979915
0ebc11430fea1b7c.jpg,DRIP,336,336,1,72,1218.0,15494.0,14112,2600,0.0786110752549374,0.4684615384615385
0ebc11430fea1b7c.jpg,Fixed,336,336,1,72,410.0,16302.0,14112,2600,0.025150288308183045,0.1576923076923077
0ebc11430fea1b7c.jpg,PruneSID,336,336,1,71,1430.0,15086.0,13916,2600,0.09478987140395068,0.55
0ecb3363703fe67b.jpg,DRIP,336,336,0,72,,,14112,0,,
0ecb3363703fe67b.jpg,Fixed,336,336,0,72,,,14112,0,,
0ecb3363703fe67b.jpg,PruneSID,336,336,0,71,,,13916,0,,
0ee10ec0ad8d63c2.jpg,DRIP,336,336,3,72,5929.0,40343.0,14112,32160,0.14696477703690852,0.1843594527363184
0ee10ec0ad8d63c2.jpg,Fixed,336,336,3,72,4290.0,41982.0,14112,32160,0.10218665142203802,0.1333955223880597
0ee10ec0ad8d63c2.jpg,PruneSID,336,336,3,71,6566.0,39510.0,13916,32160,0.16618577575297394,0.20416666666666666
0ef6658f6d52d8f9.jpg,DRIP,336,336,8,73,2949.0,17504.0,14308,6145,0.16847577696526508,0.47990235964198535
0ef6658f6d52d8f9.jpg,Fixed,336,336,8,72,826.0,19431.0,14112,6145,0.0425093922083269,0.13441822620016272
0ef6658f6d52d8f9.jpg,PruneSID,336,336,8,71,1645.0,18416.0,13916,6145,0.08932450043440486,0.2676973148901546
0f27e48efe94b7a1.jpg,DRIP,336,336,4,73,1271.0,17723.0,14308,4686,0.07171472098403205,0.27123346137430643
0f27e48efe94b7a1.jpg,Fixed,336,336,4,72,494.0,18304.0,14112,4686,0.026988636363636364,0.10542040119504908
0f27e48efe94b7a1.jpg,PruneSID,336,336,4,71,2108.0,16494.0,13916,4686,0.1278040499575603,0.44985061886470334
0f3b20b73680a993.jpg,DRIP,336,336,2,72,2949.0,17307.0,14112,6144,0.17039348240596291,0.47998046875
0f3b20b73680a993.jpg,Fixed,336,336,2,72,924.0,19332.0,14112,6144,0.04779639975170701,0.150390625
0f3b20b73680a993.jpg,PruneSID,336,336,2,71,2170.0,17890.0,13916,6144,0.12129681386249301,0.3531901041666667
0f4168c753f5d333.jpg,DRIP,336,336,3,72,2808.0,17690.0,14112,6386,0.1587337478801583,0.4397118697150016
0f4168c753f5d333.jpg,Fixed,336,336,3,72,1512.0,18986.0,14112,6386,0.07963762772569262,0.2367679298465393
0f4168c753f5d333.jpg,PruneSID,336,336,3,71,2324.0,17978.0,13916,6386,0.1292691066859495,0.3639210773567178
0f4f428ec2fc6133.jpg,DRIP,336,336,1,72,369.0,14364.0,14112,621,0.02568922305764411,0.5942028985507246
0f4f428ec2fc6133.jpg,Fixed,336,336,1,72,126.0,14607.0,14112,621,0.00862600123228589,0.2028985507246377
0f4f428ec2fc6133.jpg,PruneSID,336,336,1,71,441.0,14096.0,13916,621,0.031285471055618616,0.7101449275362319
0f509d64dd35f8b4.jpg,DRIP,336,336,0,72,,,14112,0,,
0f509d64dd35f8b4.jpg,Fixed,336,336,0,72,,,14112,0,,
0f509d64dd35f8b4.jpg,PruneSID,336,336,0,71,,,13916,0,,
0f579336d38fc032.jpg,DRIP,336,336,0,72,,,14112,0,,
0f579336d38fc032.jpg,Fixed,336,336,0,72,,,14112,0,,
0f579336d38fc032.jpg,PruneSID,336,336,0,71,,,13916,0,,
0f93407aa9c41b11.jpg,DRIP,336,336,8,72,2064.0,41154.0,14112,29106,0.05015308353987462,0.07091321377035663
0f93407aa9c41b11.jpg,Fixed,336,336,8,72,3969.0,39249.0,14112,29106,0.10112359550561797,0.13636363636363635
0f93407aa9c41b11.jpg,PruneSID,336,336,8,71,5448.0,37574.0,13916,29106,0.14499387874594133,0.18717790146361574
0f960d238f151a0e.jpg,DRIP,336,336,2,73,1470.0,15466.0,14308,2628,0.09504720031035821,0.5593607305936074
0f960d238f151a0e.jpg,Fixed,336,336,2,72,696.0,16044.0,14112,2628,0.04338070306656694,0.2648401826484018
0f960d238f151a0e.jpg,PruneSID,336,336,2,71,1364.0,15180.0,13916,2628,0.08985507246376812,0.5190258751902588
0fa8fa69288deb34.jpg,DRIP,336,336,13,73,2498.0,25991.0,14308,14181,0.09611019198953484,0.1761511882095762
0fa8fa69288deb34.jpg,Fixed,336,336,13,72,1775.0,26518.0,14112,14181,0.06693566633984463,0.1251674776108878
0fa8fa69288deb34.jpg,PruneSID,336,336,13,71,3933.0,24164.0,13916,14181,0.16276278761794405,0.27734292363020946
0fac95fc38242477.jpg,DRIP,336,336,9,73,1034.0,19846.0,14308,6572,0.052101179078907586,0.15733414485696895
0fac95fc38242477.jpg,Fixed,336,336,9,72,812.0,19872.0,14112,6572,0.040861513687600645,0.12355447352404139
0fac95fc38242477.jpg,PruneSID,336,336,9,71,2369.0,18119.0,13916,6572,0.1307467299519841,0.36046865489957397
0fc422d0918bd8b4.jpg,DRIP,336,336,7,73,4928.0,23013.0,14308,13633,0.21413983400686568,0.3614758307049072
0fc422d0918bd8b4.jpg,Fixed,336,336,7,72,1659.0,26086.0,14112,13633,0.06359733190216975,0.12169001687082814
0fc422d0918bd8b4.jpg,PruneSID,336,336,7,71,5083.0,22466.0,13916,13633,0.22625300454019406,0.3728453018411208
0fd18993117279a0.jpg,DRIP,336,336,3,72,780.0,15173.0,14112,1841,0.05140710472549924,0.4236827810972298
0fd18993117279a0.jpg,Fixed,336,336,3,72,310.0,15643.0,14112,1841,0.0198171706194464,0.1683867463335144
0fd18993117279a0.jpg,PruneSID,336,336,3,71,1152.0,14605.0,13916,1841,0.07887709688462856,0.625746876697447
10165e8bac12b804.jpg,DRIP,336,336,1,73,10892.0,72347.0,14308,68931,0.15055219981478155,0.15801308554931742
10165e8bac12b804.jpg,Fixed,336,336,1,72,8610.0,74433.0,14112,68931,0.11567449921405829,0.12490751621186404
10165e8bac12b804.jpg,PruneSID,336,336,1,71,10766.0,72081.0,13916,68931,0.1493597480612089,0.1561851706779243
103ddd3064b59690.jpg,DRIP,336,336,3,73,1076.0,16966.0,14308,3734,0.0634209595661912,0.2881628280664167
103ddd3064b59690.jpg,Fixed,336,336,3,72,182.0,17664.0,14112,3734,0.010303442028985508,0.04874129619710766
103ddd3064b59690.jpg,PruneSID,336,336,3,71,1563.0,16087.0,13916,3734,0.09715919686703549,0.41858596679164434
1057acabfa704a35.jpg,DRIP,336,336,4,72,5833.0,31185.0,14112,22906,0.18704505371172037,0.2546494368287785
1057acabfa704a35.jpg,Fixed,336,336,4,72,1780.0,35238.0,14112,22906,0.05051365003689199,0.07770889723216624
1057acabfa704a35.jpg,PruneSID,336,336,4,71,3270.0,33552.0,13916,22906,0.09746065808297567,0.14275735615122676
105bb5dae2923dea.jpg,DRIP,336,336,3,72,599.0,15116.0,14112,1603,0.03962688541942313,0.3736743605739239
105bb5dae2923dea.jpg,Fixed,336,336,3,72,0.0,15715.0,14112,1603,0.0,0.0
105bb5dae2923dea.jpg,PruneSID,336,336,3,71,573.0,14946.0,13916,1603,0.038338016860698515,0.3574547723019339
1063289460a573cb.jpg,DRIP,336,336,8,73,5080.0,21509.0,14308,12281,0.2361802036356874,0.41364709714192655
1063289460a573cb.jpg,Fixed,336,336,8,72,1340.0,25053.0,14112,12281,0.05348660839021275,0.10911163586027196
1063289460a573cb.jpg,PruneSID,336,336,8,71,2898.0,23299.0,13916,12281,0.12438302073050346,0.23597426919631953
107b1376e761c8a4.jpg,DRIP,336,336,2,72,3097.0,25414.0,14112,14399,0.12186196584559691,0.21508438085978193
107b1376e761c8a4.jpg,Fixed,336,336,2,72,1427.0,27084.0,14112,14399,0.05268793383547482,0.09910410445169804
107b1376e761c8a4.jpg,PruneSID,336,336,2,71,2808.0,25507.0,13916,14399,0.1100874269808288,0.1950135426071255
1092c1c869e413b4.jpg,DRIP,336,336,1,72,440.0,14283.0,14112,611,0.030805853112091296,0.7201309328968903
1092c1c869e413b4.jpg,Fixed,336,336,1,72,182.0,14541.0,14112,611,0.01251633312702015,0.2978723404255319
1092c1c869e413b4.jpg,PruneSID,336,336,1,71,182.0,14345.0,13916,611,0.012687347507842454,0.2978723404255319
10937c5b75fb5883.jpg,DRIP,336,336,1,73,1604.0,16477.0,14308,3773,0.09734781817078351,0.4251258945136496
10937c5b75fb5883.jpg,Fixed,336,336,1,72,546.0,17339.0,14112,3773,0.031489705288655634,0.14471243042671614
10937c5b75fb5883.jpg,PruneSID,336,336,1,71,1938.0,15751.0,13916,3773,0.12303980699638119,0.513649615690432
109f22b1cd336532.jpg,DRIP,336,336,7,73,6448.0,45986.0,14308,38126,0.14021658765711303,0.1691234328279914
109f22b1cd336532.jpg,Fixed,336,336,7,72,4692.0,47546.0,14112,38126,0.09868338030538847,0.12306562450820963
109f22b1cd336532.jpg,PruneSID,336,336,7,71,5312.0,46730.0,13916,38126,0.11367429916541837,0.13932749304936265
10d38961aee4edff.jpg,DRIP,336,336,1,72,735.0,14308.0,14112,931,0.05136986301369863,0.7894736842105263
10d38961aee4edff.jpg,Fixed,336,336,1,72,266.0,14777.0,14112,931,0.018000947418285174,0.2857142857142857
10d38961aee4edff.jpg,PruneSID,336,336,1,71,700.0,14147.0,13916,931,0.04948045522018803,0.7518796992481203
10f50e9e1e2bacd3.jpg,DRIP,336,336,8,73,1551.0,20135.0,14308,7378,0.0770300471815247,0.2102195716996476
10f50e9e1e2bacd3.jpg,Fixed,336,336,8,72,870.0,20620.0,14112,7378,0.042192046556741025,0.11791813499593386
10f50e9e1e2bacd3.jpg,PruneSID,336,336,8,71,2076.0,19218.0,13916,7378,0.10802372775522948,0.2813770669558146
11074b77aed1e943.jpg,DRIP,336,336,6,73,4852.0,20306.0,14308,10850,0.23894415443711217,0.4471889400921659
11074b77aed1e943.jpg,Fixed,336,336,6,72,1596.0,23366.0,14112,10850,0.0683043738765728,0.14709677419354839
11074b77aed1e943.jpg,PruneSID,336,336,6,71,2473.0,22293.0,13916,10850,0.11093168259094784,0.227926267281106
11187a50e7a54ce2.jpg,DRIP,336,336,8,72,4776.0,23826.0,14112,14490,0.2004532863258625,0.3296066252587992
11187a50e7a54ce2.jpg,Fixed,336,336,8,72,1556.0,27046.0,14112,14490,0.05753161280780892,0.10738440303657695
11187a50e7a54ce2.jpg,PruneSID,336,336,8,71,3348.0,25058.0,13916,14490,0.13361002474259717,0.231055900621118
112e8fc8497d808e.jpg,DRIP,336,336,0,72,,,14112,0,,
112e8fc8497d808e.jpg,Fixed,336,336,0,72,,,14112,0,,
112e8fc8497d808e.jpg,PruneSID,336,336,0,71,,,13916,0,,
113b424acb04ffc6.jpg,DRIP,336,336,12,73,4207.0,30809.0,14308,20708,0.13655100782238958,0.2031581997295731
113b424acb04ffc6.jpg,Fixed,336,336,12,72,2424.0,32396.0,14112,20708,0.07482405235214223,0.11705621016032451
113b424acb04ffc6.jpg,PruneSID,336,336,12,71,2201.0,32423.0,13916,20708,0.06788390957036672,0.1062874251497006
114902a59f068716.jpg,DRIP,336,336,3,72,738.0,15928.0,14112,2554,0.04633350075339026,0.2889584964761159
114902a59f068716.jpg,Fixed,336,336,3,72,538.0,16128.0,14112,2554,0.03335813492063492,0.21064996084573218
114902a59f068716.jpg,PruneSID,336,336,3,71,1204.0,15266.0,13916,2554,0.07886807284160881,0.47141738449490994
114c05a6f656a6be.jpg,DRIP,336,336,13,72,2862.0,36070.0,14112,24820,0.07934571666204603,0.1153102336825141
114c05a6f656a6be.jpg,Fixed,336,336,13,72,3032.0,35900.0,14112,24820,0.08445682451253482,0.12215954875100725
114c05a6f656a6be.jpg,PruneSID,336,336,13,71,4442.0,34294.0,13916,24820,0.1295270309675162,0.1789685737308622
116a6eae4f120bac.jpg,DRIP,336,336,9,73,5547.0,28261.0,14308,19500,0.19627755564205088,0.2844615384615385
116a6eae4f120bac.jpg,Fixed,336,336,9,72,2360.0,31252.0,14112,19500,0.07551516702931012,0.12102564102564102
116a6eae4f120bac.jpg,PruneSID,336,336,9,71,4424.0,28992.0,13916,19500,0.15259381898454746,0.22687179487179487
116c3847d6caa6d9.jpg,DRIP,336,336,0,72,,,14112,0,,
116c3847d6caa6d9.jpg,Fixed,336,336,0,72,,,14112,0,,
116c3847d6caa6d9.jpg,PruneSID,336,336,0,71,,,13916,0,,
117fd3c394810a6c.jpg,DRIP,336,336,0,72,,,14112,0,,
117fd3c394810a6c.jpg,Fixed,336,336,0,72,,,14112,0,,
117fd3c394810a6c.jpg,PruneSID,336,336,0,71,,,13916,0,,
11887ea3372dd4c7.jpg,DRIP,336,336,0,73,,,14308,0,,
11887ea3372dd4c7.jpg,Fixed,336,336,0,72,,,14112,0,,
11887ea3372dd4c7.jpg,PruneSID,336,336,0,71,,,13916,0,,
11a0cb82d540e869.jpg,DRIP,336,336,4,73,1734.0,17849.0,14308,5275,0.09714829962462883,0.32872037914691943
11a0cb82d540e869.jpg,Fixed,336,336,4,72,973.0,18414.0,14112,5275,0.0528402302595851,0.18445497630331753
11a0cb82d540e869.jpg,PruneSID,336,336,4,71,1638.0,17553.0,13916,5275,0.0933173816441634,0.31052132701421803
11a4f113703d12b6.jpg,DRIP,336,336,16,72,2087.0,22524.0,14112,10499,0.09265672171905523,0.19878083627012097
11a4f113703d12b6.jpg,Fixed,336,336,16,72,706.0,23905.0,14112,10499,0.029533570382765113,0.06724449947614058
11a4f113703d12b6.jpg,PruneSID,336,336,16,71,3179.0,21236.0,13916,10499,0.14969862497645509,0.3027907419754262
11a81896b5ae3248.jpg,DRIP,336,336,6,73,2160.0,15908.0,14308,3760,0.13578073925069148,0.574468085106383
11a81896b5ae3248.jpg,Fixed,336,336,6,72,729.0,17143.0,14112,3760,0.0425246456279531,0.19388297872340426
11a81896b5ae3248.jpg,PruneSID,336,336,6,71,1928.0,15748.0,13916,3760,0.12242824485648972,0.5127659574468085
11afa3b96187cd36.jpg,DRIP,336,336,0,72,,,14112,0,,
11afa3b96187cd36.jpg,Fixed,336,336,0,72,,,14112,0,,
11afa3b96187cd36.jpg,PruneSID,336,336,0,71,,,13916,0,,
11c07147c48757b5.jpg,DRIP,336,336,4,72,3514.0,21758.0,14112,11160,0.16150381468885008,0.3148745519713262
11c07147c48757b5.jpg,Fixed,336,336,4,72,1484.0,23788.0,14112,11160,0.062384395493526146,0.13297491039426523
11c07147c48757b5.jpg,PruneSID,336,336,4,71,2940.0,22136.0,13916,11160,0.1328153234550054,0.26344086021505375
11dc994846fa265f.jpg,DRIP,336,336,33,73,5958.0,37350.0,14308,29000,0.15951807228915663,0.20544827586206896
11dc994846fa265f.jpg,Fixed,336,336,33,72,4244.0,38868.0,14112,29000,0.10919007924256457,0.1463448275862069
11dc994846fa265f.jpg,PruneSID,336,336,33,71,6117.0,36799.0,13916,29000,0.1662273431343243,0.21093103448275863
12019be6cd2e1f7a.jpg,DRIP,336,336,4,72,858.0,18320.0,14112,5066,0.046834061135371176,0.16936439005132253
12019be6cd2e1f7a.jpg,Fixed,336,336,4,72,425.0,18753.0,14112,5066,0.02266304058017384,0.08389261744966443
12019be6cd2e1f7a.jpg,PruneSID,336,336,4,71,844.0,18138.0,13916,5066,0.04653214246333664,0.1666008685353336
121628f423c17de2.jpg,DRIP,336,336,0,72,,,14112,0,,
121628f423c17de2.jpg,Fixed,336,336,0,72,,,14112,0,,
121628f423c17de2.jpg,PruneSID,336,336,0,71,,,13916,0,,
121be81bc79332b5.jpg,DRIP,336,336,1,73,179.0,14934.0,14308,805,0.011986072050354894,0.22236024844720498
121be81bc79332b5.jpg,Fixed,336,336,1,72,277.0,14640.0,14112,805,0.018920765027322404,0.3440993788819876
121be81bc79332b5.jpg,PruneSID,336,336,1,71,389.0,14332.0,13916,805,0.027142059726486183,0.4832298136645963
121d24793f0ef1fd.jpg,DRIP,336,336,1,73,325.0,14478.0,14308,495,0.022447851913247687,0.6565656565656566
121d24793f0ef1fd.jpg,Fixed,336,336,1,72,135.0,14472.0,14112,495,0.009328358208955223,0.2727272727272727
121d24793f0ef1fd.jpg,PruneSID,336,336,1,71,255.0,14156.0,13916,495,0.018013563153433172,0.5151515151515151
121fc92a340b4cee.jpg,DRIP,336,336,0,73,,,14308,0,,
121fc92a340b4cee.jpg,Fixed,336,336,0,72,,,14112,0,,
121fc92a340b4cee.jpg,PruneSID,336,336,0,71,,,13916,0,,
122cbbd1939a3797.jpg,DRIP,336,336,7,72,1941.0,26327.0,14112,14156,0.0737265924716071,0.13711500423848544
122cbbd1939a3797.jpg,Fixed,336,336,7,72,1463.0,26805.0,14112,14156,0.05457936952061183,0.10334840350381463
122cbbd1939a3797.jpg,PruneSID,336,336,7,71,5426.0,22646.0,13916,14156,0.23960081250551973,0.38330036733540546
122f9b4a74a0c398.jpg,DRIP,336,336,2,73,1862.0,18462.0,14308,6016,0.10085581193803488,0.30950797872340424
122f9b4a74a0c398.jpg,Fixed,336,336,2,72,419.0,19709.0,14112,6016,0.021259323151859556,0.06964760638297872
122f9b4a74a0c398.jpg,PruneSID,336,336,2,71,2870.0,17062.0,13916,6016,0.16821005743758058,0.47706117021276595
124004bbd1b656be.jpg,DRIP,336,336,19,72,3796.0,29440.0,14112,19124,0.12894021739130435,0.19849403890399497
124004bbd1b656be.jpg,Fixed,336,336,19,72,2533.0,30703.0,14112,19124,0.0825000814252679,0.13245137000627483
124004bbd1b656be.jpg,PruneSID,336,336,19,71,6096.0,26944.0,13916,19124,0.22624703087885986,0.31876176532106254
124918575a43d2b8.jpg,DRIP,336,336,2,72,997.0,19656.0,14112,6541,0.050722425722425725,0.15242317688426846
124918575a43d2b8.jpg,Fixed,336,336,2,72,924.0,19729.0,14112,6541,0.04683460895128998,0.1412628038526219
124918575a43d2b8.jpg,PruneSID,336,336,2,71,1078.0,19379.0,13916,6541,0.05562722534702513,0.1648066044947256
12496b98644e047f.jpg,DRIP,336,336,0,72,,,14112,0,,
12496b98644e047f.jpg,Fixed,336,336,0,72,,,14112,0,,
12496b98644e047f.jpg,PruneSID,336,336,0,71,,,13916,0,,
125ddf42c7cbaa79.jpg,DRIP,336,336,1,72,3938.0,19942.0,14112,9768,0.19747267074516098,0.40315315315315314
125ddf42c7cbaa79.jpg,Fixed,336,336,1,72,1554.0,22326.0,14112,9768,0.06960494490728299,0.1590909090909091
125ddf42c7cbaa79.jpg,PruneSID,336,336,1,71,1778.0,21906.0,13916,9768,0.08116497763169908,0.18202293202293202
1296e205c5b4aacb.jpg,DRIP,336,336,1,72,3290.0,20521.0,14112,9699,0.1603235709760733,0.3392102278585421
1296e205c5b4aacb.jpg,Fixed,336,336,1,72,1484.0,22327.0,14112,9699,0.06646660993416044,0.15300546448087432
1296e205c5b4aacb.jpg,PruneSID,336,336,1,71,2251.0,21364.0,13916,9699,0.10536416401422954,0.2320857820393855
12b2042218a261bc.jpg,DRIP,336,336,0,73,,,14308,0,,
12b2042218a261bc.jpg,Fixed,336,336,0,72,,,14112,0,,
12b2042218a261bc.jpg,PruneSID,336,336,0,71,,,13916,0,,
12bb5d3c6a36af9b.jpg,DRIP,336,336,3,73,3400.0,20098.0,14308,9190,0.16917106179719374,0.36996735582154516
12bb5d3c6a36af9b.jpg,Fixed,336,336,3,72,714.0,22588.0,14112,9190,0.03160970426775279,0.07769314472252448
12bb5d3c6a36af9b.jpg,PruneSID,336,336,3,71,1450.0,21656.0,13916,9190,0.06695603989656446,0.15778019586507072
12e144b15c6e881d.jpg,DRIP,336,336,0,72,,,14112,0,,
12e144b15c6e881d.jpg,Fixed,336,336,0,72,,,14112,0,,
12e144b15c6e881d.jpg,PruneSID,336,336,0,71,,,13916,0,,
12e6b81c081f5986.jpg,DRIP,336,336,3,72,9030.0,67242.0,14112,62160,0.13429106808244848,0.14527027027027026
12e6b81c081f5986.jpg,Fixed,336,336,3,72,7770.0,68502.0,14112,62160,0.11342734518700184,0.125
12e6b81c081f5986.jpg,PruneSID,336,336,3,71,8414.0,67662.0,13916,62160,0.12435340368301262,0.13536036036036037
1316eff499eb29d5.jpg,DRIP,336,336,1,72,448.0,15092.0,14112,1428,0.029684601113172542,0.3137254901960784
1316eff499eb29d5.jpg,Fixed,336,336,1,72,0.0,15540.0,14112,1428,0.0,0.0
1316eff499eb29d5.jpg,PruneSID,336,336,1,71,420.0,14924.0,13916,1428,0.028142589118198873,0.29411764705882354
1317085db38ff548.jpg,DRIP,336,336,1,72,1596.0,17076.0,14112,4560,0.09346451159522136,0.35
1317085db38ff548.jpg,Fixed,336,336,1,72,420.0,18252.0,14112,4560,0.023011176857330704,0.09210526315789473
1317085db38ff548.jpg,PruneSID,336,336,1,71,468.0,18008.0,13916,4560,0.02598844957796535,0.10263157894736842
13269799692a228f.jpg,DRIP,336,336,1,73,364.0,14867.0,14308,923,0.024483755969597093,0.39436619718309857
13269799692a228f.jpg,Fixed,336,336,1,72,22.0,15013.0,14112,923,0.0014653966562312663,0.023835319609967497
13269799692a228f.jpg,PruneSID,336,336,1,71,488.0,14351.0,13916,923,0.03400459898264929,0.5287107258938245
13382af57189560d.jpg,DRIP,336,336,4,72,706.0,17203.0,14112,3797,0.04103935360111608,0.18593626547274164
13382af57189560d.jpg,Fixed,336,336,4,72,512.0,17397.0,14112,3797,0.029430361556590217,0.13484329734000527
13382af57189560d.jpg,PruneSID,336,336,4,71,697.0,17016.0,13916,3797,0.040961448048895156,0.18356597313668685
13518248e1e47d2f.jpg,DRIP,336,336,0,72,,,14112,0,,
13518248e1e47d2f.jpg,Fixed,336,336,0,72,,,14112,0,,
13518248e1e47d2f.jpg,PruneSID,336,336,0,71,,,13916,0,,
135d8bdeb41c19e5.jpg,DRIP,336,336,0,73,,,14308,0,,
135d8bdeb41c19e5.jpg,Fixed,336,336,0,72,,,14112,0,,
135d8bdeb41c19e5.jpg,PruneSID,336,336,0,71,,,13916,0,,
135fb97b6e8984b6.jpg,DRIP,336,336,2,73,1136.0,27891.0,14308,14719,0.04072998458284034,0.07717915619267614
135fb97b6e8984b6.jpg,Fixed,336,336,2,72,1850.0,26981.0,14112,14719,0.06856676920796116,0.12568788640532644
135fb97b6e8984b6.jpg,PruneSID,336,336,2,71,2578.0,26057.0,13916,14719,0.09893694592623863,0.17514776819077382
136c14e123c01b46.jpg,DRIP,336,336,0,73,,,14308,0,,
136c14e123c01b46.jpg,Fixed,336,336,0,72,,,14112,0,,
136c14e123c01b46.jpg,PruneSID,336,336,0,71,,,13916,0,,
136e10aaaa4f8abd.jpg,DRIP,336,336,3,73,104.0,14492.0,14308,288,0.0071763731714049135,0.3611111111111111
136e10aaaa4f8abd.jpg,Fixed,336,336,3,72,0.0,14400.0,14112,288,0.0,0.0
136e10aaaa4f8abd.jpg,PruneSID,336,336,3,71,288.0,13916.0,13916,288,0.020695602184535786,1.0
136e3b1d432576fc.jpg,DRIP,336,336,10,72,5378.0,34010.0,14112,25276,0.15812996177594826,0.2127710080708973
136e3b1d432576fc.jpg,Fixed,336,336,10,72,3410.0,35978.0,14112,25276,0.09478014342097948,0.1349105871182149
136e3b1d432576fc.jpg,PruneSID,336,336,10,71,6022.0,33170.0,13916,25276,0.18154959300572807,0.2382497230574458
1377b5ee4ddd40ee.jpg,DRIP,336,336,5,72,1173.0,15267.0,14112,2328,0.07683238357241108,0.5038659793814433
1377b5ee4ddd40ee.jpg,Fixed,336,336,5,72,150.0,16290.0,14112,2328,0.009208103130755065,0.06443298969072164
1377b5ee4ddd40ee.jpg,PruneSID,336,336,5,71,1338.0,14906.0,13916,2328,0.08976251174023883,0.5747422680412371
1380c3cf575542ed.jpg,DRIP,336,336,0,73,,,14308,0,,
1380c3cf575542ed.jpg,Fixed,336,336,0,72,,,14112,0,,
1380c3cf575542ed.jpg,PruneSID,336,336,0,71,,,13916,0,,
13c68ea007ab318b.jpg,DRIP,336,336,2,72,1218.0,14984.0,14112,2090,0.08128670581954084,0.5827751196172248
13c68ea007ab318b.jpg,Fixed,336,336,2,72,266.0,15936.0,14112,2090,0.016691767068273092,0.12727272727272726
13c68ea007ab318b.jpg,PruneSID,336,336,2,71,1272.0,14734.0,13916,2090,0.08633093525179857,0.6086124401913876
13e088e305f53117.jpg,DRIP,336,336,4,72,608.0,16049.0,14112,2545,0.03788398031029971,0.23889980353634577
13e088e305f53117.jpg,Fixed,336,336,4,72,513.0,16144.0,14112,2545,0.03177651139742319,0.20157170923379175
13e088e305f53117.jpg,PruneSID,336,336,4,71,1527.0,14934.0,13916,2545,0.10224989955805544,0.6
13e24130158243bb.jpg,DRIP,336,336,1,72,798.0,15129.0,14112,1815,0.05274638112234781,0.4396694214876033
13e24130158243bb.jpg,Fixed,336,336,1,72,462.0,15465.0,14112,1815,0.029873908826382155,0.2545454545454545
13e24130158243bb.jpg,PruneSID,336,336,1,71,196.0,15535.0,13916,1815,0.012616672030897972,0.10798898071625344
13e4fa74548b94bd.jpg,DRIP,336,336,7,73,1685.0,17424.0,14308,4801,0.09670569329660239,0.350968548219121
13e4fa74548b94bd.jpg,Fixed,336,336,7,72,821.0,18092.0,14112,4801,0.045379173115189034,0.1710060404082483
13e4fa74548b94bd.jpg,PruneSID,336,336,7,71,1949.0,16768.0,13916,4801,0.11623330152671756,0.40595709227244325
13e6ed67ec4567f5.jpg,DRIP,336,336,1,73,2464.0,17610.0,14308,5766,0.1399204997160704,0.4273326396115158
13e6ed67ec4567f5.jpg,Fixed,336,336,1,72,628.0,19250.0,14112,5766,0.032623376623376624,0.10891432535553243
13e6ed67ec4567f5.jpg,PruneSID,336,336,1,71,434.0,19248.0,13916,5766,0.022547797173732335,0.07526881720430108
13ff6bdce7db9094.jpg,DRIP,336,336,26,72,3312.0,40849.0,14112,30049,0.0810790961835051,0.11021997404239742
13ff6bdce7db9094.jpg,Fixed,336,336,26,72,3334.0,40827.0,14112,30049,0.08166164547970706,0.11095211155113315
13ff6bdce7db9094.jpg,PruneSID,336,336,26,71,3381.0,40584.0,13916,30049,0.08330869308101715,0.11251622350161403
1409961a28ec7db5.jpg,DRIP,336,336,2,72,6110.0,30660.0,14112,22658,0.19928245270711023,0.26966192956130286
1409961a28ec7db5.jpg,Fixed,336,336,2,72,2464.0,34306.0,14112,22658,0.07182417069900308,0.10874746226498368
1409961a28ec7db5.jpg,PruneSID,336,336,2,71,3296.0,33278.0,13916,22658,0.09904441372678646,0.14546738458822492
140a32f183b3eba3.jpg,DRIP,336,336,0,72,,,14112,0,,
140a32f183b3eba3.jpg,Fixed,336,336,0,72,,,14112,0,,
140a32f183b3eba3.jpg,PruneSID,336,336,0,71,,,13916,0,,
140b8645b5e41a8a.jpg,DRIP,336,336,12,72,3882.0,21973.0,14112,11743,0.1766713694079097,0.330579919952312
140b8645b5e41a8a.jpg,Fixed,336,336,12,72,1255.0,24600.0,14112,11743,0.05101626016260163,0.1068721791705697
140b8645b5e41a8a.jpg,PruneSID,336,336,12,71,5098.0,20561.0,13916,11743,0.24794513885511404,0.4341309716426807
14221cd00f847018.jpg,DRIP,336,336,0,73,,,14308,0,,
14221cd00f847018.jpg,Fixed,336,336,0,72,,,14112,0,,
14221cd00f847018.jpg,PruneSID,336,336,0,71,,,13916,0,,
1429effba967712d.jpg,DRIP,336,336,1,73,0.0,14763.0,14308,455,0.0,0.0
1429effba967712d.jpg,Fixed,336,336,1,72,0.0,14567.0,14112,455,0.0,0.0
1429effba967712d.jpg,PruneSID,336,336,1,71,154.0,14217.0,13916,455,0.010832102412604629,0.3384615384615385
14448641b1f22bb2.jpg,DRIP,336,336,13,72,1200.0,18416.0,14112,5504,0.06516072980017376,0.2180232558139535
14448641b1f22bb2.jpg,Fixed,336,336,13,72,745.0,18871.0,14112,5504,0.03947856499390599,0.1353561046511628
14448641b1f22bb2.jpg,PruneSID,336,336,13,71,2021.0,17399.0,13916,5504,0.11615610092534054,0.3671875
1446039a7aed2bb7.jpg,DRIP,336,336,6,72,3338.0,28179.0,14112,17405,0.11845700699102168,0.19178397012352771
1446039a7aed2bb7.jpg,Fixed,336,336,6,72,2172.0,29345.0,14112,17405,0.07401601635713069,0.12479172651536914
1446039a7aed2bb7.jpg,PruneSID,336,336,6,71,4791.0,26530.0,13916,17405,0.1805880135695439,0.2752657282390118
14744f551dcff2b9.jpg,DRIP,336,336,48,73,5274.0,43806.0,14308,34772,0.12039446651143679,0.15167376049695158
14744f551dcff2b9.jpg,Fixed,336,336,48,72,4927.0,43957.0,14112,34772,0.11208681211183656,0.14169446681237777
14744f551dcff2b9.jpg,PruneSID,336,336,48,71,5957.0,42731.0,13916,34772,0.13940698790105543,0.17131600138042102
14750cc81c71a100.jpg,DRIP,336,336,1,73,6860.0,27944.0,14308,20496,0.24549098196392785,0.33469945355191255
14750cc81c71a100.jpg,Fixed,336,336,1,72,2562.0,32046.0,14112,20496,0.0799475753604194,0.125
14750cc81c71a100.jpg,PruneSID,336,336,1,71,5124.0,29288.0,13916,20496,0.17495219885277247,0.25
147b722548e58937.jpg,DRIP,336,336,4,72,3955.0,19351.0,14112,9194,0.2043822024701566,0.4301718512073091
147b722548e58937.jpg,Fixed,336,336,4,72,1663.0,21643.0,14112,9194,0.07683777664833895,0.18087883402218838
147b722548e58937.jpg,PruneSID,336,336,4,71,2587.0,20523.0,13916,9194,0.12605369585343273,0.2813791603219491
14815716c92009db.jpg,DRIP,336,336,4,72,7036.0,25643.0,14112,18567,0.27438287251881605,0.3789519039155491
14815716c92009db.jpg,Fixed,336,336,4,72,1750.0,30929.0,14112,18567,0.05658120210805393,0.09425324500457802
14815716c92009db.jpg,PruneSID,336,336,4,71,4611.0,27872.0,13916,18567,0.16543484500574052,0.2483438358377767
14994837a2a688e0.jpg,DRIP,336,336,4,72,529.0,16329.0,14112,2746,0.03239635005205463,0.19264384559359068
14994837a2a688e0.jpg,Fixed,336,336,4,72,398.0,16460.0,14112,2746,0.024179829890643986,0.14493809176984704
14994837a2a688e0.jpg,PruneSID,336,336,4,71,1400.0,15262.0,13916,2746,0.09173109684182938,0.5098324836125273
14b934a7021b311a.jpg,DRIP,336,336,9,72,7818.0,31449.0,14112,25155,0.2485929600305256,0.31079308288610613
14b934a7021b311a.jpg,Fixed,336,336,9,72,3230.0,36037.0,14112,25155,0.08963010239476094,0.12840389584575632
14b934a7021b311a.jpg,PruneSID,336,336,9,71,6019.0,33052.0,13916,25155,0.18210698293597966,0.2392764857881137
14e0ea396adc7cca.jpg,DRIP,336,336,4,72,42.0,16998.0,14112,2928,0.0024708789269325803,0.014344262295081968
14e0ea396adc7cca.jpg,Fixed,336,336,4,72,519.0,16521.0,14112,2928,0.03141456328309424,0.17725409836065573
14e0ea396adc7cca.jpg,PruneSID,336,336,4,71,173.0,16671.0,13916,2928,0.010377301901505608,0.059084699453551916
15028997a80e03d3.jpg,DRIP,336,336,0,73,,,14308,0,,
15028997a80e03d3.jpg,Fixed,336,336,0,72,,,14112,0,,
15028997a80e03d3.jpg,PruneSID,336,336,0,71,,,13916,0,,
1513e33effd3e7ed.jpg,DRIP,336,336,0,73,,,14308,0,,
1513e33effd3e7ed.jpg,Fixed,336,336,0,72,,,14112,0,,
1513e33effd3e7ed.jpg,PruneSID,336,336,0,71,,,13916,0,,
151baa8554a73267.jpg,DRIP,336,336,5,72,1633.0,17037.0,14112,4558,0.09585020837001819,0.35827117156647653
151baa8554a73267.jpg,Fixed,336,336,5,72,234.0,18436.0,14112,4558,0.012692558038620091,0.051338306274681875
151baa8554a73267.jpg,PruneSID,336,336,5,71,1923.0,16551.0,13916,4558,0.1161863331520754,0.42189556823168056
1523442d50b91b10.jpg,DRIP,336,336,4,72,2005.0,16302.0,14112,4195,0.12299104404367563,0.47794994040524436
1523442d50b91b10.jpg,Fixed,336,336,4,72,372.0,17935.0,14112,4195,0.02074156676888765,0.08867699642431466
1523442d50b91b10.jpg,PruneSID,336,336,4,71,1658.0,16453.0,13916,4195,0.10077189570291133,0.3952324195470799
1523d69ea3411732.jpg,DRIP,336,336,2,72,3880.0,19709.0,14112,9477,0.19686437668070425,0.4094122612641131
1523d69ea3411732.jpg,Fixed,336,336,2,72,1098.0,22491.0,14112,9477,0.04881952781112445,0.11585944919278253
1523d69ea3411732.jpg,PruneSID,336,336,2,71,2249.0,21144.0,13916,9477,0.10636587211502081,0.23731138545953362
1526520f65bff202.jpg,DRIP,336,336,4,73,9835.0,42142.0,14308,37669,0.23337762801955295,0.26109002097215217
1526520f65bff202.jpg,Fixed,336,336,4,72,4046.0,47735.0,14112,37669,0.08475961034880067,0.10740927553160423
1526520f65bff202.jpg,PruneSID,336,336,4,71,6159.0,45426.0,13916,37669,0.13558314621582354,0.16350314582282513
152ae650714988a5.jpg,DRIP,336,336,0,73,,,14308,0,,
152ae650714988a5.jpg,Fixed,336,336,0,72,,,14112,0,,
152ae650714988a5.jpg,PruneSID,336,336,0,71,,,13916,0,,
152bd25b79642ed0.jpg,DRIP,336,336,4,73,5140.0,34390.0,14308,25222,0.14946205292236114,0.20379034176512567
152bd25b79642ed0.jpg,Fixed,336,336,4,72,3005.0,36329.0,14112,25222,0.0827162872636186,0.11914201887241298
152bd25b79642ed0.jpg,PruneSID,336,336,4,71,5760.0,33378.0,13916,25222,0.17256875786446163,0.2283720561414638
15523c3d0bda6613.jpg,DRIP,336,336,0,73,,,14308,0,,
15523c3d0bda6613.jpg,Fixed,336,336,0,72,,,14112,0,,
15523c3d0bda6613.jpg,PruneSID,336,336,0,71,,,13916,0,,
155cc6d257b99e0a.jpg,DRIP,336,336,0,73,,,14308,0,,
155cc6d257b99e0a.jpg,Fixed,336,336,0,72,,,14112,0,,
155cc6d257b99e0a.jpg,PruneSID,336,336,0,71,,,13916,0,,
1582ecaf88bcf8b8.jpg,DRIP,336,336,4,72,493.0,15585.0,14112,1966,0.031632980429900544,0.25076297049847407
1582ecaf88bcf8b8.jpg,Fixed,336,336,4,72,107.0,15971.0,14112,1966,0.006699643103124413,0.05442522889114954
1582ecaf88bcf8b8.jpg,PruneSID,336,336,4,71,1264.0,14618.0,13916,1966,0.08646873717334792,0.6429298067141404
1585cc71c6867751.jpg,DRIP,336,336,5,72,3374.0,25744.0,14112,15006,0.13105966438781852,0.22484339597494335
1585cc71c6867751.jpg,Fixed,336,336,5,72,1862.0,27256.0,14112,15006,0.06831523334311711,0.12408369985339197
1585cc71c6867751.jpg,PruneSID,336,336,5,71,2997.0,25925.0,13916,15006,0.11560270009643202,0.1997201119552179
1598ac1613e25ed4.jpg,DRIP,336,336,1,72,350.0,14383.0,14112,621,0.024334283529166376,0.5636070853462157
1598ac1613e25ed4.jpg,Fixed,336,336,1,72,126.0,14607.0,14112,621,0.00862600123228589,0.2028985507246377
1598ac1613e25ed4.jpg,PruneSID,336,336,1,71,341.0,14196.0,13916,621,0.024020850943927866,0.5491143317230274
15a842e662f7b039.jpg,DRIP,336,336,0,72,,,14112,0,,
15a842e662f7b039.jpg,Fixed,336,336,0,72,,,14112,0,,
15a842e662f7b039.jpg,PruneSID,336,336,0,71,,,13916,0,,
15bba876413769d2.jpg,DRIP,336,336,3,72,588.0,17348.0,14112,3824,0.03389439704865114,0.15376569037656904
15bba876413769d2.jpg,Fixed,336,336,3,72,0.0,17936.0,14112,3824,0.0,0.0
15bba876413769d2.jpg,PruneSID,336,336,3,71,852.0,16888.0,13916,3824,0.05045002368545713,0.22280334728033474
15e5f140920f0826.jpg,DRIP,336,336,6,72,7209.0,42508.0,14112,35605,0.1695916062858756,0.20247156298272714
15e5f140920f0826.jpg,Fixed,336,336,6,72,3906.0,45811.0,14112,35605,0.08526336469406912,0.10970369330150259
15e5f140920f0826.jpg,PruneSID,336,336,6,71,4757.0,44764.0,13916,35605,0.10626842998838353,0.1336048307821935
15f40b53304867ca.jpg,DRIP,336,336,1,73,444.0,15430.0,14308,1566,0.0287751134154245,0.2835249042145594
15f40b53304867ca.jpg,Fixed,336,336,1,72,378.0,15300.0,14112,1566,0.024705882352941175,0.2413793103448276
15f40b53304867ca.jpg,PruneSID,336,336,1,71,766.0,14716.0,13916,1566,0.052052188094590925,0.4891443167305236
162cacdb3cd23d59.jpg,DRIP,336,336,4,72,1057.0,15795.0,14112,2740,0.06691991136435581,0.38576642335766426
162cacdb3cd23d59.jpg,Fixed,336,336,4,72,79.0,16773.0,14112,2740,0.004709950515709772,0.028832116788321167
162cacdb3cd23d59.jpg,PruneSID,336,336,4,71,2002.0,14654.0,13916,2740,0.13661798826259042,0.7306569343065693
1633f9f22f7b2d31.jpg,DRIP,336,336,2,73,5544.0,52908.0,14308,44144,0.10478566568382854,0.1255889815150417
1633f9f22f7b2d31.jpg,Fixed,336,336,2,72,5080.0,53176.0,14112,44144,0.09553181886565368,0.11507792678506705
1633f9f22f7b2d31.jpg,PruneSID,336,336,2,71,5502.0,52558.0,13916,44144,0.10468434871950988,0.12463754983689743
1643223e99fad9fa.jpg,DRIP,336,336,4,72,1172.0,16401.0,14112,3461,0.07145905737455033,0.3386304536261196
1643223e99fad9fa.jpg,Fixed,336,336,4,72,626.0,16947.0,14112,3461,0.03693869121378415,0.180872580179139
1643223e99fad9fa.jpg,PruneSID,336,336,4,71,1590.0,15787.0,13916,3461,0.10071577880534617,0.45940479630164693
164728075a91affa.jpg,DRIP,336,336,1,72,0.0,14469.0,14112,357,0.0,0.0
164728075a91affa.jpg,Fixed,336,336,1,72,0.0,14469.0,14112,357,0.0,0.0
164728075a91affa.jpg,PruneSID,336,336,1,71,42.0,14231.0,13916,357,0.002951303492375799,0.11764705882352941
16797ddc86499d77.jpg,DRIP,336,336,2,72,1100.0,15025.0,14112,2013,0.07321131447587355,0.546448087431694
16797ddc86499d77.jpg,Fixed,336,336,2,72,0.0,16125.0,14112,2013,0.0,0.0
16797ddc86499d77.jpg,PruneSID,336,336,2,71,1319.0,14610.0,13916,2013,0.09028062970568104,0.6552409339294585
167f14982f246c7c.jpg,DRIP,336,336,2,72,2450.0,19025.0,14112,7363,0.1287779237844941,0.33274480510661414
167f14982f246c7c.jpg,Fixed,336,336,2,72,828.0,20647.0,14112,7363,0.04010267835520899,0.11245416270541898
167f14982f246c7c.jpg,PruneSID,336,336,2,71,1918.0,19361.0,13916,7363,0.09906513093331956,0.2604916474263208
16800cb9cdbd89ed.jpg,DRIP,336,336,0,72,,,14112,0,,
16800cb9cdbd89ed.jpg,Fixed,336,336,0,72,,,14112,0,,
16800cb9cdbd89ed.jpg,PruneSID,336,336,0,71,,,13916,0,,
1690c0d20a42a7d8.jpg,DRIP,336,336,3,73,5747.0,23989.0,14308,15428,0.23956813539538954,0.37250453720508164
1690c0d20a42a7d8.jpg,Fixed,336,336,3,72,2012.0,27528.0,14112,15428,0.07308921825050857,0.13041223749027742
1690c0d20a42a7d8.jpg,PruneSID,336,336,3,71,2380.0,26964.0,13916,15428,0.08826583592938733,0.1542649727767695
16a2efa447e3c7ed.jpg,DRIP,336,336,1,72,837.0,14436.0,14112,1161,0.05798004987531172,0.7209302325581395
16a2efa447e3c7ed.jpg,Fixed,336,336,1,72,0.0,15273.0,14112,1161,0.0,0.0
16a2efa447e3c7ed.jpg,PruneSID,336,336,1,71,747.0,14330.0,13916,1161,0.05212840195394278,0.6434108527131783
16ad7f23bbf97510.jpg,DRIP,336,336,0,73,,,14308,0,,
16ad7f23bbf97510.jpg,Fixed,336,336,0,72,,,14112,0,,
16ad7f23bbf97510.jpg,PruneSID,336,336,0,71,,,13916,0,,
16b21fa99bab05e5.jpg,DRIP,336,336,2,73,1158.0,15205.0,14308,2055,0.07615915817165406,0.5635036496350365
16b21fa99bab05e5.jpg,Fixed,336,336,2,72,386.0,15781.0,14112,2055,0.02445979342247006,0.1878345498783455
16b21fa99bab05e5.jpg,PruneSID,336,336,2,71,826.0,15145.0,13916,2055,0.05453945196434467,0.4019464720194647
16c12e0d27099899.jpg,DRIP,336,336,2,72,5168.0,34053.0,14112,25109,0.1517634275981558,0.2058226134055518
16c12e0d27099899.jpg,Fixed,336,336,2,72,3278.0,35943.0,14112,25109,0.09119995548507359,0.13055079851845952
16c12e0d27099899.jpg,PruneSID,336,336,2,71,4162.0,34863.0,13916,25109,0.11938157932478559,0.16575729817993548
16c541870771068e.jpg,DRIP,336,336,1,72,9800.0,54407.0,14112,50095,0.18012388111823846,0.19562830621818544
16c541870771068e.jpg,Fixed,336,336,1,72,6524.0,57683.0,14112,50095,0.11310091361406308,0.13023255813953488
16c541870771068e.jpg,PruneSID,336,336,1,71,7124.0,56887.0,13916,50095,0.1252307205512683,0.14220980137738298
16d43c53d4725200.jpg,DRIP,336,336,2,73,4069.0,21093.0,14308,10854,0.19290759967761817,0.3748848350838401
16d43c53d4725200.jpg,Fixed,336,336,2,72,994.0,23972.0,14112,10854,0.04146504254964125,0.09157914133038511
16d43c53d4725200.jpg,PruneSID,336,336,2,71,2646.0,22124.0,13916,10854,0.11959862592659555,0.24378109452736318
16d7442d62141383.jpg,DRIP,336,336,6,73,1869.0,26880.0,14308,14441,0.06953125,0.12942317014057197
16d7442d62141383.jpg,Fixed,336,336,6,72,1652.0,26901.0,14112,14441,0.06141035649232371,0.11439650993698497
16d7442d62141383.jpg,PruneSID,336,336,6,71,1963.0,26394.0,13916,14441,0.0743729635523225,0.13593241465272488
16dc9c57eeb1b8f8.jpg,DRIP,336,336,8,72,6434.0,39595.0,14112,31917,0.16249526455360525,0.2015853620327725
16dc9c57eeb1b8f8.jpg,Fixed,336,336,8,72,4512.0,41517.0,14112,31917,0.10867837271479153,0.1413666697997932
16dc9c57eeb1b8f8.jpg,PruneSID,336,336,8,71,4652.0,41181.0,13916,31917,0.11296471673830165,0.14575304696556693
16e11d9070162146.jpg,DRIP,336,336,0,72,,,14112,0,,
16e11d9070162146.jpg,Fixed,336,336,0,72,,,14112,0,,
16e11d9070162146.jpg,PruneSID,336,336,0,71,,,13916,0,,
16ea697926708698.jpg,DRIP,336,336,1,73,1010.0,16448.0,14308,3150,0.0614056420233463,0.32063492063492066
16ea697926708698.jpg,Fixed,336,336,1,72,1116.0,16146.0,14112,3150,0.06911928651059086,0.35428571428571426
16ea697926708698.jpg,PruneSID,336,336,1,71,728.0,16338.0,13916,3150,0.044558697514995714,0.2311111111111111
16f467e6724072eb.jpg,DRIP,336,336,4,72,1050.0,15449.0,14112,2387,0.06796556411418214,0.4398826979472141
16f467e6724072eb.jpg,Fixed,336,336,4,72,334.0,16165.0,14112,2387,0.02066192390968141,0.13992459153749476
16f467e6724072eb.jpg,PruneSID,336,336,4,71,1268.0,15035.0,13916,2387,0.08433654805453941,0.5312107247591119
171f43c875d913b6.jpg,DRIP,336,336,5,72,1546.0,16508.0,14112,3942,0.09365156287860431,0.3921867072552004
171f43c875d913b6.jpg,Fixed,336,336,5,72,914.0,17140.0,14112,3942,0.05332555425904317,0.23186199898528664
171f43c875d913b6.jpg,PruneSID,336,336,5,71,1532.0,16326.0,13916,3942,0.09383804973661644,0.38863521055301875
173ec59258b40567.jpg,DRIP,336,336,2,73,1437.0,18958.0,14308,6087,0.07579913492984491,0.23607688516510597
173ec59258b40567.jpg,Fixed,336,336,2,72,546.0,19653.0,14112,6087,0.027782018012517173,0.08969935929029078
173ec59258b40567.jpg,PruneSID,336,336,2,71,1526.0,18477.0,13916,6087,0.08258916490772311,0.250698209298505
174c9770bc42ddc6.jpg,DRIP,336,336,12,73,9067.0,51265.0,14308,46024,0.17686530771481518,0.19700590996002085
174c9770bc42ddc6.jpg,Fixed,336,336,12,72,6355.0,53781.0,14112,46024,0.11816440750450903,0.1380801321049887
174c9770bc42ddc6.jpg,PruneSID,336,336,12,71,7726.0,52214.0,13916,46024,0.14796797793695177,0.1678689379454198
17592424b0aa8930.jpg,DRIP,336,336,1,72,476.0,16301.0,14112,2665,0.029200662536040735,0.17861163227016885
17592424b0aa8930.jpg,Fixed,336,336,1,72,574.0,16203.0,14112,2665,0.0354255384805283,0.2153846153846154
17592424b0aa8930.jpg,PruneSID,336,336,1,71,790.0,15791.0,13916,2665,0.05002849724526629,0.2964352720450281
1763135fd85e993d.jpg,DRIP,336,336,1,73,93.0,14774.0,14308,559,0.006294842290510356,0.16636851520572452
1763135fd85e993d.jpg,Fixed,336,336,1,72,156.0,14515.0,14112,559,0.010747502583534276,0.27906976744186046
1763135fd85e993d.jpg,PruneSID,336,336,1,71,338.0,14137.0,13916,559,0.02390889156115159,0.6046511627906976
176e10f034dc294d.jpg,DRIP,336,336,2,72,186.0,14456.0,14112,530,0.012866629773104593,0.35094339622641507
176e10f034dc294d.jpg,Fixed,336,336,2,72,84.0,14558.0,14112,530,0.005770023354856436,0.15849056603773584
176e10f034dc294d.jpg,PruneSID,336,336,2,71,276.0,14170.0,13916,530,0.019477769936485534,0.5207547169811321
177df4b3ed04b320.jpg,DRIP,336,336,1,72,784.0,14903.0,14112,1575,0.05260685767966181,0.49777777777777776
177df4b3ed04b320.jpg,Fixed,336,336,1,72,350.0,15337.0,14112,1575,0.022820629849383843,0.2222222222222222
177df4b3ed04b320.jpg,PruneSID,336,336,1,71,924.0,14567.0,13916,1575,0.06343104276790004,0.5866666666666667
178e3c5f3d9b34e2.jpg,DRIP,336,336,3,72,100.0,16768.0,14112,2756,0.0059637404580152676,0.036284470246734396
178e3c5f3d9b34e2.jpg,Fixed,336,336,3,72,142.0,16726.0,14112,2756,0.008489776396030133,0.05152394775036284
178e3c5f3d9b34e2.jpg,PruneSID,336,336,3,71,928.0,15744.0,13916,2756,0.05894308943089431,0.3367198838896952
17a12bb5286b1f9f.jpg,DRIP,336,336,1,72,551.0,14274.0,14112,713,0.03860165335575172,0.7727910238429172
17a12bb5286b1f9f.jpg,Fixed,336,336,1,72,0.0,14825.0,14112,713,0.0,0.0
17a12bb5286b1f9f.jpg,PruneSID,336,336,1,71,329.0,14300.0,13916,713,0.023006993006993007,0.46143057503506313
17af356f6eae6f6c.jpg,DRIP,336,336,0,73,,,14308,0,,
17af356f6eae6f6c.jpg,Fixed,336,336,0,72,,,14112,0,,
17af356f6eae6f6c.jpg,PruneSID,336,336,0,71,,,13916,0,,
17b0a237933d90c8.jpg,DRIP,336,336,14,73,3424.0,21317.0,14308,10433,0.16062297696674016,0.32818939902233296
17b0a237933d90c8.jpg,Fixed,336,336,14,72,1711.0,22834.0,14112,10433,0.07493211877025488,0.1639988498035081
17b0a237933d90c8.jpg,PruneSID,336,336,14,71,3882.0,20467.0,13916,10433,0.18967117799384375,0.37208856512987637
17b543d8807270a2.jpg,DRIP,336,336,17,73,5939.0,38152.0,14308,29783,0.15566680645837702,0.1994090588590807
17b543d8807270a2.jpg,Fixed,336,336,17,72,3676.0,40219.0,14112,29783,0.09139958725975285,0.1234261155692845
17b543d8807270a2.jpg,PruneSID,336,336,17,71,5728.0,37971.0,13916,29783,0.1508519659740328,0.19232448040828662
17bc2f78adbaab7d.jpg,DRIP,336,336,13,73,2704.0,26592.0,14308,14988,0.10168471720818291,0.1804109954630371
17bc2f78adbaab7d.jpg,Fixed,336,336,13,72,1337.0,27763.0,14112,14988,0.0481576198537622,0.08920469709100613
17bc2f78adbaab7d.jpg,PruneSID,336,336,13,71,3473.0,25431.0,13916,14988,0.13656560890252054,0.23171870829997332
17c0115aebed9d5d.jpg,DRIP,336,336,1,72,0.0,14733.0,14112,621,0.0,0.0
17c0115aebed9d5d.jpg,Fixed,336,336,1,72,311.0,14422.0,14112,621,0.02156427679933435,0.500805152979066
17c0115aebed9d5d.jpg,PruneSID,336,336,1,71,472.0,14065.0,13916,621,0.03355847849271241,0.7600644122383253
17d04054ffd70261.jpg,DRIP,336,336,1,72,0.0,14567.0,14112,455,0.0,0.0
17d04054ffd70261.jpg,Fixed,336,336,1,72,0.0,14567.0,14112,455,0.0,0.0
17d04054ffd70261.jpg,PruneSID,336,336,1,71,141.0,14230.0,13916,455,0.009908643710470837,0.3098901098901099
17f184cad1ba4d19.jpg,DRIP,336,336,8,72,2190.0,19533.0,14112,7611,0.11211795423130087,0.28774142688214427
17f184cad1ba4d19.jpg,Fixed,336,336,8,72,1369.0,20354.0,14112,7611,0.06725950673086371,0.17987123899618973
17f184cad1ba4d19.jpg,PruneSID,336,336,8,71,3484.0,18043.0,13916,7611,0.19309427478800642,0.457758507423466
1807102148ab8667.jpg,DRIP,336,336,5,73,3824.0,18492.0,14308,8008,0.20679212632489724,0.4775224775224775
1807102148ab8667.jpg,Fixed,336,336,5,72,1072.0,21048.0,14112,8008,0.050931204865070315,0.13386613386613386
1807102148ab8667.jpg,PruneSID,336,336,5,71,2062.0,19862.0,13916,8008,0.10381633269559963,0.2574925074925075
1810f6deb7184d5e.jpg,DRIP,336,336,2,73,4862.0,28471.0,14308,19025,0.17077025745495417,0.2555584756898817
1810f6deb7184d5e.jpg,Fixed,336,336,2,72,2364.0,30773.0,14112,19025,0.07682058947778897,0.12425755584756899
1810f6deb7184d5e.jpg,PruneSID,336,336,2,71,4302.0,28639.0,13916,19025,0.1502147421348511,0.22612352168199737
181f00d3ee2b2076.jpg,DRIP,336,336,0,72,,,14112,0,,
181f00d3ee2b2076.jpg,Fixed,336,336,0,72,,,14112,0,,
181f00d3ee2b2076.jpg,PruneSID,336,336,0,71,,,13916,0,,
18425568d6047c4a.jpg,DRIP,336,336,8,73,8773.0,51086.0,14308,45551,0.1717300238812982,0.19259730851133894
18425568d6047c4a.jpg,Fixed,336,336,8,72,5414.0,54249.0,14112,45551,0.0997990746373205,0.11885578801782617
18425568d6047c4a.jpg,PruneSID,336,336,8,71,5661.0,53806.0,13916,45551,0.10521131472326506,0.12427828148668525
184d3e681aa3d556.jpg,DRIP,336,336,64,72,6725.0,56626.0,14112,49239,0.11876169957263448,0.13657872824387174
184d3e681aa3d556.jpg,Fixed,336,336,64,72,5395.0,57956.0,14112,49239,0.09308785975567672,0.10956761916367107
184d3e681aa3d556.jpg,PruneSID,336,336,64,71,9169.0,53986.0,13916,49239,0.1698403289741785,0.18621417981681188
18592fd2037cb7cf.jpg,DRIP,336,336,3,73,8498.0,36752.0,14308,30942,0.2312255115367871,0.2746428802275225
18592fd2037cb7cf.jpg,Fixed,336,336,3,72,3347.0,41707.0,14112,30942,0.08025031769247369,0.10817012474953139
18592fd2037cb7cf.jpg,PruneSID,336,336,3,71,4501.0,40357.0,13916,30942,0.11152959833486137,0.14546571003813585
187a0ffb7d461f8c.jpg,DRIP,336,336,1,73,1540.0,20036.0,14308,7268,0.07686164903174286,0.21188772702256467
187a0ffb7d461f8c.jpg,Fixed,336,336,1,72,644.0,20736.0,14112,7268,0.031057098765432098,0.08860759493670886
187a0ffb7d461f8c.jpg,PruneSID,336,336,1,71,802.0,20382.0,13916,7268,0.03934844470611324,0.11034672537149147
188a12a06f4c60eb.jpg,DRIP,336,336,59,72,671.0,19533.0,14112,6092,0.034352122049864334,0.11014445173998687
188a12a06f4c60eb.jpg,Fixed,336,336,59,72,649.0,19555.0,14112,6092,0.03318844285349016,0.10653315824031517
188a12a06f4c60eb.jpg,PruneSID,336,336,59,71,362.0,19646.0,13916,6092,0.01842614272625471,0.05942219304005253
18c576cb6d99662d.jpg,DRIP,336,336,5,72,2638.0,17830.0,14112,6356,0.14795288839035334,0.4150409062303335
18c576cb6d99662d.jpg,Fixed,336,336,5,72,1008.0,19460.0,14112,6356,0.051798561151079135,0.15859030837004406
18c576cb6d99662d.jpg,PruneSID,336,336,5,71,1156.0,19116.0,13916,6356,0.06047290228081188,0.18187539332913782
18ce8f16aa65d897.jpg,DRIP,336,336,1,73,914.0,14944.0,14308,1550,0.061161670235546035,0.5896774193548387
18ce8f16aa65d897.jpg,Fixed,336,336,1,72,324.0,15338.0,14112,1550,0.021124005737384273,0.20903225806451614
18ce8f16aa65d897.jpg,PruneSID,336,336,1,71,914.0,14552.0,13916,1550,0.06280923584387026,0.5896774193548387
18d06cdc3aef9386.jpg,DRIP,336,336,8,72,2342.0,25633.0,14112,13863,0.09136659774509422,0.16893890211353962
18d06cdc3aef9386.jpg,Fixed,336,336,8,72,1581.0,26394.0,14112,13863,0.05989997726756081,0.11404457909543389
18d06cdc3aef9386.jpg,PruneSID,336,336,8,71,4799.0,22980.0,13916,13863,0.2088337684943429,0.3461732669696314
18f47403726698a7.jpg,DRIP,336,336,1,72,27.0,14448.0,14112,363,0.0018687707641196014,0.0743801652892562
18f47403726698a7.jpg,Fixed,336,336,1,72,154.0,14321.0,14112,363,0.01075343900565603,0.42424242424242425
18f47403726698a7.jpg,PruneSID,336,336,1,71,252.0,14027.0,13916,363,0.017965352534397946,0.6942148760330579
190d115c6f68ca26.jpg,DRIP,336,336,2,73,6316.0,31663.0,14308,23671,0.19947572876859426,0.2668243842676693
190d115c6f68ca26.jpg,Fixed,336,336,2,72,3080.0,34703.0,14112,23671,0.08875313373483561,0.1301170208271725
190d115c6f68ca26.jpg,PruneSID,336,336,2,71,3336.0,34251.0,13916,23671,0.09739861609880003,0.14093194203878162
19216f9956a62af4.jpg,DRIP,336,336,22,72,8565.0,42416.0,14112,36869,0.20192851754055074,0.23230898586888715
19216f9956a62af4.jpg,Fixed,336,336,22,72,3982.0,46999.0,14112,36869,0.08472520691929615,0.10800401421248203
19216f9956a62af4.jpg,PruneSID,336,336,22,71,5236.0,45549.0,13916,36869,0.11495312740126018,0.14201632808050124
1926cfc9165c9a9e.jpg,DRIP,336,336,0,73,,,14308,0,,
1926cfc9165c9a9e.jpg,Fixed,336,336,0,72,,,14112,0,,
1926cfc9165c9a9e.jpg,PruneSID,336,336,0,71,,,13916,0,,
192b2b724c91a183.jpg,DRIP,336,336,0,73,,,14308,0,,
192b2b724c91a183.jpg,Fixed,336,336,0,72,,,14112,0,,
192b2b724c91a183.jpg,PruneSID,336,336,0,71,,,13916,0,,
193afa713a3261c8.jpg,DRIP,336,336,20,72,6505.0,38850.0,14112,31243,0.16743886743886743,0.20820663828697628
193afa713a3261c8.jpg,Fixed,336,336,20,72,3115.0,42240.0,14112,31243,0.07374526515151515,0.09970233332266427
193afa713a3261c8.jpg,PruneSID,336,336,20,71,6834.0,38325.0,13916,31243,0.1783170254403131,0.21873699708734756
193fa8fb37659465.jpg,DRIP,336,336,9,73,1588.0,18474.0,14308,5754,0.08595864458157411,0.2759819256169621
193fa8fb37659465.jpg,Fixed,336,336,9,72,784.0,19082.0,14112,5754,0.041085840058694055,0.1362530413625304
193fa8fb37659465.jpg,PruneSID,336,336,9,71,2845.0,16825.0,13916,5754,0.16909361069836554,0.49443865137295795
19a814bbda03f496.jpg,DRIP,336,336,4,72,982.0,18698.0,14112,5568,0.05251898598780618,0.17636494252873564
19a814bbda03f496.jpg,Fixed,336,336,4,72,659.0,19021.0,14112,5568,0.034645917669943745,0.11835488505747127
19a814bbda03f496.jpg,PruneSID,336,336,4,71,882.0,18602.0,13916,5568,0.047414256531555746,0.1584051724137931
19be5fa8ca794c00.jpg,DRIP,336,336,4,72,2506.0,19363.0,14112,7757,0.12942209368382998,0.32306303983498774
19be5fa8ca794c00.jpg,Fixed,336,336,4,72,732.0,21137.0,14112,7757,0.0346312154042674,0.0943663787546732
19be5fa8ca794c00.jpg,PruneSID,336,336,4,71,1162.0,20511.0,13916,7757,0.05665252791185218,0.14980018048214516
19c19861d0fa49b2.jpg,DRIP,336,336,6,72,984.0,16388.0,14112,3260,0.06004393458628265,0.301840490797546
19c19861d0fa49b2.jpg,Fixed,336,336,6,72,508.0,16864.0,14112,3260,0.030123339658444024,0.1558282208588957
19c19861d0fa49b2.jpg,PruneSID,336,336,6,71,1496.0,15680.0,13916,3260,0.09540816326530613,0.4588957055214724
19d7af71afd593a4.jpg,DRIP,336,336,3,72,0.0,15722.0,14112,1610,0.0,0.0
19d7af71afd593a4.jpg,Fixed,336,336,3,72,490.0,15232.0,14112,1610,0.03216911764705882,0.30434782608695654
19d7af71afd593a4.jpg,PruneSID,336,336,3,71,248.0,15278.0,13916,1610,0.016232491163764892,0.15403726708074533
19f3889aa7056ccb.jpg,DRIP,336,336,1,72,980.0,14665.0,14112,1533,0.06682577565632458,0.639269406392694
19f3889aa7056ccb.jpg,Fixed,336,336,1,72,294.0,15351.0,14112,1533,0.019151846785225718,0.1917808219178082
19f3889aa7056ccb.jpg,PruneSID,336,336,1,71,882.0,14567.0,13916,1533,0.06054781355117732,0.5753424657534246
1a053f0aa7eb9c09.jpg,DRIP,336,336,16,73,7648.0,42195.0,14308,35535,0.18125370304538452,0.21522442662164062
1a053f0aa7eb9c09.jpg,Fixed,336,336,16,72,4174.0,45473.0,14112,35535,0.09179073296241726,0.11746165752075419
1a053f0aa7eb9c09.jpg,PruneSID,336,336,16,71,5977.0,43474.0,13916,35535,0.13748447347840087,0.16820036583649922
1a22c622b58e88eb.jpg,DRIP,336,336,0,73,,,14308,0,,
1a22c622b58e88eb.jpg,Fixed,336,336,0,72,,,14112,0,,
1a22c622b58e88eb.jpg,PruneSID,336,336,0,71,,,13916,0,,
1a2ff55b5acc0bc9.jpg,DRIP,336,336,1,72,150.0,16250.0,14112,2288,0.009230769230769232,0.06555944055944056
1a2ff55b5acc0bc9.jpg,Fixed,336,336,1,72,220.0,16180.0,14112,2288,0.013597033374536464,0.09615384615384616
1a2ff55b5acc0bc9.jpg,PruneSID,336,336,1,71,550.0,15654.0,13916,2288,0.03513478983007538,0.2403846153846154
1a3f633876701162.jpg,DRIP,336,336,2,72,1077.0,14883.0,14112,1848,0.07236444265269099,0.5827922077922078
1a3f633876701162.jpg,Fixed,336,336,2,72,38.0,15922.0,14112,1848,0.002386634844868735,0.020562770562770564
1a3f633876701162.jpg,PruneSID,336,336,2,71,1111.0,14653.0,13916,1848,0.07582065106121613,0.6011904761904762
1a41b139f2dfc507.jpg,DRIP,336,336,0,72,,,14112,0,,
1a41b139f2dfc507.jpg,Fixed,336,336,0,72,,,14112,0,,
1a41b139f2dfc507.jpg,PruneSID,336,336,0,71,,,13916,0,,
1a6ac5286874b160.jpg,DRIP,336,336,0,73,,,14308,0,,
1a6ac5286874b160.jpg,Fixed,336,336,0,72,,,14112,0,,
1a6ac5286874b160.jpg,PruneSID,336,336,0,71,,,13916,0,,
1a77f252d4b2cec2.jpg,DRIP,336,336,15,73,8964.0,42854.0,14308,37510,0.2091753395248985,0.2389762729938683
1a77f252d4b2cec2.jpg,Fixed,336,336,15,72,5275.0,46347.0,14112,37510,0.11381534942930502,0.14062916555585178
1a77f252d4b2cec2.jpg,PruneSID,336,336,15,71,7493.0,43933.0,13916,37510,0.1705551635444882,0.19976006398293789
1a79766429ca0bbf.jpg,DRIP,336,336,3,73,2964.0,18255.0,14308,6911,0.16236647493837306,0.428881493271596
1a79766429ca0bbf.jpg,Fixed,336,336,3,72,696.0,20327.0,14112,6911,0.034240173168691886,0.10070901461438286
1a79766429ca0bbf.jpg,PruneSID,336,336,3,71,957.0,19870.0,13916,6911,0.048163059889280324,0.13847489509477645
1a7d8713b01c1ed4.jpg,DRIP,336,336,3,72,1952.0,17935.0,14112,5775,0.1088374686367438,0.33800865800865804
1a7d8713b01c1ed4.jpg,Fixed,336,336,3,72,700.0,19187.0,14112,5775,0.036483035388544326,0.12121212121212122
1a7d8713b01c1ed4.jpg,PruneSID,336,336,3,71,1470.0,18221.0,13916,5775,0.08067614291202459,0.2545454545454545
1a8660659b3f4ac0.jpg,DRIP,336,336,1,72,6580.0,29477.0,14112,21945,0.22322488720019,0.29984051036682613
1a8660659b3f4ac0.jpg,Fixed,336,336,1,72,2926.0,33131.0,14112,21945,0.0883160785970843,0.13333333333333333
1a8660659b3f4ac0.jpg,PruneSID,336,336,1,71,5450.0,30411.0,13916,21945,0.17921146953405018,0.24834814308498518
1a8746200ed47472.jpg,DRIP,336,336,4,72,4633.0,37284.0,14112,27805,0.12426241819547258,0.16662470778636937
1a8746200ed47472.jpg,Fixed,336,336,4,72,3975.0,37942.0,14112,27805,0.10476516788782879,0.1429598992986873
1a8746200ed47472.jpg,PruneSID,336,336,4,71,4522.0,37199.0,13916,27805,0.12156240759160193,0.16263262003236828
1a8a818d9135b1f8.jpg,DRIP,336,336,2,72,7336.0,33591.0,14112,26815,0.21839183114524724,0.2735782211448816
1a8a818d9135b1f8.jpg,Fixed,336,336,2,72,4162.0,36765.0,14112,26815,0.11320549435604516,0.1552116352787619
1a8a818d9135b1f8.jpg,PruneSID,336,336,2,71,3970.0,36761.0,13916,26815,0.10799488588449715,0.14805146373298528
1a8d4bedfde14995.jpg,DRIP,336,336,1,72,609.0,15078.0,14112,1575,0.0403899721448468,0.38666666666666666
1a8d4bedfde14995.jpg,Fixed,336,336,1,72,413.0,15274.0,14112,1575,0.027039413382218148,0.26222222222222225
1a8d4bedfde14995.jpg,PruneSID,336,336,1,71,196.0,15295.0,13916,1575,0.012814645308924484,0.12444444444444444
1aa2ef4ecee9a6b7.jpg,DRIP,336,336,0,72,,,14112,0,,
1aa2ef4ecee9a6b7.jpg,Fixed,336,336,0,72,,,14112,0,,
1aa2ef4ecee9a6b7.jpg,PruneSID,336,336,0,71,,,13916,0,,
1aa93961e64cf814.jpg,DRIP,336,336,7,72,4022.0,28971.0,14112,18881,0.13882848365606987,0.21301837826386313
1aa93961e64cf814.jpg,Fixed,336,336,7,72,2741.0,30252.0,14112,18881,0.0906055797963771,0.14517239552989777
1aa93961e64cf814.jpg,PruneSID,336,336,7,71,4010.0,28787.0,13916,18881,0.1392989891270365,0.2123828187066363
1ab8100642c0e3c4.jpg,DRIP,336,336,4,72,935.0,15952.0,14112,2775,0.05861334002006018,0.33693693693693694
1ab8100642c0e3c4.jpg,Fixed,336,336,4,72,201.0,16686.0,14112,2775,0.012046026609133405,0.07243243243243243
1ab8100642c0e3c4.jpg,PruneSID,336,336,4,71,940.0,15751.0,13916,2775,0.059678750555520285,0.3387387387387387
1ace6efb1e3dd50f.jpg,DRIP,336,336,7,73,3924.0,18720.0,14308,8336,0.20961538461538462,0.47072936660268716
1ace6efb1e3dd50f.jpg,Fixed,336,336,7,72,418.0,22030.0,14112,8336,0.01897412619155697,0.05014395393474088
1ace6efb1e3dd50f.jpg,PruneSID,336,336,7,71,2691.0,19561.0,13916,8336,0.1375696539031747,0.3228166986564299
1ae183173bc07d8c.jpg,DRIP,336,336,16,73,2468.0,22631.0,14308,10791,0.10905395254297202,0.2287091094430544
1ae183173bc07d8c.jpg,Fixed,336,336,16,72,1993.0,22910.0,14112,10791,0.08699257965953731,0.18469094615883608
1ae183173bc07d8c.jpg,PruneSID,336,336,16,71,4296.0,20411.0,13916,10791,0.21047474401058253,0.39810953572421465
1ae5e91e25c37fc2.jpg,DRIP,336,336,0,72,,,14112,0,,
1ae5e91e25c37fc2.jpg,Fixed,336,336,0,72,,,14112,0,,
1ae5e91e25c37fc2.jpg,PruneSID,336,336,0,71,,,13916,0,,
1aee501a75668a28.jpg,DRIP,336,336,14,73,5535.0,26135.0,14308,17362,0.21178496269370575,0.3187996774565142
1aee501a75668a28.jpg,Fixed,336,336,14,72,1732.0,29742.0,14112,17362,0.058234146997511935,0.09975809238566985
1aee501a75668a28.jpg,PruneSID,336,336,14,71,4173.0,27105.0,13916,17362,0.1539568345323741,0.24035249395230965
1af3bbec7f47fbc1.jpg,DRIP,336,336,1,72,1374.0,15158.0,14112,2420,0.09064520385275102,0.5677685950413223
1af3bbec7f47fbc1.jpg,Fixed,336,336,1,72,308.0,16224.0,14112,2420,0.01898422090729783,0.12727272727272726
1af3bbec7f47fbc1.jpg,PruneSID,336,336,1,71,434.0,15902.0,13916,2420,0.027292164507609105,0.1793388429752066
1b28c6b52c4ce879.jpg,DRIP,336,336,7,72,5351.0,22227.0,14112,13466,0.24074324020335627,0.3973711569879697
1b28c6b52c4ce879.jpg,Fixed,336,336,7,72,1834.0,25744.0,14112,13466,0.07123990055935364,0.1361948611317392
1b28c6b52c4ce879.jpg,PruneSID,336,336,7,71,5253.0,22129.0,13916,13466,0.23738081250847304,0.3900935689885638
1b298b41ad5113a0.jpg,DRIP,336,336,6,72,1274.0,23101.0,14112,10263,0.05514912774338773,0.1241352431063042
1b298b41ad5113a0.jpg,Fixed,336,336,6,72,1624.0,22751.0,14112,10263,0.07138147773724232,0.1582383318717724
1b298b41ad5113a0.jpg,PruneSID,336,336,6,71,1450.0,22729.0,13916,10263,0.0637951515684808,0.14128422488551107
1b3c95d8cb764265.jpg,DRIP,336,336,8,73,5702.0,29432.0,14308,20826,0.19373471051916283,0.2737923749159704
1b3c95d8cb764265.jpg,Fixed,336,336,8,72,2775.0,32163.0,14112,20826,0.08627926499393714,0.13324690290982427
1b3c95d8cb764265.jpg,PruneSID,336,336,8,71,4465.0,30277.0,13916,20826,0.14747167817154935,0.21439546720445596
1b5672fadf307e88.jpg,DRIP,336,336,0,72,,,14112,0,,
1b5672fadf307e88.jpg,Fixed,336,336,0,72,,,14112,0,,
1b5672fadf307e88.jpg,PruneSID,336,336,0,71,,,13916,0,,
1b589cc296fa0e0a.jpg,DRIP,336,336,3,72,2348.0,27049.0,14112,15285,0.0868054271876964,0.15361465489041545
1b589cc296fa0e0a.jpg,Fixed,336,336,3,72,1988.0,27409.0,14112,15285,0.0725309205005655,0.13006215243702976
1b589cc296fa0e0a.jpg,PruneSID,336,336,3,71,1596.0,27605.0,13916,15285,0.05781561311356638,0.10441609421000982
1b68fd0ad4949519.jpg,DRIP,336,336,3,73,2621.0,16830.0,14308,5143,0.15573380867498515,0.5096247326463154
1b68fd0ad4949519.jpg,Fixed,336,336,3,72,406.0,18849.0,14112,5143,0.021539604223035705,0.0789422516041221
1b68fd0ad4949519.jpg,PruneSID,336,336,3,71,2602.0,16457.0,13916,5143,0.15810901136294586,0.5059303908224771
1b7fb0afdbc30ad0.jpg,DRIP,336,336,1,73,1014.0,14833.0,14308,1539,0.06836108676599474,0.6588693957115009
1b7fb0afdbc30ad0.jpg,Fixed,336,336,1,72,378.0,15273.0,14112,1539,0.024749558043606363,0.24561403508771928
1b7fb0afdbc30ad0.jpg,PruneSID,336,336,1,71,689.0,14766.0,13916,1539,0.046661248814844916,0.4476933073424301
1b8ef0f31361caa8.jpg,DRIP,336,336,0,72,,,14112,0,,
1b8ef0f31361caa8.jpg,Fixed,336,336,0,72,,,14112,0,,
1b8ef0f31361caa8.jpg,PruneSID,336,336,0,71,,,13916,0,,
1b96513db165397f.jpg,DRIP,336,336,3,72,1076.0,14822.0,14112,1786,0.07259479152610984,0.6024636058230683
1b96513db165397f.jpg,Fixed,336,336,3,72,318.0,15580.0,14112,1786,0.020410783055198972,0.1780515117581187
1b96513db165397f.jpg,PruneSID,336,336,3,71,920.0,14782.0,13916,1786,0.062237856852929235,0.5151175811870101
1ba3c3ee3e337b63.jpg,DRIP,336,336,1,73,1221.0,16708.0,14308,3621,0.0730787646636342,0.3371996685998343
1ba3c3ee3e337b63.jpg,Fixed,336,336,1,72,0.0,17733.0,14112,3621,0.0,0.0
1ba3c3ee3e337b63.jpg,PruneSID,336,336,1,71,462.0,17075.0,13916,3621,0.02705710102489019,0.1275890637945319
1bb85f4bddce0ecc.jpg,DRIP,336,336,0,72,,,14112,0,,
1bb85f4bddce0ecc.jpg,Fixed,336,336,0,72,,,14112,0,,
1bb85f4bddce0ecc.jpg,PruneSID,336,336,0,71,,,13916,0,,
1bc7681a45b589c2.jpg,DRIP,336,336,1,72,126.0,14652.0,14112,666,0.0085995085995086,0.1891891891891892
1bc7681a45b589c2.jpg,Fixed,336,336,1,72,94.0,14684.0,14112,666,0.00640152546989921,0.14114114114114115
1bc7681a45b589c2.jpg,PruneSID,336,336,1,71,334.0,14248.0,13916,666,0.023441886580572713,0.5015015015015015
1be77db0b0be9d65.jpg,DRIP,336,336,0,73,,,14308,0,,
1be77db0b0be9d65.jpg,Fixed,336,336,0,72,,,14112,0,,
1be77db0b0be9d65.jpg,PruneSID,336,336,0,71,,,13916,0,,
1bf6d6786d6084e8.jpg,DRIP,336,336,12,73,8509.0,31208.0,14308,25409,0.2726544475775442,0.3348813412570349
1bf6d6786d6084e8.jpg,Fixed,336,336,12,72,3268.0,36253.0,14112,25409,0.09014426392298569,0.12861584477940888
1bf6d6786d6084e8.jpg,PruneSID,336,336,12,71,5514.0,33811.0,13916,25409,0.16308302031883115,0.2170097209650124
1c2ef54c7711dc7b.jpg,DRIP,336,336,0,73,,,14308,0,,
1c2ef54c7711dc7b.jpg,Fixed,336,336,0,72,,,14112,0,,
1c2ef54c7711dc7b.jpg,PruneSID,336,336,0,71,,,13916,0,,
1c419ba5057ba752.jpg,DRIP,336,336,6,72,5743.0,28604.0,14112,20235,0.20077611522863936,0.28381517173214726
1c419ba5057ba752.jpg,Fixed,336,336,6,72,2654.0,31693.0,14112,20235,0.08374088915533398,0.1311588831233012
1c419ba5057ba752.jpg,PruneSID,336,336,6,71,2810.0,31341.0,13916,20235,0.08965891324463163,0.1388682975043242
1c41f90b6ec6d4b3.jpg,DRIP,336,336,1,72,826.0,15851.0,14112,2565,0.052110276954135386,0.3220272904483431
1c41f90b6ec6d4b3.jpg,Fixed,336,336,1,72,52.0,16625.0,14112,2565,0.0031278195488721803,0.0202729044834308
1c41f90b6ec6d4b3.jpg,PruneSID,336,336,1,71,868.0,15613.0,13916,2565,0.055594696727086404,0.33840155945419104
1c43f6087c64dd3a.jpg,DRIP,336,336,0,73,,,14308,0,,
1c43f6087c64dd3a.jpg,Fixed,336,336,0,72,,,14112,0,,
1c43f6087c64dd3a.jpg,PruneSID,336,336,0,71,,,13916,0,,
1c49203f56e59476.jpg,DRIP,336,336,1,72,413.0,15394.0,14112,1695,0.02682863453293491,0.24365781710914455
1c49203f56e59476.jpg,Fixed,336,336,1,72,210.0,15597.0,14112,1695,0.013464127716868628,0.12389380530973451
1c49203f56e59476.jpg,PruneSID,336,336,1,71,175.0,15436.0,13916,1695,0.011337133972531744,0.10324483775811209
1c61d149b0916c55.jpg,DRIP,336,336,4,72,3651.0,20835.0,14112,10374,0.17523398128149748,0.35193753614806245
1c61d149b0916c55.jpg,Fixed,336,336,4,72,1293.0,23193.0,14112,10374,0.05574957961453887,0.12463851937536148
1c61d149b0916c55.jpg,PruneSID,336,336,4,71,3363.0,20927.0,13916,10374,0.16070148611841162,0.3241758241758242
1c8548a47060eaf7.jpg,DRIP,336,336,4,73,6398.0,35547.0,14308,27637,0.1799870593861648,0.2315012483265188
1c8548a47060eaf7.jpg,Fixed,336,336,4,72,4447.0,37302.0,14112,27637,0.11921612782156453,0.16090747910409958
1c8548a47060eaf7.jpg,PruneSID,336,336,4,71,4131.0,37422.0,13916,27637,0.11038961038961038,0.14947353185946377
1cb540eb21d1389e.jpg,DRIP,336,336,4,72,,,14112,0,,
1cb540eb21d1389e.jpg,Fixed,336,336,4,72,,,14112,0,,
1cb540eb21d1389e.jpg,PruneSID,336,336,4,71,,,13916,0,,
1cc318956b4e27ff.jpg,DRIP,336,336,0,72,,,14112,0,,
1cc318956b4e27ff.jpg,Fixed,336,336,0,72,,,14112,0,,
1cc318956b4e27ff.jpg,PruneSID,336,336,0,71,,,13916,0,,
1cf91fe17df97c17.jpg,DRIP,336,336,3,72,714.0,14254.0,14112,856,0.05009120246948225,0.8341121495327103
1cf91fe17df97c17.jpg,Fixed,336,336,3,72,20.0,14948.0,14112,856,0.001337971635001338,0.02336448598130841
1cf91fe17df97c17.jpg,PruneSID,336,336,3,71,685.0,14087.0,13916,856,0.04862639312841627,0.8002336448598131
1d0c959cdfb5f87e.jpg,DRIP,336,336,0,73,,,14308,0,,
1d0c959cdfb5f87e.jpg,Fixed,336,336,0,72,,,14112,0,,
1d0c959cdfb5f87e.jpg,PruneSID,336,336,0,71,,,13916,0,,
1d183fac7aec357b.jpg,DRIP,336,336,5,73,2834.0,16744.0,14308,5270,0.16925465838509315,0.5377609108159392
1d183fac7aec357b.jpg,Fixed,336,336,5,72,0.0,19382.0,14112,5270,0.0,0.0
1d183fac7aec357b.jpg,PruneSID,336,336,5,71,2080.0,17106.0,13916,5270,0.12159476207178768,0.3946869070208729
1d354c0e6c7febdc.jpg,DRIP,336,336,0,73,,,14308,0,,
1d354c0e6c7febdc.jpg,Fixed,336,336,0,72,,,14112,0,,
1d354c0e6c7febdc.jpg,PruneSID,336,336,0,71,,,13916,0,,
1d3b2856f6220ba1.jpg,DRIP,336,336,2,73,5224.0,37983.0,14308,28899,0.1375352131216597,0.1807675006055573
1d3b2856f6220ba1.jpg,Fixed,336,336,2,72,3612.0,39399.0,14112,28899,0.09167745374248078,0.12498702377244887
1d3b2856f6220ba1.jpg,PruneSID,336,336,2,71,3570.0,39245.0,13916,28899,0.09096700216588101,0.12353368628672272
1d45ebf17653be85.jpg,DRIP,336,336,2,72,1302.0,15843.0,14112,3033,0.08218140503692482,0.42927794263105834
1d45ebf17653be85.jpg,Fixed,336,336,2,72,384.0,16761.0,14112,3033,0.022910327546089137,0.12660731948565776
1d45ebf17653be85.jpg,PruneSID,336,336,2,71,1604.0,15345.0,13916,3033,0.10452916259367873,0.5288493241015496
1d46aaad25ddca64.jpg,DRIP,336,336,2,72,1632.0,16686.0,14112,4206,0.09780654440848616,0.3880171184022825
1d46aaad25ddca64.jpg,Fixed,336,336,2,72,628.0,17690.0,14112,4206,0.035500282645562466,0.14931050879695673
1d46aaad25ddca64.jpg,PruneSID,336,336,2,71,1377.0,16745.0,13916,4206,0.08223350253807106,0.3273894436519258
1d4a0f82dae4d4da.jpg,DRIP,336,336,4,73,992.0,18712.0,14308,5396,0.05301410859341599,0.18383988139362492
1d4a0f82dae4d4da.jpg,Fixed,336,336,4,72,1226.0,18282.0,14112,5396,0.06706049666338475,0.22720533728687917
1d4a0f82dae4d4da.jpg,PruneSID,336,336,4,71,2236.0,17076.0,13916,5396,0.13094401499180136,0.4143810229799852
1d4bcd032ff3f069.jpg,DRIP,336,336,1,72,1568.0,15874.0,14112,3330,0.09877787577170215,0.4708708708708709
1d4bcd032ff3f069.jpg,Fixed,336,336,1,72,390.0,17052.0,14112,3330,0.02287121745249824,0.11711711711711711
1d4bcd032ff3f069.jpg,PruneSID,336,336,1,71,1512.0,15734.0,13916,3330,0.09609762298207702,0.4540540540540541
1d7ea4c8280768e2.jpg,DRIP,336,336,2,72,2057.0,15789.0,14112,3734,0.1302805750839192,0.5508837707552223
1d7ea4c8280768e2.jpg,Fixed,336,336,2,72,644.0,17202.0,14112,3734,0.037437507266596906,0.1724692019282271
1d7ea4c8280768e2.jpg,PruneSID,336,336,2,71,1076.0,16574.0,13916,3734,0.06492096054060577,0.2881628280664167
1d8052e9f0072638.jpg,DRIP,336,336,0,73,,,14308,0,,
1d8052e9f0072638.jpg,Fixed,336,336,0,72,,,14112,0,,
1d8052e9f0072638.jpg,PruneSID,336,336,0,71,,,13916,0,,
1d9197504e228f43.jpg,DRIP,336,336,13,73,8591.0,63226.0,14308,57509,0.13587764527251447,0.1493853136030882
1d9197504e228f43.jpg,Fixed,336,336,13,72,8314.0,63307.0,14112,57509,0.13132828913074385,0.14456867620720235
1d9197504e228f43.jpg,PruneSID,336,336,13,71,10734.0,60691.0,13916,57509,0.17686312632845066,0.1866490462362413
1dc55e6bbee50cbc.jpg,DRIP,336,336,0,72,,,14112,0,,
1dc55e6bbee50cbc.jpg,Fixed,336,336,0,72,,,14112,0,,
1dc55e6bbee50cbc.jpg,PruneSID,336,336,0,71,,,13916,0,,
1dfb0f4a97e80a90.jpg,DRIP,336,336,2,73,3150.0,23177.0,14308,12019,0.1359106010268801,0.262085032032615
1dfb0f4a97e80a90.jpg,Fixed,336,336,2,72,1016.0,25115.0,14112,12019,0.04045391200477802,0.08453282303020218
1dfb0f4a97e80a90.jpg,PruneSID,336,336,2,71,1330.0,24605.0,13916,12019,0.05405405405405406,0.110658124635993
1e2690388bd44e6c.jpg,DRIP,336,336,5,72,542.0,16506.0,14112,2936,0.032836544286925964,0.1846049046321526
1e2690388bd44e6c.jpg,Fixed,336,336,5,72,530.0,16518.0,14112,2936,0.03208620898413852,0.18051771117166213
1e2690388bd44e6c.jpg,PruneSID,336,336,5,71,1667.0,15185.0,13916,2936,0.10977938755350675,0.5677792915531336
1e405bd27f6d7e6e.jpg,DRIP,336,336,0,72,,,14112,0,,
1e405bd27f6d7e6e.jpg,Fixed,336,336,0,72,,,14112,0,,
1e405bd27f6d7e6e.jpg,PruneSID,336,336,0,71,,,13916,0,,
1e668d5d0706c355.jpg,DRIP,336,336,0,72,,,14112,0,,
1e668d5d0706c355.jpg,Fixed,336,336,0,72,,,14112,0,,
1e668d5d0706c355.jpg,PruneSID,336,336,0,71,,,13916,0,,
1e7e3072ccb92457.jpg,DRIP,336,336,1,72,1301.0,14574.0,14112,1763,0.08926856045011665,0.7379466817923993
1e7e3072ccb92457.jpg,Fixed,336,336,1,72,434.0,15441.0,14112,1763,0.028106987889385402,0.24617129892229156
1e7e3072ccb92457.jpg,PruneSID,336,336,1,71,876.0,14803.0,13916,1763,0.05917719381206512,0.4968803176403857
1e7f0ec1af5f7e90.jpg,DRIP,336,336,0,72,,,14112,0,,
1e7f0ec1af5f7e90.jpg,Fixed,336,336,0,72,,,14112,0,,
1e7f0ec1af5f7e90.jpg,PruneSID,336,336,0,71,,,13916,0,,
1e7f31fd2be304a6.jpg,DRIP,336,336,3,73,3736.0,17947.0,14308,7375,0.20816849612748647,0.5065762711864407
1e7f31fd2be304a6.jpg,Fixed,336,336,3,72,1240.0,20247.0,14112,7375,0.06124364103323949,0.168135593220339
1e7f31fd2be304a6.jpg,PruneSID,336,336,3,71,1316.0,19975.0,13916,7375,0.06588235294117648,0.1784406779661017
1e829ff28332f23c.jpg,DRIP,336,336,2,73,2813.0,16634.0,14308,5139,0.1691114584585788,0.547382759291691
1e829ff28332f23c.jpg,Fixed,336,336,2,72,742.0,18509.0,14112,5139,0.04008860554324923,0.14438606732827397
1e829ff28332f23c.jpg,PruneSID,336,336,2,71,2366.0,16689.0,13916,5139,0.14177002816226256,0.4604008561977038
1e95ad3ac674bd2e.jpg,DRIP,336,336,3,73,562.0,16338.0,14308,2592,0.034398335169543395,0.21682098765432098
1e95ad3ac674bd2e.jpg,Fixed,336,336,3,72,454.0,16250.0,14112,2592,0.027938461538461537,0.17515432098765432
1e95ad3ac674bd2e.jpg,PruneSID,336,336,3,71,1335.0,15173.0,13916,2592,0.08798523693402754,0.5150462962962963
1ef1d7c251429099.jpg,DRIP,336,336,0,73,,,14308,0,,
1ef1d7c251429099.jpg,Fixed,336,336,0,72,,,14112,0,,
1ef1d7c251429099.jpg,PruneSID,336,336,0,71,,,13916,0,,
1ef8743670718aa2.jpg,DRIP,336,336,1,73,5740.0,25032.0,14308,16464,0.22930648769574943,0.3486394557823129
1ef8743670718aa2.jpg,Fixed,336,336,1,72,2128.0,28448.0,14112,16464,0.07480314960629922,0.1292517006802721
1ef8743670718aa2.jpg,PruneSID,336,336,1,71,2240.0,28140.0,13916,16464,0.07960199004975124,0.1360544217687075
1f3374e1854b31ac.jpg,DRIP,336,336,0,73,,,14308,0,,
1f3374e1854b31ac.jpg,Fixed,336,336,0,72,,,14112,0,,
1f3374e1854b31ac.jpg,PruneSID,336,336,0,71,,,13916,0,,
1f3559f9f45a1f1d.jpg,DRIP,336,336,9,72,4275.0,19515.0,14112,9678,0.21906225980015373,0.4417234965902046
1f3559f9f45a1f1d.jpg,Fixed,336,336,9,72,1148.0,22642.0,14112,9678,0.050702234784912995,0.11861954949369705
1f3559f9f45a1f1d.jpg,PruneSID,336,336,9,71,4285.0,19309.0,13916,9678,0.22191724066497487,0.4427567679272577
1f4b22bc496f9fcc.jpg,DRIP,336,336,1,73,,,14308,0,,
1f4b22bc496f9fcc.jpg,Fixed,336,336,1,72,,,14112,0,,
1f4b22bc496f9fcc.jpg,PruneSID,336,336,1,71,,,13916,0,,
1f54ecbe84b9805f.jpg,DRIP,336,336,10,73,7948.0,41909.0,14308,35549,0.18964900140781216,0.22357872232692902
1f54ecbe84b9805f.jpg,Fixed,336,336,10,72,4100.0,45561.0,14112,35549,0.08998924518777024,0.11533376466285972
1f54ecbe84b9805f.jpg,PruneSID,336,336,10,71,6540.0,42925.0,13916,35549,0.15235876528829354,0.18397141973051281
1f58c90c26753850.jpg,DRIP,336,336,7,72,6540.0,37884.0,14112,30312,0.1726322458029775,0.21575613618368963
1f58c90c26753850.jpg,Fixed,336,336,7,72,3357.0,41067.0,14112,30312,0.08174446635985097,0.11074821852731591
1f58c90c26753850.jpg,PruneSID,336,336,7,71,5534.0,38694.0,13916,30312,0.14301958960045486,0.18256795988387436
1f69dac8cd1c4066.jpg,DRIP,336,336,3,72,1301.0,14350.0,14112,1539,0.09066202090592335,0.8453541260558805
1f69dac8cd1c4066.jpg,Fixed,336,336,3,72,0.0,15651.0,14112,1539,0.0,0.0
1f69dac8cd1c4066.jpg,PruneSID,336,336,3,71,292.0,15163.0,13916,1539,0.01925740288861043,0.18973359324236516
1f73da0dee5318fe.jpg,DRIP,336,336,4,72,4555.0,28110.0,14112,18553,0.16204197794379224,0.24551285506387108
1f73da0dee5318fe.jpg,Fixed,336,336,4,72,2170.0,30495.0,14112,18553,0.07115920642728316,0.11696221635315043
1f73da0dee5318fe.jpg,PruneSID,336,336,4,71,4652.0,27817.0,13916,18553,0.16723586296149837,0.2507411200344958
1fa57dfbfb65a945.jpg,DRIP,336,336,2,72,1571.0,14954.0,14112,2413,0.10505550354420222,0.6510567757977621
1fa57dfbfb65a945.jpg,Fixed,336,336,2,72,0.0,16525.0,14112,2413,0.0,0.0
1fa57dfbfb65a945.jpg,PruneSID,336,336,2,71,416.0,15913.0,13916,2413,0.02614214792936593,0.17239950269374224
1fb5f886e2ecc46c.jpg,DRIP,336,336,2,72,6950.0,19237.0,14112,12075,0.36128294432603836,0.5755693581780539
1fb5f886e2ecc46c.jpg,Fixed,336,336,2,72,1274.0,24913.0,14112,12075,0.05113796010115201,0.1055072463768116
1fb5f886e2ecc46c.jpg,PruneSID,336,336,2,71,4658.0,21333.0,13916,12075,0.21834716167440116,0.3857556935817805
1fbb79265b1e90c2.jpg,DRIP,336,336,1,73,8.0,15560.0,14308,1260,0.0005141388174807198,0.006349206349206349
1fbb79265b1e90c2.jpg,Fixed,336,336,1,72,0.0,15372.0,14112,1260,0.0,0.0
1fbb79265b1e90c2.jpg,PruneSID,336,336,1,71,336.0,14840.0,13916,1260,0.022641509433962263,0.26666666666666666
1fe794789d502ff5.jpg,DRIP,336,336,1,73,,,14308,0,,
1fe794789d502ff5.jpg,Fixed,336,336,1,72,,,14112,0,,
1fe794789d502ff5.jpg,PruneSID,336,336,1,71,,,13916,0,,
1fec632a0f189f0c.jpg,DRIP,336,336,0,72,,,14112,0,,
1fec632a0f189f0c.jpg,Fixed,336,336,0,72,,,14112,0,,
1fec632a0f189f0c.jpg,PruneSID,336,336,0,71,,,13916,0,,
1fff7c714e0e2307.jpg,DRIP,336,336,2,73,3118.0,18449.0,14308,7259,0.16900645021410374,0.4295357487257198
1fff7c714e0e2307.jpg,Fixed,336,336,2,72,574.0,20797.0,14112,7259,0.027600134634803097,0.07907425265188042
1fff7c714e0e2307.jpg,PruneSID,336,336,2,71,1666.0,19509.0,13916,7259,0.08539648367420165,0.22950819672131148
200abe02001a4c74.jpg,DRIP,336,336,8,72,1110.0,16558.0,14112,3556,0.067037081773161,0.31214848143982005
200abe02001a4c74.jpg,Fixed,336,336,8,72,45.0,17623.0,14112,3556,0.002553481246098848,0.01265466816647919
200abe02001a4c74.jpg,PruneSID,336,336,8,71,2069.0,15403.0,13916,3556,0.13432448224371876,0.5818335208098988
200ba9ec8d4cf1ae.jpg,DRIP,336,336,0,73,,,14308,0,,
200ba9ec8d4cf1ae.jpg,Fixed,336,336,0,72,,,14112,0,,
200ba9ec8d4cf1ae.jpg,PruneSID,336,336,0,71,,,13916,0,,
200c68cea4db98eb.jpg,DRIP,336,336,1,73,80.0,14513.0,14308,285,0.005512299317852959,0.2807017543859649
200c68cea4db98eb.jpg,Fixed,336,336,1,72,143.0,14254.0,14112,285,0.010032271643047565,0.5017543859649123
200c68cea4db98eb.jpg,PruneSID,336,336,1,71,152.0,14049.0,13916,285,0.010819275393266424,0.5333333333333333
2024b3909e39df00.jpg,DRIP,336,336,1,72,42.0,18760.0,14112,4690,0.002238805970149254,0.008955223880597015
2024b3909e39df00.jpg,Fixed,336,336,1,72,938.0,17864.0,14112,4690,0.052507836990595615,0.2
2024b3909e39df00.jpg,PruneSID,336,336,1,71,1293.0,17313.0,13916,4690,0.07468376364581528,0.2756929637526652
20391a906b3856a9.jpg,DRIP,336,336,3,72,2336.0,17558.0,14112,5782,0.13304476591866954,0.40401245243860257
20391a906b3856a9.jpg,Fixed,336,336,3,72,420.0,19474.0,14112,5782,0.021567217828900073,0.07263922518159806
20391a906b3856a9.jpg,PruneSID,336,336,3,71,1716.0,17982.0,13916,5782,0.09542876209542876,0.2967831200276721
206a0f4f02499cdc.jpg,DRIP,336,336,0,73,,,14308,0,,
206a0f4f02499cdc.jpg,Fixed,336,336,0,72,,,14112,0,,
206a0f4f02499cdc.jpg,PruneSID,336,336,0,71,,,13916,0,,
207a34bb119a0d1e.jpg,DRIP,336,336,5,72,1584.0,18288.0,14112,5760,0.08661417322834646,0.275
207a34bb119a0d1e.jpg,Fixed,336,336,5,72,1064.0,18808.0,14112,5760,0.056571671629094,0.18472222222222223
207a34bb119a0d1e.jpg,PruneSID,336,336,5,71,1602.0,18074.0,13916,5760,0.08863560916233264,0.278125
20820b4e8131aa78.jpg,DRIP,336,336,1,72,2324.0,23875.0,14112,12087,0.09734031413612565,0.19227268966658392
20820b4e8131aa78.jpg,Fixed,336,336,1,72,2142.0,24057.0,14112,12087,0.08903853348297792,0.17721518987341772
20820b4e8131aa78.jpg,PruneSID,336,336,1,71,1732.0,24271.0,13916,12087,0.07136088335874088,0.1432944485811202
20864a669da54759.jpg,DRIP,336,336,11,72,5879.0,32446.0,14112,24213,0.18119336744128706,0.24280345269070333
20864a669da54759.jpg,Fixed,336,336,11,72,3182.0,35143.0,14112,24213,0.0905443473807017,0.1314170073927229
20864a669da54759.jpg,PruneSID,336,336,11,71,4410.0,33719.0,13916,24213,0.1307867967614698,0.1821335646140503
208f594f26d9d909.jpg,DRIP,336,336,2,73,861.0,16901.0,14308,3454,0.05094373114016922,0.24927620150550087
208f594f26d9d909.jpg,Fixed,336,336,2,72,644.0,16922.0,14112,3454,0.038056967261553006,0.18645049218297627
208f594f26d9d909.jpg,PruneSID,336,336,2,71,1095.0,16275.0,13916,3454,0.06728110599078341,0.31702374059061955
20999c3a9c2e6b08.jpg,DRIP,336,336,1,73,1712.0,14800.0,14308,2204,0.11567567567567567,0.7767695099818511
20999c3a9c2e6b08.jpg,Fixed,336,336,1,72,406.0,15910.0,14112,2204,0.025518541797611566,0.18421052631578946
20999c3a9c2e6b08.jpg,PruneSID,336,336,1,71,1064.0,15056.0,13916,2204,0.07066950053134963,0.4827586206896552
20a25c9b8eb3cc50.jpg,DRIP,336,336,1,72,3024.0,15844.0,14112,4756,0.19086089371370865,0.6358284272497897
20a25c9b8eb3cc50.jpg,Fixed,336,336,1,72,1148.0,17720.0,14112,4756,0.06478555304740406,0.2413793103448276
20a25c9b8eb3cc50.jpg,PruneSID,336,336,1,71,1400.0,17272.0,13916,4756,0.0810560444650301,0.2943650126156434
20b1edadc1543b65.jpg,DRIP,336,336,1,72,693.0,14889.0,14112,1470,0.0465444287729196,0.4714285714285714
20b1edadc1543b65.jpg,Fixed,336,336,1,72,196.0,15386.0,14112,1470,0.012738853503184714,0.13333333333333333
20b1edadc1543b65.jpg,PruneSID,336,336,1,71,784.0,14602.0,13916,1470,0.053691275167785234,0.5333333333333333
20b4fd2a4da264c9.jpg,DRIP,336,336,0,72,,,14112,0,,
20b4fd2a4da264c9.jpg,Fixed,336,336,0,72,,,14112,0,,
20b4fd2a4da264c9.jpg,PruneSID,336,336,0,71,,,13916,0,,
20df057bfe0f01be.jpg,DRIP,336,336,2,73,825.0,15067.0,14308,1584,0.0547554257649167,0.5208333333333334
20df057bfe0f01be.jpg,Fixed,336,336,2,72,322.0,15374.0,14112,1584,0.02094445167165344,0.2032828282828283
20df057bfe0f01be.jpg,PruneSID,336,336,2,71,196.0,15304.0,13916,1584,0.01280710925248301,0.12373737373737374
20f0857cbe122052.jpg,DRIP,336,336,2,73,832.0,14721.0,14308,1245,0.05651789959921201,0.668273092369478
20f0857cbe122052.jpg,Fixed,336,336,2,72,182.0,15175.0,14112,1245,0.011993410214168039,0.1461847389558233
20f0857cbe122052.jpg,PruneSID,336,336,2,71,910.0,14251.0,13916,1245,0.06385516805838187,0.7309236947791165
20f09fa1bd539bb2.jpg,DRIP,336,336,17,73,3138.0,25028.0,14308,13858,0.1253795748761387,0.22643960167412325
20f09fa1bd539bb2.jpg,Fixed,336,336,17,72,2106.0,25864.0,14112,13858,0.08142592019795855,0.15196998123827393
20f09fa1bd539bb2.jpg,PruneSID,336,336,17,71,3830.0,23944.0,13916,13858,0.15995656531907784,0.27637465723769666
2109dd250058bfa9.jpg,DRIP,336,336,2,73,4941.0,44650.0,14308,35283,0.11066069428891377,0.1400391123203809
2109dd250058bfa9.jpg,Fixed,336,336,2,72,4844.0,44551.0,14112,35283,0.10872932145181927,0.13728991298925827
2109dd250058bfa9.jpg,PruneSID,336,336,2,71,5306.0,43893.0,13916,35283,0.12088487913790354,0.1503840376385228
21107b319561744c.jpg,DRIP,336,336,4,73,3079.0,16096.0,14308,4867,0.19128976143141152,0.6326279021984795
21107b319561744c.jpg,Fixed,336,336,4,72,808.0,18171.0,14112,4867,0.04446645754223763,0.16601602629956852
21107b319561744c.jpg,PruneSID,336,336,4,71,1791.0,16992.0,13916,4867,0.10540254237288135,0.3679884939387713
2112bb1e3d73eb01.jpg,DRIP,336,336,6,72,2170.0,18804.0,14112,6862,0.11540097851520953,0.31623433401340717
2112bb1e3d73eb01.jpg,Fixed,336,336,6,72,1057.0,19917.0,14112,6862,0.05307024150223427,0.15403672398717574
2112bb1e3d73eb01.jpg,PruneSID,336,336,6,71,2327.0,18451.0,13916,6862,0.12611782559210882,0.3391139609443311
2112d352b15a2074.jpg,DRIP,336,336,4,72,0.0,19325.0,14112,5213,0.0,0.0
2112d352b15a2074.jpg,Fixed,336,336,4,72,972.0,18353.0,14112,5213,0.052961368713561816,0.1864569345866104
2112d352b15a2074.jpg,PruneSID,336,336,4,71,482.0,18647.0,13916,5213,0.02584866198316083,0.09246115480529446
211563903b4782e4.jpg,DRIP,336,336,3,72,5468.0,27218.0,14112,18574,0.20089646557425234,0.2943900075374179
211563903b4782e4.jpg,Fixed,336,336,3,72,2451.0,30235.0,14112,18574,0.08106499090458079,0.1319586518789706
211563903b4782e4.jpg,PruneSID,336,336,3,71,2155.0,30335.0,13916,18574,0.07104005274435471,0.11602239689889092
21403aae865540bd.jpg,DRIP,336,336,1,72,405.0,14427.0,14112,720,0.028072364316905803,0.5625
21403aae865540bd.jpg,Fixed,336,336,1,72,168.0,14664.0,14112,720,0.011456628477905073,0.23333333333333334
21403aae865540bd.jpg,PruneSID,336,336,1,71,624.0,14012.0,13916,720,0.04453325720810734,0.8666666666666667
216dedb2135fb0bf.jpg,DRIP,336,336,1,73,1376.0,15813.0,14308,2881,0.08701701131980016,0.47761194029850745
216dedb2135fb0bf.jpg,Fixed,336,336,1,72,602.0,16391.0,14112,2881,0.03672747239338661,0.208955223880597
216dedb2135fb0bf.jpg,PruneSID,336,336,1,71,1288.0,15509.0,13916,2881,0.08304855245341415,0.44706699062825406
21760ff5ea1158ee.jpg,DRIP,336,336,0,73,,,14308,0,,
21760ff5ea1158ee.jpg,Fixed,336,336,0,72,,,14112,0,,
21760ff5ea1158ee.jpg,PruneSID,336,336,0,71,,,13916,0,,
218416a29eba6cb0.jpg,DRIP,336,336,6,72,6530.0,33708.0,14112,26126,0.19372255844309957,0.24994258592972518
218416a29eba6cb0.jpg,Fixed,336,336,6,72,2324.0,37914.0,14112,26126,0.06129661866329061,0.08895353287912425
218416a29eba6cb0.jpg,PruneSID,336,336,6,71,3158.0,36884.0,13916,26126,0.08561978093482268,0.12087575595192529
2184df2f818d655f.jpg,DRIP,336,336,0,73,,,14308,0,,
2184df2f818d655f.jpg,Fixed,336,336,0,72,,,14112,0,,
2184df2f818d655f.jpg,PruneSID,336,336,0,71,,,13916,0,,
218505bf452b22e5.jpg,DRIP,336,336,3,72,3486.0,21015.0,14112,10389,0.16588151320485367,0.3355472133987872
218505bf452b22e5.jpg,Fixed,336,336,3,72,1540.0,22961.0,14112,10389,0.06707024955359087,0.1482337087303879
218505bf452b22e5.jpg,PruneSID,336,336,3,71,2856.0,21449.0,13916,10389,0.13315306074875286,0.27490615073635577
2187559fe552e951.jpg,DRIP,336,336,2,72,2146.0,16873.0,14112,4907,0.12718544420079417,0.4373344202160179
2187559fe552e951.jpg,Fixed,336,336,2,72,719.0,18300.0,14112,4907,0.039289617486338795,0.14652537191766862
2187559fe552e951.jpg,PruneSID,336,336,2,71,1342.0,17481.0,13916,4907,0.07676906355471655,0.2734868555125331
2189b9d38ff97982.jpg,DRIP,336,336,7,73,6370.0,33633.0,14308,25695,0.1893973181101894,0.24790815333722513
2189b9d38ff97982.jpg,Fixed,336,336,7,72,3066.0,36741.0,14112,25695,0.08344900792030702,0.11932282545242265
2189b9d38ff97982.jpg,PruneSID,336,336,7,71,4846.0,34765.0,13916,25695,0.13939306774054366,0.18859700330803658
218ce3ffe461b0c5.jpg,DRIP,336,336,1,73,12194.0,99104.0,14308,96990,0.12304246044559251,0.1257243014743788
218ce3ffe461b0c5.jpg,Fixed,336,336,1,72,12250.0,98852.0,14112,96990,0.12392263181321572,0.12630168058562738
218ce3ffe461b0c5.jpg,PruneSID,336,336,1,71,11758.0,99148.0,13916,96990,0.11859039012385525,0.1212289926796577
21947330165b5c88.jpg,DRIP,336,336,0,72,,,14112,0,,
21947330165b5c88.jpg,Fixed,336,336,0,72,,,14112,0,,
21947330165b5c88.jpg,PruneSID,336,336,0,71,,,13916,0,,
219cd50efd600e86.jpg,DRIP,336,336,3,73,1350.0,15464.0,14308,2506,0.08729953440248318,0.538707102952913
219cd50efd600e86.jpg,Fixed,336,336,3,72,471.0,16147.0,14112,2506,0.02916950517123924,0.1879489225857941
219cd50efd600e86.jpg,PruneSID,336,336,3,71,1458.0,14964.0,13916,2506,0.09743384121892543,0.581803671189146
21a3dfada507c03d.jpg,DRIP,336,336,1,72,612.0,14490.0,14112,990,0.0422360248447205,0.6181818181818182
21a3dfada507c03d.jpg,Fixed,336,336,1,72,0.0,15102.0,14112,990,0.0,0.0
21a3dfada507c03d.jpg,PruneSID,336,336,1,71,794.0,14112.0,13916,990,0.05626417233560091,0.802020202020202
21b828ce3b2974bc.jpg,DRIP,336,336,3,72,2507.0,16490.0,14112,4885,0.1520315342631898,0.5132036847492324
21b828ce3b2974bc.jpg,Fixed,336,336,3,72,510.0,18487.0,14112,4885,0.02758695299399578,0.10440122824974411
21b828ce3b2974bc.jpg,PruneSID,336,336,3,71,1104.0,17697.0,13916,4885,0.062383454822851334,0.22599795291709315
21c5dd1de2954ebc.jpg,DRIP,336,336,2,72,4107.0,33754.0,14112,23749,0.12167446821117497,0.1729335972040928
21c5dd1de2954ebc.jpg,Fixed,336,336,2,72,2112.0,35749.0,14112,23749,0.05907857562449299,0.0889300602130616
21c5dd1de2954ebc.jpg,PruneSID,336,336,2,71,4004.0,33661.0,13916,23749,0.1189507144766941,0.16859657248726262
21f2209e5e4975fb.jpg,DRIP,336,336,3,73,2167.0,17485.0,14308,5344,0.12393480125822133,0.40550149700598803
21f2209e5e4975fb.jpg,Fixed,336,336,3,72,748.0,18708.0,14112,5344,0.03998289501817404,0.13997005988023953
21f2209e5e4975fb.jpg,PruneSID,336,336,3,71,1952.0,17308.0,13916,5344,0.11278021724058239,0.3652694610778443
22131589eb98127e.jpg,DRIP,336,336,5,73,1951.0,20157.0,14308,7800,0.09679019695391179,0.2501282051282051
22131589eb98127e.jpg,Fixed,336,336,5,72,1188.0,20724.0,14112,7800,0.05732484076433121,0.1523076923076923
22131589eb98127e.jpg,PruneSID,336,336,5,71,1302.0,20414.0,13916,7800,0.06377975898892917,0.16692307692307692
22155dc392f06ef2.jpg,DRIP,336,336,6,73,8296.0,44717.0,14308,38705,0.18552228458975334,0.21433923265727942
22155dc392f06ef2.jpg,Fixed,336,336,6,72,5404.0,47413.0,14112,38705,0.11397717925463481,0.1396202041079964
22155dc392f06ef2.jpg,PruneSID,336,336,6,71,6840.0,45781.0,13916,38705,0.14940695921888994,0.1767213538302545
223514026649d937.jpg,DRIP,336,336,6,73,3201.0,21007.0,14308,9900,0.15237777883562623,0.3233333333333333
223514026649d937.jpg,Fixed,336,336,6,72,1022.0,22990.0,14112,9900,0.044454110482818616,0.10323232323232323
223514026649d937.jpg,PruneSID,336,336,6,71,3070.0,20746.0,13916,9900,0.1479803335582763,0.3101010101010101
223c2f8ce268b778.jpg,DRIP,336,336,0,72,,,14112,0,,
223c2f8ce268b778.jpg,Fixed,336,336,0,72,,,14112,0,,
223c2f8ce268b778.jpg,PruneSID,336,336,0,71,,,13916,0,,
2242acae1e24ca18.jpg,DRIP,336,336,5,72,5322.0,24299.0,14112,15509,0.2190213589036586,0.34315558707847055
2242acae1e24ca18.jpg,Fixed,336,336,5,72,2441.0,27180.0,14112,15509,0.08980868285504047,0.15739248178477014
2242acae1e24ca18.jpg,PruneSID,336,336,5,71,4977.0,24448.0,13916,15509,0.20357493455497383,0.3209104390998775
2247449bdefb23d0.jpg,DRIP,336,336,1,73,190.0,14599.0,14308,481,0.013014590040413727,0.39501039501039503
2247449bdefb23d0.jpg,Fixed,336,336,1,72,182.0,14411.0,14112,481,0.012629241551592533,0.3783783783783784
2247449bdefb23d0.jpg,PruneSID,336,336,1,71,294.0,14103.0,13916,481,0.020846628376941078,0.6112266112266113
2262bca4b9aee416.jpg,DRIP,336,336,2,73,483.0,15292.0,14308,1467,0.031585142558200364,0.3292433537832311
2262bca4b9aee416.jpg,Fixed,336,336,2,72,462.0,15117.0,14112,1467,0.030561619368922405,0.3149284253578732
2262bca4b9aee416.jpg,PruneSID,336,336,2,71,498.0,14885.0,13916,1467,0.03345649983204568,0.3394683026584867
22668e7f4a58d098.jpg,DRIP,336,336,1,73,2362.0,16876.0,14308,4930,0.13996207632140317,0.4791075050709939
22668e7f4a58d098.jpg,Fixed,336,336,1,72,476.0,18566.0,14112,4930,0.025638263492405472,0.09655172413793103
22668e7f4a58d098.jpg,PruneSID,336,336,1,71,1106.0,17740.0,13916,4930,0.06234498308906426,0.22434077079107506
226bd0e27df527b8.jpg,DRIP,336,336,0,73,,,14308,0,,
226bd0e27df527b8.jpg,Fixed,336,336,0,72,,,14112,0,,
226bd0e27df527b8.jpg,PruneSID,336,336,0,71,,,13916,0,,
2272b2e2b5df909f.jpg,DRIP,336,336,67,73,6561.0,48495.0,14308,40748,0.1352922981750696,0.16101403749877294
2272b2e2b5df909f.jpg,Fixed,336,336,67,72,5269.0,49591.0,14112,40748,0.10624911778346878,0.12930695985079022
2272b2e2b5df909f.jpg,PruneSID,336,336,67,71,9086.0,45578.0,13916,40748,0.19935056386853306,0.22298026897025622
228740bb400b0b85.jpg,DRIP,336,336,1,72,3640.0,16808.0,14112,6336,0.216563541170871,0.5744949494949495
228740bb400b0b85.jpg,Fixed,336,336,1,72,896.0,19552.0,14112,6336,0.04582651391162029,0.1414141414141414
228740bb400b0b85.jpg,PruneSID,336,336,1,71,3297.0,16955.0,13916,6336,0.194455912710115,0.5203598484848485
22907eebf26f3304.jpg,DRIP,336,336,15,73,3615.0,25468.0,14308,14775,0.14194283021831317,0.24467005076142131
22907eebf26f3304.jpg,Fixed,336,336,15,72,1978.0,26909.0,14112,14775,0.07350700509123341,0.13387478849407783
22907eebf26f3304.jpg,PruneSID,336,336,15,71,3618.0,25073.0,13916,14775,0.14429864794799185,0.2448730964467005
22957f4d898674d5.jpg,DRIP,336,336,6,73,3759.0,21935.0,14308,11386,0.17136995669022112,0.33014227999297385
22957f4d898674d5.jpg,Fixed,336,336,6,72,1302.0,24196.0,14112,11386,0.053810547197883946,0.1143509573160021
22957f4d898674d5.jpg,PruneSID,336,336,6,71,3450.0,21852.0,13916,11386,0.15788028555738606,0.3030036887405586
22a20cd4025fc8a1.jpg,DRIP,336,336,9,73,6542.0,31219.0,14308,23453,0.20955187546045678,0.27894086044429284
22a20cd4025fc8a1.jpg,Fixed,336,336,9,72,2730.0,34835.0,14112,23453,0.07836945600688962,0.11640301880356457
22a20cd4025fc8a1.jpg,PruneSID,336,336,9,71,5339.0,32030.0,13916,23453,0.1666874804870434,0.22764678292755725
22a3a4bbb363fb59.jpg,DRIP,336,336,12,72,3947.0,48013.0,14112,37848,0.08220690229729448,0.104285563305855
22a3a4bbb363fb59.jpg,Fixed,336,336,12,72,3604.0,48356.0,14112,37848,0.07453056497642485,0.09522299725216656
22a3a4bbb363fb59.jpg,PruneSID,336,336,12,71,6200.0,45564.0,13916,37848,0.1360723378105522,0.16381314732614669
22ae1b7ce8d7d8cf.jpg,DRIP,336,336,6,72,1944.0,17090.0,14112,4922,0.11375073142188415,0.39496139780577
22ae1b7ce8d7d8cf.jpg,Fixed,336,336,6,72,896.0,18138.0,14112,4922,0.04939905171463226,0.18203982121088988
22ae1b7ce8d7d8cf.jpg,PruneSID,336,336,6,71,1801.0,17037.0,13916,4922,0.10571109937195515,0.3659081674116213
22b057c67ac3424a.jpg,DRIP,336,336,11,72,7530.0,34173.0,14112,27591,0.22034939864805547,0.27291508100467543
22b057c67ac3424a.jpg,Fixed,336,336,11,72,2727.0,38976.0,14112,27591,0.06996613300492611,0.0988365771447211
22b057c67ac3424a.jpg,PruneSID,336,336,11,71,5622.0,35885.0,13916,27591,0.15666713111327854,0.20376209633576167
22f1c50a316b1532.jpg,DRIP,336,336,2,72,868.0,15776.0,14112,2532,0.05502028397565923,0.34281200631911535
22f1c50a316b1532.jpg,Fixed,336,336,2,72,246.0,16398.0,14112,2532,0.01500182949140139,0.0971563981042654
22f1c50a316b1532.jpg,PruneSID,336,336,2,71,1104.0,15344.0,13916,2532,0.07194994786235662,0.43601895734597157
230a0d1914172390.jpg,DRIP,336,336,10,73,5667.0,41323.0,14308,32682,0.13713912349055005,0.17339820084450155
230a0d1914172390.jpg,Fixed,336,336,10,72,5336.0,41458.0,14112,32682,0.12870857253123644,0.1632703016951227
230a0d1914172390.jpg,PruneSID,336,336,10,71,5292.0,41306.0,13916,32682,0.12811698058393453,0.16192399485955572
23183bf2db16d88c.jpg,DRIP,336,336,1,72,1825.0,14694.0,14112,2407,0.12420035388593983,0.7582052347320316
23183bf2db16d88c.jpg,Fixed,336,336,1,72,397.0,16122.0,14112,2407,0.024624736385063888,0.16493560448691316
23183bf2db16d88c.jpg,PruneSID,336,336,1,71,666.0,15657.0,13916,2407,0.04253688446062464,0.27669297881179894
231f5ff43a61c155.jpg,DRIP,336,336,8,72,3596.0,39946.0,14112,29430,0.09002152906423672,0.12218824328916073
231f5ff43a61c155.jpg,Fixed,336,336,8,72,4838.0,38704.0,14112,29430,0.125,0.16439007815154605
231f5ff43a61c155.jpg,PruneSID,336,336,8,71,5772.0,37574.0,13916,29430,0.1536168627242242,0.1961264016309888
2346ce571a0f0d8b.jpg,DRIP,336,336,4,73,2842.0,23819.0,14308,12353,0.11931651202821277,0.23006557111632803
2346ce571a0f0d8b.jpg,Fixed,336,336,4,72,1372.0,25093.0,14112,12353,0.054676603036703464,0.11106613778029628
2346ce571a0f0d8b.jpg,PruneSID,336,336,4,71,2032.0,24237.0,13916,12353,0.08383875892230887,0.16449445478831054
234f7bf1beaa0f4f.jpg,DRIP,336,336,1,72,2870.0,21292.0,14112,10050,0.13479241029494646,0.2855721393034826
234f7bf1beaa0f4f.jpg,Fixed,336,336,1,72,938.0,23224.0,14112,10050,0.04038925249741646,0.09333333333333334
234f7bf1beaa0f4f.jpg,PruneSID,336,336,1,71,1330.0,22636.0,13916,10050,0.05875596395122813,0.13233830845771144
2355525b2c60eefe.jpg,DRIP,336,336,0,72,,,14112,0,,
2355525b2c60eefe.jpg,Fixed,336,336,0,72,,,14112,0,,
2355525b2c60eefe.jpg,PruneSID,336,336,0,71,,,13916,0,,
235e3feb178ed158.jpg,DRIP,336,336,4,73,35.0,18000.0,14308,3727,0.0019444444444444444,0.009390931043734908
235e3feb178ed158.jpg,Fixed,336,336,4,72,319.0,17520.0,14112,3727,0.018207762557077626,0.0855916286557553
235e3feb178ed158.jpg,PruneSID,336,336,4,71,668.0,16975.0,13916,3727,0.0393519882179676,0.1792326267775691
239ad3ea05915adc.jpg,DRIP,336,336,2,72,,,14112,0,,
239ad3ea05915adc.jpg,Fixed,336,336,2,72,,,14112,0,,
239ad3ea05915adc.jpg,PruneSID,336,336,2,71,,,13916,0,,
23aa67fffa5930eb.jpg,DRIP,336,336,0,72,,,14112,0,,
23aa67fffa5930eb.jpg,Fixed,336,336,0,72,,,14112,0,,
23aa67fffa5930eb.jpg,PruneSID,336,336,0,71,,,13916,0,,
23b2e8a05f58b4c5.jpg,DRIP,336,336,5,73,3367.0,24943.0,14308,14002,0.13498777212043458,0.24046564776460505
23b2e8a05f58b4c5.jpg,Fixed,336,336,5,72,1068.0,27046.0,14112,14002,0.039488279227981954,0.07627481788315955
23b2e8a05f58b4c5.jpg,PruneSID,336,336,5,71,3064.0,24854.0,13916,14002,0.1232799549368311,0.21882588201685474
23b808129d025f6d.jpg,DRIP,336,336,1,72,0.0,14512.0,14112,400,0.0,0.0
23b808129d025f6d.jpg,Fixed,336,336,1,72,64.0,14448.0,14112,400,0.004429678848283499,0.16
23b808129d025f6d.jpg,PruneSID,336,336,1,71,224.0,14092.0,13916,400,0.015895543570820323,0.56
23bba43be6924f6e.jpg,DRIP,336,336,6,72,931.0,17130.0,14112,3949,0.05434909515469936,0.23575588756647253
23bba43be6924f6e.jpg,Fixed,336,336,6,72,646.0,17415.0,14112,3949,0.037094458799885155,0.16358571790326665
23bba43be6924f6e.jpg,PruneSID,336,336,6,71,1484.0,16381.0,13916,3949,0.09059275990476771,0.3757913395796404
23bff5fa81c657ed.jpg,DRIP,336,336,9,72,3697.0,34363.0,14112,23948,0.10758664842999738,0.15437614832136295
23bff5fa81c657ed.jpg,Fixed,336,336,9,72,3281.0,34779.0,14112,23948,0.09433853762327842,0.1370051778854184
23bff5fa81c657ed.jpg,PruneSID,336,336,9,71,3363.0,34501.0,13916,23948,0.09747543549462334,0.1404292634040421
23cac1d031dba9e7.jpg,DRIP,336,336,1,72,24.0,14733.0,14112,645,0.0016289961311341885,0.037209302325581395
23cac1d031dba9e7.jpg,Fixed,336,336,1,72,0.0,14757.0,14112,645,0.0,0.0
23cac1d031dba9e7.jpg,PruneSID,336,336,1,71,333.0,14228.0,13916,645,0.023404554399775093,0.5162790697674419
23da9883d8305f12.jpg,DRIP,336,336,4,73,4133.0,21473.0,14308,11298,0.19247427001350534,0.36581695875376175
23da9883d8305f12.jpg,Fixed,336,336,4,72,761.0,24649.0,14112,11298,0.030873463426508176,0.06735705434590193
23da9883d8305f12.jpg,PruneSID,336,336,4,71,3565.0,21649.0,13916,11298,0.16467273315164674,0.31554257390688617
23df97d9ffa19a98.jpg,DRIP,336,336,5,72,2689.0,16349.0,14112,4926,0.16447489143066854,0.5458790093382054
23df97d9ffa19a98.jpg,Fixed,336,336,5,72,33.0,19005.0,14112,4926,0.0017363851617995265,0.006699147381242387
23df97d9ffa19a98.jpg,PruneSID,336,336,5,71,2020.0,16822.0,13916,4926,0.12008084651052194,0.4100690215184734
23efbe1903549ada.jpg,DRIP,336,336,0,72,,,14112,0,,
23efbe1903549ada.jpg,Fixed,336,336,0,72,,,14112,0,,
23efbe1903549ada.jpg,PruneSID,336,336,0,71,,,13916,0,,
23fb40cd560cf751.jpg,DRIP,336,336,0,72,,,14112,0,,
23fb40cd560cf751.jpg,Fixed,336,336,0,72,,,14112,0,,
23fb40cd560cf751.jpg,PruneSID,336,336,0,71,,,13916,0,,
2405190fb9ea8dd0.jpg,DRIP,336,336,2,72,321.0,14636.0,14112,845,0.021932221918556982,0.37988165680473374
2405190fb9ea8dd0.jpg,Fixed,336,336,2,72,258.0,14699.0,14112,845,0.017552214436356215,0.30532544378698223
2405190fb9ea8dd0.jpg,PruneSID,336,336,2,71,542.0,14219.0,13916,845,0.03811801111189254,0.6414201183431952
2429c36cd49ddd03.jpg,DRIP,336,336,1,72,0.0,15945.0,14112,1833,0.0,0.0
2429c36cd49ddd03.jpg,Fixed,336,336,1,72,0.0,15945.0,14112,1833,0.0,0.0
2429c36cd49ddd03.jpg,PruneSID,336,336,1,71,196.0,15553.0,13916,1833,0.012602070340127306,0.10692853246044735
24300d72296f30c8.jpg,DRIP,336,336,1,72,1604.0,17251.0,14112,4743,0.09298011709466118,0.3381825848619017
24300d72296f30c8.jpg,Fixed,336,336,1,72,714.0,18141.0,14112,4743,0.03935835951711592,0.15053763440860216
24300d72296f30c8.jpg,PruneSID,336,336,1,71,294.0,18365.0,13916,4743,0.016008712224339777,0.06198608475648324
244c6e5f1e327cde.jpg,DRIP,336,336,5,73,6233.0,22410.0,14308,14335,0.27813476126729136,0.4348099058249041
244c6e5f1e327cde.jpg,Fixed,336,336,5,72,1754.0,26693.0,14112,14335,0.06571011126512569,0.1223578653644925
244c6e5f1e327cde.jpg,PruneSID,336,336,5,71,4474.0,23777.0,13916,14335,0.18816503343567312,0.31210324380885945
24534957f36e5a1c.jpg,DRIP,336,336,1,73,669.0,15414.0,14308,1775,0.043402101985208254,0.37690140845070425
24534957f36e5a1c.jpg,Fixed,336,336,1,72,0.0,15887.0,14112,1775,0.0,0.0
24534957f36e5a1c.jpg,PruneSID,336,336,1,71,1050.0,14641.0,13916,1775,0.07171641281333242,0.5915492957746479
2455d8dfd884bdd7.jpg,DRIP,336,336,4,72,1051.0,17002.0,14112,3941,0.061816256910951654,0.2666835828469932
2455d8dfd884bdd7.jpg,Fixed,336,336,4,72,686.0,17367.0,14112,3941,0.039500201531640466,0.17406749555950266
2455d8dfd884bdd7.jpg,PruneSID,336,336,4,71,1800.0,16057.0,13916,3941,0.11210064146478171,0.45673686881502157
24679973c2d234c7.jpg,DRIP,336,336,1,73,,,14308,0,,
24679973c2d234c7.jpg,Fixed,336,336,1,72,,,14112,0,,
24679973c2d234c7.jpg,PruneSID,336,336,1,71,,,13916,0,,
247a4afb4f0dcb95.jpg,DRIP,336,336,3,73,937.0,16205.0,14308,2834,0.057821659981487195,0.33062808750882144
247a4afb4f0dcb95.jpg,Fixed,336,336,3,72,718.0,16228.0,14112,2834,0.044244515651959575,0.25335215243472126
247a4afb4f0dcb95.jpg,PruneSID,336,336,3,71,977.0,15773.0,13916,2834,0.06194129208140493,0.344742413549753
24b7d173b48481f8.jpg,DRIP,336,336,3,72,5950.0,24093.0,14112,15931,0.24695969783754618,0.37348565689536123
24b7d173b48481f8.jpg,Fixed,336,336,3,72,2220.0,27823.0,14112,15931,0.07979010171440894,0.13935095097608435
24b7d173b48481f8.jpg,PruneSID,336,336,3,71,3416.0,26431.0,13916,15931,0.12924217774582877,0.21442470654698387
24c438f1db2149b5.jpg,DRIP,336,336,3,73,2604.0,18831.0,14308,7127,0.13828261908555042,0.365371123895047
24c438f1db2149b5.jpg,Fixed,336,336,3,72,518.0,20721.0,14112,7127,0.024998793494522466,0.07268135260277817
24c438f1db2149b5.jpg,PruneSID,336,336,3,71,1790.0,19253.0,13916,7127,0.09297252376253051,0.251157569804967
24ce32b304ba871f.jpg,DRIP,336,336,22,73,6654.0,34531.0,14308,26877,0.19269641771162144,0.2475722736912602
24ce32b304ba871f.jpg,Fixed,336,336,22,72,3191.0,37798.0,14112,26877,0.08442245621461453,0.11872604829408044
24ce32b304ba871f.jpg,PruneSID,336,336,22,71,4352.0,36441.0,13916,26877,0.11942592135232294,0.16192283364958887
24d284b9c7a013aa.jpg,DRIP,336,336,4,72,583.0,15186.0,14112,1657,0.03839062294218359,0.35184067592033796
24d284b9c7a013aa.jpg,Fixed,336,336,4,72,216.0,15553.0,14112,1657,0.013887995885038256,0.13035606517803258
24d284b9c7a013aa.jpg,PruneSID,336,336,4,71,619.0,14954.0,13916,1657,0.04139360706165574,0.37356668678334337
24da153d756e9635.jpg,DRIP,336,336,3,72,815.0,16015.0,14112,2718,0.050889790821105216,0.29985283296541576
24da153d756e9635.jpg,Fixed,336,336,3,72,78.0,16752.0,14112,2718,0.004656160458452722,0.02869757174392936
24da153d756e9635.jpg,PruneSID,336,336,3,71,1563.0,15071.0,13916,2718,0.10370911021166479,0.5750551876379691
24ff7b14c346f28f.jpg,DRIP,336,336,0,73,,,14308,0,,
24ff7b14c346f28f.jpg,Fixed,336,336,0,72,,,14112,0,,
24ff7b14c346f28f.jpg,PruneSID,336,336,0,71,,,13916,0,,
253ce117b74b1684.jpg,DRIP,336,336,2,72,1361.0,14305.0,14112,1554,0.09514155889549109,0.8758043758043758
253ce117b74b1684.jpg,Fixed,336,336,2,72,0.0,15666.0,14112,1554,0.0,0.0
253ce117b74b1684.jpg,PruneSID,336,336,2,71,374.0,15096.0,13916,1554,0.024774774774774775,0.24066924066924067
25776b27892b7b6a.jpg,DRIP,336,336,0,72,,,14112,0,,
25776b27892b7b6a.jpg,Fixed,336,336,0,72,,,14112,0,,
25776b27892b7b6a.jpg,PruneSID,336,336,0,71,,,13916,0,,
25790662e38fa150.jpg,DRIP,336,336,3,73,2839.0,17218.0,14308,5749,0.16488558485306076,0.4938250130457471
25790662e38fa150.jpg,Fixed,336,336,3,72,368.0,19493.0,14112,5749,0.018878571795003334,0.0640111323708471
25790662e38fa150.jpg,PruneSID,336,336,3,71,1866.0,17799.0,13916,5749,0.10483735041294455,0.3245781875108715
258a78bedd48d930.jpg,DRIP,336,336,5,72,809.0,15561.0,14112,2258,0.05198894672578883,0.35828166519043403
258a78bedd48d930.jpg,Fixed,336,336,5,72,280.0,16090.0,14112,2258,0.01740211311373524,0.12400354295837024
258a78bedd48d930.jpg,PruneSID,336,336,5,71,1107.0,15067.0,13916,2258,0.07347182584456097,0.49025686448184236
25954f3e51b7f233.jpg,DRIP,336,336,0,72,,,14112,0,,
25954f3e51b7f233.jpg,Fixed,336,336,0,72,,,14112,0,,
25954f3e51b7f233.jpg,PruneSID,336,336,0,71,,,13916,0,,
25aa0d5e189efd76.jpg,DRIP,336,336,1,72,2948.0,15868.0,14112,4704,0.18578270733551802,0.6267006802721088
25aa0d5e189efd76.jpg,Fixed,336,336,1,72,664.0,18152.0,14112,4704,0.036579991185544294,0.141156462585034
25aa0d5e189efd76.jpg,PruneSID,336,336,1,71,1800.0,16820.0,13916,4704,0.1070154577883472,0.3826530612244898
25ad81da4cb9d105.jpg,DRIP,336,336,28,73,8347.0,39768.0,14308,33807,0.20989237577952122,0.2469015292690863
25ad81da4cb9d105.jpg,Fixed,336,336,28,72,4390.0,43529.0,14112,33807,0.10085230535964529,0.1298547638063123
25ad81da4cb9d105.jpg,PruneSID,336,336,28,71,6049.0,41674.0,13916,33807,0.14515045352018044,0.17892744106250186
25d0dfc975cbc3c1.jpg,DRIP,336,336,2,73,5222.0,19481.0,14308,10395,0.26805605461731946,0.5023569023569023
25d0dfc975cbc3c1.jpg,Fixed,336,336,2,72,1750.0,22757.0,14112,10395,0.07689941556444171,0.16835016835016836
25d0dfc975cbc3c1.jpg,PruneSID,336,336,2,71,2368.0,21943.0,13916,10395,0.10791596408877546,0.2278018278018278
25eaf6800180b68c.jpg,DRIP,336,336,1,73,1680.0,14833.0,14308,2205,0.11326097215667767,0.7619047619047619
25eaf6800180b68c.jpg,Fixed,336,336,1,72,294.0,16023.0,14112,2205,0.01834862385321101,0.13333333333333333
25eaf6800180b68c.jpg,PruneSID,336,336,1,71,1008.0,15113.0,13916,2205,0.0666975451597962,0.45714285714285713
25ee771fe04b07f3.jpg,DRIP,336,336,0,72,,,14112,0,,
25ee771fe04b07f3.jpg,Fixed,336,336,0,72,,,14112,0,,
25ee771fe04b07f3.jpg,PruneSID,336,336,0,71,,,13916,0,,
2651395ff518a966.jpg,DRIP,336,336,2,73,614.0,14499.0,14308,805,0.04234774812056004,0.7627329192546584
2651395ff518a966.jpg,Fixed,336,336,2,72,50.0,14867.0,14112,805,0.0033631532925270735,0.062111801242236024
2651395ff518a966.jpg,PruneSID,336,336,2,71,496.0,14225.0,13916,805,0.034868189806678385,0.6161490683229813
26517c5bb9e56776.jpg,DRIP,336,336,1,72,0.0,16003.0,14112,1891,0.0,0.0
26517c5bb9e56776.jpg,Fixed,336,336,1,72,0.0,16003.0,14112,1891,0.0,0.0
26517c5bb9e56776.jpg,PruneSID,336,336,1,71,252.0,15555.0,13916,1891,0.016200578592092573,0.13326282390269698
2651e7d03036c28a.jpg,DRIP,336,336,7,72,1169.0,17269.0,14112,4326,0.06769355492501013,0.2702265372168285
2651e7d03036c28a.jpg,Fixed,336,336,7,72,631.0,17807.0,14112,4326,0.03543550289212108,0.14586222838650023
2651e7d03036c28a.jpg,PruneSID,336,336,7,71,1427.0,16815.0,13916,4326,0.0848647041332144,0.3298659269533056
2659571273d85bbd.jpg,DRIP,336,336,1,72,1264.0,18299.0,14112,5451,0.06907481283130226,0.2318840579710145
2659571273d85bbd.jpg,Fixed,336,336,1,72,966.0,18597.0,14112,5451,0.051943861913211806,0.17721518987341772
2659571273d85bbd.jpg,PruneSID,336,336,1,71,1892.0,17475.0,13916,5451,0.1082689556509299,0.3470922766464869
26625b54a5b876fb.jpg,DRIP,336,336,11,72,2854.0,16452.0,14112,5194,0.17347434962314612,0.5494801694262611
26625b54a5b876fb.jpg,Fixed,336,336,11,72,830.0,18476.0,14112,5194,0.04492314353756224,0.15979976896418946
26625b54a5b876fb.jpg,PruneSID,336,336,11,71,1760.0,17350.0,13916,5194,0.10144092219020173,0.33885252214093187
2663afe4fe59d645.jpg,DRIP,336,336,2,73,1339.0,17428.0,14308,4459,0.07683038788156989,0.30029154518950435
2663afe4fe59d645.jpg,Fixed,336,336,2,72,721.0,17850.0,14112,4459,0.040392156862745096,0.16169544740973313
2663afe4fe59d645.jpg,PruneSID,336,336,2,71,2429.0,15946.0,13916,4459,0.15232660228270412,0.5447409733124019
266eae2b02331a87.jpg,DRIP,336,336,2,73,535.0,14418.0,14308,645,0.037106394784297406,0.8294573643410853
266eae2b02331a87.jpg,Fixed,336,336,2,72,0.0,14757.0,14112,645,0.0,0.0
266eae2b02331a87.jpg,PruneSID,336,336,2,71,499.0,14062.0,13916,645,0.03548570615844119,0.7736434108527132
26726e25ef9b30e7.jpg,DRIP,336,336,1,73,4520.0,24038.0,14308,14250,0.18803561028371746,0.31719298245614036
26726e25ef9b30e7.jpg,Fixed,336,336,1,72,2072.0,26290.0,14112,14250,0.07881323697223279,0.1454035087719298
26726e25ef9b30e7.jpg,PruneSID,336,336,1,71,3752.0,24414.0,13916,14250,0.15368231342672237,0.2632982456140351
2698cf2441670ca6.jpg,DRIP,336,336,7,73,10167.0,39589.0,14308,35448,0.25681376139836826,0.28681448882870686
2698cf2441670ca6.jpg,Fixed,336,336,7,72,4015.0,45545.0,14112,35448,0.08815457240092217,0.11326450011284135
2698cf2441670ca6.jpg,PruneSID,336,336,7,71,5082.0,44282.0,13916,35448,0.11476446411634524,0.14336492890995262
26b61c42bfb9d9bc.jpg,DRIP,336,336,2,73,1750.0,16188.0,14308,3630,0.10810476896466518,0.4820936639118457
26b61c42bfb9d9bc.jpg,Fixed,336,336,2,72,266.0,17476.0,14112,3630,0.01522087434195468,0.07327823691460054
26b61c42bfb9d9bc.jpg,PruneSID,336,336,2,71,1060.0,16486.0,13916,3630,0.06429697925512556,0.29201101928374656
26ba1fea5cc85891.jpg,DRIP,336,336,1,72,1092.0,15575.0,14112,2555,0.0701123595505618,0.4273972602739726
26ba1fea5cc85891.jpg,Fixed,336,336,1,72,395.0,16272.0,14112,2555,0.024274827925270404,0.15459882583170254
26ba1fea5cc85891.jpg,PruneSID,336,336,1,71,730.0,15741.0,13916,2555,0.046375706753065245,0.2857142857142857
26bcfd1e1a5a5d39.jpg,DRIP,336,336,22,72,6251.0,36639.0,14112,28778,0.17061055159802396,0.21721453888386963
26bcfd1e1a5a5d39.jpg,Fixed,336,336,22,72,3661.0,39229.0,14112,28778,0.09332381656427644,0.127215233859198
26bcfd1e1a5a5d39.jpg,PruneSID,336,336,22,71,6856.0,35838.0,13916,28778,0.19130531837714157,0.23823754256723886
26c304814f9fb605.jpg,DRIP,336,336,2,72,1512.0,17384.0,14112,4784,0.08697653014265992,0.31605351170568563
26c304814f9fb605.jpg,Fixed,336,336,2,72,654.0,18242.0,14112,4784,0.03585133209077952,0.1367056856187291
26c304814f9fb605.jpg,PruneSID,336,336,2,71,1120.0,17580.0,13916,4784,0.06370875995449374,0.23411371237458195
26c45671ee64aae1.jpg,DRIP,336,336,0,73,,,14308,0,,
26c45671ee64aae1.jpg,Fixed,336,336,0,72,,,14112,0,,
26c45671ee64aae1.jpg,PruneSID,336,336,0,71,,,13916,0,,
26cc94e8d52eef78.jpg,DRIP,336,336,4,72,1582.0,18721.0,14112,6191,0.0845040329042252,0.25553222419641414
26cc94e8d52eef78.jpg,Fixed,336,336,4,72,406.0,19897.0,14112,6191,0.020405086193898577,0.06557906638669035
26cc94e8d52eef78.jpg,PruneSID,336,336,4,71,2678.0,17429.0,13916,6191,0.15365195937804807,0.4325633984816669
26d9378d1d055421.jpg,DRIP,336,336,1,72,0.0,14385.0,14112,273,0.0,0.0
26d9378d1d055421.jpg,Fixed,336,336,1,72,0.0,14385.0,14112,273,0.0,0.0
26d9378d1d055421.jpg,PruneSID,336,336,1,71,0.0,14189.0,13916,273,0.0,0.0
26ed8c2b8053be22.jpg,DRIP,336,336,0,73,,,14308,0,,
26ed8c2b8053be22.jpg,Fixed,336,336,0,72,,,14112,0,,
26ed8c2b8053be22.jpg,PruneSID,336,336,0,71,,,13916,0,,
270a22e754fc3db4.jpg,DRIP,336,336,0,72,,,14112,0,,
270a22e754fc3db4.jpg,Fixed,336,336,0,72,,,14112,0,,
270a22e754fc3db4.jpg,PruneSID,336,336,0,71,,,13916,0,,
270ee71a340f50e8.jpg,DRIP,336,336,0,72,,,14112,0,,
270ee71a340f50e8.jpg,Fixed,336,336,0,72,,,14112,0,,
270ee71a340f50e8.jpg,PruneSID,336,336,0,71,,,13916,0,,
271e79e3b6374e2d.jpg,DRIP,336,336,0,73,,,14308,0,,
271e79e3b6374e2d.jpg,Fixed,336,336,0,72,,,14112,0,,
271e79e3b6374e2d.jpg,PruneSID,336,336,0,71,,,13916,0,,
2727f42deec9c31b.jpg,DRIP,336,336,11,72,1262.0,21902.0,14112,9052,0.05762030864761209,0.13941670349094124
2727f42deec9c31b.jpg,Fixed,336,336,11,72,959.0,22205.0,14112,9052,0.04318847106507543,0.10594343791427309
2727f42deec9c31b.jpg,PruneSID,336,336,11,71,3073.0,19895.0,13916,9052,0.1544609198291028,0.33948298718515246
27330fcacb356566.jpg,DRIP,336,336,3,73,809.0,15239.0,14308,1740,0.053087472931294705,0.4649425287356322
27330fcacb356566.jpg,Fixed,336,336,3,72,0.0,15852.0,14112,1740,0.0,0.0
27330fcacb356566.jpg,PruneSID,336,336,3,71,692.0,14964.0,13916,1740,0.04624431970061481,0.39770114942528734
273a22536edd6601.jpg,DRIP,336,336,3,72,812.0,18517.0,14112,5217,0.04385159583085813,0.1556450067088365
273a22536edd6601.jpg,Fixed,336,336,3,72,832.0,18497.0,14112,5217,0.04498026707033573,0.15947862756373396
273a22536edd6601.jpg,PruneSID,336,336,3,71,1329.0,17804.0,13916,5217,0.07464614693327343,0.2547441058079356
276f611acc2dd305.jpg,DRIP,336,336,0,73,,,14308,0,,
276f611acc2dd305.jpg,Fixed,336,336,0,72,,,14112,0,,
276f611acc2dd305.jpg,PruneSID,336,336,0,71,,,13916,0,,
277fb16e977e55db.jpg,DRIP,336,336,15,73,3483.0,24751.0,14308,13926,0.1407215870065856,0.25010771219302025
277fb16e977e55db.jpg,Fixed,336,336,15,72,1382.0,26656.0,14112,13926,0.051845738295318126,0.09923883383599023
277fb16e977e55db.jpg,PruneSID,336,336,15,71,3550.0,24292.0,13916,13926,0.146138646467973,0.2549188568145914
2781f6e7914b94f4.jpg,DRIP,336,336,1,72,392.0,14980.0,14112,1260,0.026168224299065422,0.3111111111111111
2781f6e7914b94f4.jpg,Fixed,336,336,1,72,0.0,15372.0,14112,1260,0.0,0.0
2781f6e7914b94f4.jpg,PruneSID,336,336,1,71,814.0,14362.0,13916,1260,0.05667734298844172,0.6460317460317461
279a2ceb9f66b515.jpg,DRIP,336,336,7,72,2830.0,16598.0,14112,5316,0.17050247017712977,0.5323551542513167
279a2ceb9f66b515.jpg,Fixed,336,336,7,72,807.0,18621.0,14112,5316,0.043338166586112455,0.1518058690744921
279a2ceb9f66b515.jpg,PruneSID,336,336,7,71,1394.0,17838.0,13916,5316,0.07814777441417199,0.2622272385252069
279b43525835aece.jpg,DRIP,336,336,9,73,2794.0,18299.0,14308,6785,0.15268593912235642,0.41179071481208546
279b43525835aece.jpg,Fixed,336,336,9,72,754.0,20143.0,14112,6785,0.03743235863575436,0.11112748710390567
279b43525835aece.jpg,PruneSID,336,336,9,71,2043.0,18658.0,13916,6785,0.10949726658805874,0.30110537951363303
27a334de63a58c5c.jpg,DRIP,336,336,6,73,1200.0,16813.0,14308,3705,0.07137334205674181,0.32388663967611336
27a334de63a58c5c.jpg,Fixed,336,336,6,72,436.0,17381.0,14112,3705,0.02508486278119786,0.11767881241565452
27a334de63a58c5c.jpg,PruneSID,336,336,6,71,782.0,16839.0,13916,3705,0.04643981234040026,0.21106612685560053
27bd54a16593bd89.jpg,DRIP,336,336,1,72,0.0,14511.0,14112,399,0.0,0.0
27bd54a16593bd89.jpg,Fixed,336,336,1,72,190.0,14321.0,14112,399,0.013267229942043154,0.47619047619047616
27bd54a16593bd89.jpg,PruneSID,336,336,1,71,0.0,14315.0,13916,399,0.0,0.0
27c06b3e25483ed7.jpg,DRIP,336,336,0,73,,,14308,0,,
27c06b3e25483ed7.jpg,Fixed,336,336,0,72,,,14112,0,,
27c06b3e25483ed7.jpg,PruneSID,336,336,0,71,,,13916,0,,
27c16e037819a596.jpg,DRIP,336,336,0,72,,,14112,0,,
27c16e037819a596.jpg,Fixed,336,336,0,72,,,14112,0,,
27c16e037819a596.jpg,PruneSID,336,336,0,71,,,13916,0,,
27cd3c07c0c5ff46.jpg,DRIP,336,336,3,73,1093.0,16661.0,14308,3446,0.06560230478362643,0.3171793383633198
27cd3c07c0c5ff46.jpg,Fixed,336,336,3,72,102.0,17456.0,14112,3446,0.005843263061411549,0.02959953569355775
27cd3c07c0c5ff46.jpg,PruneSID,336,336,3,71,448.0,16914.0,13916,3446,0.02648693390091049,0.13000580383052815
280a48e4b41a043e.jpg,DRIP,336,336,1,72,336.0,14800.0,14112,1024,0.022702702702702703,0.328125
280a48e4b41a043e.jpg,Fixed,336,336,1,72,224.0,14912.0,14112,1024,0.015021459227467811,0.21875
280a48e4b41a043e.jpg,PruneSID,336,336,1,71,224.0,14716.0,13916,1024,0.015221527589018754,0.21875
281b45bb46be691b.jpg,DRIP,336,336,0,72,,,14112,0,,
281b45bb46be691b.jpg,Fixed,336,336,0,72,,,14112,0,,
281b45bb46be691b.jpg,PruneSID,336,336,0,71,,,13916,0,,
2824436037dbb694.jpg,DRIP,336,336,3,73,4130.0,20685.0,14308,10507,0.1996615905245347,0.3930712858094604
2824436037dbb694.jpg,Fixed,336,336,3,72,1778.0,22841.0,14112,10507,0.07784247624885075,0.1692205196535643
2824436037dbb694.jpg,PruneSID,336,336,3,71,1932.0,22491.0,13916,10507,0.08590102707749767,0.1838774150566289
282aeaa6c802c517.jpg,DRIP,336,336,1,73,850.0,14529.0,14308,1071,0.05850368229059123,0.7936507936507936
282aeaa6c802c517.jpg,Fixed,336,336,1,72,234.0,14949.0,14112,1071,0.015653220951234198,0.2184873949579832
282aeaa6c802c517.jpg,PruneSID,336,336,1,71,511.0,14476.0,13916,1071,0.03529980657640232,0.477124183006536
2834c6da8de1d02c.jpg,DRIP,336,336,0,73,,,14308,0,,
2834c6da8de1d02c.jpg,Fixed,336,336,0,72,,,14112,0,,
2834c6da8de1d02c.jpg,PruneSID,336,336,0,71,,,13916,0,,
28429e3df3abbe28.jpg,DRIP,336,336,7,73,2633.0,27428.0,14308,15753,0.095996791599825,0.16714276645718276
28429e3df3abbe28.jpg,Fixed,336,336,7,72,1666.0,28199.0,14112,15753,0.05908010922373134,0.10575763346664127
28429e3df3abbe28.jpg,PruneSID,336,336,7,71,4602.0,25067.0,13916,15753,0.18358798420233774,0.29213483146067415
2881d731e55ee507.jpg,DRIP,336,336,2,72,751.0,15887.0,14112,2526,0.04727135393718134,0.29730799683293746
2881d731e55ee507.jpg,Fixed,336,336,2,72,434.0,16204.0,14112,2526,0.026783510244384103,0.17181314330958036
2881d731e55ee507.jpg,PruneSID,336,336,2,71,756.0,15686.0,13916,2526,0.04819584342725998,0.2992874109263658
288c5995ecf7188e.jpg,DRIP,336,336,6,72,2343.0,20414.0,14112,8645,0.11477417458606838,0.2710237131289763
288c5995ecf7188e.jpg,Fixed,336,336,6,72,1199.0,21558.0,14112,8645,0.0556174042118935,0.1386928860613071
288c5995ecf7188e.jpg,PruneSID,336,336,6,71,3385.0,19176.0,13916,8645,0.17652273675427618,0.3915558126084442
28965287b0087f08.jpg,DRIP,336,336,4,73,5331.0,27174.0,14308,18197,0.19618017222344888,0.2929603780842996
28965287b0087f08.jpg,Fixed,336,336,4,72,2368.0,29941.0,14112,18197,0.07908887478708126,0.13013134033082377
28965287b0087f08.jpg,PruneSID,336,336,4,71,2778.0,29335.0,13916,18197,0.09469916482018068,0.15266252679013023
28c7083ce0f7608f.jpg,DRIP,336,336,12,73,1234.0,18938.0,14308,5864,0.0651599957756891,0.21043656207366984
28c7083ce0f7608f.jpg,Fixed,336,336,12,72,656.0,19320.0,14112,5864,0.03395445134575569,0.11186903137789904
28c7083ce0f7608f.jpg,PruneSID,336,336,12,71,1106.0,18674.0,13916,5864,0.059226732355146194,0.18860845839017734
28f229c738626467.jpg,DRIP,336,336,2,73,1959.0,22707.0,14308,10358,0.08627295547628484,0.18912917551650898
28f229c738626467.jpg,Fixed,336,336,2,72,1645.0,22825.0,14112,10358,0.07207009857612268,0.158814442942653
28f229c738626467.jpg,PruneSID,336,336,2,71,2043.0,22231.0,13916,10358,0.09189870001349466,0.197238849198687
2927086cd6ba2f8c.jpg,DRIP,336,336,11,73,5914.0,43742.0,14308,35348,0.13520186548397423,0.1673079099241824
2927086cd6ba2f8c.jpg,Fixed,336,336,11,72,4519.0,44941.0,14112,35348,0.10055405976725039,0.12784315944324998
2927086cd6ba2f8c.jpg,PruneSID,336,336,11,71,5824.0,43440.0,13916,35348,0.13406998158379374,0.1647617969899287
294d71aafff175b5.jpg,DRIP,336,336,8,72,50.0,14973.0,14112,911,0.0033393441528083885,0.054884742041712405
294d71aafff175b5.jpg,Fixed,336,336,8,72,8.0,15015.0,14112,911,0.0005328005328005328,0.008781558726673985
294d71aafff175b5.jpg,PruneSID,336,336,8,71,263.0,14564.0,13916,911,0.018058225762153254,0.28869374313940727
297e957b5d644e9d.jpg,DRIP,336,336,5,73,9470.0,41454.0,14308,36616,0.22844598832440777,0.25863010705702427
297e957b5d644e9d.jpg,Fixed,336,336,5,72,5200.0,45528.0,14112,36616,0.1142154278685644,0.14201441992571553
297e957b5d644e9d.jpg,PruneSID,336,336,5,71,6682.0,43850.0,13916,36616,0.1523831242873432,0.18248852960454445
2986fd7e368ba4b6.jpg,DRIP,336,336,1,73,3346.0,17920.0,14308,6958,0.18671875,0.48088531187122735
2986fd7e368ba4b6.jpg,Fixed,336,336,1,72,17.0,21053.0,14112,6958,0.0008074858689972926,0.0024432308134521414
2986fd7e368ba4b6.jpg,PruneSID,336,336,1,71,1106.0,19768.0,13916,6958,0.05594900849858357,0.158953722334004
29ac45d489429cf9.jpg,DRIP,336,336,11,73,3476.0,19411.0,14308,8579,0.17907372108598218,0.4051754283716051
29ac45d489429cf9.jpg,Fixed,336,336,11,72,1040.0,21651.0,14112,8579,0.04803473280679876,0.12122625014570462
29ac45d489429cf9.jpg,PruneSID,336,336,11,71,3253.0,19242.0,13916,8579,0.16905727055399647,0.3791817228115165
29b294b7702266b5.jpg,DRIP,336,336,17,73,563.0,16755.0,14308,3010,0.03360190987764846,0.18704318936877076
29b294b7702266b5.jpg,Fixed,336,336,17,72,413.0,16709.0,14112,3010,0.024717218265605363,0.1372093023255814
29b294b7702266b5.jpg,PruneSID,336,336,17,71,1534.0,15392.0,13916,3010,0.09966216216216216,0.5096345514950166
29cc685993149e79.jpg,DRIP,336,336,4,72,4138.0,21710.0,14112,11736,0.19060340856748043,0.35259032038173144
29cc685993149e79.jpg,Fixed,336,336,4,72,1770.0,24078.0,14112,11736,0.07351108896087714,0.15081799591002046
29cc685993149e79.jpg,PruneSID,336,336,4,71,3443.0,22209.0,13916,11736,0.15502724120851907,0.2933708248125426
29ccc9eadaac2dea.jpg,DRIP,336,336,1,73,870.0,15365.0,14308,1927,0.056622193296452974,0.45147898287493515
29ccc9eadaac2dea.jpg,Fixed,336,336,1,72,0.0,16039.0,14112,1927,0.0,0.0
29ccc9eadaac2dea.jpg,PruneSID,336,336,1,71,990.0,14853.0,13916,1927,0.06665320137345991,0.5137519460300985
29d786c10f5ce62a.jpg,DRIP,336,336,6,73,10490.0,45541.0,14308,41723,0.23034188972574163,0.25142008005177
29d786c10f5ce62a.jpg,Fixed,336,336,6,72,5282.0,50553.0,14112,41723,0.10448440250825866,0.12659684107087218
29d786c10f5ce62a.jpg,PruneSID,336,336,6,71,4484.0,51155.0,13916,41723,0.08765516567295474,0.1074706996141217
29f1df6c02b77177.jpg,DRIP,336,336,0,72,,,14112,0,,
29f1df6c02b77177.jpg,Fixed,336,336,0,72,,,14112,0,,
29f1df6c02b77177.jpg,PruneSID,336,336,0,71,,,13916,0,,
2a00cd44e41a590e.jpg,DRIP,336,336,0,73,,,14308,0,,
2a00cd44e41a590e.jpg,Fixed,336,336,0,72,,,14112,0,,
2a00cd44e41a590e.jpg,PruneSID,336,336,0,71,,,13916,0,,
2a28186bcc0dfb80.jpg,DRIP,336,336,1,73,373.0,14819.0,14308,884,0.025170389365004386,0.42194570135746606
2a28186bcc0dfb80.jpg,Fixed,336,336,1,72,238.0,14758.0,14112,884,0.01612684645615937,0.2692307692307692
2a28186bcc0dfb80.jpg,PruneSID,336,336,1,71,788.0,14012.0,13916,884,0.056237510705109905,0.8914027149321267
2a29ee71f8c328ca.jpg,DRIP,336,336,0,72,,,14112,0,,
2a29ee71f8c328ca.jpg,Fixed,336,336,0,72,,,14112,0,,
2a29ee71f8c328ca.jpg,PruneSID,336,336,0,71,,,13916,0,,
2a5037334af79e4b.jpg,DRIP,336,336,5,72,2674.0,22377.0,14112,10939,0.11949769852974036,0.24444647591187493
2a5037334af79e4b.jpg,Fixed,336,336,5,72,667.0,24384.0,14112,10939,0.027354002624671917,0.06097449492641009
2a5037334af79e4b.jpg,PruneSID,336,336,5,71,2878.0,21977.0,13916,10939,0.13095508941165765,0.26309534692385045
2a5c3cab4fcf0a0c.jpg,DRIP,336,336,8,72,1954.0,21790.0,14112,9632,0.08967416245984397,0.2028654485049834
2a5c3cab4fcf0a0c.jpg,Fixed,336,336,8,72,1078.0,22666.0,14112,9632,0.04756022235948116,0.1119186046511628
2a5c3cab4fcf0a0c.jpg,PruneSID,336,336,8,71,1215.0,22333.0,13916,9632,0.054403797071598085,0.12614202657807308
2a5f3d37b9b309af.jpg,DRIP,336,336,79,72,4425.0,51315.0,14112,41628,0.08623209587839813,0.10629864514269242
2a5f3d37b9b309af.jpg,Fixed,336,336,79,72,5016.0,50724.0,14112,41628,0.09888810030754672,0.12049582012107235
2a5f3d37b9b309af.jpg,PruneSID,336,336,79,71,8455.0,47089.0,13916,41628,0.179553611246788,0.20310848467377726
2a6eca7d84ebdbdc.jpg,DRIP,336,336,12,73,4445.0,22486.0,14308,12623,0.19767855554567287,0.3521349916818506
2a6eca7d84ebdbdc.jpg,Fixed,336,336,12,72,1790.0,24945.0,14112,12623,0.07175786730807777,0.14180464231957537
2a6eca7d84ebdbdc.jpg,PruneSID,336,336,12,71,2717.0,23822.0,13916,12623,0.11405423558055579,0.21524201853759012
2a8e1b18b5838812.jpg,DRIP,336,336,5,72,3326.0,27211.0,14112,16425,0.12222998052258278,0.20249619482496195
2a8e1b18b5838812.jpg,Fixed,336,336,5,72,1802.0,28735.0,14112,16425,0.06271097964155212,0.10971080669710807
2a8e1b18b5838812.jpg,PruneSID,336,336,5,71,3170.0,27171.0,13916,16425,0.11666850686393582,0.19299847792998479
2a9b52b33ae6a8d8.jpg,DRIP,336,336,19,73,4724.0,24806.0,14308,15222,0.1904377973071031,0.31034029693864146
2a9b52b33ae6a8d8.jpg,Fixed,336,336,19,72,2324.0,27010.0,14112,15222,0.0860422065901518,0.15267376166075416
2a9b52b33ae6a8d8.jpg,PruneSID,336,336,19,71,4168.0,24970.0,13916,15222,0.16692030436523828,0.2738142162659309
2aafcb12b2ce977e.jpg,DRIP,336,336,5,73,278.0,16083.0,14308,2053,0.017285332338494063,0.1354115927910375
2aafcb12b2ce977e.jpg,Fixed,336,336,5,72,75.0,16090.0,14112,2053,0.0046612802983219395,0.03653190452995616
2aafcb12b2ce977e.jpg,PruneSID,336,336,5,71,1281.0,14688.0,13916,2053,0.0872140522875817,0.6239649293716513
2ab7a1a9993e8827.jpg,DRIP,336,336,1,72,252.0,15669.0,14112,1809,0.016082711085583,0.13930348258706468
2ab7a1a9993e8827.jpg,Fixed,336,336,1,72,0.0,15921.0,14112,1809,0.0,0.0
2ab7a1a9993e8827.jpg,PruneSID,336,336,1,71,350.0,15375.0,13916,1809,0.022764227642276424,0.19347705914870095
2b22674571579daa.jpg,DRIP,336,336,1,72,56.0,16440.0,14112,2384,0.0034063260340632603,0.02348993288590604
2b22674571579daa.jpg,Fixed,336,336,1,72,224.0,16272.0,14112,2384,0.01376597836774828,0.09395973154362416
2b22674571579daa.jpg,PruneSID,336,336,1,71,584.0,15716.0,13916,2384,0.03715958259099007,0.24496644295302014
2b29d938e3d0f082.jpg,DRIP,336,336,6,73,4236.0,18926.0,14308,8854,0.22381908485681073,0.47842782922972665
2b29d938e3d0f082.jpg,Fixed,336,336,6,72,1730.0,21236.0,14112,8854,0.0814654360519872,0.19539191325954372
2b29d938e3d0f082.jpg,PruneSID,336,336,6,71,2522.0,20248.0,13916,8854,0.12455551165547214,0.2848430088095776
2b442a38fc2ac697.jpg,DRIP,336,336,1,72,955.0,14588.0,14112,1431,0.06546476556073486,0.6673654786862334
2b442a38fc2ac697.jpg,Fixed,336,336,1,72,0.0,15543.0,14112,1431,0.0,0.0
2b442a38fc2ac697.jpg,PruneSID,336,336,1,71,371.0,14976.0,13916,1431,0.024772970085470084,0.25925925925925924
2b461aac16c17b46.jpg,DRIP,336,336,1,73,156.0,18751.0,14308,4599,0.008319556290331181,0.033920417482061316
2b461aac16c17b46.jpg,Fixed,336,336,1,72,450.0,18261.0,14112,4599,0.02464268112370626,0.09784735812133072
2b461aac16c17b46.jpg,PruneSID,336,336,1,71,420.0,18095.0,13916,4599,0.02321083172147002,0.091324200913242
2b538a43dd933fc1.jpg,DRIP,336,336,6,72,8092.0,27962.0,14112,21942,0.289392747299907,0.36879044754352386
2b538a43dd933fc1.jpg,Fixed,336,336,6,72,3053.0,33001.0,14112,21942,0.09251234811066332,0.13913954972199435
2b538a43dd933fc1.jpg,PruneSID,336,336,6,71,5339.0,30519.0,13916,21942,0.17494020118614634,0.2433233069000091
2b92ce942467f122.jpg,DRIP,336,336,12,73,3238.0,18656.0,14308,7586,0.17356346483704974,0.42683891378855787
2b92ce942467f122.jpg,Fixed,336,336,12,72,1005.0,20693.0,14112,7586,0.04856714831102305,0.13248088584234116
2b92ce942467f122.jpg,PruneSID,336,336,12,71,1900.0,19602.0,13916,7586,0.09692888480767269,0.25046137621935144
2bd7d936793d10ed.jpg,DRIP,336,336,5,72,9467.0,36572.0,14112,31927,0.2588592365744285,0.2965201866758543
2bd7d936793d10ed.jpg,Fixed,336,336,5,72,3902.0,42137.0,14112,31927,0.09260270071433657,0.12221630594794375
2bd7d936793d10ed.jpg,PruneSID,336,336,5,71,6561.0,39282.0,13916,31927,0.16702306399877806,0.20550004698217808
2bd970952e20de96.jpg,DRIP,336,336,1,72,5782.0,33455.0,14112,25125,0.1728291735166642,0.23012935323383085
2bd970952e20de96.jpg,Fixed,336,336,1,72,2814.0,36423.0,14112,25125,0.07725887488674739,0.112
2bd970952e20de96.jpg,PruneSID,336,336,1,71,4918.0,34123.0,13916,25125,0.14412566304252264,0.1957412935323383
2be7fec54b43a742.jpg,DRIP,336,336,3,73,4168.0,33231.0,14308,23091,0.1254250549186001,0.18050322636525054
2be7fec54b43a742.jpg,Fixed,336,336,3,72,3588.0,33615.0,14112,23091,0.10673806336456938,0.1553852150188385
2be7fec54b43a742.jpg,PruneSID,336,336,3,71,5488.0,31519.0,13916,23091,0.1741171991497192,0.23766835563639513
2beaf9db720c828e.jpg,DRIP,336,336,2,73,5124.0,25199.0,14308,16015,0.20334140243660462,0.31995004683109585
2beaf9db720c828e.jpg,Fixed,336,336,2,72,2140.0,27987.0,14112,16015,0.0764640726051381,0.13362472681860754
2beaf9db720c828e.jpg,PruneSID,336,336,2,71,4722.0,25209.0,13916,16015,0.18731405450434369,0.2948485794567593
2bf11ddb80fddef5.jpg,DRIP,336,336,6,73,1440.0,21081.0,14308,8213,0.06830795503059627,0.175331791062949
2bf11ddb80fddef5.jpg,Fixed,336,336,6,72,1424.0,20901.0,14112,8213,0.06813071144921296,0.17338366005113845
2bf11ddb80fddef5.jpg,PruneSID,336,336,6,71,1693.0,20436.0,13916,8213,0.08284400078293208,0.2061366126872032
2c0faabc3ddefe60.jpg,DRIP,336,336,0,73,,,14308,0,,
2c0faabc3ddefe60.jpg,Fixed,336,336,0,72,,,14112,0,,
2c0faabc3ddefe60.jpg,PruneSID,336,336,0,71,,,13916,0,,
2c296753ea709fad.jpg,DRIP,336,336,0,72,,,14112,0,,
2c296753ea709fad.jpg,Fixed,336,336,0,72,,,14112,0,,
2c296753ea709fad.jpg,PruneSID,336,336,0,71,,,13916,0,,
2c42141de0083a8f.jpg,DRIP,336,336,26,73,566.0,27164.0,14308,13422,0.020836401119128257,0.04216957234391298
2c42141de0083a8f.jpg,Fixed,336,336,26,72,1131.0,26403.0,14112,13422,0.04283604135893648,0.08426464014304873
2c42141de0083a8f.jpg,PruneSID,336,336,26,71,3681.0,23657.0,13916,13422,0.15559876569302955,0.2742512293249888
2c42eeaaeee6f34a.jpg,DRIP,336,336,0,72,,,14112,0,,
2c42eeaaeee6f34a.jpg,Fixed,336,336,0,72,,,14112,0,,
2c42eeaaeee6f34a.jpg,PruneSID,336,336,0,71,,,13916,0,,
2c502295ecd9c750.jpg,DRIP,336,336,0,72,,,14112,0,,
2c502295ecd9c750.jpg,Fixed,336,336,0,72,,,14112,0,,
2c502295ecd9c750.jpg,PruneSID,336,336,0,71,,,13916,0,,
2c52615e43e42dce.jpg,DRIP,336,336,14,73,8315.0,38333.0,14308,32340,0.21691492969504084,0.25711193568336427
2c52615e43e42dce.jpg,Fixed,336,336,14,72,4686.0,41766.0,14112,32340,0.1121965234880046,0.14489795918367346
2c52615e43e42dce.jpg,PruneSID,336,336,14,71,5995.0,40261.0,13916,32340,0.14890340528054444,0.18537414965986396
2c57a5e5739ce3cc.jpg,DRIP,336,336,0,73,,,14308,0,,
2c57a5e5739ce3cc.jpg,Fixed,336,336,0,72,,,14112,0,,
2c57a5e5739ce3cc.jpg,PruneSID,336,336,0,71,,,13916,0,,
2c58485b5d69b5c8.jpg,DRIP,336,336,33,72,4454.0,34588.0,14112,24930,0.12877298485023708,0.17866024869634978
2c58485b5d69b5c8.jpg,Fixed,336,336,33,72,3267.0,35775.0,14112,24930,0.09132075471698113,0.13104693140794224
2c58485b5d69b5c8.jpg,PruneSID,336,336,33,71,5082.0,33764.0,13916,24930,0.1505153417841488,0.20385078219013236
2c67459de1e68b17.jpg,DRIP,336,336,14,73,7245.0,31978.0,14308,24915,0.2265620113828257,0.29078868151715836
2c67459de1e68b17.jpg,Fixed,336,336,14,72,3228.0,35799.0,14112,24915,0.09017011648370066,0.1295605057194461
2c67459de1e68b17.jpg,PruneSID,336,336,14,71,5412.0,33419.0,13916,24915,0.16194380442263384,0.21721854304635763
2c8f93aa9a48bdc3.jpg,DRIP,336,336,4,72,3607.0,16223.0,14112,5718,0.22233865499599334,0.630814970269325
2c8f93aa9a48bdc3.jpg,Fixed,336,336,4,72,1270.0,18560.0,14112,5718,0.06842672413793104,0.22210563133962924
2c8f93aa9a48bdc3.jpg,PruneSID,336,336,4,71,1900.0,17734.0,13916,5718,0.10713882936731702,0.3322840153899965
2ca5a3c2f2b6526d.jpg,DRIP,336,336,5,73,1498.0,20384.0,14308,7574,0.07348901098901099,0.1977818853974122
2ca5a3c2f2b6526d.jpg,Fixed,336,336,5,72,1374.0,20312.0,14112,7574,0.06764474202441906,0.18141008714021653
2ca5a3c2f2b6526d.jpg,PruneSID,336,336,5,71,1670.0,19820.0,13916,7574,0.08425832492431887,0.22049115394771587
2cb6f2fad7686578.jpg,DRIP,336,336,1,72,301.0,14126.0,14112,315,0.02130822596630327,0.9555555555555556
2cb6f2fad7686578.jpg,Fixed,336,336,1,72,0.0,14427.0,14112,315,0.0,0.0
2cb6f2fad7686578.jpg,PruneSID,336,336,1,71,294.0,13937.0,13916,315,0.02109492717227524,0.9333333333333333
2cd2e8a48409b787.jpg,DRIP,336,336,2,73,4830.0,20112.0,14308,10634,0.24015513126491647,0.45420349821327816
2cd2e8a48409b787.jpg,Fixed,336,336,2,72,1212.0,23534.0,14112,10634,0.051499957508285885,0.1139740455143878
2cd2e8a48409b787.jpg,PruneSID,336,336,2,71,1540.0,23010.0,13916,10634,0.06692742285962625,0.14481850667669738
2cdb8e97cf57d164.jpg,DRIP,336,336,6,73,3060.0,23077.0,14308,11829,0.13259955800147333,0.25868627948262746
2cdb8e97cf57d164.jpg,Fixed,336,336,6,72,246.0,25695.0,14112,11829,0.009573847051955634,0.020796347958407305
2cdb8e97cf57d164.jpg,PruneSID,336,336,6,71,2553.0,23192.0,13916,11829,0.11008106243532252,0.21582551356834898
2d02c441eb5347e7.jpg,DRIP,336,336,5,72,7214.0,32684.0,14112,25786,0.2207196181617917,0.2797642131389126
2d02c441eb5347e7.jpg,Fixed,336,336,5,72,2344.0,37554.0,14112,25786,0.06241678649411514,0.09090203986659427
2d02c441eb5347e7.jpg,PruneSID,336,336,5,71,2941.0,36761.0,13916,25786,0.08000326432904437,0.11405413790428914
2d11832afbb08adc.jpg,DRIP,336,336,0,72,,,14112,0,,
2d11832afbb08adc.jpg,Fixed,336,336,0,72,,,14112,0,,
2d11832afbb08adc.jpg,PruneSID,336,336,0,71,,,13916,0,,
2d145713c11740fc.jpg,DRIP,336,336,13,73,4845.0,29813.0,14308,20350,0.1625129976855734,0.23808353808353808
2d145713c11740fc.jpg,Fixed,336,336,13,72,2644.0,31818.0,14112,20350,0.08309761770067257,0.12992628992628993
2d145713c11740fc.jpg,PruneSID,336,336,13,71,4335.0,29931.0,13916,20350,0.14483311616718453,0.21302211302211302
2d1999870f41b5ce.jpg,DRIP,336,336,7,73,4069.0,36124.0,14308,25885,0.11263979625733585,0.1571952868456635
2d1999870f41b5ce.jpg,Fixed,336,336,7,72,3673.0,36324.0,14112,25885,0.10111771831296112,0.14189685145837358
2d1999870f41b5ce.jpg,PruneSID,336,336,7,71,3826.0,35975.0,13916,25885,0.10635163307852676,0.14780761058528105
2d22463bbb238136.jpg,DRIP,336,336,0,72,,,14112,0,,
2d22463bbb238136.jpg,Fixed,336,336,0,72,,,14112,0,,
2d22463bbb238136.jpg,PruneSID,336,336,0,71,,,13916,0,,
2d25a2faf26c9c52.jpg,DRIP,336,336,3,73,910.0,18701.0,14308,5303,0.0486604994385327,0.17160098057703188
2d25a2faf26c9c52.jpg,Fixed,336,336,3,72,607.0,18808.0,14112,5303,0.03227350063802637,0.11446351122006411
2d25a2faf26c9c52.jpg,PruneSID,336,336,3,71,1626.0,17593.0,13916,5303,0.09242312283294492,0.3066188949651141
2d3afc6e9e6acfeb.jpg,DRIP,336,336,9,72,2391.0,18446.0,14112,6725,0.12962159817846688,0.3555390334572491
2d3afc6e9e6acfeb.jpg,Fixed,336,336,9,72,716.0,20121.0,14112,6725,0.0355847124894389,0.10646840148698884
2d3afc6e9e6acfeb.jpg,PruneSID,336,336,9,71,2397.0,18244.0,13916,6725,0.1313856610392458,0.35643122676579925
2d51ec1f9aaf81e6.jpg,DRIP,336,336,3,72,4970.0,29997.0,14112,20855,0.16568323499016568,0.23831215535842723
2d51ec1f9aaf81e6.jpg,Fixed,336,336,3,72,2338.0,32629.0,14112,20855,0.07165405007815134,0.11210740829537282
2d51ec1f9aaf81e6.jpg,PruneSID,336,336,3,71,6566.0,28205.0,13916,20855,0.23279560361638008,0.314840565811556
2d64472ea6306593.jpg,DRIP,336,336,11,73,6915.0,33369.0,14308,25976,0.20722826575564146,0.2662072682476132
2d64472ea6306593.jpg,Fixed,336,336,11,72,3096.0,36992.0,14112,25976,0.08369377162629758,0.11918694179242377
2d64472ea6306593.jpg,PruneSID,336,336,11,71,6827.0,33065.0,13916,25976,0.2064721004082867,0.26281952571604555
2d67f657cd78c9a0.jpg,DRIP,336,336,6,73,1336.0,16131.0,14308,3159,0.08282189572872109,0.42291864514086736
2d67f657cd78c9a0.jpg,Fixed,336,336,6,72,378.0,16893.0,14112,3159,0.022376132125732553,0.11965811965811966
2d67f657cd78c9a0.jpg,PruneSID,336,336,6,71,950.0,16125.0,13916,3159,0.05891472868217054,0.3007280785058563
2d71dc57d9b8ad68.jpg,DRIP,336,336,3,73,1540.0,17043.0,14308,4275,0.09035967846036495,0.36023391812865496
2d71dc57d9b8ad68.jpg,Fixed,336,336,3,72,453.0,17934.0,14112,4275,0.025259284041485447,0.10596491228070175
2d71dc57d9b8ad68.jpg,PruneSID,336,336,3,71,742.0,17449.0,13916,4275,0.04252392687260015,0.17356725146198831
2d73a69fa8177dd6.jpg,DRIP,336,336,1,72,939.0,14616.0,14112,1443,0.06424466338259442,0.6507276507276507
2d73a69fa8177dd6.jpg,Fixed,336,336,1,72,0.0,15555.0,14112,1443,0.0,0.0
2d73a69fa8177dd6.jpg,PruneSID,336,336,1,71,1009.0,14350.0,13916,1443,0.07031358885017422,0.6992376992376992
2d79f46fe590fa4a.jpg,DRIP,336,336,2,72,644.0,15316.0,14112,1848,0.04204753199268738,0.3484848484848485
2d79f46fe590fa4a.jpg,Fixed,336,336,2,72,294.0,15666.0,14112,1848,0.01876675603217158,0.1590909090909091
2d79f46fe590fa4a.jpg,PruneSID,336,336,2,71,1059.0,14705.0,13916,1848,0.07201632097925875,0.573051948051948
2d7bc6c2cfffbb5c.jpg,DRIP,336,336,2,73,1668.0,15079.0,14308,2439,0.11061741494794085,0.6838868388683886
2d7bc6c2cfffbb5c.jpg,Fixed,336,336,2,72,0.0,16551.0,14112,2439,0.0,0.0
2d7bc6c2cfffbb5c.jpg,PruneSID,336,336,2,71,924.0,15431.0,13916,2439,0.05987946341779535,0.37884378843788435
2d9c06dbfac74cc5.jpg,DRIP,336,336,2,72,511.0,15503.0,14112,1902,0.03296136231697091,0.268664563617245
2d9c06dbfac74cc5.jpg,Fixed,336,336,2,72,377.0,15637.0,14112,1902,0.02410948391635224,0.1982124079915878
2d9c06dbfac74cc5.jpg,PruneSID,336,336,2,71,700.0,15118.0,13916,1902,0.0463024209551528,0.36803364879074657
2db1b4e8115e36ee.jpg,DRIP,336,336,7,72,11234.0,85212.0,14112,82334,0.13183589165845186,0.13644423931790026
2db1b4e8115e36ee.jpg,Fixed,336,336,7,72,11144.0,85302.0,14112,82334,0.1306417200065649,0.13535113076007482
2db1b4e8115e36ee.jpg,PruneSID,336,336,7,71,10044.0,86206.0,13916,82334,0.1165116117207619,0.12199091505331941
2dc95f78aded8663.jpg,DRIP,336,336,5,73,1120.0,17991.0,14308,4803,0.06225334889667056,0.23318759108890277
2dc95f78aded8663.jpg,Fixed,336,336,5,72,299.0,18616.0,14112,4803,0.01606145251396648,0.06225275869248387
2dc95f78aded8663.jpg,PruneSID,336,336,5,71,2094.0,16625.0,13916,4803,0.12595488721804513,0.43597751405371643
2dd89e89e3a39efd.jpg,DRIP,336,336,4,72,2248.0,17357.0,14112,5493,0.12951546926312152,0.4092481339887129
2dd89e89e3a39efd.jpg,Fixed,336,336,4,72,1078.0,18527.0,14112,5493,0.05818535110919199,0.1962497724376479
2dd89e89e3a39efd.jpg,PruneSID,336,336,4,71,2236.0,17173.0,13916,5493,0.13020439061317185,0.407063535408702
2dd8bd9889e45692.jpg,DRIP,336,336,1,73,268.0,15147.0,14308,1107,0.01769327259523338,0.24209575429087624
2dd8bd9889e45692.jpg,Fixed,336,336,1,72,0.0,15219.0,14112,1107,0.0,0.0
2dd8bd9889e45692.jpg,PruneSID,336,336,1,71,869.0,14154.0,13916,1107,0.06139607178182846,0.7850045167118338
2e08fa585bfaee57.jpg,DRIP,336,336,3,72,3644.0,18471.0,14112,8003,0.19728222619240973,0.455329251530676
2e08fa585bfaee57.jpg,Fixed,336,336,3,72,1220.0,20895.0,14112,8003,0.05838717396506341,0.1524428339372735
2e08fa585bfaee57.jpg,PruneSID,336,336,3,71,1572.0,20347.0,13916,8003,0.07725954686194525,0.19642634012245408
2e1a5d4eb35e5f4f.jpg,DRIP,336,336,16,73,1406.0,18788.0,14308,5886,0.07483500106450926,0.23887189942235815
2e1a5d4eb35e5f4f.jpg,Fixed,336,336,16,72,642.0,19356.0,14112,5886,0.033168009919404835,0.109072375127421
2e1a5d4eb35e5f4f.jpg,PruneSID,336,336,16,71,1666.0,18136.0,13916,5886,0.09186149095721217,0.28304451240231054
2e3e36742f841cf1.jpg,DRIP,336,336,10,72,5209.0,24046.0,14112,15143,0.21662646594028112,0.34398732087433137
2e3e36742f841cf1.jpg,Fixed,336,336,10,72,2248.0,27007.0,14112,15143,0.08323767912022809,0.14845142970349337
2e3e36742f841cf1.jpg,PruneSID,336,336,10,71,5836.0,23223.0,13916,15143,0.2513025879515997,0.3853925906359374
2e45acd379e82164.jpg,DRIP,336,336,1,73,756.0,14904.0,14308,1352,0.050724637681159424,0.5591715976331361
2e45acd379e82164.jpg,Fixed,336,336,1,72,0.0,15464.0,14112,1352,0.0,0.0
2e45acd379e82164.jpg,PruneSID,336,336,1,71,652.0,14616.0,13916,1352,0.04460864805692392,0.4822485207100592
2e5e0f30f5f6763b.jpg,DRIP,336,336,51,73,5595.0,46979.0,14308,38266,0.11909576619340556,0.1462133486646109
2e5e0f30f5f6763b.jpg,Fixed,336,336,51,72,4967.0,47411.0,14112,38266,0.10476471704878615,0.1298019129253123
2e5e0f30f5f6763b.jpg,PruneSID,336,336,51,71,8401.0,43781.0,13916,38266,0.19188689157397043,0.21954215230230492
2e780a73b50b501c.jpg,DRIP,336,336,1,72,322.0,15677.0,14112,1887,0.020539644064553168,0.17064122946475888
2e780a73b50b501c.jpg,Fixed,336,336,1,72,518.0,15481.0,14112,1887,0.03346037077708158,0.27450980392156865
2e780a73b50b501c.jpg,PruneSID,336,336,1,71,644.0,15159.0,13916,1887,0.042483013391384654,0.34128245892951775
2ea931c8dc8e361b.jpg,DRIP,336,336,15,73,7236.0,55942.0,14308,48870,0.1293482535483179,0.14806629834254142
2ea931c8dc8e361b.jpg,Fixed,336,336,15,72,5728.0,57254.0,14112,48870,0.1000454116742935,0.11720892162881114
2ea931c8dc8e361b.jpg,PruneSID,336,336,15,71,5805.0,56981.0,13916,48870,0.10187606395114161,0.11878453038674033
2eb7fb9fb90cff35.jpg,DRIP,336,336,3,72,935.0,15541.0,14112,2364,0.06016343864616176,0.3955160744500846
2eb7fb9fb90cff35.jpg,Fixed,336,336,3,72,294.0,16182.0,14112,2364,0.018168335187245088,0.12436548223350254
2eb7fb9fb90cff35.jpg,PruneSID,336,336,3,71,674.0,15606.0,13916,2364,0.04318851723696014,0.28510998307952623
2edfe070fbbce327.jpg,DRIP,336,336,1,72,3752.0,16939.0,14112,6579,0.22150067890666508,0.5702994376044992
2edfe070fbbce327.jpg,Fixed,336,336,1,72,624.0,20067.0,14112,6579,0.031095828972940647,0.09484724122207022
2edfe070fbbce327.jpg,PruneSID,336,336,1,71,1759.0,18736.0,13916,6579,0.09388343296327925,0.2673658610731114
2ee5cf87702d01ae.jpg,DRIP,336,336,1,73,3710.0,29222.0,14308,18624,0.12695914037369105,0.19920532646048109
2ee5cf87702d01ae.jpg,Fixed,336,336,1,72,2548.0,30188.0,14112,18624,0.08440439909897973,0.13681271477663232
2ee5cf87702d01ae.jpg,PruneSID,336,336,1,71,4690.0,27850.0,13916,18624,0.16840215439856374,0.25182560137457044
2ee9c57cae6b426a.jpg,DRIP,336,336,0,72,,,14112,0,,
2ee9c57cae6b426a.jpg,Fixed,336,336,0,72,,,14112,0,,
2ee9c57cae6b426a.jpg,PruneSID,336,336,0,71,,,13916,0,,
2f00b9cc898da2f2.jpg,DRIP,336,336,8,73,6998.0,31492.0,14308,24182,0.22221516575638256,0.289388801587958
2f00b9cc898da2f2.jpg,Fixed,336,336,8,72,3961.0,34333.0,14112,24182,0.11537005213642851,0.16379952030435863
2f00b9cc898da2f2.jpg,PruneSID,336,336,8,71,4583.0,33515.0,13916,24182,0.13674474116067434,0.18952113142006452
2f1733263c69a9d2.jpg,DRIP,336,336,0,73,,,14308,0,,
2f1733263c69a9d2.jpg,Fixed,336,336,0,72,,,14112,0,,
2f1733263c69a9d2.jpg,PruneSID,336,336,0,71,,,13916,0,,
2f1ddcc07f127ea8.jpg,DRIP,336,336,11,73,857.0,16681.0,14308,3230,0.051375816797554104,0.2653250773993808
2f1ddcc07f127ea8.jpg,Fixed,336,336,11,72,421.0,16921.0,14112,3230,0.0248803262218545,0.1303405572755418
2f1ddcc07f127ea8.jpg,PruneSID,336,336,11,71,1971.0,15175.0,13916,3230,0.12988467874794069,0.6102167182662539
2f1fa586b708fcf5.jpg,DRIP,336,336,2,72,208.0,15492.0,14112,1588,0.013426284533953009,0.1309823677581864
2f1fa586b708fcf5.jpg,Fixed,336,336,2,72,0.0,15700.0,14112,1588,0.0,0.0
2f1fa586b708fcf5.jpg,PruneSID,336,336,2,71,952.0,14552.0,13916,1588,0.06542056074766354,0.5994962216624685
2f229afa98032dfe.jpg,DRIP,336,336,5,73,1744.0,19517.0,14308,6953,0.08935799559358508,0.25082698115921187
2f229afa98032dfe.jpg,Fixed,336,336,5,72,243.0,20822.0,14112,6953,0.011670348669676305,0.034948942902344314
2f229afa98032dfe.jpg,PruneSID,336,336,5,71,1664.0,19205.0,13916,6953,0.08664410309815153,0.2393211563353948
2f39a8f0171a2e82.jpg,DRIP,336,336,1,72,1365.0,14700.0,14112,1953,0.09285714285714286,0.6989247311827957
2f39a8f0171a2e82.jpg,Fixed,336,336,1,72,294.0,15771.0,14112,1953,0.018641810918774968,0.15053763440860216
2f39a8f0171a2e82.jpg,PruneSID,336,336,1,71,778.0,15091.0,13916,1953,0.051553906301769266,0.3983614951356887
2f46dcd5c28603f2.jpg,DRIP,336,336,20,72,2279.0,24913.0,14112,13080,0.09147834463934491,0.17423547400611622
2f46dcd5c28603f2.jpg,Fixed,336,336,20,72,1965.0,25227.0,14112,13080,0.07789273397550243,0.15022935779816513
2f46dcd5c28603f2.jpg,PruneSID,336,336,20,71,3800.0,23196.0,13916,13080,0.16382134850836352,0.290519877675841
2f4815177dc543be.jpg,DRIP,336,336,0,72,,,14112,0,,
2f4815177dc543be.jpg,Fixed,336,336,0,72,,,14112,0,,
2f4815177dc543be.jpg,PruneSID,336,336,0,71,,,13916,0,,
2f724d0c829a2a9e.jpg,DRIP,336,336,1,73,84.0,14870.0,14308,646,0.0056489576328177535,0.13003095975232198
2f724d0c829a2a9e.jpg,Fixed,336,336,1,72,266.0,14492.0,14112,646,0.018354954457631797,0.4117647058823529
2f724d0c829a2a9e.jpg,PruneSID,336,336,1,71,0.0,14562.0,13916,646,0.0,0.0
2f8be2b2de5573dc.jpg,DRIP,336,336,6,73,3626.0,19409.0,14308,8727,0.1868205471688392,0.4154921507963791
2f8be2b2de5573dc.jpg,Fixed,336,336,6,72,1134.0,21705.0,14112,8727,0.05224602626123013,0.12994156067377105
2f8be2b2de5573dc.jpg,PruneSID,336,336,6,71,2661.0,19982.0,13916,8727,0.13316985286758082,0.30491577861808183
2f9237c2cd935f0e.jpg,DRIP,336,336,0,72,,,14112,0,,
2f9237c2cd935f0e.jpg,Fixed,336,336,0,72,,,14112,0,,
2f9237c2cd935f0e.jpg,PruneSID,336,336,0,71,,,13916,0,,
2fa55fefd94032cc.jpg,DRIP,336,336,6,73,1824.0,23156.0,14308,10672,0.07877008118846088,0.17091454272863568
2fa55fefd94032cc.jpg,Fixed,336,336,6,72,1056.0,23728.0,14112,10672,0.044504383007417395,0.09895052473763119
2fa55fefd94032cc.jpg,PruneSID,336,336,6,71,2706.0,21882.0,13916,10672,0.1236632848916918,0.2535607196401799
2fb99af2e910da2f.jpg,DRIP,336,336,40,72,2662.0,36822.0,14112,25372,0.07229373743957417,0.10491880813495191
2fb99af2e910da2f.jpg,Fixed,336,336,40,72,2535.0,36949.0,14112,25372,0.06860808140951041,0.09991329024121079
2fb99af2e910da2f.jpg,PruneSID,336,336,40,71,6490.0,32798.0,13916,25372,0.19787791938532837,0.25579378842818856
2fcbf5fbdf4b90de.jpg,DRIP,336,336,0,72,,,14112,0,,
2fcbf5fbdf4b90de.jpg,Fixed,336,336,0,72,,,14112,0,,
2fcbf5fbdf4b90de.jpg,PruneSID,336,336,0,71,,,13916,0,,
2fda7dceebdfd8f2.jpg,DRIP,336,336,12,72,1843.0,25577.0,14112,13308,0.07205692614458302,0.13848812744214006
2fda7dceebdfd8f2.jpg,Fixed,336,336,12,72,2103.0,25317.0,14112,13308,0.08306671406564758,0.15802524797114517
2fda7dceebdfd8f2.jpg,PruneSID,336,336,12,71,3392.0,23832.0,13916,13308,0.1423296408190668,0.2548842801322513
2fdbba3552d1be9b.jpg,DRIP,336,336,1,72,903.0,15513.0,14112,2304,0.058209243859988394,0.3919270833333333
2fdbba3552d1be9b.jpg,Fixed,336,336,1,72,336.0,16080.0,14112,2304,0.020895522388059702,0.14583333333333334
2fdbba3552d1be9b.jpg,PruneSID,336,336,1,71,658.0,15562.0,13916,2304,0.04228248297134044,0.2855902777777778
2fe6e3a4b7078357.jpg,DRIP,336,336,2,73,4040.0,22872.0,14308,12604,0.17663518712836657,0.32053316407489685
2fe6e3a4b7078357.jpg,Fixed,336,336,2,72,1680.0,25036.0,14112,12604,0.06710337114555041,0.13329101872421453
2fe6e3a4b7078357.jpg,PruneSID,336,336,2,71,3504.0,23016.0,13916,12604,0.15224191866527634,0.2780069819105046
2ff73abfc97e25df.jpg,DRIP,336,336,4,72,6587.0,28829.0,14112,21304,0.22848520586909016,0.30919076229815995
2ff73abfc97e25df.jpg,Fixed,336,336,4,72,3030.0,32386.0,14112,21304,0.09355894522324461,0.1422268118663162
2ff73abfc97e25df.jpg,PruneSID,336,336,4,71,4781.0,30439.0,13916,21304,0.15706823483031637,0.2244179496808111
301668e27f9354b8.jpg,DRIP,336,336,2,73,5052.0,35492.0,14308,26236,0.14234193621097713,0.1925598414392438
301668e27f9354b8.jpg,Fixed,336,336,2,72,3210.0,37138.0,14112,26236,0.0864343798804459,0.1223509681353865
301668e27f9354b8.jpg,PruneSID,336,336,2,71,3206.0,36946.0,13916,26236,0.0867752936718454,0.12219850586979722
3029615a65478f09.jpg,DRIP,336,336,11,73,4463.0,22762.0,14308,12917,0.19607240137070556,0.3455136641635055
3029615a65478f09.jpg,Fixed,336,336,11,72,1277.0,25752.0,14112,12917,0.04958838148493321,0.09886196485251994
3029615a65478f09.jpg,PruneSID,336,336,11,71,4554.0,22279.0,13916,12917,0.20440773822882535,0.35255864364790584
304223d90cc59315.jpg,DRIP,336,336,2,72,1442.0,18028.0,14112,5358,0.07998668737519414,0.269130272489735
304223d90cc59315.jpg,Fixed,336,336,2,72,716.0,18754.0,14112,5358,0.03817852191532473,0.13363195222097798
304223d90cc59315.jpg,PruneSID,336,336,2,71,1358.0,17916.0,13916,5358,0.07579816923420406,0.2534527808883912
305937198eba13f0.jpg,DRIP,336,336,0,72,,,14112,0,,
305937198eba13f0.jpg,Fixed,336,336,0,72,,,14112,0,,
305937198eba13f0.jpg,PruneSID,336,336,0,71,,,13916,0,,
3065bb012def000b.jpg,DRIP,336,336,2,72,2030.0,20054.0,14112,7972,0.1012266879425551,0.2546412443552434
3065bb012def000b.jpg,Fixed,336,336,2,72,0.0,22084.0,14112,7972,0.0,0.0
3065bb012def000b.jpg,PruneSID,336,336,2,71,1358.0,20530.0,13916,7972,0.06614710180224062,0.17034621174109382
307614f6f88a3fca.jpg,DRIP,336,336,1,73,117.0,14758.0,14308,567,0.007927903509960699,0.20634920634920634
307614f6f88a3fca.jpg,Fixed,336,336,1,72,0.0,14679.0,14112,567,0.0,0.0
307614f6f88a3fca.jpg,PruneSID,336,336,1,71,324.0,14159.0,13916,567,0.0228829719612967,0.5714285714285714
3093b0e9a763ff5b.jpg,DRIP,336,336,3,72,,,14112,0,,
3093b0e9a763ff5b.jpg,Fixed,336,336,3,72,,,14112,0,,
3093b0e9a763ff5b.jpg,PruneSID,336,336,3,71,,,13916,0,,
30cc1142d7d87fd0.jpg,DRIP,336,336,6,73,1708.0,21675.0,14308,9075,0.078800461361015,0.18820936639118457
30cc1142d7d87fd0.jpg,Fixed,336,336,6,72,642.0,22545.0,14112,9075,0.028476380572188955,0.07074380165289257
30cc1142d7d87fd0.jpg,PruneSID,336,336,6,71,2182.0,20809.0,13916,9075,0.10485847469844779,0.24044077134986225
30dc7ab68c2654a6.jpg,DRIP,336,336,4,72,903.0,18099.0,14112,4890,0.049892259240842035,0.18466257668711655
30dc7ab68c2654a6.jpg,Fixed,336,336,4,72,48.0,18954.0,14112,4890,0.0025324469768914213,0.0098159509202454
30dc7ab68c2654a6.jpg,PruneSID,336,336,4,71,1442.0,17364.0,13916,4890,0.08304538124856024,0.2948875255623722
30e45da4d94b432d.jpg,DRIP,336,336,0,72,,,14112,0,,
30e45da4d94b432d.jpg,Fixed,336,336,0,72,,,14112,0,,
30e45da4d94b432d.jpg,PruneSID,336,336,0,71,,,13916,0,,
30f9b48158fc56e6.jpg,DRIP,336,336,8,72,1429.0,19321.0,14112,6638,0.07396097510480824,0.21527568544742393
30f9b48158fc56e6.jpg,Fixed,336,336,8,72,1006.0,19744.0,14112,6638,0.05095218800648298,0.1515516721904188
30f9b48158fc56e6.jpg,PruneSID,336,336,8,71,2706.0,17848.0,13916,6638,0.15161362617660243,0.40765290750225974
3100b88584dba89b.jpg,DRIP,336,336,3,72,307.0,15315.0,14112,1510,0.020045706823375774,0.2033112582781457
3100b88584dba89b.jpg,Fixed,336,336,3,72,340.0,15282.0,14112,1510,0.022248396806700693,0.2251655629139073
3100b88584dba89b.jpg,PruneSID,336,336,3,71,664.0,14762.0,13916,1510,0.04498035496545184,0.43973509933774835
311fc727efa87aa1.jpg,DRIP,336,336,4,72,5669.0,27031.0,14112,18588,0.2097221708408864,0.30498170862922314
311fc727efa87aa1.jpg,Fixed,336,336,4,72,2002.0,30698.0,14112,18588,0.06521597498208352,0.10770389498601247
311fc727efa87aa1.jpg,PruneSID,336,336,4,71,4908.0,27596.0,13916,18588,0.177851862588781,0.26404131697869593
31368b20c6ab7831.jpg,DRIP,336,336,1,73,4174.0,19242.0,14308,9108,0.21692131795031702,0.4582784365393061
31368b20c6ab7831.jpg,Fixed,336,336,1,72,808.0,22412.0,14112,9108,0.03605211493842584,0.08871321914800176
31368b20c6ab7831.jpg,PruneSID,336,336,1,71,952.0,22072.0,13916,9108,0.04313156940920623,0.10452349582784365
315b5437f12c2884.jpg,DRIP,336,336,1,73,2081.0,15668.0,14308,3441,0.13281848353331632,0.6047660563789596
315b5437f12c2884.jpg,Fixed,336,336,1,72,502.0,17051.0,14112,3441,0.02944108849920826,0.14588782330717814
315b5437f12c2884.jpg,PruneSID,336,336,1,71,950.0,16407.0,13916,3441,0.05790211495093558,0.27608253414705025
3160eee4830c2079.jpg,DRIP,336,336,5,72,2093.0,17243.0,14112,5224,0.12138259003653656,0.40065084226646247
3160eee4830c2079.jpg,Fixed,336,336,5,72,1146.0,18190.0,14112,5224,0.06300164925783397,0.21937212863705974
3160eee4830c2079.jpg,PruneSID,336,336,5,71,2317.0,16823.0,13916,5224,0.1377281103251501,0.44352986217457885
3164c02b7c9a870f.jpg,DRIP,336,336,0,72,,,14112,0,,
3164c02b7c9a870f.jpg,Fixed,336,336,0,72,,,14112,0,,
3164c02b7c9a870f.jpg,PruneSID,336,336,0,71,,,13916,0,,
3169601cf3721f97.jpg,DRIP,336,336,4,72,2230.0,17551.0,14112,5669,0.12705828727707824,0.3933674369377315
3169601cf3721f97.jpg,Fixed,336,336,4,72,602.0,19179.0,14112,5669,0.031388497836174985,0.10619156817780914
3169601cf3721f97.jpg,PruneSID,336,336,4,71,2559.0,17026.0,13916,5669,0.1502995418771291,0.4514023637325807
319a0d9f2c5d6065.jpg,DRIP,336,336,1,73,392.0,15617.0,14308,1701,0.02510085163603765,0.23045267489711935
319a0d9f2c5d6065.jpg,Fixed,336,336,1,72,378.0,15435.0,14112,1701,0.024489795918367346,0.2222222222222222
319a0d9f2c5d6065.jpg,PruneSID,336,336,1,71,784.0,14833.0,13916,1701,0.052855120339782916,0.4609053497942387
31cdc3e5fa56c786.jpg,DRIP,336,336,1,72,,,14112,0,,
31cdc3e5fa56c786.jpg,Fixed,336,336,1,72,,,14112,0,,
31cdc3e5fa56c786.jpg,PruneSID,336,336,1,71,,,13916,0,,
31de82365306af7e.jpg,DRIP,336,336,2,73,469.0,16112.0,14308,2273,0.02910873882820258,0.20633523977122745
31de82365306af7e.jpg,Fixed,336,336,2,72,368.0,16017.0,14112,2273,0.022975588437285383,0.16190057193136823
31de82365306af7e.jpg,PruneSID,336,336,2,71,1099.0,15090.0,13916,2273,0.07282968853545395,0.48350197976242854
31ea74d67a685249.jpg,DRIP,336,336,7,73,3475.0,25971.0,14308,15138,0.13380308805975896,0.22955476284846082
31ea74d67a685249.jpg,Fixed,336,336,7,72,1529.0,27721.0,14112,15138,0.055156740377331266,0.10100409565332276
31ea74d67a685249.jpg,PruneSID,336,336,7,71,1941.0,27113.0,13916,15138,0.07158927451775901,0.1282203725723345
31f39786288ae93b.jpg,DRIP,336,336,2,73,2371.0,16293.0,14308,4356,0.1455226170748174,0.5443067033976124
31f39786288ae93b.jpg,Fixed,336,336,2,72,786.0,17682.0,14112,4356,0.044451985069562265,0.18044077134986225
31f39786288ae93b.jpg,PruneSID,336,336,2,71,2632.0,15640.0,13916,4356,0.16828644501278772,0.6042240587695134
31fab88cb9501d52.jpg,DRIP,336,336,3,72,5166.0,21034.0,14112,12088,0.24560235808690692,0.42736598279285243
31fab88cb9501d52.jpg,Fixed,336,336,3,72,130.0,26070.0,14112,12088,0.004986574606827772,0.010754467240238253
31fab88cb9501d52.jpg,PruneSID,336,336,3,71,3894.0,22110.0,13916,12088,0.1761194029850746,0.32213765718067505
31fff763ae82a1fc.jpg,DRIP,336,336,44,73,7915.0,67848.0,14308,61455,0.11665782336988563,0.12879342608412658
31fff763ae82a1fc.jpg,Fixed,336,336,44,72,7632.0,67935.0,14112,61455,0.11234268050342239,0.12418843055894557
31fff763ae82a1fc.jpg,PruneSID,336,336,44,71,7500.0,67871.0,13916,61455,0.11050374976057521,0.12204051745179399
32131e7f073db97d.jpg,DRIP,336,336,2,73,3507.0,21542.0,14308,10741,0.1627982545724631,0.3265059119262638
32131e7f073db97d.jpg,Fixed,336,336,2,72,1099.0,23754.0,14112,10741,0.046265892060284586,0.10231821990503677
32131e7f073db97d.jpg,PruneSID,336,336,2,71,3419.0,21238.0,13916,10741,0.16098502683868537,0.31831300623778047
32164c537fd0817a.jpg,DRIP,336,336,3,72,3570.0,19424.0,14112,8882,0.18379324546952225,0.4019365007881108
32164c537fd0817a.jpg,Fixed,336,336,3,72,1414.0,21580.0,14112,8882,0.0655236329935125,0.15919837874352624
32164c537fd0817a.jpg,PruneSID,336,336,3,71,1850.0,20948.0,13916,8882,0.08831392018331105,0.2082864219770322
3226cc6459ac8f50.jpg,DRIP,336,336,1,72,1580.0,19264.0,14112,6732,0.08201827242524917,0.23469994058229351
3226cc6459ac8f50.jpg,Fixed,336,336,1,72,616.0,20228.0,14112,6732,0.030452837650781096,0.0915032679738562
3226cc6459ac8f50.jpg,PruneSID,336,336,1,71,1428.0,19220.0,13916,6732,0.07429760665972945,0.21212121212121213
32393791f12ab19a.jpg,DRIP,336,336,3,72,757.0,17360.0,14112,4005,0.04360599078341014,0.18901373283395756
32393791f12ab19a.jpg,Fixed,336,336,3,72,670.0,17447.0,14112,4005,0.03840201753883189,0.16729088639200998
32393791f12ab19a.jpg,PruneSID,336,336,3,71,1526.0,16395.0,13916,4005,0.09307715767002135,0.38102372034956306
323b9351f4ac782d.jpg,DRIP,336,336,1,72,960.0,16704.0,14112,3552,0.05747126436781609,0.2702702702702703
323b9351f4ac782d.jpg,Fixed,336,336,1,72,0.0,17664.0,14112,3552,0.0,0.0
323b9351f4ac782d.jpg,PruneSID,336,336,1,71,804.0,16664.0,13916,3552,0.04824771963514162,0.22635135135135134
325517b1f132e195.jpg,DRIP,336,336,0,73,,,14308,0,,
325517b1f132e195.jpg,Fixed,336,336,0,72,,,14112,0,,
325517b1f132e195.jpg,PruneSID,336,336,0,71,,,13916,0,,
328c0a162031b131.jpg,DRIP,336,336,14,72,6107.0,29309.0,14112,21304,0.20836603091200656,0.28665978220052574
328c0a162031b131.jpg,Fixed,336,336,14,72,2967.0,32449.0,14112,21304,0.09143579154981664,0.1392696207285017
328c0a162031b131.jpg,PruneSID,336,336,14,71,3668.0,31552.0,13916,21304,0.11625253549695741,0.1721742395794217
32b03eea22d4875a.jpg,DRIP,336,336,4,73,7582.0,24043.0,14308,17317,0.31535166160628875,0.43783565282670206
32b03eea22d4875a.jpg,Fixed,336,336,4,72,2509.0,28920.0,14112,17317,0.08675656984785615,0.14488652768955362
32b03eea22d4875a.jpg,PruneSID,336,336,4,71,5054.0,26179.0,13916,17317,0.19305550250200543,0.2918519374025524
32e256bcf960b507.jpg,DRIP,336,336,2,72,515.0,15422.0,14112,1825,0.03339385293736221,0.2821917808219178
32e256bcf960b507.jpg,Fixed,336,336,2,72,242.0,15695.0,14112,1825,0.015418923223956674,0.1326027397260274
32e256bcf960b507.jpg,PruneSID,336,336,2,71,753.0,14988.0,13916,1825,0.05024019215372298,0.4126027397260274
32ec42158c53eb66.jpg,DRIP,336,336,1,73,0.0,15933.0,14308,1625,0.0,0.0
32ec42158c53eb66.jpg,Fixed,336,336,1,72,54.0,15683.0,14112,1625,0.003443218771918638,0.03323076923076923
32ec42158c53eb66.jpg,PruneSID,336,336,1,71,726.0,14815.0,13916,1625,0.049004387445156936,0.44676923076923075
32ef1c4fd6663175.jpg,DRIP,336,336,4,72,3107.0,19193.0,14112,8188,0.16188193612254467,0.3794577430385931
32ef1c4fd6663175.jpg,Fixed,336,336,4,72,2068.0,20232.0,14112,8188,0.1022143139580862,0.2525647288715193
32ef1c4fd6663175.jpg,PruneSID,336,336,4,71,1752.0,20352.0,13916,8188,0.08608490566037735,0.21397166585246702
32f4e922747e69fa.jpg,DRIP,336,336,6,73,2530.0,24355.0,14308,12577,0.1038801067542599,0.20116084916911822
32f4e922747e69fa.jpg,Fixed,336,336,6,72,2046.0,24643.0,14112,12577,0.0830256056486629,0.16267790411067823
32f4e922747e69fa.jpg,PruneSID,336,336,6,71,4508.0,21985.0,13916,12577,0.20504889697521037,0.35843205851951976
32ff5b9fc3d32b51.jpg,DRIP,336,336,2,73,598.0,16022.0,14308,2312,0.037323679940082385,0.2586505190311419
32ff5b9fc3d32b51.jpg,Fixed,336,336,2,72,513.0,15911.0,14112,2312,0.03224184526428257,0.22188581314878894
32ff5b9fc3d32b51.jpg,PruneSID,336,336,2,71,560.0,15668.0,13916,2312,0.035741639009446005,0.2422145328719723
330ac77b36168d85.jpg,DRIP,336,336,2,73,3318.0,25345.0,14308,14355,0.13091339514697178,0.23113897596656216
330ac77b36168d85.jpg,Fixed,336,336,2,72,1218.0,27249.0,14112,14355,0.044698888032588355,0.08484848484848485
330ac77b36168d85.jpg,PruneSID,336,336,2,71,5598.0,22673.0,13916,14355,0.24690160102324352,0.38996865203761755
330c81f5c5c4a070.jpg,DRIP,336,336,4,72,7861.0,35133.0,14112,28882,0.22374975094640367,0.2721764420746486
330c81f5c5c4a070.jpg,Fixed,336,336,4,72,2924.0,40070.0,14112,28882,0.0729722984776641,0.10123952634859082
330c81f5c5c4a070.jpg,PruneSID,336,336,4,71,4174.0,38624.0,13916,28882,0.10806752278376139,0.14451907762620317
33383ab833a60b67.jpg,DRIP,336,336,1,73,0.0,15331.0,14308,1023,0.0,0.0
33383ab833a60b67.jpg,Fixed,336,336,1,72,330.0,14805.0,14112,1023,0.022289766970618033,0.3225806451612903
33383ab833a60b67.jpg,PruneSID,336,336,1,71,196.0,14743.0,13916,1023,0.013294444821271111,0.19159335288367546
33471ae417f19b4e.jpg,DRIP,336,336,2,72,5656.0,27460.0,14112,19004,0.20597232337946103,0.297621553357188
33471ae417f19b4e.jpg,Fixed,336,336,2,72,2590.0,30526.0,14112,19004,0.08484570530039966,0.13628709745316775
33471ae417f19b4e.jpg,PruneSID,336,336,2,71,3316.0,29604.0,13916,19004,0.1120118902850966,0.17448958114081245
334bf855d256bd2e.jpg,DRIP,336,336,0,73,,,14308,0,,
334bf855d256bd2e.jpg,Fixed,336,336,0,72,,,14112,0,,
334bf855d256bd2e.jpg,PruneSID,336,336,0,71,,,13916,0,,
335d2a8ae70322e0.jpg,DRIP,336,336,0,73,,,14308,0,,
335d2a8ae70322e0.jpg,Fixed,336,336,0,72,,,14112,0,,
335d2a8ae70322e0.jpg,PruneSID,336,336,0,71,,,13916,0,,
337e9a86e8028447.jpg,DRIP,336,336,4,73,2154.0,18033.0,14308,5879,0.11944767925469972,0.3663888416397347
337e9a86e8028447.jpg,Fixed,336,336,4,72,1080.0,18911.0,14112,5879,0.05710961874041563,0.18370471168566083
337e9a86e8028447.jpg,PruneSID,336,336,4,71,1894.0,17901.0,13916,5879,0.10580414501983129,0.3221636332709644
33a10b077c70bae4.jpg,DRIP,336,336,86,73,9286.0,76406.0,14308,71384,0.1215349579875926,0.13008517314804438
33a10b077c70bae4.jpg,Fixed,336,336,86,72,8777.0,76719.0,14112,71384,0.11440451517876928,0.12295472374761851
33a10b077c70bae4.jpg,PruneSID,336,336,86,71,10283.0,75017.0,13916,71384,0.13707559619819507,0.1440518883783481
33ab6ce7a34dffcd.jpg,DRIP,336,336,15,72,6050.0,26399.0,14112,18337,0.2291753475510436,0.32993401319736054
33ab6ce7a34dffcd.jpg,Fixed,336,336,15,72,2463.0,29986.0,14112,18337,0.08213833122123658,0.13431859082728909
33ab6ce7a34dffcd.jpg,PruneSID,336,336,15,71,4890.0,27363.0,13916,18337,0.17870847494792239,0.2666739379396848
33cff3fa3fc256bf.jpg,DRIP,336,336,5,73,9260.0,65903.0,14308,60855,0.14050953674339559,0.15216498233505873
33cff3fa3fc256bf.jpg,Fixed,336,336,5,72,7526.0,67441.0,14112,60855,0.1115938375765484,0.12367102128009202
33cff3fa3fc256bf.jpg,PruneSID,336,336,5,71,7916.0,66855.0,13916,60855,0.11840550444992895,0.13007969764193575
33d53189d3af4fb5.jpg,DRIP,336,336,2,73,46.0,14607.0,14308,345,0.0031491750530567536,0.13333333333333333
33d53189d3af4fb5.jpg,Fixed,336,336,2,72,0.0,14457.0,14112,345,0.0,0.0
33d53189d3af4fb5.jpg,PruneSID,336,336,2,71,210.0,14051.0,13916,345,0.014945555476478542,0.6086956521739131
33decd0b95fc3646.jpg,DRIP,336,336,8,72,9841.0,36894.0,14112,32623,0.2667371388301621,0.30165833920853385
33decd0b95fc3646.jpg,Fixed,336,336,8,72,4437.0,42298.0,14112,32623,0.10489857676485886,0.13600833767587284
33decd0b95fc3646.jpg,PruneSID,336,336,8,71,6721.0,39818.0,13916,32623,0.16879300818725199,0.20602029243171996
33e472cfe8651cd9.jpg,DRIP,336,336,26,72,6555.0,50743.0,14112,43186,0.12918037955974224,0.15178530079192332
33e472cfe8651cd9.jpg,Fixed,336,336,26,72,6669.0,50629.0,14112,43186,0.1317229255960023,0.15442504515352198
33e472cfe8651cd9.jpg,PruneSID,336,336,26,71,8164.0,48938.0,13916,43186,0.16682332747558135,0.18904274533413606
33fecafce9ad7f50.jpg,DRIP,336,336,0,72,,,14112,0,,
33fecafce9ad7f50.jpg,Fixed,336,336,0,72,,,14112,0,,
33fecafce9ad7f50.jpg,PruneSID,336,336,0,71,,,13916,0,,
3418f56e0d116a3b.jpg,DRIP,336,336,3,73,5774.0,21915.0,14308,13381,0.26347250741501255,0.43150736118376803
3418f56e0d116a3b.jpg,Fixed,336,336,3,72,2264.0,25229.0,14112,13381,0.08973799992072615,0.16919512741947537
3418f56e0d116a3b.jpg,PruneSID,336,336,3,71,4988.0,22309.0,13916,13381,0.2235868931821238,0.3727673566997982
3437304c906a53bc.jpg,DRIP,336,336,0,73,,,14308,0,,
3437304c906a53bc.jpg,Fixed,336,336,0,72,,,14112,0,,
3437304c906a53bc.jpg,PruneSID,336,336,0,71,,,13916,0,,
3441bbf19a60fb55.jpg,DRIP,336,336,3,73,6140.0,33031.0,14308,24863,0.1858859858920408,0.24695330410650365
3441bbf19a60fb55.jpg,Fixed,336,336,3,72,2856.0,36119.0,14112,24863,0.0790719565879454,0.11486948477657563
3441bbf19a60fb55.jpg,PruneSID,336,336,3,71,6356.0,32423.0,13916,24863,0.1960336797952071,0.2556409121988497
344f8045f92afb02.jpg,DRIP,336,336,0,72,,,14112,0,,
344f8045f92afb02.jpg,Fixed,336,336,0,72,,,14112,0,,
344f8045f92afb02.jpg,PruneSID,336,336,0,71,,,13916,0,,
3472d519b91e5c62.jpg,DRIP,336,336,10,73,8523.0,37997.0,14308,32212,0.22430718214595888,0.26459083571339875
3472d519b91e5c62.jpg,Fixed,336,336,10,72,4148.0,42176.0,14112,32212,0.09834977238239757,0.1287718862535701
3472d519b91e5c62.jpg,PruneSID,336,336,10,71,4983.0,41145.0,13916,32212,0.12110827561064529,0.15469390289333168
34797238e7cb2996.jpg,DRIP,336,336,1,72,1162.0,16003.0,14112,3053,0.07261138536524402,0.3806092368162463
34797238e7cb2996.jpg,Fixed,336,336,1,72,72.0,17093.0,14112,3053,0.00421225062891242,0.023583360628889615
34797238e7cb2996.jpg,PruneSID,336,336,1,71,1180.0,15789.0,13916,3053,0.07473557540059535,0.3865050769734687
3479992c4af65055.jpg,DRIP,336,336,4,72,5914.0,21429.0,14112,13231,0.2759811470437258,0.4469805759201874
3479992c4af65055.jpg,Fixed,336,336,4,72,1326.0,26017.0,14112,13231,0.05096667563516163,0.10021918222356586
3479992c4af65055.jpg,PruneSID,336,336,4,71,3142.0,24005.0,13916,13231,0.13088939804207456,0.23747260222205427
347e360396b80741.jpg,DRIP,336,336,12,73,7883.0,46312.0,14308,39887,0.17021506305061324,0.19763331411236743
347e360396b80741.jpg,Fixed,336,336,12,72,6643.0,47356.0,14112,39887,0.14027789509249092,0.16654549101210922
347e360396b80741.jpg,PruneSID,336,336,12,71,7648.0,46155.0,13916,39887,0.16570252410356406,0.19174167021836688
3487cfa77fd0c206.jpg,DRIP,336,336,24,72,2281.0,31381.0,14112,19550,0.0726872948599471,0.11667519181585678
3487cfa77fd0c206.jpg,Fixed,336,336,24,72,1322.0,32340.0,14112,19550,0.040878169449598024,0.06762148337595908
3487cfa77fd0c206.jpg,PruneSID,336,336,24,71,2940.0,30526.0,13916,19550,0.09631134115180502,0.15038363171355498
348834d8ba0f09a4.jpg,DRIP,336,336,4,72,1315.0,16428.0,14112,3631,0.08004626247869491,0.3621591847975764
348834d8ba0f09a4.jpg,Fixed,336,336,4,72,230.0,17513.0,14112,3631,0.013133101124878662,0.0633434315615533
348834d8ba0f09a4.jpg,PruneSID,336,336,4,71,1154.0,16393.0,13916,3631,0.07039590068931861,0.3178187827044891
349cc6da2159ce84.jpg,DRIP,336,336,0,73,,,14308,0,,
349cc6da2159ce84.jpg,Fixed,336,336,0,72,,,14112,0,,
349cc6da2159ce84.jpg,PruneSID,336,336,0,71,,,13916,0,,
34a5210f22cd7a16.jpg,DRIP,336,336,80,72,6564.0,71325.0,14112,63777,0.09202944269190326,0.10292111576273578
34a5210f22cd7a16.jpg,Fixed,336,336,80,72,7777.0,70112.0,14112,63777,0.11092252396166134,0.12194051146965207
34a5210f22cd7a16.jpg,PruneSID,336,336,80,71,8703.0,68990.0,13916,63777,0.12614871720539209,0.13645985229785032
34a84dd94e8329b5.jpg,DRIP,336,336,3,73,2244.0,16161.0,14308,4097,0.13885279376276222,0.5477178423236515
34a84dd94e8329b5.jpg,Fixed,336,336,3,72,831.0,17378.0,14112,4097,0.04781908159742203,0.20283134000488162
34a84dd94e8329b5.jpg,PruneSID,336,336,3,71,1266.0,16747.0,13916,4097,0.07559562906789276,0.3090065901879424
34b4a7c243d49d11.jpg,DRIP,336,336,58,72,3565.0,41467.0,14112,30920,0.08597197771722093,0.11529754204398447
34b4a7c243d49d11.jpg,Fixed,336,336,58,72,4113.0,40919.0,14112,30920,0.10051565287519246,0.13302069857697282
34b4a7c243d49d11.jpg,PruneSID,336,336,58,71,6650.0,38186.0,13916,30920,0.1741475933588226,0.21507115135834412
34d2b17e52144609.jpg,DRIP,336,336,2,73,256.0,15182.0,14308,1130,0.016862073508101698,0.22654867256637168
34d2b17e52144609.jpg,Fixed,336,336,2,72,0.0,15242.0,14112,1130,0.0,0.0
34d2b17e52144609.jpg,PruneSID,336,336,2,71,707.0,14339.0,13916,1130,0.04930608829067578,0.6256637168141593
34e5c09e01d30529.jpg,DRIP,336,336,2,73,322.0,15804.0,14308,1818,0.02037458871171855,0.1771177117711771
34e5c09e01d30529.jpg,Fixed,336,336,2,72,450.0,15480.0,14112,1818,0.029069767441860465,0.24752475247524752
34e5c09e01d30529.jpg,PruneSID,336,336,2,71,808.0,14926.0,13916,1818,0.05413372638349189,0.4444444444444444
34f3a01640f75937.jpg,DRIP,336,336,3,73,5116.0,20637.0,14308,11445,0.24790424964868923,0.44700742682394057
34f3a01640f75937.jpg,Fixed,336,336,3,72,1358.0,24199.0,14112,11445,0.05611802140584322,0.11865443425076452
34f3a01640f75937.jpg,PruneSID,336,336,3,71,2750.0,22611.0,13916,11445,0.12162221927380479,0.24027959807776322
350c3a5ace80b810.jpg,DRIP,336,336,0,72,,,14112,0,,
350c3a5ace80b810.jpg,Fixed,336,336,0,72,,,14112,0,,
350c3a5ace80b810.jpg,PruneSID,336,336,0,71,,,13916,0,,
3524c126b76c64ce.jpg,DRIP,336,336,0,73,,,14308,0,,
3524c126b76c64ce.jpg,Fixed,336,336,0,72,,,14112,0,,
3524c126b76c64ce.jpg,PruneSID,336,336,0,71,,,13916,0,,
3539db86f000fb74.jpg,DRIP,336,336,2,72,2212.0,25516.0,14112,13616,0.08669070387208026,0.16245593419506463
3539db86f000fb74.jpg,Fixed,336,336,2,72,1512.0,26216.0,14112,13616,0.05767470247177296,0.11104582843713279
3539db86f000fb74.jpg,PruneSID,336,336,2,71,2506.0,25026.0,13916,13616,0.10013585870694477,0.184048178613396
355b3d6438fb5e81.jpg,DRIP,336,336,6,72,10331.0,50387.0,14112,46606,0.20503304423760096,0.2216667381882161
355b3d6438fb5e81.jpg,Fixed,336,336,6,72,5281.0,55437.0,14112,46606,0.09526128758771218,0.11331159078230271
355b3d6438fb5e81.jpg,PruneSID,336,336,6,71,6074.0,54448.0,13916,46606,0.1115559800176315,0.13032656739475604
357b8de55f8cd38a.jpg,DRIP,336,336,1,72,6440.0,27517.0,14112,19845,0.2340371406766726,0.32451499118165783
357b8de55f8cd38a.jpg,Fixed,336,336,1,72,2058.0,31899.0,14112,19845,0.06451612903225806,0.1037037037037037
357b8de55f8cd38a.jpg,PruneSID,336,336,1,71,4640.0,29121.0,13916,19845,0.15933518766525875,0.23381204333585287
357f4bbdbf0dafa9.jpg,DRIP,336,336,2,72,942.0,15288.0,14112,2118,0.06161695447409733,0.4447592067988669
357f4bbdbf0dafa9.jpg,Fixed,336,336,2,72,322.0,15908.0,14112,2118,0.02024138798089012,0.15203021718602455
357f4bbdbf0dafa9.jpg,PruneSID,336,336,2,71,852.0,15182.0,13916,2118,0.056119088394150966,0.40226628895184136
35859a8e0e37945b.jpg,DRIP,336,336,0,72,,,14112,0,,
35859a8e0e37945b.jpg,Fixed,336,336,0,72,,,14112,0,,
35859a8e0e37945b.jpg,PruneSID,336,336,0,71,,,13916,0,,
359c918bb70c821e.jpg,DRIP,336,336,12,72,5139.0,27544.0,14112,18571,0.18657420853906476,0.2767217705023962
359c918bb70c821e.jpg,Fixed,336,336,12,72,2760.0,29923.0,14112,18571,0.09223674096848578,0.14861881428032955
359c918bb70c821e.jpg,PruneSID,336,336,12,71,5019.0,27468.0,13916,18571,0.1827217125382263,0.2702600829249906
35aab56a08cd7413.jpg,DRIP,336,336,4,73,2236.0,18827.0,14308,6755,0.1187656025920221,0.3310140636565507
35aab56a08cd7413.jpg,Fixed,336,336,4,72,728.0,20139.0,14112,6755,0.03614876607577337,0.1077720207253886
35aab56a08cd7413.jpg,PruneSID,336,336,4,71,3051.0,17620.0,13916,6755,0.173155505107832,0.4516654330125833
35cc1f087490d60a.jpg,DRIP,336,336,1,72,406.0,14523.0,14112,817,0.02795565654479102,0.4969400244798042
35cc1f087490d60a.jpg,Fixed,336,336,1,72,86.0,14843.0,14112,817,0.005793976958835815,0.10526315789473684
35cc1f087490d60a.jpg,PruneSID,336,336,1,71,392.0,14341.0,13916,817,0.027334216581828323,0.47980416156670747
35dc43a69f2ae223.jpg,DRIP,336,336,1,73,1134.0,15094.0,14308,1920,0.07512919040678415,0.590625
35dc43a69f2ae223.jpg,Fixed,336,336,1,72,291.0,15741.0,14112,1920,0.01848675433581094,0.1515625
35dc43a69f2ae223.jpg,PruneSID,336,336,1,71,165.0,15671.0,13916,1920,0.01052900261629762,0.0859375
3607ca92692e8706.jpg,DRIP,336,336,2,72,4778.0,23593.0,14112,14259,0.20251769592675795,0.3350866119643734
3607ca92692e8706.jpg,Fixed,336,336,2,72,1216.0,27155.0,14112,14259,0.044779966856932425,0.08527947261378778
3607ca92692e8706.jpg,PruneSID,336,336,2,71,1122.0,27053.0,13916,14259,0.041474143348242336,0.07868714496107722
361d2922d59fc58c.jpg,DRIP,336,336,2,73,764.0,14819.0,14308,1275,0.05155543558944598,0.5992156862745098
361d2922d59fc58c.jpg,Fixed,336,336,2,72,210.0,15177.0,14112,1275,0.01383672662581538,0.16470588235294117
361d2922d59fc58c.jpg,PruneSID,336,336,2,71,441.0,14750.0,13916,1275,0.029898305084745763,0.3458823529411765
36287f6050ba92b5.jpg,DRIP,336,336,0,72,,,14112,0,,
36287f6050ba92b5.jpg,Fixed,336,336,0,72,,,14112,0,,
36287f6050ba92b5.jpg,PruneSID,336,336,0,71,,,13916,0,,
3638989caee9a8c3.jpg,DRIP,336,336,5,73,1716.0,18415.0,14308,5823,0.09318490361118653,0.2946934569809377
3638989caee9a8c3.jpg,Fixed,336,336,5,72,907.0,19028.0,14112,5823,0.04766659659449233,0.15576163489610168
3638989caee9a8c3.jpg,PruneSID,336,336,5,71,1888.0,17851.0,13916,5823,0.10576438294773402,0.3242314957925468
364480dd71d4bc15.jpg,DRIP,336,336,1,72,1484.0,14700.0,14112,2072,0.10095238095238095,0.7162162162162162
364480dd71d4bc15.jpg,Fixed,336,336,1,72,0.0,16184.0,14112,2072,0.0,0.0
364480dd71d4bc15.jpg,PruneSID,336,336,1,71,756.0,15232.0,13916,2072,0.04963235294117647,0.36486486486486486
36542d5202cd5fd4.jpg,DRIP,336,336,0,72,,,14112,0,,
36542d5202cd5fd4.jpg,Fixed,336,336,0,72,,,14112,0,,
36542d5202cd5fd4.jpg,PruneSID,336,336,0,71,,,13916,0,,
367b59faf23fa2cc.jpg,DRIP,336,336,5,72,5935.0,31191.0,14112,23014,0.190279247218749,0.25788650386721124
367b59faf23fa2cc.jpg,Fixed,336,336,5,72,3356.0,33770.0,14112,23014,0.09937814628368374,0.1458242808725124
367b59faf23fa2cc.jpg,PruneSID,336,336,5,71,3319.0,33611.0,13916,23014,0.09874743387581447,0.14421656383071174
367e271ed9fc8b87.jpg,DRIP,336,336,5,73,3310.0,19101.0,14308,8103,0.1732893565781896,0.4084906824632852
367e271ed9fc8b87.jpg,Fixed,336,336,5,72,1023.0,21192.0,14112,8103,0.04827293318233296,0.12624953720844131
367e271ed9fc8b87.jpg,PruneSID,336,336,5,71,2034.0,19985.0,13916,8103,0.10177633224918689,0.25101814142910034
368adc2e6ded01ba.jpg,DRIP,336,336,0,73,,,14308,0,,
368adc2e6ded01ba.jpg,Fixed,336,336,0,72,,,14112,0,,
368adc2e6ded01ba.jpg,PruneSID,336,336,0,71,,,13916,0,,
36ab0ae0998bfd7b.jpg,DRIP,336,336,0,72,,,14112,0,,
36ab0ae0998bfd7b.jpg,Fixed,336,336,0,72,,,14112,0,,
36ab0ae0998bfd7b.jpg,PruneSID,336,336,0,71,,,13916,0,,
36f03199a3bb9314.jpg,DRIP,336,336,1,73,322.0,14861.0,14308,875,0.02166745171926519,0.368
36f03199a3bb9314.jpg,Fixed,336,336,1,72,0.0,14987.0,14112,875,0.0,0.0
36f03199a3bb9314.jpg,PruneSID,336,336,1,71,168.0,14623.0,13916,875,0.011488750598372427,0.192
36fd42cb77e64356.jpg,DRIP,336,336,1,72,220.0,14424.0,14112,532,0.015252357182473655,0.41353383458646614
36fd42cb77e64356.jpg,Fixed,336,336,1,72,0.0,14644.0,14112,532,0.0,0.0
36fd42cb77e64356.jpg,PruneSID,336,336,1,71,504.0,13944.0,13916,532,0.03614457831325301,0.9473684210526315
370c1b4abac4b7ec.jpg,DRIP,336,336,2,72,1605.0,16037.0,14112,3530,0.10008106254286961,0.4546742209631728
370c1b4abac4b7ec.jpg,Fixed,336,336,2,72,699.0,16943.0,14112,3530,0.04125597591925869,0.1980169971671388
370c1b4abac4b7ec.jpg,PruneSID,336,336,2,71,1300.0,16146.0,13916,3530,0.08051529790660225,0.36827195467422097
374a5499a99921da.jpg,DRIP,336,336,4,72,0.0,15267.0,14112,1155,0.0,0.0
374a5499a99921da.jpg,Fixed,336,336,4,72,0.0,15267.0,14112,1155,0.0,0.0
374a5499a99921da.jpg,PruneSID,336,336,4,71,581.0,14490.0,13916,1155,0.04009661835748792,0.503030303030303
3758b119662e0fb9.jpg,DRIP,336,336,0,73,,,14308,0,,
3758b119662e0fb9.jpg,Fixed,336,336,0,72,,,14112,0,,
3758b119662e0fb9.jpg,PruneSID,336,336,0,71,,,13916,0,,
376e3c65515a81d5.jpg,DRIP,336,336,6,72,4126.0,38903.0,14112,28917,0.10605865871526618,0.14268423418750217
376e3c65515a81d5.jpg,Fixed,336,336,6,72,2711.0,40318.0,14112,28917,0.06724043851381517,0.09375108067918525
376e3c65515a81d5.jpg,PruneSID,336,336,6,71,5166.0,37667.0,13916,28917,0.13714922876788702,0.1786492374727669
37749ac2f2f8693c.jpg,DRIP,336,336,11,73,3330.0,23278.0,14308,12300,0.1430535269353037,0.2707317073170732
37749ac2f2f8693c.jpg,Fixed,336,336,11,72,1690.0,24722.0,14112,12300,0.06836016503519132,0.13739837398373983
37749ac2f2f8693c.jpg,PruneSID,336,336,11,71,4324.0,21892.0,13916,12300,0.19751507399963458,0.3515447154471545
378ca6a768c18c8c.jpg,DRIP,336,336,0,72,,,14112,0,,
378ca6a768c18c8c.jpg,Fixed,336,336,0,72,,,14112,0,,
378ca6a768c18c8c.jpg,PruneSID,336,336,0,71,,,13916,0,,
379f7440ed68e416.jpg,DRIP,336,336,0,73,,,14308,0,,
379f7440ed68e416.jpg,Fixed,336,336,0,72,,,14112,0,,
379f7440ed68e416.jpg,PruneSID,336,336,0,71,,,13916,0,,
37a86e96617e7d15.jpg,DRIP,336,336,5,72,1835.0,22197.0,14112,9920,0.08266882912105239,0.1849798387096774
37a86e96617e7d15.jpg,Fixed,336,336,5,72,1331.0,22701.0,14112,9920,0.058631778335756134,0.1341733870967742
37a86e96617e7d15.jpg,PruneSID,336,336,5,71,3565.0,20271.0,13916,9920,0.17586700212125697,0.359375
37dac8415dce73d8.jpg,DRIP,336,336,0,73,,,14308,0,,
37dac8415dce73d8.jpg,Fixed,336,336,0,72,,,14112,0,,
37dac8415dce73d8.jpg,PruneSID,336,336,0,71,,,13916,0,,
37fd0f0a590e197f.jpg,DRIP,336,336,2,72,6566.0,38401.0,14112,30855,0.1709851305955574,0.21280181494085237
37fd0f0a590e197f.jpg,Fixed,336,336,2,72,4615.0,40352.0,14112,30855,0.11436855670103092,0.1495705720304651
37fd0f0a590e197f.jpg,PruneSID,336,336,2,71,5950.0,38821.0,13916,30855,0.1532675613714227,0.1928374655647383
3833c22fed53a60b.jpg,DRIP,336,336,3,72,1516.0,15460.0,14112,2864,0.09805950840879689,0.5293296089385475
3833c22fed53a60b.jpg,Fixed,336,336,3,72,593.0,16383.0,14112,2864,0.03619605688823781,0.20705307262569833
3833c22fed53a60b.jpg,PruneSID,336,336,3,71,1951.0,14829.0,13916,2864,0.13156652505226246,0.6812150837988827
384fc39d0e448706.jpg,DRIP,336,336,0,72,,,14112,0,,
384fc39d0e448706.jpg,Fixed,336,336,0,72,,,14112,0,,
384fc39d0e448706.jpg,PruneSID,336,336,0,71,,,13916,0,,
389c1a6eec7d63de.jpg,DRIP,336,336,0,72,,,14112,0,,
389c1a6eec7d63de.jpg,Fixed,336,336,0,72,,,14112,0,,
389c1a6eec7d63de.jpg,PruneSID,336,336,0,71,,,13916,0,,
38b6026faf6ea9d1.jpg,DRIP,336,336,11,72,6216.0,30728.0,14112,22832,0.20229107003384536,0.27224947442186404
38b6026faf6ea9d1.jpg,Fixed,336,336,11,72,2807.0,34137.0,14112,22832,0.08222749509330052,0.12294148563419761
38b6026faf6ea9d1.jpg,PruneSID,336,336,11,71,2641.0,34107.0,13916,22832,0.07743278505878559,0.11567098808689559
38b947e05882e25b.jpg,DRIP,336,336,4,72,6822.0,24101.0,14112,16811,0.28305879424090286,0.4058057224436381
38b947e05882e25b.jpg,Fixed,336,336,4,72,2095.0,28828.0,14112,16811,0.07267240183155266,0.12462078401046933
38b947e05882e25b.jpg,PruneSID,336,336,4,71,2817.0,27910.0,13916,16811,0.10093156574704407,0.16756885372672656
38c6e7f83fa5b7ed.jpg,DRIP,336,336,4,73,502.0,16913.0,14308,3107,0.029681310234730682,0.16157064692629547
38c6e7f83fa5b7ed.jpg,Fixed,336,336,4,72,406.0,16813.0,14112,3107,0.024147980729197646,0.130672674605729
38c6e7f83fa5b7ed.jpg,PruneSID,336,336,4,71,847.0,16176.0,13916,3107,0.05236152324431256,0.2726102349533312
38daaabe0bd76282.jpg,DRIP,336,336,0,73,,,14308,0,,
38daaabe0bd76282.jpg,Fixed,336,336,0,72,,,14112,0,,
38daaabe0bd76282.jpg,PruneSID,336,336,0,71,,,13916,0,,
38f05614e4a09be2.jpg,DRIP,336,336,5,73,7605.0,39201.0,14308,32498,0.19400015305731996,0.2340144008862084
38f05614e4a09be2.jpg,Fixed,336,336,5,72,4185.0,42425.0,14112,32498,0.0986446670595168,0.1287771555172626
38f05614e4a09be2.jpg,PruneSID,336,336,5,71,4310.0,42104.0,13916,32498,0.10236557096712902,0.13262354606437318
391a6d50a130f00b.jpg,DRIP,336,336,3,72,872.0,18472.0,14112,5232,0.047206582936336075,0.16666666666666666
391a6d50a130f00b.jpg,Fixed,336,336,3,72,0.0,19344.0,14112,5232,0.0,0.0
391a6d50a130f00b.jpg,PruneSID,336,336,3,71,1208.0,17940.0,13916,5232,0.0673355629877369,0.2308868501529052
393bbc75bb8d82c9.jpg,DRIP,336,336,14,73,622.0,30464.0,14308,16778,0.020417542016806723,0.037072356657527714
393bbc75bb8d82c9.jpg,Fixed,336,336,14,72,2387.0,28503.0,14112,16778,0.08374557064168683,0.14226963881273097
393bbc75bb8d82c9.jpg,PruneSID,336,336,14,71,3692.0,27002.0,13916,16778,0.13673061254721872,0.22005006556204554
394932daa95bad63.jpg,DRIP,336,336,3,72,1152.0,15012.0,14112,2052,0.07673860911270983,0.5614035087719298
394932daa95bad63.jpg,Fixed,336,336,3,72,150.0,16014.0,14112,2052,0.009366804046459348,0.07309941520467836
394932daa95bad63.jpg,PruneSID,336,336,3,71,1553.0,14415.0,13916,2052,0.10773499826569545,0.75682261208577
39989e0611712a64.jpg,DRIP,336,336,3,72,240.0,15390.0,14112,1518,0.015594541910331383,0.15810276679841898
39989e0611712a64.jpg,Fixed,336,336,3,72,192.0,15438.0,14112,1518,0.012436844150796735,0.12648221343873517
39989e0611712a64.jpg,PruneSID,336,336,3,71,540.0,14894.0,13916,1518,0.03625621055458574,0.3557312252964427
39a9925a3a8f4c4b.jpg,DRIP,336,336,1,72,154.0,17244.0,14112,3286,0.008930642542333566,0.04686548995739501
39a9925a3a8f4c4b.jpg,Fixed,336,336,1,72,644.0,16754.0,14112,3286,0.03843858183120449,0.19598295800365187
39a9925a3a8f4c4b.jpg,PruneSID,336,336,1,71,1086.0,16116.0,13916,3286,0.06738644825018615,0.33049300060864273
39bdb52aa20a4a1f.jpg,DRIP,336,336,13,73,3517.0,25423.0,14308,14632,0.13833929905990638,0.2403635866593767
39bdb52aa20a4a1f.jpg,Fixed,336,336,13,72,1271.0,27473.0,14112,14632,0.046263604266006626,0.08686440677966102
39bdb52aa20a4a1f.jpg,PruneSID,336,336,13,71,3214.0,25334.0,13916,14632,0.12686508249782902,0.2196555494805905
39c6a622805a6e69.jpg,DRIP,336,336,2,73,1388.0,24391.0,14308,11471,0.05690623590668689,0.12100078458721994
39c6a622805a6e69.jpg,Fixed,336,336,2,72,1232.0,24351.0,14112,11471,0.05059340478830438,0.10740127277482346
39c6a622805a6e69.jpg,PruneSID,336,336,2,71,1764.0,23623.0,13916,11471,0.07467298818947636,0.15377909510940632
39e50ec417577dab.jpg,DRIP,336,336,3,73,5724.0,30487.0,14308,21903,0.18775215665693573,0.261334063826873
39e50ec417577dab.jpg,Fixed,336,336,3,72,2888.0,33127.0,14112,21903,0.08717964198388022,0.13185408391544537
39e50ec417577dab.jpg,PruneSID,336,336,3,71,3448.0,32371.0,13916,21903,0.10651509066757282,0.1574213578048669
3a009c3f00298ffa.jpg,DRIP,336,336,1,72,3000.0,35087.0,14112,23975,0.08550175278593211,0.1251303441084463
3a009c3f00298ffa.jpg,Fixed,336,336,1,72,2762.0,35325.0,14112,23975,0.07818825194621373,0.11520333680917623
3a009c3f00298ffa.jpg,PruneSID,336,336,1,71,2765.0,35126.0,13916,23975,0.07871662016739737,0.11532846715328467
3a0310534176b044.jpg,DRIP,336,336,2,72,1304.0,16744.0,14112,3936,0.0778786430960344,0.3313008130081301
3a0310534176b044.jpg,Fixed,336,336,2,72,648.0,17400.0,14112,3936,0.037241379310344824,0.16463414634146342
3a0310534176b044.jpg,PruneSID,336,336,2,71,1852.0,16000.0,13916,3936,0.11575,0.47052845528455284
3a0a1188183c48bf.jpg,DRIP,336,336,3,73,2296.0,19168.0,14308,7156,0.1197829716193656,0.3208496366685299
3a0a1188183c48bf.jpg,Fixed,336,336,3,72,462.0,20806.0,14112,7156,0.02220513313467269,0.0645612073784237
3a0a1188183c48bf.jpg,PruneSID,336,336,3,71,1532.0,19540.0,13916,7156,0.07840327533265097,0.21408608160983789
3a21c57c73ca89e8.jpg,DRIP,336,336,3,72,0.0,15471.0,14112,1359,0.0,0.0
3a21c57c73ca89e8.jpg,Fixed,336,336,3,72,243.0,15228.0,14112,1359,0.015957446808510637,0.17880794701986755
3a21c57c73ca89e8.jpg,PruneSID,336,336,3,71,10.0,15265.0,13916,1359,0.0006550933508024893,0.007358351729212656
3a496674df6dee5b.jpg,DRIP,336,336,0,72,,,14112,0,,
3a496674df6dee5b.jpg,Fixed,336,336,0,72,,,14112,0,,
3a496674df6dee5b.jpg,PruneSID,336,336,0,71,,,13916,0,,
3a824834ad2ad774.jpg,DRIP,336,336,5,72,2131.0,16019.0,14112,4038,0.13302952743616955,0.5277365032194156
3a824834ad2ad774.jpg,Fixed,336,336,5,72,406.0,17744.0,14112,4038,0.022880973850315598,0.10054482417038138
3a824834ad2ad774.jpg,PruneSID,336,336,5,71,2135.0,15819.0,13916,4038,0.13496428345660283,0.528727092620109
3a9ace8fe0b98d4b.jpg,DRIP,336,336,1,73,812.0,15176.0,14308,1680,0.05350553505535055,0.48333333333333334
3a9ace8fe0b98d4b.jpg,Fixed,336,336,1,72,392.0,15400.0,14112,1680,0.025454545454545455,0.23333333333333334
3a9ace8fe0b98d4b.jpg,PruneSID,336,336,1,71,784.0,14812.0,13916,1680,0.052930056710775046,0.4666666666666667
3aa32bad16fa5724.jpg,DRIP,336,336,3,73,2362.0,15545.0,14308,3599,0.15194596333226118,0.6562934148374548
3aa32bad16fa5724.jpg,Fixed,336,336,3,72,614.0,17097.0,14112,3599,0.035912733228051705,0.17060294526257294
3aa32bad16fa5724.jpg,PruneSID,336,336,3,71,1414.0,16101.0,13916,3599,0.08782063225886591,0.3928869130313976
3ad13328fbbd63be.jpg,DRIP,336,336,12,73,8667.0,29784.0,14308,24143,0.2909951651893634,0.358986041502713
3ad13328fbbd63be.jpg,Fixed,336,336,12,72,2733.0,35522.0,14112,24143,0.0769382354597151,0.11320051360642837
3ad13328fbbd63be.jpg,PruneSID,336,336,12,71,6749.0,31310.0,13916,24143,0.21555413605876717,0.2795427245992627
3ae3a5d5231260ac.jpg,DRIP,336,336,0,73,,,14308,0,,
3ae3a5d5231260ac.jpg,Fixed,336,336,0,72,,,14112,0,,
3ae3a5d5231260ac.jpg,PruneSID,336,336,0,71,,,13916,0,,
3aedcf6c7be3e78d.jpg,DRIP,336,336,10,73,8969.0,28704.0,14308,23365,0.31246516164994426,0.3838647549753905
3aedcf6c7be3e78d.jpg,Fixed,336,336,10,72,2548.0,34929.0,14112,23365,0.07294798018838215,0.10905200085598117
3aedcf6c7be3e78d.jpg,PruneSID,336,336,10,71,5798.0,31483.0,13916,23365,0.18416288155512497,0.2481489407233041
3b17d8cd174ce244.jpg,DRIP,336,336,24,73,5728.0,35995.0,14308,27415,0.15913321294624252,0.20893671347802298
3b17d8cd174ce244.jpg,Fixed,336,336,24,72,3567.0,37960.0,14112,27415,0.09396733403582719,0.130111252963706
3b17d8cd174ce244.jpg,PruneSID,336,336,24,71,6713.0,34618.0,13916,27415,0.19391645964527124,0.24486594929782965
3b2871447ec226f4.jpg,DRIP,336,336,0,72,,,14112,0,,
3b2871447ec226f4.jpg,Fixed,336,336,0,72,,,14112,0,,
3b2871447ec226f4.jpg,PruneSID,336,336,0,71,,,13916,0,,
3b3ada7d1c90eb0c.jpg,DRIP,336,336,10,72,1655.0,26204.0,14112,13747,0.0631582964432911,0.12038990325161854
3b3ada7d1c90eb0c.jpg,Fixed,336,336,10,72,839.0,27020.0,14112,13747,0.031051073279052554,0.06103149778133411
3b3ada7d1c90eb0c.jpg,PruneSID,336,336,10,71,3192.0,24471.0,13916,13747,0.1304401127865637,0.2321961155161126
3b3b00b9c7381e3d.jpg,DRIP,336,336,1,73,14308.0,112896.0,14308,112896,0.1267361111111111,0.1267361111111111
3b3b00b9c7381e3d.jpg,Fixed,336,336,1,72,14112.0,112896.0,14112,112896,0.125,0.125
3b3b00b9c7381e3d.jpg,PruneSID,336,336,1,71,13916.0,112896.0,13916,112896,0.1232638888888889,0.1232638888888889
3b653f4246fa874f.jpg,DRIP,336,336,0,72,,,14112,0,,
3b653f4246fa874f.jpg,Fixed,336,336,0,72,,,14112,0,,
3b653f4246fa874f.jpg,PruneSID,336,336,0,71,,,13916,0,,
3b6bd1441e8b0483.jpg,DRIP,336,336,0,72,,,14112,0,,
3b6bd1441e8b0483.jpg,Fixed,336,336,0,72,,,14112,0,,
3b6bd1441e8b0483.jpg,PruneSID,336,336,0,71,,,13916,0,,
3b6d52b6577f159f.jpg,DRIP,336,336,2,73,2156.0,21121.0,14308,8969,0.10207850007101936,0.24038354331586576
3b6d52b6577f159f.jpg,Fixed,336,336,2,72,710.0,22371.0,14112,8969,0.03173751732153234,0.07916155647229345
3b6d52b6577f159f.jpg,PruneSID,336,336,2,71,896.0,21989.0,13916,8969,0.040747646550548,0.09989965436503512
3b83c9045221a18b.jpg,DRIP,336,336,4,72,2338.0,18707.0,14112,6933,0.12497995402790399,0.33722775133419874
3b83c9045221a18b.jpg,Fixed,336,336,4,72,919.0,20126.0,14112,6933,0.045662327337772035,0.13255444973316025
3b83c9045221a18b.jpg,PruneSID,336,336,4,71,2012.0,18837.0,13916,6933,0.10681106333280246,0.29020625991634214
3b9477019a4cad4a.jpg,DRIP,336,336,2,72,930.0,14659.0,14112,1477,0.06344225390545058,0.6296547054840894
3b9477019a4cad4a.jpg,Fixed,336,336,2,72,0.0,15589.0,14112,1477,0.0,0.0
3b9477019a4cad4a.jpg,PruneSID,336,336,2,71,678.0,14715.0,13916,1477,0.04607543323139653,0.45903859174001355
3b9b02bcd3f99c1a.jpg,DRIP,336,336,1,72,0.0,15272.0,14112,1160,0.0,0.0
3b9b02bcd3f99c1a.jpg,Fixed,336,336,1,72,0.0,15272.0,14112,1160,0.0,0.0
3b9b02bcd3f99c1a.jpg,PruneSID,336,336,1,71,196.0,14880.0,13916,1160,0.013172043010752688,0.16896551724137931
3bbba5039caf62d2.jpg,DRIP,336,336,3,72,2196.0,27879.0,14112,15963,0.07876896588830302,0.13756812629205037
3bbba5039caf62d2.jpg,Fixed,336,336,3,72,1064.0,29011.0,14112,15963,0.03667574368343042,0.06665413769341602
3bbba5039caf62d2.jpg,PruneSID,336,336,3,71,2828.0,27051.0,13916,15963,0.10454327011940409,0.17715968176407942
3bd3051b935bc275.jpg,DRIP,336,336,8,72,812.0,18876.0,14112,5576,0.043017588472133925,0.14562410329985653
3bd3051b935bc275.jpg,Fixed,336,336,8,72,434.0,19254.0,14112,5576,0.022540770748935287,0.0778335724533716
3bd3051b935bc275.jpg,PruneSID,336,336,8,71,2002.0,17490.0,13916,5576,0.11446540880503145,0.35903873744619796
3bd571796c589e2b.jpg,DRIP,336,336,5,73,1425.0,17806.0,14308,4923,0.08002920363922274,0.2894576477757465
3bd571796c589e2b.jpg,Fixed,336,336,5,72,826.0,18209.0,14112,4923,0.045362183535614255,0.1677838716229941
3bd571796c589e2b.jpg,PruneSID,336,336,5,71,3776.0,15063.0,13916,4923,0.2506804753369183,0.7670119845622588
3bd698fbb57028c2.jpg,DRIP,336,336,4,73,3976.0,25541.0,14308,15209,0.15567127363846364,0.2614241567492932
3bd698fbb57028c2.jpg,Fixed,336,336,4,72,2603.0,26718.0,14112,15209,0.09742495695785612,0.1711486619764613
3bd698fbb57028c2.jpg,PruneSID,336,336,4,71,3002.0,26123.0,13916,15209,0.1149178884507905,0.19738312841080938
3bde17bb37d4e456.jpg,DRIP,336,336,5,72,5387.0,25936.0,14112,17211,0.207703578038248,0.31299750159781536
3bde17bb37d4e456.jpg,Fixed,336,336,5,72,1886.0,29437.0,14112,17211,0.0640690287733125,0.10958108186624833
3bde17bb37d4e456.jpg,PruneSID,336,336,5,71,3444.0,27683.0,13916,17211,0.12440848173969585,0.20010458427749694
3bf349945dde8076.jpg,DRIP,336,336,16,73,4988.0,22514.0,14308,13194,0.22155103491161054,0.3780506290738214
3bf349945dde8076.jpg,Fixed,336,336,16,72,2008.0,25298.0,14112,13194,0.07937386354652541,0.15219038957101713
3bf349945dde8076.jpg,PruneSID,336,336,16,71,5279.0,21831.0,13916,13194,0.24181210205670836,0.4001061088373503
3c3facf86ba8ad00.jpg,DRIP,336,336,2,73,532.0,15191.0,14308,1415,0.035020735962082813,0.3759717314487632
3c3facf86ba8ad00.jpg,Fixed,336,336,2,72,0.0,15527.0,14112,1415,0.0,0.0
3c3facf86ba8ad00.jpg,PruneSID,336,336,2,71,570.0,14761.0,13916,1415,0.03861526996815934,0.4028268551236749
3c40483915ebac16.jpg,DRIP,336,336,6,73,8291.0,36813.0,14308,30796,0.22521935185939748,0.2692232757500974
3c40483915ebac16.jpg,Fixed,336,336,6,72,3771.0,41137.0,14112,30796,0.0916693001434232,0.12245096765813743
3c40483915ebac16.jpg,PruneSID,336,336,6,71,6510.0,38202.0,13916,30796,0.17040992618187528,0.21139108975191584
3c5da59852fcad8b.jpg,DRIP,336,336,0,72,,,14112,0,,
3c5da59852fcad8b.jpg,Fixed,336,336,0,72,,,14112,0,,
3c5da59852fcad8b.jpg,PruneSID,336,336,0,71,,,13916,0,,
3c602e96bdff001e.jpg,DRIP,336,336,7,72,2543.0,16780.0,14112,5211,0.15154946364719904,0.4880061408558818
3c602e96bdff001e.jpg,Fixed,336,336,7,72,602.0,18721.0,14112,5211,0.03215640190160782,0.11552485127614662
3c602e96bdff001e.jpg,PruneSID,336,336,7,71,2301.0,16826.0,13916,5211,0.13675264471651016,0.4415659182498561
3c6a7bac733e2077.jpg,DRIP,336,336,16,72,5370.0,36813.0,14112,28071,0.14587238203895364,0.19130063054397778
3c6a7bac733e2077.jpg,Fixed,336,336,16,72,2413.0,39770.0,14112,28071,0.06067387477998491,0.08596059990737773
3c6a7bac733e2077.jpg,PruneSID,336,336,16,71,6235.0,35752.0,13916,28071,0.17439583799507719,0.22211535036158314
3c76d81fdaf6ef99.jpg,DRIP,336,336,8,73,2428.0,26041.0,14308,14161,0.09323758688222418,0.17145681802132617
3c76d81fdaf6ef99.jpg,Fixed,336,336,8,72,1055.0,27218.0,14112,14161,0.038761113968697185,0.07450038839065037
3c76d81fdaf6ef99.jpg,PruneSID,336,336,8,71,2402.0,25675.0,13916,14161,0.09355404089581305,0.1696207894922675
3c7a80183cceeab5.jpg,DRIP,336,336,20,72,7374.0,38986.0,14112,32248,0.18914482121787307,0.2286653435871992
3c7a80183cceeab5.jpg,Fixed,336,336,20,72,4069.0,42291.0,14112,32248,0.09621432456078126,0.12617836765070703
3c7a80183cceeab5.jpg,PruneSID,336,336,20,71,6330.0,39834.0,13916,32248,0.15890947431842145,0.19629124286777475
3c92ab3c46017e79.jpg,DRIP,336,336,1,73,228.0,14821.0,14308,741,0.01538357735645368,0.3076923076923077
3c92ab3c46017e79.jpg,Fixed,336,336,1,72,0.0,14853.0,14112,741,0.0,0.0
3c92ab3c46017e79.jpg,PruneSID,336,336,1,71,494.0,14163.0,13916,741,0.03487961590058603,0.6666666666666666
3c96db0d9c0060e5.jpg,DRIP,336,336,8,73,5236.0,23193.0,14308,14121,0.2257577717414737,0.37079526945683733
3c96db0d9c0060e5.jpg,Fixed,336,336,8,72,2210.0,26023.0,14112,14121,0.08492487414979057,0.1565044968486651
3c96db0d9c0060e5.jpg,PruneSID,336,336,8,71,4960.0,23077.0,13916,14121,0.21493261689127702,0.35124991147935697
3c98cff1f31a0e0c.jpg,DRIP,336,336,3,73,6762.0,57520.0,14308,49974,0.11755910987482615,0.1353103613879217
3c98cff1f31a0e0c.jpg,Fixed,336,336,3,72,6734.0,57352.0,14112,49974,0.11741526014785883,0.13475007003641895
3c98cff1f31a0e0c.jpg,PruneSID,336,336,3,71,8260.0,55630.0,13916,49974,0.14848103541254717,0.16528594869332053
3c9b8f96d24dbdf5.jpg,DRIP,336,336,7,73,7145.0,35565.0,14308,28402,0.2008997610009841,0.25156679107105134
3c9b8f96d24dbdf5.jpg,Fixed,336,336,7,72,3981.0,38533.0,14112,28402,0.10331404250901824,0.1401661854798958
3c9b8f96d24dbdf5.jpg,PruneSID,336,336,7,71,5116.0,37202.0,13916,28402,0.13751948819955917,0.1801281599887332
3ca63ec0db2f5762.jpg,DRIP,336,336,2,73,6846.0,24268.0,14308,16806,0.2820998846217241,0.4073545162441985
3ca63ec0db2f5762.jpg,Fixed,336,336,2,72,1506.0,29412.0,14112,16806,0.05120359037127703,0.08961085326669047
3ca63ec0db2f5762.jpg,PruneSID,336,336,2,71,2590.0,28132.0,13916,16806,0.09206597469074364,0.1541116267999524
3cabd5faa931f343.jpg,DRIP,336,336,1,72,380.0,14532.0,14112,800,0.02614918799889898,0.475
3cabd5faa931f343.jpg,Fixed,336,336,1,72,0.0,14912.0,14112,800,0.0,0.0
3cabd5faa931f343.jpg,PruneSID,336,336,1,71,528.0,14188.0,13916,800,0.03721454750493375,0.66
3cb78dafd48fb066.jpg,DRIP,336,336,2,73,2192.0,16689.0,14308,4573,0.1313439990412847,0.4793352285151979
3cb78dafd48fb066.jpg,Fixed,336,336,2,72,304.0,18381.0,14112,4573,0.01653881725695011,0.06647714848020993
3cb78dafd48fb066.jpg,PruneSID,336,336,2,71,2165.0,16324.0,13916,4573,0.13262680715510905,0.4734310080909687
3cef7233584d4608.jpg,DRIP,336,336,3,72,4186.0,22154.0,14112,12228,0.18895007673557823,0.34232908079816815
3cef7233584d4608.jpg,Fixed,336,336,3,72,1288.0,25052.0,14112,12228,0.05141306083346639,0.10533202486097482
3cef7233584d4608.jpg,PruneSID,336,336,3,71,3066.0,23078.0,13916,12228,0.1328538001559927,0.2507360157016683
3d21ebdcd1fbac81.jpg,DRIP,336,336,0,73,,,14308,0,,
3d21ebdcd1fbac81.jpg,Fixed,336,336,0,72,,,14112,0,,
3d21ebdcd1fbac81.jpg,PruneSID,336,336,0,71,,,13916,0,,
3d27ed4334548acc.jpg,DRIP,336,336,3,72,2779.0,16308.0,14112,4975,0.17040716212901644,0.5585929648241206
3d27ed4334548acc.jpg,Fixed,336,336,3,72,896.0,18191.0,14112,4975,0.04925512616128855,0.18010050251256282
3d27ed4334548acc.jpg,PruneSID,336,336,3,71,1263.0,17628.0,13916,4975,0.07164737916950306,0.25386934673366834
3d647d914e314ba8.jpg,DRIP,336,336,4,72,1427.0,16173.0,14112,3488,0.08823347554566252,0.40911697247706424
3d647d914e314ba8.jpg,Fixed,336,336,4,72,434.0,17166.0,14112,3488,0.025282535244087148,0.12442660550458716
3d647d914e314ba8.jpg,PruneSID,336,336,4,71,1132.0,16272.0,13916,3488,0.06956735496558505,0.32454128440366975
3d70197ad2bd245c.jpg,DRIP,336,336,9,73,4933.0,22632.0,14308,13257,0.21796571226581832,0.372105302858867
3d70197ad2bd245c.jpg,Fixed,336,336,9,72,1474.0,25895.0,14112,13257,0.056922185750144814,0.11118654295843705
3d70197ad2bd245c.jpg,PruneSID,336,336,9,71,3486.0,23687.0,13916,13257,0.147169333389623,0.2629554197782304
3d846a3fe2774db1.jpg,DRIP,336,336,8,73,1670.0,24566.0,14308,11928,0.06798013514613693,0.14000670690811537
3d846a3fe2774db1.jpg,Fixed,336,336,8,72,1602.0,24438.0,14112,11928,0.06555364596120795,0.13430583501006035
3d846a3fe2774db1.jpg,PruneSID,336,336,8,71,3154.0,22690.0,13916,11928,0.1390039665050683,0.26441985244802146
3d9e5a5b18fe5930.jpg,DRIP,336,336,4,72,3329.0,20253.0,14112,9470,0.1643707105120229,0.3515311510031679
3d9e5a5b18fe5930.jpg,Fixed,336,336,4,72,1386.0,22196.0,14112,9470,0.06244368354658497,0.14635691657866948
3d9e5a5b18fe5930.jpg,PruneSID,336,336,4,71,2004.0,21382.0,13916,9470,0.09372369282574128,0.21161562829989441
3dff2d7f20513b62.jpg,DRIP,336,336,1,72,549.0,14834.0,14112,1271,0.037009572603478494,0.43194335169158143
3dff2d7f20513b62.jpg,Fixed,336,336,1,72,0.0,15383.0,14112,1271,0.0,0.0
3dff2d7f20513b62.jpg,PruneSID,336,336,1,71,588.0,14599.0,13916,1271,0.040276731282964585,0.4626278520849725
3e0f91554117e4ab.jpg,DRIP,336,336,22,73,8082.0,48022.0,14308,41796,0.16829786347923867,0.1933677863910422
3e0f91554117e4ab.jpg,Fixed,336,336,22,72,5634.0,50274.0,14112,41796,0.11206587898317222,0.1347975882859604
3e0f91554117e4ab.jpg,PruneSID,336,336,22,71,6675.0,49037.0,13916,41796,0.13612170401941392,0.15970427792133218
3e3d48572cd5d62f.jpg,DRIP,336,336,1,73,0.0,14852.0,14308,544,0.0,0.0
3e3d48572cd5d62f.jpg,Fixed,336,336,1,72,0.0,14656.0,14112,544,0.0,0.0
3e3d48572cd5d62f.jpg,PruneSID,336,336,1,71,0.0,14460.0,13916,544,0.0,0.0
3e52cb7168026aa4.jpg,DRIP,336,336,0,73,,,14308,0,,
3e52cb7168026aa4.jpg,Fixed,336,336,0,72,,,14112,0,,
3e52cb7168026aa4.jpg,PruneSID,336,336,0,71,,,13916,0,,
3e76010859982118.jpg,DRIP,336,336,1,72,48.0,15053.0,14112,989,0.0031887331428951038,0.04853387259858443
3e76010859982118.jpg,Fixed,336,336,1,72,322.0,14779.0,14112,989,0.021787671696325867,0.32558139534883723
3e76010859982118.jpg,PruneSID,336,336,1,71,813.0,14092.0,13916,989,0.057692307692307696,0.8220424671385238
3e955778cd863cd4.jpg,DRIP,336,336,5,73,3056.0,17630.0,14308,6378,0.17334089619965967,0.47914706804640955
3e955778cd863cd4.jpg,Fixed,336,336,5,72,666.0,19824.0,14112,6378,0.0335956416464891,0.10442144873000941
3e955778cd863cd4.jpg,PruneSID,336,336,5,71,2310.0,17984.0,13916,6378,0.12844750889679715,0.3621825023518344
3e9f4b20654a1b53.jpg,DRIP,336,336,20,73,4285.0,45145.0,14308,35122,0.0949163805515561,0.12200330277319059
3e9f4b20654a1b53.jpg,Fixed,336,336,20,72,4282.0,44952.0,14112,35122,0.09525716319629828,0.12191788622515802
3e9f4b20654a1b53.jpg,PruneSID,336,336,20,71,5178.0,43860.0,13916,35122,0.11805745554035568,0.14742896190421959
3ea9571a1d3dbce4.jpg,DRIP,336,336,1,72,756.0,14690.0,14112,1334,0.05146358066712049,0.5667166416791605
3ea9571a1d3dbce4.jpg,Fixed,336,336,1,72,0.0,15446.0,14112,1334,0.0,0.0
3ea9571a1d3dbce4.jpg,PruneSID,336,336,1,71,420.0,14830.0,13916,1334,0.028320971004720162,0.3148425787106447
3eb794a6490d3096.jpg,DRIP,336,336,1,73,347.0,14364.0,14308,403,0.02415761626287942,0.8610421836228288
3eb794a6490d3096.jpg,Fixed,336,336,1,72,0.0,14515.0,14112,403,0.0,0.0
3eb794a6490d3096.jpg,PruneSID,336,336,1,71,323.0,13996.0,13916,403,0.02307802229208345,0.8014888337468983
3ed28d501c23df49.jpg,DRIP,336,336,4,72,5341.0,28071.0,14112,19300,0.1902675358911332,0.2767357512953368
3ed28d501c23df49.jpg,Fixed,336,336,4,72,1717.0,31695.0,14112,19300,0.0541725824262502,0.08896373056994819
3ed28d501c23df49.jpg,PruneSID,336,336,4,71,3558.0,29658.0,13916,19300,0.11996763099332389,0.1843523316062176
3f1ffbfd9c2de918.jpg,DRIP,336,336,0,73,,,14308,0,,
3f1ffbfd9c2de918.jpg,Fixed,336,336,0,72,,,14112,0,,
3f1ffbfd9c2de918.jpg,PruneSID,336,336,0,71,,,13916,0,,
3f232256d9935c25.jpg,DRIP,336,336,1,72,821.0,15316.0,14112,2025,0.05360407417080178,0.4054320987654321
3f232256d9935c25.jpg,Fixed,336,336,1,72,0.0,16137.0,14112,2025,0.0,0.0
3f232256d9935c25.jpg,PruneSID,336,336,1,71,1148.0,14793.0,13916,2025,0.07760427229094842,0.5669135802469136
3f2678c2f137d5a8.jpg,DRIP,336,336,4,73,1437.0,16905.0,14308,4034,0.08500443655723158,0.35622211204759546
3f2678c2f137d5a8.jpg,Fixed,336,336,4,72,76.0,18070.0,14112,4034,0.0042058660763696736,0.018839861179970253
3f2678c2f137d5a8.jpg,PruneSID,336,336,4,71,2120.0,15830.0,13916,4034,0.13392293114339862,0.525532969757065
3f29c81295834db8.jpg,DRIP,336,336,1,72,367.0,14714.0,14112,969,0.024942231887997827,0.37874097007223945
3f29c81295834db8.jpg,Fixed,336,336,1,72,0.0,15081.0,14112,969,0.0,0.0
3f29c81295834db8.jpg,PruneSID,336,336,1,71,597.0,14288.0,13916,969,0.041783314669652856,0.6160990712074303
3f2cf3a41f5038ad.jpg,DRIP,336,336,1,72,260.0,14308.0,14112,456,0.01817165222253285,0.5701754385964912
3f2cf3a41f5038ad.jpg,Fixed,336,336,1,72,84.0,14484.0,14112,456,0.00579950289975145,0.18421052631578946
3f2cf3a41f5038ad.jpg,PruneSID,336,336,1,71,152.0,14220.0,13916,456,0.010689170182841068,0.3333333333333333
3f2d13c846eb4541.jpg,DRIP,336,336,4,73,1592.0,17867.0,14308,5151,0.08910281524598422,0.30906620073772084
3f2d13c846eb4541.jpg,Fixed,336,336,4,72,658.0,18605.0,14112,5151,0.03536683687180865,0.12774218598330422
3f2d13c846eb4541.jpg,PruneSID,336,336,4,71,1403.0,17664.0,13916,5151,0.07942708333333333,0.27237429625315474
3f320652403faca3.jpg,DRIP,336,336,1,73,588.0,19061.0,14308,5341,0.030848329048843187,0.11009174311926606
3f320652403faca3.jpg,Fixed,336,336,1,72,588.0,18865.0,14112,5341,0.03116883116883117,0.11009174311926606
3f320652403faca3.jpg,PruneSID,336,336,1,71,1176.0,18081.0,13916,5341,0.06504065040650407,0.22018348623853212
3f3225ec1ed3cc69.jpg,DRIP,336,336,0,72,,,14112,0,,
3f3225ec1ed3cc69.jpg,Fixed,336,336,0,72,,,14112,0,,
3f3225ec1ed3cc69.jpg,PruneSID,336,336,0,71,,,13916,0,,
3f49275613bd6a76.jpg,DRIP,336,336,7,72,541.0,20681.0,14112,7110,0.026159276630723854,0.0760900140646976
3f49275613bd6a76.jpg,Fixed,336,336,7,72,1135.0,20087.0,14112,7110,0.056504206700851295,0.15963431786216598
3f49275613bd6a76.jpg,PruneSID,336,336,7,71,1140.0,19886.0,13916,7110,0.057326762546515135,0.16033755274261605
3f49a46ec9a6db62.jpg,DRIP,336,336,1,72,426.0,14211.0,14112,525,0.02997677855182605,0.8114285714285714
3f49a46ec9a6db62.jpg,Fixed,336,336,1,72,294.0,14343.0,14112,525,0.020497803806734993,0.56
3f49a46ec9a6db62.jpg,PruneSID,336,336,1,71,426.0,14015.0,13916,525,0.030396004281127365,0.8114285714285714
3f556e94f6e542ec.jpg,DRIP,336,336,2,72,6503.0,30894.0,14112,23285,0.2104939470447336,0.2792785054756281
3f556e94f6e542ec.jpg,Fixed,336,336,2,72,3136.0,34261.0,14112,23285,0.09153264644931555,0.13467897788275715
3f556e94f6e542ec.jpg,PruneSID,336,336,2,71,4919.0,32282.0,13916,23285,0.1523759370547054,0.21125187889199054
3f5f85322db0fbdd.jpg,DRIP,336,336,0,73,,,14308,0,,
3f5f85322db0fbdd.jpg,Fixed,336,336,0,72,,,14112,0,,
3f5f85322db0fbdd.jpg,PruneSID,336,336,0,71,,,13916,0,,
3f627247c3b8b068.jpg,DRIP,336,336,0,73,,,14308,0,,
3f627247c3b8b068.jpg,Fixed,336,336,0,72,,,14112,0,,
3f627247c3b8b068.jpg,PruneSID,336,336,0,71,,,13916,0,,
3f7b8d8a638cc137.jpg,DRIP,336,336,3,73,4774.0,23436.0,14308,13902,0.2037037037037037,0.3434038267875126
3f7b8d8a638cc137.jpg,Fixed,336,336,3,72,1344.0,26670.0,14112,13902,0.050393700787401574,0.09667673716012085
3f7b8d8a638cc137.jpg,PruneSID,336,336,3,71,3006.0,24812.0,13916,13902,0.12115105594067387,0.21622788088044886
3f9235a71c8ea0ee.jpg,DRIP,336,336,2,72,653.0,15120.0,14112,1661,0.043187830687830685,0.3931366646598435
3f9235a71c8ea0ee.jpg,Fixed,336,336,2,72,182.0,15591.0,14112,1661,0.011673401321275095,0.10957254665863937
3f9235a71c8ea0ee.jpg,PruneSID,336,336,2,71,964.0,14613.0,13916,1661,0.0659686580442072,0.580373269114991
3f99ed4e4dd075d5.jpg,DRIP,336,336,8,73,4216.0,25091.0,14308,14999,0.16802837670878004,0.28108540569371293
3f99ed4e4dd075d5.jpg,Fixed,336,336,8,72,2115.0,26996.0,14112,14999,0.0783449399911098,0.14100940062670844
3f99ed4e4dd075d5.jpg,PruneSID,336,336,8,71,3829.0,25086.0,13916,14999,0.15263493582077653,0.2552836855790386
40075f98e66f4370.jpg,DRIP,336,336,1,72,1176.0,19651.0,14112,6715,0.05984428273370312,0.17513030528667162
40075f98e66f4370.jpg,Fixed,336,336,1,72,1061.0,19766.0,14112,6715,0.053678032985935445,0.15800446760982875
40075f98e66f4370.jpg,PruneSID,336,336,1,71,1036.0,19595.0,13916,6715,0.05287063026282215,0.15428145941921073
4024aa4c83fa68c1.jpg,DRIP,336,336,0,72,,,14112,0,,
4024aa4c83fa68c1.jpg,Fixed,336,336,0,72,,,14112,0,,
4024aa4c83fa68c1.jpg,PruneSID,336,336,0,71,,,13916,0,,
40305babc0cffc30.jpg,DRIP,336,336,0,72,,,14112,0,,
40305babc0cffc30.jpg,Fixed,336,336,0,72,,,14112,0,,
40305babc0cffc30.jpg,PruneSID,336,336,0,71,,,13916,0,,
405bf78877b4350a.jpg,DRIP,336,336,1,72,8680.0,29714.0,14112,24282,0.29211819344416773,0.35746643604315953
405bf78877b4350a.jpg,Fixed,336,336,1,72,3192.0,35202.0,14112,24282,0.09067666609851713,0.13145539906103287
405bf78877b4350a.jpg,PruneSID,336,336,1,71,5670.0,32528.0,13916,24282,0.17431136251844564,0.2335063009636768
406565e29bd8e30c.jpg,DRIP,336,336,1,73,1118.0,15062.0,14308,1872,0.07422653034125615,0.5972222222222222
406565e29bd8e30c.jpg,Fixed,336,336,1,72,364.0,15620.0,14112,1872,0.023303457106274007,0.19444444444444445
406565e29bd8e30c.jpg,PruneSID,336,336,1,71,338.0,15450.0,13916,1872,0.021877022653721684,0.18055555555555555
40882a42d8d66b36.jpg,DRIP,336,336,5,72,3995.0,20272.0,14112,10155,0.1970698500394633,0.3934022648941408
40882a42d8d66b36.jpg,Fixed,336,336,5,72,1271.0,22996.0,14112,10155,0.055270481822925724,0.12516001969473167
40882a42d8d66b36.jpg,PruneSID,336,336,5,71,2753.0,21318.0,13916,10155,0.12913969415517404,0.2710979812900049
409214119193a523.jpg,DRIP,336,336,2,73,378.0,14623.0,14308,693,0.02584968884633796,0.5454545454545454
409214119193a523.jpg,Fixed,336,336,2,72,0.0,14805.0,14112,693,0.0,0.0
409214119193a523.jpg,PruneSID,336,336,2,71,210.0,14399.0,13916,693,0.014584346135148274,0.30303030303030304
409f0ce383202b3a.jpg,DRIP,336,336,4,72,802.0,15249.0,14112,1939,0.052593612695914484,0.4136152656008252
409f0ce383202b3a.jpg,Fixed,336,336,4,72,240.0,15811.0,14112,1939,0.015179305546771235,0.12377514182568335
409f0ce383202b3a.jpg,PruneSID,336,336,4,71,802.0,15053.0,13916,1939,0.05327841626253903,0.4136152656008252
40b8439ee1cec6aa.jpg,DRIP,336,336,1,73,,,14308,0,,
40b8439ee1cec6aa.jpg,Fixed,336,336,1,72,,,14112,0,,
40b8439ee1cec6aa.jpg,PruneSID,336,336,1,71,,,13916,0,,
40c5874fdaf7bc98.jpg,DRIP,336,336,8,72,7723.0,41117.0,14112,34728,0.18782985139966438,0.2223853950702603
40c5874fdaf7bc98.jpg,Fixed,336,336,8,72,4650.0,44190.0,14112,34728,0.10522742701968771,0.1338977194194886
40c5874fdaf7bc98.jpg,PruneSID,336,336,8,71,8118.0,40526.0,13916,34728,0.20031584661698662,0.2337595024187975
40c6b4dd3caa006f.jpg,DRIP,336,336,19,73,2432.0,26660.0,14308,14784,0.09122280570142535,0.1645021645021645
40c6b4dd3caa006f.jpg,Fixed,336,336,19,72,2659.0,26237.0,14112,14784,0.10134542821206693,0.17985660173160173
40c6b4dd3caa006f.jpg,PruneSID,336,336,19,71,2062.0,26638.0,13916,14784,0.07740821382986711,0.13947510822510822
4109ee5da3327a0e.jpg,DRIP,336,336,2,72,461.0,14598.0,14112,947,0.031579668447732565,0.48680042238648363
4109ee5da3327a0e.jpg,Fixed,336,336,2,72,238.0,14821.0,14112,947,0.0160582956615613,0.25131995776135163
4109ee5da3327a0e.jpg,PruneSID,336,336,2,71,911.0,13952.0,13916,947,0.06529529816513761,0.9619852164730729
41160be1337c198b.jpg,DRIP,336,336,0,73,,,14308,0,,
41160be1337c198b.jpg,Fixed,336,336,0,72,,,14112,0,,
41160be1337c198b.jpg,PruneSID,336,336,0,71,,,13916,0,,
41342cc541f8caab.jpg,DRIP,336,336,19,73,7208.0,34003.0,14308,26903,0.21198129576802047,0.26792551016615246
41342cc541f8caab.jpg,Fixed,336,336,19,72,3675.0,37340.0,14112,26903,0.09841992501339046,0.13660186596290377
41342cc541f8caab.jpg,PruneSID,336,336,19,71,5714.0,35105.0,13916,26903,0.16276883634809855,0.21239266996245773
4134e276835f0bb7.jpg,DRIP,336,336,8,73,7006.0,38100.0,14308,30798,0.18388451443569553,0.22748230404571726
4134e276835f0bb7.jpg,Fixed,336,336,8,72,3892.0,41018.0,14112,30798,0.09488517236335267,0.12637184232742385
4134e276835f0bb7.jpg,PruneSID,336,336,8,71,5121.0,39593.0,13916,30798,0.1293410451342409,0.1662770309760374
41436ea62781b483.jpg,DRIP,336,336,0,72,,,14112,0,,
41436ea62781b483.jpg,Fixed,336,336,0,72,,,14112,0,,
41436ea62781b483.jpg,PruneSID,336,336,0,71,,,13916,0,,
416460c1037d84b7.jpg,DRIP,336,336,1,72,448.0,15214.0,14112,1550,0.02944656237675825,0.28903225806451616
416460c1037d84b7.jpg,Fixed,336,336,1,72,184.0,15478.0,14112,1550,0.011887840806305724,0.11870967741935484
416460c1037d84b7.jpg,PruneSID,336,336,1,71,434.0,15032.0,13916,1550,0.02887174028738691,0.28
416735f0c7dda0f4.jpg,DRIP,336,336,2,73,854.0,15877.0,14308,2423,0.05378849908672923,0.352455633512175
416735f0c7dda0f4.jpg,Fixed,336,336,2,72,391.0,16144.0,14112,2423,0.0242195242814668,0.16137020222864218
416735f0c7dda0f4.jpg,PruneSID,336,336,2,71,322.0,16017.0,13916,2423,0.020103639882624712,0.13289310771770532
4182c65b030c236b.jpg,DRIP,336,336,6,72,1058.0,19460.0,14112,6406,0.054367934224049334,0.16515766468935372
4182c65b030c236b.jpg,Fixed,336,336,6,72,403.0,20115.0,14112,6406,0.020034799900571713,0.06290977208866687
4182c65b030c236b.jpg,PruneSID,336,336,6,71,1474.0,18848.0,13916,6406,0.07820458404074702,0.2300967842647518
41b6cf0a7d56a228.jpg,DRIP,336,336,31,72,10340.0,93571.0,14112,89799,0.11050432292056299,0.11514604839697547
41b6cf0a7d56a228.jpg,Fixed,336,336,31,72,10956.0,92955.0,14112,89799,0.11786348233015975,0.1220058129823272
41b6cf0a7d56a228.jpg,PruneSID,336,336,31,71,9742.0,93973.0,13916,89799,0.10366807487256978,0.10848673147807882
41bef1aafccc6043.jpg,DRIP,336,336,0,72,,,14112,0,,
41bef1aafccc6043.jpg,Fixed,336,336,0,72,,,14112,0,,
41bef1aafccc6043.jpg,PruneSID,336,336,0,71,,,13916,0,,
41d49c7d94ecf22c.jpg,DRIP,336,336,44,73,5873.0,32044.0,14308,23609,0.1832792410435651,0.2487610656952857
41d49c7d94ecf22c.jpg,Fixed,336,336,44,72,3315.0,34406.0,14112,23609,0.09634947392896588,0.14041255453428778
41d49c7d94ecf22c.jpg,PruneSID,336,336,44,71,8473.0,29052.0,13916,23609,0.2916494561475974,0.3588885594476683
41fd69a9e115a900.jpg,DRIP,336,336,7,73,3856.0,20507.0,14308,10055,0.18803335446432926,0.38349080059671803
41fd69a9e115a900.jpg,Fixed,336,336,7,72,1300.0,22867.0,14112,10055,0.05685048322910745,0.12928891098955744
41fd69a9e115a900.jpg,PruneSID,336,336,7,71,2210.0,21761.0,13916,10055,0.1015578328201829,0.21979114868224764
42060484e0970279.jpg,DRIP,336,336,1,72,980.0,14947.0,14112,1815,0.06556499632033184,0.5399449035812672
42060484e0970279.jpg,Fixed,336,336,1,72,0.0,15927.0,14112,1815,0.0,0.0
42060484e0970279.jpg,PruneSID,336,336,1,71,868.0,14863.0,13916,1815,0.0584000538249344,0.47823691460055096
4214185d9983f04d.jpg,DRIP,336,336,10,73,546.0,16657.0,14308,2895,0.03277901182685958,0.18860103626943006
4214185d9983f04d.jpg,Fixed,336,336,10,72,532.0,16475.0,14112,2895,0.03229135053110774,0.1837651122625216
4214185d9983f04d.jpg,PruneSID,336,336,10,71,1295.0,15516.0,13916,2895,0.08346223253415828,0.4473229706390328
42207702ddb341c2.jpg,DRIP,336,336,13,72,6763.0,29702.0,14112,22353,0.22769510470675375,0.30255446696192906
42207702ddb341c2.jpg,Fixed,336,336,13,72,3245.0,33220.0,14112,22353,0.09768211920529801,0.14517067060349842
42207702ddb341c2.jpg,PruneSID,336,336,13,71,4592.0,31677.0,13916,22353,0.1449632225273858,0.2054310383393728
42438ea807df291b.jpg,DRIP,336,336,7,73,1407.0,17252.0,14308,4351,0.0815557616508231,0.32337393702597106
42438ea807df291b.jpg,Fixed,336,336,7,72,954.0,17509.0,14112,4351,0.05448626420697927,0.21925994024362216
42438ea807df291b.jpg,PruneSID,336,336,7,71,1339.0,16928.0,13916,4351,0.07909971644612476,0.3077453458974948
425346b4ddd58ab8.jpg,DRIP,336,336,2,72,1269.0,17764.0,14112,4921,0.07143661337536591,0.2578744157691526
425346b4ddd58ab8.jpg,Fixed,336,336,2,72,454.0,18579.0,14112,4921,0.02443619139889122,0.09225767120503962
425346b4ddd58ab8.jpg,PruneSID,336,336,2,71,672.0,18165.0,13916,4921,0.03699421965317919,0.13655761024182078
4269e5aabf755470.jpg,DRIP,336,336,19,72,6136.0,35338.0,14112,27362,0.17363744411115514,0.22425261311307654
4269e5aabf755470.jpg,Fixed,336,336,19,72,2792.0,38682.0,14112,27362,0.07217827413267153,0.10203932461077407
4269e5aabf755470.jpg,PruneSID,336,336,19,71,5803.0,35475.0,13916,27362,0.1635799859055673,0.21208245011329582
4274662695ec1f91.jpg,DRIP,336,336,0,72,,,14112,0,,
4274662695ec1f91.jpg,Fixed,336,336,0,72,,,14112,0,,
4274662695ec1f91.jpg,PruneSID,336,336,0,71,,,13916,0,,
428b829ee3b65fe3.jpg,DRIP,336,336,1,72,1260.0,15552.0,14112,2700,0.08101851851851852,0.4666666666666667
428b829ee3b65fe3.jpg,Fixed,336,336,1,72,420.0,16392.0,14112,2700,0.02562225475841874,0.15555555555555556
428b829ee3b65fe3.jpg,PruneSID,336,336,1,71,1050.0,15566.0,13916,2700,0.06745470898111268,0.3888888888888889
4291d7f31aa881c8.jpg,DRIP,336,336,36,73,9047.0,62696.0,14308,57435,0.1442994768406278,0.15751719334900322
4291d7f31aa881c8.jpg,Fixed,336,336,36,72,7990.0,63557.0,14112,57435,0.12571392608209953,0.13911378079568207
4291d7f31aa881c8.jpg,PruneSID,336,336,36,71,8617.0,62734.0,13916,57435,0.13735773264896228,0.15003046922608165
42b627d053171f67.jpg,DRIP,336,336,0,72,,,14112,0,,
42b627d053171f67.jpg,Fixed,336,336,0,72,,,14112,0,,
42b627d053171f67.jpg,PruneSID,336,336,0,71,,,13916,0,,
42eaff6905e7c397.jpg,DRIP,336,336,1,73,410.0,14823.0,14308,925,0.027659718005801793,0.44324324324324327
42eaff6905e7c397.jpg,Fixed,336,336,1,72,52.0,14985.0,14112,925,0.0034701368034701367,0.05621621621621622
42eaff6905e7c397.jpg,PruneSID,336,336,1,71,228.0,14613.0,13916,925,0.01560254567850544,0.2464864864864865
42f525eb96da8ac3.jpg,DRIP,336,336,2,73,1416.0,15022.0,14308,2130,0.09426174943416323,0.6647887323943662
42f525eb96da8ac3.jpg,Fixed,336,336,2,72,0.0,16242.0,14112,2130,0.0,0.0
42f525eb96da8ac3.jpg,PruneSID,336,336,2,71,774.0,15272.0,13916,2130,0.05068098480880042,0.36338028169014086
42fd98019da0fead.jpg,DRIP,336,336,4,72,1790.0,16114.0,14112,3792,0.11108352984982003,0.4720464135021097
42fd98019da0fead.jpg,Fixed,336,336,4,72,882.0,17022.0,14112,3792,0.05181529784984138,0.23259493670886075
42fd98019da0fead.jpg,PruneSID,336,336,4,71,686.0,17022.0,13916,3792,0.040300787216543295,0.1809071729957806
42ff6f8b2d1e4cdd.jpg,DRIP,336,336,7,73,5760.0,26851.0,14308,18303,0.2145171501992477,0.31470250778560893
42ff6f8b2d1e4cdd.jpg,Fixed,336,336,7,72,2180.0,30235.0,14112,18303,0.07210186869522077,0.1191061574605256
42ff6f8b2d1e4cdd.jpg,PruneSID,336,336,7,71,5541.0,26678.0,13916,18303,0.20769922782817302,0.30273725618751024
43142b9fa969ed5e.jpg,DRIP,336,336,0,73,,,14308,0,,
43142b9fa969ed5e.jpg,Fixed,336,336,0,72,,,14112,0,,
43142b9fa969ed5e.jpg,PruneSID,336,336,0,71,,,13916,0,,
4337600d8b432017.jpg,DRIP,336,336,3,72,865.0,15119.0,14112,1872,0.057212778622924794,0.4620726495726496
4337600d8b432017.jpg,Fixed,336,336,3,72,178.0,15806.0,14112,1872,0.011261546248260155,0.09508547008547008
4337600d8b432017.jpg,PruneSID,336,336,3,71,988.0,14800.0,13916,1872,0.06675675675675675,0.5277777777777778
434891a8e947f19d.jpg,DRIP,336,336,20,72,6194.0,42776.0,14112,34858,0.14480082289134094,0.17769235182741408
434891a8e947f19d.jpg,Fixed,336,336,20,72,4418.0,44552.0,14112,34858,0.09916502065002694,0.12674278501348327
434891a8e947f19d.jpg,PruneSID,336,336,20,71,4871.0,43903.0,13916,34858,0.1109491378721272,0.13973836708933388
434af46a99f114a9.jpg,DRIP,336,336,1,72,544.0,14322.0,14112,754,0.037983521854489596,0.7214854111405835
434af46a99f114a9.jpg,Fixed,336,336,1,72,0.0,14866.0,14112,754,0.0,0.0
434af46a99f114a9.jpg,PruneSID,336,336,1,71,454.0,14216.0,13916,754,0.0319358469330332,0.6021220159151194
436bc582d7b9457d.jpg,DRIP,336,336,11,72,1701.0,24456.0,14112,12045,0.06955348380765457,0.14122042341220423
436bc582d7b9457d.jpg,Fixed,336,336,11,72,1850.0,24307.0,14112,12045,0.07610976261982146,0.153590701535907
436bc582d7b9457d.jpg,PruneSID,336,336,11,71,1534.0,24427.0,13916,12045,0.06279936136242682,0.1273557492735575
437df7ccfc9d3d40.jpg,DRIP,336,336,0,72,,,14112,0,,
437df7ccfc9d3d40.jpg,Fixed,336,336,0,72,,,14112,0,,
437df7ccfc9d3d40.jpg,PruneSID,336,336,0,71,,,13916,0,,
439269de33b4ffe7.jpg,DRIP,336,336,2,72,829.0,15080.0,14112,1797,0.05497347480106101,0.46132442960489706
439269de33b4ffe7.jpg,Fixed,336,336,2,72,514.0,15395.0,14112,1797,0.03338746346216304,0.2860322760155815
439269de33b4ffe7.jpg,PruneSID,336,336,2,71,839.0,14874.0,13916,1797,0.0564071534220788,0.46688925987757374
43c4cf02486f1554.jpg,DRIP,336,336,0,73,,,14308,0,,
43c4cf02486f1554.jpg,Fixed,336,336,0,72,,,14112,0,,
43c4cf02486f1554.jpg,PruneSID,336,336,0,71,,,13916,0,,
43d24d5cd7aa9792.jpg,DRIP,336,336,0,72,,,14112,0,,
43d24d5cd7aa9792.jpg,Fixed,336,336,0,72,,,14112,0,,
43d24d5cd7aa9792.jpg,PruneSID,336,336,0,71,,,13916,0,,
43e3bdf5255ebbc6.jpg,DRIP,336,336,3,73,1424.0,17928.0,14308,5044,0.07942882641677822,0.2823156225218081
43e3bdf5255ebbc6.jpg,Fixed,336,336,3,72,481.0,18675.0,14112,5044,0.02575635876840696,0.09536082474226804
43e3bdf5255ebbc6.jpg,PruneSID,336,336,3,71,2296.0,16664.0,13916,5044,0.13778204512722037,0.45519429024583663
43f405e4cec6a454.jpg,DRIP,336,336,1,72,1190.0,14463.0,14112,1541,0.08227891861992671,0.772225827384815
43f405e4cec6a454.jpg,Fixed,336,336,1,72,322.0,15331.0,14112,1541,0.02100319613854282,0.208955223880597
43f405e4cec6a454.jpg,PruneSID,336,336,1,71,614.0,14843.0,13916,1541,0.041366300613083606,0.39844256975989617
443c0b31a360e242.jpg,DRIP,336,336,4,73,6198.0,33239.0,14308,25129,0.18646770360119136,0.24664729993234907
443c0b31a360e242.jpg,Fixed,336,336,4,72,2782.0,36459.0,14112,25129,0.0763048904248608,0.1107087428867046
443c0b31a360e242.jpg,PruneSID,336,336,4,71,4100.0,34945.0,13916,25129,0.11732722850193161,0.16315810418241872
44582b003b93be6a.jpg,DRIP,336,336,32,73,12005.0,68231.0,14308,65928,0.17594641731764155,0.18209258585123164
44582b003b93be6a.jpg,Fixed,336,336,32,72,7663.0,72377.0,14112,65928,0.10587617613330201,0.11623286008979493
44582b003b93be6a.jpg,PruneSID,336,336,32,71,8615.0,71229.0,13916,65928,0.12094792851226327,0.13067285523601505
447eb8c049c70e8f.jpg,DRIP,336,336,0,72,,,14112,0,,
447eb8c049c70e8f.jpg,Fixed,336,336,0,72,,,14112,0,,
447eb8c049c70e8f.jpg,PruneSID,336,336,0,71,,,13916,0,,
448163d65fa64210.jpg,DRIP,336,336,8,72,2074.0,16317.0,14112,4279,0.12710669853526996,0.484692685206824
448163d65fa64210.jpg,Fixed,336,336,8,72,607.0,17784.0,14112,4279,0.03413180386864598,0.1418555737321804
448163d65fa64210.jpg,PruneSID,336,336,8,71,1539.0,16656.0,13916,4279,0.09239913544668588,0.3596634727740126
44c0ab731912e8e4.jpg,DRIP,336,336,25,73,10371.0,62594.0,14308,58657,0.1656868070422085,0.17680754215183184
44c0ab731912e8e4.jpg,Fixed,336,336,25,72,7166.0,65603.0,14112,58657,0.10923280947517644,0.1221678572037438
44c0ab731912e8e4.jpg,PruneSID,336,336,25,71,8663.0,63910.0,13916,58657,0.1355499921764982,0.147689107864364
44cfe62c7f85a269.jpg,DRIP,336,336,0,72,,,14112,0,,
44cfe62c7f85a269.jpg,Fixed,336,336,0,72,,,14112,0,,
44cfe62c7f85a269.jpg,PruneSID,336,336,0,71,,,13916,0,,
44e8489215f4ed80.jpg,DRIP,336,336,8,72,2699.0,18833.0,14112,7420,0.14331227101364627,0.3637466307277628
44e8489215f4ed80.jpg,Fixed,336,336,8,72,742.0,20790.0,14112,7420,0.03569023569023569,0.1
44e8489215f4ed80.jpg,PruneSID,336,336,8,71,3210.0,18126.0,13916,7420,0.17709367759020192,0.4326145552560647
44f0e271bcbb09c0.jpg,DRIP,336,336,6,73,1594.0,16841.0,14308,4127,0.09464996140371712,0.3862369760116307
44f0e271bcbb09c0.jpg,Fixed,336,336,6,72,118.0,18121.0,14112,4127,0.006511781910490591,0.028592197722316453
44f0e271bcbb09c0.jpg,PruneSID,336,336,6,71,2479.0,15564.0,13916,4127,0.15927782061166795,0.6006784589290041
45047ffd01cfb29d.jpg,DRIP,336,336,0,73,,,14308,0,,
45047ffd01cfb29d.jpg,Fixed,336,336,0,72,,,14112,0,,
45047ffd01cfb29d.jpg,PruneSID,336,336,0,71,,,13916,0,,
4525aebcb6f8fbef.jpg,DRIP,336,336,1,72,,,14112,0,,
4525aebcb6f8fbef.jpg,Fixed,336,336,1,72,,,14112,0,,
4525aebcb6f8fbef.jpg,PruneSID,336,336,1,71,,,13916,0,,
455a1a5d3b547e64.jpg,DRIP,336,336,3,73,1417.0,17541.0,14308,4650,0.0807821674933014,0.30473118279569894
455a1a5d3b547e64.jpg,Fixed,336,336,3,72,524.0,18238.0,14112,4650,0.02873122052856673,0.11268817204301075
455a1a5d3b547e64.jpg,PruneSID,336,336,3,71,2471.0,16095.0,13916,4650,0.1535259397328363,0.5313978494623656
455e93f799044a86.jpg,DRIP,336,336,8,73,3866.0,20186.0,14308,9744,0.1915188744674527,0.3967569786535304
455e93f799044a86.jpg,Fixed,336,336,8,72,842.0,23014.0,14112,9744,0.03658642565394977,0.08641215106732349
455e93f799044a86.jpg,PruneSID,336,336,8,71,2709.0,20951.0,13916,9744,0.12930170397594387,0.27801724137931033
456a532df1fdc798.jpg,DRIP,336,336,32,72,4180.0,28449.0,14112,18517,0.1469295933073219,0.22573851055786576
456a532df1fdc798.jpg,Fixed,336,336,32,72,2818.0,29811.0,14112,18517,0.09452886518399249,0.15218447912728844
456a532df1fdc798.jpg,PruneSID,336,336,32,71,4872.0,27561.0,13916,18517,0.17677152498095133,0.2631095749851488
457505d8d1103421.jpg,DRIP,336,336,14,72,6885.0,23954.0,14112,16727,0.28742589964097853,0.4116099719017158
457505d8d1103421.jpg,Fixed,336,336,14,72,1917.0,28922.0,14112,16727,0.06628172325565314,0.11460512943145812
457505d8d1103421.jpg,PruneSID,336,336,14,71,4784.0,25859.0,13916,16727,0.18500328705673072,0.2860046631195074
458fde71c4282476.jpg,DRIP,336,336,0,72,,,14112,0,,
458fde71c4282476.jpg,Fixed,336,336,0,72,,,14112,0,,
458fde71c4282476.jpg,PruneSID,336,336,0,71,,,13916,0,,
45ba6ab621c4901a.jpg,DRIP,336,336,1,73,2037.0,17002.0,14308,4731,0.11980943418421362,0.43056436271401394
45ba6ab621c4901a.jpg,Fixed,336,336,1,72,798.0,18045.0,14112,4731,0.044222776392352454,0.1686746987951807
45ba6ab621c4901a.jpg,PruneSID,336,336,1,71,2352.0,16295.0,13916,4731,0.1443387542190856,0.49714648065948003
45bed83a9fdbc6e0.jpg,DRIP,336,336,2,73,4692.0,21185.0,14308,11569,0.2214774604673118,0.40556660039761433
45bed83a9fdbc6e0.jpg,Fixed,336,336,2,72,686.0,24995.0,14112,11569,0.027445489097819565,0.05929639553980465
45bed83a9fdbc6e0.jpg,PruneSID,336,336,2,71,2772.0,22713.0,13916,11569,0.12204464403645489,0.23960584320165962
45d5b667851bf3d4.jpg,DRIP,336,336,21,73,8149.0,41748.0,14308,35589,0.1951949794002108,0.22897524516002135
45d5b667851bf3d4.jpg,Fixed,336,336,21,72,4484.0,45217.0,14112,35589,0.09916624278479333,0.12599398690606647
45d5b667851bf3d4.jpg,PruneSID,336,336,21,71,7064.0,42441.0,13916,35589,0.16644282651209916,0.19848829694568546
45dc5b66e3f3f31b.jpg,DRIP,336,336,1,72,518.0,15309.0,14112,1715,0.03383630544124371,0.3020408163265306
45dc5b66e3f3f31b.jpg,Fixed,336,336,1,72,0.0,15827.0,14112,1715,0.0,0.0
45dc5b66e3f3f31b.jpg,PruneSID,336,336,1,71,406.0,15225.0,13916,1715,0.02666666666666667,0.23673469387755103
45e75de047953183.jpg,DRIP,336,336,5,72,2979.0,23481.0,14112,12348,0.12686853200459947,0.24125364431486881
45e75de047953183.jpg,Fixed,336,336,5,72,1771.0,24689.0,14112,12348,0.07173235043946696,0.14342403628117914
45e75de047953183.jpg,PruneSID,336,336,5,71,2128.0,24136.0,13916,12348,0.08816705336426914,0.17233560090702948
460186472701999e.jpg,DRIP,336,336,7,73,1728.0,16232.0,14308,3652,0.10645638245441104,0.47316538882803943
460186472701999e.jpg,Fixed,336,336,7,72,598.0,17166.0,14112,3652,0.034836304322497964,0.16374589266155531
460186472701999e.jpg,PruneSID,336,336,7,71,1582.0,15986.0,13916,3652,0.0989615913924684,0.43318729463307776
46093991ce4a09b0.jpg,DRIP,336,336,0,72,,,14112,0,,
46093991ce4a09b0.jpg,Fixed,336,336,0,72,,,14112,0,,
46093991ce4a09b0.jpg,PruneSID,336,336,0,71,,,13916,0,,
4625b91150946824.jpg,DRIP,336,336,118,72,4914.0,65220.0,14112,56022,0.07534498620055198,0.08771554032344436
4625b91150946824.jpg,Fixed,336,336,118,72,6971.0,63163.0,14112,56022,0.11036524547599069,0.12443325836278604
4625b91150946824.jpg,PruneSID,336,336,118,71,8001.0,61937.0,13916,56022,0.12917965028981063,0.14281889257791583
46715680cd7dd1b9.jpg,DRIP,336,336,0,73,,,14308,0,,
46715680cd7dd1b9.jpg,Fixed,336,336,0,72,,,14112,0,,
46715680cd7dd1b9.jpg,PruneSID,336,336,0,71,,,13916,0,,
46759c073f68adb2.jpg,DRIP,336,336,1,73,2478.0,16107.0,14308,4277,0.15384615384615385,0.5793780687397708
46759c073f68adb2.jpg,Fixed,336,336,1,72,658.0,17731.0,14112,4277,0.037110146071851556,0.15384615384615385
46759c073f68adb2.jpg,PruneSID,336,336,1,71,1209.0,16984.0,13916,4277,0.07118464437117288,0.2826747720364742
4679f229bf50b7cd.jpg,DRIP,336,336,4,72,3803.0,23180.0,14112,12871,0.16406384814495253,0.2954704374174501
4679f229bf50b7cd.jpg,Fixed,336,336,4,72,1603.0,25380.0,14112,12871,0.06315996847911741,0.124543547509906
4679f229bf50b7cd.jpg,PruneSID,336,336,4,71,4324.0,22463.0,13916,12871,0.19249432399946578,0.3359490327091912
46c273e42904e6f3.jpg,DRIP,336,336,8,73,1743.0,18554.0,14308,5989,0.09394200711436887,0.2910335615294707
46c273e42904e6f3.jpg,Fixed,336,336,8,72,698.0,19403.0,14112,5989,0.03597381848167809,0.11654700283853732
46c273e42904e6f3.jpg,PruneSID,336,336,8,71,3016.0,16889.0,13916,5989,0.1785777725146545,0.5035899148438805
46c53e3504d902de.jpg,DRIP,336,336,1,72,1180.0,16287.0,14112,3355,0.07245042058083134,0.35171385991058124
46c53e3504d902de.jpg,Fixed,336,336,1,72,770.0,16697.0,14112,3355,0.046116068754866145,0.22950819672131148
46c53e3504d902de.jpg,PruneSID,336,336,1,71,1288.0,15983.0,13916,3355,0.08058562222361258,0.38390461997019376
46e7609ce3ce3618.jpg,DRIP,336,336,5,72,2042.0,19800.0,14112,7730,0.10313131313131313,0.26416558861578265
46e7609ce3ce3618.jpg,Fixed,336,336,5,72,1015.0,20827.0,14112,7730,0.048734815383876695,0.1313065976714101
46e7609ce3ce3618.jpg,PruneSID,336,336,5,71,3827.0,17819.0,13916,7730,0.21477075032268927,0.49508408796895215
46ea1e78fdca89d9.jpg,DRIP,336,336,26,73,6786.0,34732.0,14308,27210,0.19538178049061383,0.249393605292172
46ea1e78fdca89d9.jpg,Fixed,336,336,26,72,3876.0,37446.0,14112,27210,0.10350905303637238,0.1424476295479603
46ea1e78fdca89d9.jpg,PruneSID,336,336,26,71,7137.0,33989.0,13916,27210,0.2099796993144841,0.26229327453142226
47261692d3858889.jpg,DRIP,336,336,2,72,259.0,15219.0,14112,1366,0.017018200933044222,0.18960468521229867
47261692d3858889.jpg,Fixed,336,336,2,72,110.0,15368.0,14112,1366,0.007157730348776679,0.08052708638360176
47261692d3858889.jpg,PruneSID,336,336,2,71,616.0,14666.0,13916,1366,0.042001909177689895,0.45095168374816985
473535e08285a342.jpg,DRIP,336,336,0,72,,,14112,0,,
473535e08285a342.jpg,Fixed,336,336,0,72,,,14112,0,,
473535e08285a342.jpg,PruneSID,336,336,0,71,,,13916,0,,
47429bfe6ba544db.jpg,DRIP,336,336,11,72,3848.0,24918.0,14112,14654,0.1544265189822618,0.2625904189982257
47429bfe6ba544db.jpg,Fixed,336,336,11,72,2024.0,26742.0,14112,14654,0.07568618652307232,0.1381192848369046
47429bfe6ba544db.jpg,PruneSID,336,336,11,71,4784.0,23786.0,13916,14654,0.2011267131926343,0.3264637641599563
4745d52ded8f93fc.jpg,DRIP,336,336,6,73,3115.0,18171.0,14308,6978,0.17142699906444334,0.4464029807967899
4745d52ded8f93fc.jpg,Fixed,336,336,6,72,1036.0,20054.0,14112,6978,0.05166051660516605,0.14846660934365147
4745d52ded8f93fc.jpg,PruneSID,336,336,6,71,2587.0,18307.0,13916,6978,0.14131206642267985,0.3707366007451992
4758c2f7b824af09.jpg,DRIP,336,336,8,72,860.0,21164.0,14112,7912,0.040635040635040635,0.10869565217391304
4758c2f7b824af09.jpg,Fixed,336,336,8,72,872.0,21152.0,14112,7912,0.041225416036308624,0.1102123356926188
4758c2f7b824af09.jpg,PruneSID,336,336,8,71,2444.0,19384.0,13916,7912,0.12608336772595954,0.30889787664307383
47640ae412560b78.jpg,DRIP,336,336,7,73,2101.0,16315.0,14308,4108,0.12877719889672082,0.5114410905550146
47640ae412560b78.jpg,Fixed,336,336,7,72,319.0,17901.0,14112,4108,0.017820233506508017,0.07765335929892891
47640ae412560b78.jpg,PruneSID,336,336,7,71,2089.0,15935.0,13916,4108,0.13109507373705678,0.5085199610516066
47762928716197fa.jpg,DRIP,336,336,3,73,1276.0,17700.0,14308,4668,0.07209039548022599,0.27335047129391604
47762928716197fa.jpg,Fixed,336,336,3,72,458.0,18322.0,14112,4668,0.024997271040279444,0.09811482433590403
47762928716197fa.jpg,PruneSID,336,336,3,71,871.0,17713.0,13916,4668,0.049172923841246545,0.18658954584404455
4789951ca63e685a.jpg,DRIP,336,336,1,72,608.0,14397.0,14112,893,0.04223102035146211,0.6808510638297872
4789951ca63e685a.jpg,Fixed,336,336,1,72,266.0,14739.0,14112,893,0.018047357351244995,0.2978723404255319
4789951ca63e685a.jpg,PruneSID,336,336,1,71,608.0,14201.0,13916,893,0.04281388634603197,0.6808510638297872
47c662b3564ca64e.jpg,DRIP,336,336,2,73,6894.0,27000.0,14308,19586,0.25533333333333336,0.3519861125293577
47c662b3564ca64e.jpg,Fixed,336,336,2,72,3268.0,30430.0,14112,19586,0.10739401906013803,0.16685387521699171
47c662b3564ca64e.jpg,PruneSID,336,336,2,71,4934.0,28568.0,13916,19586,0.17271072528703443,0.25191463290105176
47c776805a7e3846.jpg,DRIP,336,336,0,72,,,14112,0,,
47c776805a7e3846.jpg,Fixed,336,336,0,72,,,14112,0,,
47c776805a7e3846.jpg,PruneSID,336,336,0,71,,,13916,0,,
47db25b2e161f784.jpg,DRIP,336,336,1,72,2800.0,20657.0,14112,9345,0.13554727211114875,0.299625468164794
47db25b2e161f784.jpg,Fixed,336,336,1,72,1190.0,22267.0,14112,9345,0.0534423137378183,0.12734082397003746
47db25b2e161f784.jpg,PruneSID,336,336,1,71,2856.0,20405.0,13916,9345,0.1399656946826758,0.3056179775280899
47eb85ce716bf66f.jpg,DRIP,336,336,1,72,112.0,14735.0,14112,735,0.007600950118764846,0.1523809523809524
47eb85ce716bf66f.jpg,Fixed,336,336,1,72,0.0,14847.0,14112,735,0.0,0.0
47eb85ce716bf66f.jpg,PruneSID,336,336,1,71,312.0,14339.0,13916,735,0.021758839528558477,0.42448979591836733
481b56d643e269c5.jpg,DRIP,336,336,2,73,4322.0,23873.0,14308,13887,0.1810413437774892,0.31122632678044215
481b56d643e269c5.jpg,Fixed,336,336,2,72,1778.0,26221.0,14112,13887,0.06780824529956905,0.128033412544106
481b56d643e269c5.jpg,PruneSID,336,336,2,71,1840.0,25963.0,13916,13887,0.07087008435080691,0.13249801973068337
481c9bdd7e18cb9d.jpg,DRIP,336,336,0,73,,,14308,0,,
481c9bdd7e18cb9d.jpg,Fixed,336,336,0,72,,,14112,0,,
481c9bdd7e18cb9d.jpg,PruneSID,336,336,0,71,,,13916,0,,
481e3c4dda43cd7b.jpg,DRIP,336,336,3,72,5764.0,25547.0,14112,17199,0.22562336086428936,0.3351357637071923
481e3c4dda43cd7b.jpg,Fixed,336,336,3,72,2226.0,29085.0,14112,17199,0.07653429602888087,0.12942612942612944
481e3c4dda43cd7b.jpg,PruneSID,336,336,3,71,2842.0,28273.0,13916,17199,0.10051993067590988,0.16524216524216523
48271db95ff3670c.jpg,DRIP,336,336,3,72,9156.0,48104.0,14112,43148,0.19033760186263096,0.21219987021414666
48271db95ff3670c.jpg,Fixed,336,336,3,72,6320.0,50940.0,14112,43148,0.12406753042795446,0.14647260591452674
48271db95ff3670c.jpg,PruneSID,336,336,3,71,7140.0,49924.0,13916,43148,0.1430173864273696,0.1654769630110318
483ab346d0df197a.jpg,DRIP,336,336,21,72,5846.0,44714.0,14112,36448,0.13074204946996468,0.16039288849868305
483ab346d0df197a.jpg,Fixed,336,336,21,72,4592.0,45968.0,14112,36448,0.09989557953358859,0.12598770851624233
483ab346d0df197a.jpg,PruneSID,336,336,21,71,7041.0,43323.0,13916,36448,0.1625233709576899,0.19317932396839332
487e145701aac585.jpg,DRIP,336,336,1,73,2062.0,15342.0,14308,3096,0.13440229435536435,0.6660206718346253
487e145701aac585.jpg,Fixed,336,336,1,72,336.0,16872.0,14112,3096,0.01991465149359886,0.10852713178294573
487e145701aac585.jpg,PruneSID,336,336,1,71,1008.0,16004.0,13916,3096,0.06298425393651587,0.32558139534883723
4894c0b9a2f9eae3.jpg,DRIP,336,336,28,72,2143.0,32875.0,14112,20906,0.06518631178707224,0.10250645747632259
4894c0b9a2f9eae3.jpg,Fixed,336,336,28,72,3527.0,31491.0,14112,20906,0.11200025404083706,0.16870754807232374
4894c0b9a2f9eae3.jpg,PruneSID,336,336,28,71,5432.0,29390.0,13916,20906,0.18482477033004424,0.2598297139577155
48956fdf0fee99e5.jpg,DRIP,336,336,0,73,,,14308,0,,
48956fdf0fee99e5.jpg,Fixed,336,336,0,72,,,14112,0,,
48956fdf0fee99e5.jpg,PruneSID,336,336,0,71,,,13916,0,,
489704a1ef665490.jpg,DRIP,336,336,4,72,1158.0,22543.0,14112,9589,0.05136849576365169,0.12076337470017728
489704a1ef665490.jpg,Fixed,336,336,4,72,1699.0,22002.0,14112,9589,0.07722025270429961,0.17718218792366253
489704a1ef665490.jpg,PruneSID,336,336,4,71,4472.0,19033.0,13916,9589,0.2349603320548521,0.4663677130044843
48a188ef0f203048.jpg,DRIP,336,336,1,73,394.0,15939.0,14308,2025,0.02471924211054646,0.1945679012345679
48a188ef0f203048.jpg,Fixed,336,336,1,72,630.0,15507.0,14112,2025,0.04062681369704005,0.3111111111111111
48a188ef0f203048.jpg,PruneSID,336,336,1,71,630.0,15311.0,13916,2025,0.04114688785840245,0.3111111111111111
48a275fbc175cc10.jpg,DRIP,336,336,1,73,6766.0,68521.0,14308,60979,0.09874345091285883,0.11095623083356565
48a275fbc175cc10.jpg,Fixed,336,336,1,72,8345.0,66746.0,14112,60979,0.12502621879962844,0.1368503911182538
48a275fbc175cc10.jpg,PruneSID,336,336,1,71,6230.0,68665.0,13916,60979,0.09073035753294983,0.10216631955263288
48d130043bbf9df7.jpg,DRIP,336,336,9,72,5891.0,24912.0,14112,16691,0.2364723827874117,0.3529447007369241
48d130043bbf9df7.jpg,Fixed,336,336,9,72,2168.0,28635.0,14112,16691,0.07571154181945172,0.12989036007429153
48d130043bbf9df7.jpg,PruneSID,336,336,9,71,3983.0,26624.0,13916,16691,0.14960186298076922,0.23863159786711402
48d92481756020a8.jpg,DRIP,336,336,1,72,196.0,14931.0,14112,1015,0.013127051101734646,0.19310344827586207
48d92481756020a8.jpg,Fixed,336,336,1,72,406.0,14721.0,14112,1015,0.02757964812173086,0.4
48d92481756020a8.jpg,PruneSID,336,336,1,71,392.0,14539.0,13916,1015,0.026961964371689937,0.38620689655172413
48f54514302d1298.jpg,DRIP,336,336,9,72,1295.0,16534.0,14112,3717,0.07832345469940728,0.3483992467043315
48f54514302d1298.jpg,Fixed,336,336,9,72,125.0,17704.0,14112,3717,0.007060551287844555,0.03362927091740651
48f54514302d1298.jpg,PruneSID,336,336,9,71,1605.0,16028.0,13916,3717,0.10013725979535812,0.4317998385794996
49151d1d8e87fc7e.jpg,DRIP,336,336,4,72,1800.0,18149.0,14112,5837,0.09917901812772054,0.3083775912283707
49151d1d8e87fc7e.jpg,Fixed,336,336,4,72,764.0,19185.0,14112,5837,0.0398227782121449,0.1308891553880418
49151d1d8e87fc7e.jpg,PruneSID,336,336,4,71,1688.0,18065.0,13916,5837,0.09344035427622474,0.28918965221860543
493f5e5e22c7b221.jpg,DRIP,336,336,2,72,447.0,15099.0,14112,1434,0.029604609576793166,0.3117154811715481
493f5e5e22c7b221.jpg,Fixed,336,336,2,72,327.0,15219.0,14112,1434,0.0214863000197122,0.2280334728033473
493f5e5e22c7b221.jpg,PruneSID,336,336,2,71,1022.0,14328.0,13916,1434,0.0713288665549972,0.7126917712691772
4942bce39017422e.jpg,DRIP,336,336,8,73,1712.0,26566.0,14308,13970,0.06444327335692238,0.12254831782390838
4942bce39017422e.jpg,Fixed,336,336,8,72,2052.0,26030.0,14112,13970,0.07883211678832117,0.14688618468146028
4942bce39017422e.jpg,PruneSID,336,336,8,71,2408.0,25478.0,13916,13970,0.09451291310149933,0.17236936292054403
494f750973f9863e.jpg,DRIP,336,336,2,72,4553.0,23509.0,14112,13950,0.19367050916670212,0.3263799283154122
494f750973f9863e.jpg,Fixed,336,336,2,72,1358.0,26704.0,14112,13950,0.05085380467345716,0.09734767025089605
494f750973f9863e.jpg,PruneSID,336,336,2,71,3602.0,24264.0,13916,13950,0.14845037916254533,0.2582078853046595
495144fb662cfcce.jpg,DRIP,336,336,1,72,586.0,14681.0,14112,1155,0.03991553708875417,0.5073593073593073
495144fb662cfcce.jpg,Fixed,336,336,1,72,297.0,14970.0,14112,1155,0.019839679358717433,0.2571428571428571
495144fb662cfcce.jpg,PruneSID,336,336,1,71,506.0,14565.0,13916,1155,0.03474081702711981,0.4380952380952381
4952cc3277229b18.jpg,DRIP,336,336,3,72,1044.0,14623.0,14112,1555,0.07139437871845722,0.6713826366559486
4952cc3277229b18.jpg,Fixed,336,336,3,72,224.0,15443.0,14112,1555,0.01450495370070582,0.1440514469453376
4952cc3277229b18.jpg,PruneSID,336,336,3,71,1188.0,14283.0,13916,1555,0.0831758034026465,0.7639871382636656
4979ef8ffddf3f51.jpg,DRIP,336,336,3,73,2036.0,16722.0,14308,4450,0.12175577084080852,0.45752808988764043
4979ef8ffddf3f51.jpg,Fixed,336,336,3,72,782.0,17780.0,14112,4450,0.043982002249718787,0.17573033707865168
4979ef8ffddf3f51.jpg,PruneSID,336,336,3,71,1448.0,16918.0,13916,4450,0.08558931315758364,0.3253932584269663
498eca1988468f48.jpg,DRIP,336,336,0,72,,,14112,0,,
498eca1988468f48.jpg,Fixed,336,336,0,72,,,14112,0,,
498eca1988468f48.jpg,PruneSID,336,336,0,71,,,13916,0,,
49b58f93e7cf4732.jpg,DRIP,336,336,0,72,,,14112,0,,
49b58f93e7cf4732.jpg,Fixed,336,336,0,72,,,14112,0,,
49b58f93e7cf4732.jpg,PruneSID,336,336,0,71,,,13916,0,,
49c457e66152a436.jpg,DRIP,336,336,2,72,2106.0,28002.0,14112,15996,0.07520891364902507,0.13165791447861966
49c457e66152a436.jpg,Fixed,336,336,2,72,2408.0,27700.0,14112,15996,0.08693140794223826,0.15053763440860216
49c457e66152a436.jpg,PruneSID,336,336,2,71,1538.0,28374.0,13916,15996,0.054204553464439274,0.09614903725931483
49ebea42a47c3e55.jpg,DRIP,336,336,0,72,,,14112,0,,
49ebea42a47c3e55.jpg,Fixed,336,336,0,72,,,14112,0,,
49ebea42a47c3e55.jpg,PruneSID,336,336,0,71,,,13916,0,,
4a364228be97bf0f.jpg,DRIP,336,336,0,73,,,14308,0,,
4a364228be97bf0f.jpg,Fixed,336,336,0,72,,,14112,0,,
4a364228be97bf0f.jpg,PruneSID,336,336,0,71,,,13916,0,,
4a5afd27badc51c8.jpg,DRIP,336,336,0,73,,,14308,0,,
4a5afd27badc51c8.jpg,Fixed,336,336,0,72,,,14112,0,,
4a5afd27badc51c8.jpg,PruneSID,336,336,0,71,,,13916,0,,
4a7efa965795668e.jpg,DRIP,336,336,1,72,3472.0,31469.0,14112,20829,0.1103308017413963,0.16669067165970522
4a7efa965795668e.jpg,Fixed,336,336,1,72,3024.0,31917.0,14112,20829,0.09474574678071247,0.1451821978971626
4a7efa965795668e.jpg,PruneSID,336,336,1,71,2814.0,31931.0,13916,20829,0.08812752497572891,0.13510010082097076
4a9325c476ce43d8.jpg,DRIP,336,336,2,72,1850.0,17717.0,14112,5455,0.10441948411130553,0.3391384051329056
4a9325c476ce43d8.jpg,Fixed,336,336,2,72,458.0,19109.0,14112,5455,0.02396776388089382,0.08395967002749771
4a9325c476ce43d8.jpg,PruneSID,336,336,2,71,1354.0,18017.0,13916,5455,0.07515124604540156,0.24821264894592118
4aa4be2c52209240.jpg,DRIP,336,336,2,72,791.0,14404.0,14112,1083,0.054915301305193,0.7303785780240074
4aa4be2c52209240.jpg,Fixed,336,336,2,72,0.0,15195.0,14112,1083,0.0,0.0
4aa4be2c52209240.jpg,PruneSID,336,336,2,71,888.0,14111.0,13916,1083,0.06292962936716037,0.8199445983379502
4aa4e04d5a59ca99.jpg,DRIP,336,336,2,72,,,14112,0,,
4aa4e04d5a59ca99.jpg,Fixed,336,336,2,72,,,14112,0,,
4aa4e04d5a59ca99.jpg,PruneSID,336,336,2,71,,,13916,0,,
4ab35c806e6cdf9e.jpg,DRIP,336,336,5,73,2992.0,17690.0,14308,6374,0.1691351045788581,0.4694069657985566
4ab35c806e6cdf9e.jpg,Fixed,336,336,5,72,906.0,19580.0,14112,6374,0.04627170582226762,0.14213994352055223
4ab35c806e6cdf9e.jpg,PruneSID,336,336,5,71,1699.0,18591.0,13916,6374,0.09138830616965198,0.26655161593975524
4ac8c61529ae4e44.jpg,DRIP,336,336,0,72,,,14112,0,,
4ac8c61529ae4e44.jpg,Fixed,336,336,0,72,,,14112,0,,
4ac8c61529ae4e44.jpg,PruneSID,336,336,0,71,,,13916,0,,
4b561f428b557af3.jpg,DRIP,336,336,0,72,,,14112,0,,
4b561f428b557af3.jpg,Fixed,336,336,0,72,,,14112,0,,
4b561f428b557af3.jpg,PruneSID,336,336,0,71,,,13916,0,,
4b823e7f6f0aa955.jpg,DRIP,336,336,0,73,,,14308,0,,
4b823e7f6f0aa955.jpg,Fixed,336,336,0,72,,,14112,0,,
4b823e7f6f0aa955.jpg,PruneSID,336,336,0,71,,,13916,0,,
4b93fd7b25d278a6.jpg,DRIP,336,336,1,72,200.0,14143.0,14112,231,0.014141271300289896,0.8658008658008658
4b93fd7b25d278a6.jpg,Fixed,336,336,1,72,0.0,14343.0,14112,231,0.0,0.0
4b93fd7b25d278a6.jpg,PruneSID,336,336,1,71,140.0,14007.0,13916,231,0.009995002498750625,0.6060606060606061
4bd90299af40d46d.jpg,DRIP,336,336,0,72,,,14112,0,,
4bd90299af40d46d.jpg,Fixed,336,336,0,72,,,14112,0,,
4bd90299af40d46d.jpg,PruneSID,336,336,0,71,,,13916,0,,
4bfefb4c80d5de78.jpg,DRIP,336,336,0,72,,,14112,0,,
4bfefb4c80d5de78.jpg,Fixed,336,336,0,72,,,14112,0,,
4bfefb4c80d5de78.jpg,PruneSID,336,336,0,71,,,13916,0,,
4c194e13cb1a73a1.jpg,DRIP,336,336,2,73,4266.0,50529.0,14308,40487,0.0844267648281185,0.1053671548892237
4c194e13cb1a73a1.jpg,Fixed,336,336,2,72,4460.0,50139.0,14112,40487,0.08895271146213526,0.11015881641020575
4c194e13cb1a73a1.jpg,PruneSID,336,336,2,71,5704.0,48699.0,13916,40487,0.11712766175896835,0.14088472843134833
4c220f64ae574947.jpg,DRIP,336,336,28,72,6750.0,51937.0,14112,44575,0.12996515008568074,0.1514301738642737
4c220f64ae574947.jpg,Fixed,336,336,28,72,6180.0,52507.0,14112,44575,0.1176985925686099,0.13864273696017948
4c220f64ae574947.jpg,PruneSID,336,336,28,71,8364.0,50127.0,13916,44575,0.16685618528936502,0.1876388109927089
4c32ad66341cde78.jpg,DRIP,336,336,15,72,5943.0,37725.0,14112,29556,0.1575347912524851,0.20107592367032076
4c32ad66341cde78.jpg,Fixed,336,336,15,72,4053.0,39615.0,14112,29556,0.10230973116243847,0.1371295168493707
4c32ad66341cde78.jpg,PruneSID,336,336,15,71,4852.0,38620.0,13916,29556,0.1256343863283273,0.16416294491812153
4c5fa952d1391d3b.jpg,DRIP,336,336,0,73,,,14308,0,,
4c5fa952d1391d3b.jpg,Fixed,336,336,0,72,,,14112,0,,
4c5fa952d1391d3b.jpg,PruneSID,336,336,0,71,,,13916,0,,
4c79aab76aba13b6.jpg,DRIP,336,336,5,73,642.0,16021.0,14308,2355,0.04007240496847887,0.27261146496815286
4c79aab76aba13b6.jpg,Fixed,336,336,5,72,240.0,16227.0,14112,2355,0.014790164540580514,0.10191082802547771
4c79aab76aba13b6.jpg,PruneSID,336,336,5,71,514.0,15757.0,13916,2355,0.03262042266928984,0.21825902335456476
4c8acf546094dd66.jpg,DRIP,336,336,8,72,4518.0,30799.0,14112,21205,0.14669307445046917,0.21306295684979956
4c8acf546094dd66.jpg,Fixed,336,336,8,72,1970.0,33347.0,14112,21205,0.05907577893063844,0.09290261730723885
4c8acf546094dd66.jpg,PruneSID,336,336,8,71,4328.0,30793.0,13916,21205,0.14055142402494072,0.2041028059419948
4ca9d2d3d49c9e95.jpg,DRIP,336,336,3,73,531.0,16774.0,14308,2997,0.031656134493859546,0.17717717717717718
4ca9d2d3d49c9e95.jpg,Fixed,336,336,3,72,406.0,16703.0,14112,2997,0.02430701071663773,0.1354688021354688
4ca9d2d3d49c9e95.jpg,PruneSID,336,336,3,71,883.0,16030.0,13916,2997,0.055084217092950714,0.294627961294628
4ccbcbf33650b75a.jpg,DRIP,336,336,15,73,3156.0,19929.0,14308,8777,0.15836218575944602,0.3595761649766435
4ccbcbf33650b75a.jpg,Fixed,336,336,15,72,986.0,21903.0,14112,8777,0.045016664383874354,0.1123390680186852
4ccbcbf33650b75a.jpg,PruneSID,336,336,15,71,3512.0,19181.0,13916,8777,0.18309785725457484,0.4001367209752763
4ccd08fb3139e36a.jpg,DRIP,336,336,1,72,547.0,14423.0,14112,858,0.037925535602856546,0.6375291375291375
4ccd08fb3139e36a.jpg,Fixed,336,336,1,72,9.0,14961.0,14112,858,0.00060156406657309,0.01048951048951049
4ccd08fb3139e36a.jpg,PruneSID,336,336,1,71,532.0,14242.0,13916,858,0.037354304170762534,0.62004662004662
4ce1f2ee42b89068.jpg,DRIP,336,336,0,73,,,14308,0,,
4ce1f2ee42b89068.jpg,Fixed,336,336,0,72,,,14112,0,,
4ce1f2ee42b89068.jpg,PruneSID,336,336,0,71,,,13916,0,,
4d03544a1d32e383.jpg,DRIP,336,336,1,72,1092.0,16709.0,14112,3689,0.06535400083787181,0.29601518026565465
4d03544a1d32e383.jpg,Fixed,336,336,1,72,0.0,17801.0,14112,3689,0.0,0.0
4d03544a1d32e383.jpg,PruneSID,336,336,1,71,574.0,17031.0,13916,3689,0.03370324702013974,0.1555977229601518
4d12c26483ddad12.jpg,DRIP,336,336,7,73,4468.0,24345.0,14308,14505,0.18352844526596837,0.308031713202344
4d12c26483ddad12.jpg,Fixed,336,336,7,72,1832.0,26785.0,14112,14505,0.06839649057308195,0.12630127542226818
4d12c26483ddad12.jpg,PruneSID,336,336,7,71,4075.0,24346.0,13916,14505,0.16737862482543334,0.28093760772147536
4d2352f7ba658261.jpg,DRIP,336,336,6,72,4589.0,22675.0,14112,13152,0.20238147739801543,0.34892031630170317
4d2352f7ba658261.jpg,Fixed,336,336,6,72,1301.0,25963.0,14112,13152,0.05010977159804337,0.09892031630170316
4d2352f7ba658261.jpg,PruneSID,336,336,6,71,4641.0,22427.0,13916,13152,0.2069380657243501,0.3528740875912409
4d40f793028bd63b.jpg,DRIP,336,336,11,72,4260.0,27889.0,14112,18037,0.15274839542471944,0.2361811831235793
4d40f793028bd63b.jpg,Fixed,336,336,11,72,2105.0,30044.0,14112,18037,0.07006390627080282,0.1167045517547264
4d40f793028bd63b.jpg,PruneSID,336,336,11,71,4940.0,27013.0,13916,18037,0.1828749120793692,0.27388146587569995
4d7332015a3fd640.jpg,DRIP,336,336,0,72,,,14112,0,,
4d7332015a3fd640.jpg,Fixed,336,336,0,72,,,14112,0,,
4d7332015a3fd640.jpg,PruneSID,336,336,0,71,,,13916,0,,
4d7520d287589423.jpg,DRIP,336,336,1,72,735.0,14196.0,14112,819,0.051775147928994084,0.8974358974358975
4d7520d287589423.jpg,Fixed,336,336,1,72,0.0,14931.0,14112,819,0.0,0.0
4d7520d287589423.jpg,PruneSID,336,336,1,71,696.0,14039.0,13916,819,0.0495761806396467,0.8498168498168498
4d7b6796808516ea.jpg,DRIP,336,336,4,73,1294.0,19116.0,14308,6102,0.06769198577108182,0.21206161914126515
4d7b6796808516ea.jpg,Fixed,336,336,4,72,505.0,19709.0,14112,6102,0.025622811913339084,0.08275975090134383
4d7b6796808516ea.jpg,PruneSID,336,336,4,71,2270.0,17748.0,13916,6102,0.1279017354068064,0.3720091773189118
4d8b319c630866f8.jpg,DRIP,336,336,0,73,,,14308,0,,
4d8b319c630866f8.jpg,Fixed,336,336,0,72,,,14112,0,,
4d8b319c630866f8.jpg,PruneSID,336,336,0,71,,,13916,0,,
4d954d933e606b70.jpg,DRIP,336,336,1,73,1144.0,14836.0,14308,1672,0.07710973308169318,0.6842105263157895
4d954d933e606b70.jpg,Fixed,336,336,1,72,308.0,15476.0,14112,1672,0.019901783406565003,0.18421052631578946
4d954d933e606b70.jpg,PruneSID,336,336,1,71,896.0,14692.0,13916,1672,0.06098557037843724,0.5358851674641149
4da4dc32d2c94596.jpg,DRIP,336,336,3,73,2094.0,15412.0,14308,3198,0.1358681546846613,0.6547842401500938
4da4dc32d2c94596.jpg,Fixed,336,336,3,72,952.0,16358.0,14112,3198,0.05819782369482822,0.29768605378361473
4da4dc32d2c94596.jpg,PruneSID,336,336,3,71,908.0,16206.0,13916,3198,0.05602863137109713,0.28392745465916197
4dad8986ad5a3327.jpg,DRIP,336,336,5,72,1425.0,18491.0,14112,5804,0.07706451787356011,0.24552033080634045
4dad8986ad5a3327.jpg,Fixed,336,336,5,72,833.0,19083.0,14112,5804,0.04365141749200859,0.14352170916609236
4dad8986ad5a3327.jpg,PruneSID,336,336,5,71,1720.0,18000.0,13916,5804,0.09555555555555556,0.2963473466574776
4dc59c7e57fa8968.jpg,DRIP,336,336,3,72,838.0,16326.0,14112,3052,0.051329168197966436,0.2745740498034076
4dc59c7e57fa8968.jpg,Fixed,336,336,3,72,728.0,16436.0,14112,3052,0.044293015332197615,0.23853211009174313
4dc59c7e57fa8968.jpg,PruneSID,336,336,3,71,448.0,16520.0,13916,3052,0.02711864406779661,0.14678899082568808
4dfdd0b1830888b5.jpg,DRIP,336,336,1,72,8526.0,34006.0,14112,28420,0.2507204610951009,0.3
4dfdd0b1830888b5.jpg,Fixed,336,336,1,72,3248.0,39284.0,14112,28420,0.08267997148966501,0.11428571428571428
4dfdd0b1830888b5.jpg,PruneSID,336,336,1,71,4970.0,37366.0,13916,28420,0.13300861745972276,0.1748768472906404
4e007d35d0ad9fdb.jpg,DRIP,336,336,16,72,3253.0,24126.0,14112,13267,0.1348337892729835,0.24519484435064445
4e007d35d0ad9fdb.jpg,Fixed,336,336,16,72,1130.0,26249.0,14112,13267,0.04304925901939122,0.08517373935328258
4e007d35d0ad9fdb.jpg,PruneSID,336,336,16,71,4517.0,22666.0,13916,13267,0.19928527309626753,0.3404688324413959
4e1db83ffbdc5adf.jpg,DRIP,336,336,4,73,5803.0,22296.0,14308,13791,0.2602709006099749,0.4207816692045537
4e1db83ffbdc5adf.jpg,Fixed,336,336,4,72,2023.0,25880.0,14112,13791,0.07816846986089644,0.1466898702052063
4e1db83ffbdc5adf.jpg,PruneSID,336,336,4,71,4298.0,23409.0,13916,13791,0.18360459652270494,0.3116525270103691
4e29aedc51e92ece.jpg,DRIP,336,336,2,73,1624.0,17336.0,14308,4652,0.09367789570835255,0.34909716251074807
4e29aedc51e92ece.jpg,Fixed,336,336,2,72,270.0,18494.0,14112,4652,0.014599329512274252,0.058039552880481515
4e29aedc51e92ece.jpg,PruneSID,336,336,2,71,1155.0,17413.0,13916,4652,0.06632975363234365,0.24828030954428204
4e7511e5a8a0450a.jpg,DRIP,336,336,5,72,3918.0,22212.0,14112,12018,0.1763911399243652,0.3260109835247129
4e7511e5a8a0450a.jpg,Fixed,336,336,5,72,1846.0,24284.0,14112,12018,0.07601713062098502,0.15360292893992344
4e7511e5a8a0450a.jpg,PruneSID,336,336,5,71,4178.0,21756.0,13916,12018,0.19203897775326348,0.34764519886836415
4e777bab829117de.jpg,DRIP,336,336,1,73,982.0,15212.0,14308,1886,0.06455429923744413,0.5206786850477201
4e777bab829117de.jpg,Fixed,336,336,1,72,322.0,15676.0,14112,1886,0.02054095432508293,0.17073170731707318
4e777bab829117de.jpg,PruneSID,336,336,1,71,1008.0,14794.0,13916,1886,0.0681357307016358,0.5344644750795334
4e8b6086bac76392.jpg,DRIP,336,336,6,73,8353.0,49417.0,14308,43462,0.16903090029746848,0.19219087938889146
4e8b6086bac76392.jpg,Fixed,336,336,6,72,5660.0,51914.0,14112,43462,0.10902646684901954,0.1302287055358704
4e8b6086bac76392.jpg,PruneSID,336,336,6,71,5229.0,52149.0,13916,43462,0.10027037910602313,0.12031199668676085
4e91b1f5869a3a7e.jpg,DRIP,336,336,8,72,6081.0,30237.0,14112,22206,0.20111122135132453,0.27384490678195084
4e91b1f5869a3a7e.jpg,Fixed,336,336,8,72,3418.0,32900.0,14112,22206,0.10389057750759878,0.1539223633252274
4e91b1f5869a3a7e.jpg,PruneSID,336,336,8,71,3736.0,32386.0,13916,22206,0.11535848823565738,0.16824281725659732
4ea05d026226df45.jpg,DRIP,336,336,2,72,1162.0,16407.0,14112,3457,0.07082342902419698,0.3361295921319063
4ea05d026226df45.jpg,Fixed,336,336,2,72,280.0,17289.0,14112,3457,0.01619526866793915,0.0809950824414232
4ea05d026226df45.jpg,PruneSID,336,336,2,71,1036.0,16337.0,13916,3457,0.06341433555732387,0.29968180503326586
4eb8430da76cd5ea.jpg,DRIP,336,336,10,72,4396.0,30258.0,14112,20542,0.14528389186330887,0.21400058416901957
4eb8430da76cd5ea.jpg,Fixed,336,336,10,72,1532.0,33122.0,14112,20542,0.04625324557695791,0.07457891149839353
4eb8430da76cd5ea.jpg,PruneSID,336,336,10,71,4333.0,30125.0,13916,20542,0.14383402489626557,0.21093369681627885
4ef3e8417c57c8a2.jpg,DRIP,336,336,53,72,5072.0,38350.0,14112,29310,0.1322555410691004,0.17304674172637324
4ef3e8417c57c8a2.jpg,Fixed,336,336,53,72,3221.0,40201.0,14112,29310,0.08012238501529813,0.10989423404981236
4ef3e8417c57c8a2.jpg,PruneSID,336,336,53,71,6610.0,36616.0,13916,29310,0.1805221760978807,0.22552030023882633
4f0e46cf9f9872a6.jpg,DRIP,336,336,2,72,381.0,14693.0,14112,962,0.02593071530660859,0.39604989604989604
4f0e46cf9f9872a6.jpg,Fixed,336,336,2,72,33.0,15041.0,14112,962,0.0021940030583072934,0.034303534303534305
4f0e46cf9f9872a6.jpg,PruneSID,336,336,2,71,284.0,14594.0,13916,962,0.019460052076195698,0.29521829521829523
4f498eb782919a45.jpg,DRIP,336,336,4,72,1001.0,14227.0,14112,1116,0.07035917621424052,0.8969534050179212
4f498eb782919a45.jpg,Fixed,336,336,4,72,336.0,14892.0,14112,1116,0.022562449637389202,0.3010752688172043
4f498eb782919a45.jpg,PruneSID,336,336,4,71,549.0,14483.0,13916,1116,0.03790651108195816,0.49193548387096775
4f567afa3ea9f026.jpg,DRIP,336,336,12,73,1849.0,28998.0,14308,16539,0.06376301813918202,0.11179636011850777
4f567afa3ea9f026.jpg,Fixed,336,336,12,72,2743.0,27908.0,14112,16539,0.09828722946825283,0.16585041417256183
4f567afa3ea9f026.jpg,PruneSID,336,336,12,71,2955.0,27500.0,13916,16539,0.10745454545454546,0.17866860148739344
4f69467e7c1046f2.jpg,DRIP,336,336,1,73,196.0,14787.0,14308,675,0.013254886048556165,0.2903703703703704
4f69467e7c1046f2.jpg,Fixed,336,336,1,72,0.0,14787.0,14112,675,0.0,0.0
4f69467e7c1046f2.jpg,PruneSID,336,336,1,71,339.0,14252.0,13916,675,0.02378613527925905,0.5022222222222222
4f71899b6c2914a4.jpg,DRIP,336,336,4,72,1077.0,15913.0,14112,2878,0.06768051278828631,0.3742182070882557
4f71899b6c2914a4.jpg,Fixed,336,336,4,72,392.0,16598.0,14112,2878,0.023617303289552957,0.13620569840166782
4f71899b6c2914a4.jpg,PruneSID,336,336,4,71,1604.0,15190.0,13916,2878,0.10559578670177748,0.5573314801945796
4f7c90bc58703be5.jpg,DRIP,336,336,5,73,5254.0,19626.0,14308,10572,0.26770610414755935,0.4969731365872115
4f7c90bc58703be5.jpg,Fixed,336,336,5,72,1390.0,23294.0,14112,10572,0.05967201854554821,0.13147937949300037
4f7c90bc58703be5.jpg,PruneSID,336,336,5,71,3144.0,21344.0,13916,10572,0.14730134932533734,0.2973893303064699
4fab1e1f60726a68.jpg,DRIP,336,336,2,72,1682.0,16550.0,14112,4120,0.10163141993957704,0.408252427184466
4fab1e1f60726a68.jpg,Fixed,336,336,2,72,588.0,17644.0,14112,4120,0.033325776467921106,0.14271844660194175
4fab1e1f60726a68.jpg,PruneSID,336,336,2,71,965.0,17071.0,13916,4120,0.056528615781149316,0.2342233009708738
4fbe63394c2f7c0e.jpg,DRIP,336,336,15,73,7398.0,40723.0,14308,33813,0.18166638017827763,0.21879158903380358
4fbe63394c2f7c0e.jpg,Fixed,336,336,15,72,4985.0,42940.0,14112,33813,0.11609222170470423,0.14742850382988792
4fbe63394c2f7c0e.jpg,PruneSID,336,336,15,71,7688.0,40041.0,13916,33813,0.19200319672335855,0.2273681720048502
4fc752146d5f5b3a.jpg,DRIP,336,336,1,72,6748.0,41996.0,14112,34632,0.16068196971140108,0.19484869484869485
4fc752146d5f5b3a.jpg,Fixed,336,336,1,72,4368.0,44376.0,14112,34632,0.09843158464034614,0.12612612612612611
4fc752146d5f5b3a.jpg,PruneSID,336,336,1,71,4312.0,44236.0,13916,34632,0.09747716791753323,0.1245091245091245
4fc99ae1814387e3.jpg,DRIP,336,336,0,73,,,14308,0,,
4fc99ae1814387e3.jpg,Fixed,336,336,0,72,,,14112,0,,
4fc99ae1814387e3.jpg,PruneSID,336,336,0,71,,,13916,0,,
4fec049ce9dde806.jpg,DRIP,336,336,31,73,5405.0,61378.0,14308,52475,0.08806086871517482,0.10300142925202477
4fec049ce9dde806.jpg,Fixed,336,336,31,72,6908.0,59679.0,14112,52475,0.11575260979574055,0.13164363982848976
4fec049ce9dde806.jpg,PruneSID,336,336,31,71,9352.0,57039.0,13916,52475,0.16395799365346517,0.1782181991424488
4ffbb21f379cccbe.jpg,DRIP,336,336,1,72,545.0,14332.0,14112,765,0.03802679319006419,0.7124183006535948
4ffbb21f379cccbe.jpg,Fixed,336,336,1,72,105.0,14772.0,14112,765,0.00710804224207961,0.13725490196078433
4ffbb21f379cccbe.jpg,PruneSID,336,336,1,71,300.0,14381.0,13916,765,0.020860858076628887,0.39215686274509803
50097e65657c7429.jpg,DRIP,336,336,1,72,4676.0,30204.0,14112,20768,0.15481393192954576,0.22515408320493066
50097e65657c7429.jpg,Fixed,336,336,1,72,2058.0,32822.0,14112,20768,0.0627018463225885,0.09909476117103236
50097e65657c7429.jpg,PruneSID,336,336,1,71,4900.0,29784.0,13916,20768,0.16451786193929627,0.23593990755007704
5012eaa4e8ea267a.jpg,DRIP,336,336,4,73,2799.0,20343.0,14308,8834,0.13759032591063264,0.3168440117726964
5012eaa4e8ea267a.jpg,Fixed,336,336,4,72,1051.0,21895.0,14112,8834,0.048001826901118975,0.11897215304505321
5012eaa4e8ea267a.jpg,PruneSID,336,336,4,71,1254.0,21496.0,13916,8834,0.05833643468552289,0.14195155082635272
502bb3593481e3e1.jpg,DRIP,336,336,3,72,3744.0,23852.0,14112,13484,0.1569679691430488,0.2776624147137348
502bb3593481e3e1.jpg,Fixed,336,336,3,72,1498.0,26098.0,14112,13484,0.05739903440876695,0.11109463067339069
502bb3593481e3e1.jpg,PruneSID,336,336,3,71,2142.0,25258.0,13916,13484,0.08480481431625624,0.15885493918718482
50431dd2e2a3818e.jpg,DRIP,336,336,1,73,1039.0,15744.0,14308,2475,0.06599339430894309,0.4197979797979798
50431dd2e2a3818e.jpg,Fixed,336,336,1,72,350.0,16237.0,14112,2475,0.021555706103344213,0.1414141414141414
50431dd2e2a3818e.jpg,PruneSID,336,336,1,71,858.0,15533.0,13916,2475,0.055237236850576195,0.3466666666666667
5056a8e94ef14729.jpg,DRIP,336,336,5,72,1562.0,16659.0,14112,4109,0.09376313104027853,0.3801411535653444
5056a8e94ef14729.jpg,Fixed,336,336,5,72,596.0,17625.0,14112,4109,0.033815602836879434,0.14504745680214165
5056a8e94ef14729.jpg,PruneSID,336,336,5,71,2085.0,15940.0,13916,4109,0.1308030112923463,0.5074227305913848
5068ddd3e77f1395.jpg,DRIP,336,336,8,73,2308.0,19263.0,14308,7263,0.11981518974199241,0.3177750240947267
5068ddd3e77f1395.jpg,Fixed,336,336,8,72,984.0,20391.0,14112,7263,0.04825658378696484,0.13548120611317638
5068ddd3e77f1395.jpg,PruneSID,336,336,8,71,2684.0,18495.0,13916,7263,0.14512030278453636,0.36954426545504615
5076e3a8d799658d.jpg,DRIP,336,336,1,73,798.0,14453.0,14308,943,0.05521345049470698,0.8462354188759279
5076e3a8d799658d.jpg,Fixed,336,336,1,72,242.0,14813.0,14112,943,0.016337001282657127,0.256627783669141
5076e3a8d799658d.jpg,PruneSID,336,336,1,71,375.0,14484.0,13916,943,0.025890637945318973,0.39766702014846234
50be703594e44150.jpg,DRIP,336,336,0,73,,,14308,0,,
50be703594e44150.jpg,Fixed,336,336,0,72,,,14112,0,,
50be703594e44150.jpg,PruneSID,336,336,0,71,,,13916,0,,
50dfdd602a07fd33.jpg,DRIP,336,336,6,73,6541.0,42128.0,14308,34361,0.15526490695024686,0.19036116527458455
50dfdd602a07fd33.jpg,Fixed,336,336,6,72,4424.0,44049.0,14112,34361,0.100433608027424,0.12875061843368935
50dfdd602a07fd33.jpg,PruneSID,336,336,6,71,5413.0,42864.0,13916,34361,0.12628312803284808,0.15753324990541603
50e913e310c6aee5.jpg,DRIP,336,336,0,73,,,14308,0,,
50e913e310c6aee5.jpg,Fixed,336,336,0,72,,,14112,0,,
50e913e310c6aee5.jpg,PruneSID,336,336,0,71,,,13916,0,,
5111f3b917cfec20.jpg,DRIP,336,336,1,72,1995.0,14504.0,14112,2387,0.13754826254826255,0.8357771260997068
5111f3b917cfec20.jpg,Fixed,336,336,1,72,409.0,16090.0,14112,2387,0.025419515226848974,0.17134478424801006
5111f3b917cfec20.jpg,PruneSID,336,336,1,71,554.0,15749.0,13916,2387,0.03517683662454759,0.2320904901550063
5111f961fd422eb8.jpg,DRIP,336,336,7,73,7064.0,29685.0,14308,22441,0.2379653023412498,0.3147809812396952
5111f961fd422eb8.jpg,Fixed,336,336,7,72,3282.0,33271.0,14112,22441,0.09864446514983018,0.14625016710485272
5111f961fd422eb8.jpg,PruneSID,336,336,7,71,4536.0,31821.0,13916,22441,0.14254737437541246,0.202130029856067
514a12971a3affc5.jpg,DRIP,336,336,0,72,,,14112,0,,
514a12971a3affc5.jpg,Fixed,336,336,0,72,,,14112,0,,
514a12971a3affc5.jpg,PruneSID,336,336,0,71,,,13916,0,,
515bbfe54e9176d6.jpg,DRIP,336,336,2,73,3052.0,17147.0,14308,5891,0.17799031900624016,0.518078424715668
515bbfe54e9176d6.jpg,Fixed,336,336,2,72,826.0,19177.0,14112,5891,0.04307243051572196,0.14021388558818537
515bbfe54e9176d6.jpg,PruneSID,336,336,2,71,1909.0,17898.0,13916,5891,0.10665996200692815,0.32405364114751317
51662f802ef90ed2.jpg,DRIP,336,336,5,72,457.0,17869.0,14112,4214,0.02557501818792322,0.10844803037494068
51662f802ef90ed2.jpg,Fixed,336,336,5,72,524.0,17802.0,14112,4214,0.029434894955622962,0.12434741338395823
51662f802ef90ed2.jpg,PruneSID,336,336,5,71,1519.0,16611.0,13916,4214,0.09144542772861357,0.36046511627906974
516faf5bb4aab258.jpg,DRIP,336,336,5,73,6698.0,17844.0,14308,10234,0.37536426810132256,0.654485049833887
516faf5bb4aab258.jpg,Fixed,336,336,5,72,1579.0,22767.0,14112,10234,0.06935476786577063,0.15428962282587452
516faf5bb4aab258.jpg,PruneSID,336,336,5,71,3314.0,20836.0,13916,10234,0.1590516413899021,0.32382255227672463
51b82971971532c7.jpg,DRIP,336,336,5,72,3379.0,16955.0,14112,6222,0.19929224417575936,0.5430729668916747
51b82971971532c7.jpg,Fixed,336,336,5,72,588.0,19746.0,14112,6222,0.02977818292312367,0.09450337512054002
51b82971971532c7.jpg,PruneSID,336,336,5,71,3260.0,16878.0,13916,6222,0.19315084725678397,0.5239472838315654
51c3c5bbbcf30aff.jpg,DRIP,336,336,3,73,1328.0,16379.0,14308,3399,0.08107943097869223,0.3907031479847014
51c3c5bbbcf30aff.jpg,Fixed,336,336,3,72,684.0,16827.0,14112,3399,0.040648957033339275,0.20123565754633715
51c3c5bbbcf30aff.jpg,PruneSID,336,336,3,71,875.0,16440.0,13916,3399,0.05322384428223844,0.2574286554869079
51e76f2e91fdbe96.jpg,DRIP,336,336,7,73,2355.0,17111.0,14308,5158,0.1376307638361288,0.4565723148507173
51e76f2e91fdbe96.jpg,Fixed,336,336,7,72,646.0,18624.0,14112,5158,0.03468642611683849,0.12524234199302056
51e76f2e91fdbe96.jpg,PruneSID,336,336,7,71,2513.0,16561.0,13916,5158,0.1517420445625264,0.48720434276851493
51ef555f40481c15.jpg,DRIP,336,336,11,72,3332.0,24882.0,14112,14102,0.1339120649465477,0.23627854205077295
51ef555f40481c15.jpg,Fixed,336,336,11,72,1690.0,26524.0,14112,14102,0.06371587995777409,0.11984115728265494
51ef555f40481c15.jpg,PruneSID,336,336,11,71,4616.0,23402.0,13916,14102,0.19724809845312366,0.3273294568146362
521194235d058645.jpg,DRIP,336,336,7,72,3855.0,20714.0,14112,10457,0.18610601525538284,0.3686525772210003
521194235d058645.jpg,Fixed,336,336,7,72,1643.0,22926.0,14112,10457,0.07166535810869755,0.1571196327818686
521194235d058645.jpg,PruneSID,336,336,7,71,4391.0,19982.0,13916,10457,0.21974777299569612,0.4199101080615855
521474e946df99a6.jpg,DRIP,336,336,4,73,656.0,16285.0,14308,2633,0.040282468529321463,0.24914546145081656
521474e946df99a6.jpg,Fixed,336,336,4,72,224.0,16521.0,14112,2633,0.01355850130137401,0.0850740600075959
521474e946df99a6.jpg,PruneSID,336,336,4,71,1124.0,15425.0,13916,2633,0.07286871961102107,0.4268894796809723
5219e8fbb20ebd73.jpg,DRIP,336,336,0,72,,,14112,0,,
5219e8fbb20ebd73.jpg,Fixed,336,336,0,72,,,14112,0,,
5219e8fbb20ebd73.jpg,PruneSID,336,336,0,71,,,13916,0,,
52217fbcf6e3d09d.jpg,DRIP,336,336,2,72,1946.0,18304.0,14112,6138,0.10631555944055944,0.3170413815575106
52217fbcf6e3d09d.jpg,Fixed,336,336,2,72,296.0,19954.0,14112,6138,0.01483411847248672,0.048224177256435324
52217fbcf6e3d09d.jpg,PruneSID,336,336,2,71,1038.0,19016.0,13916,6138,0.05458561211611275,0.16911045943304007
52235ad30ea7e0b9.jpg,DRIP,336,336,1,73,7308.0,31864.0,14308,24864,0.22934973637961337,0.2939189189189189
52235ad30ea7e0b9.jpg,Fixed,336,336,1,72,3108.0,35868.0,14112,24864,0.08665105386416862,0.125
52235ad30ea7e0b9.jpg,PruneSID,336,336,1,71,3164.0,35616.0,13916,24864,0.08883647798742138,0.12725225225225226
52349c90893294f6.jpg,DRIP,336,336,3,72,238.0,15588.0,14112,1714,0.015268154991018733,0.13885647607934656
52349c90893294f6.jpg,Fixed,336,336,3,72,156.0,15670.0,14112,1714,0.009955328653477983,0.09101516919486581
52349c90893294f6.jpg,PruneSID,336,336,3,71,422.0,15208.0,13916,1714,0.027748553392951077,0.24620770128354727
523f4b68dcd52c3b.jpg,DRIP,336,336,15,72,9697.0,50386.0,14112,45971,0.19245425316556186,0.21093733005590481
523f4b68dcd52c3b.jpg,Fixed,336,336,15,72,6276.0,53807.0,14112,45971,0.11663909900198859,0.13652085010115073
523f4b68dcd52c3b.jpg,PruneSID,336,336,15,71,5742.0,54145.0,13916,45971,0.10604857327546403,0.12490483130669335
526e3c0ff78404b5.jpg,DRIP,336,336,0,72,,,14112,0,,
526e3c0ff78404b5.jpg,Fixed,336,336,0,72,,,14112,0,,
526e3c0ff78404b5.jpg,PruneSID,336,336,0,71,,,13916,0,,
5290d675872b4206.jpg,DRIP,336,336,8,73,6107.0,27436.0,14308,19235,0.22259075667006853,0.31749415128671693
5290d675872b4206.jpg,Fixed,336,336,8,72,2314.0,31033.0,14112,19235,0.07456578480971869,0.12030153366259423
5290d675872b4206.jpg,PruneSID,336,336,8,71,3810.0,29341.0,13916,19235,0.12985242493439214,0.1980764231868989
5291f0ad3d98bbf8.jpg,DRIP,336,336,6,73,1626.0,32797.0,14308,20115,0.04957770527792176,0.0808351976137211
5291f0ad3d98bbf8.jpg,Fixed,336,336,6,72,3153.0,31074.0,14112,20115,0.10146746476153698,0.15674869500372857
5291f0ad3d98bbf8.jpg,PruneSID,336,336,6,71,3654.0,30377.0,13916,20115,0.12028837607400336,0.18165548098434003
529abfbfcadac2b0.jpg,DRIP,336,336,1,72,411.0,14594.0,14112,893,0.028162258462381802,0.46024636058230683
529abfbfcadac2b0.jpg,Fixed,336,336,1,72,266.0,14739.0,14112,893,0.018047357351244995,0.2978723404255319
529abfbfcadac2b0.jpg,PruneSID,336,336,1,71,341.0,14468.0,13916,893,0.02356925628974288,0.3818589025755879
529ce78a847e2b14.jpg,DRIP,336,336,8,73,4539.0,23613.0,14308,13844,0.19222462203023757,0.3278676683039584
529ce78a847e2b14.jpg,Fixed,336,336,8,72,1588.0,26368.0,14112,13844,0.0602245145631068,0.11470673215833574
529ce78a847e2b14.jpg,PruneSID,336,336,8,71,1807.0,25953.0,13916,13844,0.0696258621353986,0.1305258595781566
52a816d2db8d86fd.jpg,DRIP,336,336,5,72,9384.0,47870.0,14112,43142,0.1960309170670566,0.21751425525010432
52a816d2db8d86fd.jpg,Fixed,336,336,5,72,5711.0,51543.0,14112,43142,0.11080069068544711,0.13237680218812295
52a816d2db8d86fd.jpg,PruneSID,336,336,5,71,6500.0,50558.0,13916,43142,0.1285652122314965,0.15066524500486764
52b557c0cff76f70.jpg,DRIP,336,336,1,72,766.0,14999.0,14112,1653,0.051070071338089204,0.4633998790078645
52b557c0cff76f70.jpg,Fixed,336,336,1,72,406.0,15359.0,14112,1653,0.026434012631030665,0.24561403508771928
52b557c0cff76f70.jpg,PruneSID,336,336,1,71,780.0,14789.0,13916,1653,0.052741902765569004,0.47186932849364793
52c821c2fef04a00.jpg,DRIP,336,336,0,73,,,14308,0,,
52c821c2fef04a00.jpg,Fixed,336,336,0,72,,,14112,0,,
52c821c2fef04a00.jpg,PruneSID,336,336,0,71,,,13916,0,,
52c8f56ad2ec6168.jpg,DRIP,336,336,0,72,,,14112,0,,
52c8f56ad2ec6168.jpg,Fixed,336,336,0,72,,,14112,0,,
52c8f56ad2ec6168.jpg,PruneSID,336,336,0,71,,,13916,0,,
52cf145eb46fe41e.jpg,DRIP,336,336,4,72,4068.0,18972.0,14112,8928,0.2144212523719165,0.45564516129032256
52cf145eb46fe41e.jpg,Fixed,336,336,4,72,1854.0,21186.0,14112,8928,0.0875106202209006,0.20766129032258066
52cf145eb46fe41e.jpg,PruneSID,336,336,4,71,2095.0,20749.0,13916,8928,0.10096872138416309,0.23465501792114696
52dd8d57edf1cafb.jpg,DRIP,336,336,1,73,474.0,14653.0,14308,819,0.03234832457517232,0.5787545787545788
52dd8d57edf1cafb.jpg,Fixed,336,336,1,72,170.0,14761.0,14112,819,0.011516834902784365,0.20757020757020758
52dd8d57edf1cafb.jpg,PruneSID,336,336,1,71,460.0,14275.0,13916,819,0.03222416812609457,0.5616605616605617
52e397095216d3ff.jpg,DRIP,336,336,3,73,2441.0,16970.0,14308,5103,0.14384207424867412,0.47834607093866355
52e397095216d3ff.jpg,Fixed,336,336,3,72,644.0,18571.0,14112,5103,0.034677723332076894,0.1262002743484225
52e397095216d3ff.jpg,PruneSID,336,336,3,71,931.0,18088.0,13916,5103,0.051470588235294115,0.18244170096021947
5326cdd558fd394e.jpg,DRIP,336,336,2,73,884.0,14963.0,14308,1539,0.059079061685490875,0.5743989603638726
5326cdd558fd394e.jpg,Fixed,336,336,2,72,149.0,15502.0,14112,1539,0.009611663011224358,0.096816114359974
5326cdd558fd394e.jpg,PruneSID,336,336,2,71,540.0,14915.0,13916,1539,0.036205162587998656,0.3508771929824561
532cb0a2a48ca6f1.jpg,DRIP,336,336,5,72,1428.0,15777.0,14112,3093,0.09051150408822971,0.46168768186226966
532cb0a2a48ca6f1.jpg,Fixed,336,336,5,72,317.0,16888.0,14112,3093,0.018770724774988156,0.10248949240219851
532cb0a2a48ca6f1.jpg,PruneSID,336,336,5,71,1345.0,15664.0,13916,3093,0.08586567926455567,0.43485289363077917
534b1900dba97f76.jpg,DRIP,336,336,1,72,242.0,14421.0,14112,551,0.016781083142639208,0.43920145190562615
534b1900dba97f76.jpg,Fixed,336,336,1,72,0.0,14663.0,14112,551,0.0,0.0
534b1900dba97f76.jpg,PruneSID,336,336,1,71,274.0,14193.0,13916,551,0.019305291340801802,0.49727767695099817
536b15d8cd689cca.jpg,DRIP,336,336,34,72,4604.0,31535.0,14112,22027,0.14599651181227208,0.20901620738184956
536b15d8cd689cca.jpg,Fixed,336,336,34,72,2936.0,33203.0,14112,22027,0.08842574466162696,0.1332909610932038
536b15d8cd689cca.jpg,PruneSID,336,336,34,71,5870.0,30073.0,13916,22027,0.19519170019618928,0.26649112452898716
53714027909d39a7.jpg,DRIP,336,336,0,73,,,14308,0,,
53714027909d39a7.jpg,Fixed,336,336,0,72,,,14112,0,,
53714027909d39a7.jpg,PruneSID,336,336,0,71,,,13916,0,,
53769eb8d5efce1d.jpg,DRIP,336,336,5,73,2703.0,19110.0,14308,7505,0.1414442700156986,0.3601598934043971
53769eb8d5efce1d.jpg,Fixed,336,336,5,72,770.0,20847.0,14112,7505,0.03693577013479157,0.10259826782145237
53769eb8d5efce1d.jpg,PruneSID,336,336,5,71,2559.0,18862.0,13916,7505,0.1356696002544799,0.3409726848767488
537c6511b3d8e599.jpg,DRIP,336,336,4,72,1874.0,19998.0,14112,7760,0.09370937093709371,0.24149484536082474
537c6511b3d8e599.jpg,Fixed,336,336,4,72,0.0,21872.0,14112,7760,0.0,0.0
537c6511b3d8e599.jpg,PruneSID,336,336,4,71,1848.0,19828.0,13916,7760,0.0932015331853944,0.2381443298969072
538d05fa4c945e9a.jpg,DRIP,336,336,0,72,,,14112,0,,
538d05fa4c945e9a.jpg,Fixed,336,336,0,72,,,14112,0,,
538d05fa4c945e9a.jpg,PruneSID,336,336,0,71,,,13916,0,,
539696316f411b7f.jpg,DRIP,336,336,7,72,6822.0,44759.0,14112,37469,0.15241627382202463,0.18207051162294163
539696316f411b7f.jpg,Fixed,336,336,7,72,5096.0,46485.0,14112,37469,0.10962676132085619,0.13600576476553952
539696316f411b7f.jpg,PruneSID,336,336,7,71,5208.0,46177.0,13916,37469,0.11278342031747407,0.13899490245269422
53abc3545e4b9b22.jpg,DRIP,336,336,0,72,,,14112,0,,
53abc3545e4b9b22.jpg,Fixed,336,336,0,72,,,14112,0,,
53abc3545e4b9b22.jpg,PruneSID,336,336,0,71,,,13916,0,,
53add07659444382.jpg,DRIP,336,336,4,72,1019.0,16507.0,14112,3414,0.0617313866844369,0.29847685998828355
53add07659444382.jpg,Fixed,336,336,4,72,574.0,16952.0,14112,3414,0.03386031146767343,0.1681312243702402
53add07659444382.jpg,PruneSID,336,336,4,71,1770.0,15560.0,13916,3414,0.11375321336760925,0.5184534270650264
53cc9715839927e0.jpg,DRIP,336,336,1,72,,,14112,0,,
53cc9715839927e0.jpg,Fixed,336,336,1,72,,,14112,0,,
53cc9715839927e0.jpg,PruneSID,336,336,1,71,,,13916,0,,
53ddd51643c5d44c.jpg,DRIP,336,336,0,73,,,14308,0,,
53ddd51643c5d44c.jpg,Fixed,336,336,0,72,,,14112,0,,
53ddd51643c5d44c.jpg,PruneSID,336,336,0,71,,,13916,0,,
540dc44fffa3c95f.jpg,DRIP,336,336,3,73,3372.0,18367.0,14308,7431,0.18359013448031797,0.453774727492935
540dc44fffa3c95f.jpg,Fixed,336,336,3,72,1092.0,20451.0,14112,7431,0.053395921959806365,0.1469519580137263
540dc44fffa3c95f.jpg,PruneSID,336,336,3,71,2948.0,18399.0,13916,7431,0.16022609924452416,0.39671645808101197
545cfb9c8d79e4f1.jpg,DRIP,336,336,1,73,2656.0,15792.0,14308,4140,0.16818642350557245,0.6415458937198067
545cfb9c8d79e4f1.jpg,Fixed,336,336,1,72,630.0,17622.0,14112,4140,0.03575076608784474,0.15217391304347827
545cfb9c8d79e4f1.jpg,PruneSID,336,336,1,71,1172.0,16884.0,13916,4140,0.06941483060886046,0.28309178743961355
54611531c56d36c7.jpg,DRIP,336,336,0,72,,,14112,0,,
54611531c56d36c7.jpg,Fixed,336,336,0,72,,,14112,0,,
54611531c56d36c7.jpg,PruneSID,336,336,0,71,,,13916,0,,
5482d668eb955708.jpg,DRIP,336,336,3,72,2228.0,29360.0,14112,17476,0.07588555858310626,0.1274891279468986
5482d668eb955708.jpg,Fixed,336,336,3,72,1932.0,29656.0,14112,17476,0.06514701915295387,0.11055161364156557
5482d668eb955708.jpg,PruneSID,336,336,3,71,4432.0,26960.0,13916,17476,0.16439169139465876,0.2536049439230945
5487793f49e446eb.jpg,DRIP,336,336,3,72,2464.0,23779.0,14112,12131,0.1036208419193406,0.20311598384304674
5487793f49e446eb.jpg,Fixed,336,336,3,72,924.0,25319.0,14112,12131,0.03649433231960188,0.07616849394114253
5487793f49e446eb.jpg,PruneSID,336,336,3,71,2846.0,23201.0,13916,12131,0.12266712641696478,0.2346055560135191
54b8a2742cb0c13e.jpg,DRIP,336,336,0,72,,,14112,0,,
54b8a2742cb0c13e.jpg,Fixed,336,336,0,72,,,14112,0,,
54b8a2742cb0c13e.jpg,PruneSID,336,336,0,71,,,13916,0,,
54b91a65ead0ffdb.jpg,DRIP,336,336,5,73,3184.0,26900.0,14308,15776,0.11836431226765799,0.20182555780933062
54b91a65ead0ffdb.jpg,Fixed,336,336,5,72,1946.0,27942.0,14112,15776,0.06964426311645551,0.12335192697768763
54b91a65ead0ffdb.jpg,PruneSID,336,336,5,71,2166.0,27526.0,13916,15776,0.07868923926469519,0.1372971602434077
54c521d41f7818ef.jpg,DRIP,336,336,4,73,540.0,17330.0,14308,3562,0.031159838430467397,0.15160022459292533
54c521d41f7818ef.jpg,Fixed,336,336,4,72,445.0,17229.0,14112,3562,0.025828544895234777,0.12492981471083661
54c521d41f7818ef.jpg,PruneSID,336,336,4,71,1452.0,16026.0,13916,3562,0.09060277049794084,0.407636159460977
54d28c5e0824a301.jpg,DRIP,336,336,4,73,6762.0,32171.0,14308,24625,0.21018930092319169,0.27459898477157363
54d28c5e0824a301.jpg,Fixed,336,336,4,72,2224.0,36513.0,14112,24625,0.06090981294333525,0.09031472081218274
54d28c5e0824a301.jpg,PruneSID,336,336,4,71,6520.0,32021.0,13916,24625,0.203616376752756,0.2647715736040609
55018830c6a70275.jpg,DRIP,336,336,2,73,9526.0,44127.0,14308,39345,0.21587690076370475,0.2421146270174101
55018830c6a70275.jpg,Fixed,336,336,2,72,4732.0,48725.0,14112,39345,0.09711646998460749,0.12026941161519888
55018830c6a70275.jpg,PruneSID,336,336,2,71,4172.0,49089.0,13916,39345,0.08498849029314103,0.10603634515186174
5508e86419278627.jpg,DRIP,336,336,0,72,,,14112,0,,
5508e86419278627.jpg,Fixed,336,336,0,72,,,14112,0,,
5508e86419278627.jpg,PruneSID,336,336,0,71,,,13916,0,,
55120ce9bd18b5d9.jpg,DRIP,336,336,1,72,2626.0,23069.0,14112,11583,0.11383241579608999,0.22671156004489337
55120ce9bd18b5d9.jpg,Fixed,336,336,1,72,1431.0,24264.0,14112,11583,0.05897626112759644,0.12354312354312354
55120ce9bd18b5d9.jpg,PruneSID,336,336,1,71,2150.0,23349.0,13916,11583,0.09208103130755065,0.18561685228351896
552d4d5f6ebff600.jpg,DRIP,336,336,5,72,2486.0,17497.0,14112,5871,0.1420814996856604,0.4234372338613524
552d4d5f6ebff600.jpg,Fixed,336,336,5,72,243.0,19740.0,14112,5871,0.012310030395136779,0.041389882473173226
552d4d5f6ebff600.jpg,PruneSID,336,336,5,71,3592.0,16195.0,13916,5871,0.2217968508799012,0.6118208141713507
55363386155538b3.jpg,DRIP,336,336,2,73,4682.0,18731.0,14308,9105,0.24995995942555121,0.514222954420648
55363386155538b3.jpg,Fixed,336,336,2,72,1344.0,21873.0,14112,9105,0.06144561788506378,0.14761120263591435
55363386155538b3.jpg,PruneSID,336,336,2,71,1764.0,21257.0,13916,9105,0.08298442865879475,0.19373970345963756
55a327379bc5038b.jpg,DRIP,336,336,0,72,,,14112,0,,
55a327379bc5038b.jpg,Fixed,336,336,0,72,,,14112,0,,
55a327379bc5038b.jpg,PruneSID,336,336,0,71,,,13916,0,,
55b56c4a07efc92c.jpg,DRIP,336,336,2,72,1337.0,17329.0,14112,4554,0.07715390386058053,0.29358805445761965
55b56c4a07efc92c.jpg,Fixed,336,336,2,72,672.0,17994.0,14112,4554,0.037345781927309106,0.14756258234519104
55b56c4a07efc92c.jpg,PruneSID,336,336,2,71,1397.0,17073.0,13916,4554,0.08182510396532537,0.30676328502415456
55c82f496de7d308.jpg,DRIP,336,336,38,73,5802.0,46145.0,14308,37639,0.1257340990356485,0.15414862243949096
55c82f496de7d308.jpg,Fixed,336,336,38,72,4912.0,46839.0,14112,37639,0.10486987339610154,0.1305029357846914
55c82f496de7d308.jpg,PruneSID,336,336,38,71,8628.0,42927.0,13916,37639,0.20099238241666084,0.22923031961529264
55e89624eb04734e.jpg,DRIP,336,336,1,72,2156.0,16861.0,14112,4905,0.12786904691299447,0.4395514780835882
55e89624eb04734e.jpg,Fixed,336,336,1,72,630.0,18387.0,14112,4905,0.034263338228095935,0.12844036697247707
55e89624eb04734e.jpg,PruneSID,336,336,1,71,322.0,18499.0,13916,4905,0.017406346288988593,0.06564729867482161
561af632c640e187.jpg,DRIP,336,336,0,73,,,14308,0,,
561af632c640e187.jpg,Fixed,336,336,0,72,,,14112,0,,
561af632c640e187.jpg,PruneSID,336,336,0,71,,,13916,0,,
561af646641b5ff8.jpg,DRIP,336,336,1,73,3234.0,17789.0,14308,6715,0.18179774017651357,0.481608339538347
561af646641b5ff8.jpg,Fixed,336,336,1,72,170.0,20657.0,14112,6715,0.008229655806748318,0.02531645569620253
561af646641b5ff8.jpg,PruneSID,336,336,1,71,1498.0,19133.0,13916,6715,0.07829404693461559,0.22308265078183173
5657a3597e0d833a.jpg,DRIP,336,336,3,73,780.0,15487.0,14308,1959,0.050364822108865503,0.3981623277182236
5657a3597e0d833a.jpg,Fixed,336,336,3,72,350.0,15721.0,14112,1959,0.022263214808218308,0.17866258295048495
5657a3597e0d833a.jpg,PruneSID,336,336,3,71,1135.0,14740.0,13916,1959,0.07700135685210312,0.5793772332822869
5672162112fd4d65.jpg,DRIP,336,336,2,73,5558.0,40655.0,14308,31905,0.13671135161726725,0.17420467011440213
5672162112fd4d65.jpg,Fixed,336,336,2,72,3584.0,42433.0,14112,31905,0.08446256451346829,0.11233349004858173
5672162112fd4d65.jpg,PruneSID,336,336,2,71,3808.0,42013.0,13916,31905,0.09063861185823435,0.11935433317661809
568a7eb500a5000b.jpg,DRIP,336,336,3,72,1065.0,15900.0,14112,2853,0.0669811320754717,0.3732912723449001
568a7eb500a5000b.jpg,Fixed,336,336,3,72,182.0,16783.0,14112,2853,0.010844306738962044,0.0637924991237294
568a7eb500a5000b.jpg,PruneSID,336,336,3,71,1465.0,15304.0,13916,2853,0.09572660742289597,0.5134945671223273
56a7ee3a538d88da.jpg,DRIP,336,336,5,73,9408.0,42895.0,14308,37995,0.21932626180207485,0.24761152783260956
56a7ee3a538d88da.jpg,Fixed,336,336,5,72,5061.0,47046.0,14112,37995,0.107575564341283,0.13320173707066718
56a7ee3a538d88da.jpg,PruneSID,336,336,5,71,4810.0,47101.0,13916,37995,0.1021209740769835,0.12659560468482695
56a972ef480eb607.jpg,DRIP,336,336,9,72,8081.0,35077.0,14112,29046,0.23037888074806853,0.27821386765819733
56a972ef480eb607.jpg,Fixed,336,336,9,72,4091.0,39067.0,14112,29046,0.10471753653979061,0.14084555532603457
56a972ef480eb607.jpg,PruneSID,336,336,9,71,6529.0,36433.0,13916,29046,0.17920566519364312,0.22478138125731598
56b1d4923e2362b0.jpg,DRIP,336,336,1,73,1638.0,15235.0,14308,2565,0.10751558910403676,0.6385964912280702
56b1d4923e2362b0.jpg,Fixed,336,336,1,72,630.0,16047.0,14112,2565,0.03925967470555244,0.24561403508771928
56b1d4923e2362b0.jpg,PruneSID,336,336,1,71,669.0,15812.0,13916,2565,0.04230963824943081,0.2608187134502924
56b9d4fbb61cbd66.jpg,DRIP,336,336,3,72,550.0,18029.0,14112,4467,0.03050640634533252,0.12312513991493172
56b9d4fbb61cbd66.jpg,Fixed,336,336,3,72,567.0,18012.0,14112,4467,0.031479013990672884,0.12693082605775688
56b9d4fbb61cbd66.jpg,PruneSID,336,336,3,71,826.0,17557.0,13916,4467,0.047046761975280516,0.184911573763152
56cd9566896837d5.jpg,DRIP,336,336,3,72,11064.0,55393.0,14112,52345,0.1997364287906414,0.21136689273091985
56cd9566896837d5.jpg,Fixed,336,336,3,72,5796.0,60661.0,14112,52345,0.0955473862943242,0.11072690801413698
56cd9566896837d5.jpg,PruneSID,336,336,3,71,6321.0,59940.0,13916,52345,0.10545545545545545,0.12075651924730156
56f186cea7554f90.jpg,DRIP,336,336,0,73,,,14308,0,,
56f186cea7554f90.jpg,Fixed,336,336,0,72,,,14112,0,,
56f186cea7554f90.jpg,PruneSID,336,336,0,71,,,13916,0,,
5713b65a257bd3b5.jpg,DRIP,336,336,0,73,,,14308,0,,
5713b65a257bd3b5.jpg,Fixed,336,336,0,72,,,14112,0,,
5713b65a257bd3b5.jpg,PruneSID,336,336,0,71,,,13916,0,,
5727bb5d3d61f329.jpg,DRIP,336,336,4,73,5848.0,33803.0,14308,25343,0.17300239623702038,0.23075405437398888
5727bb5d3d61f329.jpg,Fixed,336,336,4,72,2568.0,36887.0,14112,25343,0.06961802260959145,0.10132975575109497
5727bb5d3d61f329.jpg,PruneSID,336,336,4,71,2738.0,36521.0,13916,25343,0.07497056488047972,0.10803772244801325
57384ebb857e5a7c.jpg,DRIP,336,336,1,73,1106.0,14498.0,14308,1296,0.07628638432887294,0.8533950617283951
57384ebb857e5a7c.jpg,Fixed,336,336,1,72,0.0,15408.0,14112,1296,0.0,0.0
57384ebb857e5a7c.jpg,PruneSID,336,336,1,71,588.0,14624.0,13916,1296,0.04020787746170678,0.4537037037037037
57406b1efcc627bc.jpg,DRIP,336,336,7,72,7448.0,28538.0,14112,21874,0.2609853528628495,0.34049556551156623
57406b1efcc627bc.jpg,Fixed,336,336,7,72,1927.0,34059.0,14112,21874,0.056578290613347425,0.08809545579226478
57406b1efcc627bc.jpg,PruneSID,336,336,7,71,4980.0,30810.0,13916,21874,0.16163583252190847,0.22766755051659504
575f56fadecf56d6.jpg,DRIP,336,336,12,72,2064.0,23544.0,14112,11496,0.08766564729867482,0.17954070981210857
575f56fadecf56d6.jpg,Fixed,336,336,12,72,920.0,24688.0,14112,11496,0.037265068049254696,0.08002783576896312
575f56fadecf56d6.jpg,PruneSID,336,336,12,71,3195.0,22217.0,13916,11496,0.14380879506684072,0.27792275574112735
577a9f10113c97ba.jpg,DRIP,336,336,1,73,5082.0,30841.0,14308,21615,0.16478064913589052,0.23511450381679388
577a9f10113c97ba.jpg,Fixed,336,336,1,72,3392.0,32335.0,14112,21615,0.10490180918509355,0.15692805921813555
577a9f10113c97ba.jpg,PruneSID,336,336,1,71,4816.0,30715.0,13916,21615,0.1567963535731727,0.22280823502197547
5791ba8b07394c6e.jpg,DRIP,336,336,4,73,2122.0,28901.0,14308,16715,0.07342306494584963,0.1269518396649716
5791ba8b07394c6e.jpg,Fixed,336,336,4,72,2090.0,28737.0,14112,16715,0.07272853812158542,0.12503739156446306
5791ba8b07394c6e.jpg,PruneSID,336,336,4,71,1022.0,29609.0,13916,16715,0.03451653213549934,0.061142686209991026
5797a011421a293d.jpg,DRIP,336,336,9,72,6669.0,35772.0,14112,28329,0.18643072794364307,0.23541247484909456
5797a011421a293d.jpg,Fixed,336,336,9,72,2886.0,39555.0,14112,28329,0.07296169890026545,0.1018744043206608
5797a011421a293d.jpg,PruneSID,336,336,9,71,4789.0,37456.0,13916,28329,0.12785668517727466,0.1690493840234389
57d763c85157b92c.jpg,DRIP,336,336,0,72,,,14112,0,,
57d763c85157b92c.jpg,Fixed,336,336,0,72,,,14112,0,,
57d763c85157b92c.jpg,PruneSID,336,336,0,71,,,13916,0,,
57e909123d97d212.jpg,DRIP,336,336,2,73,1974.0,18690.0,14308,6356,0.10561797752808989,0.31057268722466963
57e909123d97d212.jpg,Fixed,336,336,2,72,518.0,19950.0,14112,6356,0.025964912280701753,0.08149779735682819
57e909123d97d212.jpg,PruneSID,336,336,2,71,1216.0,19056.0,13916,6356,0.06381192275398824,0.19131529263687855
581c4c6ada503c40.jpg,DRIP,336,336,0,72,,,14112,0,,
581c4c6ada503c40.jpg,Fixed,336,336,0,72,,,14112,0,,
581c4c6ada503c40.jpg,PruneSID,336,336,0,71,,,13916,0,,
581f27ef1b53338d.jpg,DRIP,336,336,3,73,420.0,17445.0,14308,3557,0.02407566638005159,0.11807703120607253
581f27ef1b53338d.jpg,Fixed,336,336,3,72,904.0,16765.0,14112,3557,0.05392186101998211,0.25414675288164185
581f27ef1b53338d.jpg,PruneSID,336,336,3,71,910.0,16563.0,13916,3557,0.05494173760792127,0.2558335676131572
582240c4d2f9a6b4.jpg,DRIP,336,336,19,73,6002.0,31777.0,14308,23471,0.18887874878056457,0.25571982446423247
582240c4d2f9a6b4.jpg,Fixed,336,336,19,72,2990.0,34593.0,14112,23471,0.0864336715520481,0.12739124877508415
582240c4d2f9a6b4.jpg,PruneSID,336,336,19,71,4892.0,32495.0,13916,23471,0.1505462378827512,0.20842742107281326
58427bbb831c8d07.jpg,DRIP,336,336,29,72,4164.0,42457.0,14112,32509,0.09807570012012154,0.12808760650896675
58427bbb831c8d07.jpg,Fixed,336,336,29,72,3265.0,43356.0,14112,32509,0.07530676261647753,0.1004337260450952
58427bbb831c8d07.jpg,PruneSID,336,336,29,71,8302.0,38123.0,13916,32509,0.21776880098628124,0.2553754344950629
5849b227a8986058.jpg,DRIP,336,336,4,72,3292.0,17833.0,14112,7013,0.18460158133796895,0.4694139455297305
5849b227a8986058.jpg,Fixed,336,336,4,72,703.0,20422.0,14112,7013,0.03442366075800607,0.10024240695850563
5849b227a8986058.jpg,PruneSID,336,336,4,71,2939.0,17990.0,13916,7013,0.16336853807670929,0.4190788535576786
585226e12b249931.jpg,DRIP,336,336,55,73,4601.0,35230.0,14308,25523,0.1305989213738291,0.18026877718136583
585226e12b249931.jpg,Fixed,336,336,55,72,2493.0,37142.0,14112,25523,0.067120779710301,0.09767660541472398
585226e12b249931.jpg,PruneSID,336,336,55,71,6890.0,32549.0,13916,25523,0.21168085041015086,0.26995259177996317
589173c36b15bb8f.jpg,DRIP,336,336,4,73,6831.0,26794.0,14308,19317,0.25494513697096366,0.3536263394937102
589173c36b15bb8f.jpg,Fixed,336,336,4,72,1778.0,31651.0,14112,19317,0.05617516034248523,0.09204327794170937
589173c36b15bb8f.jpg,PruneSID,336,336,4,71,4920.0,28313.0,13916,19317,0.17377176562003321,0.25469793446187294
589a8e65a0a98b94.jpg,DRIP,336,336,1,72,2464.0,14969.0,14112,3321,0.1646068541652749,0.74194519722975
589a8e65a0a98b94.jpg,Fixed,336,336,1,72,574.0,16859.0,14112,3321,0.0340470965063171,0.1728395061728395
589a8e65a0a98b94.jpg,PruneSID,336,336,1,71,1075.0,16162.0,13916,3321,0.06651404529142432,0.32369768142125865
58cb4402bdd932d2.jpg,DRIP,336,336,2,72,5712.0,32214.0,14112,23814,0.1773142112125163,0.23985890652557318
58cb4402bdd932d2.jpg,Fixed,336,336,2,72,2028.0,35898.0,14112,23814,0.05649339796088919,0.08515998992189468
58cb4402bdd932d2.jpg,PruneSID,336,336,2,71,6566.0,31164.0,13916,23814,0.21069182389937108,0.2757201646090535
58d543df7eab2bfc.jpg,DRIP,336,336,0,73,,,14308,0,,
58d543df7eab2bfc.jpg,Fixed,336,336,0,72,,,14112,0,,
58d543df7eab2bfc.jpg,PruneSID,336,336,0,71,,,13916,0,,
58e13c1b1b9f6075.jpg,DRIP,336,336,3,73,1120.0,19666.0,14308,6478,0.05695108308756229,0.17289286816918803
58e13c1b1b9f6075.jpg,Fixed,336,336,3,72,336.0,20254.0,14112,6478,0.016589315690727757,0.051867860450756406
58e13c1b1b9f6075.jpg,PruneSID,336,336,3,71,1116.0,19278.0,13916,6478,0.05788982259570495,0.17227539364001235
58eec0b35fbbbc6d.jpg,DRIP,336,336,1,72,294.0,14293.0,14112,475,0.020569509550129435,0.6189473684210526
58eec0b35fbbbc6d.jpg,Fixed,336,336,1,72,38.0,14549.0,14112,475,0.0026118633583064126,0.08
58eec0b35fbbbc6d.jpg,PruneSID,336,336,1,71,311.0,14080.0,13916,475,0.02208806818181818,0.6547368421052632
58f8a344f14daf03.jpg,DRIP,336,336,6,73,2092.0,19363.0,14308,7147,0.10804110933223157,0.29271022806772073
58f8a344f14daf03.jpg,Fixed,336,336,6,72,1103.0,20156.0,14112,7147,0.05472315935701528,0.15433048831677626
58f8a344f14daf03.jpg,PruneSID,336,336,6,71,2990.0,18073.0,13916,7147,0.16544015935373207,0.41835735273541347
58fff23e3b0de1ad.jpg,DRIP,336,336,1,73,1638.0,18002.0,14308,5332,0.09098989001222087,0.3072018004501125
58fff23e3b0de1ad.jpg,Fixed,336,336,1,72,602.0,18842.0,14112,5332,0.03194989916144783,0.11290322580645161
58fff23e3b0de1ad.jpg,PruneSID,336,336,1,71,974.0,18274.0,13916,5332,0.05329977016526212,0.18267066766691673
590234908349d651.jpg,DRIP,336,336,3,72,2016.0,17690.0,14112,5594,0.11396269078575466,0.3603861279942796
590234908349d651.jpg,Fixed,336,336,3,72,1067.0,18639.0,14112,5594,0.05724556038414078,0.19074007865570253
590234908349d651.jpg,PruneSID,336,336,3,71,557.0,18953.0,13916,5594,0.029388487310715982,0.0995709688952449
5918ab1cdea54f23.jpg,DRIP,336,336,0,72,,,14112,0,,
5918ab1cdea54f23.jpg,Fixed,336,336,0,72,,,14112,0,,
5918ab1cdea54f23.jpg,PruneSID,336,336,0,71,,,13916,0,,
591c509f630b0e0a.jpg,DRIP,336,336,1,72,406.0,14261.0,14112,555,0.02846925180562373,0.7315315315315315
591c509f630b0e0a.jpg,Fixed,336,336,1,72,210.0,14457.0,14112,555,0.014525835235526042,0.3783783783783784
591c509f630b0e0a.jpg,PruneSID,336,336,1,71,406.0,14065.0,13916,555,0.0288659793814433,0.7315315315315315
596d85cdc5340b7a.jpg,DRIP,336,336,1,73,12376.0,96348.0,14308,94416,0.12845103167683813,0.13107947805456702
596d85cdc5340b7a.jpg,Fixed,336,336,1,72,11816.0,96712.0,14112,94416,0.12217718587145339,0.12514827995255043
596d85cdc5340b7a.jpg,PruneSID,336,336,1,71,11970.0,96362.0,13916,94416,0.12421909051285776,0.12677935943060498
596e22039f86eaf0.jpg,DRIP,336,336,0,72,,,14112,0,,
596e22039f86eaf0.jpg,Fixed,336,336,0,72,,,14112,0,,
596e22039f86eaf0.jpg,PruneSID,336,336,0,71,,,13916,0,,
59b29f7a85d3b339.jpg,DRIP,336,336,1,72,390.0,15087.0,14112,1365,0.02585006959634122,0.2857142857142857
59b29f7a85d3b339.jpg,Fixed,336,336,1,72,4.0,15473.0,14112,1365,0.00025851483228850255,0.0029304029304029304
59b29f7a85d3b339.jpg,PruneSID,336,336,1,71,1043.0,14238.0,13916,1365,0.07325467059980334,0.764102564102564
59b4448729a53a92.jpg,DRIP,336,336,4,73,4559.0,19900.0,14308,10151,0.22909547738693467,0.44911831346665354
59b4448729a53a92.jpg,Fixed,336,336,4,72,1144.0,23119.0,14112,10151,0.04948310913101778,0.11269825632942568
59b4448729a53a92.jpg,PruneSID,336,336,4,71,3486.0,20581.0,13916,10151,0.16937952480443128,0.34341444192690374
59be589b07917984.jpg,DRIP,336,336,0,72,,,14112,0,,
59be589b07917984.jpg,Fixed,336,336,0,72,,,14112,0,,
59be589b07917984.jpg,PruneSID,336,336,0,71,,,13916,0,,
59de43c665d0c405.jpg,DRIP,336,336,0,72,,,14112,0,,
59de43c665d0c405.jpg,Fixed,336,336,0,72,,,14112,0,,
59de43c665d0c405.jpg,PruneSID,336,336,0,71,,,13916,0,,
59ed3cbd7abaffc5.jpg,DRIP,336,336,10,72,3254.0,22434.0,14112,11576,0.1450476954622448,0.2810988251554941
59ed3cbd7abaffc5.jpg,Fixed,336,336,10,72,1532.0,24156.0,14112,11576,0.06342109620798145,0.1323427781617139
59ed3cbd7abaffc5.jpg,PruneSID,336,336,10,71,3418.0,22074.0,13916,11576,0.15484280148591104,0.29526606772633035
5a1a0977378650c4.jpg,DRIP,336,336,3,73,3524.0,17434.0,14308,6650,0.2021337616152346,0.5299248120300752
5a1a0977378650c4.jpg,Fixed,336,336,3,72,524.0,20238.0,14112,6650,0.025891886550054352,0.078796992481203
5a1a0977378650c4.jpg,PruneSID,336,336,3,71,1199.0,19367.0,13916,6650,0.0619094335725719,0.18030075187969924
5a2ee530e4978787.jpg,DRIP,336,336,1,72,448.0,14404.0,14112,740,0.03110247153568453,0.6054054054054054
5a2ee530e4978787.jpg,Fixed,336,336,1,72,76.0,14776.0,14112,740,0.005143475906876015,0.10270270270270271
5a2ee530e4978787.jpg,PruneSID,336,336,1,71,540.0,14116.0,13916,740,0.03825446302068575,0.7297297297297297
5a38b3e0293c5ab8.jpg,DRIP,336,336,20,73,6283.0,41061.0,14308,33036,0.1530162441245951,0.1901864632522097
5a38b3e0293c5ab8.jpg,Fixed,336,336,20,72,3794.0,43354.0,14112,33036,0.08751210960926327,0.1148444121564354
5a38b3e0293c5ab8.jpg,PruneSID,336,336,20,71,7114.0,39838.0,13916,33036,0.17857322154726643,0.2153408402954353
5a46d567e8821ee4.jpg,DRIP,336,336,3,72,8106.0,37864.0,14112,31858,0.21408197760405662,0.2544415845313579
5a46d567e8821ee4.jpg,Fixed,336,336,3,72,4245.0,41725.0,14112,31858,0.10173756740563211,0.13324753594073702
5a46d567e8821ee4.jpg,PruneSID,336,336,3,71,5684.0,40090.0,13916,31858,0.14178099276627587,0.17841672421369828
5a4d1f725db30b12.jpg,DRIP,336,336,2,72,1734.0,15559.0,14112,3181,0.11144675107654733,0.5451116001257467
5a4d1f725db30b12.jpg,Fixed,336,336,2,72,672.0,16621.0,14112,3181,0.040430780338126464,0.21125432254008172
5a4d1f725db30b12.jpg,PruneSID,336,336,2,71,1158.0,15939.0,13916,3181,0.07265198569546395,0.3640364665199623
5a5f20395afd189b.jpg,DRIP,336,336,22,73,6603.0,34996.0,14308,27291,0.18867870613784432,0.24194789491041002
5a5f20395afd189b.jpg,Fixed,336,336,22,72,3466.0,37937.0,14112,27291,0.0913619948862588,0.12700157561100728
5a5f20395afd189b.jpg,PruneSID,336,336,22,71,7277.0,33930.0,13916,27291,0.21447096964338344,0.2666446813967975
5a659b80a7195337.jpg,DRIP,336,336,2,72,4641.0,17494.0,14112,8023,0.2652909568995084,0.5784619219743238
5a659b80a7195337.jpg,Fixed,336,336,2,72,1052.0,21083.0,14112,8023,0.04989802210311625,0.13112302131372305
5a659b80a7195337.jpg,PruneSID,336,336,2,71,2381.0,19558.0,13916,8023,0.1217404642601493,0.2967717811292534
5a85fd010c1ed347.jpg,DRIP,336,336,5,72,1227.0,19529.0,14112,6644,0.06282963797429464,0.18467790487658037
5a85fd010c1ed347.jpg,Fixed,336,336,5,72,932.0,19824.0,14112,6644,0.0470137207425343,0.1402769416014449
5a85fd010c1ed347.jpg,PruneSID,336,336,5,71,1134.0,19426.0,13916,6644,0.0583753732111603,0.17068031306441903
5a8c9df785b74297.jpg,DRIP,336,336,0,72,,,14112,0,,
5a8c9df785b74297.jpg,Fixed,336,336,0,72,,,14112,0,,
5a8c9df785b74297.jpg,PruneSID,336,336,0,71,,,13916,0,,
5aac35850120d90e.jpg,DRIP,336,336,2,72,196.0,15371.0,14112,1455,0.012751284887125106,0.13470790378006872
5aac35850120d90e.jpg,Fixed,336,336,2,72,34.0,15533.0,14112,1455,0.0021888881735659563,0.02336769759450172
5aac35850120d90e.jpg,PruneSID,336,336,2,71,480.0,14891.0,13916,1455,0.03223423544422806,0.32989690721649484
5b18d48da05842dd.jpg,DRIP,336,336,1,72,288.0,14589.0,14112,765,0.01974090067859346,0.3764705882352941
5b18d48da05842dd.jpg,Fixed,336,336,1,72,0.0,14877.0,14112,765,0.0,0.0
5b18d48da05842dd.jpg,PruneSID,336,336,1,71,645.0,14036.0,13916,765,0.045953263037902536,0.8431372549019608
5b6e245b56e90a0e.jpg,DRIP,336,336,4,72,476.0,26268.0,14112,12632,0.01812090756814375,0.037682077264091195
5b6e245b56e90a0e.jpg,Fixed,336,336,4,72,1704.0,25040.0,14112,12632,0.06805111821086263,0.13489550348321722
5b6e245b56e90a0e.jpg,PruneSID,336,336,4,71,2755.0,23793.0,13916,12632,0.1157903585088051,0.21809689677010766
5b6e78a4305ee39a.jpg,DRIP,336,336,3,72,3259.0,25151.0,14112,14298,0.1295773527891535,0.22793397677996924
5b6e78a4305ee39a.jpg,Fixed,336,336,3,72,1586.0,26824.0,14112,14298,0.059126155681479275,0.11092460483983774
5b6e78a4305ee39a.jpg,PruneSID,336,336,3,71,2462.0,25752.0,13916,14298,0.09560422491456974,0.1721919149531403
5b76aaf9cfca0106.jpg,DRIP,336,336,1,72,162.0,14275.0,14112,325,0.011348511383537653,0.49846153846153846
5b76aaf9cfca0106.jpg,Fixed,336,336,1,72,91.0,14346.0,14112,325,0.006343231562804963,0.28
5b76aaf9cfca0106.jpg,PruneSID,336,336,1,71,226.0,14015.0,13916,325,0.016125579735997146,0.6953846153846154
5b80ee3e3c246186.jpg,DRIP,336,336,1,72,784.0,20681.0,14112,7353,0.03790919201199168,0.10662314701482388
5b80ee3e3c246186.jpg,Fixed,336,336,1,72,1260.0,20205.0,14112,7353,0.062360801781737196,0.17135862913096694
5b80ee3e3c246186.jpg,PruneSID,336,336,1,71,1023.0,20246.0,13916,7353,0.0505284994566828,0.1391268869849041
5b91bdbc8bf37fe4.jpg,DRIP,336,336,7,72,7576.0,36841.0,14112,30305,0.20564045492793356,0.24999175053621514
5b91bdbc8bf37fe4.jpg,Fixed,336,336,7,72,4215.0,40202.0,14112,30305,0.10484553007313069,0.13908595941263818
5b91bdbc8bf37fe4.jpg,PruneSID,336,336,7,71,5971.0,38250.0,13916,30305,0.1561045751633987,0.19703019303745256
5b956d2f54f0644a.jpg,DRIP,336,336,0,72,,,14112,0,,
5b956d2f54f0644a.jpg,Fixed,336,336,0,72,,,14112,0,,
5b956d2f54f0644a.jpg,PruneSID,336,336,0,71,,,13916,0,,
5b9d70f00e4edcaa.jpg,DRIP,336,336,8,72,5926.0,25614.0,14112,17428,0.2313578511751386,0.3400275418866192
5b9d70f00e4edcaa.jpg,Fixed,336,336,8,72,2207.0,29333.0,14112,17428,0.07523949135785633,0.126635299518017
5b9d70f00e4edcaa.jpg,PruneSID,336,336,8,71,3209.0,28135.0,13916,17428,0.11405722409809846,0.18412898783566675
5bc5e7f53a9d2a34.jpg,DRIP,336,336,6,72,2266.0,19920.0,14112,8074,0.11375502008032129,0.28065395095367845
5bc5e7f53a9d2a34.jpg,Fixed,336,336,6,72,1182.0,21004.0,14112,8074,0.0562749952390021,0.14639583849393115
5bc5e7f53a9d2a34.jpg,PruneSID,336,336,6,71,1722.0,20268.0,13916,8074,0.08496151568975725,0.21327718602922963
5bf5760092c3a48a.jpg,DRIP,336,336,3,72,278.0,14481.0,14112,647,0.01919756922864443,0.42967542503863987
5bf5760092c3a48a.jpg,Fixed,336,336,3,72,156.0,14603.0,14112,647,0.010682736424022461,0.241112828438949
5bf5760092c3a48a.jpg,PruneSID,336,336,3,71,460.0,14103.0,13916,647,0.03261717365099624,0.7109737248840804
5bf96d545aee074c.jpg,DRIP,336,336,3,73,3236.0,19908.0,14308,8836,0.16254771950974484,0.36622906292440016
5bf96d545aee074c.jpg,Fixed,336,336,3,72,1092.0,21856.0,14112,8836,0.04996339677891654,0.12358533272974197
5bf96d545aee074c.jpg,PruneSID,336,336,3,71,2576.0,20176.0,13916,8836,0.12767644726407612,0.2915346310547759
5c1106691abc9518.jpg,DRIP,336,336,1,72,1190.0,15622.0,14112,2700,0.07617462552810139,0.44074074074074077
5c1106691abc9518.jpg,Fixed,336,336,1,72,350.0,16462.0,14112,2700,0.021261086137771838,0.12962962962962962
5c1106691abc9518.jpg,PruneSID,336,336,1,71,858.0,15758.0,13916,2700,0.05444853407792867,0.31777777777777777
5c151f5755ae6181.jpg,DRIP,336,336,5,73,825.0,16550.0,14308,3067,0.04984894259818731,0.26899250081512877
5c151f5755ae6181.jpg,Fixed,336,336,5,72,102.0,17077.0,14112,3067,0.005972946067810505,0.03325725464623411
5c151f5755ae6181.jpg,PruneSID,336,336,5,71,1359.0,15624.0,13916,3067,0.0869815668202765,0.4431040104336485
5c2f65dc50d6b16e.jpg,DRIP,336,336,1,73,100.0,15040.0,14308,832,0.006648936170212766,0.1201923076923077
5c2f65dc50d6b16e.jpg,Fixed,336,336,1,72,184.0,14760.0,14112,832,0.012466124661246613,0.22115384615384615
5c2f65dc50d6b16e.jpg,PruneSID,336,336,1,71,548.0,14200.0,13916,832,0.03859154929577465,0.6586538461538461
5c351c2ac4053a71.jpg,DRIP,336,336,3,72,6520.0,21006.0,14112,13414,0.3103875083309531,0.48605934098702847
5c351c2ac4053a71.jpg,Fixed,336,336,3,72,1624.0,25902.0,14112,13414,0.06269786116902169,0.12106754137468316
5c351c2ac4053a71.jpg,PruneSID,336,336,3,71,4210.0,23120.0,13916,13414,0.18209342560553632,0.3138512002385567
5c379ce47127773b.jpg,DRIP,336,336,10,73,3529.0,19949.0,14308,9170,0.17690109779938845,0.38484187568157036
5c379ce47127773b.jpg,Fixed,336,336,10,72,983.0,22299.0,14112,9170,0.04408269429122382,0.10719738276990186
5c379ce47127773b.jpg,PruneSID,336,336,10,71,2383.0,20703.0,13916,9170,0.11510409119451287,0.2598691384950927
5c530f3383692c65.jpg,DRIP,336,336,9,72,3282.0,29021.0,14112,18191,0.11309052065745495,0.18041888846132703
5c530f3383692c65.jpg,Fixed,336,336,9,72,3479.0,28824.0,14112,18191,0.12069802941992784,0.19124841954812818
5c530f3383692c65.jpg,PruneSID,336,336,9,71,3647.0,28460.0,13916,18191,0.1281447645818693,0.2004837557033698
5c6a9da46ed0f46b.jpg,DRIP,336,336,1,73,1134.0,15034.0,14308,1860,0.07542902753758148,0.6096774193548387
5c6a9da46ed0f46b.jpg,Fixed,336,336,1,72,33.0,15939.0,14112,1860,0.002070393374741201,0.017741935483870968
5c6a9da46ed0f46b.jpg,PruneSID,336,336,1,71,588.0,15188.0,13916,1860,0.03871477482222808,0.3161290322580645
5cc9a3d8f0ad561a.jpg,DRIP,336,336,119,73,4648.0,54684.0,14308,45024,0.08499743983614952,0.10323383084577115
5cc9a3d8f0ad561a.jpg,Fixed,336,336,119,72,5536.0,53600.0,14112,45024,0.10328358208955224,0.12295664534470505
5cc9a3d8f0ad561a.jpg,PruneSID,336,336,119,71,9536.0,49404.0,13916,45024,0.19302080803173832,0.21179815209665956
5ce2b013204bc994.jpg,DRIP,336,336,2,72,3850.0,22367.0,14112,12105,0.17212858228640407,0.3180503923998348
5ce2b013204bc994.jpg,Fixed,336,336,2,72,1517.0,24700.0,14112,12105,0.061417004048582996,0.12532011565468815
5ce2b013204bc994.jpg,PruneSID,336,336,2,71,658.0,25363.0,13916,12105,0.02594330323699878,0.054357703428335395
5ce61cf553ba6c5c.jpg,DRIP,336,336,3,72,1883.0,16016.0,14112,3787,0.11756993006993006,0.49722735674676527
5ce61cf553ba6c5c.jpg,Fixed,336,336,3,72,588.0,17311.0,14112,3787,0.033966841892438336,0.15526802218114602
5ce61cf553ba6c5c.jpg,PruneSID,336,336,3,71,1546.0,16157.0,13916,3787,0.09568608033669616,0.4082387113810404
5ce862cbefd8458f.jpg,DRIP,336,336,1,72,5516.0,31073.0,14112,22477,0.17751745888713674,0.24540641544690128
5ce862cbefd8458f.jpg,Fixed,336,336,1,72,3243.0,33346.0,14112,22477,0.09725304384333953,0.14428082039418072
5ce862cbefd8458f.jpg,PruneSID,336,336,1,71,4088.0,32305.0,13916,22477,0.12654387865655473,0.18187480535658673
5ce9d07a617d14b5.jpg,DRIP,336,336,0,72,,,14112,0,,
5ce9d07a617d14b5.jpg,Fixed,336,336,0,72,,,14112,0,,
5ce9d07a617d14b5.jpg,PruneSID,336,336,0,71,,,13916,0,,
5d0251f1cb2f5b7f.jpg,DRIP,336,336,21,73,8344.0,42243.0,14308,36279,0.1975238501053429,0.22999531409355276
5d0251f1cb2f5b7f.jpg,Fixed,336,336,21,72,4311.0,46080.0,14112,36279,0.0935546875,0.11882907467129744
5d0251f1cb2f5b7f.jpg,PruneSID,336,336,21,71,7617.0,42578.0,13916,36279,0.17889520409601203,0.20995617299264038
5d0306810db3202a.jpg,DRIP,336,336,2,72,1434.0,15830.0,14112,3152,0.09058749210360076,0.4549492385786802
5d0306810db3202a.jpg,Fixed,336,336,2,72,112.0,17152.0,14112,3152,0.0065298507462686565,0.03553299492385787
5d0306810db3202a.jpg,PruneSID,336,336,2,71,1488.0,15580.0,13916,3152,0.09550706033376123,0.4720812182741117
5d1f29d481091384.jpg,DRIP,336,336,2,72,1934.0,18277.0,14112,6099,0.10581605296274006,0.31710116412526645
5d1f29d481091384.jpg,Fixed,336,336,2,72,756.0,19455.0,14112,6099,0.038858905165767156,0.12395474667978357
5d1f29d481091384.jpg,PruneSID,336,336,2,71,1684.0,18331.0,13916,6099,0.09186623752113905,0.27611083784226925
5d40f3dc91ab4950.jpg,DRIP,336,336,1,72,,,14112,0,,
5d40f3dc91ab4950.jpg,Fixed,336,336,1,72,,,14112,0,,
5d40f3dc91ab4950.jpg,PruneSID,336,336,1,71,,,13916,0,,
5d411d97c0f033c7.jpg,DRIP,336,336,0,72,,,14112,0,,
5d411d97c0f033c7.jpg,Fixed,336,336,0,72,,,14112,0,,
5d411d97c0f033c7.jpg,PruneSID,336,336,0,71,,,13916,0,,
5d5a83b94e931568.jpg,DRIP,336,336,8,72,4477.0,20676.0,14112,11041,0.2165312439543432,0.4054886332759714
5d5a83b94e931568.jpg,Fixed,336,336,8,72,1214.0,23939.0,14112,11041,0.05071222691006308,0.10995380853183588
5d5a83b94e931568.jpg,PruneSID,336,336,8,71,3357.0,21600.0,13916,11041,0.15541666666666668,0.3040485463273254
5d603077c0632bc6.jpg,DRIP,336,336,4,72,1698.0,18639.0,14112,6225,0.09109930790278449,0.2727710843373494
5d603077c0632bc6.jpg,Fixed,336,336,4,72,764.0,19573.0,14112,6225,0.039033362284780056,0.12273092369477911
5d603077c0632bc6.jpg,PruneSID,336,336,4,71,2062.0,18079.0,13916,6225,0.11405498091708612,0.3312449799196787
5d7a93b1f2c32dd4.jpg,DRIP,336,336,6,72,6597.0,32781.0,14112,25266,0.20124462340990207,0.26110187603894564
5d7a93b1f2c32dd4.jpg,Fixed,336,336,6,72,2548.0,36830.0,14112,25266,0.06918273146891121,0.10084698804717802
5d7a93b1f2c32dd4.jpg,PruneSID,336,336,6,71,7394.0,31788.0,13916,25266,0.2326034981754121,0.2926462439642207
5d890ade3487ede0.jpg,DRIP,336,336,2,72,1434.0,16878.0,14112,4200,0.084962673302524,0.3414285714285714
5d890ade3487ede0.jpg,Fixed,336,336,2,72,490.0,17822.0,14112,4200,0.02749410840534171,0.11666666666666667
5d890ade3487ede0.jpg,PruneSID,336,336,2,71,1330.0,16786.0,13916,4200,0.07923269391159299,0.31666666666666665
5d8933749b1009fb.jpg,DRIP,336,336,0,73,,,14308,0,,
5d8933749b1009fb.jpg,Fixed,336,336,0,72,,,14112,0,,
5d8933749b1009fb.jpg,PruneSID,336,336,0,71,,,13916,0,,
5da3c30357b7fd2b.jpg,DRIP,336,336,0,73,,,14308,0,,
5da3c30357b7fd2b.jpg,Fixed,336,336,0,72,,,14112,0,,
5da3c30357b7fd2b.jpg,PruneSID,336,336,0,71,,,13916,0,,
5de7c66f14940b48.jpg,DRIP,336,336,24,73,5186.0,29924.0,14308,20802,0.1733057077930758,0.24930295163926547
5de7c66f14940b48.jpg,Fixed,336,336,24,72,2270.0,32644.0,14112,20802,0.06953804680798922,0.10912412268051148
5de7c66f14940b48.jpg,PruneSID,336,336,24,71,3724.0,30994.0,13916,20802,0.12015228753952378,0.17902124795692723
5e1987f14c81a9ae.jpg,DRIP,336,336,1,72,1050.0,14497.0,14112,1435,0.07242877836793819,0.7317073170731707
5e1987f14c81a9ae.jpg,Fixed,336,336,1,72,490.0,15057.0,14112,1435,0.032543003254300325,0.34146341463414637
5e1987f14c81a9ae.jpg,PruneSID,336,336,1,71,424.0,14927.0,13916,1435,0.028404903865478663,0.2954703832752613
5e1c75ed611db338.jpg,DRIP,336,336,0,73,,,14308,0,,
5e1c75ed611db338.jpg,Fixed,336,336,0,72,,,14112,0,,
5e1c75ed611db338.jpg,PruneSID,336,336,0,71,,,13916,0,,
5e3c9f490606e41b.jpg,DRIP,336,336,21,73,6810.0,42499.0,14308,35001,0.16023906444857525,0.1945658695465844
5e3c9f490606e41b.jpg,Fixed,336,336,21,72,5062.0,44051.0,14112,35001,0.11491226078863136,0.14462443930173424
5e3c9f490606e41b.jpg,PruneSID,336,336,21,71,7669.0,41248.0,13916,35001,0.18592416602017067,0.21910802548498615
5e419d1694484dd5.jpg,DRIP,336,336,8,73,4247.0,23599.0,14308,13538,0.17996525276494768,0.31370955828039593
5e419d1694484dd5.jpg,Fixed,336,336,8,72,1974.0,25676.0,14112,13538,0.07688113413304253,0.14581178903826267
5e419d1694484dd5.jpg,PruneSID,336,336,8,71,2974.0,24480.0,13916,13538,0.12148692810457516,0.21967794356625794
5e46742c4dd18e37.jpg,DRIP,336,336,9,73,2954.0,19579.0,14308,8225,0.15087593850554165,0.35914893617021276
5e46742c4dd18e37.jpg,Fixed,336,336,9,72,640.0,21697.0,14112,8225,0.029497165506752087,0.07781155015197569
5e46742c4dd18e37.jpg,PruneSID,336,336,9,71,3250.0,18891.0,13916,8225,0.17203959557461224,0.3951367781155015
5e49cd7cd401229d.jpg,DRIP,336,336,1,72,,,14112,0,,
5e49cd7cd401229d.jpg,Fixed,336,336,1,72,,,14112,0,,
5e49cd7cd401229d.jpg,PruneSID,336,336,1,71,,,13916,0,,
5e4b47f14aaf1772.jpg,DRIP,336,336,8,72,2708.0,21689.0,14112,10285,0.12485591774632301,0.2632960622265435
5e4b47f14aaf1772.jpg,Fixed,336,336,8,72,2021.0,22376.0,14112,10285,0.09031998569896317,0.1964997569275644
5e4b47f14aaf1772.jpg,PruneSID,336,336,8,71,4278.0,19923.0,13916,10285,0.21472669778647793,0.41594555177442877
5e9ef9442e666b37.jpg,DRIP,336,336,90,73,749.0,32852.0,14308,19293,0.022799220747595276,0.0388223708080651
5e9ef9442e666b37.jpg,Fixed,336,336,90,72,1895.0,31510.0,14112,19293,0.060139638210092036,0.09822215311252785
5e9ef9442e666b37.jpg,PruneSID,336,336,90,71,3887.0,29322.0,13916,19293,0.13256258099720347,0.20147203648991863
5eab889eb7a1506e.jpg,DRIP,336,336,0,73,,,14308,0,,
5eab889eb7a1506e.jpg,Fixed,336,336,0,72,,,14112,0,,
5eab889eb7a1506e.jpg,PruneSID,336,336,0,71,,,13916,0,,
5ec0ffdfeccccc28.jpg,DRIP,336,336,3,72,573.0,17924.0,14112,4385,0.031968310644945326,0.130672748004561
5ec0ffdfeccccc28.jpg,Fixed,336,336,3,72,784.0,17713.0,14112,4385,0.0442612770281714,0.17879133409350056
5ec0ffdfeccccc28.jpg,PruneSID,336,336,3,71,748.0,17553.0,13916,4385,0.042613798211132,0.17058152793614595
5eca47d2fd4e4a56.jpg,DRIP,336,336,4,72,1051.0,15261.0,14112,2200,0.06886835725050783,0.4777272727272727
5eca47d2fd4e4a56.jpg,Fixed,336,336,4,72,188.0,16124.0,14112,2200,0.011659637806995783,0.08545454545454545
5eca47d2fd4e4a56.jpg,PruneSID,336,336,4,71,785.0,15331.0,13916,2200,0.051203444002348185,0.3568181818181818
5eea957b44dc4166.jpg,DRIP,336,336,5,72,2411.0,17401.0,14112,5700,0.13855525544508937,0.4229824561403509
5eea957b44dc4166.jpg,Fixed,336,336,5,72,531.0,19281.0,14112,5700,0.02754006534930761,0.0931578947368421
5eea957b44dc4166.jpg,PruneSID,336,336,5,71,1127.0,18489.0,13916,5700,0.06095516252907134,0.19771929824561404
5efaf23125629964.jpg,DRIP,336,336,3,72,885.0,16537.0,14112,3310,0.053516357259478745,0.2673716012084592
5efaf23125629964.jpg,Fixed,336,336,3,72,859.0,16563.0,14112,3310,0.051862585280444365,0.2595166163141994
5efaf23125629964.jpg,PruneSID,336,336,3,71,1667.0,15559.0,13916,3310,0.10714056173275917,0.5036253776435046
5f190544bf6829c6.jpg,DRIP,336,336,33,73,6849.0,46091.0,14308,38632,0.1485973400446942,0.17728825843860013
5f190544bf6829c6.jpg,Fixed,336,336,33,72,3931.0,48813.0,14112,38632,0.08053182553827874,0.10175502174363223
5f190544bf6829c6.jpg,PruneSID,336,336,33,71,7372.0,45176.0,13916,38632,0.16318399149991145,0.1908262580244357
5f396ad4f4a0fba3.jpg,DRIP,336,336,5,72,7325.0,32376.0,14112,25589,0.22624783790462072,0.28625581304466763
5f396ad4f4a0fba3.jpg,Fixed,336,336,5,72,3150.0,36551.0,14112,25589,0.0861809526415146,0.12309976943217789
5f396ad4f4a0fba3.jpg,PruneSID,336,336,5,71,3512.0,35993.0,13916,25589,0.09757452838051843,0.13724647309390753
5f47c5b2503de101.jpg,DRIP,336,336,1,73,556.0,17547.0,14308,3795,0.03168632814726164,0.14650856389986824
5f47c5b2503de101.jpg,Fixed,336,336,1,72,770.0,17137.0,14112,3795,0.04493201843963354,0.2028985507246377
5f47c5b2503de101.jpg,PruneSID,336,336,1,71,833.0,16878.0,13916,3795,0.049354188884938976,0.21949934123847167
5f4f5c31749e70de.jpg,DRIP,336,336,31,72,7999.0,73033.0,14112,66920,0.10952583078882148,0.11953078302450687
5f4f5c31749e70de.jpg,Fixed,336,336,31,72,8179.0,72853.0,14112,66920,0.11226716813308991,0.12222056186491333
5f4f5c31749e70de.jpg,PruneSID,336,336,31,71,10895.0,69941.0,13916,66920,0.15577415249996426,0.16280633592349072
5f55d988c71f5298.jpg,DRIP,336,336,11,73,9600.0,45046.0,14308,40338,0.21311548195178262,0.23798899300907334
5f55d988c71f5298.jpg,Fixed,336,336,11,72,4662.0,49788.0,14112,40338,0.09363702096890818,0.11557340473003123
5f55d988c71f5298.jpg,PruneSID,336,336,11,71,5075.0,49179.0,13916,40338,0.10319445291689543,0.1258118895334424
5f5669b908c0bb7b.jpg,DRIP,336,336,1,72,,,14112,0,,
5f5669b908c0bb7b.jpg,Fixed,336,336,1,72,,,14112,0,,
5f5669b908c0bb7b.jpg,PruneSID,336,336,1,71,,,13916,0,,
5f6792e515798dc7.jpg,DRIP,336,336,0,72,,,14112,0,,
5f6792e515798dc7.jpg,Fixed,336,336,0,72,,,14112,0,,
5f6792e515798dc7.jpg,PruneSID,336,336,0,71,,,13916,0,,
5f83cd1846b3456d.jpg,DRIP,336,336,36,72,7454.0,37567.0,14112,30909,0.1984188250326084,0.24115953282215535
5f83cd1846b3456d.jpg,Fixed,336,336,36,72,3691.0,41330.0,14112,30909,0.08930558916041616,0.11941505710310912
5f83cd1846b3456d.jpg,PruneSID,336,336,36,71,5086.0,39739.0,13916,30909,0.1279851027957422,0.16454754278689054
5f9498ef6bcb122c.jpg,DRIP,336,336,20,72,5706.0,33122.0,14112,24716,0.17227220578467484,0.23086259912607218
5f9498ef6bcb122c.jpg,Fixed,336,336,20,72,3509.0,35319.0,14112,24716,0.09935162377190747,0.1419728111344878
5f9498ef6bcb122c.jpg,PruneSID,336,336,20,71,6136.0,32496.0,13916,24716,0.18882323978335794,0.2482602362841884
5f986e4c8c8bd485.jpg,DRIP,336,336,1,73,406.0,14605.0,14308,703,0.02779869907565902,0.577524893314367
5f986e4c8c8bd485.jpg,Fixed,336,336,1,72,266.0,14549.0,14112,703,0.01828304350814489,0.3783783783783784
5f986e4c8c8bd485.jpg,PruneSID,336,336,1,71,588.0,14031.0,13916,703,0.04190720547359419,0.8364153627311522
5f9926c128ebe791.jpg,DRIP,336,336,5,73,3000.0,18383.0,14308,7075,0.1631942555622042,0.42402826855123676
5f9926c128ebe791.jpg,Fixed,336,336,5,72,856.0,20331.0,14112,7075,0.04210319216959323,0.12098939929328621
5f9926c128ebe791.jpg,PruneSID,336,336,5,71,2114.0,18877.0,13916,7075,0.11198813370768661,0.2987985865724382
5fb9567d81e5d23b.jpg,DRIP,336,336,12,72,1822.0,25954.0,14112,13664,0.07020112506742698,0.1333430913348946
5fb9567d81e5d23b.jpg,Fixed,336,336,12,72,1672.0,26104.0,14112,13664,0.06405148636224334,0.12236533957845433
5fb9567d81e5d23b.jpg,PruneSID,336,336,12,71,2134.0,25446.0,13916,13664,0.08386386858445335,0.1561768149882904
5fc62d577339fc52.jpg,DRIP,336,336,8,73,2709.0,18882.0,14308,7283,0.1434699714013346,0.37196210352876563
5fc62d577339fc52.jpg,Fixed,336,336,8,72,476.0,20919.0,14112,7283,0.022754433768344566,0.06535768227378827
5fc62d577339fc52.jpg,PruneSID,336,336,8,71,2432.0,18767.0,13916,7283,0.12958917248361485,0.33392832623918717
5fd5467a48340ea7.jpg,DRIP,336,336,0,72,,,14112,0,,
5fd5467a48340ea7.jpg,Fixed,336,336,0,72,,,14112,0,,
5fd5467a48340ea7.jpg,PruneSID,336,336,0,71,,,13916,0,,
6003ea9bed450c4e.jpg,DRIP,336,336,11,73,3525.0,18683.0,14308,7900,0.18867419579296688,0.4462025316455696
6003ea9bed450c4e.jpg,Fixed,336,336,11,72,1293.0,20719.0,14112,7900,0.06240648679955596,0.16367088607594937
6003ea9bed450c4e.jpg,PruneSID,336,336,11,71,1812.0,20004.0,13916,7900,0.09058188362327535,0.22936708860759494
6008c59046863c85.jpg,DRIP,336,336,0,73,,,14308,0,,
6008c59046863c85.jpg,Fixed,336,336,0,72,,,14112,0,,
6008c59046863c85.jpg,PruneSID,336,336,0,71,,,13916,0,,
6011849e7cb75a9b.jpg,DRIP,336,336,1,73,1547.0,14826.0,14308,2065,0.10434372049102927,0.7491525423728813
6011849e7cb75a9b.jpg,Fixed,336,336,1,72,490.0,15687.0,14112,2065,0.031236055332440876,0.23728813559322035
6011849e7cb75a9b.jpg,PruneSID,336,336,1,71,630.0,15351.0,13916,2065,0.04103967168262654,0.3050847457627119
60626c92b1b6de26.jpg,DRIP,336,336,3,72,1381.0,15603.0,14112,2872,0.08850862013715312,0.48084958217270196
60626c92b1b6de26.jpg,Fixed,336,336,3,72,640.0,16344.0,14112,2872,0.03915810083210964,0.22284122562674094
60626c92b1b6de26.jpg,PruneSID,336,336,3,71,1081.0,15707.0,13916,2872,0.06882281785191316,0.3763927576601671
606431c3ec6cea33.jpg,DRIP,336,336,2,73,1578.0,17603.0,14308,4873,0.08964381071408282,0.323825159039606
606431c3ec6cea33.jpg,Fixed,336,336,2,72,770.0,18215.0,14112,4873,0.04227285204501784,0.1580135440180587
606431c3ec6cea33.jpg,PruneSID,336,336,2,71,881.0,17908.0,13916,4873,0.049195890104981016,0.1807921198440386
607b023cd68febab.jpg,DRIP,336,336,3,73,1271.0,18962.0,14308,5925,0.0670287944309672,0.21451476793248944
607b023cd68febab.jpg,Fixed,336,336,3,72,850.0,19187.0,14112,5925,0.04430082868608954,0.14345991561181434
607b023cd68febab.jpg,PruneSID,336,336,3,71,2324.0,17517.0,13916,5925,0.1326711194839299,0.3922362869198312
60a0b637c61c30d2.jpg,DRIP,336,336,0,72,,,14112,0,,
60a0b637c61c30d2.jpg,Fixed,336,336,0,72,,,14112,0,,
60a0b637c61c30d2.jpg,PruneSID,336,336,0,71,,,13916,0,,
60b31ca132993c1f.jpg,DRIP,336,336,0,73,,,14308,0,,
60b31ca132993c1f.jpg,Fixed,336,336,0,72,,,14112,0,,
60b31ca132993c1f.jpg,PruneSID,336,336,0,71,,,13916,0,,
60b9d758a15ea0b6.jpg,DRIP,336,336,14,73,11702.0,60140.0,14308,57534,0.19457931493182573,0.20339277644523238
60b9d758a15ea0b6.jpg,Fixed,336,336,14,72,7132.0,64514.0,14112,57534,0.11054964813838856,0.12396148364445371
60b9d758a15ea0b6.jpg,PruneSID,336,336,14,71,9461.0,61989.0,13916,57534,0.15262385261901304,0.16444189522717
60d6741e7b7819e9.jpg,DRIP,336,336,1,72,4305.0,17546.0,14112,7739,0.24535506668186483,0.556273420338545
60d6741e7b7819e9.jpg,Fixed,336,336,1,72,994.0,20857.0,14112,7739,0.047657860670278565,0.12844036697247707
60d6741e7b7819e9.jpg,PruneSID,336,336,1,71,2945.0,18710.0,13916,7739,0.15740245857830037,0.38054012146272126
60fd879040955560.jpg,DRIP,336,336,0,72,,,14112,0,,
60fd879040955560.jpg,Fixed,336,336,0,72,,,14112,0,,
60fd879040955560.jpg,PruneSID,336,336,0,71,,,13916,0,,
60fee99bec565e30.jpg,DRIP,336,336,1,73,56.0,15722.0,14308,1470,0.003561887800534283,0.0380952380952381
60fee99bec565e30.jpg,Fixed,336,336,1,72,466.0,15116.0,14112,1470,0.030828261444826675,0.31700680272108844
60fee99bec565e30.jpg,PruneSID,336,336,1,71,318.0,15068.0,13916,1470,0.02110432705070348,0.2163265306122449
610778737f236145.jpg,DRIP,336,336,13,72,1120.0,16312.0,14112,3320,0.06866110838646396,0.3373493975903614
610778737f236145.jpg,Fixed,336,336,13,72,664.0,16768.0,14112,3320,0.03959923664122137,0.2
610778737f236145.jpg,PruneSID,336,336,13,71,443.0,16793.0,13916,3320,0.026380039302090156,0.13343373493975905
611c1491edebdc84.jpg,DRIP,336,336,3,73,4105.0,20183.0,14308,9980,0.2033889907347768,0.41132264529058116
611c1491edebdc84.jpg,Fixed,336,336,3,72,1169.0,22923.0,14112,9980,0.05099681542555512,0.11713426853707415
611c1491edebdc84.jpg,PruneSID,336,336,3,71,2940.0,20956.0,13916,9980,0.1402939492269517,0.29458917835671344
616c4bf636e12dbd.jpg,DRIP,336,336,1,73,400.0,14711.0,14308,803,0.027190537692882877,0.49813200498132004
616c4bf636e12dbd.jpg,Fixed,336,336,1,72,82.0,14833.0,14112,803,0.005528214117171172,0.10211706102117062
616c4bf636e12dbd.jpg,PruneSID,336,336,1,71,554.0,14165.0,13916,803,0.03911048358630427,0.6899128268991283
61715b8521ae5d6a.jpg,DRIP,336,336,1,73,252.0,18481.0,14308,4425,0.013635625777825875,0.05694915254237288
61715b8521ae5d6a.jpg,Fixed,336,336,1,72,36.0,18501.0,14112,4425,0.0019458407653640344,0.008135593220338983
61715b8521ae5d6a.jpg,PruneSID,336,336,1,71,404.0,17937.0,13916,4425,0.022523275910129897,0.09129943502824858
61780b5dc890589c.jpg,DRIP,336,336,40,73,5291.0,35933.0,14308,26916,0.1472462638799989,0.19657452816168822
61780b5dc890589c.jpg,Fixed,336,336,40,72,3096.0,37932.0,14112,26916,0.08161974058842139,0.11502452073116362
61780b5dc890589c.jpg,PruneSID,336,336,40,71,6608.0,34224.0,13916,26916,0.19308087891538103,0.24550453262000296
617d546d903b0cbb.jpg,DRIP,336,336,9,72,2315.0,20699.0,14112,8902,0.11184115174646118,0.26005392046731074
617d546d903b0cbb.jpg,Fixed,336,336,9,72,1111.0,21903.0,14112,8902,0.05072364516276309,0.12480341496292968
617d546d903b0cbb.jpg,PruneSID,336,336,9,71,1851.0,20967.0,13916,8902,0.08828158534840463,0.20793080206695125
61878ffc2fe16bc1.jpg,DRIP,336,336,6,72,1302.0,17171.0,14112,4361,0.07582551977170811,0.2985553772070626
61878ffc2fe16bc1.jpg,Fixed,336,336,6,72,693.0,17780.0,14112,4361,0.03897637795275591,0.15890850722311398
61878ffc2fe16bc1.jpg,PruneSID,336,336,6,71,1062.0,17215.0,13916,4361,0.061690386291025266,0.24352212795230452
61956cd818b79cb8.jpg,DRIP,336,336,30,72,6874.0,45787.0,14112,38549,0.15012994954899864,0.17831850372253497
61956cd818b79cb8.jpg,Fixed,336,336,30,72,4384.0,48277.0,14112,38549,0.09080928806678128,0.11372538846662689
61956cd818b79cb8.jpg,PruneSID,336,336,30,71,7256.0,45209.0,13916,38549,0.16049901568271804,0.1882279695971361
61b7cfda8873dc5d.jpg,DRIP,336,336,1,73,2436.0,15391.0,14308,3519,0.1582743161587941,0.6922421142369991
61b7cfda8873dc5d.jpg,Fixed,336,336,1,72,286.0,17345.0,14112,3519,0.01648890170077832,0.08127308894572322
61b7cfda8873dc5d.jpg,PruneSID,336,336,1,71,1357.0,16078.0,13916,3519,0.08440104490608284,0.38562091503267976
61b81725dfda110a.jpg,DRIP,336,336,1,73,4115.0,16476.0,14308,6283,0.24975722262685118,0.6549419067324527
61b81725dfda110a.jpg,Fixed,336,336,1,72,755.0,19640.0,14112,6283,0.03844195519348269,0.12016552602260067
61b81725dfda110a.jpg,PruneSID,336,336,1,71,1259.0,18940.0,13916,6283,0.06647307286166843,0.20038198312907846
621199e8fd572ce7.jpg,DRIP,336,336,14,72,1366.0,25242.0,14112,12496,0.054116155613659775,0.10931498079385403
621199e8fd572ce7.jpg,Fixed,336,336,14,72,1335.0,25273.0,14112,12496,0.05282317097297511,0.10683418693982075
621199e8fd572ce7.jpg,PruneSID,336,336,14,71,4770.0,21642.0,13916,12496,0.22040476850568338,0.3817221510883483
622da82e43662fe0.jpg,DRIP,336,336,1,73,499.0,14420.0,14308,611,0.03460471567267684,0.8166939443535188
622da82e43662fe0.jpg,Fixed,336,336,1,72,182.0,14541.0,14112,611,0.01251633312702015,0.2978723404255319
622da82e43662fe0.jpg,PruneSID,336,336,1,71,266.0,14261.0,13916,611,0.018652268424374167,0.4353518821603928
62388cf504d0a9f7.jpg,DRIP,336,336,10,73,1423.0,18421.0,14308,5536,0.07724879213940611,0.25704479768786126
62388cf504d0a9f7.jpg,Fixed,336,336,10,72,708.0,18940.0,14112,5536,0.03738120380147835,0.12789017341040462
62388cf504d0a9f7.jpg,PruneSID,336,336,10,71,1269.0,18183.0,13916,5536,0.06979046361986471,0.22922687861271676
624ccb9f28624440.jpg,DRIP,336,336,1,72,1340.0,14878.0,14112,2106,0.09006586906842318,0.6362773029439696
624ccb9f28624440.jpg,Fixed,336,336,1,72,378.0,15840.0,14112,2106,0.023863636363636365,0.1794871794871795
624ccb9f28624440.jpg,PruneSID,336,336,1,71,1058.0,14964.0,13916,2106,0.0707030205827319,0.5023741690408358
6262c8bcd05dc110.jpg,DRIP,336,336,1,73,1120.0,15908.0,14308,2720,0.0704048277596178,0.4117647058823529
6262c8bcd05dc110.jpg,Fixed,336,336,1,72,68.0,16764.0,14112,2720,0.0040563111429253165,0.025
6262c8bcd05dc110.jpg,PruneSID,336,336,1,71,1180.0,15456.0,13916,2720,0.07634575569358178,0.4338235294117647
6266e654a5222268.jpg,DRIP,336,336,1,73,2506.0,29637.0,14308,17835,0.08455646657893849,0.14051023268853377
6266e654a5222268.jpg,Fixed,336,336,1,72,2436.0,29511.0,14112,17835,0.08254549151163973,0.13658536585365855
6266e654a5222268.jpg,PruneSID,336,336,1,71,2016.0,29735.0,13916,17835,0.06779889019673785,0.11303616484440707
627320ba46373ab9.jpg,DRIP,336,336,3,73,3682.0,17598.0,14308,6972,0.2092283214001591,0.5281124497991968
627320ba46373ab9.jpg,Fixed,336,336,3,72,924.0,20160.0,14112,6972,0.04583333333333333,0.13253012048192772
627320ba46373ab9.jpg,PruneSID,336,336,3,71,2268.0,18620.0,13916,6972,0.12180451127819548,0.3253012048192771
62a01e342061cb34.jpg,DRIP,336,336,8,73,3360.0,31707.0,14308,20759,0.10597029047213549,0.16185750758707068
62a01e342061cb34.jpg,Fixed,336,336,8,72,2316.0,32555.0,14112,20759,0.0711411457533405,0.11156606772965942
62a01e342061cb34.jpg,PruneSID,336,336,8,71,1974.0,32701.0,13916,20759,0.06036512644873245,0.09509128570740402
62b8d0cad97f0897.jpg,DRIP,336,336,1,73,325.0,14643.0,14308,660,0.022194905415556923,0.49242424242424243
62b8d0cad97f0897.jpg,Fixed,336,336,1,72,154.0,14618.0,14112,660,0.010534956902449035,0.23333333333333334
62b8d0cad97f0897.jpg,PruneSID,336,336,1,71,456.0,14120.0,13916,660,0.03229461756373938,0.6909090909090909
62bf3934c73f20e2.jpg,DRIP,336,336,18,72,6647.0,45722.0,14112,38257,0.14537859236253883,0.17374598112763678
62bf3934c73f20e2.jpg,Fixed,336,336,18,72,4663.0,47706.0,14112,38257,0.0977445185092022,0.12188619076247484
62bf3934c73f20e2.jpg,PruneSID,336,336,18,71,7343.0,44830.0,13916,38257,0.1637965648003569,0.19193873016702825
62c415e7266fd14b.jpg,DRIP,336,336,12,72,3274.0,26474.0,14112,15636,0.12366850494825112,0.20938859043233563
62c415e7266fd14b.jpg,Fixed,336,336,12,72,1324.0,28424.0,14112,15636,0.046580354629890235,0.08467638782297263
62c415e7266fd14b.jpg,PruneSID,336,336,12,71,4302.0,25250.0,13916,15636,0.1703762376237624,0.27513430544896395
62dc129323c2e4e0.jpg,DRIP,336,336,6,72,3260.0,21352.0,14112,10500,0.15267890595728736,0.31047619047619046
62dc129323c2e4e0.jpg,Fixed,336,336,6,72,1394.0,23218.0,14112,10500,0.06003962442932208,0.13276190476190478
62dc129323c2e4e0.jpg,PruneSID,336,336,6,71,3860.0,20556.0,13916,10500,0.18777972368165013,0.3676190476190476
62eba18175169236.jpg,DRIP,336,336,7,72,2959.0,20748.0,14112,9595,0.1426161557740505,0.30838978634705577
62eba18175169236.jpg,Fixed,336,336,7,72,1542.0,22165.0,14112,9595,0.06956914053688247,0.16070870244919228
62eba18175169236.jpg,PruneSID,336,336,7,71,3507.0,20004.0,13916,9595,0.17531493701259748,0.3655028660760813
63496ba03dae4e82.jpg,DRIP,336,336,7,72,1180.0,16881.0,14112,3949,0.06990107221136188,0.29880982527222083
63496ba03dae4e82.jpg,Fixed,336,336,7,72,620.0,17441.0,14112,3949,0.03554842038873918,0.1570017726006584
63496ba03dae4e82.jpg,PruneSID,336,336,7,71,2405.0,15460.0,13916,3949,0.1555627425614489,0.6090149404912636
638959deb5a9ee65.jpg,DRIP,336,336,0,72,,,14112,0,,
638959deb5a9ee65.jpg,Fixed,336,336,0,72,,,14112,0,,
638959deb5a9ee65.jpg,PruneSID,336,336,0,71,,,13916,0,,
638a5e961a218f20.jpg,DRIP,336,336,6,73,6652.0,24552.0,14308,16896,0.27093515803193224,0.3937026515151515
638a5e961a218f20.jpg,Fixed,336,336,6,72,1799.0,29209.0,14112,16896,0.06159060563524941,0.1064749053030303
638a5e961a218f20.jpg,PruneSID,336,336,6,71,4495.0,26317.0,13916,16896,0.17080214310141734,0.26603929924242425
639e099d178f5dfc.jpg,DRIP,336,336,13,72,4651.0,32626.0,14112,23165,0.14255501747072888,0.20077703431901575
639e099d178f5dfc.jpg,Fixed,336,336,13,72,2888.0,34389.0,14112,23165,0.08398034255139725,0.12467083962875027
639e099d178f5dfc.jpg,PruneSID,336,336,13,71,5707.0,31374.0,13916,23165,0.18190221202269394,0.24636304770127349
63a227c95576c6e0.jpg,DRIP,336,336,2,72,966.0,18037.0,14112,4891,0.05355657814492432,0.19750562257207116
63a227c95576c6e0.jpg,Fixed,336,336,2,72,770.0,18233.0,14112,4891,0.04223111939889212,0.15743201799223064
63a227c95576c6e0.jpg,PruneSID,336,336,2,71,1094.0,17713.0,13916,4891,0.06176254728165754,0.2236761398487017
63c6cd6379057819.jpg,DRIP,336,336,5,72,820.0,15928.0,14112,2636,0.051481667503766954,0.3110773899848255
63c6cd6379057819.jpg,Fixed,336,336,5,72,195.0,16553.0,14112,2636,0.011780341931976078,0.07397572078907436
63c6cd6379057819.jpg,PruneSID,336,336,5,71,1935.0,14617.0,13916,2636,0.13238010535677636,0.7340667678300455
63dccc49f5dc260f.jpg,DRIP,336,336,2,72,645.0,14883.0,14112,1416,0.043338036686151986,0.4555084745762712
63dccc49f5dc260f.jpg,Fixed,336,336,2,72,0.0,15528.0,14112,1416,0.0,0.0
63dccc49f5dc260f.jpg,PruneSID,336,336,2,71,946.0,14386.0,13916,1416,0.06575837619908244,0.6680790960451978
63f0da840709e8b6.jpg,DRIP,336,336,2,73,1503.0,15130.0,14308,2325,0.09933906146728354,0.6464516129032258
63f0da840709e8b6.jpg,Fixed,336,336,2,72,322.0,16115.0,14112,2325,0.019981383803909403,0.13849462365591397
63f0da840709e8b6.jpg,PruneSID,336,336,2,71,817.0,15424.0,13916,2325,0.05296939834024896,0.3513978494623656
6453fd79ed1354ce.jpg,DRIP,336,336,1,72,5502.0,18858.0,14112,10248,0.29175946547884185,0.5368852459016393
6453fd79ed1354ce.jpg,Fixed,336,336,1,72,854.0,23506.0,14112,10248,0.03633114949374628,0.08333333333333333
6453fd79ed1354ce.jpg,PruneSID,336,336,1,71,1904.0,22260.0,13916,10248,0.08553459119496855,0.18579234972677597
645a0a7e5383b19d.jpg,DRIP,336,336,1,72,1638.0,14539.0,14112,2065,0.11266249398170439,0.7932203389830509
645a0a7e5383b19d.jpg,Fixed,336,336,1,72,42.0,16135.0,14112,2065,0.0026030368763557484,0.020338983050847456
645a0a7e5383b19d.jpg,PruneSID,336,336,1,71,588.0,15393.0,13916,2065,0.03819918144611187,0.2847457627118644
645a588b44b7ddd0.jpg,DRIP,336,336,0,72,,,14112,0,,
645a588b44b7ddd0.jpg,Fixed,336,336,0,72,,,14112,0,,
645a588b44b7ddd0.jpg,PruneSID,336,336,0,71,,,13916,0,,
647df7c33436f0e5.jpg,DRIP,336,336,2,72,1238.0,16066.0,14112,3192,0.07705713930038591,0.38784461152882205
647df7c33436f0e5.jpg,Fixed,336,336,2,72,55.0,17249.0,14112,3192,0.0031885906429358225,0.017230576441102756
647df7c33436f0e5.jpg,PruneSID,336,336,2,71,1008.0,16100.0,13916,3192,0.06260869565217392,0.3157894736842105
64897b2a0f6f89f2.jpg,DRIP,336,336,8,73,6164.0,25902.0,14308,17758,0.23797390162921783,0.3471111611667981
64897b2a0f6f89f2.jpg,Fixed,336,336,8,72,2078.0,29792.0,14112,17758,0.06975026852846401,0.1170176821714157
64897b2a0f6f89f2.jpg,PruneSID,336,336,8,71,3750.0,27924.0,13916,17758,0.13429308122045552,0.21117242932762698
64d5279969e37249.jpg,DRIP,336,336,4,72,1223.0,16442.0,14112,3553,0.07438267850626444,0.3442161553616662
64d5279969e37249.jpg,Fixed,336,336,4,72,340.0,17325.0,14112,3553,0.019624819624819625,0.09569377990430622
64d5279969e37249.jpg,PruneSID,336,336,4,71,2632.0,14837.0,13916,3553,0.17739435195794298,0.7407824373768647
64f4bbe869660690.jpg,DRIP,336,336,5,72,2025.0,16710.0,14112,4623,0.12118491921005387,0.4380272550292018
64f4bbe869660690.jpg,Fixed,336,336,5,72,701.0,18034.0,14112,4623,0.03887102140401464,0.15163313865455333
64f4bbe869660690.jpg,PruneSID,336,336,5,71,2622.0,15917.0,13916,4623,0.16472953446001132,0.5671641791044776
6521e28498876ca1.jpg,DRIP,336,336,148,72,6787.0,67327.0,14112,60002,0.10080651150355727,0.1131128962367921
6521e28498876ca1.jpg,Fixed,336,336,148,72,8014.0,66100.0,14112,60002,0.12124054462934947,0.1335622145928469
6521e28498876ca1.jpg,PruneSID,336,336,148,71,10060.0,63858.0,13916,60002,0.15753703529706536,0.16766107796406787
652d92e78bd3402c.jpg,DRIP,336,336,0,72,,,14112,0,,
652d92e78bd3402c.jpg,Fixed,336,336,0,72,,,14112,0,,
652d92e78bd3402c.jpg,PruneSID,336,336,0,71,,,13916,0,,
653215b5b06a2034.jpg,DRIP,336,336,3,73,80.0,32143.0,14308,17915,0.0024888778272096567,0.004465531677365337
653215b5b06a2034.jpg,Fixed,336,336,3,72,2450.0,29577.0,14112,17915,0.08283463502045509,0.13675690761931342
653215b5b06a2034.jpg,PruneSID,336,336,3,71,1118.0,30713.0,13916,17915,0.03640152378471657,0.06240580519118057
655dcd26ef3108ff.jpg,DRIP,336,336,66,73,7711.0,67001.0,14308,60404,0.1150878345099327,0.1276571088007417
655dcd26ef3108ff.jpg,Fixed,336,336,66,72,6613.0,67903.0,14112,60404,0.09738892243347128,0.109479504668565
655dcd26ef3108ff.jpg,PruneSID,336,336,66,71,8717.0,65603.0,13916,60404,0.13287502095940734,0.1443116349910602
6563299f516925e8.jpg,DRIP,336,336,1,72,0.0,14549.0,14112,437,0.0,0.0
6563299f516925e8.jpg,Fixed,336,336,1,72,0.0,14549.0,14112,437,0.0,0.0
6563299f516925e8.jpg,PruneSID,336,336,1,71,0.0,14353.0,13916,437,0.0,0.0
657bcc1c27cacad8.jpg,DRIP,336,336,0,73,,,14308,0,,
657bcc1c27cacad8.jpg,Fixed,336,336,0,72,,,14112,0,,
657bcc1c27cacad8.jpg,PruneSID,336,336,0,71,,,13916,0,,
65979ac7f4732d0a.jpg,DRIP,336,336,3,73,729.0,15495.0,14308,1916,0.04704743465634075,0.3804801670146138
65979ac7f4732d0a.jpg,Fixed,336,336,3,72,0.0,16028.0,14112,1916,0.0,0.0
65979ac7f4732d0a.jpg,PruneSID,336,336,3,71,889.0,14943.0,13916,1916,0.05949273907515225,0.4639874739039666
65ab37dd3812c200.jpg,DRIP,336,336,1,72,265.0,14652.0,14112,805,0.018086268086268086,0.32919254658385094
65ab37dd3812c200.jpg,Fixed,336,336,1,72,242.0,14675.0,14112,805,0.016490630323679728,0.30062111801242236
65ab37dd3812c200.jpg,PruneSID,336,336,1,71,205.0,14516.0,13916,805,0.01412234775420226,0.2546583850931677
65c0fe7e0f03c085.jpg,DRIP,336,336,2,72,2036.0,15869.0,14112,3793,0.12830046001638415,0.5367782757711574
65c0fe7e0f03c085.jpg,Fixed,336,336,2,72,574.0,17331.0,14112,3793,0.033119843055795975,0.1513313999472713
65c0fe7e0f03c085.jpg,PruneSID,336,336,2,71,1338.0,16371.0,13916,3793,0.08172988821696903,0.35275507513841287
65ea9d347e90df6c.jpg,DRIP,336,336,2,73,922.0,15738.0,14308,2352,0.05858431821070022,0.39200680272108845
65ea9d347e90df6c.jpg,Fixed,336,336,2,72,239.0,16225.0,14112,2352,0.014730354391371341,0.1016156462585034
65ea9d347e90df6c.jpg,PruneSID,336,336,2,71,335.0,15933.0,13916,2352,0.02102554446745748,0.14243197278911565
65f66b9f147f1596.jpg,DRIP,336,336,1,73,2870.0,30203.0,14308,18765,0.09502367314505182,0.1529443112176925
65f66b9f147f1596.jpg,Fixed,336,336,1,72,2813.0,30064.0,14112,18765,0.09356705694518361,0.14990674127364775
65f66b9f147f1596.jpg,PruneSID,336,336,1,71,4746.0,27935.0,13916,18765,0.16989439770896725,0.25291766586730613
661d53e3b7d3a94f.jpg,DRIP,336,336,1,73,1568.0,15231.0,14308,2491,0.10294793513229597,0.6294660778803693
661d53e3b7d3a94f.jpg,Fixed,336,336,1,72,0.0,16603.0,14112,2491,0.0,0.0
661d53e3b7d3a94f.jpg,PruneSID,336,336,1,71,1212.0,15195.0,13916,2491,0.07976307996051332,0.4865515857085508
662c0cc572d74dad.jpg,DRIP,336,336,1,73,,,14308,0,,
662c0cc572d74dad.jpg,Fixed,336,336,1,72,,,14112,0,,
662c0cc572d74dad.jpg,PruneSID,336,336,1,71,,,13916,0,,
663348fe09f1567a.jpg,DRIP,336,336,20,72,8395.0,50499.0,14112,44782,0.16624091566169627,0.187463713099013
663348fe09f1567a.jpg,Fixed,336,336,20,72,4537.0,54357.0,14112,44782,0.08346671081921371,0.10131302755571435
663348fe09f1567a.jpg,PruneSID,336,336,20,71,7374.0,51324.0,13916,44782,0.1436754734627075,0.16466437407887097
6633fb968cfc0b15.jpg,DRIP,336,336,0,73,,,14308,0,,
6633fb968cfc0b15.jpg,Fixed,336,336,0,72,,,14112,0,,
6633fb968cfc0b15.jpg,PruneSID,336,336,0,71,,,13916,0,,
6638a8c113349664.jpg,DRIP,336,336,3,72,0.0,14907.0,14112,795,0.0,0.0
6638a8c113349664.jpg,Fixed,336,336,3,72,126.0,14781.0,14112,795,0.008524457073269738,0.15849056603773584
6638a8c113349664.jpg,PruneSID,336,336,3,71,153.0,14558.0,13916,795,0.010509685396345652,0.19245283018867926
6646b6dc34dc4ad6.jpg,DRIP,336,336,0,72,,,14112,0,,
6646b6dc34dc4ad6.jpg,Fixed,336,336,0,72,,,14112,0,,
6646b6dc34dc4ad6.jpg,PruneSID,336,336,0,71,,,13916,0,,
664e94213a2b0b1b.jpg,DRIP,336,336,1,73,380.0,14448.0,14308,520,0.02630121816168328,0.7307692307692307
664e94213a2b0b1b.jpg,Fixed,336,336,1,72,140.0,14492.0,14112,520,0.009660502346121999,0.2692307692307692
664e94213a2b0b1b.jpg,PruneSID,336,336,1,71,380.0,14056.0,13916,520,0.02703471826977803,0.7307692307692307
6652d4ccc348f012.jpg,DRIP,336,336,1,72,3166.0,24218.0,14112,13272,0.13072920967875135,0.2385473176612417
6652d4ccc348f012.jpg,Fixed,336,336,1,72,1176.0,26208.0,14112,13272,0.04487179487179487,0.08860759493670886
6652d4ccc348f012.jpg,PruneSID,336,336,1,71,1470.0,25718.0,13916,13272,0.05715841045182363,0.11075949367088607
6659c1692324cda8.jpg,DRIP,336,336,3,72,1125.0,15659.0,14112,2672,0.07184366817804458,0.42103293413173654
6659c1692324cda8.jpg,Fixed,336,336,3,72,446.0,16338.0,14112,2672,0.02729832292814298,0.16691616766467066
6659c1692324cda8.jpg,PruneSID,336,336,3,71,2028.0,14560.0,13916,2672,0.1392857142857143,0.7589820359281437
666769ea470ccb5c.jpg,DRIP,336,336,0,72,,,14112,0,,
666769ea470ccb5c.jpg,Fixed,336,336,0,72,,,14112,0,,
666769ea470ccb5c.jpg,PruneSID,336,336,0,71,,,13916,0,,
669217362dd32ed2.jpg,DRIP,336,336,0,73,,,14308,0,,
669217362dd32ed2.jpg,Fixed,336,336,0,72,,,14112,0,,
669217362dd32ed2.jpg,PruneSID,336,336,0,71,,,13916,0,,
66a75c9b2e03f2d2.jpg,DRIP,336,336,14,72,2440.0,20178.0,14112,8506,0.12092377837248489,0.2868563367035034
66a75c9b2e03f2d2.jpg,Fixed,336,336,14,72,1463.0,21155.0,14112,8506,0.06915622784211771,0.17199623794968258
66a75c9b2e03f2d2.jpg,PruneSID,336,336,14,71,2242.0,20180.0,13916,8506,0.11110009910802775,0.2635786503644486
66aafef7ca8d2ef2.jpg,DRIP,336,336,0,72,,,14112,0,,
66aafef7ca8d2ef2.jpg,Fixed,336,336,0,72,,,14112,0,,
66aafef7ca8d2ef2.jpg,PruneSID,336,336,0,71,,,13916,0,,
66bca3f1ba87da77.jpg,DRIP,336,336,0,73,,,14308,0,,
66bca3f1ba87da77.jpg,Fixed,336,336,0,72,,,14112,0,,
66bca3f1ba87da77.jpg,PruneSID,336,336,0,71,,,13916,0,,
66ca8e0091131754.jpg,DRIP,336,336,2,72,1075.0,14719.0,14112,1682,0.07303485291120321,0.6391200951248514
66ca8e0091131754.jpg,Fixed,336,336,2,72,189.0,15605.0,14112,1682,0.012111502723486062,0.11236623067776456
66ca8e0091131754.jpg,PruneSID,336,336,2,71,1217.0,14381.0,13916,1682,0.08462554759752451,0.7235434007134364
66ceb3371910d4f3.jpg,DRIP,336,336,4,72,684.0,15386.0,14112,1958,0.04445599896009359,0.34933605720122574
66ceb3371910d4f3.jpg,Fixed,336,336,4,72,238.0,15832.0,14112,1958,0.015032844871147043,0.12155260469867211
66ceb3371910d4f3.jpg,PruneSID,336,336,4,71,819.0,15055.0,13916,1958,0.05440053138492195,0.41828396322778344
66d0b98c45fff752.jpg,DRIP,336,336,5,73,7406.0,40525.0,14308,33623,0.18275138803207897,0.2202658894209321
66d0b98c45fff752.jpg,Fixed,336,336,5,72,4720.0,43015.0,14112,33623,0.1097291642450308,0.14038009695743986
66d0b98c45fff752.jpg,PruneSID,336,336,5,71,3806.0,43733.0,13916,33623,0.08702810234834107,0.11319632394491866
66d3e8d06a0a1588.jpg,DRIP,336,336,1,73,0.0,15671.0,14308,1363,0.0,0.0
66d3e8d06a0a1588.jpg,Fixed,336,336,1,72,397.0,15078.0,14112,1363,0.026329751956492904,0.29126925898752754
66d3e8d06a0a1588.jpg,PruneSID,336,336,1,71,70.0,15209.0,13916,1363,0.004602537970938261,0.05135730007336757
66de27b6b954f622.jpg,DRIP,336,336,1,72,728.0,14259.0,14112,875,0.051055473735886106,0.832
66de27b6b954f622.jpg,Fixed,336,336,1,72,0.0,14987.0,14112,875,0.0,0.0
66de27b6b954f622.jpg,PruneSID,336,336,1,71,228.0,14563.0,13916,875,0.015656114811508616,0.26057142857142856
66e3646d65bf2b9a.jpg,DRIP,336,336,0,72,,,14112,0,,
66e3646d65bf2b9a.jpg,Fixed,336,336,0,72,,,14112,0,,
66e3646d65bf2b9a.jpg,PruneSID,336,336,0,71,,,13916,0,,
66e650e9e332cb40.jpg,DRIP,336,336,2,72,937.0,15714.0,14112,2539,0.059628356879215985,0.3690429302875148
66e650e9e332cb40.jpg,Fixed,336,336,2,72,126.0,16525.0,14112,2539,0.00762481089258699,0.049625836943678614
66e650e9e332cb40.jpg,PruneSID,336,336,2,71,1278.0,15177.0,13916,2539,0.08420636489424788,0.5033477747144545
66ea5f0df0be56b3.jpg,DRIP,336,336,3,72,2076.0,17198.0,14112,5162,0.1207117106640307,0.4021697016660209
66ea5f0df0be56b3.jpg,Fixed,336,336,3,72,108.0,19166.0,14112,5162,0.005634978607951581,0.02092212320805889
66ea5f0df0be56b3.jpg,PruneSID,336,336,3,71,1187.0,17891.0,13916,5162,0.06634620759040859,0.22994963192561022
670d362cf2c5128a.jpg,DRIP,336,336,1,73,700.0,14679.0,14308,1071,0.047687172150691466,0.6535947712418301
670d362cf2c5128a.jpg,Fixed,336,336,1,72,0.0,15183.0,14112,1071,0.0,0.0
670d362cf2c5128a.jpg,PruneSID,336,336,1,71,297.0,14690.0,13916,1071,0.02021783526208305,0.2773109243697479
6729ebc67bc1aadd.jpg,DRIP,336,336,2,73,1789.0,20968.0,14308,8449,0.08532048836322015,0.21174103444194578
6729ebc67bc1aadd.jpg,Fixed,336,336,2,72,1358.0,21203.0,14112,8449,0.06404754044239022,0.16072908036454017
6729ebc67bc1aadd.jpg,PruneSID,336,336,2,71,2046.0,20319.0,13916,8449,0.1006939317879817,0.24215883536513197
67376b1bfb5a6c2f.jpg,DRIP,336,336,26,72,2921.0,25766.0,14112,14575,0.11336645191337422,0.20041166380789022
67376b1bfb5a6c2f.jpg,Fixed,336,336,26,72,2030.0,26657.0,14112,14575,0.07615260531942829,0.1392795883361921
67376b1bfb5a6c2f.jpg,PruneSID,336,336,26,71,4137.0,24354.0,13916,14575,0.16986942596698695,0.28384219554030876
6783f923b2f3d0a3.jpg,DRIP,336,336,4,72,1439.0,14818.0,14112,2145,0.09711162100148468,0.6708624708624709
6783f923b2f3d0a3.jpg,Fixed,336,336,4,72,364.0,15893.0,14112,2145,0.022903164915371546,0.1696969696969697
6783f923b2f3d0a3.jpg,PruneSID,336,336,4,71,1455.0,14606.0,13916,2145,0.09961659591948514,0.6783216783216783
6789ca953c22df90.jpg,DRIP,336,336,2,73,3804.0,35569.0,14308,25065,0.10694706064269448,0.15176540993417115
6789ca953c22df90.jpg,Fixed,336,336,2,72,3180.0,35997.0,14112,25065,0.0883406950579215,0.12687013764213045
6789ca953c22df90.jpg,PruneSID,336,336,2,71,4364.0,34617.0,13916,25065,0.12606522806713463,0.17410732096548973
67a642d85542a3a6.jpg,DRIP,336,336,0,73,,,14308,0,,
67a642d85542a3a6.jpg,Fixed,336,336,0,72,,,14112,0,,
67a642d85542a3a6.jpg,PruneSID,336,336,0,71,,,13916,0,,
67d89a95c910773f.jpg,DRIP,336,336,16,72,5091.0,31333.0,14112,22312,0.16248045191970129,0.22817318035138043
67d89a95c910773f.jpg,Fixed,336,336,16,72,2774.0,33650.0,14112,22312,0.0824368499257058,0.12432771602724992
67d89a95c910773f.jpg,PruneSID,336,336,16,71,5372.0,30856.0,13916,22312,0.17409904070521132,0.24076730010756545
6810de60e4a6ab7c.jpg,DRIP,336,336,1,73,1459.0,15773.0,14308,2924,0.0924998415012997,0.49897400820793436
6810de60e4a6ab7c.jpg,Fixed,336,336,1,72,602.0,16434.0,14112,2924,0.03663137398077157,0.20588235294117646
6810de60e4a6ab7c.jpg,PruneSID,336,336,1,71,630.0,16210.0,13916,2924,0.038864898210980874,0.21545827633378933
6826dfc884d7dea9.jpg,DRIP,336,336,1,73,1772.0,17774.0,14308,5238,0.09969618543940588,0.33829705994654446
6826dfc884d7dea9.jpg,Fixed,336,336,1,72,448.0,18902.0,14112,5238,0.023701195640672943,0.08552882779686903
6826dfc884d7dea9.jpg,PruneSID,336,336,1,71,1848.0,17306.0,13916,5238,0.1067837744134982,0.3528064146620848
683faf24809dbcc4.jpg,DRIP,336,336,1,72,13510.0,109130.0,14112,108528,0.12379730596536241,0.12448400412796698
683faf24809dbcc4.jpg,Fixed,336,336,1,72,13748.0,108892.0,14112,108528,0.1262535356132682,0.12667698658410734
683faf24809dbcc4.jpg,PruneSID,336,336,1,71,13090.0,109354.0,13916,108528,0.11970298297273077,0.1206140350877193
689192b3520b742a.jpg,DRIP,336,336,0,72,,,14112,0,,
689192b3520b742a.jpg,Fixed,336,336,0,72,,,14112,0,,
689192b3520b742a.jpg,PruneSID,336,336,0,71,,,13916,0,,
689c28e8b50a9935.jpg,DRIP,336,336,0,73,,,14308,0,,
689c28e8b50a9935.jpg,Fixed,336,336,0,72,,,14112,0,,
689c28e8b50a9935.jpg,PruneSID,336,336,0,71,,,13916,0,,
68b5732b0c93b243.jpg,DRIP,336,336,1,73,561.0,14944.0,14308,1197,0.03754014989293362,0.46867167919799496
68b5732b0c93b243.jpg,Fixed,336,336,1,72,294.0,15015.0,14112,1197,0.019580419580419582,0.24561403508771928
68b5732b0c93b243.jpg,PruneSID,336,336,1,71,302.0,14811.0,13916,1197,0.020390250489501046,0.252297410192147
68c5c5f0f84ae84e.jpg,DRIP,336,336,6,72,1586.0,17742.0,14112,5216,0.08939240220944651,0.3040644171779141
68c5c5f0f84ae84e.jpg,Fixed,336,336,6,72,616.0,18712.0,14112,5216,0.03292005130397606,0.11809815950920245
68c5c5f0f84ae84e.jpg,PruneSID,336,336,6,71,1638.0,17494.0,13916,5216,0.09363210243512061,0.31403374233128833
68fbb8b73918d5b5.jpg,DRIP,336,336,11,72,2812.0,18371.0,14112,7071,0.15306733438571662,0.3976806675152029
68fbb8b73918d5b5.jpg,Fixed,336,336,11,72,624.0,20559.0,14112,7071,0.030351670801109003,0.08824777259227833
68fbb8b73918d5b5.jpg,PruneSID,336,336,11,71,2189.0,18798.0,13916,7071,0.11644855835727205,0.30957431763541227
6902d82c5cd39616.jpg,DRIP,336,336,2,73,2100.0,16676.0,14308,4468,0.12592947949148478,0.4700089525514772
6902d82c5cd39616.jpg,Fixed,336,336,2,72,490.0,18090.0,14112,4468,0.027086788280818133,0.10966875559534467
6902d82c5cd39616.jpg,PruneSID,336,336,2,71,714.0,17670.0,13916,4468,0.040407470288624785,0.15980304386750224
691234b428df94f5.jpg,DRIP,336,336,2,73,369.0,14634.0,14308,695,0.025215252152521524,0.5309352517985612
691234b428df94f5.jpg,Fixed,336,336,2,72,0.0,14807.0,14112,695,0.0,0.0
691234b428df94f5.jpg,PruneSID,336,336,2,71,369.0,14242.0,13916,695,0.02590928240415672,0.5309352517985612
69123df6ee074cc9.jpg,DRIP,336,336,3,73,2570.0,16658.0,14308,4920,0.15428022571737304,0.5223577235772358
69123df6ee074cc9.jpg,Fixed,336,336,3,72,758.0,18274.0,14112,4920,0.04147969793148736,0.1540650406504065
69123df6ee074cc9.jpg,PruneSID,336,336,3,71,1198.0,17638.0,13916,4920,0.0679215330536342,0.2434959349593496
6930c5140c3a50c3.jpg,DRIP,336,336,1,73,2302.0,23331.0,14308,11325,0.09866700955809866,0.2032671081677704
6930c5140c3a50c3.jpg,Fixed,336,336,1,72,1050.0,24387.0,14112,11325,0.043055726411612746,0.09271523178807947
6930c5140c3a50c3.jpg,PruneSID,336,336,1,71,1213.0,24028.0,13916,11325,0.0504827701015482,0.10710816777041943
6955439fc58fb5dd.jpg,DRIP,336,336,3,73,781.0,15689.0,14308,2162,0.04978010070750207,0.3612395929694727
6955439fc58fb5dd.jpg,Fixed,336,336,3,72,350.0,15924.0,14112,2162,0.02197940216026124,0.16188714153561518
6955439fc58fb5dd.jpg,PruneSID,336,336,3,71,923.0,15155.0,13916,2162,0.06090399208182118,0.4269195189639223
6955c0bc758d7e45.jpg,DRIP,336,336,5,72,1735.0,20474.0,14112,8097,0.08474162352251637,0.21427689267629987
6955c0bc758d7e45.jpg,Fixed,336,336,5,72,1030.0,21179.0,14112,8097,0.04863307993767411,0.127207607755959
6955c0bc758d7e45.jpg,PruneSID,336,336,5,71,2979.0,19034.0,13916,8097,0.15650940422402018,0.3679140422378659
69563590c515bc5d.jpg,DRIP,336,336,5,73,906.0,19431.0,14308,6029,0.04662652462559827,0.15027367722673743
69563590c515bc5d.jpg,Fixed,336,336,5,72,36.0,20105.0,14112,6029,0.001790599353394678,0.005971139492453143
69563590c515bc5d.jpg,PruneSID,336,336,5,71,1132.0,18813.0,13916,6029,0.06017115824164142,0.18775916404047105
6996d2789a9ad4d7.jpg,DRIP,336,336,3,72,1106.0,16702.0,14112,3696,0.06621961441743504,0.29924242424242425
6996d2789a9ad4d7.jpg,Fixed,336,336,3,72,556.0,17252.0,14112,3696,0.032228147461163925,0.15043290043290045
6996d2789a9ad4d7.jpg,PruneSID,336,336,3,71,1206.0,16406.0,13916,3696,0.07350969157625259,0.3262987012987013
6998c3e64c718a80.jpg,DRIP,336,336,0,72,,,14112,0,,
6998c3e64c718a80.jpg,Fixed,336,336,0,72,,,14112,0,,
6998c3e64c718a80.jpg,PruneSID,336,336,0,71,,,13916,0,,
69a8397eb04dd6a1.jpg,DRIP,336,336,0,72,,,14112,0,,
69a8397eb04dd6a1.jpg,Fixed,336,336,0,72,,,14112,0,,
69a8397eb04dd6a1.jpg,PruneSID,336,336,0,71,,,13916,0,,
6a216b22f285cb9b.jpg,DRIP,336,336,2,72,459.0,14799.0,14112,1146,0.03101560916278127,0.4005235602094241
6a216b22f285cb9b.jpg,Fixed,336,336,2,72,0.0,15258.0,14112,1146,0.0,0.0
6a216b22f285cb9b.jpg,PruneSID,336,336,2,71,576.0,14486.0,13916,1146,0.03976252933867182,0.5026178010471204
6a572709ecf80695.jpg,DRIP,336,336,9,73,6972.0,36037.0,14308,28701,0.19346782473568833,0.24291836521375562
6a572709ecf80695.jpg,Fixed,336,336,9,72,3202.0,39611.0,14112,28701,0.08083613137764763,0.11156405700149821
6a572709ecf80695.jpg,PruneSID,336,336,9,71,6308.0,36309.0,13916,28701,0.17373103087388803,0.21978328281244555
6a895268f06332ec.jpg,DRIP,336,336,0,72,,,14112,0,,
6a895268f06332ec.jpg,Fixed,336,336,0,72,,,14112,0,,
6a895268f06332ec.jpg,PruneSID,336,336,0,71,,,13916,0,,
6a8c1aff205ca14f.jpg,DRIP,336,336,9,72,4476.0,21920.0,14112,12284,0.2041970802919708,0.36437642461738845
6a8c1aff205ca14f.jpg,Fixed,336,336,9,72,1586.0,24810.0,14112,12284,0.06392583635630794,0.12911103874959295
6a8c1aff205ca14f.jpg,PruneSID,336,336,9,71,3187.0,23013.0,13916,12284,0.13848694216312518,0.2594431781178769
6aacaa91b500c9b4.jpg,DRIP,336,336,4,73,4920.0,21998.0,14308,12610,0.22365669606327848,0.3901665344964314
6aacaa91b500c9b4.jpg,Fixed,336,336,4,72,1506.0,25216.0,14112,12610,0.059723984771573604,0.11942902458366376
6aacaa91b500c9b4.jpg,PruneSID,336,336,4,71,3208.0,23318.0,13916,12610,0.13757612145123937,0.2544012688342585
6abddbef746c81d1.jpg,DRIP,336,336,0,72,,,14112,0,,
6abddbef746c81d1.jpg,Fixed,336,336,0,72,,,14112,0,,
6abddbef746c81d1.jpg,PruneSID,336,336,0,71,,,13916,0,,
6ad03829ab003de4.jpg,DRIP,336,336,0,73,,,14308,0,,
6ad03829ab003de4.jpg,Fixed,336,336,0,72,,,14112,0,,
6ad03829ab003de4.jpg,PruneSID,336,336,0,71,,,13916,0,,
6ad04581cb951509.jpg,DRIP,336,336,0,72,,,14112,0,,
6ad04581cb951509.jpg,Fixed,336,336,0,72,,,14112,0,,
6ad04581cb951509.jpg,PruneSID,336,336,0,71,,,13916,0,,
6ae9f1777f0f348b.jpg,DRIP,336,336,4,73,5546.0,22239.0,14308,13477,0.24938171680381313,0.4115159160050456
6ae9f1777f0f348b.jpg,Fixed,336,336,4,72,1696.0,25893.0,14112,13477,0.0655003282740509,0.12584403057060176
6ae9f1777f0f348b.jpg,PruneSID,336,336,4,71,5325.0,22068.0,13916,13477,0.24129961935834693,0.3951176077762113
6b1de89eda500c37.jpg,DRIP,336,336,4,72,964.0,16042.0,14112,2894,0.06009225782321406,0.33310297166551484
6b1de89eda500c37.jpg,Fixed,336,336,4,72,446.0,16560.0,14112,2894,0.026932367149758454,0.15411195577055978
6b1de89eda500c37.jpg,PruneSID,336,336,4,71,1162.0,15648.0,13916,2894,0.07425869120654396,0.40152038700760195
6b500558401cfae5.jpg,DRIP,336,336,1,72,3332.0,20716.0,14112,9936,0.16084186136319753,0.3353462157809984
6b500558401cfae5.jpg,Fixed,336,336,1,72,1288.0,22760.0,14112,9936,0.05659050966608084,0.12962962962962962
6b500558401cfae5.jpg,PruneSID,336,336,1,71,2084.0,21768.0,13916,9936,0.09573686144799706,0.20974235104669886
6b5ee93b36f7db02.jpg,DRIP,336,336,1,73,359.0,14799.0,14308,850,0.024258395837556592,0.4223529411764706
6b5ee93b36f7db02.jpg,Fixed,336,336,1,72,238.0,14724.0,14112,850,0.016164085846237436,0.28
6b5ee93b36f7db02.jpg,PruneSID,336,336,1,71,532.0,14234.0,13916,850,0.03737529858086272,0.6258823529411764
6b688443b24698b6.jpg,DRIP,336,336,3,73,770.0,15493.0,14308,1955,0.04969986445491512,0.3938618925831202
6b688443b24698b6.jpg,Fixed,336,336,3,72,303.0,15764.0,14112,1955,0.01922100989596549,0.15498721227621484
6b688443b24698b6.jpg,PruneSID,336,336,3,71,1014.0,14857.0,13916,1955,0.06825065625631016,0.5186700767263427
6b73d849db7a79aa.jpg,DRIP,336,336,0,72,,,14112,0,,
6b73d849db7a79aa.jpg,Fixed,336,336,0,72,,,14112,0,,
6b73d849db7a79aa.jpg,PruneSID,336,336,0,71,,,13916,0,,
6ba328da85b2f583.jpg,DRIP,336,336,4,73,1381.0,15247.0,14308,2320,0.09057519512035155,0.5952586206896552
6ba328da85b2f583.jpg,Fixed,336,336,4,72,0.0,16432.0,14112,2320,0.0,0.0
6ba328da85b2f583.jpg,PruneSID,336,336,4,71,952.0,15284.0,13916,2320,0.06228735933001832,0.4103448275862069
6ba9b1e340b1f5a3.jpg,DRIP,336,336,0,73,,,14308,0,,
6ba9b1e340b1f5a3.jpg,Fixed,336,336,0,72,,,14112,0,,
6ba9b1e340b1f5a3.jpg,PruneSID,336,336,0,71,,,13916,0,,
6bb6f91296cc9086.jpg,DRIP,336,336,6,72,1611.0,17042.0,14112,4541,0.09453115831475178,0.3547676723188725
6bb6f91296cc9086.jpg,Fixed,336,336,6,72,365.0,18288.0,14112,4541,0.019958442694663167,0.08037877119577186
6bb6f91296cc9086.jpg,PruneSID,336,336,6,71,1977.0,16480.0,13916,4541,0.1199635922330097,0.4353666593261396
6bcefae84038cb3e.jpg,DRIP,336,336,4,73,4110.0,17047.0,14308,6849,0.2410981404352672,0.6000876040297853
6bcefae84038cb3e.jpg,Fixed,336,336,4,72,798.0,20163.0,14112,6849,0.03957744383276298,0.11651335961454228
6bcefae84038cb3e.jpg,PruneSID,336,336,4,71,2483.0,18282.0,13916,6849,0.13581665025708348,0.3625346765951234
6bf5d64f6ff4b08d.jpg,DRIP,336,336,0,73,,,14308,0,,
6bf5d64f6ff4b08d.jpg,Fixed,336,336,0,72,,,14112,0,,
6bf5d64f6ff4b08d.jpg,PruneSID,336,336,0,71,,,13916,0,,
6c10e191c4713f5f.jpg,DRIP,336,336,2,72,590.0,14461.0,14112,939,0.04079939146670355,0.6283280085197018
6c10e191c4713f5f.jpg,Fixed,336,336,2,72,0.0,15051.0,14112,939,0.0,0.0
6c10e191c4713f5f.jpg,PruneSID,336,336,2,71,939.0,13916.0,13916,939,0.06747628628916355,1.0
6c15613d6e9ace28.jpg,DRIP,336,336,5,73,2008.0,17595.0,14308,5295,0.11412333049161694,0.3792256846081209
6c15613d6e9ace28.jpg,Fixed,336,336,5,72,952.0,18455.0,14112,5295,0.05158493633161745,0.17979225684608122
6c15613d6e9ace28.jpg,PruneSID,336,336,5,71,2128.0,17083.0,13916,5295,0.12456828425920506,0.40188857412653445
6c1a040b7a91d116.jpg,DRIP,336,336,6,73,9713.0,57203.0,14308,52608,0.1697987867769173,0.18462971411192214
6c1a040b7a91d116.jpg,Fixed,336,336,6,72,6803.0,59917.0,14112,52608,0.11354039754994409,0.12931493309002434
6c1a040b7a91d116.jpg,PruneSID,336,336,6,71,7431.0,59093.0,13916,52608,0.12575093496691656,0.1412522810218978
6c2f877da1bb72af.jpg,DRIP,336,336,8,73,4124.0,20445.0,14308,10261,0.2017119100024456,0.4019101452100185
6c2f877da1bb72af.jpg,Fixed,336,336,8,72,838.0,23535.0,14112,10261,0.035606543445931595,0.08166845336711821
6c2f877da1bb72af.jpg,PruneSID,336,336,8,71,1554.0,22623.0,13916,10261,0.06869115501922822,0.15144722736575383
6c8d9fca6be13c16.jpg,DRIP,336,336,2,72,526.0,15892.0,14112,2306,0.033098414296501386,0.22810060711188204
6c8d9fca6be13c16.jpg,Fixed,336,336,2,72,0.0,16418.0,14112,2306,0.0,0.0
6c8d9fca6be13c16.jpg,PruneSID,336,336,2,71,1139.0,15083.0,13916,2306,0.07551548100510508,0.49392888117953165
6c9563d142084343.jpg,DRIP,336,336,7,73,9965.0,76883.0,14308,72540,0.12961252812715424,0.1373724841466777
6c9563d142084343.jpg,Fixed,336,336,7,72,9019.0,77633.0,14112,72540,0.11617482256257004,0.12433140336366143
6c9563d142084343.jpg,PruneSID,336,336,7,71,9996.0,76460.0,13916,72540,0.13073502484959457,0.1377998345740281
6ca0ac1f6ecf957d.jpg,DRIP,336,336,1,72,1022.0,16310.0,14112,3220,0.06266094420600858,0.3173913043478261
6ca0ac1f6ecf957d.jpg,Fixed,336,336,1,72,0.0,17332.0,14112,3220,0.0,0.0
6ca0ac1f6ecf957d.jpg,PruneSID,336,336,1,71,1302.0,15834.0,13916,3220,0.08222811671087533,0.4043478260869565
6cbcc2ebf554af12.jpg,DRIP,336,336,0,72,,,14112,0,,
6cbcc2ebf554af12.jpg,Fixed,336,336,0,72,,,14112,0,,
6cbcc2ebf554af12.jpg,PruneSID,336,336,0,71,,,13916,0,,
6ccc696a4e518fdf.jpg,DRIP,336,336,2,72,2880.0,15479.0,14112,4247,0.18605853091284966,0.6781257358135154
6ccc696a4e518fdf.jpg,Fixed,336,336,2,72,959.0,17400.0,14112,4247,0.05511494252873563,0.22580645161290322
6ccc696a4e518fdf.jpg,PruneSID,336,336,2,71,1704.0,16459.0,13916,4247,0.10352998359560119,0.4012243936896633
6d263d97108b6a0a.jpg,DRIP,336,336,5,72,8444.0,87426.0,14112,81758,0.09658454006817194,0.1032804129259522
6d263d97108b6a0a.jpg,Fixed,336,336,5,72,11172.0,84698.0,14112,81758,0.13190394106118208,0.13664717825778516
6d263d97108b6a0a.jpg,PruneSID,336,336,5,71,8232.0,87442.0,13916,81758,0.09414240296425058,0.10068739450573644
6d32463972dd252f.jpg,DRIP,336,336,1,72,210.0,14560.0,14112,658,0.014423076923076924,0.3191489361702128
6d32463972dd252f.jpg,Fixed,336,336,1,72,0.0,14770.0,14112,658,0.0,0.0
6d32463972dd252f.jpg,PruneSID,336,336,1,71,250.0,14324.0,13916,658,0.017453225356045796,0.3799392097264438
6d739db7ac457ec4.jpg,DRIP,336,336,2,72,1430.0,15509.0,14112,2827,0.09220452640402348,0.5058365758754864
6d739db7ac457ec4.jpg,Fixed,336,336,2,72,623.0,16316.0,14112,2827,0.038183378278989946,0.2203749557835161
6d739db7ac457ec4.jpg,PruneSID,336,336,2,71,1340.0,15403.0,13916,2827,0.08699603973251964,0.4740007074637425
6d84eef3641c4f16.jpg,DRIP,336,336,3,72,3010.0,16840.0,14112,5738,0.17874109263657958,0.5245730219588707
6d84eef3641c4f16.jpg,Fixed,336,336,3,72,938.0,18912.0,14112,5738,0.04959813874788494,0.16347159288950855
6d84eef3641c4f16.jpg,PruneSID,336,336,3,71,2220.0,17434.0,13916,5738,0.12733738671561318,0.3868943882886023
6d9c180202219918.jpg,DRIP,336,336,0,73,,,14308,0,,
6d9c180202219918.jpg,Fixed,336,336,0,72,,,14112,0,,
6d9c180202219918.jpg,PruneSID,336,336,0,71,,,13916,0,,
6dcd8b0fbf6a9f47.jpg,DRIP,336,336,4,72,1206.0,16153.0,14112,3247,0.07466105367424009,0.3714197720973206
6dcd8b0fbf6a9f47.jpg,Fixed,336,336,4,72,515.0,16844.0,14112,3247,0.03057468534789836,0.1586079457961195
6dcd8b0fbf6a9f47.jpg,PruneSID,336,336,4,71,1794.0,15369.0,13916,3247,0.1167284794065977,0.5525100092392978
6e07b56b0e4b89ef.jpg,DRIP,336,336,0,72,,,14112,0,,
6e07b56b0e4b89ef.jpg,Fixed,336,336,0,72,,,14112,0,,
6e07b56b0e4b89ef.jpg,PruneSID,336,336,0,71,,,13916,0,,
6e18b90ea71b6c3f.jpg,DRIP,336,336,1,72,574.0,14483.0,14112,945,0.039632672788786856,0.6074074074074074
6e18b90ea71b6c3f.jpg,Fixed,336,336,1,72,189.0,14868.0,14112,945,0.012711864406779662,0.2
6e18b90ea71b6c3f.jpg,PruneSID,336,336,1,71,854.0,14007.0,13916,945,0.06096951524237881,0.9037037037037037
6e216247183421fd.jpg,DRIP,336,336,1,73,728.0,18668.0,14308,5088,0.03899721448467967,0.1430817610062893
6e216247183421fd.jpg,Fixed,336,336,1,72,0.0,19200.0,14112,5088,0.0,0.0
6e216247183421fd.jpg,PruneSID,336,336,1,71,788.0,18216.0,13916,5088,0.043258673693456304,0.15487421383647798
6e2b45253ccc62c8.jpg,DRIP,336,336,3,72,845.0,14812.0,14112,1545,0.057048339184445046,0.5469255663430421
6e2b45253ccc62c8.jpg,Fixed,336,336,3,72,358.0,15299.0,14112,1545,0.0234002222367475,0.23171521035598705
6e2b45253ccc62c8.jpg,PruneSID,336,336,3,71,699.0,14762.0,13916,1545,0.04735130741091993,0.4524271844660194
6e339a4edabe2bbf.jpg,DRIP,336,336,1,72,1386.0,18831.0,14112,6105,0.07360203919069619,0.22702702702702704
6e339a4edabe2bbf.jpg,Fixed,336,336,1,72,770.0,19447.0,14112,6105,0.039594796112510926,0.12612612612612611
6e339a4edabe2bbf.jpg,PruneSID,336,336,1,71,1386.0,18635.0,13916,6105,0.07437617386638047,0.22702702702702704
6e3e73d00ace5478.jpg,DRIP,336,336,6,73,2026.0,18225.0,14308,5943,0.11116598079561042,0.34090526670031973
6e3e73d00ace5478.jpg,Fixed,336,336,6,72,776.0,19279.0,14112,5943,0.04025105036568287,0.13057378428403163
6e3e73d00ace5478.jpg,PruneSID,336,336,6,71,2016.0,17843.0,13916,5943,0.11298548450372695,0.3392226148409894
6e3f65e6c469be18.jpg,DRIP,336,336,8,73,4304.0,37900.0,14308,27896,0.11356200527704485,0.15428735302552338
6e3f65e6c469be18.jpg,Fixed,336,336,8,72,3711.0,38297.0,14112,27896,0.09690054051231167,0.13302982506452538
6e3f65e6c469be18.jpg,PruneSID,336,336,8,71,5420.0,36392.0,13916,27896,0.14893383161134316,0.19429308861485517
6e42b7b3f9c17082.jpg,DRIP,336,336,0,72,,,14112,0,,
6e42b7b3f9c17082.jpg,Fixed,336,336,0,72,,,14112,0,,
6e42b7b3f9c17082.jpg,PruneSID,336,336,0,71,,,13916,0,,
6e46c7be4f54b0bf.jpg,DRIP,336,336,11,73,6835.0,27297.0,14308,19824,0.2503938161702751,0.34478410008071025
6e46c7be4f54b0bf.jpg,Fixed,336,336,11,72,2252.0,31684.0,14112,19824,0.07107688423178891,0.1135996771589992
6e46c7be4f54b0bf.jpg,PruneSID,336,336,11,71,4246.0,29494.0,13916,19824,0.14396148369159828,0.21418482647296205
6e658f00b2d59af6.jpg,DRIP,336,336,1,73,1414.0,15947.0,14308,3053,0.08866871511883113,0.46315099901735995
6e658f00b2d59af6.jpg,Fixed,336,336,1,72,522.0,16643.0,14112,3053,0.031364537643453705,0.17097936455944973
6e658f00b2d59af6.jpg,PruneSID,336,336,1,71,566.0,16403.0,13916,3053,0.03450588307017009,0.18539141827710448
6ea8366fd7987783.jpg,DRIP,336,336,4,72,1016.0,15491.0,14112,2395,0.06558646956297205,0.4242171189979123
6ea8366fd7987783.jpg,Fixed,336,336,4,72,174.0,16333.0,14112,2395,0.010653278638339559,0.07265135699373695
6ea8366fd7987783.jpg,PruneSID,336,336,4,71,1258.0,15053.0,13916,2395,0.08357138112004252,0.5252609603340292
6ec45c1d68b39686.jpg,DRIP,336,336,8,72,1387.0,17521.0,14112,4796,0.07916214827920781,0.2891993327773144
6ec45c1d68b39686.jpg,Fixed,336,336,8,72,717.0,18191.0,14112,4796,0.0394150953768347,0.14949958298582153
6ec45c1d68b39686.jpg,PruneSID,336,336,8,71,1519.0,17193.0,13916,4796,0.08834990984703077,0.3167222685571309
6ed698f3ec40a47c.jpg,DRIP,336,336,4,72,8022.0,32947.0,14112,26857,0.2434819558685161,0.29869307815467105
6ed698f3ec40a47c.jpg,Fixed,336,336,4,72,3139.0,37830.0,14112,26857,0.08297647369812318,0.11687828126745355
6ed698f3ec40a47c.jpg,PruneSID,336,336,4,71,6120.0,34653.0,13916,26857,0.1766080858800104,0.22787355251889638
6eeade7b68b30cd0.jpg,DRIP,336,336,14,72,9287.0,43972.0,14112,39147,0.21120258346220322,0.23723401537793445
6eeade7b68b30cd0.jpg,Fixed,336,336,14,72,5107.0,48152.0,14112,39147,0.10605997674032232,0.13045699542749126
6eeade7b68b30cd0.jpg,PruneSID,336,336,14,71,7341.0,45722.0,13916,39147,0.1605572809588382,0.187523948195264
6ef8a16ff8ccbd89.jpg,DRIP,336,336,11,72,6736.0,39446.0,14112,32070,0.1707650965877402,0.21004053632678515
6ef8a16ff8ccbd89.jpg,Fixed,336,336,11,72,5510.0,40672.0,14112,32070,0.13547403619197482,0.17181166198939818
6ef8a16ff8ccbd89.jpg,PruneSID,336,336,11,71,6062.0,39924.0,13916,32070,0.1518384931369602,0.18902400997817276
6f081ffa6adc837a.jpg,DRIP,336,336,2,73,1444.0,15667.0,14308,2803,0.09216825173932469,0.5151623260792009
6f081ffa6adc837a.jpg,Fixed,336,336,2,72,510.0,16405.0,14112,2803,0.031088082901554404,0.18194791295041027
6f081ffa6adc837a.jpg,PruneSID,336,336,2,71,991.0,15728.0,13916,2803,0.0630086469989827,0.3535497681056011
6f10b7ebd232a641.jpg,DRIP,336,336,0,72,,,14112,0,,
6f10b7ebd232a641.jpg,Fixed,336,336,0,72,,,14112,0,,
6f10b7ebd232a641.jpg,PruneSID,336,336,0,71,,,13916,0,,
6f7a4307446cd1b1.jpg,DRIP,336,336,18,73,6843.0,30250.0,14308,22785,0.22621487603305784,0.30032916392363396
6f7a4307446cd1b1.jpg,Fixed,336,336,18,72,2516.0,34381.0,14112,22785,0.07317995404438497,0.11042352424840904
6f7a4307446cd1b1.jpg,PruneSID,336,336,18,71,3662.0,33039.0,13916,22785,0.11083870577196646,0.1607197717796796
6f8cc53eafad6f86.jpg,DRIP,336,336,17,72,4498.0,25231.0,14112,15617,0.1782727597003686,0.2880194659665749
6f8cc53eafad6f86.jpg,Fixed,336,336,17,72,2055.0,27674.0,14112,15617,0.07425742574257425,0.13158737273484022
6f8cc53eafad6f86.jpg,PruneSID,336,336,17,71,3661.0,25872.0,13916,15617,0.141504329004329,0.23442402510085164
6fb9d3b5f5412c25.jpg,DRIP,336,336,0,72,,,14112,0,,
6fb9d3b5f5412c25.jpg,Fixed,336,336,0,72,,,14112,0,,
6fb9d3b5f5412c25.jpg,PruneSID,336,336,0,71,,,13916,0,,
6fc4ac429912b49d.jpg,DRIP,336,336,7,73,6963.0,32440.0,14308,25095,0.21464241676942047,0.27746563060370594
6fc4ac429912b49d.jpg,Fixed,336,336,7,72,2722.0,36485.0,14112,25095,0.07460600246676717,0.10846782227535366
6fc4ac429912b49d.jpg,PruneSID,336,336,7,71,4620.0,34391.0,13916,25095,0.13433747201302668,0.18410041841004185
6ff959491eb744be.jpg,DRIP,336,336,2,72,1423.0,14510.0,14112,1821,0.09807029634734665,0.7814387699066447
6ff959491eb744be.jpg,Fixed,336,336,2,72,0.0,15933.0,14112,1821,0.0,0.0
6ff959491eb744be.jpg,PruneSID,336,336,2,71,569.0,15168.0,13916,1821,0.03751318565400844,0.3124656781987919
7062110933af05c6.jpg,DRIP,336,336,15,73,3741.0,29828.0,14308,19261,0.12541906933083008,0.19422667566585328
7062110933af05c6.jpg,Fixed,336,336,15,72,1940.0,31433.0,14112,19261,0.06171857601883371,0.10072166554176834
7062110933af05c6.jpg,PruneSID,336,336,15,71,2146.0,31031.0,13916,19261,0.06915664980181109,0.11141685270754374
70a4e0de3ea8509c.jpg,DRIP,336,336,0,72,,,14112,0,,
70a4e0de3ea8509c.jpg,Fixed,336,336,0,72,,,14112,0,,
70a4e0de3ea8509c.jpg,PruneSID,336,336,0,71,,,13916,0,,
70b5fb121c3f64a0.jpg,DRIP,336,336,11,73,6903.0,59527.0,14308,52122,0.11596418431972046,0.1324392770806953
70b5fb121c3f64a0.jpg,Fixed,336,336,11,72,6556.0,59678.0,14112,52122,0.10985622842588559,0.12578181957714593
70b5fb121c3f64a0.jpg,PruneSID,336,336,11,71,6812.0,59226.0,13916,52122,0.11501705332117651,0.13069337323970684
70f3a933fef6c52d.jpg,DRIP,336,336,4,73,4605.0,22709.0,14308,13006,0.2027830375622,0.35406735352914037
70f3a933fef6c52d.jpg,Fixed,336,336,4,72,1253.0,25865.0,14112,13006,0.04844384303112314,0.09634015069967707
70f3a933fef6c52d.jpg,PruneSID,336,336,4,71,2797.0,24125.0,13916,13006,0.11593782383419689,0.21505459018914347
70fbac7e1cf4c585.jpg,DRIP,336,336,3,73,2811.0,16272.0,14308,4775,0.17275073746312683,0.5886910994764398
70fbac7e1cf4c585.jpg,Fixed,336,336,3,72,763.0,18124.0,14112,4775,0.04209887442065769,0.15979057591623036
70fbac7e1cf4c585.jpg,PruneSID,336,336,3,71,1697.0,16994.0,13916,4775,0.09985877368482994,0.35539267015706805
7169d4b27387ed73.jpg,DRIP,336,336,1,72,182.0,16853.0,14112,2923,0.010799264225953837,0.06226479644201163
7169d4b27387ed73.jpg,Fixed,336,336,1,72,518.0,16517.0,14112,2923,0.03136162741417933,0.17721518987341772
7169d4b27387ed73.jpg,PruneSID,336,336,1,71,938.0,15901.0,13916,2923,0.058990000628891266,0.32090318166267534
71afaeadc3c4eeb8.jpg,DRIP,336,336,8,73,8750.0,41667.0,14308,36109,0.2099983200134399,0.24232185881636156
71afaeadc3c4eeb8.jpg,Fixed,336,336,8,72,3558.0,46663.0,14112,36109,0.07624884812378116,0.09853499127641309
71afaeadc3c4eeb8.jpg,PruneSID,336,336,8,71,6948.0,43077.0,13916,36109,0.1612925691204123,0.19241740286355202
71c32e033fe9f0f0.jpg,DRIP,336,336,2,72,340.0,15774.0,14112,2002,0.021554456700900216,0.16983016983016982
71c32e033fe9f0f0.jpg,Fixed,336,336,2,72,364.0,15750.0,14112,2002,0.02311111111111111,0.18181818181818182
71c32e033fe9f0f0.jpg,PruneSID,336,336,2,71,1302.0,14616.0,13916,2002,0.08908045977011494,0.6503496503496503
71e2433bfd38a9dc.jpg,DRIP,336,336,4,72,3897.0,24177.0,14112,13962,0.16118625139595483,0.27911474000859476
71e2433bfd38a9dc.jpg,Fixed,336,336,4,72,1818.0,26256.0,14112,13962,0.06924131627056673,0.13021057155135368
71e2433bfd38a9dc.jpg,PruneSID,336,336,4,71,2486.0,25392.0,13916,13962,0.09790485192186515,0.1780547199541613
71f1f2ec4981f62c.jpg,DRIP,336,336,6,73,6710.0,29029.0,14308,21431,0.23114816218264495,0.31309784891045683
71f1f2ec4981f62c.jpg,Fixed,336,336,6,72,3263.0,32280.0,14112,21431,0.10108426270136307,0.1522560776445336
71f1f2ec4981f62c.jpg,PruneSID,336,336,6,71,6003.0,29344.0,13916,21431,0.20457333696837512,0.28010825439783493
720256d159dd491c.jpg,DRIP,336,336,1,72,1120.0,14609.0,14112,1617,0.07666506947771921,0.6926406926406926
720256d159dd491c.jpg,Fixed,336,336,1,72,0.0,15729.0,14112,1617,0.0,0.0
720256d159dd491c.jpg,PruneSID,336,336,1,71,952.0,14581.0,13916,1617,0.06529044647143543,0.5887445887445888
724d582a1fb6c06d.jpg,DRIP,336,336,3,72,1712.0,17926.0,14112,5526,0.09550373758786121,0.30980817951501993
724d582a1fb6c06d.jpg,Fixed,336,336,3,72,779.0,18859.0,14112,5526,0.041306537992470437,0.14096996018820124
724d582a1fb6c06d.jpg,PruneSID,336,336,3,71,1260.0,18182.0,13916,5526,0.06929930700692993,0.2280130293159609
726ead95ca987059.jpg,DRIP,336,336,3,73,4036.0,29120.0,14308,18848,0.1385989010989011,0.21413412563667233
726ead95ca987059.jpg,Fixed,336,336,3,72,2004.0,30956.0,14112,18848,0.06473704612999095,0.10632427843803056
726ead95ca987059.jpg,PruneSID,336,336,3,71,3630.0,29134.0,13916,18848,0.12459669115123223,0.19259337860780984
72753228a62694e1.jpg,DRIP,336,336,6,73,5677.0,33960.0,14308,25329,0.16716725559481743,0.2241304433653125
72753228a62694e1.jpg,Fixed,336,336,6,72,2666.0,36775.0,14112,25329,0.07249490142760028,0.10525484622369616
72753228a62694e1.jpg,PruneSID,336,336,6,71,5210.0,34035.0,13916,25329,0.1530777141178199,0.2056930790793162
72a8a96fe0b3da07.jpg,DRIP,336,336,4,72,3598.0,19578.0,14112,9064,0.18377770967412402,0.396954986760812
72a8a96fe0b3da07.jpg,Fixed,336,336,4,72,847.0,22329.0,14112,9064,0.03793273321689283,0.09344660194174757
72a8a96fe0b3da07.jpg,PruneSID,336,336,4,71,3262.0,19718.0,13916,9064,0.16543259965513743,0.3598852603706973
72c8a486a220571c.jpg,DRIP,336,336,1,72,998.0,15952.0,14112,2838,0.06256268806419257,0.35165609584214236
72c8a486a220571c.jpg,Fixed,336,336,1,72,602.0,16348.0,14112,2838,0.03682407633961341,0.21212121212121213
72c8a486a220571c.jpg,PruneSID,336,336,1,71,511.0,16243.0,13916,2838,0.03145970571938681,0.18005637773079633
72d7db8ca956e3da.jpg,DRIP,336,336,0,72,,,14112,0,,
72d7db8ca956e3da.jpg,Fixed,336,336,0,72,,,14112,0,,
72d7db8ca956e3da.jpg,PruneSID,336,336,0,71,,,13916,0,,
72eb8b366b9d1b9c.jpg,DRIP,336,336,19,73,8951.0,62353.0,14308,56996,0.14355363815694513,0.157046108498842
72eb8b366b9d1b9c.jpg,Fixed,336,336,19,72,7249.0,63859.0,14112,56996,0.113515714308085,0.12718436381500456
72eb8b366b9d1b9c.jpg,PruneSID,336,336,19,71,8503.0,62409.0,13916,56996,0.13624637472159465,0.1491859077830023
731a016e680d66f6.jpg,DRIP,336,336,5,73,4179.0,35888.0,14308,25759,0.11644560855996433,0.16223455879498427
731a016e680d66f6.jpg,Fixed,336,336,5,72,3353.0,36518.0,14112,25759,0.09181773372035708,0.13016809658760045
731a016e680d66f6.jpg,PruneSID,336,336,5,71,6857.0,32818.0,13916,25759,0.20894021573526722,0.26619822198066695
732f9756c1f24099.jpg,DRIP,336,336,2,72,2070.0,16806.0,14112,4764,0.12317029632274187,0.4345088161209068
732f9756c1f24099.jpg,Fixed,336,336,2,72,910.0,17966.0,14112,4764,0.05065123010130246,0.1910159529806885
732f9756c1f24099.jpg,PruneSID,336,336,2,71,1802.0,16878.0,13916,4764,0.10676620452660268,0.37825356842989083
7341f2df225ff4ee.jpg,DRIP,336,336,0,73,,,14308,0,,
7341f2df225ff4ee.jpg,Fixed,336,336,0,72,,,14112,0,,
7341f2df225ff4ee.jpg,PruneSID,336,336,0,71,,,13916,0,,
734a4887f5ff0029.jpg,DRIP,336,336,7,73,4243.0,22489.0,14308,12424,0.18867001645248788,0.3415164198325821
734a4887f5ff0029.jpg,Fixed,336,336,7,72,1148.0,25388.0,14112,12424,0.045218213329131875,0.09240180296200902
734a4887f5ff0029.jpg,PruneSID,336,336,7,71,3563.0,22777.0,13916,12424,0.1564297317469377,0.28678364455891825
73552f3b927ebc7b.jpg,DRIP,336,336,4,72,6118.0,28113.0,14112,20119,0.21762174083164373,0.3040906605696108
73552f3b927ebc7b.jpg,Fixed,336,336,4,72,2524.0,31707.0,14112,20119,0.07960387296180654,0.12545355136935235
73552f3b927ebc7b.jpg,PruneSID,336,336,4,71,5262.0,28773.0,13916,20119,0.18287978313001774,0.26154381430488594
7398f2b42aaf44ab.jpg,DRIP,336,336,0,72,,,14112,0,,
7398f2b42aaf44ab.jpg,Fixed,336,336,0,72,,,14112,0,,
7398f2b42aaf44ab.jpg,PruneSID,336,336,0,71,,,13916,0,,
73a1fd52a4477a5a.jpg,DRIP,336,336,1,72,280.0,14432.0,14112,600,0.019401330376940133,0.4666666666666667
73a1fd52a4477a5a.jpg,Fixed,336,336,1,72,78.0,14634.0,14112,600,0.005330053300533005,0.13
73a1fd52a4477a5a.jpg,PruneSID,336,336,1,71,384.0,14132.0,13916,600,0.027172374752335127,0.64
73adf0faaf6732ff.jpg,DRIP,336,336,138,72,4748.0,73095.0,14112,63731,0.06495656337642794,0.07450063548351665
73adf0faaf6732ff.jpg,Fixed,336,336,138,72,8473.0,69370.0,14112,63731,0.12214213637018884,0.132949428064835
73adf0faaf6732ff.jpg,PruneSID,336,336,138,71,9146.0,68501.0,13916,63731,0.13351629903213091,0.14350943810704367
73bddc12bb0e2f04.jpg,DRIP,336,336,21,73,2800.0,33356.0,14308,21848,0.08394291881520566,0.12815818381545221
73bddc12bb0e2f04.jpg,Fixed,336,336,21,72,3183.0,32777.0,14112,21848,0.0971107788998383,0.1456883925302087
73bddc12bb0e2f04.jpg,PruneSID,336,336,21,71,5374.0,30390.0,13916,21848,0.17683448502796972,0.24597217136580007
73d7037f8bf2812a.jpg,DRIP,336,336,5,72,9260.0,29439.0,14112,24587,0.314548727877985,0.3766217920039045
73d7037f8bf2812a.jpg,Fixed,336,336,5,72,3236.0,35463.0,14112,24587,0.09125003524800496,0.1316142677024444
73d7037f8bf2812a.jpg,PruneSID,336,336,5,71,3309.0,35194.0,13916,24587,0.0940217082457237,0.13458331638670842
73d98b6331ab918d.jpg,DRIP,336,336,15,73,7736.0,48321.0,14308,41749,0.16009602450280416,0.18529785144554362
73d98b6331ab918d.jpg,Fixed,336,336,15,72,5192.0,50669.0,14112,41749,0.10246896524502161,0.12436226017389639
73d98b6331ab918d.jpg,PruneSID,336,336,15,71,5764.0,49901.0,13916,41749,0.11550870724033586,0.138063187142207
73eb0d043b666f80.jpg,DRIP,336,336,12,72,7125.0,39754.0,14112,32767,0.1792272475725713,0.21744438001648
73eb0d043b666f80.jpg,Fixed,336,336,12,72,3619.0,43260.0,14112,32767,0.0836569579288026,0.11044648579363384
73eb0d043b666f80.jpg,PruneSID,336,336,12,71,4303.0,42380.0,13916,32767,0.10153374233128834,0.1313211462752159
742dbe0352d80dce.jpg,DRIP,336,336,1,72,196.0,30560.0,14112,16644,0.006413612565445026,0.011776015380918048
742dbe0352d80dce.jpg,Fixed,336,336,1,72,2082.0,28674.0,14112,16644,0.07260933249633815,0.1250901225666907
742dbe0352d80dce.jpg,PruneSID,336,336,1,71,3934.0,26626.0,13916,16644,0.14775031923683618,0.23636145157414082
7449c4c8431e7fca.jpg,DRIP,336,336,3,73,393.0,15344.0,14308,1429,0.0256126173096976,0.27501749475157455
7449c4c8431e7fca.jpg,Fixed,336,336,3,72,616.0,14925.0,14112,1429,0.04127303182579564,0.4310706787963611
7449c4c8431e7fca.jpg,PruneSID,336,336,3,71,812.0,14533.0,13916,1429,0.05587284112020918,0.5682295311406578
74585eacd68ab5c1.jpg,DRIP,336,336,13,73,7724.0,35159.0,14308,28575,0.2196877044284536,0.2703062117235346
74585eacd68ab5c1.jpg,Fixed,336,336,13,72,2970.0,39717.0,14112,28575,0.07477906186267845,0.10393700787401575
74585eacd68ab5c1.jpg,PruneSID,336,336,13,71,5114.0,37377.0,13916,28575,0.1368221098536533,0.1789676290463692
7465dbb3774b9438.jpg,DRIP,336,336,3,72,196.0,17655.0,14112,3739,0.011101670914755026,0.05242043327092805
7465dbb3774b9438.jpg,Fixed,336,336,3,72,462.0,17389.0,14112,3739,0.026568520328943586,0.12356244985290185
7465dbb3774b9438.jpg,PruneSID,336,336,3,71,778.0,16877.0,13916,3739,0.04609824020856787,0.20807702594276545
746af1f297207e16.jpg,DRIP,336,336,1,73,1512.0,15811.0,14308,3015,0.09562962494465878,0.5014925373134328
746af1f297207e16.jpg,Fixed,336,336,1,72,630.0,16497.0,14112,3015,0.038188761593016915,0.208955223880597
746af1f297207e16.jpg,PruneSID,336,336,1,71,1316.0,15615.0,13916,3015,0.08427793788024336,0.43648424543946934
747b11a93ff71751.jpg,DRIP,336,336,22,73,979.0,31698.0,14308,18369,0.030885229352009592,0.05329631444281126
747b11a93ff71751.jpg,Fixed,336,336,22,72,2318.0,30163.0,14112,18369,0.076849119782515,0.12619086504436822
747b11a93ff71751.jpg,PruneSID,336,336,22,71,3839.0,28446.0,13916,18369,0.13495746326372776,0.20899341281506886
748c5210af12fd1c.jpg,DRIP,336,336,2,73,162.0,15241.0,14308,1095,0.010629223804212322,0.14794520547945206
748c5210af12fd1c.jpg,Fixed,336,336,2,72,0.0,15207.0,14112,1095,0.0,0.0
748c5210af12fd1c.jpg,PruneSID,336,336,2,71,420.0,14591.0,13916,1095,0.028784867384003838,0.3835616438356164
74d135a5df49b04d.jpg,DRIP,336,336,1,72,579.0,14562.0,14112,1029,0.039761021837659664,0.5626822157434402
74d135a5df49b04d.jpg,Fixed,336,336,1,72,0.0,15141.0,14112,1029,0.0,0.0
74d135a5df49b04d.jpg,PruneSID,336,336,1,71,504.0,14441.0,13916,1029,0.0349006301502666,0.4897959183673469
74df2b91b22a3198.jpg,DRIP,336,336,1,72,0.0,14817.0,14112,705,0.0,0.0
74df2b91b22a3198.jpg,Fixed,336,336,1,72,203.0,14614.0,14112,705,0.013890789653756671,0.28794326241134754
74df2b91b22a3198.jpg,PruneSID,336,336,1,71,19.0,14602.0,13916,705,0.001301191617586632,0.02695035460992908
7501af49ebfc2914.jpg,DRIP,336,336,8,72,4182.0,25261.0,14112,15331,0.16555164086932425,0.2727806405322549
7501af49ebfc2914.jpg,Fixed,336,336,8,72,1826.0,27617.0,14112,15331,0.06611869500669877,0.11910508120800992
7501af49ebfc2914.jpg,PruneSID,336,336,8,71,3706.0,25541.0,13916,15331,0.14510003523746134,0.24173243754484378
750d2551ed5c1b66.jpg,DRIP,336,336,3,72,3134.0,18897.0,14112,7919,0.16584643065036778,0.3957570400303069
750d2551ed5c1b66.jpg,Fixed,336,336,3,72,1313.0,20718.0,14112,7919,0.0633748431315764,0.16580376310140169
750d2551ed5c1b66.jpg,PruneSID,336,336,3,71,2822.0,19013.0,13916,7919,0.14842476200494398,0.3563581260260134
75313ad130810a50.jpg,DRIP,336,336,18,72,4907.0,46626.0,14112,37421,0.1052417106335521,0.13112957964779134
75313ad130810a50.jpg,Fixed,336,336,18,72,4895.0,46638.0,14112,37421,0.10495733093185815,0.13080890409128565
75313ad130810a50.jpg,PruneSID,336,336,18,71,3980.0,47357.0,13916,37421,0.08404248579935385,0.10635739290772561
753b097c94a2fb4d.jpg,DRIP,336,336,3,73,7375.0,38653.0,14308,31720,0.19080019662121958,0.2325031525851198
753b097c94a2fb4d.jpg,Fixed,336,336,3,72,3752.0,42080.0,14112,31720,0.08916349809885932,0.11828499369482975
753b097c94a2fb4d.jpg,PruneSID,336,336,3,71,6298.0,39338.0,13916,31720,0.16009964919416342,0.19854981084489282
753e596cd20fd631.jpg,DRIP,336,336,4,73,7467.0,32979.0,14308,26138,0.22641681069771674,0.28567602724003366
753e596cd20fd631.jpg,Fixed,336,336,4,72,3864.0,36386.0,14112,26138,0.10619469026548672,0.14783074450990893
753e596cd20fd631.jpg,PruneSID,336,336,4,71,5154.0,34900.0,13916,26138,0.14767908309455588,0.19718417629504936
756dc4aa7f9f110a.jpg,DRIP,336,336,4,73,6123.0,54853.0,14308,46668,0.11162561755965945,0.13120339418873747
756dc4aa7f9f110a.jpg,Fixed,336,336,4,72,6132.0,54648.0,14112,46668,0.11220904699165568,0.13139624582154796
756dc4aa7f9f110a.jpg,PruneSID,336,336,4,71,4997.0,55587.0,13916,46668,0.08989511936244086,0.10707551212822491
7584cd77b5ae0b76.jpg,DRIP,336,336,29,73,3685.0,29411.0,14308,18788,0.12529325762469823,0.19613583138173302
7584cd77b5ae0b76.jpg,Fixed,336,336,29,72,1839.0,31061.0,14112,18788,0.05920607836193297,0.09788162657015116
7584cd77b5ae0b76.jpg,PruneSID,336,336,29,71,5872.0,26832.0,13916,18788,0.21884317233154443,0.31253991909729617
758dbc8a0749404b.jpg,DRIP,336,336,1,73,560.0,14508.0,14308,760,0.03859939343810312,0.7368421052631579
758dbc8a0749404b.jpg,Fixed,336,336,1,72,266.0,14606.0,14112,760,0.018211693824455703,0.35
758dbc8a0749404b.jpg,PruneSID,336,336,1,71,542.0,14134.0,13916,760,0.03834724777133154,0.7131578947368421
7599bdb218fc567e.jpg,DRIP,336,336,4,72,1426.0,16808.0,14112,4122,0.08484055211803902,0.3459485686559922
7599bdb218fc567e.jpg,Fixed,336,336,4,72,702.0,17532.0,14112,4122,0.04004106776180698,0.1703056768558952
7599bdb218fc567e.jpg,PruneSID,336,336,4,71,1392.0,16646.0,13916,4122,0.08362369337979095,0.33770014556040756
759a771b4863aded.jpg,DRIP,336,336,2,73,1610.0,15868.0,14308,3170,0.10146206201159566,0.5078864353312302
759a771b4863aded.jpg,Fixed,336,336,2,72,662.0,16620.0,14112,3170,0.03983152827918171,0.2088328075709779
759a771b4863aded.jpg,PruneSID,336,336,2,71,1484.0,15602.0,13916,3170,0.09511601076785027,0.46813880126182966
759db674d08b1c95.jpg,DRIP,336,336,0,72,,,14112,0,,
759db674d08b1c95.jpg,Fixed,336,336,0,72,,,14112,0,,
759db674d08b1c95.jpg,PruneSID,336,336,0,71,,,13916,0,,
75c43709b21af8ae.jpg,DRIP,336,336,1,72,28.0,14487.0,14112,403,0.0019327673086215228,0.06947890818858561
75c43709b21af8ae.jpg,Fixed,336,336,1,72,0.0,14515.0,14112,403,0.0,0.0
75c43709b21af8ae.jpg,PruneSID,336,336,1,71,206.0,14113.0,13916,403,0.01459647133848225,0.511166253101737
75d9d389efb54c08.jpg,DRIP,336,336,3,72,7526.0,25341.0,14112,18755,0.29698906909750994,0.40127965875766464
75d9d389efb54c08.jpg,Fixed,336,336,3,72,2396.0,30471.0,14112,18755,0.07863214203669062,0.1277525993068515
75d9d389efb54c08.jpg,PruneSID,336,336,3,71,3974.0,28697.0,13916,18755,0.13848137435968916,0.21189016262330046
75ef8e0d396ac33a.jpg,DRIP,336,336,7,72,3919.0,19697.0,14112,9504,0.19896430928567801,0.4123526936026936
75ef8e0d396ac33a.jpg,Fixed,336,336,7,72,1399.0,22217.0,14112,9504,0.06296979790250709,0.14720117845117844
75ef8e0d396ac33a.jpg,PruneSID,336,336,7,71,2650.0,20770.0,13916,9504,0.12758786711603273,0.2788299663299663
760a1de10d2bac2d.jpg,DRIP,336,336,17,73,7890.0,40108.0,14308,33690,0.1967188590804827,0.2341941228851291
760a1de10d2bac2d.jpg,Fixed,336,336,17,72,4141.0,43661.0,14112,33690,0.09484436911660292,0.12291481151677056
760a1de10d2bac2d.jpg,PruneSID,336,336,17,71,7766.0,39840.0,13916,33690,0.194929718875502,0.2305135054912437
7645e59f8d8a7f06.jpg,DRIP,336,336,2,73,730.0,15828.0,14308,2250,0.04612079858478645,0.3244444444444444
7645e59f8d8a7f06.jpg,Fixed,336,336,2,72,198.0,16164.0,14112,2250,0.012249443207126948,0.088
7645e59f8d8a7f06.jpg,PruneSID,336,336,2,71,672.0,15494.0,13916,2250,0.04337162772686201,0.2986666666666667
766c327cbff72f01.jpg,DRIP,336,336,5,73,5095.0,19282.0,14308,10069,0.2642360750959444,0.5060085410666402
766c327cbff72f01.jpg,Fixed,336,336,5,72,1042.0,23139.0,14112,10069,0.04503219672414538,0.10348594696593505
766c327cbff72f01.jpg,PruneSID,336,336,5,71,2919.0,21066.0,13916,10069,0.13856451153517516,0.289899692124342
767d20b7d92e2fe9.jpg,DRIP,336,336,23,72,3302.0,39448.0,14112,28638,0.08370513080511052,0.1153013478594874
767d20b7d92e2fe9.jpg,Fixed,336,336,23,72,3403.0,39347.0,14112,28638,0.08648689861997103,0.11882813045603743
767d20b7d92e2fe9.jpg,PruneSID,336,336,23,71,6546.0,36008.0,13916,28638,0.1817929349033548,0.22857741462392625
7691cf949d4ab899.jpg,DRIP,336,336,1,73,,,14308,0,,
7691cf949d4ab899.jpg,Fixed,336,336,1,72,,,14112,0,,
7691cf949d4ab899.jpg,PruneSID,336,336,1,71,,,13916,0,,
76924d1c63d3a9d6.jpg,DRIP,336,336,11,73,3166.0,20430.0,14308,9288,0.15496818404307391,0.340869939707149
76924d1c63d3a9d6.jpg,Fixed,336,336,11,72,1545.0,21855.0,14112,9288,0.07069320521619767,0.166343669250646
76924d1c63d3a9d6.jpg,PruneSID,336,336,11,71,2343.0,20861.0,13916,9288,0.11231484588466517,0.2522609819121447
76958c2b7ab327c3.jpg,DRIP,336,336,4,73,452.0,16287.0,14308,2431,0.02775219500214895,0.18593171534348005
76958c2b7ab327c3.jpg,Fixed,336,336,4,72,497.0,16046.0,14112,2431,0.030973451327433628,0.2044426162073221
76958c2b7ab327c3.jpg,PruneSID,336,336,4,71,990.0,15357.0,13916,2431,0.06446571596014847,0.4072398190045249
76b45f2ac0e8d898.jpg,DRIP,336,336,11,73,11738.0,81139.0,14308,78569,0.14466532740112648,0.14939734500884572
76b45f2ac0e8d898.jpg,Fixed,336,336,11,72,10287.0,82394.0,14112,78569,0.12485132412554312,0.13092950145731777
76b45f2ac0e8d898.jpg,PruneSID,336,336,11,71,9826.0,82659.0,13916,78569,0.11887392782395141,0.12506204737237334
76ca8e74f21cf3ff.jpg,DRIP,336,336,5,73,2450.0,18594.0,14308,6736,0.13176293427987523,0.36371733966745845
76ca8e74f21cf3ff.jpg,Fixed,336,336,5,72,1346.0,19502.0,14112,6736,0.06901856219874884,0.19982185273159145
76ca8e74f21cf3ff.jpg,PruneSID,336,336,5,71,2626.0,18026.0,13916,6736,0.14567846444025298,0.3898456057007126
76dc6a5cf82664e8.jpg,DRIP,336,336,7,73,911.0,17230.0,14308,3833,0.052872896111433546,0.23767284111661885
76dc6a5cf82664e8.jpg,Fixed,336,336,7,72,52.0,17893.0,14112,3833,0.0029061644218409434,0.013566397078006782
76dc6a5cf82664e8.jpg,PruneSID,336,336,7,71,1550.0,16199.0,13916,3833,0.09568491882214951,0.4043829898252022
76ef17f23108ea7b.jpg,DRIP,336,336,4,73,2771.0,16932.0,14308,5395,0.1636546184738956,0.5136237256719185
76ef17f23108ea7b.jpg,Fixed,336,336,4,72,752.0,18755.0,14112,5395,0.040095974406824844,0.13938832252085265
76ef17f23108ea7b.jpg,PruneSID,336,336,4,71,2054.0,17257.0,13916,5395,0.11902416410731877,0.38072289156626504
76f940b2603a49e7.jpg,DRIP,336,336,10,72,960.0,19529.0,14112,6377,0.04915766296277331,0.1505410067429826
76f940b2603a49e7.jpg,Fixed,336,336,10,72,1001.0,19488.0,14112,6377,0.051364942528735635,0.15697036223929747
76f940b2603a49e7.jpg,PruneSID,336,336,10,71,2018.0,18275.0,13916,6377,0.11042407660738714,0.31644974125764463
76fa4eaf951d72ca.jpg,DRIP,336,336,11,72,2722.0,21739.0,14112,10349,0.12521275127650766,0.26302058169871484
76fa4eaf951d72ca.jpg,Fixed,336,336,11,72,1172.0,23289.0,14112,10349,0.050324187384602176,0.1132476567784327
76fa4eaf951d72ca.jpg,PruneSID,336,336,11,71,4163.0,20102.0,13916,10349,0.20709382151029748,0.4022610880278288
76fc661cab8b295a.jpg,DRIP,336,336,0,72,,,14112,0,,
76fc661cab8b295a.jpg,Fixed,336,336,0,72,,,14112,0,,
76fc661cab8b295a.jpg,PruneSID,336,336,0,71,,,13916,0,,
771b3977cca5d468.jpg,DRIP,336,336,1,72,1325.0,15372.0,14112,2585,0.08619568045797554,0.5125725338491296
771b3977cca5d468.jpg,Fixed,336,336,1,72,0.0,16697.0,14112,2585,0.0,0.0
771b3977cca5d468.jpg,PruneSID,336,336,1,71,833.0,15668.0,13916,2585,0.05316568802655093,0.3222437137330754
7734f0e9b1efe8e5.jpg,DRIP,336,336,11,72,5110.0,36420.0,14112,27418,0.14030752333882482,0.18637391494638558
7734f0e9b1efe8e5.jpg,Fixed,336,336,11,72,2888.0,38642.0,14112,27418,0.07473733243620931,0.10533226347654825
7734f0e9b1efe8e5.jpg,PruneSID,336,336,11,71,3448.0,37886.0,13916,27418,0.09100987172042443,0.1257568021008097
773b997bdd2a6e16.jpg,DRIP,336,336,5,73,2490.0,19118.0,14308,7300,0.13024374934616592,0.3410958904109589
773b997bdd2a6e16.jpg,Fixed,336,336,5,72,745.0,20667.0,14112,7300,0.03604780568055354,0.10205479452054794
773b997bdd2a6e16.jpg,PruneSID,336,336,5,71,2044.0,19172.0,13916,7300,0.10661381180888796,0.28
7751d3a7ced10598.jpg,DRIP,336,336,0,72,,,14112,0,,
7751d3a7ced10598.jpg,Fixed,336,336,0,72,,,14112,0,,
7751d3a7ced10598.jpg,PruneSID,336,336,0,71,,,13916,0,,
77759f316dbc4201.jpg,DRIP,336,336,3,72,1516.0,16177.0,14112,3581,0.0937132966557458,0.4233454342362469
77759f316dbc4201.jpg,Fixed,336,336,3,72,45.0,17648.0,14112,3581,0.0025498640072529467,0.012566322256352975
77759f316dbc4201.jpg,PruneSID,336,336,3,71,2014.0,15483.0,13916,3581,0.13007815022928373,0.5624127338732198
778092c86d81b417.jpg,DRIP,336,336,0,72,,,14112,0,,
778092c86d81b417.jpg,Fixed,336,336,0,72,,,14112,0,,
778092c86d81b417.jpg,PruneSID,336,336,0,71,,,13916,0,,
778ac4ca9b3ca81f.jpg,DRIP,336,336,1,72,861.0,15176.0,14112,1925,0.056734317343173434,0.44727272727272727
778ac4ca9b3ca81f.jpg,Fixed,336,336,1,72,490.0,15547.0,14112,1925,0.0315173345339937,0.2545454545454545
778ac4ca9b3ca81f.jpg,PruneSID,336,336,1,71,672.0,15169.0,13916,1925,0.044300876788186436,0.3490909090909091
779b89a2cf8170e6.jpg,DRIP,336,336,1,72,1080.0,14487.0,14112,1455,0.0745495961896873,0.7422680412371134
779b89a2cf8170e6.jpg,Fixed,336,336,1,72,150.0,15417.0,14112,1455,0.00972951936174353,0.10309278350515463
779b89a2cf8170e6.jpg,PruneSID,336,336,1,71,654.0,14717.0,13916,1455,0.04443840456614799,0.44948453608247424
77c09a3f0f652889.jpg,DRIP,336,336,7,72,3333.0,21647.0,14112,10868,0.1539705270938236,0.3066801619433198
77c09a3f0f652889.jpg,Fixed,336,336,7,72,619.0,24361.0,14112,10868,0.02540946594967366,0.0569562016930438
77c09a3f0f652889.jpg,PruneSID,336,336,7,71,3792.0,20992.0,13916,10868,0.18064024390243902,0.34891424365108575
77c0b88f925bf2fb.jpg,DRIP,336,336,0,72,,,14112,0,,
77c0b88f925bf2fb.jpg,Fixed,336,336,0,72,,,14112,0,,
77c0b88f925bf2fb.jpg,PruneSID,336,336,0,71,,,13916,0,,
77c1e5caeaa92896.jpg,DRIP,336,336,13,73,3259.0,30531.0,14308,19482,0.10674396515017523,0.1672826198542244
77c1e5caeaa92896.jpg,Fixed,336,336,13,72,1897.0,31697.0,14112,19482,0.05984793513581727,0.09737193306642028
77c1e5caeaa92896.jpg,PruneSID,336,336,13,71,3844.0,29554.0,13916,19482,0.13006699600730864,0.19731033774766452
77fb9a747f4a0f39.jpg,DRIP,336,336,4,72,2314.0,18387.0,14112,6589,0.12584978517430795,0.35119137957201396
77fb9a747f4a0f39.jpg,Fixed,336,336,4,72,1200.0,19501.0,14112,6589,0.06153530588174965,0.18212171801487329
77fb9a747f4a0f39.jpg,PruneSID,336,336,4,71,1872.0,18633.0,13916,6589,0.10046691354049267,0.2841098801032023
7813e0606b29cad6.jpg,DRIP,336,336,3,72,,,14112,0,,
7813e0606b29cad6.jpg,Fixed,336,336,3,72,,,14112,0,,
7813e0606b29cad6.jpg,PruneSID,336,336,3,71,,,13916,0,,
78281d6a74880efb.jpg,DRIP,336,336,13,73,6874.0,30295.0,14308,22861,0.226902129064202,0.3006867591094003
78281d6a74880efb.jpg,Fixed,336,336,13,72,3729.0,33244.0,14112,22861,0.11217061725424136,0.16311622413717686
78281d6a74880efb.jpg,PruneSID,336,336,13,71,4843.0,31934.0,13916,22861,0.15165654161708525,0.21184550107169414
78284e7e6e696343.jpg,DRIP,336,336,4,72,1617.0,25628.0,14112,13133,0.06309505228656158,0.12312495240995965
78284e7e6e696343.jpg,Fixed,336,336,4,72,2095.0,25150.0,14112,13133,0.08330019880715706,0.15952181527449935
78284e7e6e696343.jpg,PruneSID,336,336,4,71,1452.0,25597.0,13916,13133,0.05672539750752041,0.11056118175588213
7847572c30ba0f97.jpg,DRIP,336,336,10,72,430.0,23348.0,14112,9666,0.018416995031694364,0.044485826608731634
7847572c30ba0f97.jpg,Fixed,336,336,10,72,1218.0,22560.0,14112,9666,0.05398936170212766,0.12600869025450032
7847572c30ba0f97.jpg,PruneSID,336,336,10,71,2971.0,20611.0,13916,9666,0.14414632962980933,0.30736602524312023
785ef8ce412e023e.jpg,DRIP,336,336,0,73,,,14308,0,,
785ef8ce412e023e.jpg,Fixed,336,336,0,72,,,14112,0,,
785ef8ce412e023e.jpg,PruneSID,336,336,0,71,,,13916,0,,
7886a3d85186a626.jpg,DRIP,336,336,8,72,9238.0,55623.0,14112,50749,0.1660823759955414,0.18203314351021696
7886a3d85186a626.jpg,Fixed,336,336,8,72,5650.0,59211.0,14112,50749,0.09542145885055142,0.11133224299986207
7886a3d85186a626.jpg,PruneSID,336,336,8,71,8600.0,56065.0,13916,50749,0.1533933826808169,0.16946146722102898
788c1d22278de5fa.jpg,DRIP,336,336,5,73,4934.0,21669.0,14308,12295,0.2276985555401726,0.40130134200894674
788c1d22278de5fa.jpg,Fixed,336,336,5,72,1772.0,24635.0,14112,12295,0.07193018063730465,0.14412362749084995
788c1d22278de5fa.jpg,PruneSID,336,336,5,71,3262.0,22949.0,13916,12295,0.14214126977210337,0.2653111020740138
7891ecfbf1b26938.jpg,DRIP,336,336,1,72,1498.0,16377.0,14112,3763,0.09146974415338585,0.39808663300558067
7891ecfbf1b26938.jpg,Fixed,336,336,1,72,300.0,17575.0,14112,3763,0.017069701280227598,0.07972362476747276
7891ecfbf1b26938.jpg,PruneSID,336,336,1,71,1302.0,16377.0,13916,3763,0.0795017402454662,0.34600053149083176
78943eff6a2d1f45.jpg,DRIP,336,336,3,73,11134.0,31606.0,14308,28432,0.3522748845155983,0.39160101294316263
78943eff6a2d1f45.jpg,Fixed,336,336,3,72,3680.0,38864.0,14112,28432,0.09468917249897077,0.12943162633652222
78943eff6a2d1f45.jpg,PruneSID,336,336,3,71,3094.0,39254.0,13916,28432,0.07881999286696897,0.10882104670793472
7897d52101bc229a.jpg,DRIP,336,336,20,72,5440.0,37092.0,14112,28420,0.146662353068047,0.19141449683321604
7897d52101bc229a.jpg,Fixed,336,336,20,72,3134.0,39398.0,14112,28420,0.07954718513630134,0.11027445460942997
7897d52101bc229a.jpg,PruneSID,336,336,20,71,6181.0,36155.0,13916,28420,0.17095837366892547,0.21748768472906405
78a0e18aa794a0b2.jpg,DRIP,336,336,29,73,5846.0,38217.0,14308,29755,0.1529685741947301,0.19647118131406485
78a0e18aa794a0b2.jpg,Fixed,336,336,29,72,3534.0,40333.0,14112,29755,0.08762055884759379,0.11876995462947404
78a0e18aa794a0b2.jpg,PruneSID,336,336,29,71,5015.0,38656.0,13916,29755,0.12973406456953643,0.16854310199966394
78a7dc1854679c52.jpg,DRIP,336,336,5,72,1552.0,21727.0,14112,9167,0.07143185897730935,0.1693029344387477
78a7dc1854679c52.jpg,Fixed,336,336,5,72,546.0,22733.0,14112,9167,0.024017947477235735,0.05956147049198211
78a7dc1854679c52.jpg,PruneSID,336,336,5,71,1190.0,21893.0,13916,9167,0.05435527337505139,0.12981346132867896
78be832076f28a42.jpg,DRIP,336,336,6,72,7466.0,26460.0,14112,19814,0.282161753590325,0.3768042798021601
78be832076f28a42.jpg,Fixed,336,336,6,72,2202.0,31724.0,14112,19814,0.06941117135291892,0.1111335419400424
78be832076f28a42.jpg,PruneSID,336,336,6,71,3936.0,29794.0,13916,19814,0.13210713566489898,0.19864742101544364
78d0ed73c6a97922.jpg,DRIP,336,336,10,73,5294.0,23411.0,14308,14397,0.22613301439494254,0.36771549628394806
78d0ed73c6a97922.jpg,Fixed,336,336,10,72,1774.0,26735.0,14112,14397,0.06635496540115952,0.12322011530179898
78d0ed73c6a97922.jpg,PruneSID,336,336,10,71,4672.0,23641.0,13916,14397,0.19762277399433187,0.32451205112176146
78d66800391efee9.jpg,DRIP,336,336,6,73,5208.0,35133.0,14308,26033,0.14823670053795576,0.2000537778972842
78d66800391efee9.jpg,Fixed,336,336,6,72,2750.0,37395.0,14112,26033,0.07353924321433347,0.10563515537971037
78d66800391efee9.jpg,PruneSID,336,336,6,71,4935.0,35014.0,13916,26033,0.1409436225509796,0.18956708792686205
78e6076be2d0186c.jpg,DRIP,336,336,7,72,1759.0,17295.0,14112,4942,0.1017056952876554,0.3559287737757993
78e6076be2d0186c.jpg,Fixed,336,336,7,72,754.0,18300.0,14112,4942,0.04120218579234973,0.15256980979360582
78e6076be2d0186c.jpg,PruneSID,336,336,7,71,2403.0,16455.0,13916,4942,0.14603463992707383,0.48624038850667745
78e96c75bf041b80.jpg,DRIP,336,336,1,73,459.0,14342.0,14308,493,0.03200390461581369,0.9310344827586207
78e96c75bf041b80.jpg,Fixed,336,336,1,72,0.0,14605.0,14112,493,0.0,0.0
78e96c75bf041b80.jpg,PruneSID,336,336,1,71,196.0,14213.0,13916,493,0.013790192077675368,0.3975659229208925
793ba098bee162eb.jpg,DRIP,336,336,0,73,,,14308,0,,
793ba098bee162eb.jpg,Fixed,336,336,0,72,,,14112,0,,
793ba098bee162eb.jpg,PruneSID,336,336,0,71,,,13916,0,,
798f2e25703a6816.jpg,DRIP,336,336,1,73,407.0,14382.0,14308,481,0.028299262967598385,0.8461538461538461
798f2e25703a6816.jpg,Fixed,336,336,1,72,182.0,14411.0,14112,481,0.012629241551592533,0.3783783783783784
798f2e25703a6816.jpg,PruneSID,336,336,1,71,421.0,13976.0,13916,481,0.03012306811677161,0.8752598752598753
79a40c09f05b4955.jpg,DRIP,336,336,3,72,3327.0,16185.0,14112,5400,0.20556070435588508,0.6161111111111112
79a40c09f05b4955.jpg,Fixed,336,336,3,72,459.0,19053.0,14112,5400,0.024090694378837978,0.085
79a40c09f05b4955.jpg,PruneSID,336,336,3,71,1347.0,17969.0,13916,5400,0.07496243530524793,0.24944444444444444
79a426b4e73bfb17.jpg,DRIP,336,336,1,73,2660.0,16471.0,14308,4823,0.161495962600935,0.5515239477503628
79a426b4e73bfb17.jpg,Fixed,336,336,1,72,742.0,18193.0,14112,4823,0.04078491727587533,0.15384615384615385
79a426b4e73bfb17.jpg,PruneSID,336,336,1,71,1817.0,16922.0,13916,4823,0.10737501477366741,0.3767364710760937
79a9c9b560926ba9.jpg,DRIP,336,336,2,73,356.0,14524.0,14308,572,0.024511153952079315,0.6223776223776224
79a9c9b560926ba9.jpg,Fixed,336,336,2,72,0.0,14684.0,14112,572,0.0,0.0
79a9c9b560926ba9.jpg,PruneSID,336,336,2,71,572.0,13916.0,13916,572,0.04110376544984191,1.0
79b2c25191470eb8.jpg,DRIP,336,336,1,73,153.0,14611.0,14308,456,0.010471562521387996,0.3355263157894737
79b2c25191470eb8.jpg,Fixed,336,336,1,72,0.0,14568.0,14112,456,0.0,0.0
79b2c25191470eb8.jpg,PruneSID,336,336,1,71,237.0,14135.0,13916,456,0.016766890696851788,0.5197368421052632
79b5dbcb6a5ad0ea.jpg,DRIP,336,336,4,73,2415.0,16159.0,14308,4266,0.1494523175939105,0.5661040787623066
79b5dbcb6a5ad0ea.jpg,Fixed,336,336,4,72,220.0,18158.0,14112,4266,0.012115871792047582,0.051570557899671826
79b5dbcb6a5ad0ea.jpg,PruneSID,336,336,4,71,1391.0,16791.0,13916,4266,0.08284199868977428,0.32606657290201596
79cd31c0380f8464.jpg,DRIP,336,336,1,73,36.0,15089.0,14308,817,0.0023858439923122804,0.044063647490820076
79cd31c0380f8464.jpg,Fixed,336,336,1,72,266.0,14663.0,14112,817,0.018140898861078905,0.32558139534883723
79cd31c0380f8464.jpg,PruneSID,336,336,1,71,364.0,14369.0,13916,817,0.025332312617440324,0.4455324357405141
79f1aaf31c7521d9.jpg,DRIP,336,336,5,72,1466.0,18363.0,14112,5717,0.07983444970865328,0.25642819660661187
79f1aaf31c7521d9.jpg,Fixed,336,336,5,72,644.0,19185.0,14112,5717,0.033567891581965076,0.11264649291586497
79f1aaf31c7521d9.jpg,PruneSID,336,336,5,71,1999.0,17634.0,13916,5717,0.11336055347623908,0.349658912016792
79f94667c253ba21.jpg,DRIP,336,336,0,72,,,14112,0,,
79f94667c253ba21.jpg,Fixed,336,336,0,72,,,14112,0,,
79f94667c253ba21.jpg,PruneSID,336,336,0,71,,,13916,0,,
7a0ab04677000cfb.jpg,DRIP,336,336,3,72,1924.0,16107.0,14112,3919,0.11945117029862792,0.49094156672620565
7a0ab04677000cfb.jpg,Fixed,336,336,3,72,418.0,17613.0,14112,3919,0.023732470334412083,0.10665986220974738
7a0ab04677000cfb.jpg,PruneSID,336,336,3,71,1511.0,16324.0,13916,3919,0.09256309728007842,0.38555754018882366
7a0ab545c15ea931.jpg,DRIP,336,336,0,73,,,14308,0,,
7a0ab545c15ea931.jpg,Fixed,336,336,0,72,,,14112,0,,
7a0ab545c15ea931.jpg,PruneSID,336,336,0,71,,,13916,0,,
7a0f135aabc5b67f.jpg,DRIP,336,336,12,73,1334.0,20430.0,14308,7456,0.06529613313754283,0.17891630901287553
7a0f135aabc5b67f.jpg,Fixed,336,336,12,72,522.0,21046.0,14112,7456,0.02480281288605911,0.0700107296137339
7a0f135aabc5b67f.jpg,PruneSID,336,336,12,71,1978.0,19394.0,13916,7456,0.10199030628029288,0.26528969957081544
7a1227babacb67bc.jpg,DRIP,336,336,1,73,2632.0,18896.0,14308,7220,0.1392887383573243,0.36454293628808865
7a1227babacb67bc.jpg,Fixed,336,336,1,72,436.0,20896.0,14112,7220,0.020865237366003063,0.06038781163434903
7a1227babacb67bc.jpg,PruneSID,336,336,1,71,936.0,20200.0,13916,7220,0.046336633663366336,0.1296398891966759
7a2b01b452bdb117.jpg,DRIP,336,336,1,72,342.0,14595.0,14112,825,0.02343268242548818,0.41454545454545455
7a2b01b452bdb117.jpg,Fixed,336,336,1,72,414.0,14523.0,14112,825,0.02850650692005784,0.5018181818181818
7a2b01b452bdb117.jpg,PruneSID,336,336,1,71,84.0,14657.0,13916,825,0.005731050010234018,0.10181818181818182
7a4e8a539464ccfd.jpg,DRIP,336,336,1,72,2550.0,15837.0,14112,4275,0.1610153438151165,0.5964912280701754
7a4e8a539464ccfd.jpg,Fixed,336,336,1,72,946.0,17441.0,14112,4275,0.05424000917378591,0.22128654970760234
7a4e8a539464ccfd.jpg,PruneSID,336,336,1,71,534.0,17657.0,13916,4275,0.030242963130769667,0.12491228070175439
7a59dba3e2b42d4d.jpg,DRIP,336,336,3,73,1136.0,15301.0,14308,2129,0.07424351349584994,0.533583842179427
7a59dba3e2b42d4d.jpg,Fixed,336,336,3,72,392.0,15849.0,14112,2129,0.024733421666982145,0.18412400187881633
7a59dba3e2b42d4d.jpg,PruneSID,336,336,3,71,729.0,15316.0,13916,2129,0.04759728388613215,0.34241427900422733
7a78d24f2568f19c.jpg,DRIP,336,336,5,73,5338.0,43158.0,14308,34188,0.12368506418277028,0.15613665613665614
7a78d24f2568f19c.jpg,Fixed,336,336,5,72,3540.0,44760.0,14112,34188,0.07908847184986595,0.10354510354510355
7a78d24f2568f19c.jpg,PruneSID,336,336,5,71,5748.0,42356.0,13916,34188,0.13570686561526113,0.16812916812916812
7af92b3668184806.jpg,DRIP,336,336,0,73,,,14308,0,,
7af92b3668184806.jpg,Fixed,336,336,0,72,,,14112,0,,
7af92b3668184806.jpg,PruneSID,336,336,0,71,,,13916,0,,
7b0112f7f5f096c5.jpg,DRIP,336,336,0,72,,,14112,0,,
7b0112f7f5f096c5.jpg,Fixed,336,336,0,72,,,14112,0,,
7b0112f7f5f096c5.jpg,PruneSID,336,336,0,71,,,13916,0,,
7b3970c7b3b96e52.jpg,DRIP,336,336,29,72,1125.0,31529.0,14112,18542,0.03568143613815852,0.06067306655161255
7b3970c7b3b96e52.jpg,Fixed,336,336,29,72,1816.0,30838.0,14112,18542,0.05888838446073027,0.0979398123179808
7b3970c7b3b96e52.jpg,PruneSID,336,336,29,71,5397.0,27061.0,13916,18542,0.19943830604929602,0.2910689246036026
7b4f6c901fa31112.jpg,DRIP,336,336,3,73,3998.0,29501.0,14308,19191,0.1355208298023796,0.20832681986347767
7b4f6c901fa31112.jpg,Fixed,336,336,3,72,878.0,32425.0,14112,19191,0.02707787201233616,0.04575061226616643
7b4f6c901fa31112.jpg,PruneSID,336,336,3,71,3916.0,29191.0,13916,19191,0.1341509369326162,0.2040539836381637
7b5260c602c2842b.jpg,DRIP,336,336,17,72,2234.0,22883.0,14112,11005,0.09762705938906611,0.20299863698318946
7b5260c602c2842b.jpg,Fixed,336,336,17,72,1734.0,23383.0,14112,11005,0.07415643843818158,0.15756474329850068
7b5260c602c2842b.jpg,PruneSID,336,336,17,71,2610.0,22311.0,13916,11005,0.11698265429608713,0.2371649250340754
7b5d2a652d00bc95.jpg,DRIP,336,336,0,73,,,14308,0,,
7b5d2a652d00bc95.jpg,Fixed,336,336,0,72,,,14112,0,,
7b5d2a652d00bc95.jpg,PruneSID,336,336,0,71,,,13916,0,,
7b777cd4aec101e4.jpg,DRIP,336,336,1,72,3584.0,20794.0,14112,10266,0.1723574107915745,0.34911357880381844
7b777cd4aec101e4.jpg,Fixed,336,336,1,72,826.0,23552.0,14112,10266,0.03507133152173913,0.08045977011494253
7b777cd4aec101e4.jpg,PruneSID,336,336,1,71,3570.0,20612.0,13916,10266,0.17320007762468465,0.347749853886616
7b7d6c9f38d21995.jpg,DRIP,336,336,7,73,3309.0,16171.0,14308,5172,0.20462556428173892,0.6397911832946636
7b7d6c9f38d21995.jpg,Fixed,336,336,7,72,658.0,18626.0,14112,5172,0.035326962310748417,0.12722351121423048
7b7d6c9f38d21995.jpg,PruneSID,336,336,7,71,1845.0,17243.0,13916,5172,0.10699994200545149,0.35672853828306267
7b8375a82374f0f6.jpg,DRIP,336,336,2,73,870.0,15703.0,14308,2265,0.055403426096924155,0.3841059602649007
7b8375a82374f0f6.jpg,Fixed,336,336,2,72,350.0,16027.0,14112,2265,0.021838148125038998,0.1545253863134658
7b8375a82374f0f6.jpg,PruneSID,336,336,2,71,1102.0,15079.0,13916,2265,0.07308176934810001,0.48653421633554084
7b9ad69efc73985d.jpg,DRIP,336,336,6,73,3994.0,19366.0,14308,9052,0.20623773623876898,0.44122845779938136
7b9ad69efc73985d.jpg,Fixed,336,336,6,72,1426.0,21738.0,14112,9052,0.06559941116938081,0.15753424657534246
7b9ad69efc73985d.jpg,PruneSID,336,336,6,71,1746.0,21222.0,13916,9052,0.08227311280746395,0.19288555015466197
7ba12a653c255852.jpg,DRIP,336,336,11,73,5647.0,24306.0,14308,15645,0.2323294659754793,0.3609459891339086
7ba12a653c255852.jpg,Fixed,336,336,11,72,2027.0,27730.0,14112,15645,0.07309772809231879,0.12956216043464366
7ba12a653c255852.jpg,PruneSID,336,336,11,71,4090.0,25471.0,13916,15645,0.16057477130854697,0.26142537551933526
7be55c6c7b223f2c.jpg,DRIP,336,336,19,73,8542.0,50241.0,14308,44475,0.1700205011842917,0.1920629567172569
7be55c6c7b223f2c.jpg,Fixed,336,336,19,72,5784.0,52803.0,14112,44475,0.10953923072552696,0.13005059021922427
7be55c6c7b223f2c.jpg,PruneSID,336,336,19,71,6521.0,51870.0,13916,44475,0.1257181415076152,0.14662169758291174
7be80364784ae5a7.jpg,DRIP,336,336,6,72,3134.0,20667.0,14112,9689,0.15164271544007354,0.3234595933532872
7be80364784ae5a7.jpg,Fixed,336,336,6,72,858.0,22943.0,14112,9689,0.037397027415769515,0.08855403034368872
7be80364784ae5a7.jpg,PruneSID,336,336,6,71,2260.0,21345.0,13916,9689,0.10587959709533849,0.2332542058003922
7c684d06ab789e5f.jpg,DRIP,336,336,1,72,964.0,14791.0,14112,1643,0.06517476844026773,0.5867315885575167
7c684d06ab789e5f.jpg,Fixed,336,336,1,72,434.0,15321.0,14112,1643,0.028327132693688403,0.2641509433962264
7c684d06ab789e5f.jpg,PruneSID,336,336,1,71,1050.0,14509.0,13916,1643,0.07236887449169481,0.6390748630553865
7c6a1f0ec7f7ca93.jpg,DRIP,336,336,3,73,10126.0,54912.0,14308,50730,0.18440413752913754,0.19960575596294106
7c6a1f0ec7f7ca93.jpg,Fixed,336,336,3,72,6258.0,58584.0,14112,50730,0.10682097501024171,0.12335895919574216
7c6a1f0ec7f7ca93.jpg,PruneSID,336,336,3,71,4386.0,60260.0,13916,50730,0.07278460006637902,0.08645771732702542
7c6f093f0a065cb6.jpg,DRIP,336,336,5,72,3802.0,19321.0,14112,9011,0.19678070493245692,0.42192875374542227
7c6f093f0a065cb6.jpg,Fixed,336,336,5,72,887.0,22236.0,14112,9011,0.03989026803381903,0.09843524581067584
7c6f093f0a065cb6.jpg,PruneSID,336,336,5,71,1892.0,21035.0,13916,9011,0.08994532921321607,0.20996559760292977
7c90cb7bc8641f50.jpg,DRIP,336,336,7,73,4812.0,23576.0,14308,14080,0.20410587037665423,0.3417613636363636
7c90cb7bc8641f50.jpg,Fixed,336,336,7,72,1982.0,26210.0,14112,14080,0.07561999236932468,0.14076704545454546
7c90cb7bc8641f50.jpg,PruneSID,336,336,7,71,2748.0,25248.0,13916,14080,0.1088403041825095,0.19517045454545454
7ccbf87d70a8f431.jpg,DRIP,336,336,6,72,991.0,17365.0,14112,4244,0.05706881658508494,0.23350612629594722
7ccbf87d70a8f431.jpg,Fixed,336,336,6,72,582.0,17774.0,14112,4244,0.03274445819736694,0.13713477851083883
7ccbf87d70a8f431.jpg,PruneSID,336,336,6,71,1535.0,16625.0,13916,4244,0.09233082706766917,0.3616870876531574
7ceb87ec77210198.jpg,DRIP,336,336,6,72,10659.0,41246.0,14112,37793,0.25842505939969934,0.2820363559389305
7ceb87ec77210198.jpg,Fixed,336,336,6,72,4913.0,46992.0,14112,37793,0.10454971058903643,0.12999761860662026
7ceb87ec77210198.jpg,PruneSID,336,336,6,71,7980.0,43729.0,13916,37793,0.18248759404514167,0.21115021300240785
7d1e78b95596a47f.jpg,DRIP,336,336,0,72,,,14112,0,,
7d1e78b95596a47f.jpg,Fixed,336,336,0,72,,,14112,0,,
7d1e78b95596a47f.jpg,PruneSID,336,336,0,71,,,13916,0,,
7d221d89f9dadd70.jpg,DRIP,336,336,1,72,637.0,14504.0,14112,1029,0.04391891891891892,0.6190476190476191
7d221d89f9dadd70.jpg,Fixed,336,336,1,72,0.0,15141.0,14112,1029,0.0,0.0
7d221d89f9dadd70.jpg,PruneSID,336,336,1,71,245.0,14700.0,13916,1029,0.016666666666666666,0.23809523809523808
7d2b28c929a8aa86.jpg,DRIP,336,336,39,72,3489.0,52090.0,14112,41467,0.06698022653100404,0.08413919502254805
7d2b28c929a8aa86.jpg,Fixed,336,336,39,72,5472.0,50107.0,14112,41467,0.1092062985211647,0.13196035401644682
7d2b28c929a8aa86.jpg,PruneSID,336,336,39,71,7395.0,47988.0,13916,41467,0.15410102525631408,0.17833457930402488
7d2be496ffa7b0a8.jpg,DRIP,336,336,9,73,3927.0,20396.0,14308,10015,0.1925377525004903,0.39211183225162255
7d2be496ffa7b0a8.jpg,Fixed,336,336,9,72,1442.0,22685.0,14112,10015,0.06356623319374036,0.1439840239640539
7d2be496ffa7b0a8.jpg,PruneSID,336,336,9,71,3117.0,20814.0,13916,10015,0.14975497261458634,0.31123315027458814
7d30e6f36af3d6dc.jpg,DRIP,336,336,4,72,2002.0,15161.0,14112,3051,0.13204933711496603,0.6561783021960013
7d30e6f36af3d6dc.jpg,Fixed,336,336,4,72,333.0,16830.0,14112,3051,0.019786096256684493,0.10914454277286136
7d30e6f36af3d6dc.jpg,PruneSID,336,336,4,71,1496.0,15471.0,13916,3051,0.09669704608622584,0.49033103900360536
7d67794908b6483e.jpg,DRIP,336,336,5,72,9883.0,30573.0,14112,26344,0.32325908481339743,0.3751518372304889
7d67794908b6483e.jpg,Fixed,336,336,5,72,4141.0,36315.0,14112,26344,0.11403001514525678,0.15718949286365017
7d67794908b6483e.jpg,PruneSID,336,336,5,71,7106.0,33154.0,13916,26344,0.21433311214333112,0.2697388399635591
7d9d4fd05ab3720b.jpg,DRIP,336,336,0,72,,,14112,0,,
7d9d4fd05ab3720b.jpg,Fixed,336,336,0,72,,,14112,0,,
7d9d4fd05ab3720b.jpg,PruneSID,336,336,0,71,,,13916,0,,
7dbb6236b74f0288.jpg,DRIP,336,336,1,72,3472.0,27112.0,14112,16472,0.12806137503688403,0.21078193297717338
7dbb6236b74f0288.jpg,Fixed,336,336,1,72,2696.0,27888.0,14112,16472,0.09667240390131956,0.16367168528411852
7dbb6236b74f0288.jpg,PruneSID,336,336,1,71,3388.0,27000.0,13916,16472,0.12548148148148147,0.20568237008256435
7dc343117870b6ad.jpg,DRIP,336,336,1,73,2352.0,26601.0,14308,14645,0.08841772865681741,0.1606008876749744
7dc343117870b6ad.jpg,Fixed,336,336,1,72,2058.0,26699.0,14112,14645,0.07708153863440578,0.1405257767156026
7dc343117870b6ad.jpg,PruneSID,336,336,1,71,1540.0,27021.0,13916,14645,0.056992709374190445,0.10515534312051895
7dd8f1e503abaa66.jpg,DRIP,336,336,5,72,4401.0,20951.0,14112,11240,0.21006157223998853,0.39154804270462634
7dd8f1e503abaa66.jpg,Fixed,336,336,5,72,1295.0,24057.0,14112,11240,0.05383048592925136,0.1152135231316726
7dd8f1e503abaa66.jpg,PruneSID,336,336,5,71,3508.0,21648.0,13916,11240,0.16204730229120473,0.31209964412811386
7de24c1c61b63f52.jpg,DRIP,336,336,3,72,260.0,17935.0,14112,4083,0.01449679397825481,0.06367866764633848
7de24c1c61b63f52.jpg,Fixed,336,336,3,72,382.0,17813.0,14112,4083,0.021445012069836636,0.09355865784962038
7de24c1c61b63f52.jpg,PruneSID,336,336,3,71,396.0,17603.0,13916,4083,0.022496165426347782,0.09698750918442321
7de5f19060c96f5c.jpg,DRIP,336,336,1,72,1188.0,14692.0,14112,1768,0.08086033215355296,0.6719457013574661
7de5f19060c96f5c.jpg,Fixed,336,336,1,72,0.0,15880.0,14112,1768,0.0,0.0
7de5f19060c96f5c.jpg,PruneSID,336,336,1,71,700.0,14984.0,13916,1768,0.04671649759743727,0.39592760180995473
7df7bf35b5f1caaa.jpg,DRIP,336,336,0,73,,,14308,0,,
7df7bf35b5f1caaa.jpg,Fixed,336,336,0,72,,,14112,0,,
7df7bf35b5f1caaa.jpg,PruneSID,336,336,0,71,,,13916,0,,
7e307008ba350ccf.jpg,DRIP,336,336,2,72,706.0,16068.0,14112,2662,0.04393826238486433,0.26521412471825695
7e307008ba350ccf.jpg,Fixed,336,336,2,72,336.0,16438.0,14112,2662,0.02044044287626232,0.12622088655146507
7e307008ba350ccf.jpg,PruneSID,336,336,2,71,852.0,15726.0,13916,2662,0.054177794734834035,0.32006010518407213
7e6a59da2f614efa.jpg,DRIP,336,336,22,73,8810.0,50027.0,14308,44529,0.1761049033521898,0.19784859305171912
7e6a59da2f614efa.jpg,Fixed,336,336,22,72,5946.0,52695.0,14112,44529,0.11283803017364076,0.1335309573536347
7e6a59da2f614efa.jpg,PruneSID,336,336,22,71,9039.0,49406.0,13916,44529,0.18295348743067644,0.20299130903456175
7e8f8505468df57e.jpg,DRIP,336,336,0,73,,,14308,0,,
7e8f8505468df57e.jpg,Fixed,336,336,0,72,,,14112,0,,
7e8f8505468df57e.jpg,PruneSID,336,336,0,71,,,13916,0,,
7e969d9dae9f2707.jpg,DRIP,336,336,1,72,378.0,14323.0,14112,589,0.02639111917894296,0.6417657045840407
7e969d9dae9f2707.jpg,Fixed,336,336,1,72,266.0,14435.0,14112,589,0.018427433321787322,0.45161290322580644
7e969d9dae9f2707.jpg,PruneSID,336,336,1,71,428.0,14077.0,13916,589,0.03040420544150032,0.7266553480475382
7e99b31ed010730d.jpg,DRIP,336,336,9,73,3249.0,20933.0,14308,9874,0.15520947785792769,0.32904597933968
7e99b31ed010730d.jpg,Fixed,336,336,9,72,906.0,23080.0,14112,9874,0.03925476603119584,0.09175612720275471
7e99b31ed010730d.jpg,PruneSID,336,336,9,71,2651.0,21139.0,13916,9874,0.1254080136241071,0.2684828843427183
7e9e126586bc525f.jpg,DRIP,336,336,3,72,2006.0,15584.0,14112,3478,0.1287217659137577,0.5767682576193215
7e9e126586bc525f.jpg,Fixed,336,336,3,72,651.0,16939.0,14112,3478,0.03843202078044749,0.18717653824036803
7e9e126586bc525f.jpg,PruneSID,336,336,3,71,1564.0,15830.0,13916,3478,0.09879974731522426,0.44968372627947095
7ec64fa006a9a2e2.jpg,DRIP,336,336,2,72,1381.0,15671.0,14112,2940,0.08812456129155766,0.4697278911564626
7ec64fa006a9a2e2.jpg,Fixed,336,336,2,72,0.0,17052.0,14112,2940,0.0,0.0
7ec64fa006a9a2e2.jpg,PruneSID,336,336,2,71,1284.0,15572.0,13916,2940,0.08245568969946057,0.43673469387755104
7eda0441fb16ed78.jpg,DRIP,336,336,2,72,1118.0,15595.0,14112,2601,0.07168964411670407,0.42983467896962707
7eda0441fb16ed78.jpg,Fixed,336,336,2,72,428.0,16285.0,14112,2601,0.026281854467301198,0.1645520953479431
7eda0441fb16ed78.jpg,PruneSID,336,336,2,71,904.0,15613.0,13916,2601,0.05790046755908538,0.3475586312956555
7efbadd615402036.jpg,DRIP,336,336,1,73,4704.0,22560.0,14308,12956,0.20851063829787234,0.36307502315529483
7efbadd615402036.jpg,Fixed,336,336,1,72,2184.0,24884.0,14112,12956,0.08776723999357017,0.1685705464649583
7efbadd615402036.jpg,PruneSID,336,336,1,71,1708.0,25164.0,13916,12956,0.06787474169448418,0.13183081197900587
7f07e3f04f8df39a.jpg,DRIP,336,336,1,72,2142.0,17421.0,14112,5451,0.12295505424487688,0.3929554210236654
7f07e3f04f8df39a.jpg,Fixed,336,336,1,72,574.0,18989.0,14112,5451,0.030228026752330297,0.10530177949000183
7f07e3f04f8df39a.jpg,PruneSID,336,336,1,71,1400.0,17967.0,13916,5451,0.07792063227027328,0.2568336085121996
7f10703e71676f05.jpg,DRIP,336,336,0,73,,,14308,0,,
7f10703e71676f05.jpg,Fixed,336,336,0,72,,,14112,0,,
7f10703e71676f05.jpg,PruneSID,336,336,0,71,,,13916,0,,
7f1c87994d7d981e.jpg,DRIP,336,336,2,72,1498.0,22068.0,14112,9454,0.0678810947978974,0.15845144912206474
7f1c87994d7d981e.jpg,Fixed,336,336,2,72,1120.0,22446.0,14112,9454,0.049897531854227926,0.11846837317537551
7f1c87994d7d981e.jpg,PruneSID,336,336,2,71,858.0,22512.0,13916,9454,0.03811300639658849,0.09075523587899302
7f232be04142ac81.jpg,DRIP,336,336,6,73,5788.0,25497.0,14308,16977,0.22700709887437737,0.3409318489721388
7f232be04142ac81.jpg,Fixed,336,336,6,72,2114.0,28975.0,14112,16977,0.07295944779982744,0.12452141132119927
7f232be04142ac81.jpg,PruneSID,336,336,6,71,3489.0,27404.0,13916,16977,0.12731717997372646,0.2055133415797844
7f4fdaca6ad86560.jpg,DRIP,336,336,8,73,4515.0,21991.0,14308,12198,0.20531126369878586,0.37014264633546484
7f4fdaca6ad86560.jpg,Fixed,336,336,8,72,1610.0,24700.0,14112,12198,0.06518218623481781,0.13198885063125101
7f4fdaca6ad86560.jpg,PruneSID,336,336,8,71,4305.0,21809.0,13916,12198,0.197395570635976,0.352926709296606
7f7271eb2c1c963d.jpg,DRIP,336,336,14,72,4068.0,21821.0,14112,11777,0.18642591998533523,0.345419037106224
7f7271eb2c1c963d.jpg,Fixed,336,336,14,72,1503.0,24386.0,14112,11777,0.06163372426802263,0.1276216353910164
7f7271eb2c1c963d.jpg,PruneSID,336,336,14,71,2820.0,22873.0,13916,11777,0.12328946793162243,0.23944977498514053
7f9a0f0e802cc636.jpg,DRIP,336,336,0,72,,,14112,0,,
7f9a0f0e802cc636.jpg,Fixed,336,336,0,72,,,14112,0,,
7f9a0f0e802cc636.jpg,PruneSID,336,336,0,71,,,13916,0,,
7f9d5b57ae7f5677.jpg,DRIP,336,336,2,72,1369.0,16259.0,14112,3516,0.084199520265699,0.38936291240045506
7f9d5b57ae7f5677.jpg,Fixed,336,336,2,72,302.0,17326.0,14112,3516,0.017430451344799723,0.08589306029579068
7f9d5b57ae7f5677.jpg,PruneSID,336,336,2,71,1232.0,16200.0,13916,3516,0.07604938271604939,0.3503981797497156
7fbae10cec9a362f.jpg,DRIP,336,336,1,72,308.0,15247.0,14112,1443,0.020200695218731555,0.21344421344421344
7fbae10cec9a362f.jpg,Fixed,336,336,1,72,169.0,15386.0,14112,1443,0.010984011438970492,0.11711711711711711
7fbae10cec9a362f.jpg,PruneSID,336,336,1,71,196.0,15163.0,13916,1443,0.012926201938930291,0.13582813582813583
8012f7f3825eaa54.jpg,DRIP,336,336,0,73,,,14308,0,,
8012f7f3825eaa54.jpg,Fixed,336,336,0,72,,,14112,0,,
8012f7f3825eaa54.jpg,PruneSID,336,336,0,71,,,13916,0,,
8023bf6c92514e94.jpg,DRIP,336,336,7,72,4114.0,22000.0,14112,12002,0.187,0.34277620396600567
8023bf6c92514e94.jpg,Fixed,336,336,7,72,1962.0,24152.0,14112,12002,0.08123550844650547,0.16347275454090984
8023bf6c92514e94.jpg,PruneSID,336,336,7,71,2982.0,22936.0,13916,12002,0.1300139518660621,0.24845859023496084
803e0332090b144f.jpg,DRIP,336,336,100,72,7578.0,62205.0,14112,55671,0.12182300458162527,0.13612114027051786
803e0332090b144f.jpg,Fixed,336,336,100,72,6281.0,63502.0,14112,55671,0.09891027054266008,0.11282355265757756
803e0332090b144f.jpg,PruneSID,336,336,100,71,8605.0,60982.0,13916,55671,0.14110721196418616,0.1545688060210882
80740ae529323402.jpg,DRIP,336,336,0,72,,,14112,0,,
80740ae529323402.jpg,Fixed,336,336,0,72,,,14112,0,,
80740ae529323402.jpg,PruneSID,336,336,0,71,,,13916,0,,
80827812e91404e1.jpg,DRIP,336,336,0,73,,,14308,0,,
80827812e91404e1.jpg,Fixed,336,336,0,72,,,14112,0,,
80827812e91404e1.jpg,PruneSID,336,336,0,71,,,13916,0,,
80d87487f1d09d21.jpg,DRIP,336,336,1,72,422.0,15913.0,14112,2223,0.026519198139885628,0.18983355825461087
80d87487f1d09d21.jpg,Fixed,336,336,1,72,546.0,15789.0,14112,2223,0.03458103743112293,0.24561403508771928
80d87487f1d09d21.jpg,PruneSID,336,336,1,71,352.0,15787.0,13916,2223,0.022296826502818775,0.15834457939721097
80efcfa3623377a7.jpg,DRIP,336,336,2,72,2934.0,16902.0,14112,5724,0.17358892438764642,0.5125786163522013
80efcfa3623377a7.jpg,Fixed,336,336,2,72,756.0,19080.0,14112,5724,0.03962264150943396,0.1320754716981132
80efcfa3623377a7.jpg,PruneSID,336,336,2,71,2906.0,16734.0,13916,5724,0.1736584199832676,0.5076869322152341
81062394db202f4c.jpg,DRIP,336,336,13,73,5762.0,35769.0,14308,27223,0.16108921132824514,0.2116592587150571
81062394db202f4c.jpg,Fixed,336,336,13,72,3904.0,37431.0,14112,27223,0.1042985760465924,0.14340814752231568
81062394db202f4c.jpg,PruneSID,336,336,13,71,5839.0,35300.0,13916,27223,0.16541076487252124,0.21448774932961098
813ddae5bbb8141b.jpg,DRIP,336,336,2,73,3430.0,17771.0,14308,6893,0.19301108547633786,0.49760626722762225
813ddae5bbb8141b.jpg,Fixed,336,336,2,72,800.0,20205.0,14112,6893,0.03959415986142044,0.1160597707819527
813ddae5bbb8141b.jpg,PruneSID,336,336,2,71,2350.0,18459.0,13916,6893,0.12730917167777236,0.3409255766719861
8146929495612e54.jpg,DRIP,336,336,5,73,9814.0,52660.0,14308,48166,0.18636536270413975,0.20375368517211312
8146929495612e54.jpg,Fixed,336,336,5,72,5926.0,56352.0,14112,48166,0.10516042021578649,0.12303284474525598
8146929495612e54.jpg,PruneSID,336,336,5,71,6904.0,55178.0,13916,48166,0.1251223313639494,0.14333762405015987
815ac87838259167.jpg,DRIP,336,336,0,72,,,14112,0,,
815ac87838259167.jpg,Fixed,336,336,0,72,,,14112,0,,
815ac87838259167.jpg,PruneSID,336,336,0,71,,,13916,0,,
816ce0e155ca0fc3.jpg,DRIP,336,336,0,72,,,14112,0,,
816ce0e155ca0fc3.jpg,Fixed,336,336,0,72,,,14112,0,,
816ce0e155ca0fc3.jpg,PruneSID,336,336,0,71,,,13916,0,,
81a87534b54bb09c.jpg,DRIP,336,336,0,73,,,14308,0,,
81a87534b54bb09c.jpg,Fixed,336,336,0,72,,,14112,0,,
81a87534b54bb09c.jpg,PruneSID,336,336,0,71,,,13916,0,,
81ac0221208f4892.jpg,DRIP,336,336,1,73,756.0,19793.0,14308,6241,0.03819532157833577,0.12113443358436148
81ac0221208f4892.jpg,Fixed,336,336,1,72,963.0,19390.0,14112,6241,0.04966477565755544,0.15430219516103189
81ac0221208f4892.jpg,PruneSID,336,336,1,71,984.0,19173.0,13916,6241,0.051322171804099516,0.15766704053837527
81ae1464fd08f697.jpg,DRIP,336,336,11,73,595.0,23662.0,14308,9949,0.0251458033978531,0.05980500552819379
81ae1464fd08f697.jpg,Fixed,336,336,11,72,2088.0,21973.0,14112,9949,0.0950257133755063,0.2098703387275103
81ae1464fd08f697.jpg,PruneSID,336,336,11,71,1182.0,22683.0,13916,9949,0.05210950932416347,0.11880591014172279
81d7ca82b942162f.jpg,DRIP,336,336,0,72,,,14112,0,,
81d7ca82b942162f.jpg,Fixed,336,336,0,72,,,14112,0,,
81d7ca82b942162f.jpg,PruneSID,336,336,0,71,,,13916,0,,
8202017c496c894c.jpg,DRIP,336,336,5,73,112.0,16556.0,14308,2360,0.0067649190625755015,0.04745762711864407
8202017c496c894c.jpg,Fixed,336,336,5,72,418.0,16054.0,14112,2360,0.026037124704123584,0.17711864406779662
8202017c496c894c.jpg,PruneSID,336,336,5,71,944.0,15332.0,13916,2360,0.06157057135403079,0.4
8215f40fc0f4dbfb.jpg,DRIP,336,336,4,73,3849.0,20652.0,14308,10193,0.18637420104590355,0.3776120867261846
8215f40fc0f4dbfb.jpg,Fixed,336,336,4,72,1316.0,22989.0,14112,10193,0.05724476923746139,0.12910821151770824
8215f40fc0f4dbfb.jpg,PruneSID,336,336,4,71,3777.0,20332.0,13916,10193,0.1857662797560496,0.37054841557931917
821b5664142bc1b2.jpg,DRIP,336,336,0,73,,,14308,0,,
821b5664142bc1b2.jpg,Fixed,336,336,0,72,,,14112,0,,
821b5664142bc1b2.jpg,PruneSID,336,336,0,71,,,13916,0,,
821d3a32764c6780.jpg,DRIP,336,336,8,72,4629.0,24055.0,14112,14572,0.19243400540428185,0.3176640131759539
821d3a32764c6780.jpg,Fixed,336,336,8,72,2212.0,26472.0,14112,14572,0.08355998791175581,0.15179796870710952
821d3a32764c6780.jpg,PruneSID,336,336,8,71,3338.0,25150.0,13916,14572,0.13272365805168987,0.2290694482569311
822a3cdf226995d7.jpg,DRIP,336,336,1,73,4522.0,30077.0,14308,20291,0.15034744156664562,0.2228574244739047
822a3cdf226995d7.jpg,Fixed,336,336,1,72,2884.0,31519.0,14112,20291,0.09150036485929122,0.14213197969543148
822a3cdf226995d7.jpg,PruneSID,336,336,1,71,1260.0,32947.0,13916,20291,0.038243239141651744,0.062096495983440934
8254794b6d819b15.jpg,DRIP,336,336,4,73,2352.0,20004.0,14308,8048,0.11757648470305938,0.2922465208747515
8254794b6d819b15.jpg,Fixed,336,336,4,72,1436.0,20724.0,14112,8048,0.06929164254005019,0.17842942345924453
8254794b6d819b15.jpg,PruneSID,336,336,4,71,1940.0,20024.0,13916,8048,0.0968837395125849,0.24105367793240556
8256e73fd9a111a1.jpg,DRIP,336,336,2,73,3029.0,17398.0,14308,6119,0.17410047131854237,0.49501552541264915
8256e73fd9a111a1.jpg,Fixed,336,336,2,72,782.0,19449.0,14112,6119,0.040207722762095735,0.1277986599117503
8256e73fd9a111a1.jpg,PruneSID,336,336,2,71,2440.0,17595.0,13916,6119,0.13867576015913613,0.3987579669880699
82713906b4b69138.jpg,DRIP,336,336,32,73,3360.0,38685.0,14308,27737,0.08685537029856534,0.12113783033493168
82713906b4b69138.jpg,Fixed,336,336,32,72,2396.0,39453.0,14112,27737,0.06073048944313487,0.08638280996502866
82713906b4b69138.jpg,PruneSID,336,336,32,71,6879.0,34774.0,13916,27737,0.19782021050209928,0.24800807585535567
82bd77605feeed3b.jpg,DRIP,336,336,0,72,,,14112,0,,
82bd77605feeed3b.jpg,Fixed,336,336,0,72,,,14112,0,,
82bd77605feeed3b.jpg,PruneSID,336,336,0,71,,,13916,0,,
82d3083f06b03d37.jpg,DRIP,336,336,2,72,2130.0,16058.0,14112,4076,0.1326441649022294,0.5225711481844946
82d3083f06b03d37.jpg,Fixed,336,336,2,72,616.0,17572.0,14112,4076,0.03505577054404735,0.15112855740922473
82d3083f06b03d37.jpg,PruneSID,336,336,2,71,1318.0,16674.0,13916,4076,0.07904522010315461,0.32335623159960747
82de9d3b8569ba06.jpg,DRIP,336,336,9,73,2005.0,18913.0,14308,6610,0.1060117379580183,0.3033282904689864
82de9d3b8569ba06.jpg,Fixed,336,336,9,72,899.0,19823.0,14112,6610,0.045351359531856934,0.13600605143721634
82de9d3b8569ba06.jpg,PruneSID,336,336,9,71,2571.0,17955.0,13916,6610,0.14319131161236423,0.38895612708018157
82f17fe2eae87bff.jpg,DRIP,336,336,4,73,5355.0,21693.0,14308,12740,0.2468538238141336,0.42032967032967034
82f17fe2eae87bff.jpg,Fixed,336,336,4,72,1792.0,25060.0,14112,12740,0.07150837988826815,0.14065934065934066
82f17fe2eae87bff.jpg,PruneSID,336,336,4,71,4956.0,21700.0,13916,12740,0.22838709677419355,0.389010989010989
831bcec304a17054.jpg,DRIP,336,336,22,73,6482.0,39638.0,14308,31812,0.1635299460114032,0.20375958757701496
831bcec304a17054.jpg,Fixed,336,336,22,72,3897.0,42027.0,14112,31812,0.09272610464701264,0.12250094304036213
831bcec304a17054.jpg,PruneSID,336,336,22,71,5976.0,39752.0,13916,31812,0.1503320587643389,0.1878536401357978
832cf0827322d625.jpg,DRIP,336,336,2,72,0.0,17112.0,14112,3000,0.0,0.0
832cf0827322d625.jpg,Fixed,336,336,2,72,0.0,17112.0,14112,3000,0.0,0.0
832cf0827322d625.jpg,PruneSID,336,336,2,71,196.0,16720.0,13916,3000,0.011722488038277513,0.06533333333333333
834911d0d0abb6c7.jpg,DRIP,336,336,1,72,,,14112,0,,
834911d0d0abb6c7.jpg,Fixed,336,336,1,72,,,14112,0,,
834911d0d0abb6c7.jpg,PruneSID,336,336,1,71,,,13916,0,,
83635e89a2005ab9.jpg,DRIP,336,336,16,72,4204.0,31775.0,14112,21867,0.13230527143981116,0.19225316687245622
83635e89a2005ab9.jpg,Fixed,336,336,16,72,2117.0,33862.0,14112,21867,0.06251845726773374,0.09681254858919834
83635e89a2005ab9.jpg,PruneSID,336,336,16,71,4202.0,31581.0,13916,21867,0.1330546847788227,0.1921617048520602
836ea8fc700459e2.jpg,DRIP,336,336,8,72,3677.0,17879.0,14112,7444,0.20566027182728341,0.4939548629768941
836ea8fc700459e2.jpg,Fixed,336,336,8,72,265.0,21291.0,14112,7444,0.012446573669625663,0.03559914024717894
836ea8fc700459e2.jpg,PruneSID,336,336,8,71,2755.0,18605.0,13916,7444,0.14807847352862133,0.3700967221923697
83818088fbce0880.jpg,DRIP,336,336,19,73,5404.0,27273.0,14308,18369,0.19814468521981446,0.2941913005607273
83818088fbce0880.jpg,Fixed,336,336,19,72,2370.0,30111.0,14112,18369,0.0787087775231643,0.12902172137840928
83818088fbce0880.jpg,PruneSID,336,336,19,71,4668.0,27617.0,13916,18369,0.16902632436542708,0.2541237955250694
839179e9747b4390.jpg,DRIP,336,336,2,72,2960.0,19344.0,14112,8192,0.15301902398676592,0.361328125
839179e9747b4390.jpg,Fixed,336,336,2,72,1064.0,21240.0,14112,8192,0.050094161958568736,0.1298828125
839179e9747b4390.jpg,PruneSID,336,336,2,71,1752.0,20356.0,13916,8192,0.08606798978188249,0.2138671875
83a76d3a192ecf74.jpg,DRIP,336,336,59,73,10302.0,83524.0,14308,79518,0.12334179397538432,0.12955557232324758
83a76d3a192ecf74.jpg,Fixed,336,336,59,72,8454.0,85176.0,14112,79518,0.09925331079177233,0.10631555119595563
83a76d3a192ecf74.jpg,PruneSID,336,336,59,71,11493.0,81941.0,13916,79518,0.1402594549737006,0.14453331321210292
83aa22650422a4b3.jpg,DRIP,336,336,2,72,1592.0,14821.0,14112,2301,0.10741515417313272,0.6918730986527597
83aa22650422a4b3.jpg,Fixed,336,336,2,72,338.0,16075.0,14112,2301,0.021026438569206843,0.14689265536723164
83aa22650422a4b3.jpg,PruneSID,336,336,2,71,1095.0,15122.0,13916,2301,0.07241105673852664,0.4758800521512386
83c61580bf4907f8.jpg,DRIP,336,336,1,73,4914.0,43965.0,14308,34571,0.11177072671443193,0.14214225796187557
83c61580bf4907f8.jpg,Fixed,336,336,1,72,4893.0,43790.0,14112,34571,0.11173783968942681,0.14153481241502994
83c61580bf4907f8.jpg,PruneSID,336,336,1,71,4746.0,43741.0,13916,34571,0.10850232047735534,0.1372826935871106
83cf328875b93374.jpg,DRIP,336,336,1,72,889.0,14378.0,14112,1155,0.06183057448880234,0.7696969696969697
83cf328875b93374.jpg,Fixed,336,336,1,72,182.0,15085.0,14112,1155,0.012064965197215777,0.15757575757575756
83cf328875b93374.jpg,PruneSID,336,336,1,71,959.0,14112.0,13916,1155,0.0679563492063492,0.8303030303030303
83dfbda0ea56bb70.jpg,DRIP,336,336,0,72,,,14112,0,,
83dfbda0ea56bb70.jpg,Fixed,336,336,0,72,,,14112,0,,
83dfbda0ea56bb70.jpg,PruneSID,336,336,0,71,,,13916,0,,
83f9b16f616efeae.jpg,DRIP,336,336,1,72,308.0,14539.0,14112,735,0.02118440057775638,0.41904761904761906
83f9b16f616efeae.jpg,Fixed,336,336,1,72,0.0,14847.0,14112,735,0.0,0.0
83f9b16f616efeae.jpg,PruneSID,336,336,1,71,532.0,14119.0,13916,735,0.03767972235994051,0.7238095238095238
840e2ee612b6bd8c.jpg,DRIP,336,336,2,72,1442.0,16036.0,14112,3366,0.08992267398353704,0.42840166369578137
840e2ee612b6bd8c.jpg,Fixed,336,336,2,72,462.0,17016.0,14112,3366,0.027150916784203102,0.13725490196078433
840e2ee612b6bd8c.jpg,PruneSID,336,336,2,71,1302.0,15980.0,13916,3366,0.08147684605757197,0.3868092691622103
841c14dae4a6ed0c.jpg,DRIP,336,336,6,72,4242.0,48876.0,14112,39006,0.08679106309845323,0.10875249961544378
841c14dae4a6ed0c.jpg,Fixed,336,336,6,72,5082.0,48036.0,14112,39006,0.10579565326005495,0.13028764805414553
841c14dae4a6ed0c.jpg,PruneSID,336,336,6,71,4517.0,48405.0,13916,39006,0.09331680611507076,0.11580269702097114
842744d8c550a4b6.jpg,DRIP,336,336,1,73,558.0,14308.0,14308,558,0.03899916130835896,1.0
842744d8c550a4b6.jpg,Fixed,336,336,1,72,54.0,14616.0,14112,558,0.003694581280788177,0.0967741935483871
842744d8c550a4b6.jpg,PruneSID,336,336,1,71,0.0,14474.0,13916,558,0.0,0.0
842dc0509daf1b51.jpg,DRIP,336,336,3,73,1396.0,16641.0,14308,3729,0.08388918935160147,0.37436310002681683
842dc0509daf1b51.jpg,Fixed,336,336,3,72,594.0,17247.0,14112,3729,0.034440772308227514,0.1592920353982301
842dc0509daf1b51.jpg,PruneSID,336,336,3,71,870.0,16775.0,13916,3729,0.051862891207153504,0.2333065164923572
84475c6a6bacc361.jpg,DRIP,336,336,7,73,7558.0,26179.0,14308,19429,0.2887046869628328,0.38900612486489267
84475c6a6bacc361.jpg,Fixed,336,336,7,72,2807.0,30734.0,14112,19429,0.09133207522613393,0.1444747542333625
84475c6a6bacc361.jpg,PruneSID,336,336,7,71,3311.0,30034.0,13916,19429,0.110241726043817,0.17041535848473932
84a25e847e1063f6.jpg,DRIP,336,336,1,72,784.0,15077.0,14112,1749,0.05199973469523115,0.4482561463693539
84a25e847e1063f6.jpg,Fixed,336,336,1,72,0.0,15861.0,14112,1749,0.0,0.0
84a25e847e1063f6.jpg,PruneSID,336,336,1,71,882.0,14783.0,13916,1749,0.05966312656429683,0.5042881646655232
84c04e99e77283a2.jpg,DRIP,336,336,2,73,1449.0,17394.0,14308,4535,0.08330458778889273,0.3195148842337376
84c04e99e77283a2.jpg,Fixed,336,336,2,72,910.0,17737.0,14112,4535,0.05130518125951401,0.20066152149944874
84c04e99e77283a2.jpg,PruneSID,336,336,2,71,1113.0,17338.0,13916,4535,0.06419425539277887,0.24542447629547962
85165e7af73ac806.jpg,DRIP,336,336,0,72,,,14112,0,,
85165e7af73ac806.jpg,Fixed,336,336,0,72,,,14112,0,,
85165e7af73ac806.jpg,PruneSID,336,336,0,71,,,13916,0,,
85202715105cebc8.jpg,DRIP,336,336,1,73,588.0,15069.0,14308,1349,0.03902050567390006,0.43587842846553004
85202715105cebc8.jpg,Fixed,336,336,1,72,4.0,15457.0,14112,1349,0.0002587824286730931,0.0029651593773165306
85202715105cebc8.jpg,PruneSID,336,336,1,71,1124.0,14141.0,13916,1349,0.07948518492327275,0.8332097850259451
85340d8a02b36b7a.jpg,DRIP,336,336,6,73,8386.0,32004.0,14308,26082,0.26202974628171477,0.3215244229736983
85340d8a02b36b7a.jpg,Fixed,336,336,6,72,3148.0,37046.0,14112,26082,0.08497543594450144,0.12069626562380185
85340d8a02b36b7a.jpg,PruneSID,336,336,6,71,5150.0,34848.0,13916,26082,0.14778466483011937,0.19745418296142933
85575add4f29de8b.jpg,DRIP,336,336,7,72,2478.0,19144.0,14112,7510,0.12944003343083996,0.3299600532623169
85575add4f29de8b.jpg,Fixed,336,336,7,72,668.0,20954.0,14112,7510,0.03187935477713086,0.08894806924101198
85575add4f29de8b.jpg,PruneSID,336,336,7,71,3074.0,18352.0,13916,7510,0.1675021795989538,0.4093209054593875
855d76c85603018d.jpg,DRIP,336,336,5,72,5379.0,28851.0,14112,20118,0.1864406779661017,0.26737250223680287
855d76c85603018d.jpg,Fixed,336,336,5,72,2803.0,31427.0,14112,20118,0.08919082317752251,0.13932796500646188
855d76c85603018d.jpg,PruneSID,336,336,5,71,3668.0,30366.0,13916,20118,0.12079299216228677,0.18232428670842032
857a610c41ad3c8f.jpg,DRIP,336,336,1,72,844.0,14672.0,14112,1404,0.05752453653217012,0.6011396011396012
857a610c41ad3c8f.jpg,Fixed,336,336,1,72,364.0,15152.0,14112,1404,0.02402323125659979,0.25925925925925924
857a610c41ad3c8f.jpg,PruneSID,336,336,1,71,420.0,14900.0,13916,1404,0.028187919463087248,0.29914529914529914
857cae473e0914e7.jpg,DRIP,336,336,109,72,7979.0,73327.0,14112,67194,0.10881394302235194,0.11874572134416764
857cae473e0914e7.jpg,Fixed,336,336,109,72,8211.0,73095.0,14112,67194,0.11233326492920172,0.12219841057237253
857cae473e0914e7.jpg,PruneSID,336,336,109,71,11077.0,70033.0,13916,67194,0.15816829209087144,0.16485102836562787
85a0f0fb10454a48.jpg,DRIP,336,336,1,72,1166.0,14589.0,14112,1643,0.07992322983069436,0.7096774193548387
85a0f0fb10454a48.jpg,Fixed,336,336,1,72,434.0,15321.0,14112,1643,0.028327132693688403,0.2641509433962264
85a0f0fb10454a48.jpg,PruneSID,336,336,1,71,421.0,15138.0,13916,1643,0.027810807240058133,0.256238587948874
85c6ced818673304.jpg,DRIP,336,336,2,72,831.0,14872.0,14112,1591,0.05587681549220011,0.5223130106851037
85c6ced818673304.jpg,Fixed,336,336,2,72,144.0,15559.0,14112,1591,0.009255093515007392,0.09050911376492772
85c6ced818673304.jpg,PruneSID,336,336,2,71,813.0,14694.0,13916,1591,0.05532870559412005,0.5109993714644877
85cbb7667b273c8d.jpg,DRIP,336,336,3,73,5898.0,24569.0,14308,16159,0.24005861044405552,0.3649978340243827
85cbb7667b273c8d.jpg,Fixed,336,336,3,72,2052.0,28219.0,14112,16159,0.07271696374782947,0.126988056191596
85cbb7667b273c8d.jpg,PruneSID,336,336,3,71,3704.0,26371.0,13916,16159,0.14045732054150392,0.2292221053283
85f29c68a4452628.jpg,DRIP,336,336,0,73,,,14308,0,,
85f29c68a4452628.jpg,Fixed,336,336,0,72,,,14112,0,,
85f29c68a4452628.jpg,PruneSID,336,336,0,71,,,13916,0,,
860f181979485dd6.jpg,DRIP,336,336,0,72,,,14112,0,,
860f181979485dd6.jpg,Fixed,336,336,0,72,,,14112,0,,
860f181979485dd6.jpg,PruneSID,336,336,0,71,,,13916,0,,
861126230d7ab63f.jpg,DRIP,336,336,0,72,,,14112,0,,
861126230d7ab63f.jpg,Fixed,336,336,0,72,,,14112,0,,
861126230d7ab63f.jpg,PruneSID,336,336,0,71,,,13916,0,,
86293dad3b4edab2.jpg,DRIP,336,336,1,73,588.0,15445.0,14308,1725,0.038070573000971185,0.3408695652173913
86293dad3b4edab2.jpg,Fixed,336,336,1,72,350.0,15487.0,14112,1725,0.02259959966423452,0.2028985507246377
86293dad3b4edab2.jpg,PruneSID,336,336,1,71,1064.0,14577.0,13916,1725,0.07299169925224669,0.6168115942028985
86799f776598382b.jpg,DRIP,336,336,1,72,930.0,14125.0,14112,943,0.06584070796460177,0.9862142099681867
86799f776598382b.jpg,Fixed,336,336,1,72,184.0,14871.0,14112,943,0.01237307511263533,0.1951219512195122
86799f776598382b.jpg,PruneSID,336,336,1,71,734.0,14125.0,13916,943,0.0519646017699115,0.7783669141039237
868372cd0601c4f3.jpg,DRIP,336,336,9,73,819.0,18363.0,14308,4874,0.044600555464793336,0.16803446860894541
868372cd0601c4f3.jpg,Fixed,336,336,9,72,701.0,18285.0,14112,4874,0.03833743505605688,0.1438243742306114
868372cd0601c4f3.jpg,PruneSID,336,336,9,71,1403.0,17387.0,13916,4874,0.0806924713866682,0.2878539187525646
86856a39764d24ee.jpg,DRIP,336,336,2,72,504.0,14964.0,14112,1356,0.03368083400160385,0.37168141592920356
86856a39764d24ee.jpg,Fixed,336,336,2,72,182.0,15286.0,14112,1356,0.011906319508046579,0.13421828908554573
86856a39764d24ee.jpg,PruneSID,336,336,2,71,290.0,14982.0,13916,1356,0.01935656120678147,0.21386430678466076
869e952825ebc285.jpg,DRIP,336,336,10,72,337.0,19178.0,14112,5403,0.017572218166649285,0.06237275587636498
869e952825ebc285.jpg,Fixed,336,336,10,72,238.0,19277.0,14112,5403,0.012346319448046894,0.04404960207292245
869e952825ebc285.jpg,PruneSID,336,336,10,71,1361.0,17958.0,13916,5403,0.07578794966031852,0.2518970942069221
86c4adf1b1f0e35d.jpg,DRIP,336,336,7,72,7154.0,31503.0,14112,24545,0.22708948354125005,0.29146465675290284
86c4adf1b1f0e35d.jpg,Fixed,336,336,7,72,3639.0,35018.0,14112,24545,0.10391798503626706,0.14825830107964963
86c4adf1b1f0e35d.jpg,PruneSID,336,336,7,71,7242.0,31219.0,13916,24545,0.2319741183253788,0.29504990833163575
86dcf1f1b71f5e62.jpg,DRIP,336,336,25,73,3754.0,32844.0,14308,22290,0.11429789307027159,0.1684163301929116
86dcf1f1b71f5e62.jpg,Fixed,336,336,25,72,3447.0,32955.0,14112,22290,0.10459717796995903,0.15464333781965006
86dcf1f1b71f5e62.jpg,PruneSID,336,336,25,71,5730.0,30476.0,13916,22290,0.18801680010500066,0.2570659488559892
86de2feb5c1e43e9.jpg,DRIP,336,336,5,73,2997.0,18528.0,14308,7217,0.16175518134715025,0.415269502563392
86de2feb5c1e43e9.jpg,Fixed,336,336,5,72,378.0,20951.0,14112,7217,0.01804209822920147,0.052376333656644035
86de2feb5c1e43e9.jpg,PruneSID,336,336,5,71,3624.0,17509.0,13916,7217,0.2069792678051288,0.5021477068033809
86f392271e0c8866.jpg,DRIP,336,336,1,72,10374.0,78207.0,14112,74469,0.13264797268786682,0.13930628852274102
86f392271e0c8866.jpg,Fixed,336,336,1,72,9930.0,78651.0,14112,74469,0.1262539573559141,0.13334407605849413
86f392271e0c8866.jpg,PruneSID,336,336,1,71,9624.0,78761.0,13916,74469,0.1221924556569876,0.12923498368448616
86fd4b9632b36493.jpg,DRIP,336,336,17,73,2693.0,27258.0,14308,15643,0.09879668354244625,0.17215367896183598
86fd4b9632b36493.jpg,Fixed,336,336,17,72,2209.0,27546.0,14112,15643,0.08019313148914543,0.1412133222527648
86fd4b9632b36493.jpg,PruneSID,336,336,17,71,3440.0,26119.0,13916,15643,0.13170488916114706,0.21990666751901808
8722d2986cbe54c2.jpg,DRIP,336,336,1,72,364.0,14229.0,14112,481,0.025581558788389906,0.7567567567567568
8722d2986cbe54c2.jpg,Fixed,336,336,1,72,104.0,14489.0,14112,481,0.007177859065497964,0.21621621621621623
8722d2986cbe54c2.jpg,PruneSID,336,336,1,71,358.0,14039.0,13916,481,0.025500391765795286,0.7442827442827443
8736dac667e8caa5.jpg,DRIP,336,336,96,72,5336.0,46459.0,14112,37683,0.11485395725263135,0.14160231404081416
8736dac667e8caa5.jpg,Fixed,336,336,96,72,4364.0,47431.0,14112,37683,0.09200733697370918,0.11580818936921158
8736dac667e8caa5.jpg,PruneSID,336,336,96,71,8374.0,43225.0,13916,37683,0.19373048004626953,0.2222222222222222
873ee1c438bdc7e6.jpg,DRIP,336,336,7,73,1187.0,17501.0,14308,4380,0.06782469573167248,0.27100456621004565
873ee1c438bdc7e6.jpg,Fixed,336,336,7,72,375.0,18117.0,14112,4380,0.02069879119059447,0.08561643835616438
873ee1c438bdc7e6.jpg,PruneSID,336,336,7,71,2522.0,15774.0,13916,4380,0.1598833523519716,0.5757990867579909
875cfc6a45699a0b.jpg,DRIP,336,336,0,72,,,14112,0,,
875cfc6a45699a0b.jpg,Fixed,336,336,0,72,,,14112,0,,
875cfc6a45699a0b.jpg,PruneSID,336,336,0,71,,,13916,0,,
8765595053085d54.jpg,DRIP,336,336,1,73,574.0,16319.0,14308,2585,0.035173723880139715,0.2220502901353965
8765595053085d54.jpg,Fixed,336,336,1,72,653.0,16044.0,14112,2585,0.040700573423086514,0.25261121856866536
8765595053085d54.jpg,PruneSID,336,336,1,71,1358.0,15143.0,13916,2585,0.08967839926038433,0.5253384912959381
876897ccd1143950.jpg,DRIP,336,336,0,73,,,14308,0,,
876897ccd1143950.jpg,Fixed,336,336,0,72,,,14112,0,,
876897ccd1143950.jpg,PruneSID,336,336,0,71,,,13916,0,,
87a130cc71375751.jpg,DRIP,336,336,16,73,2351.0,18360.0,14308,6403,0.12805010893246188,0.3671716382945494
87a130cc71375751.jpg,Fixed,336,336,16,72,808.0,19707.0,14112,6403,0.04100065966407875,0.12619084803998126
87a130cc71375751.jpg,PruneSID,336,336,16,71,2496.0,17823.0,13916,6403,0.1400437636761488,0.3898172731532094
87a65e01d3bb7278.jpg,DRIP,336,336,4,73,4312.0,22825.0,14308,12829,0.18891566265060242,0.3361134928677216
87a65e01d3bb7278.jpg,Fixed,336,336,4,72,1964.0,24977.0,14112,12829,0.07863234175441407,0.15309065398706057
87a65e01d3bb7278.jpg,PruneSID,336,336,4,71,2982.0,23763.0,13916,12829,0.12548920590834492,0.2324421233143659
87b83cbdade3ab4d.jpg,DRIP,336,336,2,73,522.0,15106.0,14308,1320,0.03455580564014299,0.39545454545454545
87b83cbdade3ab4d.jpg,Fixed,336,336,2,72,238.0,15194.0,14112,1320,0.015664077925496907,0.1803030303030303
87b83cbdade3ab4d.jpg,PruneSID,336,336,2,71,634.0,14602.0,13916,1320,0.04341870976578551,0.4803030303030303
87c5b9b8eb339c17.jpg,DRIP,336,336,1,73,914.0,15714.0,14308,2320,0.05816469390352552,0.3939655172413793
87c5b9b8eb339c17.jpg,Fixed,336,336,1,72,554.0,15878.0,14112,2320,0.034891044212117396,0.23879310344827587
87c5b9b8eb339c17.jpg,PruneSID,336,336,1,71,806.0,15430.0,13916,2320,0.05223590408295528,0.3474137931034483
87cc4bb89802d049.jpg,DRIP,336,336,0,73,,,14308,0,,
87cc4bb89802d049.jpg,Fixed,336,336,0,72,,,14112,0,,
87cc4bb89802d049.jpg,PruneSID,336,336,0,71,,,13916,0,,
8808ca873bf70550.jpg,DRIP,336,336,7,72,5006.0,37732.0,14112,28626,0.13267253259832504,0.17487598686508768
8808ca873bf70550.jpg,Fixed,336,336,7,72,4183.0,38555.0,14112,28626,0.10849435870833873,0.1461258995318941
8808ca873bf70550.jpg,PruneSID,336,336,7,71,5836.0,36706.0,13916,28626,0.15899308015038413,0.2038706071403619
882727f6f1ec6ec8.jpg,DRIP,336,336,3,72,3850.0,16491.0,14112,6229,0.2334606755199806,0.6180767378391395
882727f6f1ec6ec8.jpg,Fixed,336,336,3,72,754.0,19587.0,14112,6229,0.038494920100066374,0.1210467169690159
882727f6f1ec6ec8.jpg,PruneSID,336,336,3,71,1286.0,18859.0,13916,6229,0.06819025399013734,0.20645368437951517
883e1b8ce96b712e.jpg,DRIP,336,336,4,73,916.0,18571.0,14308,5179,0.04932421517419633,0.17686812125893028
883e1b8ce96b712e.jpg,Fixed,336,336,4,72,950.0,18341.0,14112,5179,0.051796521454664415,0.18343309519212203
883e1b8ce96b712e.jpg,PruneSID,336,336,4,71,2021.0,17074.0,13916,5179,0.11836710788333138,0.3902297740876617
88525c8656348be6.jpg,DRIP,336,336,3,73,1824.0,16947.0,14308,4463,0.10762966896795893,0.40869370378669057
88525c8656348be6.jpg,Fixed,336,336,3,72,464.0,18111.0,14112,4463,0.025619789078460603,0.10396594219135111
88525c8656348be6.jpg,PruneSID,336,336,3,71,1038.0,17341.0,13916,4463,0.05985813966899256,0.23257898274703115
885268cde91c955c.jpg,DRIP,336,336,3,72,461.0,14457.0,14112,806,0.0318876668741786,0.5719602977667494
885268cde91c955c.jpg,Fixed,336,336,3,72,83.0,14835.0,14112,806,0.005594876980114594,0.10297766749379653
885268cde91c955c.jpg,PruneSID,336,336,3,71,365.0,14357.0,13916,806,0.025423138538691926,0.45285359801488834
8860429283cf5c63.jpg,DRIP,336,336,2,72,1222.0,15197.0,14112,2307,0.08041060735671514,0.5296922410056351
8860429283cf5c63.jpg,Fixed,336,336,2,72,564.0,15855.0,14112,2307,0.03557237464522233,0.2444733420026008
8860429283cf5c63.jpg,PruneSID,336,336,2,71,598.0,15625.0,13916,2307,0.038272,0.25921109666233205
886ced65b4959bf5.jpg,DRIP,336,336,4,72,1904.0,19508.0,14112,7300,0.0976009842116055,0.2608219178082192
886ced65b4959bf5.jpg,Fixed,336,336,4,72,769.0,20643.0,14112,7300,0.03725233735406675,0.10534246575342465
886ced65b4959bf5.jpg,PruneSID,336,336,4,71,574.0,20642.0,13916,7300,0.02780738300552272,0.07863013698630136
886e9e565b3a6eee.jpg,DRIP,336,336,4,72,280.0,16341.0,14112,2509,0.017134814270852457,0.11159824631327223
886e9e565b3a6eee.jpg,Fixed,336,336,4,72,452.0,16169.0,14112,2509,0.027954728183561137,0.1801514547628537
886e9e565b3a6eee.jpg,PruneSID,336,336,4,71,292.0,16133.0,13916,2509,0.01809954751131222,0.11638102829812674
88704dd3f8399f4f.jpg,DRIP,336,336,6,72,6472.0,27682.0,14112,20042,0.23379813597283433,0.3229218640854206
88704dd3f8399f4f.jpg,Fixed,336,336,6,72,2646.0,31508.0,14112,20042,0.08397867208328044,0.1320227522203373
88704dd3f8399f4f.jpg,PruneSID,336,336,6,71,6160.0,27798.0,13916,20042,0.22159867616375278,0.30735455543358947
8873733d2c6195d9.jpg,DRIP,336,336,1,72,0.0,14517.0,14112,405,0.0,0.0
8873733d2c6195d9.jpg,Fixed,336,336,1,72,0.0,14517.0,14112,405,0.0,0.0
8873733d2c6195d9.jpg,PruneSID,336,336,1,71,170.0,14151.0,13916,405,0.012013285280192212,0.41975308641975306
887bfd79f29a3fcb.jpg,DRIP,336,336,1,72,4172.0,18135.0,14112,8195,0.23005238489109456,0.509090909090909
887bfd79f29a3fcb.jpg,Fixed,336,336,1,72,770.0,21537.0,14112,8195,0.035752426057482474,0.09395973154362416
887bfd79f29a3fcb.jpg,PruneSID,336,336,1,71,1344.0,20767.0,13916,8195,0.0647180623103963,0.16400244051250762
88862c0e1ee73585.jpg,DRIP,336,336,3,72,1484.0,15368.0,14112,2740,0.0965642894325872,0.5416058394160584
88862c0e1ee73585.jpg,Fixed,336,336,3,72,477.0,16375.0,14112,2740,0.02912977099236641,0.17408759124087592
88862c0e1ee73585.jpg,PruneSID,336,336,3,71,1774.0,14882.0,13916,2740,0.11920440800967612,0.6474452554744525
8897e87eba020dc4.jpg,DRIP,336,336,0,73,,,14308,0,,
8897e87eba020dc4.jpg,Fixed,336,336,0,72,,,14112,0,,
8897e87eba020dc4.jpg,PruneSID,336,336,0,71,,,13916,0,,
88e2c120ffc53381.jpg,DRIP,336,336,2,72,2943.0,17188.0,14112,6019,0.17122410984407727,0.48895165309852134
88e2c120ffc53381.jpg,Fixed,336,336,2,72,700.0,19431.0,14112,6019,0.03602490865112449,0.11629838843661738
88e2c120ffc53381.jpg,PruneSID,336,336,2,71,1996.0,17939.0,13916,6019,0.11126595685378227,0.331616547599269
88f2513697fe0986.jpg,DRIP,336,336,3,72,4219.0,20207.0,14112,10314,0.20878903350324146,0.4090556525111499
88f2513697fe0986.jpg,Fixed,336,336,3,72,818.0,23608.0,14112,10314,0.034649271433412406,0.07930967616831491
88f2513697fe0986.jpg,PruneSID,336,336,3,71,2454.0,21776.0,13916,10314,0.11269287288758266,0.23792902850494474
88f4ce44737175a4.jpg,DRIP,336,336,1,72,3598.0,18403.0,14112,7889,0.19551160136934195,0.45607808340727596
88f4ce44737175a4.jpg,Fixed,336,336,1,72,1060.0,20941.0,14112,7889,0.050618404087674894,0.13436430472810243
88f4ce44737175a4.jpg,PruneSID,336,336,1,71,2027.0,19778.0,13916,7889,0.10248761249873597,0.2569400430979845
892d6f84f71e4a97.jpg,DRIP,336,336,1,73,1888.0,15033.0,14308,2613,0.12559036785738042,0.7225411404515882
892d6f84f71e4a97.jpg,Fixed,336,336,1,72,546.0,16179.0,14112,2613,0.03374745039866493,0.208955223880597
892d6f84f71e4a97.jpg,PruneSID,336,336,1,71,784.0,15745.0,13916,2613,0.049793585265163545,0.30003827018752394
893d9abd60abca2f.jpg,DRIP,336,336,0,73,,,14308,0,,
893d9abd60abca2f.jpg,Fixed,336,336,0,72,,,14112,0,,
893d9abd60abca2f.jpg,PruneSID,336,336,0,71,,,13916,0,,
8948be040946c0b8.jpg,DRIP,336,336,19,73,4535.0,30115.0,14308,20342,0.15058940727212353,0.22293776423163897
8948be040946c0b8.jpg,Fixed,336,336,19,72,4122.0,30332.0,14112,20342,0.13589608334432282,0.20263494248353162
8948be040946c0b8.jpg,PruneSID,336,336,19,71,3643.0,30615.0,13916,20342,0.11899395721051773,0.17908760200570248
895a8b2cf8263382.jpg,DRIP,336,336,1,72,0.0,14841.0,14112,729,0.0,0.0
895a8b2cf8263382.jpg,Fixed,336,336,1,72,222.0,14619.0,14112,729,0.015185717217319926,0.3045267489711934
895a8b2cf8263382.jpg,PruneSID,336,336,1,71,196.0,14449.0,13916,729,0.01356495259187487,0.26886145404663925
8970f545a5ceb8de.jpg,DRIP,336,336,0,72,,,14112,0,,
8970f545a5ceb8de.jpg,Fixed,336,336,0,72,,,14112,0,,
8970f545a5ceb8de.jpg,PruneSID,336,336,0,71,,,13916,0,,
898bc9291f38a4ec.jpg,DRIP,336,336,0,72,,,14112,0,,
898bc9291f38a4ec.jpg,Fixed,336,336,0,72,,,14112,0,,
898bc9291f38a4ec.jpg,PruneSID,336,336,0,71,,,13916,0,,
8999410486fed918.jpg,DRIP,336,336,3,73,831.0,15446.0,14308,1969,0.05380033665673961,0.42204164550533263
8999410486fed918.jpg,Fixed,336,336,3,72,330.0,15751.0,14112,1969,0.02095105072693797,0.16759776536312848
8999410486fed918.jpg,PruneSID,336,336,3,71,1278.0,14607.0,13916,1969,0.08749229821318547,0.649060436769934
89d1211e69c867b9.jpg,DRIP,336,336,9,73,7649.0,27301.0,14308,20642,0.2801728874400205,0.37055517876174787
89d1211e69c867b9.jpg,Fixed,336,336,9,72,3225.0,31529.0,14112,20642,0.10228678359605442,0.15623486096308498
89d1211e69c867b9.jpg,PruneSID,336,336,9,71,4677.0,29881.0,13916,20642,0.15652086610220542,0.22657688208506926
89d9552a610e6a67.jpg,DRIP,336,336,3,72,414.0,15631.0,14112,1933,0.026485829441494465,0.2141748577340921
89d9552a610e6a67.jpg,Fixed,336,336,3,72,266.0,15779.0,14112,1933,0.01685784903986311,0.13760993274702535
89d9552a610e6a67.jpg,PruneSID,336,336,3,71,308.0,15541.0,13916,1933,0.019818544495206227,0.15933781686497672
89fbd8dd5560dfce.jpg,DRIP,336,336,13,73,5061.0,30703.0,14308,21456,0.1648373123147575,0.23587807606263983
89fbd8dd5560dfce.jpg,Fixed,336,336,13,72,2805.0,32763.0,14112,21456,0.08561487043311052,0.13073266219239374
89fbd8dd5560dfce.jpg,PruneSID,336,336,13,71,4107.0,31265.0,13916,21456,0.13136094674556212,0.19141498881431768
8a0f072b70206a27.jpg,DRIP,336,336,9,72,4962.0,22518.0,14112,13368,0.2203570476951772,0.37118491921005387
8a0f072b70206a27.jpg,Fixed,336,336,9,72,1800.0,25680.0,14112,13368,0.07009345794392523,0.13464991023339318
8a0f072b70206a27.jpg,PruneSID,336,336,9,71,4325.0,22959.0,13916,13368,0.18837928481205626,0.32353381208856974
8a80719844e402c4.jpg,DRIP,336,336,9,72,1568.0,24115.0,14112,11571,0.06502177068214804,0.1355111917725348
8a80719844e402c4.jpg,Fixed,336,336,9,72,1385.0,24298.0,14112,11571,0.05700057617910939,0.11969579120214328
8a80719844e402c4.jpg,PruneSID,336,336,9,71,3576.0,21911.0,13916,11571,0.16320569576924832,0.3090484832771584
8abcb6a037ed0ba5.jpg,DRIP,336,336,0,72,,,14112,0,,
8abcb6a037ed0ba5.jpg,Fixed,336,336,0,72,,,14112,0,,
8abcb6a037ed0ba5.jpg,PruneSID,336,336,0,71,,,13916,0,,
8ac2480ef3e92c96.jpg,DRIP,336,336,4,73,3184.0,20005.0,14308,8881,0.15916020994751312,0.35851818488908904
8ac2480ef3e92c96.jpg,Fixed,336,336,4,72,1288.0,21705.0,14112,8881,0.05934116563003916,0.1450287129827722
8ac2480ef3e92c96.jpg,PruneSID,336,336,4,71,1696.0,21101.0,13916,8881,0.0803753376617222,0.19096948541830874
8b16ed46dd0e0291.jpg,DRIP,336,336,0,73,,,14308,0,,
8b16ed46dd0e0291.jpg,Fixed,336,336,0,72,,,14112,0,,
8b16ed46dd0e0291.jpg,PruneSID,336,336,0,71,,,13916,0,,
8b17986e8453934f.jpg,DRIP,336,336,7,73,2190.0,19713.0,14308,7595,0.11109420179576929,0.28834759710335744
8b17986e8453934f.jpg,Fixed,336,336,7,72,532.0,21175.0,14112,7595,0.02512396694214876,0.07004608294930875
8b17986e8453934f.jpg,PruneSID,336,336,7,71,2827.0,18684.0,13916,7595,0.1513059302076643,0.372218564845293
8b18730da2ae509d.jpg,DRIP,336,336,1,72,112.0,14319.0,14112,319,0.007821775263635729,0.3510971786833856
8b18730da2ae509d.jpg,Fixed,336,336,1,72,0.0,14431.0,14112,319,0.0,0.0
8b18730da2ae509d.jpg,PruneSID,336,336,1,71,112.0,14123.0,13916,319,0.00793032641789988,0.3510971786833856
8b3628a43cf6f668.jpg,DRIP,336,336,3,73,1272.0,15756.0,14308,2720,0.08073115003808073,0.4676470588235294
8b3628a43cf6f668.jpg,Fixed,336,336,3,72,266.0,16566.0,14112,2720,0.016056984184474224,0.09779411764705882
8b3628a43cf6f668.jpg,PruneSID,336,336,3,71,1293.0,15343.0,13916,2720,0.0842729583523431,0.4753676470588235
8b3e34ce484cd24d.jpg,DRIP,336,336,1,72,3402.0,22026.0,14112,11316,0.15445382729501497,0.3006362672322375
8b3e34ce484cd24d.jpg,Fixed,336,336,1,72,1288.0,24140.0,14112,11316,0.05335542667771334,0.11382113821138211
8b3e34ce484cd24d.jpg,PruneSID,336,336,1,71,1400.0,23832.0,13916,11316,0.058744545149378984,0.12371862849063273
8b68e3febcc65648.jpg,DRIP,336,336,10,72,7721.0,36047.0,14112,29656,0.2141925819069548,0.26035203668734824
8b68e3febcc65648.jpg,Fixed,336,336,10,72,3728.0,40040.0,14112,29656,0.0931068931068931,0.12570811977340168
8b68e3febcc65648.jpg,PruneSID,336,336,10,71,4538.0,39034.0,13916,29656,0.11625762156069068,0.15302131103318048
8b6d1f308dd2769c.jpg,DRIP,336,336,1,72,2030.0,23154.0,14112,11072,0.08767383605424549,0.18334537572254336
8b6d1f308dd2769c.jpg,Fixed,336,336,1,72,896.0,24288.0,14112,11072,0.03689064558629776,0.08092485549132948
8b6d1f308dd2769c.jpg,PruneSID,336,336,1,71,1677.0,23311.0,13916,11072,0.07194028570202908,0.15146315028901733
8b885fdb609fda16.jpg,DRIP,336,336,0,73,,,14308,0,,
8b885fdb609fda16.jpg,Fixed,336,336,0,72,,,14112,0,,
8b885fdb609fda16.jpg,PruneSID,336,336,0,71,,,13916,0,,
8b96da3d0bf836c1.jpg,DRIP,336,336,1,73,948.0,15292.0,14308,1932,0.06199319905833115,0.4906832298136646
8b96da3d0bf836c1.jpg,Fixed,336,336,1,72,294.0,15750.0,14112,1932,0.018666666666666668,0.15217391304347827
8b96da3d0bf836c1.jpg,PruneSID,336,336,1,71,1080.0,14768.0,13916,1932,0.07313109425785481,0.5590062111801242
8bb8ecbd65b3e2ae.jpg,DRIP,336,336,1,73,592.0,14420.0,14308,704,0.04105409153952843,0.8409090909090909
8bb8ecbd65b3e2ae.jpg,Fixed,336,336,1,72,308.0,14508.0,14112,704,0.021229666390956713,0.4375
8bb8ecbd65b3e2ae.jpg,PruneSID,336,336,1,71,284.0,14336.0,13916,704,0.019810267857142856,0.4034090909090909
8bd349d5e4a5f155.jpg,DRIP,336,336,1,72,494.0,14587.0,14112,969,0.03386577089189004,0.5098039215686274
8bd349d5e4a5f155.jpg,Fixed,336,336,1,72,266.0,14815.0,14112,969,0.017954775565305434,0.27450980392156865
8bd349d5e4a5f155.jpg,PruneSID,336,336,1,71,196.0,14689.0,13916,969,0.013343318129212335,0.20227038183694532
8bd41185d7ba6f86.jpg,DRIP,336,336,3,72,3396.0,19243.0,14112,8527,0.17647975887335654,0.398264336812478
8bd41185d7ba6f86.jpg,Fixed,336,336,3,72,610.0,22029.0,14112,8527,0.027690771256071542,0.07153746921543333
8bd41185d7ba6f86.jpg,PruneSID,336,336,3,71,1863.0,20580.0,13916,8527,0.09052478134110788,0.21848246745631522
8bf4242cb2938ec4.jpg,DRIP,336,336,6,73,2147.0,29586.0,14308,17425,0.07256810653687555,0.12321377331420373
8bf4242cb2938ec4.jpg,Fixed,336,336,6,72,2172.0,29365.0,14112,17425,0.0739656053124468,0.12464849354375897
8bf4242cb2938ec4.jpg,PruneSID,336,336,6,71,4797.0,26544.0,13916,17425,0.18071880650994576,0.2752941176470588
8c14ba5d19e23020.jpg,DRIP,336,336,3,72,642.0,19097.0,14112,5627,0.033617845734932185,0.11409276701617203
8c14ba5d19e23020.jpg,Fixed,336,336,3,72,829.0,18910.0,14112,5627,0.04383923849814913,0.14732539541496356
8c14ba5d19e23020.jpg,PruneSID,336,336,3,71,2128.0,17415.0,13916,5627,0.12219351134079816,0.37817664830282566
8c2d5e811335f70e.jpg,DRIP,336,336,0,73,,,14308,0,,
8c2d5e811335f70e.jpg,Fixed,336,336,0,72,,,14112,0,,
8c2d5e811335f70e.jpg,PruneSID,336,336,0,71,,,13916,0,,
8c7f0f3cb77d9a96.jpg,DRIP,336,336,9,72,3040.0,22841.0,14112,11769,0.1330939976358303,0.25830571841277933
8c7f0f3cb77d9a96.jpg,Fixed,336,336,9,72,1003.0,24878.0,14112,11769,0.04031674571910925,0.08522389327895319
8c7f0f3cb77d9a96.jpg,PruneSID,336,336,9,71,3239.0,22446.0,13916,11769,0.14430188006771807,0.275214546690458
8c978b60b1b5ae45.jpg,DRIP,336,336,4,72,1447.0,16380.0,14112,3715,0.08833943833943834,0.3895020188425303
8c978b60b1b5ae45.jpg,Fixed,336,336,4,72,252.0,17575.0,14112,3715,0.01433854907539118,0.06783310901749663
8c978b60b1b5ae45.jpg,PruneSID,336,336,4,71,1646.0,15985.0,13916,3715,0.1029715358148264,0.44306864064602963
8c9f3f4497d6f094.jpg,DRIP,336,336,0,72,,,14112,0,,
8c9f3f4497d6f094.jpg,Fixed,336,336,0,72,,,14112,0,,
8c9f3f4497d6f094.jpg,PruneSID,336,336,0,71,,,13916,0,,
8cbd7005380d7ff4.jpg,DRIP,336,336,1,72,1190.0,14833.0,14112,1911,0.08022652194431336,0.6227106227106227
8cbd7005380d7ff4.jpg,Fixed,336,336,1,72,0.0,16023.0,14112,1911,0.0,0.0
8cbd7005380d7ff4.jpg,PruneSID,336,336,1,71,1134.0,14693.0,13916,1911,0.0771796093377799,0.5934065934065934
8cc379dbe56621ee.jpg,DRIP,336,336,3,72,1356.0,17193.0,14112,4437,0.07886930727621706,0.30561189993238674
8cc379dbe56621ee.jpg,Fixed,336,336,3,72,16.0,18533.0,14112,4437,0.0008633248799438839,0.003606040117196304
8cc379dbe56621ee.jpg,PruneSID,336,336,3,71,1416.0,16937.0,13916,4437,0.08360394402786799,0.3191345503718729
8cd086f9d7f21a2a.jpg,DRIP,336,336,2,73,752.0,15474.0,14308,1918,0.04859764766705441,0.3920750782064651
8cd086f9d7f21a2a.jpg,Fixed,336,336,2,72,448.0,15582.0,14112,1918,0.028751123090745734,0.23357664233576642
8cd086f9d7f21a2a.jpg,PruneSID,336,336,2,71,703.0,15131.0,13916,1918,0.04646090806952614,0.3665276329509906
8cd5c75d45ef6d1c.jpg,DRIP,336,336,9,73,5838.0,26879.0,14308,18409,0.2171955801927155,0.31712749198761475
8cd5c75d45ef6d1c.jpg,Fixed,336,336,9,72,2909.0,29612.0,14112,18409,0.09823720113467513,0.15802053343473302
8cd5c75d45ef6d1c.jpg,PruneSID,336,336,9,71,4707.0,27618.0,13916,18409,0.1704323267434282,0.255690151556304
8ced208689f6bc1e.jpg,DRIP,336,336,7,72,4959.0,26742.0,14112,17589,0.18543863585371326,0.28193757462050145
8ced208689f6bc1e.jpg,Fixed,336,336,7,72,1590.0,30111.0,14112,17589,0.05280462289528744,0.0903974074705782
8ced208689f6bc1e.jpg,PruneSID,336,336,7,71,4912.0,26593.0,13916,17589,0.18471026209904862,0.2792654499971573
8cf28803cc5df381.jpg,DRIP,336,336,0,73,,,14308,0,,
8cf28803cc5df381.jpg,Fixed,336,336,0,72,,,14112,0,,
8cf28803cc5df381.jpg,PruneSID,336,336,0,71,,,13916,0,,
8cf5bb178a625922.jpg,DRIP,336,336,3,72,542.0,15613.0,14112,2043,0.03471466085954013,0.26529613313754286
8cf5bb178a625922.jpg,Fixed,336,336,3,72,72.0,16083.0,14112,2043,0.004476776720761052,0.03524229074889868
8cf5bb178a625922.jpg,PruneSID,336,336,3,71,653.0,15306.0,13916,2043,0.04266300797073043,0.31962799804209496
8cfd3916eac85404.jpg,DRIP,336,336,1,72,0.0,14911.0,14112,799,0.0,0.0
8cfd3916eac85404.jpg,Fixed,336,336,1,72,214.0,14697.0,14112,799,0.014560794720010886,0.26783479349186484
8cfd3916eac85404.jpg,PruneSID,336,336,1,71,446.0,14269.0,13916,799,0.03125657018711893,0.55819774718398
8cff6e048cfc3aec.jpg,DRIP,336,336,3,72,4158.0,18360.0,14112,8406,0.22647058823529412,0.49464668094218417
8cff6e048cfc3aec.jpg,Fixed,336,336,3,72,464.0,22054.0,14112,8406,0.021039267253106012,0.05519866761836783
8cff6e048cfc3aec.jpg,PruneSID,336,336,3,71,1944.0,20378.0,13916,8406,0.09539699676121308,0.23126338329764454
8d0dc9e4192e42a7.jpg,DRIP,336,336,2,72,0.0,15264.0,14112,1152,0.0,0.0
8d0dc9e4192e42a7.jpg,Fixed,336,336,2,72,264.0,15000.0,14112,1152,0.0176,0.22916666666666666
8d0dc9e4192e42a7.jpg,PruneSID,336,336,2,71,414.0,14654.0,13916,1152,0.02825167189845776,0.359375
8d21320badc9b703.jpg,DRIP,336,336,0,72,,,14112,0,,
8d21320badc9b703.jpg,Fixed,336,336,0,72,,,14112,0,,
8d21320badc9b703.jpg,PruneSID,336,336,0,71,,,13916,0,,
8d25f4f5651d7151.jpg,DRIP,336,336,5,72,5278.0,31799.0,14112,22965,0.165980062266109,0.2298279991291095
8d25f4f5651d7151.jpg,Fixed,336,336,5,72,2904.0,34173.0,14112,22965,0.08497936967781582,0.12645329849771392
8d25f4f5651d7151.jpg,PruneSID,336,336,5,71,2764.0,34117.0,13916,22965,0.08101532960107864,0.1203570650990638
8d4a4c833f93e4d9.jpg,DRIP,336,336,1,72,874.0,15173.0,14112,1935,0.0576023199103671,0.4516795865633075
8d4a4c833f93e4d9.jpg,Fixed,336,336,1,72,151.0,15896.0,14112,1935,0.009499245093105183,0.07803617571059432
8d4a4c833f93e4d9.jpg,PruneSID,336,336,1,71,804.0,15047.0,13916,1935,0.053432577922509474,0.41550387596899224
8d5b7d3c09a447a2.jpg,DRIP,336,336,10,73,4780.0,25047.0,14308,15519,0.1908412185092027,0.30800953669695214
8d5b7d3c09a447a2.jpg,Fixed,336,336,10,72,1498.0,28133.0,14112,15519,0.05324707638716099,0.09652683806946324
8d5b7d3c09a447a2.jpg,PruneSID,336,336,10,71,4590.0,24845.0,13916,15519,0.18474542161400684,0.2957664797989561
8d61fa3a5520e350.jpg,DRIP,336,336,0,73,,,14308,0,,
8d61fa3a5520e350.jpg,Fixed,336,336,0,72,,,14112,0,,
8d61fa3a5520e350.jpg,PruneSID,336,336,0,71,,,13916,0,,
8d6990a01efd059a.jpg,DRIP,336,336,4,72,558.0,18747.0,14112,5193,0.029764762361977917,0.10745233968804159
8d6990a01efd059a.jpg,Fixed,336,336,4,72,435.0,18870.0,14112,5193,0.023052464228934817,0.08376660889659157
8d6990a01efd059a.jpg,PruneSID,336,336,4,71,700.0,18409.0,13916,5193,0.03802487913520561,0.13479684190256114
8d69bf28a03c73b8.jpg,DRIP,336,336,0,72,,,14112,0,,
8d69bf28a03c73b8.jpg,Fixed,336,336,0,72,,,14112,0,,
8d69bf28a03c73b8.jpg,PruneSID,336,336,0,71,,,13916,0,,
8d9a8547825d645e.jpg,DRIP,336,336,7,72,8234.0,32526.0,14112,26648,0.25315132509377114,0.308991293905734
8d9a8547825d645e.jpg,Fixed,336,336,7,72,3620.0,37140.0,14112,26648,0.09746903607969844,0.13584509156409486
8d9a8547825d645e.jpg,PruneSID,336,336,7,71,5011.0,35553.0,13916,26648,0.14094450538632464,0.18804413089162414
8da1859227014a72.jpg,DRIP,336,336,11,73,3174.0,21774.0,14308,10640,0.14577018462386332,0.29830827067669174
8da1859227014a72.jpg,Fixed,336,336,11,72,1338.0,23414.0,14112,10640,0.05714529768514564,0.12575187969924811
8da1859227014a72.jpg,PruneSID,336,336,11,71,3299.0,21257.0,13916,10640,0.1551959354565555,0.3100563909774436
8db8d42a45bb2041.jpg,DRIP,336,336,0,72,,,14112,0,,
8db8d42a45bb2041.jpg,Fixed,336,336,0,72,,,14112,0,,
8db8d42a45bb2041.jpg,PruneSID,336,336,0,71,,,13916,0,,
8dc903eeab115200.jpg,DRIP,336,336,4,72,2033.0,16978.0,14112,4899,0.11974319707857227,0.4149826495203103
8dc903eeab115200.jpg,Fixed,336,336,4,72,434.0,18577.0,14112,4899,0.02336222210259999,0.08858950806286997
8dc903eeab115200.jpg,PruneSID,336,336,4,71,1110.0,17705.0,13916,4899,0.06269415419373059,0.226576852418861
8ddb8e440d06d296.jpg,DRIP,336,336,2,72,898.0,16047.0,14112,2833,0.05596061569140649,0.3169784680550653
8ddb8e440d06d296.jpg,Fixed,336,336,2,72,504.0,16441.0,14112,2833,0.030655069642965757,0.17790328273914577
8ddb8e440d06d296.jpg,PruneSID,336,336,2,71,445.0,16304.0,13916,2833,0.027293915603532875,0.1570773032121426
8de8a2b786a447c3.jpg,DRIP,336,336,12,73,4888.0,27295.0,14308,17875,0.1790804176589119,0.27345454545454545
8de8a2b786a447c3.jpg,Fixed,336,336,12,72,3220.0,28767.0,14112,17875,0.11193381304967498,0.18013986013986014
8de8a2b786a447c3.jpg,PruneSID,336,336,12,71,3826.0,27965.0,13916,17875,0.1368138744859646,0.21404195804195805
8dfc63d1a6836744.jpg,DRIP,336,336,13,73,2793.0,21785.0,14308,10270,0.12820748221253156,0.2719571567672833
8dfc63d1a6836744.jpg,Fixed,336,336,13,72,1167.0,23215.0,14112,10270,0.050269222485461985,0.1136319376825706
8dfc63d1a6836744.jpg,PruneSID,336,336,13,71,5370.0,18816.0,13916,10270,0.2853954081632653,0.5228821811100293
8e257482d86e2ece.jpg,DRIP,336,336,2,72,1448.0,14764.0,14112,2100,0.09807640205906258,0.6895238095238095
8e257482d86e2ece.jpg,Fixed,336,336,2,72,637.0,15575.0,14112,2100,0.04089887640449438,0.30333333333333334
8e257482d86e2ece.jpg,PruneSID,336,336,2,71,1185.0,14831.0,13916,2100,0.07990020902164385,0.5642857142857143
8e527bbeafa2d865.jpg,DRIP,336,336,1,73,11424.0,64708.0,14308,61824,0.176546949372566,0.18478260869565216
8e527bbeafa2d865.jpg,Fixed,336,336,1,72,7728.0,68208.0,14112,61824,0.11330049261083744,0.125
8e527bbeafa2d865.jpg,PruneSID,336,336,1,71,7644.0,68096.0,13916,61824,0.11225328947368421,0.12364130434782608
8e5c22ac37a5c26c.jpg,DRIP,336,336,15,72,3726.0,30999.0,14112,20613,0.12019742572341044,0.18075971474312327
8e5c22ac37a5c26c.jpg,Fixed,336,336,15,72,2969.0,31756.0,14112,20613,0.0934941428391485,0.1440353175180711
8e5c22ac37a5c26c.jpg,PruneSID,336,336,15,71,5567.0,28962.0,13916,20613,0.19221738830191284,0.27007228448066756
8e6a1dfce13b6b2a.jpg,DRIP,336,336,2,72,1096.0,14877.0,14112,1861,0.07367076695570343,0.5889306824288018
8e6a1dfce13b6b2a.jpg,Fixed,336,336,2,72,144.0,15829.0,14112,1861,0.009097226609387832,0.07737775389575496
8e6a1dfce13b6b2a.jpg,PruneSID,336,336,2,71,712.0,15065.0,13916,1861,0.04726186525058081,0.3825900053734551
8e767faa989e366d.jpg,DRIP,336,336,2,73,5348.0,48234.0,14308,39274,0.11087614545756105,0.13617151296022814
8e767faa989e366d.jpg,Fixed,336,336,2,72,5012.0,48374.0,14112,39274,0.10360937693802456,0.12761623465906197
8e767faa989e366d.jpg,PruneSID,336,336,2,71,5188.0,48002.0,13916,39274,0.10807883004874796,0.13209757091205376
8e8a88dd5b2886d8.jpg,DRIP,336,336,0,72,,,14112,0,,
8e8a88dd5b2886d8.jpg,Fixed,336,336,0,72,,,14112,0,,
8e8a88dd5b2886d8.jpg,PruneSID,336,336,0,71,,,13916,0,,
8ece4ea8f823d818.jpg,DRIP,336,336,2,72,1196.0,15217.0,14112,2301,0.07859630676217388,0.519774011299435
8ece4ea8f823d818.jpg,Fixed,336,336,2,72,426.0,15987.0,14112,2301,0.026646650403452807,0.18513689700130379
8ece4ea8f823d818.jpg,PruneSID,336,336,2,71,1094.0,15123.0,13916,2301,0.07234014415129274,0.47544545849630593
8ed06c0fbde83a3a.jpg,DRIP,336,336,30,72,4103.0,44852.0,14112,34843,0.0914786408632837,0.11775679476508912
8ed06c0fbde83a3a.jpg,Fixed,336,336,30,72,4559.0,44396.0,14112,34843,0.10268943148031354,0.13084407198002468
8ed06c0fbde83a3a.jpg,PruneSID,336,336,30,71,6557.0,42202.0,13916,34843,0.15537178332780438,0.1881870103033608
8ed1bb755e9a3f8b.jpg,DRIP,336,336,0,72,,,14112,0,,
8ed1bb755e9a3f8b.jpg,Fixed,336,336,0,72,,,14112,0,,
8ed1bb755e9a3f8b.jpg,PruneSID,336,336,0,71,,,13916,0,,
8edadd53790a464a.jpg,DRIP,336,336,4,72,11499.0,54826.0,14112,52213,0.2097362565206289,0.22023250914523204
8edadd53790a464a.jpg,Fixed,336,336,4,72,6056.0,60269.0,14112,52213,0.10048283528845675,0.1159864401585812
8edadd53790a464a.jpg,PruneSID,336,336,4,71,5895.0,60234.0,13916,52213,0.0978683135770495,0.11290291689809051
8ef76d6dde9bf612.jpg,DRIP,336,336,24,72,5729.0,43271.0,14112,34888,0.13239814194264057,0.16421119009401514
8ef76d6dde9bf612.jpg,Fixed,336,336,24,72,4406.0,44594.0,14112,34888,0.09880252948827196,0.12628984177940838
8ef76d6dde9bf612.jpg,PruneSID,336,336,24,71,7012.0,41792.0,13916,34888,0.1677833078101072,0.2009860123824811
8f255fcf31f22e34.jpg,DRIP,336,336,4,73,5291.0,24003.0,14308,14986,0.2204307794858976,0.35306285866809023
8f255fcf31f22e34.jpg,Fixed,336,336,4,72,2043.0,27055.0,14112,14986,0.07551284420624653,0.13632723875617242
8f255fcf31f22e34.jpg,PruneSID,336,336,4,71,2658.0,26244.0,13916,14986,0.10128029263831732,0.17736554117176032
8f4ac02ff9b45bdf.jpg,DRIP,336,336,5,72,1087.0,16892.0,14112,3867,0.06434998816007577,0.28109645720196536
8f4ac02ff9b45bdf.jpg,Fixed,336,336,5,72,634.0,17345.0,14112,3867,0.03655232055347362,0.1639513835014223
8f4ac02ff9b45bdf.jpg,PruneSID,336,336,5,71,942.0,16841.0,13916,3867,0.05593492072917285,0.24359968968192397
8f57ce71836fef2d.jpg,DRIP,336,336,3,72,705.0,14717.0,14112,1310,0.047903784738737513,0.5381679389312977
8f57ce71836fef2d.jpg,Fixed,336,336,3,72,66.0,15356.0,14112,1310,0.004297994269340974,0.050381679389312976
8f57ce71836fef2d.jpg,PruneSID,336,336,3,71,644.0,14582.0,13916,1310,0.04416403785488959,0.4916030534351145
8f8c2a1686072e8a.jpg,DRIP,336,336,13,72,5365.0,31514.0,14112,22767,0.17024179729643968,0.23564808714367286
8f8c2a1686072e8a.jpg,Fixed,336,336,13,72,2382.0,34497.0,14112,22767,0.06904948256370119,0.10462511529845829
8f8c2a1686072e8a.jpg,PruneSID,336,336,13,71,3888.0,32795.0,13916,22767,0.11855465772221375,0.1707734879430755
8fe207f360cc8161.jpg,DRIP,336,336,1,72,1380.0,16135.0,14112,3403,0.08552835450883173,0.40552453717308257
8fe207f360cc8161.jpg,Fixed,336,336,1,72,574.0,16941.0,14112,3403,0.033882297385042205,0.1686746987951807
8fe207f360cc8161.jpg,PruneSID,336,336,1,71,1452.0,15867.0,13916,3403,0.09151068254868595,0.42668233911254777
8fe66ea8c7e2a60e.jpg,DRIP,336,336,45,72,3674.0,40739.0,14112,30301,0.09018385331009597,0.1212501237582918
8fe66ea8c7e2a60e.jpg,Fixed,336,336,45,72,4223.0,40190.0,14112,30301,0.1050758895247574,0.13936833767862447
8fe66ea8c7e2a60e.jpg,PruneSID,336,336,45,71,5354.0,38863.0,13916,30301,0.1377659985075779,0.17669383848717865
8ff45a7751923320.jpg,DRIP,336,336,7,72,6296.0,55299.0,14112,47483,0.1138537767409899,0.13259482341048376
8ff45a7751923320.jpg,Fixed,336,336,7,72,7560.0,54035.0,14112,47483,0.1399093180346072,0.15921487690331276
8ff45a7751923320.jpg,PruneSID,336,336,7,71,6459.0,54940.0,13916,47483,0.11756461594466691,0.13602763094160014
901b349a190211a6.jpg,DRIP,336,336,6,73,3578.0,18044.0,14308,7314,0.19829306140545333,0.4891987968280011
901b349a190211a6.jpg,Fixed,336,336,6,72,522.0,20904.0,14112,7314,0.02497129735935706,0.07136997538966366
901b349a190211a6.jpg,PruneSID,336,336,6,71,2268.0,18962.0,13916,7314,0.11960763632528214,0.31009023789991796
901fbc393f9371fe.jpg,DRIP,336,336,0,73,,,14308,0,,
901fbc393f9371fe.jpg,Fixed,336,336,0,72,,,14112,0,,
901fbc393f9371fe.jpg,PruneSID,336,336,0,71,,,13916,0,,
903cfc24491d4976.jpg,DRIP,336,336,0,73,,,14308,0,,
903cfc24491d4976.jpg,Fixed,336,336,0,72,,,14112,0,,
903cfc24491d4976.jpg,PruneSID,336,336,0,71,,,13916,0,,
9058691616d32a9d.jpg,DRIP,336,336,0,72,,,14112,0,,
9058691616d32a9d.jpg,Fixed,336,336,0,72,,,14112,0,,
9058691616d32a9d.jpg,PruneSID,336,336,0,71,,,13916,0,,
9082d5a7cfb2baa7.jpg,DRIP,336,336,14,73,4845.0,29410.0,14308,19947,0.16473988439306358,0.2428936682207851
9082d5a7cfb2baa7.jpg,Fixed,336,336,14,72,3526.0,30533.0,14112,19947,0.11548161006124522,0.17676843635634432
9082d5a7cfb2baa7.jpg,PruneSID,336,336,14,71,5822.0,28041.0,13916,19947,0.20762454976641348,0.29187346468140574
90a0c9aa3574f883.jpg,DRIP,336,336,0,72,,,14112,0,,
90a0c9aa3574f883.jpg,Fixed,336,336,0,72,,,14112,0,,
90a0c9aa3574f883.jpg,PruneSID,336,336,0,71,,,13916,0,,
90ca854541e275bf.jpg,DRIP,336,336,0,72,,,14112,0,,
90ca854541e275bf.jpg,Fixed,336,336,0,72,,,14112,0,,
90ca854541e275bf.jpg,PruneSID,336,336,0,71,,,13916,0,,
90db11cd7de11f9e.jpg,DRIP,336,336,1,73,238.0,14937.0,14308,867,0.015933587735154315,0.27450980392156865
90db11cd7de11f9e.jpg,Fixed,336,336,1,72,0.0,14979.0,14112,867,0.0,0.0
90db11cd7de11f9e.jpg,PruneSID,336,336,1,71,336.0,14447.0,13916,867,0.02325742368657853,0.3875432525951557
90f8639319d3a7e4.jpg,DRIP,336,336,2,72,631.0,14708.0,14112,1227,0.042901822137612185,0.5142624286878565
90f8639319d3a7e4.jpg,Fixed,336,336,2,72,150.0,15189.0,14112,1227,0.009875567845151097,0.12224938875305623
90f8639319d3a7e4.jpg,PruneSID,336,336,2,71,544.0,14599.0,13916,1227,0.03726282622097404,0.44335778321108393
91295ca3c35a54cd.jpg,DRIP,336,336,0,72,,,14112,0,,
91295ca3c35a54cd.jpg,Fixed,336,336,0,72,,,14112,0,,
91295ca3c35a54cd.jpg,PruneSID,336,336,0,71,,,13916,0,,
9137817ca747e7ae.jpg,DRIP,336,336,1,73,2376.0,15868.0,14308,3936,0.14973531635996976,0.6036585365853658
9137817ca747e7ae.jpg,Fixed,336,336,1,72,336.0,17712.0,14112,3936,0.018970189701897018,0.08536585365853659
9137817ca747e7ae.jpg,PruneSID,336,336,1,71,1248.0,16604.0,13916,3936,0.0751626114189352,0.3170731707317073
9137c587273b1c0f.jpg,DRIP,336,336,3,72,2654.0,16566.0,14112,5108,0.1602076542315586,0.519577133907596
9137c587273b1c0f.jpg,Fixed,336,336,3,72,896.0,18324.0,14112,5108,0.048897620606854396,0.1754111198120595
9137c587273b1c0f.jpg,PruneSID,336,336,3,71,2674.0,16350.0,13916,5108,0.1635474006116208,0.5234925606891151
913bcca774e2bbc2.jpg,DRIP,336,336,3,73,2873.0,22396.0,14308,10961,0.12828183604215038,0.2621111212480613
913bcca774e2bbc2.jpg,Fixed,336,336,3,72,1612.0,23461.0,14112,10961,0.06870977366693662,0.1470668734604507
913bcca774e2bbc2.jpg,PruneSID,336,336,3,71,2666.0,22211.0,13916,10961,0.1200306154608077,0.24322598303074536
913e3a07448f61d4.jpg,DRIP,336,336,5,73,1097.0,16428.0,14308,3217,0.06677623569515462,0.3410009325458502
913e3a07448f61d4.jpg,Fixed,336,336,5,72,444.0,16885.0,14112,3217,0.02629552857565887,0.13801678582530308
913e3a07448f61d4.jpg,PruneSID,336,336,5,71,1794.0,15339.0,13916,3217,0.11695677684334051,0.5576624184022381
913f30d7365660d1.jpg,DRIP,336,336,4,73,902.0,15850.0,14308,2444,0.05690851735015773,0.3690671031096563
913f30d7365660d1.jpg,Fixed,336,336,4,72,419.0,16137.0,14112,2444,0.025965173204437007,0.17144026186579378
913f30d7365660d1.jpg,PruneSID,336,336,4,71,1234.0,15126.0,13916,2444,0.0815813830490546,0.5049099836333879
914ccc612352581c.jpg,DRIP,336,336,3,73,3491.0,20921.0,14308,10104,0.16686582859327947,0.34550673000791765
914ccc612352581c.jpg,Fixed,336,336,3,72,1420.0,22796.0,14112,10104,0.06229163011054571,0.1405384006334125
914ccc612352581c.jpg,PruneSID,336,336,3,71,2607.0,21413.0,13916,10104,0.12174847055527016,0.2580166270783848
9152949a52506c35.jpg,DRIP,336,336,0,72,,,14112,0,,
9152949a52506c35.jpg,Fixed,336,336,0,72,,,14112,0,,
9152949a52506c35.jpg,PruneSID,336,336,0,71,,,13916,0,,
91c56a3e4729344a.jpg,DRIP,336,336,1,72,1608.0,14349.0,14112,1845,0.11206355843612795,0.8715447154471545
91c56a3e4729344a.jpg,Fixed,336,336,1,72,403.0,15554.0,14112,1845,0.02590973383052591,0.21842818428184282
91c56a3e4729344a.jpg,PruneSID,336,336,1,71,401.0,15360.0,13916,1845,0.026106770833333334,0.21734417344173443
91ca5899f70666a6.jpg,DRIP,336,336,6,73,4009.0,21045.0,14308,10746,0.19049655500118792,0.37306904894844595
91ca5899f70666a6.jpg,Fixed,336,336,6,72,971.0,23887.0,14112,10746,0.04064972579227195,0.09035920342453006
91ca5899f70666a6.jpg,PruneSID,336,336,6,71,3388.0,21274.0,13916,10746,0.1592554291623578,0.31528010422482783
91f383e314227712.jpg,DRIP,336,336,12,73,3180.0,28906.0,14308,17778,0.11001176226388985,0.17887276409044886
91f383e314227712.jpg,Fixed,336,336,12,72,3258.0,28632.0,14112,17778,0.11378876781223805,0.1832602092473844
91f383e314227712.jpg,PruneSID,336,336,12,71,3000.0,28694.0,13916,17778,0.10455147417578588,0.16874789065136686
9218c5a41010b6b3.jpg,DRIP,336,336,1,72,298.0,14269.0,14112,455,0.020884434788702784,0.654945054945055
9218c5a41010b6b3.jpg,Fixed,336,336,1,72,18.0,14549.0,14112,455,0.001237198432881985,0.03956043956043956
9218c5a41010b6b3.jpg,PruneSID,336,336,1,71,207.0,14164.0,13916,455,0.014614515673538548,0.45494505494505494
92195e2fe403a11f.jpg,DRIP,336,336,6,73,4748.0,21853.0,14308,12293,0.21726994005399716,0.38623606930773613
92195e2fe403a11f.jpg,Fixed,336,336,6,72,1296.0,25109.0,14112,12293,0.051614958779720416,0.10542585211095745
92195e2fe403a11f.jpg,PruneSID,336,336,6,71,3412.0,22797.0,13916,12293,0.1496688160722902,0.27755633287236636
9263605410aee40c.jpg,DRIP,336,336,5,73,2285.0,18116.0,14308,6093,0.1261315963788916,0.3750205153454784
9263605410aee40c.jpg,Fixed,336,336,5,72,602.0,19603.0,14112,6093,0.03070958526756109,0.0988019038240604
9263605410aee40c.jpg,PruneSID,336,336,5,71,645.0,19364.0,13916,6093,0.03330923362941541,0.10585918266863614
9276c03a71bed858.jpg,DRIP,336,336,2,72,1490.0,15205.0,14112,2583,0.09799408089444261,0.5768486256291134
9276c03a71bed858.jpg,Fixed,336,336,2,72,56.0,16639.0,14112,2583,0.0033655868742111907,0.02168021680216802
9276c03a71bed858.jpg,PruneSID,336,336,2,71,1106.0,15393.0,13916,2583,0.07185084129149613,0.4281842818428184
927895f465fd2bbf.jpg,DRIP,336,336,2,72,605.0,15688.0,14112,2181,0.038564507904130546,0.2773956900504356
927895f465fd2bbf.jpg,Fixed,336,336,2,72,63.0,16230.0,14112,2181,0.0038817005545286505,0.02888583218707015
927895f465fd2bbf.jpg,PruneSID,336,336,2,71,615.0,15482.0,13916,2181,0.03972354992894975,0.28198074277854196
92839e8182b79c40.jpg,DRIP,336,336,0,72,,,14112,0,,
92839e8182b79c40.jpg,Fixed,336,336,0,72,,,14112,0,,
92839e8182b79c40.jpg,PruneSID,336,336,0,71,,,13916,0,,
929914233691e992.jpg,DRIP,336,336,1,73,224.0,14819.0,14308,735,0.015115729806329713,0.3047619047619048
929914233691e992.jpg,Fixed,336,336,1,72,123.0,14724.0,14112,735,0.008353708231458843,0.1673469387755102
929914233691e992.jpg,PruneSID,336,336,1,71,360.0,14291.0,13916,735,0.025190679448604016,0.4897959183673469
92d780f8273eb148.jpg,DRIP,336,336,2,73,1750.0,16993.0,14308,4435,0.10298358147472489,0.3945885005636979
92d780f8273eb148.jpg,Fixed,336,336,2,72,484.0,18063.0,14112,4435,0.026795106017826496,0.10913190529875987
92d780f8273eb148.jpg,PruneSID,336,336,2,71,672.0,17679.0,13916,4435,0.03801119972849143,0.15152198421646
92e3de591083a4b3.jpg,DRIP,336,336,0,72,,,14112,0,,
92e3de591083a4b3.jpg,Fixed,336,336,0,72,,,14112,0,,
92e3de591083a4b3.jpg,PruneSID,336,336,0,71,,,13916,0,,
92e578dd7e9dccd3.jpg,DRIP,336,336,3,73,4492.0,23521.0,14308,13705,0.19097827473321713,0.3277635899306822
92e578dd7e9dccd3.jpg,Fixed,336,336,3,72,2231.0,25586.0,14112,13705,0.08719612287969984,0.1627873039036848
92e578dd7e9dccd3.jpg,PruneSID,336,336,3,71,2022.0,25599.0,13916,13705,0.07898746044767374,0.14753739511127326
9314103af729a4f9.jpg,DRIP,336,336,1,73,50.0,14577.0,14308,319,0.0034300610550867805,0.15673981191222572
9314103af729a4f9.jpg,Fixed,336,336,1,72,154.0,14277.0,14112,319,0.010786579813686348,0.4827586206896552
9314103af729a4f9.jpg,PruneSID,336,336,1,71,235.0,14000.0,13916,319,0.016785714285714286,0.7366771159874608
931bb75b8740ae93.jpg,DRIP,336,336,8,72,11495.0,57664.0,14112,55047,0.1993444783573807,0.20882155249150725
931bb75b8740ae93.jpg,Fixed,336,336,8,72,8254.0,60905.0,14112,55047,0.13552253509564074,0.1499445928025142
931bb75b8740ae93.jpg,PruneSID,336,336,8,71,6832.0,62131.0,13916,55047,0.10996121098968309,0.12411212236815812
93455e24049a52b4.jpg,DRIP,336,336,3,72,,,14112,0,,
93455e24049a52b4.jpg,Fixed,336,336,3,72,,,14112,0,,
93455e24049a52b4.jpg,PruneSID,336,336,3,71,,,13916,0,,
9360a6b1261f437c.jpg,DRIP,336,336,6,72,3108.0,15087.0,14112,4083,0.20600517001391927,0.7612049963262307
9360a6b1261f437c.jpg,Fixed,336,336,6,72,38.0,18157.0,14112,4083,0.002092856749463017,0.009306882194464855
9360a6b1261f437c.jpg,PruneSID,336,336,6,71,1563.0,16436.0,13916,4083,0.09509613044536383,0.3828067597354886
939c8612c97e37cb.jpg,DRIP,336,336,0,72,,,14112,0,,
939c8612c97e37cb.jpg,Fixed,336,336,0,72,,,14112,0,,
939c8612c97e37cb.jpg,PruneSID,336,336,0,71,,,13916,0,,
93b42d46403459f0.jpg,DRIP,336,336,1,73,99.0,14638.0,14308,429,0.006763219018991666,0.23076923076923078
93b42d46403459f0.jpg,Fixed,336,336,1,72,154.0,14387.0,14112,429,0.01070410787516508,0.358974358974359
93b42d46403459f0.jpg,PruneSID,336,336,1,71,84.0,14261.0,13916,429,0.005890190028749737,0.1958041958041958
93b8aabad14ad618.jpg,DRIP,336,336,1,72,20.0,14681.0,14112,589,0.001362305020093999,0.03395585738539898
93b8aabad14ad618.jpg,Fixed,336,336,1,72,0.0,14701.0,14112,589,0.0,0.0
93b8aabad14ad618.jpg,PruneSID,336,336,1,71,56.0,14449.0,13916,589,0.003875700740535677,0.09507640067911714
93d62ff716bf7a75.jpg,DRIP,336,336,11,72,5254.0,28508.0,14112,19650,0.18429914409990178,0.2673791348600509
93d62ff716bf7a75.jpg,Fixed,336,336,11,72,1346.0,32416.0,14112,19650,0.04152270483711747,0.06849872773536896
93d62ff716bf7a75.jpg,PruneSID,336,336,11,71,3705.0,29861.0,13916,19650,0.12407488027862429,0.18854961832061068
93e1be7a3784ed0c.jpg,DRIP,336,336,7,73,3784.0,32298.0,14308,21774,0.11715895721097282,0.1737852484614678
93e1be7a3784ed0c.jpg,Fixed,336,336,7,72,2524.0,33362.0,14112,21774,0.07565493675439122,0.11591806741985855
93e1be7a3784ed0c.jpg,PruneSID,336,336,7,71,4208.0,31482.0,13916,21774,0.13366368083349214,0.1932580141453109
93e892daf76f8531.jpg,DRIP,336,336,11,73,4559.0,31154.0,14308,21405,0.14633754895037554,0.21298761971501987
93e892daf76f8531.jpg,Fixed,336,336,11,72,3060.0,32457.0,14112,21405,0.09427858397264073,0.1429572529782761
93e892daf76f8531.jpg,PruneSID,336,336,11,71,4160.0,31161.0,13916,21405,0.13350020859407594,0.19434711516000935
93ea3d883ebb9df8.jpg,DRIP,336,336,17,72,6839.0,31095.0,14112,23822,0.21993889692876667,0.2870875661153556
93ea3d883ebb9df8.jpg,Fixed,336,336,17,72,2517.0,35417.0,14112,23822,0.07106756642290425,0.10565863487532533
93ea3d883ebb9df8.jpg,PruneSID,336,336,17,71,7283.0,30455.0,13916,23822,0.2391397143326219,0.3057257996809672
940024b12f59207d.jpg,DRIP,336,336,3,73,8001.0,34159.0,14308,27852,0.2342281682719049,0.2872684187850065
940024b12f59207d.jpg,Fixed,336,336,3,72,3251.0,38713.0,14112,27852,0.08397695864438302,0.1167241131696108
940024b12f59207d.jpg,PruneSID,336,336,3,71,5630.0,36138.0,13916,27852,0.15579168742044386,0.20213988223466897
940b438a08d0115b.jpg,DRIP,336,336,2,72,250.0,15154.0,14112,1292,0.01649729444371123,0.19349845201238391
940b438a08d0115b.jpg,Fixed,336,336,2,72,0.0,15404.0,14112,1292,0.0,0.0
940b438a08d0115b.jpg,PruneSID,336,336,2,71,1153.0,14055.0,13916,1292,0.08203486303806475,0.8924148606811145
940e5cb62545645c.jpg,DRIP,336,336,21,72,3722.0,25897.0,14112,15507,0.1437232111827625,0.24002063584187786
940e5cb62545645c.jpg,Fixed,336,336,21,72,1548.0,28071.0,14112,15507,0.055145880089772364,0.09982588508415555
940e5cb62545645c.jpg,PruneSID,336,336,21,71,4943.0,24480.0,13916,15507,0.20191993464052288,0.3187592700070936
941689c4421c17ef.jpg,DRIP,336,336,5,73,1030.0,20671.0,14308,7393,0.04982826181607082,0.13932097930474774
941689c4421c17ef.jpg,Fixed,336,336,5,72,1010.0,20495.0,14112,7393,0.04928031227128568,0.13661571757067495
941689c4421c17ef.jpg,PruneSID,336,336,5,71,1840.0,19469.0,13916,7393,0.0945092197852997,0.248884079534695
9433af852c82ca07.jpg,DRIP,336,336,10,73,9362.0,62952.0,14308,58006,0.14871648239928834,0.16139709685204978
9433af852c82ca07.jpg,Fixed,336,336,10,72,6932.0,65186.0,14112,58006,0.10634185254502501,0.1195048788056408
9433af852c82ca07.jpg,PruneSID,336,336,10,71,8491.0,63431.0,13916,58006,0.13386199177058536,0.14638140881977726
9449b42424129d49.jpg,DRIP,336,336,0,73,,,14308,0,,
9449b42424129d49.jpg,Fixed,336,336,0,72,,,14112,0,,
9449b42424129d49.jpg,PruneSID,336,336,0,71,,,13916,0,,
94554e5a880089a8.jpg,DRIP,336,336,1,72,553.0,14504.0,14112,945,0.03812741312741313,0.5851851851851851
94554e5a880089a8.jpg,Fixed,336,336,1,72,0.0,15057.0,14112,945,0.0,0.0
94554e5a880089a8.jpg,PruneSID,336,336,1,71,652.0,14209.0,13916,945,0.045886410021817155,0.68994708994709
9465a2acc11bce7d.jpg,DRIP,336,336,7,72,4705.0,20950.0,14112,11543,0.22458233890214796,0.40760634150567443
9465a2acc11bce7d.jpg,Fixed,336,336,7,72,938.0,24717.0,14112,11543,0.03794958935145851,0.08126137052759248
9465a2acc11bce7d.jpg,PruneSID,336,336,7,71,3413.0,22046.0,13916,11543,0.15481266442892136,0.295677033700078
9469e682447efc81.jpg,DRIP,336,336,2,72,2387.0,16324.0,14112,4599,0.14622641509433962,0.5190258751902588
9469e682447efc81.jpg,Fixed,336,336,2,72,490.0,18221.0,14112,4599,0.02689204763734153,0.106544901065449
9469e682447efc81.jpg,PruneSID,336,336,2,71,2464.0,16051.0,13916,4599,0.15351068469254253,0.5357686453576864
9487ef37f745ca94.jpg,DRIP,336,336,4,73,4489.0,17912.0,14308,8093,0.25061411344350154,0.5546768812554059
9487ef37f745ca94.jpg,Fixed,336,336,4,72,1036.0,21169.0,14112,8093,0.04893948698568662,0.12801186210305202
9487ef37f745ca94.jpg,PruneSID,336,336,4,71,2711.0,19298.0,13916,8093,0.14048087884754898,0.3349808476461139
949c2a96fdc2d21a.jpg,DRIP,336,336,6,72,3836.0,24865.0,14112,14589,0.15427307460285541,0.26293782987182124
949c2a96fdc2d21a.jpg,Fixed,336,336,6,72,1367.0,27334.0,14112,14589,0.05001097534206483,0.09370073342929605
949c2a96fdc2d21a.jpg,PruneSID,336,336,6,71,2263.0,26242.0,13916,14589,0.08623580519777456,0.15511686887380904
94ad4aad01e27a32.jpg,DRIP,336,336,0,72,,,14112,0,,
94ad4aad01e27a32.jpg,Fixed,336,336,0,72,,,14112,0,,
94ad4aad01e27a32.jpg,PruneSID,336,336,0,71,,,13916,0,,
94c4bf4a429e0526.jpg,DRIP,336,336,5,72,2483.0,29590.0,14112,17961,0.0839134842852315,0.13824397305272534
94c4bf4a429e0526.jpg,Fixed,336,336,5,72,2002.0,30071.0,14112,17961,0.06657577067606664,0.11146372696397751
94c4bf4a429e0526.jpg,PruneSID,336,336,5,71,3488.0,28389.0,13916,17961,0.12286448976716334,0.19419854128389288
94fc067412eb7fe4.jpg,DRIP,336,336,7,73,2008.0,17800.0,14308,5500,0.11280898876404494,0.3650909090909091
94fc067412eb7fe4.jpg,Fixed,336,336,7,72,1130.0,18482.0,14112,5500,0.061140569202467264,0.20545454545454545
94fc067412eb7fe4.jpg,PruneSID,336,336,7,71,1877.0,17539.0,13916,5500,0.10701864416443355,0.3412727272727273
950204dd66b5ffd4.jpg,DRIP,336,336,0,72,,,14112,0,,
950204dd66b5ffd4.jpg,Fixed,336,336,0,72,,,14112,0,,
950204dd66b5ffd4.jpg,PruneSID,336,336,0,71,,,13916,0,,
950f6af0adfa0e89.jpg,DRIP,336,336,3,72,4037.0,17480.0,14112,7405,0.23094965675057208,0.5451721809588116
950f6af0adfa0e89.jpg,Fixed,336,336,3,72,1121.0,20396.0,14112,7405,0.05496175720729555,0.1513841998649561
950f6af0adfa0e89.jpg,PruneSID,336,336,3,71,2044.0,19277.0,13916,7405,0.10603309643616746,0.27602970965563806
951184493cdcc5bb.jpg,DRIP,336,336,3,73,663.0,15487.0,14308,1842,0.042810098792535674,0.35993485342019543
951184493cdcc5bb.jpg,Fixed,336,336,3,72,126.0,15828.0,14112,1842,0.00796057619408643,0.06840390879478828
951184493cdcc5bb.jpg,PruneSID,336,336,3,71,1098.0,14660.0,13916,1842,0.07489768076398363,0.5960912052117264
9550f172ccfe9291.jpg,DRIP,336,336,7,73,4694.0,24492.0,14308,14878,0.19165441776906744,0.31549939507998387
9550f172ccfe9291.jpg,Fixed,336,336,7,72,1562.0,27428.0,14112,14878,0.056949103106314715,0.10498722946632612
9550f172ccfe9291.jpg,PruneSID,336,336,7,71,3668.0,25126.0,13916,14878,0.1459842394332564,0.24653851324102702
956871ce5512396b.jpg,DRIP,336,336,1,73,5595.0,31024.0,14308,22311,0.1803442496132027,0.2507731612209224
956871ce5512396b.jpg,Fixed,336,336,1,72,2814.0,33609.0,14112,22311,0.08372757297152549,0.12612612612612611
956871ce5512396b.jpg,PruneSID,336,336,1,71,3206.0,33021.0,13916,22311,0.09708973077738409,0.14369593474071085
9582c4a5baed1b40.jpg,DRIP,336,336,2,73,607.0,15668.0,14308,1967,0.038741383712024506,0.30859176410777833
9582c4a5baed1b40.jpg,Fixed,336,336,2,72,449.0,15630.0,14112,1967,0.02872680742162508,0.228266395526182
9582c4a5baed1b40.jpg,PruneSID,336,336,2,71,598.0,15285.0,13916,1967,0.03912332351979064,0.3040162684290798
958495c7b4ef2f66.jpg,DRIP,336,336,1,72,1358.0,15519.0,14112,2765,0.08750563824988723,0.4911392405063291
958495c7b4ef2f66.jpg,Fixed,336,336,1,72,490.0,16387.0,14112,2765,0.0299017513882956,0.17721518987341772
958495c7b4ef2f66.jpg,PruneSID,336,336,1,71,1148.0,15533.0,13916,2765,0.07390716538981523,0.4151898734177215
9587a0ca6501d771.jpg,DRIP,336,336,4,72,1068.0,15741.0,14112,2697,0.0678482942633886,0.39599555061179087
9587a0ca6501d771.jpg,Fixed,336,336,4,72,224.0,16585.0,14112,2697,0.013506180283388604,0.08305524657026325
9587a0ca6501d771.jpg,PruneSID,336,336,4,71,1567.0,15046.0,13916,2697,0.10414728166954672,0.5810159436410827
95ae7cbb6bb7c860.jpg,DRIP,336,336,9,72,4317.0,47494.0,14112,37699,0.09089569208742157,0.11451232128173161
95ae7cbb6bb7c860.jpg,Fixed,336,336,9,72,5649.0,46162.0,14112,37699,0.12237338070274252,0.14984482347011857
95ae7cbb6bb7c860.jpg,PruneSID,336,336,9,71,6435.0,45180.0,13916,37699,0.14243027888446216,0.17069418286957214
95b6824c679d6a5f.jpg,DRIP,336,336,0,72,,,14112,0,,
95b6824c679d6a5f.jpg,Fixed,336,336,0,72,,,14112,0,,
95b6824c679d6a5f.jpg,PruneSID,336,336,0,71,,,13916,0,,
95c665a8c0f63d49.jpg,DRIP,336,336,5,73,5964.0,32317.0,14308,23973,0.1845468329362255,0.24877987736203228
95c665a8c0f63d49.jpg,Fixed,336,336,5,72,2528.0,35557.0,14112,23973,0.07109711167983801,0.1054519667959788
95c665a8c0f63d49.jpg,PruneSID,336,336,5,71,5065.0,32824.0,13916,23973,0.15430782354374847,0.21127935594210154
95db6480b10ed9b1.jpg,DRIP,336,336,20,72,3776.0,24633.0,14112,14297,0.15329030162789753,0.2641113520318948
95db6480b10ed9b1.jpg,Fixed,336,336,20,72,2239.0,26170.0,14112,14297,0.08555598012991976,0.15660628103798
95db6480b10ed9b1.jpg,PruneSID,336,336,20,71,5361.0,22852.0,13916,14297,0.23459653422019955,0.3749737707211303
95fa33240de709aa.jpg,DRIP,336,336,4,72,5656.0,31923.0,14112,23467,0.17717633054537482,0.2410193037030724
95fa33240de709aa.jpg,Fixed,336,336,4,72,2668.0,34911.0,14112,23467,0.07642290395577325,0.11369156688115226
95fa33240de709aa.jpg,PruneSID,336,336,4,71,5566.0,31817.0,13916,23467,0.17493792626583274,0.23718413090723142
95fdfa4c9e58a1da.jpg,DRIP,336,336,1,72,939.0,14922.0,14112,1749,0.06292722155207077,0.5368782161234992
95fdfa4c9e58a1da.jpg,Fixed,336,336,1,72,85.0,15776.0,14112,1749,0.005387931034482759,0.04859919954259577
95fdfa4c9e58a1da.jpg,PruneSID,336,336,1,71,794.0,14871.0,13916,1749,0.05339250890995898,0.4539736992567181
963bca9b622ecaa8.jpg,DRIP,336,336,179,72,6099.0,76792.0,14112,68779,0.07942233565996458,0.08867532240945637
963bca9b622ecaa8.jpg,Fixed,336,336,179,72,8133.0,74758.0,14112,68779,0.10879103239787047,0.11824830253420375
963bca9b622ecaa8.jpg,PruneSID,336,336,179,71,9925.0,72770.0,13916,68779,0.1363886216847602,0.14430276683289958
9655a546f63dd653.jpg,DRIP,336,336,9,73,9252.0,34527.0,14308,29471,0.26796420192892517,0.3139357334328662
9655a546f63dd653.jpg,Fixed,336,336,9,72,3029.0,40554.0,14112,29471,0.07469053607535632,0.1027790030877812
9655a546f63dd653.jpg,PruneSID,336,336,9,71,4122.0,39265.0,13916,29471,0.1049789889214313,0.13986630925316412
969289cfeacac611.jpg,DRIP,336,336,1,72,922.0,15521.0,14112,2331,0.059403388956897105,0.39553839553839554
969289cfeacac611.jpg,Fixed,336,336,1,72,294.0,16149.0,14112,2331,0.018205461638491547,0.12612612612612611
969289cfeacac611.jpg,PruneSID,336,336,1,71,488.0,15759.0,13916,2331,0.030966431880195443,0.20935220935220936
96e869cb078c8d2c.jpg,DRIP,336,336,1,73,7896.0,64561.0,14308,58149,0.1223029383064079,0.13578909353557242
96e869cb078c8d2c.jpg,Fixed,336,336,1,72,7058.0,65203.0,14112,58149,0.10824655307271137,0.12137783968769884
96e869cb078c8d2c.jpg,PruneSID,336,336,1,71,7770.0,64295.0,13916,58149,0.12084921066956995,0.13362224629830263
970631402c548b5f.jpg,DRIP,336,336,8,73,8610.0,31625.0,14308,25927,0.27225296442687746,0.332086242141397
970631402c548b5f.jpg,Fixed,336,336,8,72,2562.0,37477.0,14112,25927,0.06836192864957173,0.0988159061981718
970631402c548b5f.jpg,PruneSID,336,336,8,71,3528.0,36315.0,13916,25927,0.09714993804213135,0.13607436263354805
971164976cb1b58b.jpg,DRIP,336,336,2,73,6972.0,28224.0,14308,20888,0.24702380952380953,0.33378016085790885
971164976cb1b58b.jpg,Fixed,336,336,2,72,2618.0,32382.0,14112,20888,0.08084738434932988,0.12533512064343164
971164976cb1b58b.jpg,PruneSID,336,336,2,71,4536.0,30268.0,13916,20888,0.1498612395929695,0.21715817694369974
9742c58a933a5a1e.jpg,DRIP,336,336,16,72,6382.0,32720.0,14112,24990,0.19504889975550121,0.25538215286114446
9742c58a933a5a1e.jpg,Fixed,336,336,16,72,2407.0,36695.0,14112,24990,0.06559476767952037,0.09631852741096439
9742c58a933a5a1e.jpg,PruneSID,336,336,16,71,4850.0,34056.0,13916,24990,0.14241249706365985,0.19407763105242096
976d3326f2e08e56.jpg,DRIP,336,336,1,73,532.0,14707.0,14308,931,0.036173250832936696,0.5714285714285714
976d3326f2e08e56.jpg,Fixed,336,336,1,72,266.0,14777.0,14112,931,0.018000947418285174,0.2857142857142857
976d3326f2e08e56.jpg,PruneSID,336,336,1,71,427.0,14420.0,13916,931,0.029611650485436892,0.45864661654135336
97b1112b17015396.jpg,DRIP,336,336,0,73,,,14308,0,,
97b1112b17015396.jpg,Fixed,336,336,0,72,,,14112,0,,
97b1112b17015396.jpg,PruneSID,336,336,0,71,,,13916,0,,
97c8c2c2c6f572f1.jpg,DRIP,336,336,1,72,665.0,15302.0,14112,1855,0.043458371454711806,0.3584905660377358
97c8c2c2c6f572f1.jpg,Fixed,336,336,1,72,0.0,15967.0,14112,1855,0.0,0.0
97c8c2c2c6f572f1.jpg,PruneSID,336,336,1,71,1078.0,14693.0,13916,1855,0.07336827060505002,0.5811320754716981
97d814b5fcf487af.jpg,DRIP,336,336,5,73,3369.0,23709.0,14308,12770,0.1420979374920916,0.2638214565387627
97d814b5fcf487af.jpg,Fixed,336,336,5,72,1631.0,25251.0,14112,12770,0.06459150132668014,0.12772122161315583
97d814b5fcf487af.jpg,PruneSID,336,336,5,71,2229.0,24457.0,13916,12770,0.0911395510487795,0.1745497259201253
9812a5e9858805d7.jpg,DRIP,336,336,2,72,5310.0,30814.0,14112,22012,0.17232426818978386,0.24123205524259494
9812a5e9858805d7.jpg,Fixed,336,336,2,72,2553.0,33571.0,14112,22012,0.07604777933335319,0.1159821915318917
9812a5e9858805d7.jpg,PruneSID,336,336,2,71,5430.0,30498.0,13916,22012,0.17804446193192996,0.2466836271124841
981633c755384f58.jpg,DRIP,336,336,2,73,1208.0,14861.0,14308,1761,0.08128658905860979,0.6859738784781374
981633c755384f58.jpg,Fixed,336,336,2,72,0.0,15873.0,14112,1761,0.0,0.0
981633c755384f58.jpg,PruneSID,336,336,2,71,752.0,14925.0,13916,1761,0.050385259631490785,0.42703009653605906
981c4e34bf81f7f7.jpg,DRIP,336,336,0,73,,,14308,0,,
981c4e34bf81f7f7.jpg,Fixed,336,336,0,72,,,14112,0,,
981c4e34bf81f7f7.jpg,PruneSID,336,336,0,71,,,13916,0,,
981e06b58e3babde.jpg,DRIP,336,336,2,73,124.0,16464.0,14308,2280,0.007531584062196307,0.054385964912280704
981e06b58e3babde.jpg,Fixed,336,336,2,72,384.0,16008.0,14112,2280,0.0239880059970015,0.16842105263157894
981e06b58e3babde.jpg,PruneSID,336,336,2,71,1776.0,14420.0,13916,2280,0.1231622746185853,0.7789473684210526
9841790fecbc16e3.jpg,DRIP,336,336,0,72,,,14112,0,,
9841790fecbc16e3.jpg,Fixed,336,336,0,72,,,14112,0,,
9841790fecbc16e3.jpg,PruneSID,336,336,0,71,,,13916,0,,
985de75e18bcd12c.jpg,DRIP,336,336,10,72,1298.0,18396.0,14112,5582,0.0705588171341596,0.23253314224292368
985de75e18bcd12c.jpg,Fixed,336,336,10,72,380.0,19314.0,14112,5582,0.019674847261054156,0.0680759584378359
985de75e18bcd12c.jpg,PruneSID,336,336,10,71,1264.0,18234.0,13916,5582,0.06932104859054514,0.22644213543532785
986ecc217fb89bc7.jpg,DRIP,336,336,0,72,,,14112,0,,
986ecc217fb89bc7.jpg,Fixed,336,336,0,72,,,14112,0,,
986ecc217fb89bc7.jpg,PruneSID,336,336,0,71,,,13916,0,,
988657a12423091e.jpg,DRIP,336,336,2,72,1022.0,16327.0,14112,3237,0.06259570037361425,0.3157244362063639
988657a12423091e.jpg,Fixed,336,336,2,72,117.0,17232.0,14112,3237,0.006789693593314763,0.03614457831325301
988657a12423091e.jpg,PruneSID,336,336,2,71,838.0,16315.0,13916,3237,0.05136377566656451,0.25888168056842753
988b2fa56cdd7702.jpg,DRIP,336,336,3,72,4786.0,19564.0,14112,10238,0.2446329993866285,0.4674741160382887
988b2fa56cdd7702.jpg,Fixed,336,336,3,72,1302.0,23048.0,14112,10238,0.056490801804928846,0.1271732760304747
988b2fa56cdd7702.jpg,PruneSID,336,336,3,71,2078.0,22076.0,13916,10238,0.09412937126290995,0.20296932994725533
9915724d3c7c15cb.jpg,DRIP,336,336,3,73,3995.0,20873.0,14308,10560,0.19139558281032915,0.3783143939393939
9915724d3c7c15cb.jpg,Fixed,336,336,3,72,1028.0,23644.0,14112,10560,0.043478260869565216,0.09734848484848485
9915724d3c7c15cb.jpg,PruneSID,336,336,3,71,3535.0,20941.0,13916,10560,0.16880760231125544,0.3347537878787879
991913e1b2bc5faa.jpg,DRIP,336,336,4,72,2381.0,14760.0,14112,3029,0.16131436314363143,0.7860680092439749
991913e1b2bc5faa.jpg,Fixed,336,336,4,72,314.0,16827.0,14112,3029,0.018660486123492005,0.10366457576758006
991913e1b2bc5faa.jpg,PruneSID,336,336,4,71,1149.0,15796.0,13916,3029,0.07273993416054697,0.3793331132386926
994732d4686ff3a2.jpg,DRIP,336,336,5,73,8946.0,51747.0,14308,46385,0.17287958722244767,0.1928640724372103
994732d4686ff3a2.jpg,Fixed,336,336,5,72,5412.0,55085.0,14112,46385,0.09824816193156032,0.11667564945564299
994732d4686ff3a2.jpg,PruneSID,336,336,5,71,4032.0,56269.0,13916,46385,0.07165579626437292,0.08692465236606661
994a1dba94f4d46a.jpg,DRIP,336,336,2,72,2184.0,14673.0,14112,2745,0.14884481701083624,0.7956284153005464
994a1dba94f4d46a.jpg,Fixed,336,336,2,72,308.0,16549.0,14112,2745,0.018611396459000545,0.1122040072859745
994a1dba94f4d46a.jpg,PruneSID,336,336,2,71,1372.0,15289.0,13916,2745,0.08973771992936098,0.49981785063752276
994ac02f464e612f.jpg,DRIP,336,336,6,72,1703.0,15639.0,14112,3230,0.10889443059019119,0.5272445820433437
994ac02f464e612f.jpg,Fixed,336,336,6,72,120.0,17222.0,14112,3230,0.006967831842991523,0.03715170278637771
994ac02f464e612f.jpg,PruneSID,336,336,6,71,1120.0,16026.0,13916,3230,0.06988643454386621,0.34674922600619196
9957f57c943f51f6.jpg,DRIP,336,336,7,72,1423.0,18444.0,14112,5755,0.07715246150509651,0.2472632493483927
9957f57c943f51f6.jpg,Fixed,336,336,7,72,324.0,19543.0,14112,5755,0.016578826178171212,0.05629887054735013
9957f57c943f51f6.jpg,PruneSID,336,336,7,71,2209.0,17462.0,13916,5755,0.12650326423090139,0.3838401390095569
995e9de69253e04d.jpg,DRIP,336,336,2,73,10173.0,31154.0,14308,27019,0.32653912820183606,0.3765128243088197
995e9de69253e04d.jpg,Fixed,336,336,2,72,3831.0,37300.0,14112,27019,0.10270777479892762,0.14178911136607572
995e9de69253e04d.jpg,PruneSID,336,336,2,71,3920.0,37015.0,13916,27019,0.10590301229231393,0.14508308967763425
996137f933ef63c2.jpg,DRIP,336,336,2,72,1092.0,15053.0,14112,2033,0.07254367900086361,0.5371372356123955
996137f933ef63c2.jpg,Fixed,336,336,2,72,0.0,16145.0,14112,2033,0.0,0.0
996137f933ef63c2.jpg,PruneSID,336,336,2,71,1316.0,14633.0,13916,2033,0.08993371147406547,0.647319232661092
99a115157c85155e.jpg,DRIP,336,336,3,72,668.0,16599.0,14112,3155,0.04024338815591301,0.21172741679873217
99a115157c85155e.jpg,Fixed,336,336,3,72,490.0,16777.0,14112,3155,0.029206651963998333,0.15530903328050713
99a115157c85155e.jpg,PruneSID,336,336,3,71,403.0,16668.0,13916,3155,0.02417806575473962,0.1277337559429477
99ac4d391e55e648.jpg,DRIP,336,336,4,72,2072.0,20251.0,14112,8211,0.10231593501555479,0.25234441602728047
99ac4d391e55e648.jpg,Fixed,336,336,4,72,1148.0,21175.0,14112,8211,0.05421487603305785,0.13981244671781756
99ac4d391e55e648.jpg,PruneSID,336,336,4,71,2790.0,19337.0,13916,8211,0.14428298081398355,0.33978808914870295
99b7a6ff5238a458.jpg,DRIP,336,336,1,72,2373.0,15834.0,14112,4095,0.14986737400530503,0.5794871794871795
99b7a6ff5238a458.jpg,Fixed,336,336,1,72,518.0,17689.0,14112,4095,0.02928373565492679,0.1264957264957265
99b7a6ff5238a458.jpg,PruneSID,336,336,1,71,1400.0,16611.0,13916,4095,0.08428150021070376,0.3418803418803419
99bc11f22d19a274.jpg,DRIP,336,336,1,73,8652.0,30908.0,14308,25252,0.27992752685388894,0.34262632662759385
99bc11f22d19a274.jpg,Fixed,336,336,1,72,2808.0,36556.0,14112,25252,0.07681365576102418,0.11119911294154919
99bc11f22d19a274.jpg,PruneSID,336,336,1,71,2044.0,37124.0,13916,25252,0.05505872212046116,0.08094408363693965
9a0626f82ce8bd1a.jpg,DRIP,336,336,0,73,,,14308,0,,
9a0626f82ce8bd1a.jpg,Fixed,336,336,0,72,,,14112,0,,
9a0626f82ce8bd1a.jpg,PruneSID,336,336,0,71,,,13916,0,,
9a0ac78c6e914fc8.jpg,DRIP,336,336,0,73,,,14308,0,,
9a0ac78c6e914fc8.jpg,Fixed,336,336,0,72,,,14112,0,,
9a0ac78c6e914fc8.jpg,PruneSID,336,336,0,71,,,13916,0,,
9a1c95210b1a5788.jpg,DRIP,336,336,0,73,,,14308,0,,
9a1c95210b1a5788.jpg,Fixed,336,336,0,72,,,14112,0,,
9a1c95210b1a5788.jpg,PruneSID,336,336,0,71,,,13916,0,,
9a3382d727c7add1.jpg,DRIP,336,336,0,72,,,14112,0,,
9a3382d727c7add1.jpg,Fixed,336,336,0,72,,,14112,0,,
9a3382d727c7add1.jpg,PruneSID,336,336,0,71,,,13916,0,,
9a54e4e2bc6c57be.jpg,DRIP,336,336,3,73,952.0,21156.0,14308,7800,0.04499905464170921,0.12205128205128205
9a54e4e2bc6c57be.jpg,Fixed,336,336,3,72,1227.0,20685.0,14112,7800,0.0593183466279913,0.15730769230769232
9a54e4e2bc6c57be.jpg,PruneSID,336,336,3,71,1634.0,20082.0,13916,7800,0.0813663977691465,0.2094871794871795
9a56e4d24d9be240.jpg,DRIP,336,336,1,72,13342.0,96869.0,14112,96099,0.13773240149067298,0.13883599204986524
9a56e4d24d9be240.jpg,Fixed,336,336,1,72,12124.0,98087.0,14112,96099,0.12360455513982485,0.12616156255528152
9a56e4d24d9be240.jpg,PruneSID,336,336,1,71,12992.0,97023.0,13916,96099,0.13390639332941673,0.1351939146088929
9a7aa54a2d675787.jpg,DRIP,336,336,10,72,8845.0,44400.0,14112,39133,0.1992117117117117,0.22602407175529604
9a7aa54a2d675787.jpg,Fixed,336,336,10,72,4810.0,48435.0,14112,39133,0.09930835139878187,0.12291416451588173
9a7aa54a2d675787.jpg,PruneSID,336,336,10,71,7238.0,45811.0,13916,39133,0.15799698762305997,0.18495898602202746
9a8247580d999e28.jpg,DRIP,336,336,0,73,,,14308,0,,
9a8247580d999e28.jpg,Fixed,336,336,0,72,,,14112,0,,
9a8247580d999e28.jpg,PruneSID,336,336,0,71,,,13916,0,,
9ab49f7e6c6edd27.jpg,DRIP,336,336,3,72,4472.0,21963.0,14112,12323,0.20361517096935755,0.3628986448105169
9ab49f7e6c6edd27.jpg,Fixed,336,336,3,72,1768.0,24667.0,14112,12323,0.07167470709855273,0.14347155725066948
9ab49f7e6c6edd27.jpg,PruneSID,336,336,3,71,2400.0,23839.0,13916,12323,0.10067536389949243,0.19475777002353323
9ac0d24d22f19e07.jpg,DRIP,336,336,0,73,,,14308,0,,
9ac0d24d22f19e07.jpg,Fixed,336,336,0,72,,,14112,0,,
9ac0d24d22f19e07.jpg,PruneSID,336,336,0,71,,,13916,0,,
9ac301ba7138a306.jpg,DRIP,336,336,0,72,,,14112,0,,
9ac301ba7138a306.jpg,Fixed,336,336,0,72,,,14112,0,,
9ac301ba7138a306.jpg,PruneSID,336,336,0,71,,,13916,0,,
9af15887b3175468.jpg,DRIP,336,336,2,72,77.0,16412.0,14112,2377,0.004691689008042895,0.032393773664282706
9af15887b3175468.jpg,Fixed,336,336,2,72,448.0,16041.0,14112,2377,0.02792843338943956,0.18847286495582669
9af15887b3175468.jpg,PruneSID,336,336,2,71,735.0,15558.0,13916,2377,0.04724257616660239,0.3092132940681531
9afedd4c2d65b9fd.jpg,DRIP,336,336,2,72,4290.0,19281.0,14112,9459,0.2224988330480784,0.45353631462099586
9afedd4c2d65b9fd.jpg,Fixed,336,336,2,72,1190.0,22381.0,14112,9459,0.053170099638085874,0.125806110582514
9afedd4c2d65b9fd.jpg,PruneSID,336,336,2,71,2296.0,21079.0,13916,9459,0.10892357322453627,0.24273178982979174
9b08ffab24f5b8b7.jpg,DRIP,336,336,8,72,2530.0,17939.0,14112,6357,0.14103350242488433,0.3979864716061035
9b08ffab24f5b8b7.jpg,Fixed,336,336,8,72,964.0,19505.0,14112,6357,0.04942322481415022,0.15164385716532955
9b08ffab24f5b8b7.jpg,PruneSID,336,336,8,71,1412.0,18861.0,13916,6357,0.07486347489528657,0.2221173509517068
9b1b29d9a6ba9716.jpg,DRIP,336,336,0,73,,,14308,0,,
9b1b29d9a6ba9716.jpg,Fixed,336,336,0,72,,,14112,0,,
9b1b29d9a6ba9716.jpg,PruneSID,336,336,0,71,,,13916,0,,
9b20e8ade3634d88.jpg,DRIP,336,336,4,73,4361.0,27072.0,14308,17125,0.16108894799054374,0.2546569343065693
9b20e8ade3634d88.jpg,Fixed,336,336,4,72,2128.0,29109.0,14112,17125,0.07310453811535951,0.12426277372262774
9b20e8ade3634d88.jpg,PruneSID,336,336,4,71,5530.0,25511.0,13916,17125,0.21676923679981186,0.32291970802919706
9b5832fb6e4b513e.jpg,DRIP,336,336,3,73,3744.0,25614.0,14308,15050,0.14617006324666199,0.24877076411960133
9b5832fb6e4b513e.jpg,Fixed,336,336,3,72,1158.0,28004.0,14112,15050,0.04135123553778032,0.07694352159468439
9b5832fb6e4b513e.jpg,PruneSID,336,336,3,71,3654.0,25312.0,13916,15050,0.144358407079646,0.2427906976744186
9b87da2089548795.jpg,DRIP,336,336,3,72,294.0,16485.0,14112,2667,0.017834394904458598,0.11023622047244094
9b87da2089548795.jpg,Fixed,336,336,3,72,52.0,16727.0,14112,2667,0.003108746338255515,0.01949756280464942
9b87da2089548795.jpg,PruneSID,336,336,3,71,658.0,15925.0,13916,2667,0.04131868131868132,0.24671916010498687
9bac4628351058df.jpg,DRIP,336,336,0,72,,,14112,0,,
9bac4628351058df.jpg,Fixed,336,336,0,72,,,14112,0,,
9bac4628351058df.jpg,PruneSID,336,336,0,71,,,13916,0,,
9bb67e375455cce6.jpg,DRIP,336,336,2,72,499.0,14978.0,14112,1365,0.033315529443183334,0.36556776556776555
9bb67e375455cce6.jpg,Fixed,336,336,2,72,88.0,15389.0,14112,1365,0.005718370264474625,0.06446886446886448
9bb67e375455cce6.jpg,PruneSID,336,336,2,71,748.0,14533.0,13916,1365,0.051469070391522743,0.547985347985348
9bc104f99bf3d018.jpg,DRIP,336,336,0,73,,,14308,0,,
9bc104f99bf3d018.jpg,Fixed,336,336,0,72,,,14112,0,,
9bc104f99bf3d018.jpg,PruneSID,336,336,0,71,,,13916,0,,
9bc936a43a541177.jpg,DRIP,336,336,16,73,9314.0,50397.0,14308,45403,0.18481258805087605,0.2051406294738233
9bc936a43a541177.jpg,Fixed,336,336,16,72,5803.0,53712.0,14112,45403,0.10803917187965445,0.12781093760324208
9bc936a43a541177.jpg,PruneSID,336,336,16,71,7376.0,51943.0,13916,45403,0.142001809675991,0.16245622535955773
9bcaa57bf95232ec.jpg,DRIP,336,336,8,72,7562.0,30321.0,14112,23771,0.2493981069225949,0.31811871608262166
9bcaa57bf95232ec.jpg,Fixed,336,336,8,72,3100.0,34783.0,14112,23771,0.08912399735502975,0.13041100500609987
9bcaa57bf95232ec.jpg,PruneSID,336,336,8,71,4874.0,32813.0,13916,23771,0.14853868893426386,0.2050397543224938
9bd884d77f56ad13.jpg,DRIP,336,336,0,72,,,14112,0,,
9bd884d77f56ad13.jpg,Fixed,336,336,0,72,,,14112,0,,
9bd884d77f56ad13.jpg,PruneSID,336,336,0,71,,,13916,0,,
9be1f64953e5cef3.jpg,DRIP,336,336,5,73,2331.0,18628.0,14308,6651,0.1251342065707537,0.35047361299052776
9be1f64953e5cef3.jpg,Fixed,336,336,5,72,806.0,19957.0,14112,6651,0.040386831688129475,0.12118478424297098
9be1f64953e5cef3.jpg,PruneSID,336,336,5,71,2823.0,17744.0,13916,6651,0.1590960324616772,0.42444745151105095
9be4968923a9ae89.jpg,DRIP,336,336,1,72,,,14112,0,,
9be4968923a9ae89.jpg,Fixed,336,336,1,72,,,14112,0,,
9be4968923a9ae89.jpg,PruneSID,336,336,1,71,,,13916,0,,
9bf5082c0219d773.jpg,DRIP,336,336,3,73,6462.0,24358.0,14308,16512,0.26529271697183676,0.3913517441860465
9bf5082c0219d773.jpg,Fixed,336,336,3,72,2166.0,28458.0,14112,16512,0.07611216529622601,0.13117732558139536
9bf5082c0219d773.jpg,PruneSID,336,336,3,71,3287.0,27141.0,13916,16512,0.12110828635643492,0.19906734496124032
9bf9315a8c80f5d7.jpg,DRIP,336,336,13,72,5242.0,25880.0,14112,17010,0.2025502318392581,0.30817166372721927
9bf9315a8c80f5d7.jpg,Fixed,336,336,13,72,2851.0,28271.0,14112,17010,0.10084538926815464,0.16760728982951206
9bf9315a8c80f5d7.jpg,PruneSID,336,336,13,71,5165.0,25761.0,13916,17010,0.2004968751213074,0.30364491475602584
9c00cebcedf73d93.jpg,DRIP,336,336,3,73,4130.0,18968.0,14308,8790,0.2177351328553353,0.46985210466439137
9c00cebcedf73d93.jpg,Fixed,336,336,3,72,882.0,22020.0,14112,8790,0.04005449591280654,0.10034129692832765
9c00cebcedf73d93.jpg,PruneSID,336,336,3,71,2572.0,20134.0,13916,8790,0.12774411443329692,0.2926052332195677
9c43d89c212f7455.jpg,DRIP,336,336,9,72,3003.0,31795.0,14112,20686,0.09444881270640038,0.14517064681427053
9c43d89c212f7455.jpg,Fixed,336,336,9,72,1745.0,33053.0,14112,20686,0.05279399751913593,0.08435656966064005
9c43d89c212f7455.jpg,PruneSID,336,336,9,71,3796.0,30806.0,13916,20686,0.12322274881516587,0.183505752682974
9c5e52b920bb81e2.jpg,DRIP,336,336,2,73,4410.0,22223.0,14308,12325,0.19844305449309274,0.35780933062880327
9c5e52b920bb81e2.jpg,Fixed,336,336,2,72,1904.0,24533.0,14112,12325,0.07760975013247462,0.15448275862068966
9c5e52b920bb81e2.jpg,PruneSID,336,336,2,71,2134.0,24107.0,13916,12325,0.08852200605633219,0.17314401622718054
9c695f32b8127957.jpg,DRIP,336,336,3,73,7296.0,69404.0,14308,62392,0.1051236239986168,0.11693806898320297
9c695f32b8127957.jpg,Fixed,336,336,3,72,8120.0,68384.0,14112,62392,0.11874122601778193,0.13014489037056032
9c695f32b8127957.jpg,PruneSID,336,336,3,71,8064.0,68244.0,13916,62392,0.11816423421839282,0.1292473394024875
9c7d75ff8378fc04.jpg,DRIP,336,336,168,73,11090.0,97201.0,14308,93983,0.11409347640456374,0.118000063841333
9c7d75ff8378fc04.jpg,Fixed,336,336,168,72,11711.0,96384.0,14112,93983,0.12150356905710491,0.12460764180756094
9c7d75ff8378fc04.jpg,PruneSID,336,336,168,71,12054.0,95845.0,13916,93983,0.12576555897542907,0.12825723801112968
9c8b5faa177f1f2d.jpg,DRIP,336,336,37,73,6742.0,54149.0,14308,46583,0.12450830116899665,0.14473091041796363
9c8b5faa177f1f2d.jpg,Fixed,336,336,37,72,6032.0,54663.0,14112,46583,0.11034886486288714,0.12948929867118905
9c8b5faa177f1f2d.jpg,PruneSID,336,336,37,71,7689.0,52810.0,13916,46583,0.14559742473016474,0.16506021509992916
9ccd7f41f1166a93.jpg,DRIP,336,336,0,73,,,14308,0,,
9ccd7f41f1166a93.jpg,Fixed,336,336,0,72,,,14112,0,,
9ccd7f41f1166a93.jpg,PruneSID,336,336,0,71,,,13916,0,,
9cdaff5c427c167f.jpg,DRIP,336,336,7,72,2467.0,17105.0,14112,5460,0.1442268342589886,0.45183150183150184
9cdaff5c427c167f.jpg,Fixed,336,336,7,72,476.0,19096.0,14112,5460,0.024926686217008796,0.08717948717948718
9cdaff5c427c167f.jpg,PruneSID,336,336,7,71,2925.0,16451.0,13916,5460,0.17780074159625556,0.5357142857142857
9cdef54acc03e6fd.jpg,DRIP,336,336,2,73,3510.0,18822.0,14308,8024,0.18648390181702262,0.43743768693918245
9cdef54acc03e6fd.jpg,Fixed,336,336,2,72,798.0,21338.0,14112,8024,0.03739806917236854,0.09945164506480558
9cdef54acc03e6fd.jpg,PruneSID,336,336,2,71,3432.0,18508.0,13916,8024,0.1854333261292414,0.42771684945164506
9cf2f9cac47458d0.jpg,DRIP,336,336,2,73,1364.0,17221.0,14308,4277,0.0792056210440741,0.3189151274257657
9cf2f9cac47458d0.jpg,Fixed,336,336,2,72,36.0,18353.0,14112,4277,0.0019615321745763636,0.008417114800093524
9cf2f9cac47458d0.jpg,PruneSID,336,336,2,71,448.0,17745.0,13916,4277,0.0252465483234714,0.10474631751227496
9d08fd65fa0e6b86.jpg,DRIP,336,336,0,72,,,14112,0,,
9d08fd65fa0e6b86.jpg,Fixed,336,336,0,72,,,14112,0,,
9d08fd65fa0e6b86.jpg,PruneSID,336,336,0,71,,,13916,0,,
9d158ea2dd58b019.jpg,DRIP,336,336,0,72,,,14112,0,,
9d158ea2dd58b019.jpg,Fixed,336,336,0,72,,,14112,0,,
9d158ea2dd58b019.jpg,PruneSID,336,336,0,71,,,13916,0,,
9d25dca93b68a95c.jpg,DRIP,336,336,1,72,2409.0,16880.0,14112,5177,0.1427132701421801,0.4653274096967356
9d25dca93b68a95c.jpg,Fixed,336,336,1,72,434.0,18855.0,14112,5177,0.0230177671705118,0.08383233532934131
9d25dca93b68a95c.jpg,PruneSID,336,336,1,71,2329.0,16764.0,13916,5177,0.13892865664519208,0.44987444465906895
9d3ec86554e13e4c.jpg,DRIP,336,336,22,72,2502.0,37473.0,14112,25863,0.06676807301256905,0.0967405173413757
9d3ec86554e13e4c.jpg,Fixed,336,336,22,72,4260.0,35715.0,14112,25863,0.11927761444771104,0.16471407029346943
9d3ec86554e13e4c.jpg,PruneSID,336,336,22,71,4145.0,35634.0,13916,25863,0.1163214907111186,0.1602675637010401
9d45c91a54ad2866.jpg,DRIP,336,336,1,73,1036.0,15096.0,14308,1824,0.06862745098039216,0.5679824561403509
9d45c91a54ad2866.jpg,Fixed,336,336,1,72,448.0,15488.0,14112,1824,0.028925619834710745,0.24561403508771928
9d45c91a54ad2866.jpg,PruneSID,336,336,1,71,204.0,15536.0,13916,1824,0.013130792996910402,0.1118421052631579
9d69fa6d29d5d369.jpg,DRIP,336,336,1,72,56.0,15277.0,14112,1221,0.0036656411599135957,0.04586404586404586
9d69fa6d29d5d369.jpg,Fixed,336,336,1,72,0.0,15333.0,14112,1221,0.0,0.0
9d69fa6d29d5d369.jpg,PruneSID,336,336,1,71,0.0,15137.0,13916,1221,0.0,0.0
9d74f00ea0548b56.jpg,DRIP,336,336,5,73,667.0,17332.0,14308,3691,0.038483729517655205,0.18070983473313465
9d74f00ea0548b56.jpg,Fixed,336,336,5,72,350.0,17453.0,14112,3691,0.020053858935426574,0.09482525060959089
9d74f00ea0548b56.jpg,PruneSID,336,336,5,71,1596.0,16011.0,13916,3691,0.09968146899006933,0.43240314277973446
9d85d260f22be0c8.jpg,DRIP,336,336,4,73,2472.0,16537.0,14308,4701,0.14948297756545928,0.5258455647734525
9d85d260f22be0c8.jpg,Fixed,336,336,4,72,728.0,18085.0,14112,4701,0.04025435443737904,0.15486066794299086
9d85d260f22be0c8.jpg,PruneSID,336,336,4,71,1931.0,16686.0,13916,4701,0.11572575812058013,0.4107636673048288
9da5aba162e27a01.jpg,DRIP,336,336,2,73,9268.0,29710.0,14308,24670,0.31194883877482327,0.37567896230239156
9da5aba162e27a01.jpg,Fixed,336,336,2,72,3150.0,35632.0,14112,24670,0.08840368208352044,0.12768544791244427
9da5aba162e27a01.jpg,PruneSID,336,336,2,71,2668.0,35918.0,13916,24670,0.07428030513948439,0.10814754762869883
9da89a072ed1529b.jpg,DRIP,336,336,4,73,9217.0,56294.0,14308,51203,0.1637297047642733,0.18000898384860262
9da89a072ed1529b.jpg,Fixed,336,336,4,72,5717.0,59598.0,14112,51203,0.0959260377865029,0.111653614046052
9da89a072ed1529b.jpg,PruneSID,336,336,4,71,6926.0,58193.0,13916,51203,0.11901775127592666,0.13526551178641877
9dbf0225475ea1ae.jpg,DRIP,336,336,9,73,2637.0,31569.0,14308,19898,0.08353131236339446,0.13252588199819076
9dbf0225475ea1ae.jpg,Fixed,336,336,9,72,3066.0,30944.0,14112,19898,0.09908221302998965,0.15408583777264045
9dbf0225475ea1ae.jpg,PruneSID,336,336,9,71,3321.0,30493.0,13916,19898,0.10891024169481521,0.16690119610011056
9dbf06489aee8b0c.jpg,DRIP,336,336,33,73,4969.0,36748.0,14308,27409,0.1352182431696963,0.1812908168849648
9dbf06489aee8b0c.jpg,Fixed,336,336,33,72,4110.0,37411.0,14112,27409,0.10986073614712251,0.14995074610529388
9dbf06489aee8b0c.jpg,PruneSID,336,336,33,71,7225.0,34100.0,13916,27409,0.2118768328445748,0.263599547593856
9dc0b41b097cfba4.jpg,DRIP,336,336,2,73,54.0,14476.0,14308,222,0.003730312240950539,0.24324324324324326
9dc0b41b097cfba4.jpg,Fixed,336,336,2,72,42.0,14292.0,14112,222,0.002938706968933669,0.1891891891891892
9dc0b41b097cfba4.jpg,PruneSID,336,336,2,71,168.0,13970.0,13916,222,0.012025769506084466,0.7567567567567568
9dc2f629d9f7dd97.jpg,DRIP,336,336,0,72,,,14112,0,,
9dc2f629d9f7dd97.jpg,Fixed,336,336,0,72,,,14112,0,,
9dc2f629d9f7dd97.jpg,PruneSID,336,336,0,71,,,13916,0,,
9df433acdae9095c.jpg,DRIP,336,336,2,73,4130.0,19833.0,14308,9655,0.20823879392930975,0.42775763852925947
9df433acdae9095c.jpg,Fixed,336,336,2,72,602.0,23165.0,14112,9655,0.02598748111374919,0.062351113412739516
9df433acdae9095c.jpg,PruneSID,336,336,2,71,2598.0,20973.0,13916,9655,0.12387355170934058,0.2690833764888659
9e1b8725af836e9c.jpg,DRIP,336,336,0,73,,,14308,0,,
9e1b8725af836e9c.jpg,Fixed,336,336,0,72,,,14112,0,,
9e1b8725af836e9c.jpg,PruneSID,336,336,0,71,,,13916,0,,
9e1d1e8f0f3ebae8.jpg,DRIP,336,336,29,72,2828.0,41927.0,14112,30643,0.06745056884585113,0.09228861403909538
9e1d1e8f0f3ebae8.jpg,Fixed,336,336,29,72,4279.0,40476.0,14112,30643,0.10571696807984979,0.1396403746369481
9e1d1e8f0f3ebae8.jpg,PruneSID,336,336,29,71,5202.0,39357.0,13916,30643,0.13217470843814316,0.16976144633358353
9e46d4e221c1970c.jpg,DRIP,336,336,13,72,6468.0,29259.0,14112,21615,0.22106018660924845,0.29923664122137406
9e46d4e221c1970c.jpg,Fixed,336,336,13,72,2502.0,33225.0,14112,21615,0.07530474040632054,0.1157529493407356
9e46d4e221c1970c.jpg,PruneSID,336,336,13,71,3598.0,31933.0,13916,21615,0.11267340995208719,0.1664584779088596
9e5471af39ae4eb4.jpg,DRIP,336,336,1,72,712.0,14261.0,14112,861,0.04992637262464063,0.826945412311266
9e5471af39ae4eb4.jpg,Fixed,336,336,1,72,0.0,14973.0,14112,861,0.0,0.0
9e5471af39ae4eb4.jpg,PruneSID,336,336,1,71,533.0,14244.0,13916,861,0.037419264251614716,0.6190476190476191
9ea09a6404e50112.jpg,DRIP,336,336,1,72,112.0,14494.0,14112,494,0.007727335449151373,0.22672064777327935
9ea09a6404e50112.jpg,Fixed,336,336,1,72,0.0,14606.0,14112,494,0.0,0.0
9ea09a6404e50112.jpg,PruneSID,336,336,1,71,365.0,14045.0,13916,494,0.025987896048415806,0.7388663967611336
9ebbe79077ffe201.jpg,DRIP,336,336,6,73,9859.0,60237.0,14308,55788,0.1636701694971529,0.17672259267225926
9ebbe79077ffe201.jpg,Fixed,336,336,6,72,7191.0,62709.0,14112,55788,0.11467253504281683,0.1288986878898688
9ebbe79077ffe201.jpg,PruneSID,336,336,6,71,6201.0,63503.0,13916,55788,0.09764892997181236,0.11115293611529362
9ee45ccfb4b09966.jpg,DRIP,336,336,45,73,9966.0,59761.0,14308,55419,0.16676427770619634,0.1798300221945542
9ee45ccfb4b09966.jpg,Fixed,336,336,45,72,5823.0,63708.0,14112,55419,0.0914013938594839,0.10507226763384399
9ee45ccfb4b09966.jpg,PruneSID,336,336,45,71,10033.0,59302.0,13916,55419,0.16918485042662978,0.1810389938468756
9ef00d499b0ed0b1.jpg,DRIP,336,336,1,73,10808.0,74396.0,14308,70896,0.14527662777568687,0.1524486571879937
9ef00d499b0ed0b1.jpg,Fixed,336,336,1,72,8862.0,76146.0,14112,70896,0.11638168781025923,0.125
9ef00d499b0ed0b1.jpg,PruneSID,336,336,1,71,8470.0,76342.0,13916,70896,0.11094810196222263,0.11947077409162717
9ef775ca34640e87.jpg,DRIP,336,336,2,72,2861.0,20409.0,14112,9158,0.14018325248664804,0.3124044551212055
9ef775ca34640e87.jpg,Fixed,336,336,2,72,1372.0,21898.0,14112,9158,0.06265412366426158,0.14981436994977068
9ef775ca34640e87.jpg,PruneSID,336,336,2,71,2496.0,20578.0,13916,9158,0.1212945864515502,0.2725485913955012
9f57624d38c5acd8.jpg,DRIP,336,336,16,73,3191.0,21901.0,14308,10784,0.14570110953837725,0.2959013353115727
9f57624d38c5acd8.jpg,Fixed,336,336,16,72,1330.0,23566.0,14112,10784,0.05643724009165747,0.12333086053412463
9f57624d38c5acd8.jpg,PruneSID,336,336,16,71,4479.0,20221.0,13916,10784,0.22150239849661243,0.4153375370919881
9f5777663f6f5c99.jpg,DRIP,336,336,2,72,1512.0,17427.0,14112,4827,0.08676192115682561,0.3132380360472343
9f5777663f6f5c99.jpg,Fixed,336,336,2,72,672.0,18267.0,14112,4827,0.03678764986040401,0.13921690490988192
9f5777663f6f5c99.jpg,PruneSID,336,336,2,71,1562.0,17181.0,13916,4827,0.09091438216634655,0.32359643671017196
9f8ff7d76a47943f.jpg,DRIP,336,336,0,72,,,14112,0,,
9f8ff7d76a47943f.jpg,Fixed,336,336,0,72,,,14112,0,,
9f8ff7d76a47943f.jpg,PruneSID,336,336,0,71,,,13916,0,,
9fa89359f69d1e03.jpg,DRIP,336,336,2,72,596.0,14850.0,14112,1334,0.040134680134680134,0.44677661169415295
9fa89359f69d1e03.jpg,Fixed,336,336,2,72,204.0,15242.0,14112,1334,0.013384070331977431,0.15292353823088456
9fa89359f69d1e03.jpg,PruneSID,336,336,2,71,792.0,14458.0,13916,1334,0.05477936090745608,0.5937031484257871
9fb9f2eb73dcaa43.jpg,DRIP,336,336,7,72,2186.0,21376.0,14112,9450,0.10226422155688623,0.23132275132275132
9fb9f2eb73dcaa43.jpg,Fixed,336,336,7,72,603.0,22959.0,14112,9450,0.026264210113680908,0.06380952380952382
9fb9f2eb73dcaa43.jpg,PruneSID,336,336,7,71,1842.0,21524.0,13916,9450,0.08557888868240104,0.1949206349206349
9fbd421cb65057b9.jpg,DRIP,336,336,8,72,560.0,19657.0,14112,6105,0.028488579132115787,0.09172809172809172
9fbd421cb65057b9.jpg,Fixed,336,336,8,72,460.0,19757.0,14112,6105,0.023282887077997673,0.07534807534807535
9fbd421cb65057b9.jpg,PruneSID,336,336,8,71,2013.0,18008.0,13916,6105,0.11178365171035096,0.32972972972972975
9fc2185d2de5b452.jpg,DRIP,336,336,6,72,1789.0,17549.0,14112,5226,0.10194313066271582,0.34232682740145426
9fc2185d2de5b452.jpg,Fixed,336,336,6,72,596.0,18742.0,14112,5226,0.03180023476683385,0.11404515882127822
9fc2185d2de5b452.jpg,PruneSID,336,336,6,71,1451.0,17691.0,13916,5226,0.08201910575999095,0.2776502104860314
a023b7e346df33c8.jpg,DRIP,336,336,1,72,2847.0,16824.0,14112,5559,0.1692225392296719,0.5121424716675661
a023b7e346df33c8.jpg,Fixed,336,336,1,72,714.0,18957.0,14112,5559,0.03766418737141953,0.12844036697247707
a023b7e346df33c8.jpg,PruneSID,336,336,1,71,1826.0,17649.0,13916,5559,0.10346195251855629,0.3284763446663069
a0258ea87dd50239.jpg,DRIP,336,336,0,72,,,14112,0,,
a0258ea87dd50239.jpg,Fixed,336,336,0,72,,,14112,0,,
a0258ea87dd50239.jpg,PruneSID,336,336,0,71,,,13916,0,,
a044c0fa45d32fe5.jpg,DRIP,336,336,6,72,3086.0,19084.0,14112,8058,0.16170614127017396,0.3829734425415736
a044c0fa45d32fe5.jpg,Fixed,336,336,6,72,585.0,21585.0,14112,8058,0.027102154273801252,0.07259865971705137
a044c0fa45d32fe5.jpg,PruneSID,336,336,6,71,2376.0,19598.0,13916,8058,0.12123686090417389,0.29486224869694716
a04ed16bd62a0382.jpg,DRIP,336,336,10,73,9162.0,66352.0,14308,61206,0.13808174584036653,0.1496912067444368
a04ed16bd62a0382.jpg,Fixed,336,336,10,72,6706.0,68612.0,14112,61206,0.09773800501370022,0.10956442178871352
a04ed16bd62a0382.jpg,PruneSID,336,336,10,71,8820.0,66302.0,13916,61206,0.13302766130735122,0.14410351926281736
a056def09b282363.jpg,DRIP,336,336,6,72,2259.0,22444.0,14112,10591,0.10065050793085012,0.2132943064866396
a056def09b282363.jpg,Fixed,336,336,6,72,557.0,24146.0,14112,10591,0.02306800298186035,0.05259182324615239
a056def09b282363.jpg,PruneSID,336,336,6,71,3819.0,20688.0,13916,10591,0.1845997679814385,0.3605891794920215
a060f9c5f7e7428a.jpg,DRIP,336,336,6,72,5684.0,61447.0,14112,53019,0.09250248181359545,0.10720685037439409
a060f9c5f7e7428a.jpg,Fixed,336,336,6,72,6482.0,60649.0,14112,53019,0.10687727744892743,0.12225805843188291
a060f9c5f7e7428a.jpg,PruneSID,336,336,6,71,9126.0,57809.0,13916,53019,0.1578646923489422,0.1721269733491767
a064ee47c57d7a15.jpg,DRIP,336,336,18,73,5531.0,45541.0,14308,36764,0.12145100019762411,0.15044608856490044
a064ee47c57d7a15.jpg,Fixed,336,336,18,72,5240.0,45636.0,14112,36764,0.11482163204487685,0.14253073659014254
a064ee47c57d7a15.jpg,PruneSID,336,336,18,71,5911.0,44769.0,13916,36764,0.13203332663226786,0.1607822870199108
a0750277d403952b.jpg,DRIP,336,336,1,73,3024.0,20770.0,14308,9486,0.14559460760712567,0.3187855787476281
a0750277d403952b.jpg,Fixed,336,336,1,72,888.0,22710.0,14112,9486,0.03910171730515192,0.09361163820366857
a0750277d403952b.jpg,PruneSID,336,336,1,71,714.0,22688.0,13916,9486,0.031470380818053596,0.07526881720430108
a0af7571d8d4ac64.jpg,DRIP,336,336,1,73,0.0,15141.0,14308,833,0.0,0.0
a0af7571d8d4ac64.jpg,Fixed,336,336,1,72,238.0,14707.0,14112,833,0.01618277010947168,0.2857142857142857
a0af7571d8d4ac64.jpg,PruneSID,336,336,1,71,140.0,14609.0,13916,833,0.009583133684714902,0.16806722689075632
a0cea9146b5c964d.jpg,DRIP,336,336,1,73,848.0,14685.0,14308,1225,0.05774599931903303,0.6922448979591836
a0cea9146b5c964d.jpg,Fixed,336,336,1,72,490.0,14847.0,14112,1225,0.033003300330033,0.4
a0cea9146b5c964d.jpg,PruneSID,336,336,1,71,252.0,14889.0,13916,1225,0.01692524682651622,0.2057142857142857
a0ef202f025bed32.jpg,DRIP,336,336,42,73,9025.0,69562.0,14308,64279,0.12974037549236653,0.14040355326000717
a0ef202f025bed32.jpg,Fixed,336,336,42,72,7405.0,70986.0,14112,64279,0.10431634406784436,0.11520092098508067
a0ef202f025bed32.jpg,PruneSID,336,336,42,71,9902.0,68293.0,13916,64279,0.14499289824725814,0.15404720048538403
a105a120c618af3f.jpg,DRIP,336,336,5,73,1728.0,19589.0,14308,7009,0.08821277247434785,0.24654016264802397
a105a120c618af3f.jpg,Fixed,336,336,5,72,952.0,20169.0,14112,7009,0.04720115028013288,0.13582536738479098
a105a120c618af3f.jpg,PruneSID,336,336,5,71,2808.0,18117.0,13916,7009,0.15499254843517138,0.4006277643030389
a122a9aa839dd2da.jpg,DRIP,336,336,3,72,457.0,14908.0,14112,1253,0.030654682049906092,0.3647246608140463
a122a9aa839dd2da.jpg,Fixed,336,336,3,72,99.0,15266.0,14112,1253,0.006484999344949561,0.07901037509976057
a122a9aa839dd2da.jpg,PruneSID,336,336,3,71,957.0,14212.0,13916,1253,0.0673374613003096,0.7637669592976856
a1230d1f96777292.jpg,DRIP,336,336,14,72,4637.0,52992.0,14112,43517,0.08750377415458938,0.10655605855183031
a1230d1f96777292.jpg,Fixed,336,336,14,72,6217.0,51412.0,14112,43517,0.1209250758577764,0.14286370843578372
a1230d1f96777292.jpg,PruneSID,336,336,14,71,5845.0,51588.0,13916,43517,0.11330154299449484,0.13431532504538457
a12eb24cf67a08d3.jpg,DRIP,336,336,2,72,2918.0,21869.0,14112,10675,0.13343088389958388,0.2733489461358314
a12eb24cf67a08d3.jpg,Fixed,336,336,2,72,726.0,24061.0,14112,10675,0.030173309505008104,0.06800936768149883
a12eb24cf67a08d3.jpg,PruneSID,336,336,2,71,2828.0,21763.0,13916,10675,0.12994532003859763,0.26491803278688525
a13162c693769766.jpg,DRIP,336,336,0,72,,,14112,0,,
a13162c693769766.jpg,Fixed,336,336,0,72,,,14112,0,,
a13162c693769766.jpg,PruneSID,336,336,0,71,,,13916,0,,
a18c450944c27d30.jpg,DRIP,336,336,1,72,542.0,19555.0,14112,5985,0.027716696497059577,0.09055973266499583
a18c450944c27d30.jpg,Fixed,336,336,1,72,882.0,19215.0,14112,5985,0.04590163934426229,0.14736842105263157
a18c450944c27d30.jpg,PruneSID,336,336,1,71,392.0,19509.0,13916,5985,0.020093290276282743,0.06549707602339182
a1919ea8773c12fb.jpg,DRIP,336,336,5,72,483.0,16396.0,14112,2767,0.02945840448889973,0.17455728225515
a1919ea8773c12fb.jpg,Fixed,336,336,5,72,324.0,16555.0,14112,2767,0.019571126547870733,0.11709432598482111
a1919ea8773c12fb.jpg,PruneSID,336,336,5,71,888.0,15795.0,13916,2767,0.056220322886989554,0.32092518973617634
a19398891ccbd859.jpg,DRIP,336,336,9,72,2016.0,20783.0,14112,8687,0.097002357696194,0.23207091055600323
a19398891ccbd859.jpg,Fixed,336,336,9,72,1062.0,21737.0,14112,8687,0.04885678796522059,0.12225164038218027
a19398891ccbd859.jpg,PruneSID,336,336,9,71,2887.0,19716.0,13916,8687,0.14642929600324608,0.33233567399562564
a195538a7b65179a.jpg,DRIP,336,336,4,72,1304.0,18984.0,14112,6176,0.06868942267172355,0.211139896373057
a195538a7b65179a.jpg,Fixed,336,336,4,72,780.0,19508.0,14112,6176,0.03998359647324175,0.12629533678756477
a195538a7b65179a.jpg,PruneSID,336,336,4,71,1758.0,18334.0,13916,6176,0.09588742227555362,0.2846502590673575
a19c4da7c279e38c.jpg,DRIP,336,336,0,72,,,14112,0,,
a19c4da7c279e38c.jpg,Fixed,336,336,0,72,,,14112,0,,
a19c4da7c279e38c.jpg,PruneSID,336,336,0,71,,,13916,0,,
a1a422edbbd2b0be.jpg,DRIP,336,336,6,72,3610.0,22686.0,14112,12184,0.15912897822445563,0.29629021667760996
a1a422edbbd2b0be.jpg,Fixed,336,336,6,72,1375.0,24921.0,14112,12184,0.055174350948998835,0.11285292186474065
a1a422edbbd2b0be.jpg,PruneSID,336,336,6,71,4425.0,21675.0,13916,12184,0.2041522491349481,0.3631812212738017
a1a4d1911d80c0ea.jpg,DRIP,336,336,16,73,8970.0,57110.0,14308,51772,0.15706531255471895,0.17325967704550724
a1a4d1911d80c0ea.jpg,Fixed,336,336,16,72,6956.0,58928.0,14112,51772,0.11804235677436872,0.13435834041566871
a1a4d1911d80c0ea.jpg,PruneSID,336,336,16,71,7281.0,58407.0,13916,51772,0.12465971544506652,0.140635864946303
a1c01e66df817ea7.jpg,DRIP,336,336,2,72,0.0,14916.0,14112,804,0.0,0.0
a1c01e66df817ea7.jpg,Fixed,336,336,2,72,0.0,14916.0,14112,804,0.0,0.0
a1c01e66df817ea7.jpg,PruneSID,336,336,2,71,298.0,14422.0,13916,804,0.02066287616142005,0.3706467661691542
a1d4b9307484b676.jpg,DRIP,336,336,41,73,5718.0,40486.0,14308,31896,0.14123400681717138,0.1792701279157261
a1d4b9307484b676.jpg,Fixed,336,336,41,72,3917.0,42091.0,14112,31896,0.09306027416787437,0.12280536744419362
a1d4b9307484b676.jpg,PruneSID,336,336,41,71,6383.0,39429.0,13916,31896,0.16188592152983844,0.20011913719588664
a1f35b70efd6fbbc.jpg,DRIP,336,336,1,73,162.0,14588.0,14308,442,0.01110501782286811,0.3665158371040724
a1f35b70efd6fbbc.jpg,Fixed,336,336,1,72,0.0,14554.0,14112,442,0.0,0.0
a1f35b70efd6fbbc.jpg,PruneSID,336,336,1,71,140.0,14218.0,13916,442,0.009846673231115488,0.3167420814479638
a20bb71106ca59e7.jpg,DRIP,336,336,8,73,6944.0,38746.0,14308,31382,0.1792184999741909,0.22127334140590146
a20bb71106ca59e7.jpg,Fixed,336,336,8,72,3955.0,41539.0,14112,31382,0.0952117287368497,0.12602765916767575
a20bb71106ca59e7.jpg,PruneSID,336,336,8,71,5700.0,39598.0,13916,31382,0.14394666397292794,0.18163278312408387
a20e42f07882a622.jpg,DRIP,336,336,2,73,3158.0,15125.0,14308,3975,0.20879338842975206,0.7944654088050315
a20e42f07882a622.jpg,Fixed,336,336,2,72,0.0,18087.0,14112,3975,0.0,0.0
a20e42f07882a622.jpg,PruneSID,336,336,2,71,1392.0,16499.0,13916,3975,0.08436874962118916,0.350188679245283
a20e5f23d0557a47.jpg,DRIP,336,336,11,72,3342.0,28144.0,14112,17374,0.11874644684479818,0.19235639461263956
a20e5f23d0557a47.jpg,Fixed,336,336,11,72,3547.0,27939.0,14112,17374,0.1269551522960736,0.2041556348566824
a20e5f23d0557a47.jpg,PruneSID,336,336,11,71,1986.0,29304.0,13916,17374,0.06777231777231778,0.11430873719350754
a24361071d906035.jpg,DRIP,336,336,6,73,8832.0,38070.0,14308,32594,0.23199369582348306,0.27097011719948455
a24361071d906035.jpg,Fixed,336,336,6,72,3450.0,43256.0,14112,32594,0.07975772147216571,0.10584770203104867
a24361071d906035.jpg,PruneSID,336,336,6,71,4253.0,42257.0,13916,32594,0.10064604680881274,0.130484138184942
a24f47f2e0f5b8ff.jpg,DRIP,336,336,4,73,7044.0,23982.0,14308,16718,0.29372029021766327,0.4213422658212705
a24f47f2e0f5b8ff.jpg,Fixed,336,336,4,72,2162.0,28668.0,14112,16718,0.07541509697223385,0.1293216891972724
a24f47f2e0f5b8ff.jpg,PruneSID,336,336,4,71,3083.0,27551.0,13916,16718,0.11190156437152916,0.18441201100610122
a263c9ee48ef1815.jpg,DRIP,336,336,0,73,,,14308,0,,
a263c9ee48ef1815.jpg,Fixed,336,336,0,72,,,14112,0,,
a263c9ee48ef1815.jpg,PruneSID,336,336,0,71,,,13916,0,,
a270d5964a5c1ce0.jpg,DRIP,336,336,18,73,7933.0,40512.0,14308,34137,0.19581852290679305,0.23238714591206022
a270d5964a5c1ce0.jpg,Fixed,336,336,18,72,4952.0,43297.0,14112,34137,0.11437282028777976,0.1450625421097343
a270d5964a5c1ce0.jpg,PruneSID,336,336,18,71,7277.0,40776.0,13916,34137,0.1784628212674122,0.21317046020447022
a29264dfa5c11b31.jpg,DRIP,336,336,0,73,,,14308,0,,
a29264dfa5c11b31.jpg,Fixed,336,336,0,72,,,14112,0,,
a29264dfa5c11b31.jpg,PruneSID,336,336,0,71,,,13916,0,,
a2a0f9bb530897ba.jpg,DRIP,336,336,1,72,1008.0,18120.0,14112,5016,0.05562913907284768,0.20095693779904306
a2a0f9bb530897ba.jpg,Fixed,336,336,1,72,557.0,18571.0,14112,5016,0.02999299983845781,0.11104465709728868
a2a0f9bb530897ba.jpg,PruneSID,336,336,1,71,658.0,18274.0,13916,5016,0.03600744226770275,0.13118022328548645
a2bd22cf91b46bee.jpg,DRIP,336,336,4,72,2945.0,17738.0,14112,6571,0.1660277370616755,0.44818140313498706
a2bd22cf91b46bee.jpg,Fixed,336,336,4,72,328.0,20355.0,14112,6571,0.01611397690985016,0.049916298889057985
a2bd22cf91b46bee.jpg,PruneSID,336,336,4,71,784.0,19703.0,13916,6571,0.039790894787595794,0.11931212905189469
a2d6f44673bc855d.jpg,DRIP,336,336,3,72,298.0,16427.0,14112,2613,0.018140865648018506,0.11404515882127822
a2d6f44673bc855d.jpg,Fixed,336,336,3,72,0.0,16725.0,14112,2613,0.0,0.0
a2d6f44673bc855d.jpg,PruneSID,336,336,3,71,1361.0,15168.0,13916,2613,0.08972837552742616,0.5208572522005358
a30a00e52088ae0b.jpg,DRIP,336,336,5,72,1965.0,18862.0,14112,6715,0.10417771180150567,0.2926284437825763
a30a00e52088ae0b.jpg,Fixed,336,336,5,72,672.0,20155.0,14112,6715,0.03334160258000496,0.10007446016381236
a30a00e52088ae0b.jpg,PruneSID,336,336,5,71,1428.0,19203.0,13916,6715,0.07436338072176223,0.21265822784810126
a31228a5fc665e08.jpg,DRIP,336,336,0,73,,,14308,0,,
a31228a5fc665e08.jpg,Fixed,336,336,0,72,,,14112,0,,
a31228a5fc665e08.jpg,PruneSID,336,336,0,71,,,13916,0,,
a3229d1f02fdae12.jpg,DRIP,336,336,0,72,,,14112,0,,
a3229d1f02fdae12.jpg,Fixed,336,336,0,72,,,14112,0,,
a3229d1f02fdae12.jpg,PruneSID,336,336,0,71,,,13916,0,,
a3366a6b509bfa01.jpg,DRIP,336,336,5,72,551.0,17856.0,14112,4295,0.030857974910394267,0.12828870779976717
a3366a6b509bfa01.jpg,Fixed,336,336,5,72,670.0,17737.0,14112,4295,0.037774144443818006,0.1559953434225844
a3366a6b509bfa01.jpg,PruneSID,336,336,5,71,1206.0,17005.0,13916,4295,0.07092031755366068,0.2807916181606519
a33f8844790a1af0.jpg,DRIP,336,336,3,72,3589.0,19743.0,14112,9220,0.18178594945043813,0.3892624728850325
a33f8844790a1af0.jpg,Fixed,336,336,3,72,1050.0,22282.0,14112,9220,0.04712323848846603,0.113882863340564
a33f8844790a1af0.jpg,PruneSID,336,336,3,71,2847.0,20289.0,13916,9220,0.140322342155848,0.30878524945770064
a35b7cd2dc197a55.jpg,DRIP,336,336,2,72,0.0,16080.0,14112,1968,0.0,0.0
a35b7cd2dc197a55.jpg,Fixed,336,336,2,72,0.0,16080.0,14112,1968,0.0,0.0
a35b7cd2dc197a55.jpg,PruneSID,336,336,2,71,196.0,15688.0,13916,1968,0.012493625701172871,0.09959349593495935
a368ca124a246167.jpg,DRIP,336,336,6,72,3160.0,18684.0,14112,7732,0.16912866623849282,0.40869115364718056
a368ca124a246167.jpg,Fixed,336,336,6,72,896.0,20948.0,14112,7732,0.04277257972121443,0.11588204862907397
a368ca124a246167.jpg,PruneSID,336,336,6,71,1596.0,20052.0,13916,7732,0.07959305804907241,0.20641489912053804
a37ccf435dc3482c.jpg,DRIP,336,336,0,72,,,14112,0,,
a37ccf435dc3482c.jpg,Fixed,336,336,0,72,,,14112,0,,
a37ccf435dc3482c.jpg,PruneSID,336,336,0,71,,,13916,0,,
a3a0dc3be10723b3.jpg,DRIP,336,336,1,72,684.0,14283.0,14112,855,0.04788909892879647,0.8
a3a0dc3be10723b3.jpg,Fixed,336,336,1,72,0.0,14967.0,14112,855,0.0,0.0
a3a0dc3be10723b3.jpg,PruneSID,336,336,1,71,348.0,14423.0,13916,855,0.024128128683352977,0.4070175438596491
a3abc549d131a435.jpg,DRIP,336,336,0,72,,,14112,0,,
a3abc549d131a435.jpg,Fixed,336,336,0,72,,,14112,0,,
a3abc549d131a435.jpg,PruneSID,336,336,0,71,,,13916,0,,
a3bcbf35f6845b4d.jpg,DRIP,336,336,7,73,8885.0,36407.0,14308,30984,0.24404647457906448,0.2867609088561838
a3bcbf35f6845b4d.jpg,Fixed,336,336,7,72,3470.0,41626.0,14112,30984,0.08336136068803152,0.11199328685773302
a3bcbf35f6845b4d.jpg,PruneSID,336,336,7,71,7057.0,37843.0,13916,30984,0.18648098723674128,0.22776271624064032
a3c3d83d89f067f5.jpg,DRIP,336,336,11,73,11001.0,38390.0,14308,35083,0.2865589997395155,0.3135706752558219
a3c3d83d89f067f5.jpg,Fixed,336,336,11,72,4684.0,44511.0,14112,35083,0.10523241445934713,0.13351195735826468
a3c3d83d89f067f5.jpg,PruneSID,336,336,11,71,5674.0,43325.0,13916,35083,0.13096364685516446,0.16173075278624974
a3d2ea198c2767cc.jpg,DRIP,336,336,7,73,6885.0,21892.0,14308,14469,0.3144984469212498,0.475844909807174
a3d2ea198c2767cc.jpg,Fixed,336,336,7,72,1926.0,26655.0,14112,14469,0.0722566122678672,0.1331121708480199
a3d2ea198c2767cc.jpg,PruneSID,336,336,7,71,2856.0,25529.0,13916,14469,0.11187277214148615,0.19738751814223512
a3f1fe4ebd510d4e.jpg,DRIP,336,336,2,72,743.0,15529.0,14112,2160,0.04784596561272458,0.3439814814814815
a3f1fe4ebd510d4e.jpg,Fixed,336,336,2,72,270.0,16002.0,14112,2160,0.01687289088863892,0.125
a3f1fe4ebd510d4e.jpg,PruneSID,336,336,2,71,1273.0,14803.0,13916,2160,0.08599608187529555,0.5893518518518519
a41d362539616318.jpg,DRIP,336,336,1,73,1359.0,15008.0,14308,2059,0.09055170575692964,0.6600291403593977
a41d362539616318.jpg,Fixed,336,336,1,72,186.0,15985.0,14112,2059,0.011635908664372849,0.09033511413307431
a41d362539616318.jpg,PruneSID,336,336,1,71,809.0,15166.0,13916,2059,0.05334300408809178,0.3929091792132103
a43139a64464b43f.jpg,DRIP,336,336,1,73,,,14308,0,,
a43139a64464b43f.jpg,Fixed,336,336,1,72,,,14112,0,,
a43139a64464b43f.jpg,PruneSID,336,336,1,71,,,13916,0,,
a45a08ab8b0812a1.jpg,DRIP,336,336,1,72,130.0,14441.0,14112,459,0.00900214666574337,0.28322440087145967
a45a08ab8b0812a1.jpg,Fixed,336,336,1,72,0.0,14571.0,14112,459,0.0,0.0
a45a08ab8b0812a1.jpg,PruneSID,336,336,1,71,221.0,14154.0,13916,459,0.015613960717818285,0.48148148148148145
a470285a40296e2d.jpg,DRIP,336,336,4,72,2081.0,20220.0,14112,8189,0.10291790306627102,0.2541213823421663
a470285a40296e2d.jpg,Fixed,336,336,4,72,750.0,21551.0,14112,8189,0.03480116931928913,0.09158627427036269
a470285a40296e2d.jpg,PruneSID,336,336,4,71,2598.0,19507.0,13916,8189,0.13318295996309018,0.31725485407253634
a478936450790c72.jpg,DRIP,336,336,20,72,7453.0,41924.0,14112,35265,0.17777406735998474,0.21134269105345244
a478936450790c72.jpg,Fixed,336,336,20,72,4756.0,44621.0,14112,35265,0.10658658479191412,0.13486459662554942
a478936450790c72.jpg,PruneSID,336,336,20,71,8044.0,41137.0,13916,35265,0.19554172642633152,0.2281015170849284
a4a5ce907d49c239.jpg,DRIP,336,336,0,72,,,14112,0,,
a4a5ce907d49c239.jpg,Fixed,336,336,0,72,,,14112,0,,
a4a5ce907d49c239.jpg,PruneSID,336,336,0,71,,,13916,0,,
a4c1a5a0ebb58bb5.jpg,DRIP,336,336,25,72,5982.0,42189.0,14112,34059,0.1417905141150537,0.1756363956663437
a4c1a5a0ebb58bb5.jpg,Fixed,336,336,25,72,4444.0,43727.0,14112,34059,0.10163057150044595,0.13047946210986816
a4c1a5a0ebb58bb5.jpg,PruneSID,336,336,25,71,4806.0,43169.0,13916,34059,0.11132988950404225,0.14110807716022197
a4c5d8be910efa3e.jpg,DRIP,336,336,3,72,4098.0,21840.0,14112,11826,0.18763736263736264,0.3465246067985794
a4c5d8be910efa3e.jpg,Fixed,336,336,3,72,1474.0,24464.0,14112,11826,0.06025179856115108,0.12464062235751733
a4c5d8be910efa3e.jpg,PruneSID,336,336,3,71,2034.0,23708.0,13916,11826,0.08579382486924245,0.1719939117199391
a4dc6dff750053cd.jpg,DRIP,336,336,4,73,6666.0,31195.0,14308,23553,0.21368809104023082,0.2830212711756464
a4dc6dff750053cd.jpg,Fixed,336,336,4,72,2930.0,34735.0,14112,23553,0.084352958111415,0.12440028871056766
a4dc6dff750053cd.jpg,PruneSID,336,336,4,71,3482.0,33987.0,13916,23553,0.10245093712301763,0.14783679361440155
a4dfd4dbffa11503.jpg,DRIP,336,336,0,72,,,14112,0,,
a4dfd4dbffa11503.jpg,Fixed,336,336,0,72,,,14112,0,,
a4dfd4dbffa11503.jpg,PruneSID,336,336,0,71,,,13916,0,,
a4f8fd67378730a8.jpg,DRIP,336,336,1,73,0.0,15783.0,14308,1475,0.0,0.0
a4f8fd67378730a8.jpg,Fixed,336,336,1,72,0.0,15587.0,14112,1475,0.0,0.0
a4f8fd67378730a8.jpg,PruneSID,336,336,1,71,416.0,14975.0,13916,1475,0.027779632721202003,0.28203389830508474
a50ceaeef959e452.jpg,DRIP,336,336,5,72,1984.0,19207.0,14112,7079,0.10329567345238715,0.28026557423364884
a50ceaeef959e452.jpg,Fixed,336,336,5,72,1190.0,20001.0,14112,7079,0.05949702514874256,0.1681028393840938
a50ceaeef959e452.jpg,PruneSID,336,336,5,71,2014.0,18981.0,13916,7079,0.1061061061061061,0.28450346094081086
a52161d6eee94830.jpg,DRIP,336,336,2,72,6454.0,23388.0,14112,15730,0.275953480417308,0.41029879211697395
a52161d6eee94830.jpg,Fixed,336,336,2,72,2128.0,27714.0,14112,15730,0.07678429674532727,0.13528289891926257
a52161d6eee94830.jpg,PruneSID,336,336,2,71,3826.0,25820.0,13916,15730,0.14817970565453137,0.2432294977749523
a523da17dbe30535.jpg,DRIP,336,336,2,72,3934.0,23509.0,14112,13331,0.167340167595389,0.2951016427874878
a523da17dbe30535.jpg,Fixed,336,336,2,72,2479.0,24964.0,14112,13331,0.09930299631469316,0.18595754256994973
a523da17dbe30535.jpg,PruneSID,336,336,2,71,1848.0,25399.0,13916,13331,0.07275877003031615,0.13862425924536795
a54fdaa154416f95.jpg,DRIP,336,336,1,73,392.0,15464.0,14308,1548,0.025349198137609934,0.2532299741602067
a54fdaa154416f95.jpg,Fixed,336,336,1,72,0.0,15660.0,14112,1548,0.0,0.0
a54fdaa154416f95.jpg,PruneSID,336,336,1,71,752.0,14712.0,13916,1548,0.0511147362697118,0.48578811369509045
a56b17c45ac1ac06.jpg,DRIP,336,336,5,72,6273.0,35444.0,14112,27605,0.1769834104502878,0.22724144176779568
a56b17c45ac1ac06.jpg,Fixed,336,336,5,72,3722.0,37995.0,14112,27605,0.09796025792867483,0.13483064662198876
a56b17c45ac1ac06.jpg,PruneSID,336,336,5,71,4421.0,37100.0,13916,27605,0.1191644204851752,0.16015214635029887
a56edf96dc42ae8e.jpg,DRIP,336,336,4,72,4582.0,28665.0,14112,19135,0.15984650270364556,0.23945649333681734
a56edf96dc42ae8e.jpg,Fixed,336,336,4,72,2450.0,30797.0,14112,19135,0.07955320323408124,0.1280376273843742
a56edf96dc42ae8e.jpg,PruneSID,336,336,4,71,3794.0,29257.0,13916,19135,0.12967836757015416,0.19827541154951658
a59bb7f78afc83a5.jpg,DRIP,336,336,1,72,294.0,14595.0,14112,777,0.02014388489208633,0.3783783783783784
a59bb7f78afc83a5.jpg,Fixed,336,336,1,72,182.0,14707.0,14112,777,0.012375059495478343,0.23423423423423423
a59bb7f78afc83a5.jpg,PruneSID,336,336,1,71,411.0,14282.0,13916,777,0.028777482145357792,0.528957528957529
a5a79a5811b8b602.jpg,DRIP,336,336,1,72,462.0,14703.0,14112,1053,0.03142215874311365,0.43874643874643876
a5a79a5811b8b602.jpg,Fixed,336,336,1,72,0.0,15165.0,14112,1053,0.0,0.0
a5a79a5811b8b602.jpg,PruneSID,336,336,1,71,378.0,14591.0,13916,1053,0.025906380645603456,0.358974358974359
a5bddc383f8772d3.jpg,DRIP,336,336,0,73,,,14308,0,,
a5bddc383f8772d3.jpg,Fixed,336,336,0,72,,,14112,0,,
a5bddc383f8772d3.jpg,PruneSID,336,336,0,71,,,13916,0,,
a5f3a2c634ca375a.jpg,DRIP,336,336,9,72,8052.0,47994.0,14112,41934,0.16777097137142144,0.19201602518242952
a5f3a2c634ca375a.jpg,Fixed,336,336,9,72,5328.0,50718.0,14112,41934,0.1050514610197563,0.12705680354843324
a5f3a2c634ca375a.jpg,PruneSID,336,336,9,71,4163.0,51687.0,13916,41934,0.08054249617892313,0.09927505127104498
a6046cde1105e803.jpg,DRIP,336,336,7,73,3620.0,29627.0,14308,18939,0.12218584399365444,0.1911399757114948
a6046cde1105e803.jpg,Fixed,336,336,7,72,659.0,32392.0,14112,18939,0.020344529513460115,0.034795923755214106
a6046cde1105e803.jpg,PruneSID,336,336,7,71,2259.0,30596.0,13916,18939,0.07383318080794875,0.1192776809757643
a604dd6cf38a4a12.jpg,DRIP,336,336,11,72,2502.0,24882.0,14112,13272,0.1005546177959971,0.18851717902350815
a604dd6cf38a4a12.jpg,Fixed,336,336,11,72,1533.0,25851.0,14112,13272,0.059301380991064176,0.11550632911392406
a604dd6cf38a4a12.jpg,PruneSID,336,336,11,71,3653.0,23535.0,13916,13272,0.155215636286382,0.2752411091018686
a61308902a95346e.jpg,DRIP,336,336,7,73,781.0,15710.0,14308,2183,0.04971355824315722,0.3577645442052222
a61308902a95346e.jpg,Fixed,336,336,7,72,560.0,15735.0,14112,2183,0.03558945027009851,0.2565277141548328
a61308902a95346e.jpg,PruneSID,336,336,7,71,1301.0,14798.0,13916,2183,0.0879172861197459,0.5959688502061383
a63a44f94aa79896.jpg,DRIP,336,336,20,72,1851.0,27853.0,14112,15592,0.0664560370516641,0.11871472550025654
a63a44f94aa79896.jpg,Fixed,336,336,20,72,2419.0,27285.0,14112,15592,0.08865677111966282,0.155143663417137
a63a44f94aa79896.jpg,PruneSID,336,336,20,71,2563.0,26945.0,13916,15592,0.09511968825385043,0.16437916880451514
a64f08dc9658945f.jpg,DRIP,336,336,11,73,2093.0,22798.0,14308,10583,0.09180629879814019,0.19777000850420487
a64f08dc9658945f.jpg,Fixed,336,336,11,72,656.0,24039.0,14112,10583,0.027288988726652523,0.06198620428989889
a64f08dc9658945f.jpg,PruneSID,336,336,11,71,3354.0,21145.0,13916,10583,0.15861905887916766,0.3169233676651233
a67440cd07b0af06.jpg,DRIP,336,336,6,72,2244.0,17526.0,14112,5658,0.1280383430332078,0.39660657476139977
a67440cd07b0af06.jpg,Fixed,336,336,6,72,824.0,18946.0,14112,5658,0.043492029979942996,0.1456344998232591
a67440cd07b0af06.jpg,PruneSID,336,336,6,71,2787.0,16787.0,13916,5658,0.16602132602609163,0.492576882290562
a684099193e0f153.jpg,DRIP,336,336,2,72,1960.0,15211.0,14112,3059,0.12885411872986655,0.6407322654462243
a684099193e0f153.jpg,Fixed,336,336,2,72,910.0,16261.0,14112,3059,0.055962117950925525,0.2974828375286041
a684099193e0f153.jpg,PruneSID,336,336,2,71,875.0,16100.0,13916,3059,0.05434782608695652,0.28604118993135014
a69dc556d6ea3625.jpg,DRIP,336,336,1,72,6440.0,21022.0,14112,13350,0.3063457330415755,0.48239700374531835
a69dc556d6ea3625.jpg,Fixed,336,336,1,72,1254.0,26208.0,14112,13350,0.047847985347985345,0.09393258426966292
a69dc556d6ea3625.jpg,PruneSID,336,336,1,71,4046.0,23220.0,13916,13350,0.17424633936261844,0.30307116104868914
a6a16806a65f0ada.jpg,DRIP,336,336,1,73,1518.0,15016.0,14308,2226,0.10109216835375599,0.6819407008086253
a6a16806a65f0ada.jpg,Fixed,336,336,1,72,148.0,16190.0,14112,2226,0.009141445336627549,0.0664869721473495
a6a16806a65f0ada.jpg,PruneSID,336,336,1,71,1148.0,14994.0,13916,2226,0.0765639589169001,0.5157232704402516
a6ba8a7b7f10f515.jpg,DRIP,336,336,8,73,8838.0,37124.0,14308,31654,0.23806701864023275,0.27920641940986923
a6ba8a7b7f10f515.jpg,Fixed,336,336,8,72,4390.0,41376.0,14112,31654,0.10610015467904099,0.13868705376887597
a6ba8a7b7f10f515.jpg,PruneSID,336,336,8,71,6151.0,39419.0,13916,31654,0.1560415028285852,0.19431983319643648
a6d195e879492326.jpg,DRIP,336,336,3,73,132.0,18338.0,14308,4162,0.007198167739120951,0.03171552138395002
a6d195e879492326.jpg,Fixed,336,336,3,72,337.0,17937.0,14112,4162,0.018787980152756872,0.08097068716962999
a6d195e879492326.jpg,PruneSID,336,336,3,71,730.0,17348.0,13916,4162,0.0420797786488356,0.17539644401729937
a6d7668cf8a57563.jpg,DRIP,336,336,0,72,,,14112,0,,
a6d7668cf8a57563.jpg,Fixed,336,336,0,72,,,14112,0,,
a6d7668cf8a57563.jpg,PruneSID,336,336,0,71,,,13916,0,,
a6f11b421cd58ca3.jpg,DRIP,336,336,12,72,3715.0,29531.0,14112,19134,0.1258000067725441,0.1941569980140065
a6f11b421cd58ca3.jpg,Fixed,336,336,12,72,2817.0,30429.0,14112,19134,0.09257616089914227,0.14722483537158984
a6f11b421cd58ca3.jpg,PruneSID,336,336,12,71,3764.0,29286.0,13916,19134,0.1285255753602404,0.19671788439427199
a70c0eac40d03f13.jpg,DRIP,336,336,41,73,5955.0,32998.0,14308,24645,0.1804654827565307,0.24163116250760802
a70c0eac40d03f13.jpg,Fixed,336,336,41,72,3383.0,35374.0,14112,24645,0.09563521230282128,0.13726922296611888
a70c0eac40d03f13.jpg,PruneSID,336,336,41,71,6636.0,31925.0,13916,24645,0.20786217697729054,0.2692635423006695
a76a2b6bbd273396.jpg,DRIP,336,336,21,73,7174.0,41254.0,14308,34120,0.1738982886507975,0.21025791324736226
a76a2b6bbd273396.jpg,Fixed,336,336,21,72,4189.0,44043.0,14112,34120,0.09511159548622937,0.1227725674091442
a76a2b6bbd273396.jpg,PruneSID,336,336,21,71,6306.0,41730.0,13916,34120,0.15111430625449318,0.18481828839390388
a77ac2fe65cc9c55.jpg,DRIP,336,336,10,72,3254.0,18645.0,14112,7787,0.17452400107267363,0.41787594709130604
a77ac2fe65cc9c55.jpg,Fixed,336,336,10,72,930.0,20969.0,14112,7787,0.04435118508274119,0.1194298189289842
a77ac2fe65cc9c55.jpg,PruneSID,336,336,10,71,2574.0,19129.0,13916,7787,0.13456009200690053,0.330550918196995
a7ad2bcb93d48576.jpg,DRIP,336,336,14,73,10775.0,65181.0,14308,61648,0.16530890903790982,0.17478263690630677
a7ad2bcb93d48576.jpg,Fixed,336,336,14,72,7689.0,68071.0,14112,61648,0.1129555904864039,0.12472424085128471
a7ad2bcb93d48576.jpg,PruneSID,336,336,14,71,8174.0,67390.0,13916,61648,0.12129396052826828,0.1325914871528679
a7b647bd2b9488f2.jpg,DRIP,336,336,1,73,1492.0,14743.0,14308,1927,0.1012005697619209,0.7742605085625325
a7b647bd2b9488f2.jpg,Fixed,336,336,1,72,307.0,15732.0,14112,1927,0.01951436562420544,0.1593149974052932
a7b647bd2b9488f2.jpg,PruneSID,336,336,1,71,568.0,15275.0,13916,1927,0.037184942716857614,0.29475869226777374
a7b978b6db4a0957.jpg,DRIP,336,336,5,72,1820.0,21717.0,14112,9425,0.08380531380945803,0.19310344827586207
a7b978b6db4a0957.jpg,Fixed,336,336,5,72,1317.0,22220.0,14112,9425,0.05927092709270927,0.1397347480106101
a7b978b6db4a0957.jpg,PruneSID,336,336,5,71,3489.0,19852.0,13916,9425,0.17575055410034254,0.37018567639257294
a7c8c64b17cf2b93.jpg,DRIP,336,336,0,72,,,14112,0,,
a7c8c64b17cf2b93.jpg,Fixed,336,336,0,72,,,14112,0,,
a7c8c64b17cf2b93.jpg,PruneSID,336,336,0,71,,,13916,0,,
a7ec58b2c2373f03.jpg,DRIP,336,336,0,72,,,14112,0,,
a7ec58b2c2373f03.jpg,Fixed,336,336,0,72,,,14112,0,,
a7ec58b2c2373f03.jpg,PruneSID,336,336,0,71,,,13916,0,,
a7fabb3bd4936e1d.jpg,DRIP,336,336,0,73,,,14308,0,,
a7fabb3bd4936e1d.jpg,Fixed,336,336,0,72,,,14112,0,,
a7fabb3bd4936e1d.jpg,PruneSID,336,336,0,71,,,13916,0,,
a803592ab7ec97e5.jpg,DRIP,336,336,1,72,9.0,15230.0,14112,1127,0.0005909389363099146,0.007985803016858917
a803592ab7ec97e5.jpg,Fixed,336,336,1,72,127.0,15112.0,14112,1127,0.008403917416622551,0.1126885536823425
a803592ab7ec97e5.jpg,PruneSID,336,336,1,71,560.0,14483.0,13916,1127,0.03866602223296278,0.4968944099378882
a8194229237ab0c2.jpg,DRIP,336,336,5,72,3648.0,16385.0,14112,5921,0.22264266097039975,0.6161121432190508
a8194229237ab0c2.jpg,Fixed,336,336,5,72,966.0,19067.0,14112,5921,0.05066344993968637,0.16314811687214997
a8194229237ab0c2.jpg,PruneSID,336,336,5,71,2476.0,17361.0,13916,5921,0.14261851275848164,0.4181726059787198
a826571d72815d08.jpg,DRIP,336,336,3,72,2555.0,16142.0,14112,4585,0.1582827406764961,0.5572519083969466
a826571d72815d08.jpg,Fixed,336,336,3,72,658.0,18039.0,14112,4585,0.03647652308886302,0.1435114503816794
a826571d72815d08.jpg,PruneSID,336,336,3,71,1364.0,17137.0,13916,4585,0.07959386123592227,0.2974918211559433
a82f3b484c30fa80.jpg,DRIP,336,336,5,72,679.0,15786.0,14112,2353,0.043012796148486,0.28856778580535486
a82f3b484c30fa80.jpg,Fixed,336,336,5,72,360.0,16105.0,14112,2353,0.022353306426575598,0.1529961750956226
a82f3b484c30fa80.jpg,PruneSID,336,336,5,71,1370.0,14899.0,13916,2353,0.09195248003221693,0.5822354441138972
a83cf4c5ba6fb445.jpg,DRIP,336,336,0,73,,,14308,0,,
a83cf4c5ba6fb445.jpg,Fixed,336,336,0,72,,,14112,0,,
a83cf4c5ba6fb445.jpg,PruneSID,336,336,0,71,,,13916,0,,
a845d2f9fd1d01c4.jpg,DRIP,336,336,1,72,969.0,15347.0,14112,2204,0.06313937577376685,0.4396551724137931
a845d2f9fd1d01c4.jpg,Fixed,336,336,1,72,266.0,16050.0,14112,2204,0.01657320872274143,0.1206896551724138
a845d2f9fd1d01c4.jpg,PruneSID,336,336,1,71,1068.0,15052.0,13916,2204,0.07095402604305076,0.484573502722323
a85c9148747ada87.jpg,DRIP,336,336,13,73,8681.0,61283.0,14308,55656,0.14165429238124766,0.15597599540031623
a85c9148747ada87.jpg,Fixed,336,336,13,72,7528.0,62240.0,14112,55656,0.12095115681233932,0.13525945091274974
a85c9148747ada87.jpg,PruneSID,336,336,13,71,7870.0,61702.0,13916,55656,0.1275485397555995,0.14140434095155957
a86007a2ef271f92.jpg,DRIP,336,336,2,73,2539.0,15827.0,14308,4058,0.16042206356226701,0.6256776737309019
a86007a2ef271f92.jpg,Fixed,336,336,2,72,84.0,18086.0,14112,4058,0.004644476390578348,0.020699852143913258
a86007a2ef271f92.jpg,PruneSID,336,336,2,71,1026.0,16948.0,13916,4058,0.06053811659192825,0.2528339083292262
a861b419b2044b43.jpg,DRIP,336,336,1,73,896.0,15175.0,14308,1763,0.05904448105436573,0.5082246171298922
a861b419b2044b43.jpg,Fixed,336,336,1,72,593.0,15282.0,14112,1763,0.03880382148933385,0.3363584798638684
a861b419b2044b43.jpg,PruneSID,336,336,1,71,420.0,15259.0,13916,1763,0.027524739498001178,0.238230289279637
a8b93d2b71458539.jpg,DRIP,336,336,5,73,6579.0,20432.0,14308,12703,0.32199490994518404,0.5179091553176415
a8b93d2b71458539.jpg,Fixed,336,336,5,72,1426.0,25389.0,14112,12703,0.05616605616605617,0.11225694717783201
a8b93d2b71458539.jpg,PruneSID,336,336,5,71,3342.0,23277.0,13916,12703,0.14357520299007603,0.2630874596551996
a8bcf15084b50c9c.jpg,DRIP,336,336,15,73,6965.0,26637.0,14308,19294,0.26147839471411943,0.3609930548357002
a8bcf15084b50c9c.jpg,Fixed,336,336,15,72,2618.0,30788.0,14112,19294,0.0850331297908276,0.13568985176738882
a8bcf15084b50c9c.jpg,PruneSID,336,336,15,71,5099.0,28111.0,13916,19294,0.18138806872754437,0.2642790504820151
a8c1ab41aae1ed22.jpg,DRIP,336,336,0,72,,,14112,0,,
a8c1ab41aae1ed22.jpg,Fixed,336,336,0,72,,,14112,0,,
a8c1ab41aae1ed22.jpg,PruneSID,336,336,0,71,,,13916,0,,
a8eb76a80a86f46f.jpg,DRIP,336,336,1,72,2366.0,22926.0,14112,11180,0.10320160516444211,0.2116279069767442
a8eb76a80a86f46f.jpg,Fixed,336,336,1,72,910.0,24382.0,14112,11180,0.03732261504388483,0.08139534883720931
a8eb76a80a86f46f.jpg,PruneSID,336,336,1,71,1778.0,23318.0,13916,11180,0.0762501072133116,0.1590339892665474
a8ed32151682f25b.jpg,DRIP,336,336,2,72,1465.0,15811.0,14112,3164,0.09265701094174941,0.46302149178255375
a8ed32151682f25b.jpg,Fixed,336,336,2,72,700.0,16576.0,14112,3164,0.04222972972972973,0.22123893805309736
a8ed32151682f25b.jpg,PruneSID,336,336,2,71,2389.0,14691.0,13916,3164,0.1626165679667824,0.7550568900126422
a90039ba8a060a2e.jpg,DRIP,336,336,6,73,1597.0,15753.0,14308,3042,0.10137751539389322,0.5249835634451019
a90039ba8a060a2e.jpg,Fixed,336,336,6,72,581.0,16573.0,14112,3042,0.03505702045495686,0.19099276791584485
a90039ba8a060a2e.jpg,PruneSID,336,336,6,71,1654.0,15304.0,13916,3042,0.10807631991636174,0.5437212360289283
a91245a62621b25f.jpg,DRIP,336,336,5,72,2164.0,16961.0,14112,5013,0.12758681681504627,0.4316776381408338
a91245a62621b25f.jpg,Fixed,336,336,5,72,451.0,18674.0,14112,5013,0.024151226303952018,0.08996608817075603
a91245a62621b25f.jpg,PruneSID,336,336,5,71,1785.0,17144.0,13916,5013,0.10411805879608026,0.3560742070616397
a9285906a1c8ae67.jpg,DRIP,336,336,2,72,1786.0,16067.0,14112,3741,0.11115951951204332,0.4774124565624165
a9285906a1c8ae67.jpg,Fixed,336,336,2,72,630.0,17223.0,14112,3741,0.036578993206758406,0.16840417000801924
a9285906a1c8ae67.jpg,PruneSID,336,336,2,71,1414.0,16243.0,13916,3741,0.08705288431939913,0.37797380379577655
a93c8fe0e15346d6.jpg,DRIP,336,336,2,73,5362.0,27552.0,14308,18606,0.19461382113821138,0.28818660647103084
a93c8fe0e15346d6.jpg,Fixed,336,336,2,72,2282.0,30436.0,14112,18606,0.0749770009199632,0.12264860797592174
a93c8fe0e15346d6.jpg,PruneSID,336,336,2,71,2604.0,29918.0,13916,18606,0.08703790360318203,0.1399548532731377
a94f5e596927ebea.jpg,DRIP,336,336,1,73,3108.0,24078.0,14308,12878,0.12908048841265887,0.24134182326448206
a94f5e596927ebea.jpg,Fixed,336,336,1,72,1762.0,25228.0,14112,12878,0.06984303155224354,0.13682248796396956
a94f5e596927ebea.jpg,PruneSID,336,336,1,71,4296.0,22498.0,13916,12878,0.19095030669392835,0.33359217269762387
a95faa37484790b0.jpg,DRIP,336,336,12,73,6339.0,38145.0,14308,30176,0.16618167518678725,0.21006760339342523
a95faa37484790b0.jpg,Fixed,336,336,12,72,3712.0,40576.0,14112,30176,0.0914826498422713,0.12301166489925769
a95faa37484790b0.jpg,PruneSID,336,336,12,71,5520.0,38572.0,13916,30176,0.14310899097791144,0.18292682926829268
a96defddecf9155d.jpg,DRIP,336,336,4,72,1612.0,15507.0,14112,3007,0.10395305345972787,0.5360824742268041
a96defddecf9155d.jpg,Fixed,336,336,4,72,192.0,16927.0,14112,3007,0.011342825072369587,0.06385101429996674
a96defddecf9155d.jpg,PruneSID,336,336,4,71,1884.0,15039.0,13916,3007,0.12527428685417913,0.6265380778184236
a97f41b33e7a4086.jpg,DRIP,336,336,77,73,7543.0,65074.0,14308,58309,0.11591418999907797,0.12936253408564716
a97f41b33e7a4086.jpg,Fixed,336,336,77,72,6935.0,65486.0,14112,58309,0.10590049781632715,0.11893532730796275
a97f41b33e7a4086.jpg,PruneSID,336,336,77,71,8910.0,63315.0,13916,58309,0.14072494669509594,0.15280659932428955
a97fce17f3941874.jpg,DRIP,336,336,3,72,5124.0,24883.0,14112,15895,0.20592372302375114,0.3223655237496068
a97fce17f3941874.jpg,Fixed,336,336,3,72,1393.0,28614.0,14112,15895,0.0486824631299364,0.08763762189367726
a97fce17f3941874.jpg,PruneSID,336,336,3,71,3983.0,25828.0,13916,15895,0.15421248257704817,0.2505819440075495
a98c9ce07aaabf5f.jpg,DRIP,336,336,46,72,5234.0,46768.0,14112,37890,0.1119141293191926,0.1381367115333861
a98c9ce07aaabf5f.jpg,Fixed,336,336,46,72,4928.0,47074.0,14112,37890,0.10468623868802311,0.13006070203219847
a98c9ce07aaabf5f.jpg,PruneSID,336,336,46,71,7708.0,44098.0,13916,37890,0.1747925075967164,0.20343098442860913
a99bb1af434349a4.jpg,DRIP,336,336,10,72,3885.0,35705.0,14112,25478,0.10880829015544041,0.15248449642829107
a99bb1af434349a4.jpg,Fixed,336,336,10,72,3371.0,36219.0,14112,25478,0.09307269665092907,0.13231022843237303
a99bb1af434349a4.jpg,PruneSID,336,336,10,71,3794.0,35600.0,13916,25478,0.10657303370786517,0.1489127875029437
a9af41cdbf102758.jpg,DRIP,336,336,0,72,,,14112,0,,
a9af41cdbf102758.jpg,Fixed,336,336,0,72,,,14112,0,,
a9af41cdbf102758.jpg,PruneSID,336,336,0,71,,,13916,0,,
aa00c3d5ab3ef2cb.jpg,DRIP,336,336,1,72,1848.0,19637.0,14112,7373,0.09410806131282783,0.2506442425064424
aa00c3d5ab3ef2cb.jpg,Fixed,336,336,1,72,1330.0,20155.0,14112,7373,0.06598858843959315,0.180387901803879
aa00c3d5ab3ef2cb.jpg,PruneSID,336,336,1,71,742.0,20547.0,13916,7373,0.03611232783374702,0.1006374610063746
aa16b34ff354eaa6.jpg,DRIP,336,336,1,72,311.0,14580.0,14112,779,0.021330589849108367,0.3992297817715019
aa16b34ff354eaa6.jpg,Fixed,336,336,1,72,0.0,14891.0,14112,779,0.0,0.0
aa16b34ff354eaa6.jpg,PruneSID,336,336,1,71,574.0,14121.0,13916,779,0.04064867927200623,0.7368421052631579
aa6cc0581ef86a45.jpg,DRIP,336,336,5,73,2716.0,16790.0,14308,5198,0.16176295413936867,0.5225086571758368
aa6cc0581ef86a45.jpg,Fixed,336,336,5,72,371.0,18939.0,14112,5198,0.019589207455515074,0.07137360523278184
aa6cc0581ef86a45.jpg,PruneSID,336,336,5,71,3422.0,15692.0,13916,5198,0.21807290339026256,0.6583301269719123
aa952a4f774595a7.jpg,DRIP,336,336,3,73,350.0,15113.0,14308,1155,0.02315886984715146,0.30303030303030304
aa952a4f774595a7.jpg,Fixed,336,336,3,72,310.0,14957.0,14112,1155,0.020726081433442536,0.2683982683982684
aa952a4f774595a7.jpg,PruneSID,336,336,3,71,0.0,15071.0,13916,1155,0.0,0.0
aab582e28551b4ae.jpg,DRIP,336,336,2,73,924.0,15184.0,14308,1800,0.06085353003161222,0.5133333333333333
aab582e28551b4ae.jpg,Fixed,336,336,2,72,168.0,15744.0,14112,1800,0.010670731707317074,0.09333333333333334
aab582e28551b4ae.jpg,PruneSID,336,336,2,71,1230.0,14486.0,13916,1800,0.08490956785862212,0.6833333333333333
aada520afe935da8.jpg,DRIP,336,336,6,73,8227.0,26016.0,14308,19935,0.31622847478474786,0.4126912465512917
aada520afe935da8.jpg,Fixed,336,336,6,72,1669.0,32378.0,14112,19935,0.05154734696398789,0.08372209681464761
aada520afe935da8.jpg,PruneSID,336,336,6,71,3836.0,30015.0,13916,19935,0.12780276528402465,0.1924253824931026
aaddff024d49bfd2.jpg,DRIP,336,336,5,73,3310.0,37653.0,14308,26655,0.08790800201843146,0.12417932845619958
aaddff024d49bfd2.jpg,Fixed,336,336,5,72,3173.0,37594.0,14112,26655,0.0844017662392935,0.11903957981616957
aaddff024d49bfd2.jpg,PruneSID,336,336,5,71,4111.0,36460.0,13916,26655,0.11275370268787713,0.15422997561433127
aaf017d2b9d2e308.jpg,DRIP,336,336,16,72,6222.0,31232.0,14112,23342,0.19921875,0.26655813554965296
aaf017d2b9d2e308.jpg,Fixed,336,336,16,72,2808.0,34646.0,14112,23342,0.08104831726606246,0.12029817496358496
aaf017d2b9d2e308.jpg,PruneSID,336,336,16,71,4700.0,32558.0,13916,23342,0.1443577615332637,0.20135378288064434
ab3391e71df6cae3.jpg,DRIP,336,336,1,72,1806.0,15881.0,14112,3575,0.11372079843838549,0.5051748251748251
ab3391e71df6cae3.jpg,Fixed,336,336,1,72,675.0,17012.0,14112,3575,0.03967787444157066,0.1888111888111888
ab3391e71df6cae3.jpg,PruneSID,336,336,1,71,392.0,17099.0,13916,3575,0.02292531727001579,0.10965034965034966
ab3670d0409c530e.jpg,DRIP,336,336,3,73,84.0,14656.0,14308,432,0.005731441048034935,0.19444444444444445
ab3670d0409c530e.jpg,Fixed,336,336,3,72,84.0,14460.0,14112,432,0.005809128630705394,0.19444444444444445
ab3670d0409c530e.jpg,PruneSID,336,336,3,71,132.0,14216.0,13916,432,0.009285312324141813,0.3055555555555556
ab3a83ad21d5ba04.jpg,DRIP,336,336,0,72,,,14112,0,,
ab3a83ad21d5ba04.jpg,Fixed,336,336,0,72,,,14112,0,,
ab3a83ad21d5ba04.jpg,PruneSID,336,336,0,71,,,13916,0,,
ab9c12b4c9a65443.jpg,DRIP,336,336,10,73,4760.0,25849.0,14308,16301,0.18414638864172694,0.29200662536040733
ab9c12b4c9a65443.jpg,Fixed,336,336,10,72,2442.0,27971.0,14112,16301,0.08730470844803546,0.14980676032145268
ab9c12b4c9a65443.jpg,PruneSID,336,336,10,71,4392.0,25825.0,13916,16301,0.1700677637947725,0.2694313232317036
abb34c6b91164a58.jpg,DRIP,336,336,5,72,3716.0,20479.0,14112,10083,0.18145417256701987,0.36854110879698504
abb34c6b91164a58.jpg,Fixed,336,336,5,72,1658.0,22537.0,14112,10083,0.07356791054710032,0.1644351879400972
abb34c6b91164a58.jpg,PruneSID,336,336,5,71,3101.0,20898.0,13916,10083,0.14838740549334864,0.3075473569374194
abb4f05c1cd83374.jpg,DRIP,336,336,12,72,1585.0,18504.0,14112,5977,0.0856571552096844,0.265183202275389
abb4f05c1cd83374.jpg,Fixed,336,336,12,72,458.0,19631.0,14112,5977,0.023330446742397228,0.07662707043667391
abb4f05c1cd83374.jpg,PruneSID,336,336,12,71,1473.0,18420.0,13916,5977,0.07996742671009772,0.24644470470135518
abc2cd9469f6795b.jpg,DRIP,336,336,5,73,2463.0,17506.0,14308,5661,0.14069461898777563,0.4350821409644939
abc2cd9469f6795b.jpg,Fixed,336,336,5,72,366.0,19407.0,14112,5661,0.01885917452465605,0.06465288818229994
abc2cd9469f6795b.jpg,PruneSID,336,336,5,71,2568.0,17009.0,13916,5661,0.15097889352695631,0.45363010068892423
abd00dfa7d8681b0.jpg,DRIP,336,336,0,72,,,14112,0,,
abd00dfa7d8681b0.jpg,Fixed,336,336,0,72,,,14112,0,,
abd00dfa7d8681b0.jpg,PruneSID,336,336,0,71,,,13916,0,,
abe4d58ef1071f88.jpg,DRIP,336,336,52,72,8392.0,75625.0,14112,69905,0.11096859504132231,0.120048637436521
abe4d58ef1071f88.jpg,Fixed,336,336,52,72,8980.0,75037.0,14112,69905,0.11967429401495262,0.12846005292897503
abe4d58ef1071f88.jpg,PruneSID,336,336,52,71,10427.0,73394.0,13916,69905,0.14206883396462927,0.14915957370717403
abedeb5f780f2a81.jpg,DRIP,336,336,7,73,3969.0,17945.0,14308,7606,0.221175814990248,0.5218248750986063
abedeb5f780f2a81.jpg,Fixed,336,336,7,72,939.0,20779.0,14112,7606,0.04518985514221088,0.12345516697344201
abedeb5f780f2a81.jpg,PruneSID,336,336,7,71,3390.0,18132.0,13916,7606,0.1869622766379881,0.44570076255587693
abf44da933c834da.jpg,DRIP,336,336,0,72,,,14112,0,,
abf44da933c834da.jpg,Fixed,336,336,0,72,,,14112,0,,
abf44da933c834da.jpg,PruneSID,336,336,0,71,,,13916,0,,
abfafbff575e80a5.jpg,DRIP,336,336,3,72,545.0,15886.0,14112,2319,0.03430693692559486,0.23501509271237603
abfafbff575e80a5.jpg,Fixed,336,336,3,72,375.0,16056.0,14112,2319,0.02335575485799701,0.16170763260025872
abfafbff575e80a5.jpg,PruneSID,336,336,3,71,1215.0,15020.0,13916,2319,0.08089214380825566,0.5239327296248383
abff7a10c0e23564.jpg,DRIP,336,336,1,73,378.0,15145.0,14308,1215,0.024958732254869595,0.3111111111111111
abff7a10c0e23564.jpg,Fixed,336,336,1,72,238.0,15089.0,14112,1215,0.01577307972695341,0.19588477366255144
abff7a10c0e23564.jpg,PruneSID,336,336,1,71,532.0,14599.0,13916,1215,0.03644085211315844,0.4378600823045268
ac3196fa33ad7043.jpg,DRIP,336,336,2,73,2590.0,30414.0,14308,18696,0.0851581508515815,0.13853230637569533
ac3196fa33ad7043.jpg,Fixed,336,336,2,72,2604.0,30204.0,14112,18696,0.08621374652363925,0.1392811296534018
ac3196fa33ad7043.jpg,PruneSID,336,336,2,71,1806.0,30806.0,13916,18696,0.058624943192884506,0.0965982028241335
ac49288b13c93c07.jpg,DRIP,336,336,3,73,834.0,21615.0,14308,8141,0.03858431644691187,0.10244441714777054
ac49288b13c93c07.jpg,Fixed,336,336,3,72,762.0,21491.0,14112,8141,0.0354567028058257,0.09360029480407812
ac49288b13c93c07.jpg,PruneSID,336,336,3,71,1558.0,20499.0,13916,8141,0.07600370749792673,0.1913769807148999
ac5cc03ac60750a6.jpg,DRIP,336,336,2,72,1324.0,14977.0,14112,2189,0.08840221673232289,0.6048423937871175
ac5cc03ac60750a6.jpg,Fixed,336,336,2,72,434.0,15867.0,14112,2189,0.027352366546921282,0.19826404751027868
ac5cc03ac60750a6.jpg,PruneSID,336,336,2,71,1568.0,14537.0,13916,2189,0.10786269519158011,0.7163088168113294
ac91a25008355823.jpg,DRIP,336,336,0,72,,,14112,0,,
ac91a25008355823.jpg,Fixed,336,336,0,72,,,14112,0,,
ac91a25008355823.jpg,PruneSID,336,336,0,71,,,13916,0,,
acc2a6c28a356b86.jpg,DRIP,336,336,5,72,3549.0,18836.0,14112,8273,0.1884157995328095,0.4289858576090898
acc2a6c28a356b86.jpg,Fixed,336,336,5,72,1138.0,21247.0,14112,8273,0.05356050265919895,0.13755590475039284
acc2a6c28a356b86.jpg,PruneSID,336,336,5,71,1509.0,20680.0,13916,8273,0.07296905222437138,0.18240058020065272
acd7649af3a05139.jpg,DRIP,336,336,3,72,953.0,24016.0,14112,10857,0.03968187874750167,0.08777747075619416
acd7649af3a05139.jpg,Fixed,336,336,3,72,798.0,24171.0,14112,10857,0.03301476976542137,0.0735009671179884
acd7649af3a05139.jpg,PruneSID,336,336,3,71,1703.0,23070.0,13916,10857,0.07381881231035978,0.15685732707009303
acda8184c4c7f187.jpg,DRIP,336,336,1,72,8750.0,43417.0,14112,38055,0.20153396135154433,0.22993036394691893
acda8184c4c7f187.jpg,Fixed,336,336,1,72,4578.0,47589.0,14112,38055,0.09619870138057114,0.12029956641702799
acda8184c4c7f187.jpg,PruneSID,336,336,1,71,4214.0,47757.0,13916,38055,0.088238373432167,0.11073446327683616
ace9dc023177ac5f.jpg,DRIP,336,336,4,72,1162.0,17458.0,14112,4508,0.06655974338412189,0.2577639751552795
ace9dc023177ac5f.jpg,Fixed,336,336,4,72,434.0,18186.0,14112,4508,0.02386451116243264,0.09627329192546584
ace9dc023177ac5f.jpg,PruneSID,336,336,4,71,1038.0,17386.0,13916,4508,0.05970320947889106,0.2302573203194321
acf3e290378d9ff6.jpg,DRIP,336,336,1,72,1028.0,19216.0,14112,6132,0.05349708576186511,0.16764514024787996
acf3e290378d9ff6.jpg,Fixed,336,336,1,72,588.0,19656.0,14112,6132,0.029914529914529916,0.0958904109589041
acf3e290378d9ff6.jpg,PruneSID,336,336,1,71,2856.0,17192.0,13916,6132,0.16612377850162866,0.4657534246575342
acfa4bdc00bf4b75.jpg,DRIP,336,336,4,72,5245.0,35908.0,14112,27041,0.14606772863985742,0.1939647202396361
acfa4bdc00bf4b75.jpg,Fixed,336,336,4,72,3895.0,37258.0,14112,27041,0.10454130656503301,0.1440405310454495
acfa4bdc00bf4b75.jpg,PruneSID,336,336,4,71,4195.0,36762.0,13916,27041,0.1141123986725423,0.1551347953108243
ad177bea5de173a4.jpg,DRIP,336,336,2,72,11074.0,71447.0,14112,68409,0.15499601102915447,0.16187928488941514
ad177bea5de173a4.jpg,Fixed,336,336,2,72,9175.0,73346.0,14112,68409,0.1250920295585308,0.13411977956116886
ad177bea5de173a4.jpg,PruneSID,336,336,2,71,8770.0,73555.0,13916,68409,0.11923050778329142,0.12819950591296467
ad1caa38f58eafe9.jpg,DRIP,336,336,3,72,0.0,15493.0,14112,1381,0.0,0.0
ad1caa38f58eafe9.jpg,Fixed,336,336,3,72,0.0,15493.0,14112,1381,0.0,0.0
ad1caa38f58eafe9.jpg,PruneSID,336,336,3,71,126.0,15171.0,13916,1381,0.008305319359303936,0.09123823316437364
ad2c56d201d226e4.jpg,DRIP,336,336,1,73,49.0,14636.0,14308,377,0.0033479092648264555,0.129973474801061
ad2c56d201d226e4.jpg,Fixed,336,336,1,72,104.0,14385.0,14112,377,0.007229753215154675,0.27586206896551724
ad2c56d201d226e4.jpg,PruneSID,336,336,1,71,0.0,14293.0,13916,377,0.0,0.0
ad2e785016c2152a.jpg,DRIP,336,336,4,72,3951.0,18600.0,14112,8439,0.2124193548387097,0.4681834340561678
ad2e785016c2152a.jpg,Fixed,336,336,4,72,635.0,21916.0,14112,8439,0.028974265376893595,0.07524588221353241
ad2e785016c2152a.jpg,PruneSID,336,336,4,71,2678.0,19677.0,13916,8439,0.1360979824160187,0.31733617727218866
ad399ac4a7401c3f.jpg,DRIP,336,336,7,73,1116.0,19729.0,14308,6537,0.05656647574636322,0.17072051399724644
ad399ac4a7401c3f.jpg,Fixed,336,336,7,72,246.0,20403.0,14112,6537,0.012057050433759741,0.03763194125745755
ad399ac4a7401c3f.jpg,PruneSID,336,336,7,71,2419.0,18034.0,13916,6537,0.13413552179217034,0.3700474223649992
ad3b473388f62613.jpg,DRIP,336,336,2,72,2901.0,19002.0,14112,7791,0.15266814019576885,0.37235271467077397
ad3b473388f62613.jpg,Fixed,336,336,2,72,900.0,21003.0,14112,7791,0.0428510212826739,0.11551790527531768
ad3b473388f62613.jpg,PruneSID,336,336,2,71,2080.0,19627.0,13916,7791,0.10597646099760534,0.2669747144140675
ad4fe79a5857148a.jpg,DRIP,336,336,1,72,3290.0,16297.0,14112,5475,0.20187764619255077,0.6009132420091324
ad4fe79a5857148a.jpg,Fixed,336,336,1,72,0.0,19587.0,14112,5475,0.0,0.0
ad4fe79a5857148a.jpg,PruneSID,336,336,1,71,1839.0,17552.0,13916,5475,0.10477438468550593,0.3358904109589041
ad5781b6c1545384.jpg,DRIP,336,336,1,72,3794.0,19974.0,14112,9656,0.1899469310103134,0.39291632145816074
ad5781b6c1545384.jpg,Fixed,336,336,1,72,1037.0,22731.0,14112,9656,0.045620518235009455,0.1073943661971831
ad5781b6c1545384.jpg,PruneSID,336,336,1,71,2142.0,21430.0,13916,9656,0.09995333644423705,0.22183098591549297
ad6dd057704d74c8.jpg,DRIP,336,336,5,72,4135.0,18890.0,14112,8913,0.21889888830068818,0.4639290923370358
ad6dd057704d74c8.jpg,Fixed,336,336,5,72,803.0,22222.0,14112,8913,0.03613536135361354,0.09009312240547515
ad6dd057704d74c8.jpg,PruneSID,336,336,5,71,4081.0,18748.0,13916,8913,0.21767655216556434,0.45787052619768875
ad7a69ec83cfc789.jpg,DRIP,336,336,117,73,8608.0,75434.0,14308,69734,0.11411299944322188,0.12344050248085582
ad7a69ec83cfc789.jpg,Fixed,336,336,117,72,8633.0,75213.0,14112,69734,0.11478068950846264,0.12379900765767057
ad7a69ec83cfc789.jpg,PruneSID,336,336,117,71,11774.0,71876.0,13916,69734,0.1638098948188547,0.16884159807267618
adbc9f3013136c20.jpg,DRIP,336,336,2,73,2090.0,21278.0,14308,9060,0.09822351724786164,0.2306843267108168
adbc9f3013136c20.jpg,Fixed,336,336,2,72,1484.0,21688.0,14112,9060,0.0684249354481741,0.16379690949227374
adbc9f3013136c20.jpg,PruneSID,336,336,2,71,2354.0,20622.0,13916,9060,0.1141499369605276,0.25982339955849887
adf07fa720dfe849.jpg,DRIP,336,336,6,73,8398.0,46736.0,14308,40826,0.1796901745977405,0.2057022485670896
adf07fa720dfe849.jpg,Fixed,336,336,6,72,5002.0,49936.0,14112,40826,0.10016821531560398,0.12251996276882379
adf07fa720dfe849.jpg,PruneSID,336,336,6,71,6278.0,48464.0,13916,40826,0.12953945196434466,0.153774555430363
ae39c77955f120f6.jpg,DRIP,336,336,2,72,602.0,16566.0,14112,3056,0.03633949052275746,0.19698952879581152
ae39c77955f120f6.jpg,Fixed,336,336,2,72,0.0,17168.0,14112,3056,0.0,0.0
ae39c77955f120f6.jpg,PruneSID,336,336,2,71,1064.0,15908.0,13916,3056,0.06688458637163691,0.3481675392670157
ae4ea151f72c15ad.jpg,DRIP,336,336,1,72,409.0,14231.0,14112,528,0.028740074485278617,0.7746212121212122
ae4ea151f72c15ad.jpg,Fixed,336,336,1,72,0.0,14640.0,14112,528,0.0,0.0
ae4ea151f72c15ad.jpg,PruneSID,336,336,1,71,328.0,14116.0,13916,528,0.023236044205157267,0.6212121212121212
ae4ec6fb975a1c45.jpg,DRIP,336,336,2,72,4267.0,18659.0,14112,8814,0.22868320917519697,0.4841161788064443
ae4ec6fb975a1c45.jpg,Fixed,336,336,2,72,910.0,22016.0,14112,8814,0.041333575581395346,0.10324483775811209
ae4ec6fb975a1c45.jpg,PruneSID,336,336,2,71,4552.0,18178.0,13916,8814,0.25041258664319505,0.516451100521897
ae5292d160537db2.jpg,DRIP,336,336,13,72,2111.0,18335.0,14112,6334,0.11513498772838833,0.3332807072939691
ae5292d160537db2.jpg,Fixed,336,336,13,72,508.0,19938.0,14112,6334,0.025478984853044437,0.08020208399115883
ae5292d160537db2.jpg,PruneSID,336,336,13,71,2861.0,17389.0,13916,6334,0.16452930013226752,0.4516892958635933
ae71e1a90ac00703.jpg,DRIP,336,336,1,72,2022.0,14385.0,14112,2295,0.140563086548488,0.8810457516339869
ae71e1a90ac00703.jpg,Fixed,336,336,1,72,714.0,15693.0,14112,2295,0.045497992735614605,0.3111111111111111
ae71e1a90ac00703.jpg,PruneSID,336,336,1,71,916.0,15295.0,13916,2295,0.0598888525661981,0.3991285403050109
aea7fa8d423390e1.jpg,DRIP,336,336,3,72,1518.0,17478.0,14112,4884,0.08685204256779952,0.3108108108108108
aea7fa8d423390e1.jpg,Fixed,336,336,3,72,84.0,18912.0,14112,4884,0.004441624365482234,0.0171990171990172
aea7fa8d423390e1.jpg,PruneSID,336,336,3,71,1900.0,16900.0,13916,4884,0.11242603550295859,0.389025389025389
aea9ee32aa90d9bd.jpg,DRIP,336,336,7,72,1316.0,19839.0,14112,7043,0.06633398860829678,0.18685219366747124
aea9ee32aa90d9bd.jpg,Fixed,336,336,7,72,743.0,20412.0,14112,7043,0.03640015677052714,0.10549481754933977
aea9ee32aa90d9bd.jpg,PruneSID,336,336,7,71,1631.0,19328.0,13916,7043,0.08438534768211921,0.23157745279000427
aead40683525340f.jpg,DRIP,336,336,3,73,6643.0,63198.0,14308,55533,0.10511408588879395,0.11962256676210542
aead40683525340f.jpg,Fixed,336,336,3,72,7077.0,62568.0,14112,55533,0.11310893747602609,0.12743773972232728
aead40683525340f.jpg,PruneSID,336,336,3,71,9629.0,59820.0,13916,55533,0.1609662320294216,0.17339239731330922
aec66d724f5a24a0.jpg,DRIP,336,336,7,72,771.0,19618.0,14112,6277,0.039300642267305536,0.12282937709096703
aec66d724f5a24a0.jpg,Fixed,336,336,7,72,847.0,19542.0,14112,6277,0.043342544263637296,0.13493707184960968
aec66d724f5a24a0.jpg,PruneSID,336,336,7,71,1565.0,18628.0,13916,6277,0.08401331329181877,0.24932292496415484
aee9e570aedffd19.jpg,DRIP,336,336,0,72,,,14112,0,,
aee9e570aedffd19.jpg,Fixed,336,336,0,72,,,14112,0,,
aee9e570aedffd19.jpg,PruneSID,336,336,0,71,,,13916,0,,
af081acf3f6798ea.jpg,DRIP,336,336,1,73,916.0,14436.0,14308,1044,0.06345247991133278,0.8773946360153256
af081acf3f6798ea.jpg,Fixed,336,336,1,72,0.0,15156.0,14112,1044,0.0,0.0
af081acf3f6798ea.jpg,PruneSID,336,336,1,71,280.0,14680.0,13916,1044,0.01907356948228883,0.2681992337164751
af0ce62e7c65ef9e.jpg,DRIP,336,336,16,73,7099.0,25622.0,14308,18413,0.27706658340488644,0.38554282300548526
af0ce62e7c65ef9e.jpg,Fixed,336,336,16,72,2731.0,29794.0,14112,18413,0.09166275088944083,0.14831912235920275
af0ce62e7c65ef9e.jpg,PruneSID,336,336,16,71,3823.0,28506.0,13916,18413,0.13411211674735143,0.20762504752077338
af1a0c51c806719c.jpg,DRIP,336,336,0,72,,,14112,0,,
af1a0c51c806719c.jpg,Fixed,336,336,0,72,,,14112,0,,
af1a0c51c806719c.jpg,PruneSID,336,336,0,71,,,13916,0,,
af211446c229675e.jpg,DRIP,336,336,3,72,5233.0,16675.0,14112,7796,0.3138230884557721,0.6712416623909697
af211446c229675e.jpg,Fixed,336,336,3,72,564.0,21344.0,14112,7796,0.026424287856071964,0.07234479220112879
af211446c229675e.jpg,PruneSID,336,336,3,71,1991.0,19721.0,13916,7796,0.10095836925105217,0.25538737814263723
af67237a4a504a29.jpg,DRIP,336,336,1,72,560.0,15889.0,14112,2337,0.03524450877965889,0.2396234488660676
af67237a4a504a29.jpg,Fixed,336,336,1,72,32.0,16417.0,14112,2337,0.001949199001035512,0.013692768506632435
af67237a4a504a29.jpg,PruneSID,336,336,1,71,448.0,15805.0,13916,2337,0.02834546029737425,0.19169875909285408
af7aaac7abe0a4af.jpg,DRIP,336,336,1,72,,,14112,0,,
af7aaac7abe0a4af.jpg,Fixed,336,336,1,72,,,14112,0,,
af7aaac7abe0a4af.jpg,PruneSID,336,336,1,71,,,13916,0,,
af7be6b69ba0510b.jpg,DRIP,336,336,0,72,,,14112,0,,
af7be6b69ba0510b.jpg,Fixed,336,336,0,72,,,14112,0,,
af7be6b69ba0510b.jpg,PruneSID,336,336,0,71,,,13916,0,,
af898ab71febb6ee.jpg,DRIP,336,336,10,73,8322.0,42777.0,14308,36791,0.19454379690020338,0.2261966241743905
af898ab71febb6ee.jpg,Fixed,336,336,10,72,3812.0,47091.0,14112,36791,0.08094965067635004,0.10361229648555353
af898ab71febb6ee.jpg,PruneSID,336,336,10,71,3964.0,46743.0,13916,36791,0.08480414179663265,0.10774374167595335
afb0de7efbb6f177.jpg,DRIP,336,336,2,73,3374.0,19043.0,14308,8109,0.17717796565667174,0.4160808977679122
afb0de7efbb6f177.jpg,Fixed,336,336,2,72,2417.0,19804.0,14112,8109,0.12204605130276712,0.29806387963990627
afb0de7efbb6f177.jpg,PruneSID,336,336,2,71,3592.0,18433.0,13916,8109,0.19486789996202464,0.4429646072265384
afb4bdaab3ea89e7.jpg,DRIP,336,336,11,72,1874.0,22590.0,14112,10352,0.08295706064630368,0.18102782071097373
afb4bdaab3ea89e7.jpg,Fixed,336,336,11,72,1270.0,23194.0,14112,10352,0.054755540225920496,0.12268160741885625
afb4bdaab3ea89e7.jpg,PruneSID,336,336,11,71,3048.0,21220.0,13916,10352,0.14363807728557965,0.294435857805255
afb834316305ec9a.jpg,DRIP,336,336,10,73,8869.0,33087.0,14308,27648,0.2680508961223441,0.32078269675925924
afb834316305ec9a.jpg,Fixed,336,336,10,72,3341.0,38419.0,14112,27648,0.08696218017126943,0.12084056712962964
afb834316305ec9a.jpg,PruneSID,336,336,10,71,4614.0,36950.0,13916,27648,0.12487144790257104,0.16688368055555555
afc9c49c9871e24e.jpg,DRIP,336,336,2,73,2086.0,21382.0,14308,9160,0.09755869422879057,0.2277292576419214
afc9c49c9871e24e.jpg,Fixed,336,336,2,72,1526.0,21746.0,14112,9160,0.07017382507127748,0.1665938864628821
afc9c49c9871e24e.jpg,PruneSID,336,336,2,71,1708.0,21368.0,13916,9160,0.07993260950954699,0.18646288209606987
afd0c5a6d3ef244d.jpg,DRIP,336,336,5,72,3020.0,21919.0,14112,10827,0.13778000821205347,0.27893229888242355
afd0c5a6d3ef244d.jpg,Fixed,336,336,5,72,756.0,24183.0,14112,10827,0.03126163007071083,0.06982543640897755
afd0c5a6d3ef244d.jpg,PruneSID,336,336,5,71,1662.0,23081.0,13916,10827,0.07200727871409385,0.15350512607370462
afe006b794efb2fa.jpg,DRIP,336,336,20,72,5400.0,33315.0,14112,24603,0.16208914903196758,0.21948542860626752
afe006b794efb2fa.jpg,Fixed,336,336,20,72,2757.0,35958.0,14112,24603,0.07667278491573502,0.11205950493842215
afe006b794efb2fa.jpg,PruneSID,336,336,20,71,5951.0,32568.0,13916,24603,0.18272537460083518,0.2418810714140552
aff3af3f9bb39f12.jpg,DRIP,336,336,6,72,2400.0,27242.0,14112,15530,0.08809925849790765,0.15453960077269802
aff3af3f9bb39f12.jpg,Fixed,336,336,6,72,1516.0,28126.0,14112,15530,0.05390030576690607,0.09761751448808757
aff3af3f9bb39f12.jpg,PruneSID,336,336,6,71,3885.0,25561.0,13916,15530,0.15198935878877978,0.2501609787508049
aff45eb75b9e7a6a.jpg,DRIP,336,336,11,72,6054.0,29001.0,14112,20943,0.20875142236474603,0.2890703337630712
aff45eb75b9e7a6a.jpg,Fixed,336,336,11,72,2227.0,32828.0,14112,20943,0.06783843060801754,0.10633624600105047
aff45eb75b9e7a6a.jpg,PruneSID,336,336,11,71,5367.0,29492.0,13916,20943,0.18198155431981555,0.2562670104569546
b00e419be374801c.jpg,DRIP,336,336,10,73,3538.0,20025.0,14308,9255,0.17667915106117354,0.382279848730416
b00e419be374801c.jpg,Fixed,336,336,10,72,1176.0,22191.0,14112,9255,0.0529944572123834,0.12706645056726093
b00e419be374801c.jpg,PruneSID,336,336,10,71,2454.0,20717.0,13916,9255,0.11845344403147173,0.2651539708265802
b018190417857436.jpg,DRIP,336,336,0,73,,,14308,0,,
b018190417857436.jpg,Fixed,336,336,0,72,,,14112,0,,
b018190417857436.jpg,PruneSID,336,336,0,71,,,13916,0,,
b04abbdd2149d763.jpg,DRIP,336,336,1,73,392.0,15511.0,14308,1595,0.02527238733801818,0.2457680250783699
b04abbdd2149d763.jpg,Fixed,336,336,1,72,0.0,15707.0,14112,1595,0.0,0.0
b04abbdd2149d763.jpg,PruneSID,336,336,1,71,210.0,15301.0,13916,1595,0.0137245931638455,0.13166144200626959
b04c2070f2fa6bad.jpg,DRIP,336,336,11,73,3871.0,23626.0,14308,13189,0.16384491661728603,0.29350216089165215
b04c2070f2fa6bad.jpg,Fixed,336,336,11,72,1686.0,25615.0,14112,13189,0.06582080812024205,0.12783380089468496
b04c2070f2fa6bad.jpg,PruneSID,336,336,11,71,3812.0,23293.0,13916,13189,0.1636543167475207,0.2890287360679354
b0515e708cf42046.jpg,DRIP,336,336,7,72,3296.0,22299.0,14112,11483,0.1478093188035338,0.28703300531220066
b0515e708cf42046.jpg,Fixed,336,336,7,72,1717.0,23878.0,14112,11483,0.07190719490744618,0.14952538535225987
b0515e708cf42046.jpg,PruneSID,336,336,7,71,4072.0,21327.0,13916,11483,0.1909316828433441,0.35461116432987894
b058a294238c5e08.jpg,DRIP,336,336,4,73,6131.0,23385.0,14308,15208,0.262176608937353,0.40314308258811155
b058a294238c5e08.jpg,Fixed,336,336,4,72,2296.0,27024.0,14112,15208,0.08496151568975725,0.1509731720147291
b058a294238c5e08.jpg,PruneSID,336,336,4,71,1942.0,27182.0,13916,15208,0.07144433816496211,0.12769594950026303
b083d82acee71f2d.jpg,DRIP,336,336,1,73,1320.0,16057.0,14308,3069,0.08220713707417326,0.43010752688172044
b083d82acee71f2d.jpg,Fixed,336,336,1,72,462.0,16719.0,14112,3069,0.027633231652610803,0.15053763440860216
b083d82acee71f2d.jpg,PruneSID,336,336,1,71,1389.0,15596.0,13916,3069,0.08906129776865863,0.4525904203323558
b089ad2e20483e08.jpg,DRIP,336,336,0,72,,,14112,0,,
b089ad2e20483e08.jpg,Fixed,336,336,0,72,,,14112,0,,
b089ad2e20483e08.jpg,PruneSID,336,336,0,71,,,13916,0,,
b09dd0e7fad13f08.jpg,DRIP,336,336,0,72,,,14112,0,,
b09dd0e7fad13f08.jpg,Fixed,336,336,0,72,,,14112,0,,
b09dd0e7fad13f08.jpg,PruneSID,336,336,0,71,,,13916,0,,
b0a81a66a0d63dfb.jpg,DRIP,336,336,4,73,,,14308,0,,
b0a81a66a0d63dfb.jpg,Fixed,336,336,4,72,,,14112,0,,
b0a81a66a0d63dfb.jpg,PruneSID,336,336,4,71,,,13916,0,,
b0b6386ea1ebbfef.jpg,DRIP,336,336,17,73,9551.0,62144.0,14308,57387,0.15369142636457261,0.16643142175057068
b0b6386ea1ebbfef.jpg,Fixed,336,336,17,72,7386.0,64113.0,14112,57387,0.11520284497683778,0.12870510742851168
b0b6386ea1ebbfef.jpg,PruneSID,336,336,17,71,7839.0,63464.0,13916,57387,0.1235188453296357,0.13659888127973235
b0dfddaeebd5d64d.jpg,DRIP,336,336,6,73,7126.0,39613.0,14308,32431,0.1798904400070684,0.21972803798834448
b0dfddaeebd5d64d.jpg,Fixed,336,336,6,72,3959.0,42584.0,14112,32431,0.0929691903062183,0.12207455829299127
b0dfddaeebd5d64d.jpg,PruneSID,336,336,6,71,4923.0,41424.0,13916,32431,0.1188441483198146,0.15179920446486386
b10370e5b29e423f.jpg,DRIP,336,336,0,72,,,14112,0,,
b10370e5b29e423f.jpg,Fixed,336,336,0,72,,,14112,0,,
b10370e5b29e423f.jpg,PruneSID,336,336,0,71,,,13916,0,,
b11676d5dfd9c6a0.jpg,DRIP,336,336,0,73,,,14308,0,,
b11676d5dfd9c6a0.jpg,Fixed,336,336,0,72,,,14112,0,,
b11676d5dfd9c6a0.jpg,PruneSID,336,336,0,71,,,13916,0,,
b1180f01df324535.jpg,DRIP,336,336,25,72,8850.0,35765.0,14112,30503,0.24744862295540332,0.2901353965183752
b1180f01df324535.jpg,Fixed,336,336,25,72,3379.0,41236.0,14112,30503,0.08194296245998642,0.11077598924695932
b1180f01df324535.jpg,PruneSID,336,336,25,71,6813.0,37606.0,13916,30503,0.18116789873956285,0.22335507982821362
b11e8b1bde9bca77.jpg,DRIP,336,336,2,73,320.0,15329.0,14308,1341,0.020875464805271055,0.23862788963460105
b11e8b1bde9bca77.jpg,Fixed,336,336,2,72,24.0,15429.0,14112,1341,0.0015555123468792534,0.017897091722595078
b11e8b1bde9bca77.jpg,PruneSID,336,336,2,71,628.0,14629.0,13916,1341,0.04292842983115729,0.46830723340790453
b13cc5f7ef2110be.jpg,DRIP,336,336,17,73,2498.0,24320.0,14308,12510,0.10271381578947368,0.19968025579536372
b13cc5f7ef2110be.jpg,Fixed,336,336,17,72,1516.0,25106.0,14112,12510,0.060383971958894285,0.12118305355715428
b13cc5f7ef2110be.jpg,PruneSID,336,336,17,71,3577.0,22849.0,13916,12510,0.15654952076677317,0.2859312549960032
b14093fe05f0f3fa.jpg,DRIP,336,336,1,72,2240.0,16093.0,14112,4221,0.13919095258808178,0.5306799336650083
b14093fe05f0f3fa.jpg,Fixed,336,336,1,72,899.0,17434.0,14112,4221,0.05156590570150281,0.21298270552001897
b14093fe05f0f3fa.jpg,PruneSID,336,336,1,71,941.0,17196.0,13916,4221,0.05472202837869272,0.22293295427623785
b15515a1cddcfbba.jpg,DRIP,336,336,5,72,1337.0,15725.0,14112,2950,0.08502384737678856,0.45322033898305086
b15515a1cddcfbba.jpg,Fixed,336,336,5,72,374.0,16688.0,14112,2950,0.022411313518696067,0.12677966101694915
b15515a1cddcfbba.jpg,PruneSID,336,336,5,71,1188.0,15678.0,13916,2950,0.07577497129735936,0.40271186440677964
b17045cd21c713c0.jpg,DRIP,336,336,12,73,5913.0,29015.0,14308,20620,0.20379114251249353,0.2867604267701261
b17045cd21c713c0.jpg,Fixed,336,336,12,72,2274.0,32458.0,14112,20620,0.0700597695483394,0.11028128031037827
b17045cd21c713c0.jpg,PruneSID,336,336,12,71,5216.0,29320.0,13916,20620,0.17789904502046386,0.2529582929194956
b193fee48f0b0314.jpg,DRIP,336,336,9,72,5731.0,35576.0,14112,27195,0.16109174724533393,0.21073726788012503
b193fee48f0b0314.jpg,Fixed,336,336,9,72,4206.0,37101.0,14112,27195,0.11336621654402847,0.1546607832322118
b193fee48f0b0314.jpg,PruneSID,336,336,9,71,7604.0,33507.0,13916,27195,0.22693765481839615,0.27961022246736533
b194c1d4d687fd6e.jpg,DRIP,336,336,16,72,5330.0,38939.0,14112,30157,0.13688076221782788,0.17674171834068375
b194c1d4d687fd6e.jpg,Fixed,336,336,16,72,4378.0,39891.0,14112,30157,0.10974906620540974,0.1451735915376198
b194c1d4d687fd6e.jpg,PruneSID,336,336,16,71,4483.0,39590.0,13916,30157,0.11323566557211417,0.1486553702291342
b1a23041365708ed.jpg,DRIP,336,336,0,72,,,14112,0,,
b1a23041365708ed.jpg,Fixed,336,336,0,72,,,14112,0,,
b1a23041365708ed.jpg,PruneSID,336,336,0,71,,,13916,0,,
b1c20a83bb4646b2.jpg,DRIP,336,336,3,72,1922.0,18442.0,14112,6252,0.10421863138488234,0.3074216250799744
b1c20a83bb4646b2.jpg,Fixed,336,336,3,72,1219.0,19145.0,14112,6252,0.06367197701749804,0.19497760716570697
b1c20a83bb4646b2.jpg,PruneSID,336,336,3,71,1986.0,18182.0,13916,6252,0.10922890771092289,0.31765834932821496
b20db61b8a4b0e88.jpg,DRIP,336,336,3,72,1204.0,15186.0,14112,2278,0.07928355063874622,0.5285338015803336
b20db61b8a4b0e88.jpg,Fixed,336,336,3,72,150.0,16240.0,14112,2278,0.009236453201970444,0.06584723441615452
b20db61b8a4b0e88.jpg,PruneSID,336,336,3,71,1110.0,15084.0,13916,2278,0.073587907716786,0.4872695346795435
b246086b7454248c.jpg,DRIP,336,336,2,72,5662.0,24714.0,14112,16264,0.22910091446143885,0.34813084112149534
b246086b7454248c.jpg,Fixed,336,336,2,72,2582.0,27794.0,14112,16264,0.09289774771533424,0.1587555336940482
b246086b7454248c.jpg,PruneSID,336,336,2,71,3016.0,27164.0,13916,16264,0.11102930348991312,0.1854402361042794
b24c7024a6d15d66.jpg,DRIP,336,336,7,72,4669.0,29370.0,14112,19927,0.15897173987061627,0.23430521403121393
b24c7024a6d15d66.jpg,Fixed,336,336,7,72,2008.0,32031.0,14112,19927,0.0626892697699104,0.10076780247904853
b24c7024a6d15d66.jpg,PruneSID,336,336,7,71,3298.0,30545.0,13916,19927,0.10797184481911933,0.16550408992823806
b25c12646ad0fa83.jpg,DRIP,336,336,4,73,1349.0,17497.0,14308,4538,0.07709893124535634,0.2972675187307184
b25c12646ad0fa83.jpg,Fixed,336,336,4,72,616.0,18034.0,14112,4538,0.03415770211822114,0.13574261789334507
b25c12646ad0fa83.jpg,PruneSID,336,336,4,71,2258.0,16196.0,13916,4538,0.13941714003457645,0.49757602468047596
b25efd82bcaf3be5.jpg,DRIP,336,336,32,72,6360.0,44157.0,14112,36405,0.14403152388069843,0.17470127729707458
b25efd82bcaf3be5.jpg,Fixed,336,336,32,72,3869.0,46648.0,14112,36405,0.08294031898473675,0.10627661035572036
b25efd82bcaf3be5.jpg,PruneSID,336,336,32,71,9055.0,41266.0,13916,36405,0.21943003925750013,0.24872957011399532
b270c8b23d03eaab.jpg,DRIP,336,336,10,72,840.0,17303.0,14112,4031,0.04854649482748656,0.20838501612503102
b270c8b23d03eaab.jpg,Fixed,336,336,10,72,707.0,17436.0,14112,4031,0.04054829089240652,0.17539072190523444
b270c8b23d03eaab.jpg,PruneSID,336,336,10,71,1423.0,16524.0,13916,4031,0.08611716291454853,0.3530141404118085
b2a6d5f9b68f7761.jpg,DRIP,336,336,3,72,725.0,16978.0,14112,3591,0.04270232065025327,0.20189362294625451
b2a6d5f9b68f7761.jpg,Fixed,336,336,3,72,697.0,17006.0,14112,3591,0.040985534517229215,0.19409635199108882
b2a6d5f9b68f7761.jpg,PruneSID,336,336,3,71,717.0,16790.0,13916,3591,0.04270399047051816,0.1996658312447786
b2ae0f96dfbea5d8.jpg,DRIP,336,336,10,72,115.0,19060.0,14112,5063,0.006033578174186778,0.022713806043847522
b2ae0f96dfbea5d8.jpg,Fixed,336,336,10,72,762.0,18413.0,14112,5063,0.04138380492043665,0.1505036539601027
b2ae0f96dfbea5d8.jpg,PruneSID,336,336,10,71,1485.0,17494.0,13916,5063,0.0848862467131588,0.29330436500098755
b2b3302d4fb4ecf4.jpg,DRIP,336,336,0,72,,,14112,0,,
b2b3302d4fb4ecf4.jpg,Fixed,336,336,0,72,,,14112,0,,
b2b3302d4fb4ecf4.jpg,PruneSID,336,336,0,71,,,13916,0,,
b2d87d7d13d1bb95.jpg,DRIP,336,336,8,73,4869.0,23144.0,14308,13705,0.21037849982716902,0.35527179861364466
b2d87d7d13d1bb95.jpg,Fixed,336,336,8,72,1890.0,25927.0,14112,13705,0.07289697998225787,0.13790587376869756
b2d87d7d13d1bb95.jpg,PruneSID,336,336,8,71,4883.0,22738.0,13916,13705,0.21475063769900607,0.35629332360452387
b2f05154506f573f.jpg,DRIP,336,336,0,73,,,14308,0,,
b2f05154506f573f.jpg,Fixed,336,336,0,72,,,14112,0,,
b2f05154506f573f.jpg,PruneSID,336,336,0,71,,,13916,0,,
b34be2e8d59288be.jpg,DRIP,336,336,3,73,5980.0,28065.0,14308,19737,0.21307678603242472,0.30298424279272435
b34be2e8d59288be.jpg,Fixed,336,336,3,72,2906.0,30943.0,14112,19737,0.09391461719936657,0.14723615544408977
b34be2e8d59288be.jpg,PruneSID,336,336,3,71,4752.0,28901.0,13916,19737,0.1644233763537594,0.24076607387140903
b35885b1e21bff2a.jpg,DRIP,336,336,2,72,2747.0,24213.0,14112,12848,0.11345145169950027,0.21380759651307596
b35885b1e21bff2a.jpg,Fixed,336,336,2,72,1988.0,24972.0,14112,12848,0.07960916226173315,0.15473225404732255
b35885b1e21bff2a.jpg,PruneSID,336,336,2,71,2660.0,24104.0,13916,12848,0.11035512777962164,0.20703611457036114
b395175f315bdddb.jpg,DRIP,336,336,124,72,5998.0,60946.0,14112,52832,0.09841499031929905,0.11352967898243489
b395175f315bdddb.jpg,Fixed,336,336,124,72,6674.0,60270.0,14112,52832,0.11073502571760412,0.12632495457298606
b395175f315bdddb.jpg,PruneSID,336,336,124,71,10097.0,56651.0,13916,52832,0.1782316287444176,0.19111523319200485
b39d378c785d2af6.jpg,DRIP,336,336,10,72,2659.0,33195.0,14112,21742,0.08010242506401566,0.12229785668291786
b39d378c785d2af6.jpg,Fixed,336,336,10,72,2488.0,33366.0,14112,21742,0.07456692441407421,0.11443289485787876
b39d378c785d2af6.jpg,PruneSID,336,336,10,71,3385.0,32273.0,13916,21742,0.10488643757940073,0.15568944899273296
b3c37fa242e67920.jpg,DRIP,336,336,5,73,2403.0,17589.0,14308,5684,0.1366194780828927,0.42276565798733284
b3c37fa242e67920.jpg,Fixed,336,336,5,72,888.0,18908.0,14112,5684,0.046964247937381,0.1562280084447572
b3c37fa242e67920.jpg,PruneSID,336,336,5,71,1688.0,17912.0,13916,5684,0.09423849933005807,0.29697396199859255
b3d36514d305b380.jpg,DRIP,336,336,2,73,7778.0,36729.0,14308,30199,0.21176726837104196,0.257558197291301
b3d36514d305b380.jpg,Fixed,336,336,2,72,4112.0,40199.0,14112,30199,0.10229110176870071,0.1361634491208318
b3d36514d305b380.jpg,PruneSID,336,336,2,71,4580.0,39535.0,13916,30199,0.11584671809788795,0.15166065101493426
b3def51bbc6c1af8.jpg,DRIP,336,336,16,72,6047.0,25267.0,14112,17202,0.23932401947203863,0.3515288919893036
b3def51bbc6c1af8.jpg,Fixed,336,336,16,72,1506.0,29808.0,14112,17202,0.05052334943639292,0.08754795953958842
b3def51bbc6c1af8.jpg,PruneSID,336,336,16,71,4929.0,26189.0,13916,17202,0.188208789949979,0.2865364492500872
b3eaf5d8d754100d.jpg,DRIP,336,336,3,72,1062.0,15454.0,14112,2404,0.06872007247314611,0.4417637271214642
b3eaf5d8d754100d.jpg,Fixed,336,336,3,72,0.0,16516.0,14112,2404,0.0,0.0
b3eaf5d8d754100d.jpg,PruneSID,336,336,3,71,1106.0,15214.0,13916,2404,0.07269620086762192,0.4600665557404326
b3fb37c73531b1ef.jpg,DRIP,336,336,7,73,3495.0,20697.0,14308,9884,0.16886505290621828,0.353601780655605
b3fb37c73531b1ef.jpg,Fixed,336,336,7,72,897.0,23099.0,14112,9884,0.03883284990692238,0.09075273168757587
b3fb37c73531b1ef.jpg,PruneSID,336,336,7,71,1788.0,22012.0,13916,9884,0.08122842086134835,0.18089842169162282
b45d4503c9cf3733.jpg,DRIP,336,336,2,72,527.0,15214.0,14112,1629,0.034639148153016955,0.32351135666052794
b45d4503c9cf3733.jpg,Fixed,336,336,2,72,402.0,15339.0,14112,1629,0.026207705847838842,0.24677716390423574
b45d4503c9cf3733.jpg,PruneSID,336,336,2,71,948.0,14597.0,13916,1629,0.06494485168185243,0.58195211786372
b45fef2565bc76e4.jpg,DRIP,336,336,3,72,3396.0,20502.0,14112,9786,0.1656423763535265,0.34702636419374616
b45fef2565bc76e4.jpg,Fixed,336,336,3,72,1414.0,22484.0,14112,9786,0.06288916562889166,0.14449213161659513
b45fef2565bc76e4.jpg,PruneSID,336,336,3,71,3505.0,20197.0,13916,9786,0.17354062484527405,0.3581647251175148
b491759eb0197da6.jpg,DRIP,336,336,36,72,6542.0,59922.0,14112,52352,0.10917526117285804,0.12496179706601467
b491759eb0197da6.jpg,Fixed,336,336,36,72,6916.0,59548.0,14112,52352,0.11614160005373816,0.1321057457212714
b491759eb0197da6.jpg,PruneSID,336,336,36,71,7996.0,58272.0,13916,52352,0.13721856123009335,0.15273533007334963
b4e240aa5f1d1488.jpg,DRIP,336,336,0,72,,,14112,0,,
b4e240aa5f1d1488.jpg,Fixed,336,336,0,72,,,14112,0,,
b4e240aa5f1d1488.jpg,PruneSID,336,336,0,71,,,13916,0,,
b4f068422f930d2b.jpg,DRIP,336,336,1,72,3790.0,16821.0,14112,6499,0.22531359610011295,0.5831666410216957
b4f068422f930d2b.jpg,Fixed,336,336,1,72,1335.0,19276.0,14112,6499,0.06925710728366881,0.2054162178796738
b4f068422f930d2b.jpg,PruneSID,336,336,1,71,1708.0,18707.0,13916,6499,0.0913027209066125,0.2628096630250808
b50496a372ba924c.jpg,DRIP,336,336,0,72,,,14112,0,,
b50496a372ba924c.jpg,Fixed,336,336,0,72,,,14112,0,,
b50496a372ba924c.jpg,PruneSID,336,336,0,71,,,13916,0,,
b50e4aa3bed32c99.jpg,DRIP,336,336,1,72,0.0,15867.0,14112,1755,0.0,0.0
b50e4aa3bed32c99.jpg,Fixed,336,336,1,72,360.0,15507.0,14112,1755,0.023215322112594312,0.20512820512820512
b50e4aa3bed32c99.jpg,PruneSID,336,336,1,71,322.0,15349.0,13916,1755,0.02097856537885204,0.18347578347578347
b513db9e5610a9cc.jpg,DRIP,336,336,9,73,2813.0,16880.0,14308,5385,0.16664691943127963,0.522376973073352
b513db9e5610a9cc.jpg,Fixed,336,336,9,72,1028.0,18469.0,14112,5385,0.0556608370783475,0.19090064995357475
b513db9e5610a9cc.jpg,PruneSID,336,336,9,71,2779.0,16522.0,13916,5385,0.16819997578985596,0.5160631383472609
b530c3f7b3f92e70.jpg,DRIP,336,336,3,73,3920.0,18698.0,14308,8310,0.2096480907048882,0.4717208182912154
b530c3f7b3f92e70.jpg,Fixed,336,336,3,72,1036.0,21386.0,14112,8310,0.04844290657439446,0.1246690734055355
b530c3f7b3f92e70.jpg,PruneSID,336,336,3,71,3227.0,18999.0,13916,8310,0.16985104479183116,0.38832731648616126
b56256c27908d1f7.jpg,DRIP,336,336,5,72,1270.0,16806.0,14112,3964,0.07556824943472569,0.3203834510595358
b56256c27908d1f7.jpg,Fixed,336,336,5,72,993.0,17083.0,14112,3964,0.058127963472458,0.25050454086781027
b56256c27908d1f7.jpg,PruneSID,336,336,5,71,1374.0,16506.0,13916,3964,0.08324245728825881,0.346619576185671
b5872f9e752efd8c.jpg,DRIP,336,336,1,72,514.0,15002.0,14112,1404,0.03426209838688175,0.3660968660968661
b5872f9e752efd8c.jpg,Fixed,336,336,1,72,0.0,15516.0,14112,1404,0.0,0.0
b5872f9e752efd8c.jpg,PruneSID,336,336,1,71,140.0,15180.0,13916,1404,0.00922266139657444,0.09971509971509972
b5ab94f7b2f92fce.jpg,DRIP,336,336,6,73,7319.0,34378.0,14308,27389,0.21289778346617022,0.26722406805651905
b5ab94f7b2f92fce.jpg,Fixed,336,336,6,72,3194.0,38307.0,14112,27389,0.08337901688986347,0.11661615977217131
b5ab94f7b2f92fce.jpg,PruneSID,336,336,6,71,4563.0,36742.0,13916,27389,0.1241902999292363,0.1665997298185403
b5ba1f34c0b7b14a.jpg,DRIP,336,336,18,72,3564.0,27742.0,14112,17194,0.12846946867565423,0.207281609863906
b5ba1f34c0b7b14a.jpg,Fixed,336,336,18,72,1966.0,29340.0,14112,17194,0.06700749829584185,0.1143422123996743
b5ba1f34c0b7b14a.jpg,PruneSID,336,336,18,71,4786.0,26324.0,13916,17194,0.18181127488223675,0.278352913807142
b5c2c50202792f10.jpg,DRIP,336,336,6,73,6538.0,63348.0,14308,55578,0.10320767822188545,0.11763647486415488
b5c2c50202792f10.jpg,Fixed,336,336,6,72,7322.0,62368.0,14112,55578,0.11739994869163674,0.13174277591852893
b5c2c50202792f10.jpg,PruneSID,336,336,6,71,7322.0,62172.0,13916,55578,0.11777005726050312,0.13174277591852893
b5eb5c9107d2587f.jpg,DRIP,336,336,1,73,1155.0,15106.0,14308,1953,0.07645968489341984,0.5913978494623656
b5eb5c9107d2587f.jpg,Fixed,336,336,1,72,310.0,15755.0,14112,1953,0.019676293240241192,0.15873015873015872
b5eb5c9107d2587f.jpg,PruneSID,336,336,1,71,1078.0,14791.0,13916,1953,0.07288215806909608,0.5519713261648745
b608394619d226e9.jpg,DRIP,336,336,4,73,4066.0,16968.0,14308,6726,0.23962753418198962,0.6045197740112994
b608394619d226e9.jpg,Fixed,336,336,4,72,1288.0,19550.0,14112,6726,0.06588235294117648,0.19149568837347605
b608394619d226e9.jpg,PruneSID,336,336,4,71,2204.0,18438.0,13916,6726,0.11953574140362296,0.327683615819209
b60dc6dee9c060de.jpg,DRIP,336,336,14,72,3821.0,36688.0,14112,26397,0.10414849542084606,0.14475129749592758
b60dc6dee9c060de.jpg,Fixed,336,336,14,72,3387.0,37122.0,14112,26397,0.09123969613706158,0.1283100352312763
b60dc6dee9c060de.jpg,PruneSID,336,336,14,71,5105.0,35208.0,13916,26397,0.14499545557827767,0.19339318861991894
b6240f299ec33dea.jpg,DRIP,336,336,2,72,508.0,17645.0,14112,4041,0.028790025502975346,0.1257114575600099
b6240f299ec33dea.jpg,Fixed,336,336,2,72,605.0,17548.0,14112,4041,0.03447686346022339,0.14971541697599605
b6240f299ec33dea.jpg,PruneSID,336,336,2,71,1400.0,16557.0,13916,4041,0.08455638098689376,0.34644889878742885
b664d69f4baa2f2c.jpg,DRIP,336,336,6,72,712.0,17208.0,14112,3808,0.04137610413761041,0.1869747899159664
b664d69f4baa2f2c.jpg,Fixed,336,336,6,72,255.0,17665.0,14112,3808,0.014435324087178035,0.06696428571428571
b664d69f4baa2f2c.jpg,PruneSID,336,336,6,71,1538.0,16186.0,13916,3808,0.09502038798962066,0.40388655462184875
b6829d71b31aa1e0.jpg,DRIP,336,336,0,72,,,14112,0,,
b6829d71b31aa1e0.jpg,Fixed,336,336,0,72,,,14112,0,,
b6829d71b31aa1e0.jpg,PruneSID,336,336,0,71,,,13916,0,,
b6ab41bc68a00d27.jpg,DRIP,336,336,6,72,2482.0,22973.0,14112,11343,0.10803987289426718,0.21881336507096888
b6ab41bc68a00d27.jpg,Fixed,336,336,6,72,1971.0,23484.0,14112,11343,0.08392948390393459,0.17376355461518117
b6ab41bc68a00d27.jpg,PruneSID,336,336,6,71,3313.0,21946.0,13916,11343,0.15096145083386495,0.292074407123336
b6af24738c2861e7.jpg,DRIP,336,336,12,72,2011.0,24809.0,14112,12708,0.0810592929985086,0.15824677368586718
b6af24738c2861e7.jpg,Fixed,336,336,12,72,1456.0,25364.0,14112,12708,0.0574041949219366,0.11457349700975764
b6af24738c2861e7.jpg,PruneSID,336,336,12,71,4473.0,22151.0,13916,12708,0.20193219267753149,0.3519830028328612
b70414b5b19f5f46.jpg,DRIP,336,336,0,72,,,14112,0,,
b70414b5b19f5f46.jpg,Fixed,336,336,0,72,,,14112,0,,
b70414b5b19f5f46.jpg,PruneSID,336,336,0,71,,,13916,0,,
b70c949e1d4503ff.jpg,DRIP,336,336,6,73,4220.0,24041.0,14308,13953,0.17553346366623684,0.3024439188704938
b70c949e1d4503ff.jpg,Fixed,336,336,6,72,1370.0,26695.0,14112,13953,0.05132047199850159,0.09818676987027879
b70c949e1d4503ff.jpg,PruneSID,336,336,6,71,2503.0,25366.0,13916,13953,0.09867539225735236,0.17938794524475024
b71e69f5d5f356d0.jpg,DRIP,336,336,7,72,7371.0,26482.0,14112,19741,0.2783400045313798,0.37338534015500735
b71e69f5d5f356d0.jpg,Fixed,336,336,7,72,1818.0,32035.0,14112,19741,0.05675042921804276,0.09209259915911049
b71e69f5d5f356d0.jpg,PruneSID,336,336,7,71,5460.0,28197.0,13916,19741,0.19363762102351315,0.27658173344815357
b77fc6bccce2fb35.jpg,DRIP,336,336,6,72,11106.0,58230.0,14112,55224,0.19072642967542505,0.20110821382007824
b77fc6bccce2fb35.jpg,Fixed,336,336,6,72,6790.0,62546.0,14112,55224,0.1085600997665718,0.1229537882080255
b77fc6bccce2fb35.jpg,PruneSID,336,336,6,71,8283.0,60857.0,13916,55224,0.13610595330035985,0.1499891351586267
b78a5e005c5c1591.jpg,DRIP,336,336,2,73,438.0,15480.0,14308,1610,0.028294573643410852,0.2720496894409938
b78a5e005c5c1591.jpg,Fixed,336,336,2,72,250.0,15472.0,14112,1610,0.016158221302998967,0.15527950310559005
b78a5e005c5c1591.jpg,PruneSID,336,336,2,71,630.0,14896.0,13916,1610,0.042293233082706765,0.391304347826087
b78b162168d81b7f.jpg,DRIP,336,336,3,72,2567.0,17345.0,14112,5800,0.14799654078985297,0.4425862068965517
b78b162168d81b7f.jpg,Fixed,336,336,3,72,814.0,19098.0,14112,5800,0.04262226411142528,0.1403448275862069
b78b162168d81b7f.jpg,PruneSID,336,336,3,71,2991.0,16725.0,13916,5800,0.1788340807174888,0.5156896551724138
b7b19072bc7f4bea.jpg,DRIP,336,336,5,73,688.0,18641.0,14308,5021,0.036907891207553244,0.13702449711212905
b7b19072bc7f4bea.jpg,Fixed,336,336,5,72,309.0,18824.0,14112,5021,0.016415214619634508,0.06154152559251145
b7b19072bc7f4bea.jpg,PruneSID,336,336,5,71,2272.0,16665.0,13916,5021,0.13633363336333634,0.45249950209121687
b7c1613ac4172d53.jpg,DRIP,336,336,1,73,1415.0,15590.0,14308,2697,0.09076330981398333,0.5246570263255469
b7c1613ac4172d53.jpg,Fixed,336,336,1,72,234.0,16575.0,14112,2697,0.01411764705882353,0.0867630700778643
b7c1613ac4172d53.jpg,PruneSID,336,336,1,71,630.0,15983.0,13916,2697,0.03941688043546268,0.2335928809788654
b7dfaa4a8b04ba60.jpg,DRIP,336,336,10,72,3562.0,32257.0,14112,21707,0.11042564404625353,0.16409453171787902
b7dfaa4a8b04ba60.jpg,Fixed,336,336,10,72,2719.0,33100.0,14112,21707,0.08214501510574018,0.1252591329985719
b7dfaa4a8b04ba60.jpg,PruneSID,336,336,10,71,6685.0,28938.0,13916,21707,0.23101112723754233,0.30796517252499195
b7fdadfda6823801.jpg,DRIP,336,336,1,73,0.0,14669.0,14308,361,0.0,0.0
b7fdadfda6823801.jpg,Fixed,336,336,1,72,0.0,14473.0,14112,361,0.0,0.0
b7fdadfda6823801.jpg,PruneSID,336,336,1,71,66.0,14211.0,13916,361,0.004644289634789952,0.18282548476454294
b81f6619d16d6889.jpg,DRIP,336,336,23,72,4766.0,26016.0,14112,16670,0.1831949569495695,0.2859028194361128
b81f6619d16d6889.jpg,Fixed,336,336,23,72,2116.0,28666.0,14112,16670,0.07381567013186353,0.12693461307738452
b81f6619d16d6889.jpg,PruneSID,336,336,23,71,5334.0,25252.0,13916,16670,0.2112307936005069,0.3199760047990402
b82521b285df462f.jpg,DRIP,336,336,1,72,350.0,14521.0,14112,759,0.02410302320776806,0.461133069828722
b82521b285df462f.jpg,Fixed,336,336,1,72,0.0,14871.0,14112,759,0.0,0.0
b82521b285df462f.jpg,PruneSID,336,336,1,71,424.0,14251.0,13916,759,0.029752298084344958,0.5586297760210803
b8439958d2dcc04d.jpg,DRIP,336,336,2,73,3455.0,48290.0,14308,37437,0.071546904120936,0.09228837780805085
b8439958d2dcc04d.jpg,Fixed,336,336,2,72,5331.0,46218.0,14112,37437,0.11534467090743866,0.14239923070758875
b8439958d2dcc04d.jpg,PruneSID,336,336,2,71,4635.0,46718.0,13916,37437,0.09921229504687701,0.12380799743569196
b8b2b6ed85d79c00.jpg,DRIP,336,336,2,72,1652.0,16786.0,14112,4326,0.09841534612176814,0.3818770226537217
b8b2b6ed85d79c00.jpg,Fixed,336,336,2,72,980.0,17458.0,14112,4326,0.056134723336006415,0.22653721682847897
b8b2b6ed85d79c00.jpg,PruneSID,336,336,2,71,980.0,17262.0,13916,4326,0.05677210056772101,0.22653721682847897
b8fd6df5863754d9.jpg,DRIP,336,336,9,72,7509.0,45723.0,14112,39120,0.16422806902434223,0.1919478527607362
b8fd6df5863754d9.jpg,Fixed,336,336,9,72,5153.0,48079.0,14112,39120,0.10717776992033944,0.13172290388548058
b8fd6df5863754d9.jpg,PruneSID,336,336,9,71,6101.0,46935.0,13916,39120,0.12998828166613402,0.1559560327198364
b9077002279a85a8.jpg,DRIP,336,336,1,72,558.0,16575.0,14112,3021,0.033665158371040727,0.18470705064548162
b9077002279a85a8.jpg,Fixed,336,336,1,72,280.0,16853.0,14112,3021,0.016614252655313595,0.09268454154253558
b9077002279a85a8.jpg,PruneSID,336,336,1,71,180.0,16757.0,13916,3021,0.010741779554812914,0.05958291956305859
b907985d53591bff.jpg,DRIP,336,336,0,72,,,14112,0,,
b907985d53591bff.jpg,Fixed,336,336,0,72,,,14112,0,,
b907985d53591bff.jpg,PruneSID,336,336,0,71,,,13916,0,,
b907e08fbf0e6897.jpg,DRIP,336,336,0,72,,,14112,0,,
b907e08fbf0e6897.jpg,Fixed,336,336,0,72,,,14112,0,,
b907e08fbf0e6897.jpg,PruneSID,336,336,0,71,,,13916,0,,
b917faf5923773c8.jpg,DRIP,336,336,5,73,2271.0,18444.0,14308,6407,0.12312947299934938,0.3544560636803496
b917faf5923773c8.jpg,Fixed,336,336,5,72,773.0,19746.0,14112,6407,0.03914716904689557,0.12064928983923834
b917faf5923773c8.jpg,PruneSID,336,336,5,71,1764.0,18559.0,13916,6407,0.0950482245810658,0.27532386452317775
b91ce02625f7e772.jpg,DRIP,336,336,7,72,2342.0,16882.0,14112,5112,0.13872763890534298,0.4581377151799687
b91ce02625f7e772.jpg,Fixed,336,336,7,72,739.0,18485.0,14112,5112,0.03997836083310793,0.14456181533646323
b91ce02625f7e772.jpg,PruneSID,336,336,7,71,2212.0,16816.0,13916,5112,0.13154138915318744,0.4327073552425665
b94568551399f24c.jpg,DRIP,336,336,0,72,,,14112,0,,
b94568551399f24c.jpg,Fixed,336,336,0,72,,,14112,0,,
b94568551399f24c.jpg,PruneSID,336,336,0,71,,,13916,0,,
b958e104a7f85527.jpg,DRIP,336,336,0,72,,,14112,0,,
b958e104a7f85527.jpg,Fixed,336,336,0,72,,,14112,0,,
b958e104a7f85527.jpg,PruneSID,336,336,0,71,,,13916,0,,
b975a12b717d49ce.jpg,DRIP,336,336,0,72,,,14112,0,,
b975a12b717d49ce.jpg,Fixed,336,336,0,72,,,14112,0,,
b975a12b717d49ce.jpg,PruneSID,336,336,0,71,,,13916,0,,
b9889e90b2f9ec8f.jpg,DRIP,336,336,0,72,,,14112,0,,
b9889e90b2f9ec8f.jpg,Fixed,336,336,0,72,,,14112,0,,
b9889e90b2f9ec8f.jpg,PruneSID,336,336,0,71,,,13916,0,,
b99c1e3c87edf50d.jpg,DRIP,336,336,0,72,,,14112,0,,
b99c1e3c87edf50d.jpg,Fixed,336,336,0,72,,,14112,0,,
b99c1e3c87edf50d.jpg,PruneSID,336,336,0,71,,,13916,0,,
b9a732cc485c4792.jpg,DRIP,336,336,0,72,,,14112,0,,
b9a732cc485c4792.jpg,Fixed,336,336,0,72,,,14112,0,,
b9a732cc485c4792.jpg,PruneSID,336,336,0,71,,,13916,0,,
b9aa71c9eb453aab.jpg,DRIP,336,336,0,73,,,14308,0,,
b9aa71c9eb453aab.jpg,Fixed,336,336,0,72,,,14112,0,,
b9aa71c9eb453aab.jpg,PruneSID,336,336,0,71,,,13916,0,,
b9ca5e72bb5d7b9a.jpg,DRIP,336,336,2,72,12176.0,97437.0,14112,95501,0.12496279647361885,0.12749604716180982
b9ca5e72bb5d7b9a.jpg,Fixed,336,336,2,72,12058.0,97555.0,14112,95501,0.12360207062682589,0.12626045800567534
b9ca5e72bb5d7b9a.jpg,PruneSID,336,336,2,71,11998.0,97419.0,13916,95501,0.12315872673708414,0.12563219233306458
b9d59703e38efb3f.jpg,DRIP,336,336,6,73,4809.0,22847.0,14308,13348,0.21048715367444304,0.3602786934372191
b9d59703e38efb3f.jpg,Fixed,336,336,6,72,1718.0,25742.0,14112,13348,0.06673918110480927,0.1287084207371891
b9d59703e38efb3f.jpg,PruneSID,336,336,6,71,3499.0,23765.0,13916,13348,0.14723332632021882,0.2621366496853461
b9dc400eb20bad64.jpg,DRIP,336,336,1,73,7154.0,46424.0,14308,39270,0.15410132689987938,0.182174688057041
b9dc400eb20bad64.jpg,Fixed,336,336,1,72,4998.0,48384.0,14112,39270,0.1032986111111111,0.12727272727272726
b9dc400eb20bad64.jpg,PruneSID,336,336,1,71,5462.0,47724.0,13916,39270,0.11444975274495013,0.13908836261777438
b9f2e770ca7d94d9.jpg,DRIP,336,336,0,73,,,14308,0,,
b9f2e770ca7d94d9.jpg,Fixed,336,336,0,72,,,14112,0,,
b9f2e770ca7d94d9.jpg,PruneSID,336,336,0,71,,,13916,0,,
b9f45d24da6e9758.jpg,DRIP,336,336,20,72,4460.0,37122.0,14112,27470,0.12014438877215668,0.16235893702220605
b9f45d24da6e9758.jpg,Fixed,336,336,20,72,3683.0,37899.0,14112,27470,0.09717934510145386,0.1340735347651984
b9f45d24da6e9758.jpg,PruneSID,336,336,20,71,5422.0,35964.0,13916,27470,0.1507618729840952,0.1973789588642155
ba14b10507c76058.jpg,DRIP,336,336,3,72,5541.0,21491.0,14112,12920,0.25782885859196875,0.42886996904024766
ba14b10507c76058.jpg,Fixed,336,336,3,72,1386.0,25646.0,14112,12920,0.05404351555798175,0.10727554179566563
ba14b10507c76058.jpg,PruneSID,336,336,3,71,1778.0,25058.0,13916,12920,0.07095538351025621,0.13761609907120742
ba15fadf92419848.jpg,DRIP,336,336,1,72,266.0,15301.0,14112,1455,0.0173844846742043,0.18281786941580755
ba15fadf92419848.jpg,Fixed,336,336,1,72,45.0,15522.0,14112,1455,0.0028991109393119445,0.030927835051546393
ba15fadf92419848.jpg,PruneSID,336,336,1,71,676.0,14695.0,13916,1455,0.046002041510717934,0.4646048109965636
ba34a66787f17856.jpg,DRIP,336,336,4,72,1370.0,18117.0,14112,5375,0.07561958381630512,0.25488372093023254
ba34a66787f17856.jpg,Fixed,336,336,4,72,282.0,19205.0,14112,5375,0.014683676126008852,0.052465116279069766
ba34a66787f17856.jpg,PruneSID,336,336,4,71,2411.0,16880.0,13916,5375,0.14283175355450237,0.4485581395348837
ba38f2c46029b41e.jpg,DRIP,336,336,11,73,2451.0,19416.0,14308,7559,0.12623609394313967,0.32424923931737004
ba38f2c46029b41e.jpg,Fixed,336,336,11,72,654.0,21017.0,14112,7559,0.03111766665080649,0.08651938087048551
ba38f2c46029b41e.jpg,PruneSID,336,336,11,71,2914.0,18561.0,13916,7559,0.15699585151662088,0.3855007276094721
ba4b86ea409e14ed.jpg,DRIP,336,336,1,73,7588.0,38924.0,14308,32204,0.19494399342308089,0.23562290398708235
ba4b86ea409e14ed.jpg,Fixed,336,336,1,72,4074.0,42242.0,14112,32204,0.09644429714502155,0.12650602409638553
ba4b86ea409e14ed.jpg,PruneSID,336,336,1,71,4284.0,41836.0,13916,32204,0.1023998470217038,0.1330269531735188
ba66c4ff9cb972d8.jpg,DRIP,336,336,1,72,4206.0,16010.0,14112,6104,0.2627108057464085,0.6890563564875491
ba66c4ff9cb972d8.jpg,Fixed,336,336,1,72,784.0,19432.0,14112,6104,0.040345821325648415,0.12844036697247707
ba66c4ff9cb972d8.jpg,PruneSID,336,336,1,71,2016.0,18004.0,13916,6104,0.1119751166407465,0.3302752293577982
ba80426d9cad7fd9.jpg,DRIP,336,336,10,73,2909.0,25129.0,14308,13730,0.11576266465040391,0.21187181354697743
ba80426d9cad7fd9.jpg,Fixed,336,336,10,72,2284.0,25558.0,14112,13730,0.0893653650520385,0.1663510560815732
ba80426d9cad7fd9.jpg,PruneSID,336,336,10,71,3798.0,23848.0,13916,13730,0.15925863804092585,0.2766205389657684
ba83027cefcadb0d.jpg,DRIP,336,336,0,72,,,14112,0,,
ba83027cefcadb0d.jpg,Fixed,336,336,0,72,,,14112,0,,
ba83027cefcadb0d.jpg,PruneSID,336,336,0,71,,,13916,0,,
ba8a66e1e1934514.jpg,DRIP,336,336,3,73,3038.0,21302.0,14308,10032,0.1426157168341001,0.30283094098883573
ba8a66e1e1934514.jpg,Fixed,336,336,3,72,1652.0,22492.0,14112,10032,0.07344833718655522,0.1646730462519936
ba8a66e1e1934514.jpg,PruneSID,336,336,3,71,3458.0,20490.0,13916,10032,0.16876525134211812,0.3446969696969697
baa1eee9f1da96d7.jpg,DRIP,336,336,148,73,8983.0,83077.0,14308,77752,0.10812860358462631,0.11553400555612717
baa1eee9f1da96d7.jpg,Fixed,336,336,148,72,10012.0,81852.0,14112,77752,0.12231833064555539,0.12876839180985697
baa1eee9f1da96d7.jpg,PruneSID,336,336,148,71,11576.0,80092.0,13916,77752,0.14453378614593218,0.14888363000308674
bab5276e620ee873.jpg,DRIP,336,336,126,73,8747.0,70398.0,14308,64837,0.12425068894002671,0.1349075373629255
bab5276e620ee873.jpg,Fixed,336,336,126,72,7869.0,71080.0,14112,64837,0.11070624648283624,0.12136588676218826
bab5276e620ee873.jpg,PruneSID,336,336,126,71,11499.0,67254.0,13916,64837,0.17097867784815773,0.17735243765134107
bab809da334ef2b4.jpg,DRIP,336,336,2,72,931.0,14500.0,14112,1319,0.06420689655172414,0.7058377558756633
bab809da334ef2b4.jpg,Fixed,336,336,2,72,0.0,15431.0,14112,1319,0.0,0.0
bab809da334ef2b4.jpg,PruneSID,336,336,2,71,322.0,14913.0,13916,1319,0.021591899684838732,0.2441243366186505
bb00fe08f620a367.jpg,DRIP,336,336,8,73,2594.0,19744.0,14308,8030,0.13138168557536467,0.3230386052303861
bb00fe08f620a367.jpg,Fixed,336,336,8,72,1062.0,21080.0,14112,8030,0.05037950664136622,0.13225404732254048
bb00fe08f620a367.jpg,PruneSID,336,336,8,71,2884.0,19062.0,13916,8030,0.15129577169237227,0.35915317559153176
bb14eb04b368614b.jpg,DRIP,336,336,0,73,,,14308,0,,
bb14eb04b368614b.jpg,Fixed,336,336,0,72,,,14112,0,,
bb14eb04b368614b.jpg,PruneSID,336,336,0,71,,,13916,0,,
bb636f0f4acf80d9.jpg,DRIP,336,336,7,72,9195.0,70286.0,14112,65369,0.13082263893236207,0.1406630054001132
bb636f0f4acf80d9.jpg,Fixed,336,336,7,72,8344.0,71137.0,14112,65369,0.11729479736283509,0.12764460218146217
bb636f0f4acf80d9.jpg,PruneSID,336,336,7,71,12364.0,66921.0,13916,65369,0.18475515906815498,0.18914164206275147
bb66130552280e6b.jpg,DRIP,336,336,1,72,504.0,16735.0,14112,3127,0.03011652225873917,0.16117684681803646
bb66130552280e6b.jpg,Fixed,336,336,1,72,742.0,16497.0,14112,3127,0.04497787476510881,0.23728813559322035
bb66130552280e6b.jpg,PruneSID,336,336,1,71,869.0,16174.0,13916,3127,0.05372820576233461,0.2779021426287176
bb807f6c33b9f04c.jpg,DRIP,336,336,2,73,743.0,15787.0,14308,2222,0.047064040032938494,0.3343834383438344
bb807f6c33b9f04c.jpg,Fixed,336,336,2,72,0.0,16334.0,14112,2222,0.0,0.0
bb807f6c33b9f04c.jpg,PruneSID,336,336,2,71,760.0,15378.0,13916,2222,0.049421251137989335,0.342034203420342
bb8a181d58d3a975.jpg,DRIP,336,336,16,73,3175.0,30653.0,14308,19520,0.10357876879913874,0.16265368852459017
bb8a181d58d3a975.jpg,Fixed,336,336,16,72,2327.0,31305.0,14112,19520,0.07433317361443859,0.1192110655737705
bb8a181d58d3a975.jpg,PruneSID,336,336,16,71,3552.0,29884.0,13916,19520,0.11885959041627626,0.1819672131147541
bb9428d39f8c2bc7.jpg,DRIP,336,336,1,73,1100.0,15960.0,14308,2752,0.06892230576441102,0.3997093023255814
bb9428d39f8c2bc7.jpg,Fixed,336,336,1,72,0.0,16864.0,14112,2752,0.0,0.0
bb9428d39f8c2bc7.jpg,PruneSID,336,336,1,71,1892.0,14776.0,13916,2752,0.1280454791553871,0.6875
bb9a367e26bacc68.jpg,DRIP,336,336,3,73,3088.0,18456.0,14308,7236,0.16731686172518423,0.4267551133222775
bb9a367e26bacc68.jpg,Fixed,336,336,3,72,770.0,20578.0,14112,7236,0.03741860239090291,0.10641238253178552
bb9a367e26bacc68.jpg,PruneSID,336,336,3,71,1204.0,19948.0,13916,7236,0.060356928012833364,0.1663902708678828
bba27be461e8c60c.jpg,DRIP,336,336,1,73,1344.0,16660.0,14308,3696,0.08067226890756303,0.36363636363636365
bba27be461e8c60c.jpg,Fixed,336,336,1,72,616.0,17192.0,14112,3696,0.035830618892508145,0.16666666666666666
bba27be461e8c60c.jpg,PruneSID,336,336,1,71,588.0,17024.0,13916,3696,0.03453947368421053,0.1590909090909091
bbbf087a3b1e2951.jpg,DRIP,336,336,14,72,3701.0,22333.0,14112,11922,0.16571889132673623,0.31043449085723873
bbbf087a3b1e2951.jpg,Fixed,336,336,14,72,974.0,25060.0,14112,11922,0.038866719872306464,0.081697701727898
bbbf087a3b1e2951.jpg,PruneSID,336,336,14,71,2617.0,23221.0,13916,11922,0.1126997114680677,0.21951014930380808
bbd7888601f90cde.jpg,DRIP,336,336,3,72,2428.0,23444.0,14112,11760,0.10356594437809248,0.2064625850340136
bbd7888601f90cde.jpg,Fixed,336,336,3,72,1064.0,24808.0,14112,11760,0.04288939051918736,0.09047619047619047
bbd7888601f90cde.jpg,PruneSID,336,336,3,71,1260.0,24416.0,13916,11760,0.051605504587155966,0.10714285714285714
bbd8278f9206dcd6.jpg,DRIP,336,336,5,73,6359.0,44142.0,14308,36193,0.1440578134203253,0.17569695797529908
bbd8278f9206dcd6.jpg,Fixed,336,336,5,72,4238.0,46067.0,14112,36193,0.09199643996787288,0.11709446578067582
bbd8278f9206dcd6.jpg,PruneSID,336,336,5,71,4338.0,45771.0,13916,36193,0.09477616831618274,0.11985743099494377
bbe59e98c1746141.jpg,DRIP,336,336,5,72,6322.0,37345.0,14112,29555,0.1692863837193734,0.21390627643376756
bbe59e98c1746141.jpg,Fixed,336,336,5,72,3264.0,40403.0,14112,29555,0.08078608024156622,0.11043816613094232
bbe59e98c1746141.jpg,PruneSID,336,336,5,71,6048.0,37423.0,13916,29555,0.161611842984261,0.20463542547792252
bc009005494704cb.jpg,DRIP,336,336,2,73,610.0,15735.0,14308,2037,0.03876707975850016,0.29945999018163966
bc009005494704cb.jpg,Fixed,336,336,2,72,168.0,15981.0,14112,2037,0.010512483574244415,0.08247422680412371
bc009005494704cb.jpg,PruneSID,336,336,2,71,168.0,15785.0,13916,2037,0.010643015521064302,0.08247422680412371
bc45f608fe55eaf2.jpg,DRIP,336,336,125,72,6307.0,95169.0,14112,87364,0.06627158003131271,0.07219220731651481
bc45f608fe55eaf2.jpg,Fixed,336,336,125,72,10857.0,90619.0,14112,87364,0.1198093115130381,0.12427315599102605
bc45f608fe55eaf2.jpg,PruneSID,336,336,125,71,10766.0,90514.0,13916,87364,0.11894292595620568,0.12323153701753582
bc6be81f736cb81a.jpg,DRIP,336,336,1,73,1078.0,16030.0,14308,2800,0.06724890829694323,0.385
bc6be81f736cb81a.jpg,Fixed,336,336,1,72,574.0,16338.0,14112,2800,0.03513281919451585,0.205
bc6be81f736cb81a.jpg,PruneSID,336,336,1,71,896.0,15820.0,13916,2800,0.05663716814159292,0.32
bc7ffa8306e1befe.jpg,DRIP,336,336,0,72,,,14112,0,,
bc7ffa8306e1befe.jpg,Fixed,336,336,0,72,,,14112,0,,
bc7ffa8306e1befe.jpg,PruneSID,336,336,0,71,,,13916,0,,
bc902e477f5afbd2.jpg,DRIP,336,336,1,72,886.0,14339.0,14112,1113,0.061789525071483366,0.7960467205750225
bc902e477f5afbd2.jpg,Fixed,336,336,1,72,294.0,14931.0,14112,1113,0.01969057665260197,0.2641509433962264
bc902e477f5afbd2.jpg,PruneSID,336,336,1,71,462.0,14567.0,13916,1113,0.03171552138395002,0.41509433962264153
bc98f6302a9ab8b4.jpg,DRIP,336,336,8,72,1000.0,20862.0,14112,7750,0.04793404275716614,0.12903225806451613
bc98f6302a9ab8b4.jpg,Fixed,336,336,8,72,917.0,20945.0,14112,7750,0.04378133206015756,0.1183225806451613
bc98f6302a9ab8b4.jpg,PruneSID,336,336,8,71,158.0,21508.0,13916,7750,0.007346103775339409,0.02038709677419355
bcae4b24082da442.jpg,DRIP,336,336,11,72,7128.0,27811.0,14112,20827,0.25630146344971416,0.34224804340519516
bcae4b24082da442.jpg,Fixed,336,336,11,72,1864.0,33075.0,14112,20827,0.0563567649281935,0.08949920775915879
bcae4b24082da442.jpg,PruneSID,336,336,11,71,4530.0,30213.0,13916,20827,0.14993545824645022,0.21750612186104576
bcb41f0e7017cfbd.jpg,DRIP,336,336,1,72,2800.0,52314.0,14112,41002,0.05352295752571014,0.06828935173893956
bcb41f0e7017cfbd.jpg,Fixed,336,336,1,72,4648.0,50466.0,14112,41002,0.0921016129671462,0.11336032388663968
bcb41f0e7017cfbd.jpg,PruneSID,336,336,1,71,6972.0,47946.0,13916,41002,0.14541359028907522,0.1700404858299595
bcf5297d24a635c4.jpg,DRIP,336,336,1,72,1582.0,16081.0,14112,3551,0.09837696660655432,0.4455083075190087
bcf5297d24a635c4.jpg,Fixed,336,336,1,72,742.0,16921.0,14112,3551,0.04385083623899297,0.208955223880597
bcf5297d24a635c4.jpg,PruneSID,336,336,1,71,784.0,16683.0,13916,3551,0.04699394593298568,0.2207828780625176
bd069cb2c813388a.jpg,DRIP,336,336,5,73,8253.0,30126.0,14308,24071,0.27394941246763593,0.3428607037514021
bd069cb2c813388a.jpg,Fixed,336,336,5,72,3521.0,34662.0,14112,24071,0.10158098205527667,0.14627560134601802
bd069cb2c813388a.jpg,PruneSID,336,336,5,71,3940.0,34047.0,13916,24071,0.11572238376362087,0.16368243944996053
bd203969ed05d2d9.jpg,DRIP,336,336,1,73,2842.0,21175.0,14308,9709,0.13421487603305784,0.2927180966113915
bd203969ed05d2d9.jpg,Fixed,336,336,1,72,1783.0,22038.0,14112,9709,0.08090570832198929,0.1836440416108765
bd203969ed05d2d9.jpg,PruneSID,336,336,1,71,2184.0,21441.0,13916,9709,0.10186092066601371,0.22494592645998557
bd28712de43dbce0.jpg,DRIP,336,336,3,73,1025.0,15805.0,14308,2522,0.06485289465359063,0.4064234734337827
bd28712de43dbce0.jpg,Fixed,336,336,3,72,198.0,16436.0,14112,2522,0.012046726697493307,0.07850911974623315
bd28712de43dbce0.jpg,PruneSID,336,336,3,71,1055.0,15383.0,13916,2522,0.06858220113111876,0.4183187946074544
bd48a14b372ecd8c.jpg,DRIP,336,336,3,72,4806.0,31398.0,14112,22092,0.15306707433594496,0.21754481260184683
bd48a14b372ecd8c.jpg,Fixed,336,336,3,72,4125.0,32079.0,14112,22092,0.1285887964088656,0.18671917436175992
bd48a14b372ecd8c.jpg,PruneSID,336,336,3,71,2364.0,33644.0,13916,22092,0.07026512899774105,0.10700706137968495
bd63f6f2a002ee10.jpg,DRIP,336,336,25,72,6810.0,39306.0,14112,32004,0.17325599145168677,0.2127859017622797
bd63f6f2a002ee10.jpg,Fixed,336,336,25,72,3571.0,42545.0,14112,32004,0.08393465742155365,0.11157980252468441
bd63f6f2a002ee10.jpg,PruneSID,336,336,25,71,7552.0,38368.0,13916,32004,0.19683069224353628,0.23597050368703912
bd76e31815f8abcc.jpg,DRIP,336,336,1,72,431.0,14788.0,14112,1107,0.029145252907763052,0.3893405600722674
bd76e31815f8abcc.jpg,Fixed,336,336,1,72,0.0,15219.0,14112,1107,0.0,0.0
bd76e31815f8abcc.jpg,PruneSID,336,336,1,71,672.0,14351.0,13916,1107,0.04682600515643509,0.6070460704607046
bd86878e04fcaeae.jpg,DRIP,336,336,24,73,1801.0,39115.0,14308,26608,0.046043717244024035,0.0676864101022249
bd86878e04fcaeae.jpg,Fixed,336,336,24,72,3136.0,37584.0,14112,26608,0.08343976160068114,0.11785929043896573
bd86878e04fcaeae.jpg,PruneSID,336,336,24,71,3474.0,37050.0,13916,26608,0.09376518218623482,0.1305622369212267
bd91ea245cc76c1e.jpg,DRIP,336,336,0,72,,,14112,0,,
bd91ea245cc76c1e.jpg,Fixed,336,336,0,72,,,14112,0,,
bd91ea245cc76c1e.jpg,PruneSID,336,336,0,71,,,13916,0,,
bdbfae49210475d4.jpg,DRIP,336,336,5,73,544.0,24501.0,14308,10737,0.02220317538059671,0.05066592157958461
bdbfae49210475d4.jpg,Fixed,336,336,5,72,1678.0,23171.0,14112,10737,0.07241810884295025,0.15628201546055695
bdbfae49210475d4.jpg,PruneSID,336,336,5,71,929.0,23724.0,13916,10737,0.03915865789917383,0.08652323740337152
bdc83b304a475001.jpg,DRIP,336,336,8,72,1588.0,19412.0,14112,6888,0.08180506902946631,0.2305458768873403
bdc83b304a475001.jpg,Fixed,336,336,8,72,896.0,20104.0,14112,6888,0.04456824512534819,0.13008130081300814
bdc83b304a475001.jpg,PruneSID,336,336,8,71,2286.0,18518.0,13916,6888,0.1234474565287828,0.3318815331010453
bde8c688ab2415da.jpg,DRIP,336,336,29,72,5903.0,52116.0,14112,43907,0.11326655921406094,0.13444325506183524
bde8c688ab2415da.jpg,Fixed,336,336,29,72,5361.0,52658.0,14112,43907,0.10180789243799612,0.12209898193909854
bde8c688ab2415da.jpg,PruneSID,336,336,29,71,8785.0,49038.0,13916,43907,0.1791467841265957,0.20008199148199604
bdf46cb1efefd5f7.jpg,DRIP,336,336,6,73,2495.0,20353.0,14308,8540,0.12258635090650027,0.29215456674473067
bdf46cb1efefd5f7.jpg,Fixed,336,336,6,72,1383.0,21269.0,14112,8540,0.06502421364427101,0.16194379391100702
bdf46cb1efefd5f7.jpg,PruneSID,336,336,6,71,2366.0,20090.0,13916,8540,0.11777003484320557,0.27704918032786885
be05ffc9c0ef2650.jpg,DRIP,336,336,0,72,,,14112,0,,
be05ffc9c0ef2650.jpg,Fixed,336,336,0,72,,,14112,0,,
be05ffc9c0ef2650.jpg,PruneSID,336,336,0,71,,,13916,0,,
be27c234315caca1.jpg,DRIP,336,336,0,73,,,14308,0,,
be27c234315caca1.jpg,Fixed,336,336,0,72,,,14112,0,,
be27c234315caca1.jpg,PruneSID,336,336,0,71,,,13916,0,,
be58e0f7968d5773.jpg,DRIP,336,336,1,72,,,14112,0,,
be58e0f7968d5773.jpg,Fixed,336,336,1,72,,,14112,0,,
be58e0f7968d5773.jpg,PruneSID,336,336,1,71,,,13916,0,,
be888e2de7747c25.jpg,DRIP,336,336,2,72,799.0,21368.0,14112,8055,0.03739236241108199,0.09919304779639976
be888e2de7747c25.jpg,Fixed,336,336,2,72,1400.0,20767.0,14112,8055,0.06741464823999614,0.17380509000620734
be888e2de7747c25.jpg,PruneSID,336,336,2,71,1588.0,20383.0,13916,8055,0.0779080606387676,0.19714463066418372
beb4d1113966e492.jpg,DRIP,336,336,0,73,,,14308,0,,
beb4d1113966e492.jpg,Fixed,336,336,0,72,,,14112,0,,
beb4d1113966e492.jpg,PruneSID,336,336,0,71,,,13916,0,,
bec0c224a292bacc.jpg,DRIP,336,336,3,73,3400.0,16650.0,14308,5742,0.2042042042042042,0.5921281783350749
bec0c224a292bacc.jpg,Fixed,336,336,3,72,364.0,19490.0,14112,5742,0.018676244227809134,0.06339254615116684
bec0c224a292bacc.jpg,PruneSID,336,336,3,71,1300.0,18358.0,13916,5742,0.07081381414097396,0.22640195053988157
bed92a668908d3a4.jpg,DRIP,336,336,9,72,2752.0,18652.0,14112,7292,0.14754449924941024,0.37739989029072957
bed92a668908d3a4.jpg,Fixed,336,336,9,72,1079.0,20325.0,14112,7292,0.05308733087330873,0.147970378496983
bed92a668908d3a4.jpg,PruneSID,336,336,9,71,2450.0,18758.0,13916,7292,0.13061093933255144,0.33598464070213935
bf06f8dda2f6f1d6.jpg,DRIP,336,336,1,72,460.0,14279.0,14112,627,0.032215141116324675,0.733652312599681
bf06f8dda2f6f1d6.jpg,Fixed,336,336,1,72,0.0,14739.0,14112,627,0.0,0.0
bf06f8dda2f6f1d6.jpg,PruneSID,336,336,1,71,420.0,14123.0,13916,627,0.02973872406712455,0.6698564593301436
bf66597b13a2f6ca.jpg,DRIP,336,336,2,72,1139.0,14726.0,14112,1753,0.07734619041151704,0.6497432972047917
bf66597b13a2f6ca.jpg,Fixed,336,336,2,72,266.0,15599.0,14112,1753,0.01705237515225335,0.1517398745008557
bf66597b13a2f6ca.jpg,PruneSID,336,336,2,71,1109.0,14560.0,13916,1753,0.07616758241758241,0.6326297775242442
bf682b86659bc94f.jpg,DRIP,336,336,2,72,6362.0,29145.0,14112,21395,0.2182878709898782,0.29735919607384903
bf682b86659bc94f.jpg,Fixed,336,336,2,72,2212.0,33295.0,14112,21395,0.06643640186214146,0.10338864220612293
bf682b86659bc94f.jpg,PruneSID,336,336,2,71,3668.0,31643.0,13916,21395,0.11591821255885978,0.17144192568357092
bfb4e541ec1f3912.jpg,DRIP,336,336,0,72,,,14112,0,,
bfb4e541ec1f3912.jpg,Fixed,336,336,0,72,,,14112,0,,
bfb4e541ec1f3912.jpg,PruneSID,336,336,0,71,,,13916,0,,
bfbc65202d729722.jpg,DRIP,336,336,2,72,544.0,14385.0,14112,817,0.03781717066388599,0.6658506731946144
bfbc65202d729722.jpg,Fixed,336,336,2,72,182.0,14747.0,14112,817,0.012341493185054588,0.22276621787025705
bfbc65202d729722.jpg,PruneSID,336,336,2,71,182.0,14551.0,13916,817,0.012507731427393306,0.22276621787025705
bfd2a825e65bb0f7.jpg,DRIP,336,336,0,72,,,14112,0,,
bfd2a825e65bb0f7.jpg,Fixed,336,336,0,72,,,14112,0,,
bfd2a825e65bb0f7.jpg,PruneSID,336,336,0,71,,,13916,0,,
bffce5f0c4160bf8.jpg,DRIP,336,336,0,72,,,14112,0,,
bffce5f0c4160bf8.jpg,Fixed,336,336,0,72,,,14112,0,,
bffce5f0c4160bf8.jpg,PruneSID,336,336,0,71,,,13916,0,,
c0165f98ac53e0eb.jpg,DRIP,336,336,1,73,765.0,14578.0,14308,1035,0.05247633420222253,0.7391304347826086
c0165f98ac53e0eb.jpg,Fixed,336,336,1,72,0.0,15147.0,14112,1035,0.0,0.0
c0165f98ac53e0eb.jpg,PruneSID,336,336,1,71,639.0,14312.0,13916,1035,0.04464784795975405,0.6173913043478261
c01928d2bc823bae.jpg,DRIP,336,336,1,73,7518.0,38614.0,14308,31824,0.19469622416740043,0.236236802413273
c01928d2bc823bae.jpg,Fixed,336,336,1,72,3188.0,42748.0,14112,31824,0.07457658837840367,0.10017596782302665
c01928d2bc823bae.jpg,PruneSID,336,336,1,71,4790.0,40950.0,13916,31824,0.11697191697191697,0.15051533433886374
c02193f277f02e26.jpg,DRIP,336,336,3,73,3238.0,19815.0,14308,8745,0.16341155690133738,0.3702687249857061
c02193f277f02e26.jpg,Fixed,336,336,3,72,747.0,22110.0,14112,8745,0.03378561736770692,0.08542024013722127
c02193f277f02e26.jpg,PruneSID,336,336,3,71,2989.0,19672.0,13916,8745,0.1519418462789752,0.34179531160663235
c03498f8886bd10b.jpg,DRIP,336,336,0,72,,,14112,0,,
c03498f8886bd10b.jpg,Fixed,336,336,0,72,,,14112,0,,
c03498f8886bd10b.jpg,PruneSID,336,336,0,71,,,13916,0,,
c04710d84715558a.jpg,DRIP,336,336,8,73,2628.0,20402.0,14308,8722,0.1288109008920694,0.3013070396698005
c04710d84715558a.jpg,Fixed,336,336,8,72,1224.0,21610.0,14112,8722,0.05664044423877834,0.1403347855996331
c04710d84715558a.jpg,PruneSID,336,336,8,71,2660.0,19978.0,13916,8722,0.13314646110721795,0.30497592295345105
c0577b61ef3f57c7.jpg,DRIP,336,336,3,73,687.0,16188.0,14308,2567,0.04243884358784285,0.26762758083365795
c0577b61ef3f57c7.jpg,Fixed,336,336,3,72,196.0,16483.0,14112,2567,0.011891039252563247,0.07635372029606545
c0577b61ef3f57c7.jpg,PruneSID,336,336,3,71,1463.0,15020.0,13916,2567,0.0974034620505992,0.5699259836384885
c05b878ffc274966.jpg,DRIP,336,336,1,72,3654.0,16662.0,14112,6204,0.2193014043932301,0.5889748549323017
c05b878ffc274966.jpg,Fixed,336,336,1,72,658.0,19658.0,14112,6204,0.03347237765795096,0.10606060606060606
c05b878ffc274966.jpg,PruneSID,336,336,1,71,2368.0,17752.0,13916,6204,0.1333934204596665,0.38168923275306255
c06af499315e4b07.jpg,DRIP,336,336,6,73,2810.0,19650.0,14308,8152,0.1430025445292621,0.3447006869479882
c06af499315e4b07.jpg,Fixed,336,336,6,72,1044.0,21220.0,14112,8152,0.04919886899151744,0.1280667320902846
c06af499315e4b07.jpg,PruneSID,336,336,6,71,2476.0,19592.0,13916,8152,0.1263781135157207,0.30372914622178604
c075ae5c3bd06d9f.jpg,DRIP,336,336,2,73,1615.0,15171.0,14308,2478,0.10645310131171314,0.6517352703793382
c075ae5c3bd06d9f.jpg,Fixed,336,336,2,72,63.0,16527.0,14112,2478,0.0038119440914866584,0.025423728813559324
c075ae5c3bd06d9f.jpg,PruneSID,336,336,2,71,592.0,15802.0,13916,2478,0.03746361220098722,0.23890234059725585
c0aa4be8d0dd95aa.jpg,DRIP,336,336,0,72,,,14112,0,,
c0aa4be8d0dd95aa.jpg,Fixed,336,336,0,72,,,14112,0,,
c0aa4be8d0dd95aa.jpg,PruneSID,336,336,0,71,,,13916,0,,
c0c4f86d21584dd4.jpg,DRIP,336,336,0,72,,,14112,0,,
c0c4f86d21584dd4.jpg,Fixed,336,336,0,72,,,14112,0,,
c0c4f86d21584dd4.jpg,PruneSID,336,336,0,71,,,13916,0,,
c0ef21210b7ae35f.jpg,DRIP,336,336,1,72,1653.0,14484.0,14112,2025,0.11412593206296603,0.8162962962962963
c0ef21210b7ae35f.jpg,Fixed,336,336,1,72,0.0,16137.0,14112,2025,0.0,0.0
c0ef21210b7ae35f.jpg,PruneSID,336,336,1,71,1121.0,14820.0,13916,2025,0.07564102564102564,0.5535802469135802
c0f0b5891028986a.jpg,DRIP,336,336,6,72,1856.0,25774.0,14112,13518,0.07201055327073795,0.1372984169255807
c0f0b5891028986a.jpg,Fixed,336,336,6,72,1028.0,26602.0,14112,13518,0.03864371099917299,0.07604675247817724
c0f0b5891028986a.jpg,PruneSID,336,336,6,71,1414.0,26020.0,13916,13518,0.054342813220599535,0.10460127237757065
c1109221d077771d.jpg,DRIP,336,336,0,72,,,14112,0,,
c1109221d077771d.jpg,Fixed,336,336,0,72,,,14112,0,,
c1109221d077771d.jpg,PruneSID,336,336,0,71,,,13916,0,,
c125b0fd37701101.jpg,DRIP,336,336,2,73,4298.0,23231.0,14308,13221,0.18501140717145195,0.32508887376144013
c125b0fd37701101.jpg,Fixed,336,336,2,72,1750.0,25583.0,14112,13221,0.06840480006254153,0.13236517661296424
c125b0fd37701101.jpg,PruneSID,336,336,2,71,3626.0,23511.0,13916,13221,0.15422568159584876,0.2742606459420619
c164bd4358945dc8.jpg,DRIP,336,336,18,73,7112.0,31759.0,14308,24563,0.22393652193079128,0.2895411798233115
c164bd4358945dc8.jpg,Fixed,336,336,18,72,2419.0,36256.0,14112,24563,0.06671999117387467,0.09848145584822701
c164bd4358945dc8.jpg,PruneSID,336,336,18,71,7049.0,31430.0,13916,24563,0.2242761692650334,0.28697634653747506
c179a1b614a28af0.jpg,DRIP,336,336,9,72,3652.0,23316.0,14112,12856,0.15663063990392864,0.2840696950840075
c179a1b614a28af0.jpg,Fixed,336,336,9,72,1366.0,25602.0,14112,12856,0.05335520662448246,0.10625388923459864
c179a1b614a28af0.jpg,PruneSID,336,336,9,71,5056.0,21716.0,13916,12856,0.23282372444280713,0.39327940261356564
c188032115a0ba1e.jpg,DRIP,336,336,0,72,,,14112,0,,
c188032115a0ba1e.jpg,Fixed,336,336,0,72,,,14112,0,,
c188032115a0ba1e.jpg,PruneSID,336,336,0,71,,,13916,0,,
c19dab6c482134c5.jpg,DRIP,336,336,0,73,,,14308,0,,
c19dab6c482134c5.jpg,Fixed,336,336,0,72,,,14112,0,,
c19dab6c482134c5.jpg,PruneSID,336,336,0,71,,,13916,0,,
c21494cdb7d4876c.jpg,DRIP,336,336,10,73,7290.0,35836.0,14308,28818,0.2034267217323362,0.25296689569019365
c21494cdb7d4876c.jpg,Fixed,336,336,10,72,3374.0,39556.0,14112,28818,0.08529679441804025,0.1170796030258866
c21494cdb7d4876c.jpg,PruneSID,336,336,10,71,6037.0,36697.0,13916,28818,0.16450936043818296,0.20948712610174197
c2324e4b92563f9a.jpg,DRIP,336,336,0,72,,,14112,0,,
c2324e4b92563f9a.jpg,Fixed,336,336,0,72,,,14112,0,,
c2324e4b92563f9a.jpg,PruneSID,336,336,0,71,,,13916,0,,
c25c142b0807f800.jpg,DRIP,336,336,1,72,2576.0,39535.0,14112,27999,0.06515745541924876,0.09200328583163685
c25c142b0807f800.jpg,Fixed,336,336,1,72,3030.0,39081.0,14112,27999,0.07753128118523067,0.10821815064823744
c25c142b0807f800.jpg,PruneSID,336,336,1,71,2856.0,39059.0,13916,27999,0.07312015156558027,0.10200364298724955
c26864934f1ce5f6.jpg,DRIP,336,336,2,72,5826.0,33886.0,14112,25600,0.17192941037596648,0.227578125
c26864934f1ce5f6.jpg,Fixed,336,336,2,72,2666.0,37046.0,14112,25600,0.07196458457053394,0.104140625
c26864934f1ce5f6.jpg,PruneSID,336,336,2,71,4849.0,34667.0,13916,25600,0.13987365506100902,0.1894140625
c28021306256c5ee.jpg,DRIP,336,336,8,72,4290.0,28124.0,14112,18302,0.15253875693357985,0.2344006119549776
c28021306256c5ee.jpg,Fixed,336,336,8,72,2468.0,29946.0,14112,18302,0.08241501369131103,0.13484865042071906
c28021306256c5ee.jpg,PruneSID,336,336,8,71,4350.0,27868.0,13916,18302,0.15609300990383235,0.23767894219211017
c2a601516bf3bf91.jpg,DRIP,336,336,14,73,5142.0,40857.0,14308,31691,0.12585358690065349,0.16225426777318483
c2a601516bf3bf91.jpg,Fixed,336,336,14,72,3862.0,41941.0,14112,31691,0.09208173386423786,0.12186425168028778
c2a601516bf3bf91.jpg,PruneSID,336,336,14,71,4549.0,41058.0,13916,31691,0.11079448584928638,0.14354233063014735
c2b41eda50d53424.jpg,DRIP,336,336,3,73,3481.0,16894.0,14308,6067,0.20604948502426898,0.5737596835338717
c2b41eda50d53424.jpg,Fixed,336,336,3,72,929.0,19250.0,14112,6067,0.04825974025974026,0.15312345475523323
c2b41eda50d53424.jpg,PruneSID,336,336,3,71,1684.0,18299.0,13916,6067,0.09202688671512105,0.2775671666391957
c2c747f698ebd308.jpg,DRIP,336,336,5,72,5902.0,25163.0,14112,16953,0.2345507292453205,0.3481389724532531
c2c747f698ebd308.jpg,Fixed,336,336,5,72,2290.0,28775.0,14112,16953,0.07958297132927888,0.13507933699050315
c2c747f698ebd308.jpg,PruneSID,336,336,5,71,4120.0,26749.0,13916,16953,0.1540244495121313,0.24302483336282663
c2cd2acc77c02ad4.jpg,DRIP,336,336,7,72,7070.0,25803.0,14112,18761,0.27399914738596287,0.37684558392409784
c2cd2acc77c02ad4.jpg,Fixed,336,336,7,72,2870.0,30003.0,14112,18761,0.09565710095657101,0.152976920206812
c2cd2acc77c02ad4.jpg,PruneSID,336,336,7,71,5978.0,26699.0,13916,18761,0.2239035169856549,0.31863973135760354
c2d8f29a82ec36a3.jpg,DRIP,336,336,3,72,1358.0,21397.0,14112,8643,0.06346684114595504,0.15712136989471248
c2d8f29a82ec36a3.jpg,Fixed,336,336,3,72,882.0,21873.0,14112,8643,0.0403236867370731,0.10204790003471018
c2d8f29a82ec36a3.jpg,PruneSID,336,336,3,71,1162.0,21397.0,13916,8643,0.05430667850633266,0.134444058775888
c2e01a58f2826ab0.jpg,DRIP,336,336,2,73,2786.0,38683.0,14308,27161,0.07202130134684487,0.1025735429476087
c2e01a58f2826ab0.jpg,Fixed,336,336,2,72,3570.0,37703.0,14112,27161,0.09468742540381402,0.131438459555981
c2e01a58f2826ab0.jpg,PruneSID,336,336,2,71,2954.0,38123.0,13916,27161,0.07748603205414055,0.10875888222083134
c30804d873987754.jpg,DRIP,336,336,0,73,,,14308,0,,
c30804d873987754.jpg,Fixed,336,336,0,72,,,14112,0,,
c30804d873987754.jpg,PruneSID,336,336,0,71,,,13916,0,,
c31085d8f3cde533.jpg,DRIP,336,336,2,73,0.0,15977.0,14308,1669,0.0,0.0
c31085d8f3cde533.jpg,Fixed,336,336,2,72,182.0,15599.0,14112,1669,0.011667414577857554,0.10904733373277412
c31085d8f3cde533.jpg,PruneSID,336,336,2,71,654.0,14931.0,13916,1669,0.04380148683946152,0.39185140802875973
c34f82f72754cd06.jpg,DRIP,336,336,2,73,0.0,15281.0,14308,973,0.0,0.0
c34f82f72754cd06.jpg,Fixed,336,336,2,72,322.0,14763.0,14112,973,0.021811284969179705,0.33093525179856115
c34f82f72754cd06.jpg,PruneSID,336,336,2,71,28.0,14861.0,13916,973,0.0018841262364578427,0.02877697841726619
c372e49d60216e8a.jpg,DRIP,336,336,4,72,5981.0,24104.0,14112,15973,0.24813308994357783,0.3744443748826144
c372e49d60216e8a.jpg,Fixed,336,336,4,72,1927.0,28158.0,14112,15973,0.06843525818595071,0.12064108182558067
c372e49d60216e8a.jpg,PruneSID,336,336,4,71,2891.0,26998.0,13916,15973,0.10708200607452403,0.18099292556188568
c38407369b19347a.jpg,DRIP,336,336,3,72,746.0,24670.0,14112,11304,0.03023915687069315,0.06599433828733192
c38407369b19347a.jpg,Fixed,336,336,3,72,915.0,24501.0,14112,11304,0.03734541447287866,0.0809447983014862
c38407369b19347a.jpg,PruneSID,336,336,3,71,1316.0,23904.0,13916,11304,0.05505354752342704,0.11641896673743808
c3950a3e71c73d05.jpg,DRIP,336,336,0,72,,,14112,0,,
c3950a3e71c73d05.jpg,Fixed,336,336,0,72,,,14112,0,,
c3950a3e71c73d05.jpg,PruneSID,336,336,0,71,,,13916,0,,
c3990ee23ae4358a.jpg,DRIP,336,336,2,73,1510.0,17256.0,14308,4458,0.08750579508576727,0.33871691341408705
c3990ee23ae4358a.jpg,Fixed,336,336,2,72,494.0,18076.0,14112,4458,0.027329055100685992,0.11081202332884701
c3990ee23ae4358a.jpg,PruneSID,336,336,2,71,2448.0,15926.0,13916,4458,0.1537109129724978,0.5491251682368775
c3a62d664dd65a7f.jpg,DRIP,336,336,0,73,,,14308,0,,
c3a62d664dd65a7f.jpg,Fixed,336,336,0,72,,,14112,0,,
c3a62d664dd65a7f.jpg,PruneSID,336,336,0,71,,,13916,0,,
c3b082feb511227d.jpg,DRIP,336,336,1,72,248.0,14336.0,14112,472,0.017299107142857144,0.5254237288135594
c3b082feb511227d.jpg,Fixed,336,336,1,72,112.0,14472.0,14112,472,0.007739082365948038,0.23728813559322035
c3b082feb511227d.jpg,PruneSID,336,336,1,71,248.0,14140.0,13916,472,0.01753889674681754,0.5254237288135594
c3ded891bfcc43b4.jpg,DRIP,336,336,0,72,,,14112,0,,
c3ded891bfcc43b4.jpg,Fixed,336,336,0,72,,,14112,0,,
c3ded891bfcc43b4.jpg,PruneSID,336,336,0,71,,,13916,0,,
c3e1b0176ca3edb1.jpg,DRIP,336,336,2,73,12054.0,53543.0,14308,51289,0.22512746764282912,0.23502115463354714
c3e1b0176ca3edb1.jpg,Fixed,336,336,2,72,5542.0,59859.0,14112,51289,0.09258423962979669,0.10805435863440503
c3e1b0176ca3edb1.jpg,PruneSID,336,336,2,71,8120.0,57085.0,13916,51289,0.14224402207234826,0.15831854783676813
c3e59f3c4c59ed09.jpg,DRIP,336,336,4,73,2378.0,16835.0,14308,4905,0.14125334125334124,0.48481141692150864
c3e59f3c4c59ed09.jpg,Fixed,336,336,4,72,548.0,18469.0,14112,4905,0.02967134116627863,0.11172273190621815
c3e59f3c4c59ed09.jpg,PruneSID,336,336,4,71,2236.0,16585.0,13916,4905,0.13482062104311124,0.45586136595310905
c3fd8f5a1f0e25ea.jpg,DRIP,336,336,1,72,386.0,14980.0,14112,1254,0.025767690253671562,0.3078149920255183
c3fd8f5a1f0e25ea.jpg,Fixed,336,336,1,72,266.0,15100.0,14112,1254,0.0176158940397351,0.21212121212121213
c3fd8f5a1f0e25ea.jpg,PruneSID,336,336,1,71,554.0,14616.0,13916,1254,0.03790366721401204,0.44178628389154706
c40ea2cfe677fc43.jpg,DRIP,336,336,0,72,,,14112,0,,
c40ea2cfe677fc43.jpg,Fixed,336,336,0,72,,,14112,0,,
c40ea2cfe677fc43.jpg,PruneSID,336,336,0,71,,,13916,0,,
c4177802cfad1791.jpg,DRIP,336,336,1,73,182.0,14963.0,14308,837,0.01216333622936577,0.2174432497013142
c4177802cfad1791.jpg,Fixed,336,336,1,72,0.0,14949.0,14112,837,0.0,0.0
c4177802cfad1791.jpg,PruneSID,336,336,1,71,332.0,14421.0,13916,837,0.02302198183205048,0.3966547192353644
c4259313acd41873.jpg,DRIP,336,336,2,72,1210.0,18563.0,14112,5661,0.06518342940257502,0.2137431549196255
c4259313acd41873.jpg,Fixed,336,336,2,72,826.0,18947.0,14112,5661,0.04359529213068032,0.1459106164988518
c4259313acd41873.jpg,PruneSID,336,336,2,71,1364.0,18213.0,13916,5661,0.07489156097293143,0.2409468291821233
c425c8d6a0f7aff3.jpg,DRIP,336,336,0,73,,,14308,0,,
c425c8d6a0f7aff3.jpg,Fixed,336,336,0,72,,,14112,0,,
c425c8d6a0f7aff3.jpg,PruneSID,336,336,0,71,,,13916,0,,
c4517f4b4031d2d8.jpg,DRIP,336,336,1,72,9996.0,106260.0,14112,102144,0.09407114624505929,0.09786184210526316
c4517f4b4031d2d8.jpg,Fixed,336,336,1,72,12992.0,103264.0,14112,102144,0.12581344902386118,0.12719298245614036
c4517f4b4031d2d8.jpg,PruneSID,336,336,1,71,12936.0,103124.0,13916,102144,0.12544121639967418,0.12664473684210525
c45297f2af76648a.jpg,DRIP,336,336,8,72,3805.0,19445.0,14112,9138,0.195680123425045,0.41639308382578244
c45297f2af76648a.jpg,Fixed,336,336,8,72,1240.0,22010.0,14112,9138,0.056338028169014086,0.135697089078573
c45297f2af76648a.jpg,PruneSID,336,336,8,71,2816.0,20238.0,13916,9138,0.13914418420792568,0.3081637119719851
c46f6617ac82b392.jpg,DRIP,336,336,0,73,,,14308,0,,
c46f6617ac82b392.jpg,Fixed,336,336,0,72,,,14112,0,,
c46f6617ac82b392.jpg,PruneSID,336,336,0,71,,,13916,0,,
c47eea828508764e.jpg,DRIP,336,336,5,73,931.0,18376.0,14308,4999,0.05066390944710492,0.18623724744948988
c47eea828508764e.jpg,Fixed,336,336,5,72,1203.0,17908.0,14112,4999,0.06717668081304445,0.2406481296259252
c47eea828508764e.jpg,PruneSID,336,336,5,71,1186.0,17729.0,13916,4999,0.06689604602628461,0.23724744948989798
c47fe679bc59349b.jpg,DRIP,336,336,0,72,,,14112,0,,
c47fe679bc59349b.jpg,Fixed,336,336,0,72,,,14112,0,,
c47fe679bc59349b.jpg,PruneSID,336,336,0,71,,,13916,0,,
c48f82ad757484d6.jpg,DRIP,336,336,27,73,4819.0,40506.0,14308,31017,0.11897002913148669,0.15536641196763065
c48f82ad757484d6.jpg,Fixed,336,336,27,72,3792.0,41337.0,14112,31017,0.09173379780825895,0.12225553728600445
c48f82ad757484d6.jpg,PruneSID,336,336,27,71,6425.0,38508.0,13916,31017,0.16684844707593227,0.2071444691620724
c4931cd0ebb27f14.jpg,DRIP,336,336,4,72,3054.0,20269.0,14112,9211,0.15067344220237802,0.33156009119530994
c4931cd0ebb27f14.jpg,Fixed,336,336,4,72,1042.0,22281.0,14112,9211,0.04676630312822584,0.11312561068287917
c4931cd0ebb27f14.jpg,PruneSID,336,336,4,71,3672.0,19455.0,13916,9211,0.1887432536622976,0.3986537835197047
c4ce9cd260acf0e8.jpg,DRIP,336,336,2,72,900.0,16234.0,14112,3022,0.055439201675495875,0.29781601588352086
c4ce9cd260acf0e8.jpg,Fixed,336,336,2,72,0.0,17134.0,14112,3022,0.0,0.0
c4ce9cd260acf0e8.jpg,PruneSID,336,336,2,71,1442.0,15496.0,13916,3022,0.09305627258647393,0.4771674387822634
c4dcaff97d72a46f.jpg,DRIP,336,336,7,73,3951.0,21482.0,14308,11125,0.18392142258635136,0.35514606741573035
c4dcaff97d72a46f.jpg,Fixed,336,336,7,72,222.0,25015.0,14112,11125,0.00887467519488307,0.01995505617977528
c4dcaff97d72a46f.jpg,PruneSID,336,336,7,71,2858.0,22183.0,13916,11125,0.1288373980074832,0.2568988764044944
c5005a1df2ff4cea.jpg,DRIP,336,336,4,72,1261.0,16041.0,14112,3190,0.07861105916090019,0.3952978056426332
c5005a1df2ff4cea.jpg,Fixed,336,336,4,72,344.0,16958.0,14112,3190,0.020285411015449936,0.10783699059561129
c5005a1df2ff4cea.jpg,PruneSID,336,336,4,71,1607.0,15499.0,13916,3190,0.1036841086521711,0.5037617554858934
c5073f0e08d2f926.jpg,DRIP,336,336,2,73,784.0,16139.0,14308,2615,0.04857797880909598,0.29980879541108985
c5073f0e08d2f926.jpg,Fixed,336,336,2,72,0.0,16727.0,14112,2615,0.0,0.0
c5073f0e08d2f926.jpg,PruneSID,336,336,2,71,1588.0,14943.0,13916,2615,0.10627049454594124,0.6072657743785851
c519f4e1f3c47673.jpg,DRIP,336,336,11,72,6244.0,29400.0,14112,21532,0.2123809523809524,0.28998699609882966
c519f4e1f3c47673.jpg,Fixed,336,336,11,72,2638.0,33006.0,14112,21532,0.07992486214627643,0.12251532602637934
c519f4e1f3c47673.jpg,PruneSID,336,336,11,71,4592.0,30856.0,13916,21532,0.14882032667876588,0.21326397919375814
c51edf00492c6011.jpg,DRIP,336,336,0,72,,,14112,0,,
c51edf00492c6011.jpg,Fixed,336,336,0,72,,,14112,0,,
c51edf00492c6011.jpg,PruneSID,336,336,0,71,,,13916,0,,
c522c05d47c66d15.jpg,DRIP,336,336,16,72,4703.0,27201.0,14112,17792,0.17289805521855814,0.26433228417266186
c522c05d47c66d15.jpg,Fixed,336,336,16,72,2134.0,29770.0,14112,17792,0.07168290225058783,0.11994154676258993
c522c05d47c66d15.jpg,PruneSID,336,336,16,71,4544.0,27164.0,13916,17792,0.1672802238256516,0.25539568345323743
c55b8176180ad921.jpg,DRIP,336,336,1,73,4471.0,19152.0,14308,9315,0.23344820384294068,0.47997852925389156
c55b8176180ad921.jpg,Fixed,336,336,1,72,966.0,22461.0,14112,9315,0.04300788032589822,0.1037037037037037
c55b8176180ad921.jpg,PruneSID,336,336,1,71,2805.0,20426.0,13916,9315,0.13732497796925486,0.30112721417069244
c57fb9dba3163429.jpg,DRIP,336,336,2,73,3674.0,17022.0,14308,6388,0.215838326871108,0.5751408891671885
c57fb9dba3163429.jpg,Fixed,336,336,2,72,756.0,19744.0,14112,6388,0.03829011345218801,0.11834690043832186
c57fb9dba3163429.jpg,PruneSID,336,336,2,71,1008.0,19296.0,13916,6388,0.05223880597014925,0.15779586725109582
c5830e157900928b.jpg,DRIP,336,336,2,73,1664.0,14822.0,14308,2178,0.11226555120766428,0.7640036730945822
c5830e157900928b.jpg,Fixed,336,336,2,72,378.0,15912.0,14112,2178,0.023755656108597284,0.17355371900826447
c5830e157900928b.jpg,PruneSID,336,336,2,71,751.0,15343.0,13916,2178,0.04894740272436942,0.344811753902663
c593f4b0b290254e.jpg,DRIP,336,336,0,73,,,14308,0,,
c593f4b0b290254e.jpg,Fixed,336,336,0,72,,,14112,0,,
c593f4b0b290254e.jpg,PruneSID,336,336,0,71,,,13916,0,,
c5a92ade8149a8f8.jpg,DRIP,336,336,3,72,490.0,16953.0,14112,3331,0.028903438919365303,0.1471029720804563
c5a92ade8149a8f8.jpg,Fixed,336,336,3,72,398.0,17045.0,14112,3331,0.023349955998826635,0.11948363854698289
c5a92ade8149a8f8.jpg,PruneSID,336,336,3,71,518.0,16729.0,13916,3331,0.0309641939147588,0.15550885619933955
c5d01db7976d7704.jpg,DRIP,336,336,1,73,258.0,14725.0,14308,675,0.017521222410865876,0.38222222222222224
c5d01db7976d7704.jpg,Fixed,336,336,1,72,120.0,14667.0,14112,675,0.008181632235631009,0.17777777777777778
c5d01db7976d7704.jpg,PruneSID,336,336,1,71,420.0,14171.0,13916,675,0.02963799308446828,0.6222222222222222
c5fda1264f46be5c.jpg,DRIP,336,336,21,72,3660.0,21666.0,14112,11214,0.1689282747161451,0.3263777421080792
c5fda1264f46be5c.jpg,Fixed,336,336,21,72,1159.0,24167.0,14112,11214,0.04795795920056275,0.10335295166755841
c5fda1264f46be5c.jpg,PruneSID,336,336,21,71,4935.0,20195.0,13916,11214,0.24436741767764297,0.4400749063670412
c61aa275e9d8ccaa.jpg,DRIP,336,336,1,72,180.0,14932.0,14112,1000,0.012054647736405036,0.18
c61aa275e9d8ccaa.jpg,Fixed,336,336,1,72,300.0,14812.0,14112,1000,0.020253848231163923,0.3
c61aa275e9d8ccaa.jpg,PruneSID,336,336,1,71,322.0,14594.0,13916,1000,0.022063861861038783,0.322
c628b13e4668acd9.jpg,DRIP,336,336,9,73,3461.0,38695.0,14308,27848,0.08944308050135677,0.12428181557023844
c628b13e4668acd9.jpg,Fixed,336,336,9,72,3071.0,38889.0,14112,27848,0.07896834580472627,0.11027721918988796
c628b13e4668acd9.jpg,PruneSID,336,336,9,71,6152.0,35612.0,13916,27848,0.1727507581714029,0.2209135305946567
c631aaa23a493d28.jpg,DRIP,336,336,1,72,1348.0,16336.0,14112,3572,0.08251714005876591,0.37737961926091823
c631aaa23a493d28.jpg,Fixed,336,336,1,72,532.0,17152.0,14112,3572,0.03101679104477612,0.14893617021276595
c631aaa23a493d28.jpg,PruneSID,336,336,1,71,936.0,16552.0,13916,3572,0.05654905751570807,0.2620380739081747
c636b7cab03cf9cc.jpg,DRIP,336,336,10,72,304.0,20080.0,14112,6272,0.015139442231075698,0.04846938775510204
c636b7cab03cf9cc.jpg,Fixed,336,336,10,72,926.0,19458.0,14112,6272,0.0475896803371364,0.14764030612244897
c636b7cab03cf9cc.jpg,PruneSID,336,336,10,71,1529.0,18659.0,13916,6272,0.08194437000911088,0.24378188775510204
c65cdb6fa5ee5aae.jpg,DRIP,336,336,4,73,3102.0,16095.0,14308,4889,0.19273066169617895,0.6344855798731847
c65cdb6fa5ee5aae.jpg,Fixed,336,336,4,72,504.0,18497.0,14112,4889,0.027247661782991837,0.10308856616895071
c65cdb6fa5ee5aae.jpg,PruneSID,336,336,4,71,1445.0,17360.0,13916,4889,0.08323732718894009,0.2955614645121702
c6706d06947cc8db.jpg,DRIP,336,336,4,72,2830.0,17222.0,14112,5940,0.1643247009638834,0.4764309764309764
c6706d06947cc8db.jpg,Fixed,336,336,4,72,776.0,19276.0,14112,5940,0.04025731479560075,0.13063973063973064
c6706d06947cc8db.jpg,PruneSID,336,336,4,71,1731.0,18125.0,13916,5940,0.09550344827586207,0.2914141414141414
c6707699d5c54d46.jpg,DRIP,336,336,4,72,1361.0,14879.0,14112,2128,0.09147120102157404,0.6395676691729323
c6707699d5c54d46.jpg,Fixed,336,336,4,72,728.0,15512.0,14112,2128,0.04693140794223827,0.34210526315789475
c6707699d5c54d46.jpg,PruneSID,336,336,4,71,1061.0,14983.0,13916,2128,0.07081358873389842,0.49859022556390975
c67eab03428d7ec7.jpg,DRIP,336,336,1,73,7090.0,34672.0,14308,27454,0.2044877711121366,0.2582501639105413
c67eab03428d7ec7.jpg,Fixed,336,336,1,72,2968.0,38598.0,14112,27454,0.07689517591585056,0.10810810810810811
c67eab03428d7ec7.jpg,PruneSID,336,336,1,71,4228.0,37142.0,13916,27454,0.11383339615529589,0.15400305966343703
c6a66ea1bf90fff7.jpg,DRIP,336,336,0,72,,,14112,0,,
c6a66ea1bf90fff7.jpg,Fixed,336,336,0,72,,,14112,0,,
c6a66ea1bf90fff7.jpg,PruneSID,336,336,0,71,,,13916,0,,
c6a6b58f829cf11f.jpg,DRIP,336,336,2,72,7476.0,30913.0,14112,24277,0.241840002587908,0.30794579231371255
c6a6b58f829cf11f.jpg,Fixed,336,336,2,72,2391.0,35998.0,14112,24277,0.06642035668648258,0.09848828108909667
c6a6b58f829cf11f.jpg,PruneSID,336,336,2,71,3795.0,34398.0,13916,24277,0.11032618175475319,0.15632079746261893
c6d14c2ec786cce3.jpg,DRIP,336,336,3,73,3143.0,18497.0,14308,7332,0.16991944639671297,0.42866884888161483
c6d14c2ec786cce3.jpg,Fixed,336,336,3,72,634.0,20810.0,14112,7332,0.030466122056703508,0.08647026732133115
c6d14c2ec786cce3.jpg,PruneSID,336,336,3,71,1529.0,19719.0,13916,7332,0.07753942897712866,0.2085379159847245
c6d9a9a9344e104e.jpg,DRIP,336,336,5,73,5847.0,23070.0,14308,14609,0.253446033810143,0.4002327332466288
c6d9a9a9344e104e.jpg,Fixed,336,336,5,72,1845.0,26876.0,14112,14609,0.0686486084238726,0.12629201177356425
c6d9a9a9344e104e.jpg,PruneSID,336,336,5,71,3556.0,24969.0,13916,14609,0.14241659657975891,0.2434115955917585
c6f457b2fccaaa1a.jpg,DRIP,336,336,1,72,240.0,14592.0,14112,720,0.01644736842105263,0.3333333333333333
c6f457b2fccaaa1a.jpg,Fixed,336,336,1,72,0.0,14832.0,14112,720,0.0,0.0
c6f457b2fccaaa1a.jpg,PruneSID,336,336,1,71,240.0,14396.0,13916,720,0.01667129758266185,0.3333333333333333
c70c3610354a5e79.jpg,DRIP,336,336,45,72,2278.0,43128.0,14112,31294,0.052819514004822855,0.07279350674250655
c70c3610354a5e79.jpg,Fixed,336,336,45,72,3852.0,41554.0,14112,31294,0.09269865716898494,0.12309068831085831
c70c3610354a5e79.jpg,PruneSID,336,336,45,71,4985.0,40225.0,13916,31294,0.12392790553138595,0.15929571163801368
c720c5952345c607.jpg,DRIP,336,336,3,72,5992.0,22747.0,14112,14627,0.26341935200246186,0.40965338073425855
c720c5952345c607.jpg,Fixed,336,336,3,72,1540.0,27199.0,14112,14627,0.05661972866649509,0.105284747384973
c720c5952345c607.jpg,PruneSID,336,336,3,71,5022.0,23521.0,13916,14627,0.21351133030058245,0.3433376632255418
c7368efc7e8eb09d.jpg,DRIP,336,336,1,72,1499.0,19753.0,14112,7140,0.07588720700653065,0.20994397759103642
c7368efc7e8eb09d.jpg,Fixed,336,336,1,72,745.0,20507.0,14112,7140,0.03632905837031258,0.10434173669467788
c7368efc7e8eb09d.jpg,PruneSID,336,336,1,71,1331.0,19725.0,13916,7140,0.06747782002534854,0.18641456582633054
c7372c2a157e69c5.jpg,DRIP,336,336,15,72,8130.0,33383.0,14112,27401,0.2435371296767816,0.2967044998357724
c7372c2a157e69c5.jpg,Fixed,336,336,15,72,2551.0,38962.0,14112,27401,0.06547405164005954,0.09309879201488996
c7372c2a157e69c5.jpg,PruneSID,336,336,15,71,7273.0,34044.0,13916,27401,0.21363529549994126,0.26542826904127587
c740c3b6312705e6.jpg,DRIP,336,336,0,72,,,14112,0,,
c740c3b6312705e6.jpg,Fixed,336,336,0,72,,,14112,0,,
c740c3b6312705e6.jpg,PruneSID,336,336,0,71,,,13916,0,,
c74791981d5340bb.jpg,DRIP,336,336,5,73,6173.0,50221.0,14308,42086,0.1229167081499771,0.146675854203298
c74791981d5340bb.jpg,Fixed,336,336,5,72,5440.0,50758.0,14112,42086,0.10717522361007131,0.12925913605474504
c74791981d5340bb.jpg,PruneSID,336,336,5,71,5596.0,50406.0,13916,42086,0.11101852954013411,0.13296583186807964
c775efbcdd3c874b.jpg,DRIP,336,336,2,72,250.0,24989.0,14112,11127,0.010004401936852215,0.022467870944549294
c775efbcdd3c874b.jpg,Fixed,336,336,2,72,1166.0,24073.0,14112,11127,0.04843600714493416,0.10479015008537791
c775efbcdd3c874b.jpg,PruneSID,336,336,2,71,1316.0,23727.0,13916,11127,0.05546423905255616,0.11827087265210749
c7bf380fc62ecca9.jpg,DRIP,336,336,0,72,,,14112,0,,
c7bf380fc62ecca9.jpg,Fixed,336,336,0,72,,,14112,0,,
c7bf380fc62ecca9.jpg,PruneSID,336,336,0,71,,,13916,0,,
c7e2a58af072f582.jpg,DRIP,336,336,3,72,1292.0,17554.0,14112,4734,0.07360145835706962,0.2729193071398395
c7e2a58af072f582.jpg,Fixed,336,336,3,72,1171.0,17675.0,14112,4734,0.06625176803394625,0.24735952682720744
c7e2a58af072f582.jpg,PruneSID,336,336,3,71,2200.0,16450.0,13916,4734,0.1337386018237082,0.46472327841149136
c7fcaaba5fdf2bd8.jpg,DRIP,336,336,0,72,,,14112,0,,
c7fcaaba5fdf2bd8.jpg,Fixed,336,336,0,72,,,14112,0,,
c7fcaaba5fdf2bd8.jpg,PruneSID,336,336,0,71,,,13916,0,,
c80a03bda5046286.jpg,DRIP,336,336,1,72,596.0,14409.0,14112,893,0.04136303699076966,0.6674132138857782
c80a03bda5046286.jpg,Fixed,336,336,1,72,246.0,14759.0,14112,893,0.016667795921132867,0.27547592385218367
c80a03bda5046286.jpg,PruneSID,336,336,1,71,350.0,14459.0,13916,893,0.024206376651220694,0.3919372900335946
c818f4769a432e6e.jpg,DRIP,336,336,0,72,,,14112,0,,
c818f4769a432e6e.jpg,Fixed,336,336,0,72,,,14112,0,,
c818f4769a432e6e.jpg,PruneSID,336,336,0,71,,,13916,0,,
c84a41c2ed083c2a.jpg,DRIP,336,336,1,73,3777.0,18194.0,14308,7663,0.20759591073980432,0.49288790291008744
c84a41c2ed083c2a.jpg,Fixed,336,336,1,72,130.0,21645.0,14112,7663,0.006006006006006006,0.016964635260341903
c84a41c2ed083c2a.jpg,PruneSID,336,336,1,71,1834.0,19745.0,13916,7663,0.09288427449987338,0.23933185436513116
c8616652f54577f4.jpg,DRIP,336,336,4,72,2200.0,25093.0,14112,13181,0.08767385326585103,0.16690691146347014
c8616652f54577f4.jpg,Fixed,336,336,4,72,1022.0,26271.0,14112,13181,0.038902211564082065,0.07753584705257567
c8616652f54577f4.jpg,PruneSID,336,336,4,71,3915.0,23182.0,13916,13181,0.1688810283840911,0.29701843562703895
c88cd3e3c8f08e2a.jpg,DRIP,336,336,6,73,2825.0,19303.0,14308,7820,0.14635030824224213,0.3612531969309463
c88cd3e3c8f08e2a.jpg,Fixed,336,336,6,72,1581.0,20351.0,14112,7820,0.07768660016706795,0.20217391304347826
c88cd3e3c8f08e2a.jpg,PruneSID,336,336,6,71,1571.0,20165.0,13916,7820,0.07790726506322837,0.20089514066496164
c8a3d256acd17769.jpg,DRIP,336,336,12,73,9266.0,38144.0,14308,33102,0.24292156040268456,0.2799226632831853
c8a3d256acd17769.jpg,Fixed,336,336,12,72,3374.0,43840.0,14112,33102,0.07696167883211678,0.1019273759893662
c8a3d256acd17769.jpg,PruneSID,336,336,12,71,6576.0,40442.0,13916,33102,0.1626032342614114,0.19865869131774516
c8a8a2cbc0e4af9e.jpg,DRIP,336,336,16,72,3247.0,22067.0,14112,11202,0.14714279240494857,0.28985895375825743
c8a8a2cbc0e4af9e.jpg,Fixed,336,336,16,72,1568.0,23746.0,14112,11202,0.0660321738398046,0.13997500446348865
c8a8a2cbc0e4af9e.jpg,PruneSID,336,336,16,71,5118.0,20000.0,13916,11202,0.2559,0.45688269951794325
c8bb446b8120bc9e.jpg,DRIP,336,336,8,72,7660.0,36941.0,14112,30489,0.2073576784602474,0.2512381514644626
c8bb446b8120bc9e.jpg,Fixed,336,336,8,72,5123.0,39478.0,14112,30489,0.12976847864633467,0.16802781330971825
c8bb446b8120bc9e.jpg,PruneSID,336,336,8,71,7133.0,37272.0,13916,30489,0.19137690491521786,0.2339532290334219
c8c92c8b9250020a.jpg,DRIP,336,336,1,73,132.0,14501.0,14308,325,0.009102820495138267,0.40615384615384614
c8c92c8b9250020a.jpg,Fixed,336,336,1,72,86.0,14351.0,14112,325,0.005992613755139015,0.26461538461538464
c8c92c8b9250020a.jpg,PruneSID,336,336,1,71,132.0,14109.0,13916,325,0.009355730384860728,0.40615384615384614
c8ce0524d70710fc.jpg,DRIP,336,336,2,72,1137.0,16280.0,14112,3305,0.06984029484029484,0.34402420574886533
c8ce0524d70710fc.jpg,Fixed,336,336,2,72,714.0,16703.0,14112,3305,0.04274681194994911,0.21603630862329803
c8ce0524d70710fc.jpg,PruneSID,336,336,2,71,2012.0,15209.0,13916,3305,0.13229009139325398,0.6087745839636913
c8d8ca60388bc975.jpg,DRIP,336,336,5,72,5775.0,32720.0,14112,24383,0.17649755501222494,0.23684534306689087
c8d8ca60388bc975.jpg,Fixed,336,336,5,72,2982.0,35513.0,14112,24383,0.08396925069692789,0.12229832260181274
c8d8ca60388bc975.jpg,PruneSID,336,336,5,71,5554.0,32745.0,13916,24383,0.16961368147808825,0.22778165115039167
c8dc32aa8ad274a6.jpg,DRIP,336,336,1,73,1831.0,16698.0,14308,4221,0.10965385076057013,0.4337834636342099
c8dc32aa8ad274a6.jpg,Fixed,336,336,1,72,882.0,17451.0,14112,4221,0.05054151624548736,0.208955223880597
c8dc32aa8ad274a6.jpg,PruneSID,336,336,1,71,868.0,17269.0,13916,4221,0.05026347790839076,0.20563847429519072
c8dda228bcc4ca78.jpg,DRIP,336,336,12,72,3732.0,27671.0,14112,17291,0.13487044197896714,0.21583482736683823
c8dda228bcc4ca78.jpg,Fixed,336,336,12,72,2798.0,28605.0,14112,17291,0.09781506729592729,0.16181828697010006
c8dda228bcc4ca78.jpg,PruneSID,336,336,12,71,3881.0,27326.0,13916,17291,0.14202590939032422,0.22445202706610376
c8e20d1ab5c569da.jpg,DRIP,336,336,0,73,,,14308,0,,
c8e20d1ab5c569da.jpg,Fixed,336,336,0,72,,,14112,0,,
c8e20d1ab5c569da.jpg,PruneSID,336,336,0,71,,,13916,0,,
c8ea6575a851bb9b.jpg,DRIP,336,336,5,73,287.0,16324.0,14308,2303,0.01758147512864494,0.12462006079027356
c8ea6575a851bb9b.jpg,Fixed,336,336,5,72,0.0,16415.0,14112,2303,0.0,0.0
c8ea6575a851bb9b.jpg,PruneSID,336,336,5,71,0.0,16219.0,13916,2303,0.0,0.0
c8ec9bc6dfb7ad17.jpg,DRIP,336,336,3,73,2305.0,15407.0,14308,3404,0.14960732134743948,0.677144535840188
c8ec9bc6dfb7ad17.jpg,Fixed,336,336,3,72,1032.0,16484.0,14112,3404,0.06260616355253579,0.30317273795534666
c8ec9bc6dfb7ad17.jpg,PruneSID,336,336,3,71,1036.0,16284.0,13916,3404,0.06362073200687791,0.30434782608695654
c90664f10fd88078.jpg,DRIP,336,336,4,73,2954.0,26098.0,14308,14744,0.11318875009579278,0.20035268583830712
c90664f10fd88078.jpg,Fixed,336,336,4,72,1876.0,26980.0,14112,14744,0.06953298739807265,0.12723819858925664
c90664f10fd88078.jpg,PruneSID,336,336,4,71,1568.0,27092.0,13916,14744,0.05787686401889857,0.10634834508952794
c9271675f8fd3b88.jpg,DRIP,336,336,7,72,3046.0,21824.0,14112,10758,0.13957111436950145,0.28313812976389663
c9271675f8fd3b88.jpg,Fixed,336,336,7,72,1123.0,23747.0,14112,10758,0.047290184023245044,0.1043874326082915
c9271675f8fd3b88.jpg,PruneSID,336,336,7,71,3298.0,21376.0,13916,10758,0.15428517964071856,0.30656255809630045
c930e3ff0499dd84.jpg,DRIP,336,336,6,72,4082.0,24027.0,14112,13997,0.1698922046031548,0.29163392155461887
c930e3ff0499dd84.jpg,Fixed,336,336,6,72,1506.0,26603.0,14112,13997,0.056610156749238805,0.1075944845323998
c930e3ff0499dd84.jpg,PruneSID,336,336,6,71,3093.0,24820.0,13916,13997,0.12461724415793715,0.22097592341215974
c95288460e3f1a35.jpg,DRIP,336,336,2,72,1100.0,16904.0,14112,3892,0.06507335541883578,0.28263103802672146
c95288460e3f1a35.jpg,Fixed,336,336,2,72,511.0,17493.0,14112,3892,0.02921168467386955,0.13129496402877697
c95288460e3f1a35.jpg,PruneSID,336,336,2,71,2527.0,15281.0,13916,3892,0.16536875858909758,0.6492805755395683
c98c3557527bcdeb.jpg,DRIP,336,336,4,73,1708.0,16830.0,14308,4230,0.10148544266191326,0.4037825059101655
c98c3557527bcdeb.jpg,Fixed,336,336,4,72,615.0,17727.0,14112,4230,0.034692841428329665,0.1453900709219858
c98c3557527bcdeb.jpg,PruneSID,336,336,4,71,1071.0,17075.0,13916,4230,0.06272327964860908,0.2531914893617021
c99aaef9025b20aa.jpg,DRIP,336,336,0,72,,,14112,0,,
c99aaef9025b20aa.jpg,Fixed,336,336,0,72,,,14112,0,,
c99aaef9025b20aa.jpg,PruneSID,336,336,0,71,,,13916,0,,
c9a40ccbb87fe799.jpg,DRIP,336,336,2,73,919.0,16389.0,14308,3000,0.056074196107145036,0.30633333333333335
c9a40ccbb87fe799.jpg,Fixed,336,336,2,72,60.0,17052.0,14112,3000,0.003518648838845883,0.02
c9a40ccbb87fe799.jpg,PruneSID,336,336,2,71,350.0,16566.0,13916,3000,0.02112761076904503,0.11666666666666667
c9ba71f6d0ba0496.jpg,DRIP,336,336,1,72,,,14112,0,,
c9ba71f6d0ba0496.jpg,Fixed,336,336,1,72,,,14112,0,,
c9ba71f6d0ba0496.jpg,PruneSID,336,336,1,71,,,13916,0,,
c9cf598ae4453a95.jpg,DRIP,336,336,4,72,8428.0,63404.0,14112,57720,0.13292536748470127,0.14601524601524601
c9cf598ae4453a95.jpg,Fixed,336,336,4,72,7404.0,64428.0,14112,57720,0.114918979325759,0.12827442827442828
c9cf598ae4453a95.jpg,PruneSID,336,336,4,71,7602.0,64034.0,13916,57720,0.11871818096636162,0.1317047817047817
c9d902416037a09e.jpg,DRIP,336,336,5,72,780.0,15354.0,14112,2022,0.050801094177413054,0.3857566765578635
c9d902416037a09e.jpg,Fixed,336,336,5,72,647.0,15487.0,14112,2022,0.041776974236456384,0.3199802176063304
c9d902416037a09e.jpg,PruneSID,336,336,5,71,622.0,15316.0,13916,2022,0.040611125620266385,0.3076162215628091
c9ec14611c1b5e46.jpg,DRIP,336,336,0,73,,,14308,0,,
c9ec14611c1b5e46.jpg,Fixed,336,336,0,72,,,14112,0,,
c9ec14611c1b5e46.jpg,PruneSID,336,336,0,71,,,13916,0,,
c9eed1ca5bccf637.jpg,DRIP,336,336,1,72,980.0,16398.0,14112,3266,0.05976338577875351,0.3000612369871402
c9eed1ca5bccf637.jpg,Fixed,336,336,1,72,156.0,17222.0,14112,3266,0.00905818139588898,0.047764849969381504
c9eed1ca5bccf637.jpg,PruneSID,336,336,1,71,1750.0,15432.0,13916,3266,0.1134007257646449,0.5358236374770361
c9f3cd12043e95de.jpg,DRIP,336,336,10,72,1835.0,15893.0,14112,3616,0.1154596363178758,0.5074668141592921
c9f3cd12043e95de.jpg,Fixed,336,336,10,72,336.0,17392.0,14112,3616,0.019319227230910764,0.09292035398230089
c9f3cd12043e95de.jpg,PruneSID,336,336,10,71,1330.0,16202.0,13916,3616,0.08208863103320578,0.3678097345132743
ca02eb6ad06874b7.jpg,DRIP,336,336,1,73,415.0,14322.0,14308,429,0.02897639994414188,0.9673659673659674
ca02eb6ad06874b7.jpg,Fixed,336,336,1,72,117.0,14424.0,14112,429,0.008111480865224625,0.2727272727272727
ca02eb6ad06874b7.jpg,PruneSID,336,336,1,71,420.0,13925.0,13916,429,0.03016157989228007,0.9790209790209791
ca279fcde178427f.jpg,DRIP,336,336,1,72,9056.0,28372.0,14112,23316,0.3191879317637107,0.38840281351861383
ca279fcde178427f.jpg,Fixed,336,336,1,72,3584.0,33844.0,14112,23316,0.1058976480321475,0.15371418768227826
ca279fcde178427f.jpg,PruneSID,336,336,1,71,3120.0,34112.0,13916,23316,0.09146341463414634,0.13381369016984046
ca6bfc069a68d7bf.jpg,DRIP,336,336,7,73,3471.0,18802.0,14308,7965,0.18460802042335922,0.43578154425612053
ca6bfc069a68d7bf.jpg,Fixed,336,336,7,72,1130.0,20947.0,14112,7965,0.053945672411323815,0.1418706842435656
ca6bfc069a68d7bf.jpg,PruneSID,336,336,7,71,2525.0,19356.0,13916,7965,0.13045050630295515,0.3170119271814187
ca7df728f4072636.jpg,DRIP,336,336,1,72,1189.0,15973.0,14112,3050,0.07443811431791147,0.3898360655737705
ca7df728f4072636.jpg,Fixed,336,336,1,72,0.0,17162.0,14112,3050,0.0,0.0
ca7df728f4072636.jpg,PruneSID,336,336,1,71,1168.0,15798.0,13916,3050,0.07393340929231548,0.3829508196721311
ca84693dd06a5d40.jpg,DRIP,336,336,1,72,560.0,16688.0,14112,3136,0.03355704697986577,0.17857142857142858
ca84693dd06a5d40.jpg,Fixed,336,336,1,72,392.0,16856.0,14112,3136,0.023255813953488372,0.125
ca84693dd06a5d40.jpg,PruneSID,336,336,1,71,588.0,16464.0,13916,3136,0.03571428571428571,0.1875
caa4d9095b01888e.jpg,DRIP,336,336,2,72,4118.0,17777.0,14112,7783,0.23164763458401305,0.5291018887318515
caa4d9095b01888e.jpg,Fixed,336,336,2,72,742.0,21153.0,14112,7783,0.035077766747033515,0.09533598869330592
caa4d9095b01888e.jpg,PruneSID,336,336,2,71,1968.0,19731.0,13916,7783,0.09974152349095332,0.25285879480919954
cab45d8e7a5d8094.jpg,DRIP,336,336,0,72,,,14112,0,,
cab45d8e7a5d8094.jpg,Fixed,336,336,0,72,,,14112,0,,
cab45d8e7a5d8094.jpg,PruneSID,336,336,0,71,,,13916,0,,
cacc844764a50fcc.jpg,DRIP,336,336,1,72,2288.0,16560.0,14112,4736,0.13816425120772946,0.4831081081081081
cacc844764a50fcc.jpg,Fixed,336,336,1,72,808.0,18040.0,14112,4736,0.04478935698447894,0.17060810810810811
cacc844764a50fcc.jpg,PruneSID,336,336,1,71,1424.0,17228.0,13916,4736,0.08265614116554447,0.30067567567567566
cacd6de8b48499f7.jpg,DRIP,336,336,3,73,674.0,14517.0,14308,883,0.04642832541158642,0.7633069082672707
cacd6de8b48499f7.jpg,Fixed,336,336,3,72,0.0,14995.0,14112,883,0.0,0.0
cacd6de8b48499f7.jpg,PruneSID,336,336,3,71,526.0,14273.0,13916,883,0.03685279899110208,0.5956964892412231
cae18a2a67cc4035.jpg,DRIP,336,336,4,72,1907.0,17536.0,14112,5331,0.10874771897810219,0.35771900206340274
cae18a2a67cc4035.jpg,Fixed,336,336,4,72,952.0,18491.0,14112,5331,0.05148450597588016,0.1785781279309698
cae18a2a67cc4035.jpg,PruneSID,336,336,4,71,3230.0,16017.0,13916,5331,0.20166073546856464,0.6058900769086475
cae70efd6016a666.jpg,DRIP,336,336,1,72,36.0,14375.0,14112,299,0.0025043478260869567,0.12040133779264214
cae70efd6016a666.jpg,Fixed,336,336,1,72,0.0,14411.0,14112,299,0.0,0.0
cae70efd6016a666.jpg,PruneSID,336,336,1,71,207.0,14008.0,13916,299,0.014777270131353512,0.6923076923076923
caef3d1e97c2cf15.jpg,DRIP,336,336,0,72,,,14112,0,,
caef3d1e97c2cf15.jpg,Fixed,336,336,0,72,,,14112,0,,
caef3d1e97c2cf15.jpg,PruneSID,336,336,0,71,,,13916,0,,
cafce599b5f8bad8.jpg,DRIP,336,336,0,72,,,14112,0,,
cafce599b5f8bad8.jpg,Fixed,336,336,0,72,,,14112,0,,
cafce599b5f8bad8.jpg,PruneSID,336,336,0,71,,,13916,0,,
cb26499cae74775c.jpg,DRIP,336,336,7,72,757.0,19237.0,14112,5882,0.03935125019493684,0.1286977218633118
cb26499cae74775c.jpg,Fixed,336,336,7,72,826.0,19168.0,14112,5882,0.04309265442404007,0.14042842570554234
cb26499cae74775c.jpg,PruneSID,336,336,7,71,1639.0,18159.0,13916,5882,0.09025827413403822,0.2786467188031282
cb59631efbbeeadc.jpg,DRIP,336,336,61,73,6229.0,59419.0,14308,51340,0.10483178781197933,0.12132839890923257
cb59631efbbeeadc.jpg,Fixed,336,336,61,72,5961.0,59491.0,14112,51340,0.10020003025667748,0.11610829762368524
cb59631efbbeeadc.jpg,PruneSID,336,336,61,71,7163.0,58093.0,13916,51340,0.12330229115383953,0.13952084144916244
cb5ccdebc29f1a37.jpg,DRIP,336,336,2,72,1512.0,17070.0,14112,4470,0.08857644991212654,0.338255033557047
cb5ccdebc29f1a37.jpg,Fixed,336,336,2,72,434.0,18148.0,14112,4470,0.02391448093453824,0.0970917225950783
cb5ccdebc29f1a37.jpg,PruneSID,336,336,2,71,1106.0,17280.0,13916,4470,0.06400462962962963,0.24742729306487696
cb608c4b326ff117.jpg,DRIP,336,336,2,72,849.0,30214.0,14112,16951,0.02809955649698815,0.05008554067606631
cb608c4b326ff117.jpg,Fixed,336,336,2,72,2296.0,28767.0,14112,16951,0.07981367539194216,0.13544923603327239
cb608c4b326ff117.jpg,PruneSID,336,336,2,71,3142.0,27725.0,13916,16951,0.1133273219116321,0.18535779600023597
cb8c1e4d0ba9b4fb.jpg,DRIP,336,336,0,72,,,14112,0,,
cb8c1e4d0ba9b4fb.jpg,Fixed,336,336,0,72,,,14112,0,,
cb8c1e4d0ba9b4fb.jpg,PruneSID,336,336,0,71,,,13916,0,,
cbaa262aa370a64e.jpg,DRIP,336,336,0,72,,,14112,0,,
cbaa262aa370a64e.jpg,Fixed,336,336,0,72,,,14112,0,,
cbaa262aa370a64e.jpg,PruneSID,336,336,0,71,,,13916,0,,
cbc82d6dbafa5966.jpg,DRIP,336,336,7,73,2755.0,18995.0,14308,7442,0.1450381679389313,0.37019618382155334
cbc82d6dbafa5966.jpg,Fixed,336,336,7,72,799.0,20755.0,14112,7442,0.0384967477716213,0.10736361193227627
cbc82d6dbafa5966.jpg,PruneSID,336,336,7,71,2871.0,18487.0,13916,7442,0.155298317736788,0.38578339156140823
cbf35b61f360bc1f.jpg,DRIP,336,336,1,72,3948.0,17301.0,14112,7137,0.22819490202878445,0.5531736023539302
cbf35b61f360bc1f.jpg,Fixed,336,336,1,72,854.0,20395.0,14112,7137,0.04187300809021819,0.11965811965811966
cbf35b61f360bc1f.jpg,PruneSID,336,336,1,71,1281.0,19772.0,13916,7137,0.06478858992514668,0.1794871794871795
cbf63fa904a81837.jpg,DRIP,336,336,5,73,5249.0,48884.0,14308,39825,0.10737664675558464,0.1318016321406152
cbf63fa904a81837.jpg,Fixed,336,336,5,72,5967.0,47970.0,14112,39825,0.12439024390243902,0.14983050847457627
cbf63fa904a81837.jpg,PruneSID,336,336,5,71,7868.0,45873.0,13916,39825,0.17151701436574893,0.19756434400502196
cc18a902757ee29b.jpg,DRIP,336,336,0,72,,,14112,0,,
cc18a902757ee29b.jpg,Fixed,336,336,0,72,,,14112,0,,
cc18a902757ee29b.jpg,PruneSID,336,336,0,71,,,13916,0,,
cc2e2539c39414c8.jpg,DRIP,336,336,3,72,1240.0,15429.0,14112,2557,0.08036813792209475,0.48494329292139227
cc2e2539c39414c8.jpg,Fixed,336,336,3,72,294.0,16375.0,14112,2557,0.017954198473282442,0.11497849041845913
cc2e2539c39414c8.jpg,PruneSID,336,336,3,71,672.0,15801.0,13916,2557,0.04252895386367951,0.26280797809933515
cc3b0981d7a9f482.jpg,DRIP,336,336,0,73,,,14308,0,,
cc3b0981d7a9f482.jpg,Fixed,336,336,0,72,,,14112,0,,
cc3b0981d7a9f482.jpg,PruneSID,336,336,0,71,,,13916,0,,
cc47da48ff76478a.jpg,DRIP,336,336,2,73,1304.0,17463.0,14308,4459,0.07467216400389395,0.2924422516259251
cc47da48ff76478a.jpg,Fixed,336,336,2,72,602.0,17969.0,14112,4459,0.03350214257888586,0.13500784929356358
cc47da48ff76478a.jpg,PruneSID,336,336,2,71,1024.0,17351.0,13916,4459,0.059016771367644515,0.22964790311729089
cc483568873edd96.jpg,DRIP,336,336,70,72,8814.0,59928.0,14112,54630,0.14707649179014817,0.16133992311916528
cc483568873edd96.jpg,Fixed,336,336,70,72,7291.0,61451.0,14112,54630,0.11864737758539325,0.13346146805784367
cc483568873edd96.jpg,PruneSID,336,336,70,71,9140.0,59406.0,13916,54630,0.15385651281015386,0.16730734028921837
cc6e213303d14c61.jpg,DRIP,336,336,11,72,6551.0,45445.0,14112,37884,0.1441522719771152,0.1729226058494351
cc6e213303d14c61.jpg,Fixed,336,336,11,72,5236.0,46760.0,14112,37884,0.11197604790419162,0.13821138211382114
cc6e213303d14c61.jpg,PruneSID,336,336,11,71,7805.0,43995.0,13916,37884,0.17740652346857597,0.20602365114560237
cc6f5ffd7ec306d4.jpg,DRIP,336,336,3,73,3160.0,19357.0,14308,8209,0.16324843725783955,0.38494335485442804
cc6f5ffd7ec306d4.jpg,Fixed,336,336,3,72,721.0,21600.0,14112,8209,0.03337962962962963,0.08783043001583628
cc6f5ffd7ec306d4.jpg,PruneSID,336,336,3,71,1614.0,20511.0,13916,8209,0.07868948369167764,0.1966134730174199
cc799e70f4d1be27.jpg,DRIP,336,336,7,72,2788.0,17740.0,14112,6416,0.15715896279594138,0.43453865336658354
cc799e70f4d1be27.jpg,Fixed,336,336,7,72,851.0,19677.0,14112,6416,0.043248462672155305,0.13263715710723192
cc799e70f4d1be27.jpg,PruneSID,336,336,7,71,2290.0,18042.0,13916,6416,0.1269260614122603,0.35692019950124687
cc9c3bff02242301.jpg,DRIP,336,336,3,73,1727.0,20062.0,14308,7481,0.0860831422589971,0.2308514904424542
cc9c3bff02242301.jpg,Fixed,336,336,3,72,1358.0,20235.0,14112,7481,0.06711144057326415,0.18152653388584414
cc9c3bff02242301.jpg,PruneSID,336,336,3,71,1071.0,20326.0,13916,7481,0.052691134507527305,0.14316267878625852
ccaa1f1a2718566a.jpg,DRIP,336,336,10,72,2624.0,21154.0,14112,9666,0.12404273423466011,0.271466997723981
ccaa1f1a2718566a.jpg,Fixed,336,336,10,72,1568.0,22210.0,14112,9666,0.07059882935614588,0.1622180840057935
ccaa1f1a2718566a.jpg,PruneSID,336,336,10,71,2517.0,21065.0,13916,9666,0.11948730121053881,0.260397268777157
ccb5a79ab85660c2.jpg,DRIP,336,336,2,73,922.0,14779.0,14308,1393,0.06238581771432438,0.6618808327351041
ccb5a79ab85660c2.jpg,Fixed,336,336,2,72,318.0,15187.0,14112,1393,0.020938960953447026,0.22828427853553482
ccb5a79ab85660c2.jpg,PruneSID,336,336,2,71,1081.0,14228.0,13916,1393,0.07597694686533596,0.7760229720028715
ccb8540a7d0d9243.jpg,DRIP,336,336,15,72,8139.0,56806.0,14112,50833,0.1432771186142309,0.16011252532803494
ccb8540a7d0d9243.jpg,Fixed,336,336,15,72,5152.0,59793.0,14112,50833,0.08616393223287007,0.10135148427202802
ccb8540a7d0d9243.jpg,PruneSID,336,336,15,71,6367.0,58382.0,13916,50833,0.10905758624233497,0.12525328034937935
cccc856a7ca1d5eb.jpg,DRIP,336,336,8,72,1278.0,21310.0,14112,8476,0.05997184420459878,0.15077866918357716
cccc856a7ca1d5eb.jpg,Fixed,336,336,8,72,775.0,21813.0,14112,8476,0.035529271535322975,0.09143463898065125
cccc856a7ca1d5eb.jpg,PruneSID,336,336,8,71,1997.0,20395.0,13916,8476,0.09791615592056876,0.23560641812175553
ccd024fc9abca026.jpg,DRIP,336,336,4,73,2980.0,27517.0,14308,16189,0.10829668931932987,0.18407560689356972
ccd024fc9abca026.jpg,Fixed,336,336,4,72,1722.0,28579.0,14112,16189,0.06025403268133944,0.10636852183581444
ccd024fc9abca026.jpg,PruneSID,336,336,4,71,2954.0,27151.0,13916,16189,0.10879893926558874,0.18246957810859227
ccde4043b8a15a79.jpg,DRIP,336,336,0,72,,,14112,0,,
ccde4043b8a15a79.jpg,Fixed,336,336,0,72,,,14112,0,,
ccde4043b8a15a79.jpg,PruneSID,336,336,0,71,,,13916,0,,
cd01d5766225ba2b.jpg,DRIP,336,336,1,72,8654.0,59733.0,14112,54275,0.14487804061406592,0.15944725932749884
cd01d5766225ba2b.jpg,Fixed,336,336,1,72,7014.0,61373.0,14112,54275,0.11428478321085819,0.12923076923076923
cd01d5766225ba2b.jpg,PruneSID,336,336,1,71,9632.0,58559.0,13916,54275,0.16448368312300415,0.17746660525103639
cd1fa6fd5eb2c99f.jpg,DRIP,336,336,2,72,,,14112,0,,
cd1fa6fd5eb2c99f.jpg,Fixed,336,336,2,72,,,14112,0,,
cd1fa6fd5eb2c99f.jpg,PruneSID,336,336,2,71,,,13916,0,,
cd3f9f7c7ccf7552.jpg,DRIP,336,336,7,72,6511.0,28636.0,14112,21035,0.2273711412208409,0.30953173282624197
cd3f9f7c7ccf7552.jpg,Fixed,336,336,7,72,2982.0,32165.0,14112,21035,0.0927094668117519,0.14176372712146423
cd3f9f7c7ccf7552.jpg,PruneSID,336,336,7,71,3753.0,31198.0,13916,21035,0.12029617283159177,0.1784169241739957
cd61cafbbbb03a91.jpg,DRIP,336,336,12,72,11725.0,75203.0,14112,72816,0.15591133332446844,0.16102230279059548
cd61cafbbbb03a91.jpg,Fixed,336,336,12,72,9127.0,77801.0,14112,72816,0.1173121168108379,0.12534333113601406
cd61cafbbbb03a91.jpg,PruneSID,336,336,12,71,9350.0,77382.0,13916,72816,0.1208291333901941,0.12840584486925952
cd72a6dcbbc9d2b9.jpg,DRIP,336,336,1,73,182.0,17489.0,14308,3363,0.01040654125450283,0.05411834671424324
cd72a6dcbbc9d2b9.jpg,Fixed,336,336,1,72,798.0,16677.0,14112,3363,0.047850332793667925,0.23728813559322035
cd72a6dcbbc9d2b9.jpg,PruneSID,336,336,1,71,840.0,16439.0,13916,3363,0.05109799866171908,0.24977698483496877
cd75fd55f7a10830.jpg,DRIP,336,336,1,72,713.0,15582.0,14112,2183,0.04575792581183417,0.3266147503435639
cd75fd55f7a10830.jpg,Fixed,336,336,1,72,518.0,15777.0,14112,2183,0.032832604424161756,0.23728813559322035
cd75fd55f7a10830.jpg,PruneSID,336,336,1,71,770.0,15329.0,13916,2183,0.050231587187683474,0.3527256069628951
cd8cc54debd9ff8b.jpg,DRIP,336,336,7,73,2336.0,23616.0,14308,11644,0.0989159891598916,0.20061834421161112
cd8cc54debd9ff8b.jpg,Fixed,336,336,7,72,964.0,24792.0,14112,11644,0.03888351080993869,0.0827894194434902
cd8cc54debd9ff8b.jpg,PruneSID,336,336,7,71,2800.0,22760.0,13916,11644,0.12302284710017575,0.2404671934043284
cd9e4723fd982ab0.jpg,DRIP,336,336,3,73,2966.0,32852.0,14308,21510,0.0902836965785949,0.13788935378893538
cd9e4723fd982ab0.jpg,Fixed,336,336,3,72,2186.0,33436.0,14112,21510,0.06537863380787176,0.10162715016271502
cd9e4723fd982ab0.jpg,PruneSID,336,336,3,71,3794.0,31632.0,13916,21510,0.1199418310571573,0.17638307763830777
cdbf5361fa660ff7.jpg,DRIP,336,336,3,72,10512.0,52121.0,14112,48521,0.20168454173941405,0.21664846149090083
cdbf5361fa660ff7.jpg,Fixed,336,336,3,72,7240.0,55393.0,14112,48521,0.13070243532576317,0.149213742503246
cdbf5361fa660ff7.jpg,PruneSID,336,336,3,71,6790.0,55647.0,13916,48521,0.12201915646845293,0.13993940767914922
cdce00e90d1030b2.jpg,DRIP,336,336,2,72,475.0,15426.0,14112,1789,0.030792169065214575,0.2655114589155953
cdce00e90d1030b2.jpg,Fixed,336,336,2,72,243.0,15658.0,14112,1789,0.015519223400178823,0.13583007266629402
cdce00e90d1030b2.jpg,PruneSID,336,336,2,71,714.0,14991.0,13916,1789,0.04762857714628777,0.3991056456120738
cde910e31ca76087.jpg,DRIP,336,336,2,72,221.0,15077.0,14112,1186,0.014658088479140413,0.18634064080944351
cde910e31ca76087.jpg,Fixed,336,336,2,72,182.0,15116.0,14112,1186,0.012040222281026726,0.15345699831365936
cde910e31ca76087.jpg,PruneSID,336,336,2,71,665.0,14437.0,13916,1186,0.04606220128835631,0.56070826306914
ce19e0a4099817af.jpg,DRIP,336,336,18,73,5031.0,30242.0,14308,20965,0.1663580451028371,0.2399713808728834
ce19e0a4099817af.jpg,Fixed,336,336,18,72,2410.0,32667.0,14112,20965,0.0737747574004347,0.11495349391843548
ce19e0a4099817af.jpg,PruneSID,336,336,18,71,6276.0,28605.0,13916,20965,0.2194022024121657,0.299356069639876
ce31a028d8200064.jpg,DRIP,336,336,4,72,1559.0,18584.0,14112,6031,0.08388936719758933,0.25849776156524623
ce31a028d8200064.jpg,Fixed,336,336,4,72,884.0,19259.0,14112,6031,0.045900617892933177,0.14657602387663737
ce31a028d8200064.jpg,PruneSID,336,336,4,71,1987.0,17960.0,13916,6031,0.1106347438752784,0.32946443375891227
ce49356f95ea9188.jpg,DRIP,336,336,1,73,4564.0,19604.0,14308,9860,0.23280963068761476,0.46288032454361056
ce49356f95ea9188.jpg,Fixed,336,336,1,72,1624.0,22348.0,14112,9860,0.07266869518525147,0.16470588235294117
ce49356f95ea9188.jpg,PruneSID,336,336,1,71,2156.0,21620.0,13916,9860,0.09972247918593895,0.21866125760649088
ce5c81701d1be3b0.jpg,DRIP,336,336,1,73,510.0,14378.0,14308,580,0.03547085825566838,0.8793103448275862
ce5c81701d1be3b0.jpg,Fixed,336,336,1,72,90.0,14602.0,14112,580,0.006163539241199835,0.15517241379310345
ce5c81701d1be3b0.jpg,PruneSID,336,336,1,71,580.0,13916.0,13916,580,0.04167864328830124,1.0
cead6e8729c7f9bc.jpg,DRIP,336,336,0,72,,,14112,0,,
cead6e8729c7f9bc.jpg,Fixed,336,336,0,72,,,14112,0,,
cead6e8729c7f9bc.jpg,PruneSID,336,336,0,71,,,13916,0,,
ceae5b760d375a1e.jpg,DRIP,336,336,12,72,2537.0,23570.0,14112,11995,0.10763682647433177,0.2115047936640267
ceae5b760d375a1e.jpg,Fixed,336,336,12,72,1054.0,25053.0,14112,11995,0.04207080988304794,0.08786994581075448
ceae5b760d375a1e.jpg,PruneSID,336,336,12,71,3300.0,22611.0,13916,11995,0.14594666312856575,0.27511463109629014
cee0cb5deaa1eb17.jpg,DRIP,336,336,2,73,108.0,15154.0,14308,954,0.007126831199683252,0.11320754716981132
cee0cb5deaa1eb17.jpg,Fixed,336,336,2,72,213.0,14853.0,14112,954,0.01434053726519895,0.22327044025157233
cee0cb5deaa1eb17.jpg,PruneSID,336,336,2,71,318.0,14552.0,13916,954,0.021852666300164927,0.3333333333333333
cf1c7cad93141e9e.jpg,DRIP,336,336,1,73,1512.0,14941.0,14308,2145,0.10119804564620842,0.7048951048951049
cf1c7cad93141e9e.jpg,Fixed,336,336,1,72,581.0,15676.0,14112,2145,0.03706302628221485,0.27086247086247084
cf1c7cad93141e9e.jpg,PruneSID,336,336,1,71,833.0,15228.0,13916,2145,0.05470186498555293,0.3883449883449883
cf5679eb664b61ad.jpg,DRIP,336,336,1,73,7112.0,30826.0,14308,23630,0.23071433205735417,0.30097333897587814
cf5679eb664b61ad.jpg,Fixed,336,336,1,72,3540.0,34202.0,14112,23630,0.10350271913923162,0.14980956411341514
cf5679eb664b61ad.jpg,PruneSID,336,336,1,71,4126.0,33420.0,13916,23630,0.1234590065828845,0.17460854845535337
cf9582a0d7b1c9ba.jpg,DRIP,336,336,22,72,3358.0,47812.0,14112,37058,0.07023341420563875,0.0906147120729667
cf9582a0d7b1c9ba.jpg,Fixed,336,336,22,72,4656.0,46514.0,14112,37058,0.10009889495635722,0.12564088725781208
cf9582a0d7b1c9ba.jpg,PruneSID,336,336,22,71,6110.0,44864.0,13916,37058,0.13618937232524964,0.16487667979923362
cf97e9fe7921d3f6.jpg,DRIP,336,336,0,73,,,14308,0,,
cf97e9fe7921d3f6.jpg,Fixed,336,336,0,72,,,14112,0,,
cf97e9fe7921d3f6.jpg,PruneSID,336,336,0,71,,,13916,0,,
cfac6a86c5e7bc51.jpg,DRIP,336,336,4,73,1465.0,22895.0,14308,10052,0.0639877702555143,0.14574214086748905
cfac6a86c5e7bc51.jpg,Fixed,336,336,4,72,1723.0,22441.0,14112,10052,0.07677910966534468,0.17140867489056905
cfac6a86c5e7bc51.jpg,PruneSID,336,336,4,71,1399.0,22569.0,13916,10052,0.061987682218972925,0.13917628332670115
cfce13331e46860e.jpg,DRIP,336,336,4,72,65.0,14998.0,14112,951,0.004333911188158421,0.0683491062039958
cfce13331e46860e.jpg,Fixed,336,336,4,72,94.0,14969.0,14112,951,0.006279644598837598,0.09884332281808622
cfce13331e46860e.jpg,PruneSID,336,336,4,71,196.0,14671.0,13916,951,0.013359689182741464,0.20609884332281808
cfd10d78bfa84ce5.jpg,DRIP,336,336,2,72,4550.0,24674.0,14112,15112,0.18440463645943098,0.3010852302805717
cfd10d78bfa84ce5.jpg,Fixed,336,336,2,72,2184.0,27040.0,14112,15112,0.08076923076923077,0.14452091053467442
cfd10d78bfa84ce5.jpg,PruneSID,336,336,2,71,2422.0,26606.0,13916,15112,0.09103209802300233,0.16026998411858126
cff0be367ac9c3d5.jpg,DRIP,336,336,1,72,1722.0,14993.0,14112,2603,0.11485359834589474,0.6615443718786016
cff0be367ac9c3d5.jpg,Fixed,336,336,1,72,266.0,16449.0,14112,2603,0.016171195817374917,0.10218978102189781
cff0be367ac9c3d5.jpg,PruneSID,336,336,1,71,434.0,16085.0,13916,2603,0.026981659931613305,0.16673069535151747
cffff51120c76bed.jpg,DRIP,336,336,3,72,271.0,15288.0,14112,1447,0.01772632129774987,0.18728403593642018
cffff51120c76bed.jpg,Fixed,336,336,3,72,295.0,15264.0,14112,1447,0.019326519916142558,0.2038700760193504
cffff51120c76bed.jpg,PruneSID,336,336,3,71,418.0,14945.0,13916,1447,0.027969220475075277,0.28887353144436767
d06388f63e72aa19.jpg,DRIP,336,336,76,72,2026.0,38430.0,14112,26344,0.0527192297684101,0.0769055572426359
d06388f63e72aa19.jpg,Fixed,336,336,76,72,2880.0,37576.0,14112,26344,0.07664466680860124,0.10932280595201943
d06388f63e72aa19.jpg,PruneSID,336,336,76,71,3856.0,36404.0,13916,26344,0.10592242610702121,0.14637109019131492
d0760d4dacac46a8.jpg,DRIP,336,336,0,73,,,14308,0,,
d0760d4dacac46a8.jpg,Fixed,336,336,0,72,,,14112,0,,
d0760d4dacac46a8.jpg,PruneSID,336,336,0,71,,,13916,0,,
d08dd251be734ff0.jpg,DRIP,336,336,6,72,1496.0,17273.0,14112,4657,0.08660915880275574,0.32123684775606615
d08dd251be734ff0.jpg,Fixed,336,336,6,72,773.0,17996.0,14112,4657,0.042953989775505665,0.16598668670818123
d08dd251be734ff0.jpg,PruneSID,336,336,6,71,1546.0,17027.0,13916,4657,0.09079696951899924,0.33197337341636246
d09de4e2a869a314.jpg,DRIP,336,336,2,73,2972.0,19994.0,14308,8658,0.14864459337801342,0.34326634326634325
d09de4e2a869a314.jpg,Fixed,336,336,2,72,1092.0,21678.0,14112,8658,0.050373650705784666,0.12612612612612611
d09de4e2a869a314.jpg,PruneSID,336,336,2,71,2854.0,19720.0,13916,8658,0.14472616632860041,0.3296373296373296
d0e08c3b24641270.jpg,DRIP,336,336,2,73,3856.0,24041.0,14308,13589,0.16039266253483633,0.2837589226580322
d0e08c3b24641270.jpg,Fixed,336,336,2,72,1882.0,25819.0,14112,13589,0.07289205623765443,0.1384943704466848
d0e08c3b24641270.jpg,PruneSID,336,336,2,71,2400.0,25105.0,13916,13589,0.09559848635729934,0.1766134373390242
d0e4f6fd93c5b282.jpg,DRIP,336,336,8,72,2217.0,22178.0,14112,10283,0.09996392821715214,0.2155985607313041
d0e4f6fd93c5b282.jpg,Fixed,336,336,8,72,1308.0,23087.0,14112,10283,0.05665526053623251,0.12720023339492367
d0e4f6fd93c5b282.jpg,PruneSID,336,336,8,71,3306.0,20893.0,13916,10283,0.1582348154884411,0.32150150734221533
d0ef5b3e45c0ca64.jpg,DRIP,336,336,0,72,,,14112,0,,
d0ef5b3e45c0ca64.jpg,Fixed,336,336,0,72,,,14112,0,,
d0ef5b3e45c0ca64.jpg,PruneSID,336,336,0,71,,,13916,0,,
d0f08887f2254621.jpg,DRIP,336,336,11,73,2687.0,22221.0,14308,10600,0.12092165069078799,0.25349056603773584
d0f08887f2254621.jpg,Fixed,336,336,11,72,707.0,24005.0,14112,10600,0.029452197458862735,0.06669811320754716
d0f08887f2254621.jpg,PruneSID,336,336,11,71,3236.0,21280.0,13916,10600,0.15206766917293232,0.3052830188679245
d0faf2e155330bdc.jpg,DRIP,336,336,1,73,503.0,15553.0,14308,1748,0.03234102745451038,0.2877574370709382
d0faf2e155330bdc.jpg,Fixed,336,336,1,72,0.0,15860.0,14112,1748,0.0,0.0
d0faf2e155330bdc.jpg,PruneSID,336,336,1,71,518.0,15146.0,13916,1748,0.03420044896342268,0.2963386727688787
d10e0feabd14e699.jpg,DRIP,336,336,50,72,4493.0,53358.0,14112,43739,0.08420480527755912,0.10272297034683006
d10e0feabd14e699.jpg,Fixed,336,336,50,72,4709.0,53142.0,14112,43739,0.08861164427383238,0.10766135485493496
d10e0feabd14e699.jpg,PruneSID,336,336,50,71,6384.0,51271.0,13916,43739,0.12451483294649997,0.1459566976839891
d1230e0dfb10888d.jpg,DRIP,336,336,10,73,3152.0,29110.0,14308,17954,0.10827894194434902,0.1755597638409268
d1230e0dfb10888d.jpg,Fixed,336,336,10,72,1659.0,30407.0,14112,17954,0.05455980530798829,0.09240280717388882
d1230e0dfb10888d.jpg,PruneSID,336,336,10,71,4340.0,27530.0,13916,17954,0.15764620414093716,0.24172886264899188
d127ebae32aae39a.jpg,DRIP,336,336,4,72,1912.0,16142.0,14112,3942,0.11844876719117829,0.4850329781836631
d127ebae32aae39a.jpg,Fixed,336,336,4,72,652.0,17402.0,14112,3942,0.037466957820940124,0.16539827498731607
d127ebae32aae39a.jpg,PruneSID,336,336,4,71,1985.0,15873.0,13916,3942,0.12505512505512506,0.5035514967021817
d16a7b0adff1b2de.jpg,DRIP,336,336,11,72,5884.0,21842.0,14112,13614,0.26938925006867503,0.4322021448508888
d16a7b0adff1b2de.jpg,Fixed,336,336,11,72,1861.0,25865.0,14112,13614,0.07195051227527546,0.13669751726164242
d16a7b0adff1b2de.jpg,PruneSID,336,336,11,71,4354.0,23176.0,13916,13614,0.18786675871591302,0.3198178345820479
d16af4c04f78b5aa.jpg,DRIP,336,336,1,73,36.0,14899.0,14308,627,0.0024162695482918316,0.05741626794258373
d16af4c04f78b5aa.jpg,Fixed,336,336,1,72,99.0,14640.0,14112,627,0.006762295081967213,0.15789473684210525
d16af4c04f78b5aa.jpg,PruneSID,336,336,1,71,199.0,14344.0,13916,627,0.013873396542108198,0.31738437001594894
d173cb52f25eeddd.jpg,DRIP,336,336,3,72,2028.0,19232.0,14112,7148,0.10544925124792014,0.2837157246782317
d173cb52f25eeddd.jpg,Fixed,336,336,3,72,716.0,20544.0,14112,7148,0.03485202492211838,0.10016787912702854
d173cb52f25eeddd.jpg,PruneSID,336,336,3,71,1852.0,19212.0,13916,7148,0.09639808453050178,0.2590934527140459
d193db4220154879.jpg,DRIP,336,336,0,73,,,14308,0,,
d193db4220154879.jpg,Fixed,336,336,0,72,,,14112,0,,
d193db4220154879.jpg,PruneSID,336,336,0,71,,,13916,0,,
d1b1285e7c9170fc.jpg,DRIP,336,336,4,73,4658.0,18791.0,14308,9141,0.24788462561864721,0.5095722568646757
d1b1285e7c9170fc.jpg,Fixed,336,336,4,72,826.0,22427.0,14112,9141,0.0368306059660231,0.09036210480253802
d1b1285e7c9170fc.jpg,PruneSID,336,336,4,71,2302.0,20755.0,13916,9141,0.1109130330040954,0.2518324034569522
d1e9dedab1a57636.jpg,DRIP,336,336,0,73,,,14308,0,,
d1e9dedab1a57636.jpg,Fixed,336,336,0,72,,,14112,0,,
d1e9dedab1a57636.jpg,PruneSID,336,336,0,71,,,13916,0,,
d222362444d7f282.jpg,DRIP,336,336,0,72,,,14112,0,,
d222362444d7f282.jpg,Fixed,336,336,0,72,,,14112,0,,
d222362444d7f282.jpg,PruneSID,336,336,0,71,,,13916,0,,
d2289de94783bf68.jpg,DRIP,336,336,0,72,,,14112,0,,
d2289de94783bf68.jpg,Fixed,336,336,0,72,,,14112,0,,
d2289de94783bf68.jpg,PruneSID,336,336,0,71,,,13916,0,,
d23a26a545c16f78.jpg,DRIP,336,336,53,73,9192.0,61309.0,14308,56193,0.14992904793749695,0.1635790934813945
d23a26a545c16f78.jpg,Fixed,336,336,53,72,7171.0,63134.0,14112,56193,0.11358380587322203,0.12761375972096167
d23a26a545c16f78.jpg,PruneSID,336,336,53,71,9333.0,60776.0,13916,56193,0.1535639068053179,0.1660883028135177
d2440e12ec1ea121.jpg,DRIP,336,336,1,73,1596.0,18577.0,14308,5865,0.08591268773214189,0.2721227621483376
d2440e12ec1ea121.jpg,Fixed,336,336,1,72,1190.0,18787.0,14112,5865,0.06334167243306542,0.2028985507246377
d2440e12ec1ea121.jpg,PruneSID,336,336,1,71,2142.0,17639.0,13916,5865,0.12143545552468961,0.3652173913043478
d25b2c907316e051.jpg,DRIP,336,336,8,72,9204.0,75002.0,14112,70094,0.1227167275539319,0.13130938454075955
d25b2c907316e051.jpg,Fixed,336,336,8,72,8697.0,75509.0,14112,70094,0.11517832311380101,0.12407624047707365
d25b2c907316e051.jpg,PruneSID,336,336,8,71,9299.0,74711.0,13916,70094,0.12446627671962629,0.1326647073929295
d26f0d74fcedf564.jpg,DRIP,336,336,0,72,,,14112,0,,
d26f0d74fcedf564.jpg,Fixed,336,336,0,72,,,14112,0,,
d26f0d74fcedf564.jpg,PruneSID,336,336,0,71,,,13916,0,,
d2af5ee28b5a79ce.jpg,DRIP,336,336,3,73,1678.0,16111.0,14308,3481,0.10415244243063745,0.4820453892559609
d2af5ee28b5a79ce.jpg,Fixed,336,336,3,72,532.0,17061.0,14112,3481,0.031182228474298107,0.15282964665326057
d2af5ee28b5a79ce.jpg,PruneSID,336,336,3,71,1256.0,16141.0,13916,3481,0.07781426181773124,0.3608158575122091
d2b67ea246693cdc.jpg,DRIP,336,336,3,73,1290.0,19958.0,14308,6940,0.06463573504359155,0.18587896253602307
d2b67ea246693cdc.jpg,Fixed,336,336,3,72,703.0,20349.0,14112,6940,0.03454715219421102,0.10129682997118156
d2b67ea246693cdc.jpg,PruneSID,336,336,3,71,1752.0,19104.0,13916,6940,0.09170854271356783,0.2524495677233429
d2e34ed134258908.jpg,DRIP,336,336,0,72,,,14112,0,,
d2e34ed134258908.jpg,Fixed,336,336,0,72,,,14112,0,,
d2e34ed134258908.jpg,PruneSID,336,336,0,71,,,13916,0,,
d3006fae309edba7.jpg,DRIP,336,336,40,72,8707.0,57057.0,14112,51652,0.15260178418073156,0.16857043289708046
d3006fae309edba7.jpg,Fixed,336,336,40,72,6997.0,58767.0,14112,51652,0.11906341994656865,0.13546426082242702
d3006fae309edba7.jpg,PruneSID,336,336,40,71,7164.0,58404.0,13916,51652,0.12266283131292377,0.13869743669170603
d31724a0e1a6889d.jpg,DRIP,336,336,0,73,,,14308,0,,
d31724a0e1a6889d.jpg,Fixed,336,336,0,72,,,14112,0,,
d31724a0e1a6889d.jpg,PruneSID,336,336,0,71,,,13916,0,,
d34862230978401c.jpg,DRIP,336,336,1,72,,,14112,0,,
d34862230978401c.jpg,Fixed,336,336,1,72,,,14112,0,,
d34862230978401c.jpg,PruneSID,336,336,1,71,,,13916,0,,
d3637f148c5612e4.jpg,DRIP,336,336,2,72,539.0,15521.0,14112,1948,0.03472714386959603,0.276694045174538
d3637f148c5612e4.jpg,Fixed,336,336,2,72,532.0,15528.0,14112,1948,0.03426069036579083,0.2731006160164271
d3637f148c5612e4.jpg,PruneSID,336,336,2,71,763.0,15101.0,13916,1948,0.05052645520164228,0.39168377823408623
d39d71d4a0287360.jpg,DRIP,336,336,18,73,8398.0,52064.0,14308,46154,0.16130147510755993,0.18195606014646618
d39d71d4a0287360.jpg,Fixed,336,336,18,72,5521.0,54745.0,14112,46154,0.10084939263859713,0.1196212679291069
d39d71d4a0287360.jpg,PruneSID,336,336,18,71,7824.0,52246.0,13916,46154,0.14975309114573365,0.16951943493521687
d3a3150761068f75.jpg,DRIP,336,336,0,73,,,14308,0,,
d3a3150761068f75.jpg,Fixed,336,336,0,72,,,14112,0,,
d3a3150761068f75.jpg,PruneSID,336,336,0,71,,,13916,0,,
d3bbfbd2ca8e68d0.jpg,DRIP,336,336,3,73,2139.0,16659.0,14308,4490,0.12839906356924186,0.47639198218262807
d3bbfbd2ca8e68d0.jpg,Fixed,336,336,3,72,1129.0,17473.0,14112,4490,0.0646139758484519,0.2514476614699332
d3bbfbd2ca8e68d0.jpg,PruneSID,336,336,3,71,1816.0,16590.0,13916,4490,0.10946353224834238,0.4044543429844098
d3e95ff33f0bea56.jpg,DRIP,336,336,32,72,5098.0,41615.0,14112,32601,0.12250390484200409,0.15637557130149382
d3e95ff33f0bea56.jpg,Fixed,336,336,32,72,4247.0,42466.0,14112,32601,0.100009419300146,0.13027207754363362
d3e95ff33f0bea56.jpg,PruneSID,336,336,32,71,6912.0,39605.0,13916,32601,0.17452341876025754,0.21201803625655655
d40499fd5b63346b.jpg,DRIP,336,336,0,72,,,14112,0,,
d40499fd5b63346b.jpg,Fixed,336,336,0,72,,,14112,0,,
d40499fd5b63346b.jpg,PruneSID,336,336,0,71,,,13916,0,,
d42cd6e2dc38b62f.jpg,DRIP,336,336,4,73,2567.0,20201.0,14308,8460,0.1270729171823177,0.3034278959810875
d42cd6e2dc38b62f.jpg,Fixed,336,336,4,72,1032.0,21540.0,14112,8460,0.0479108635097493,0.12198581560283688
d42cd6e2dc38b62f.jpg,PruneSID,336,336,4,71,1696.0,20680.0,13916,8460,0.08201160541586074,0.2004728132387707
d446e470f7ec0dd9.jpg,DRIP,336,336,8,73,6909.0,32529.0,14308,25130,0.21239509360877987,0.2749303621169916
d446e470f7ec0dd9.jpg,Fixed,336,336,8,72,2776.0,36466.0,14112,25130,0.07612570613722372,0.11046557898925587
d446e470f7ec0dd9.jpg,PruneSID,336,336,8,71,4615.0,34431.0,13916,25130,0.13403618831866632,0.1836450457620374
d46c86089079ee79.jpg,DRIP,336,336,4,72,1619.0,17960.0,14112,5467,0.09014476614699332,0.2961404792390708
d46c86089079ee79.jpg,Fixed,336,336,4,72,903.0,18676.0,14112,5467,0.04835082458770615,0.16517285531370038
d46c86089079ee79.jpg,PruneSID,336,336,4,71,1641.0,17742.0,13916,5467,0.09249239093676023,0.3001646241082861
d476739ccdbe9898.jpg,DRIP,336,336,0,72,,,14112,0,,
d476739ccdbe9898.jpg,Fixed,336,336,0,72,,,14112,0,,
d476739ccdbe9898.jpg,PruneSID,336,336,0,71,,,13916,0,,
d4b9b56e8b2a1ed5.jpg,DRIP,336,336,3,72,2842.0,18190.0,14112,6920,0.15623969213853767,0.4106936416184971
d4b9b56e8b2a1ed5.jpg,Fixed,336,336,3,72,1106.0,19926.0,14112,6920,0.0555053698685135,0.1598265895953757
d4b9b56e8b2a1ed5.jpg,PruneSID,336,336,3,71,2563.0,18273.0,13916,6920,0.14026158813550046,0.3703757225433526
d4d3781de1e36334.jpg,DRIP,336,336,1,73,485.0,14434.0,14308,611,0.0336012193432174,0.7937806873977087
d4d3781de1e36334.jpg,Fixed,336,336,1,72,182.0,14541.0,14112,611,0.01251633312702015,0.2978723404255319
d4d3781de1e36334.jpg,PruneSID,336,336,1,71,394.0,14133.0,13916,611,0.027878015990943184,0.6448445171849427
d515b9f642e713ea.jpg,DRIP,336,336,3,72,5404.0,16784.0,14112,8076,0.32197330791229745,0.6691431401684002
d515b9f642e713ea.jpg,Fixed,336,336,3,72,1036.0,21152.0,14112,8076,0.048978819969742814,0.12828132738979692
d515b9f642e713ea.jpg,PruneSID,336,336,3,71,2658.0,19334.0,13916,8076,0.13747801799937934,0.3291233283803863
d5298049524bd456.jpg,DRIP,336,336,1,72,712.0,14125.0,14112,725,0.0504070796460177,0.9820689655172414
d5298049524bd456.jpg,Fixed,336,336,1,72,0.0,14837.0,14112,725,0.0,0.0
d5298049524bd456.jpg,PruneSID,336,336,1,71,376.0,14265.0,13916,725,0.026358219418156328,0.5186206896551724
d54e6d457355b017.jpg,DRIP,336,336,5,73,6472.0,28901.0,14308,21065,0.22393688799695513,0.30723949679563256
d54e6d457355b017.jpg,Fixed,336,336,5,72,2296.0,32881.0,14112,21065,0.06982755998905142,0.1089959648706385
d54e6d457355b017.jpg,PruneSID,336,336,5,71,5197.0,29784.0,13916,21065,0.17448965887724954,0.24671255637313078
d5542a3db60eedf5.jpg,DRIP,336,336,8,72,1441.0,17155.0,14112,4484,0.08399883415913728,0.32136485280999105
d5542a3db60eedf5.jpg,Fixed,336,336,8,72,356.0,18240.0,14112,4484,0.019517543859649124,0.07939339875111508
d5542a3db60eedf5.jpg,PruneSID,336,336,8,71,2819.0,15581.0,13916,4484,0.18092548616905205,0.6286797502230151
d560bf438f687312.jpg,DRIP,336,336,9,72,2556.0,31268.0,14112,19712,0.08174491492900089,0.1296672077922078
d560bf438f687312.jpg,Fixed,336,336,9,72,3800.0,30024.0,14112,19712,0.1265654143351985,0.19277597402597402
d560bf438f687312.jpg,PruneSID,336,336,9,71,6099.0,27529.0,13916,19712,0.22154818554978387,0.3094054383116883
d56f2325b2894c78.jpg,DRIP,336,336,2,72,351.0,14645.0,14112,884,0.02396722430863776,0.39705882352941174
d56f2325b2894c78.jpg,Fixed,336,336,2,72,91.0,14905.0,14112,884,0.006105333780610534,0.10294117647058823
d56f2325b2894c78.jpg,PruneSID,336,336,2,71,476.0,14324.0,13916,884,0.0332309410779112,0.5384615384615384
d5891e4c4653057f.jpg,DRIP,336,336,2,73,543.0,15368.0,14308,1603,0.0353331598125976,0.33873986275733
d5891e4c4653057f.jpg,Fixed,336,336,2,72,0.0,15715.0,14112,1603,0.0,0.0
d5891e4c4653057f.jpg,PruneSID,336,336,2,71,725.0,14794.0,13916,1603,0.049006353927267814,0.45227698066126015
d5c8c24cf6729da4.jpg,DRIP,336,336,15,72,2092.0,22182.0,14112,10162,0.09431070237129204,0.20586498720724267
d5c8c24cf6729da4.jpg,Fixed,336,336,15,72,982.0,23292.0,14112,10162,0.04216039842005839,0.0966345207636292
d5c8c24cf6729da4.jpg,PruneSID,336,336,15,71,3794.0,20284.0,13916,10162,0.18704397554722935,0.3733517024207833
d5ccd36c19120929.jpg,DRIP,336,336,1,72,0.0,14871.0,14112,759,0.0,0.0
d5ccd36c19120929.jpg,Fixed,336,336,1,72,294.0,14577.0,14112,759,0.02016875900391027,0.38735177865612647
d5ccd36c19120929.jpg,PruneSID,336,336,1,71,168.0,14507.0,13916,759,0.0115806162542221,0.22134387351778656
d5f70fa76d905f86.jpg,DRIP,336,336,4,73,1705.0,14942.0,14308,2339,0.11410788381742738,0.7289439931594699
d5f70fa76d905f86.jpg,Fixed,336,336,4,72,226.0,16225.0,14112,2339,0.013929121725731896,0.09662248824283882
d5f70fa76d905f86.jpg,PruneSID,336,336,4,71,1184.0,15071.0,13916,2339,0.07856147568177294,0.5061992304403591
d6094f5f6ca92537.jpg,DRIP,336,336,3,72,396.0,14735.0,14112,1019,0.026874787919918562,0.3886162904808636
d6094f5f6ca92537.jpg,Fixed,336,336,3,72,110.0,15021.0,14112,1019,0.007323081019905466,0.10794896957801767
d6094f5f6ca92537.jpg,PruneSID,336,336,3,71,564.0,14371.0,13916,1019,0.039245703152181476,0.5534838076545633
d622dc602765f427.jpg,DRIP,336,336,9,72,1917.0,19524.0,14112,7329,0.09818684695759065,0.261563651248465
d622dc602765f427.jpg,Fixed,336,336,9,72,830.0,20611.0,14112,7329,0.040269758866624615,0.1132487378905717
d622dc602765f427.jpg,PruneSID,336,336,9,71,2477.0,18768.0,13916,7329,0.13197996589940325,0.3379724382589712
d62492cee124713e.jpg,DRIP,336,336,2,73,2590.0,20660.0,14308,8942,0.12536302032913843,0.2896443748602102
d62492cee124713e.jpg,Fixed,336,336,2,72,90.0,22964.0,14112,8942,0.003919177843581258,0.010064862446879893
d62492cee124713e.jpg,PruneSID,336,336,2,71,1176.0,21682.0,13916,8942,0.05423853888017711,0.1315142026392306
d6763fc14413bba4.jpg,DRIP,336,336,6,73,3240.0,21337.0,14308,10269,0.15184890097014575,0.31551270815074495
d6763fc14413bba4.jpg,Fixed,336,336,6,72,1256.0,23125.0,14112,10269,0.05431351351351351,0.12230986464115298
d6763fc14413bba4.jpg,PruneSID,336,336,6,71,3510.0,20675.0,13916,10269,0.169770253929867,0.3418054338299737
d6a13284abb93a52.jpg,DRIP,336,336,7,73,1980.0,17403.0,14308,5075,0.11377348732977073,0.3901477832512315
d6a13284abb93a52.jpg,Fixed,336,336,7,72,826.0,18361.0,14112,5075,0.04498665650019062,0.16275862068965516
d6a13284abb93a52.jpg,PruneSID,336,336,7,71,1584.0,17407.0,13916,5075,0.09099787441833745,0.3121182266009852
d6cb1656ac4fc989.jpg,DRIP,336,336,5,72,2884.0,24132.0,14112,12904,0.11950936515829604,0.22349659020458773
d6cb1656ac4fc989.jpg,Fixed,336,336,5,72,1786.0,25230.0,14112,12904,0.07078874355925485,0.1384066955982641
d6cb1656ac4fc989.jpg,PruneSID,336,336,5,71,3070.0,23750.0,13916,12904,0.12926315789473683,0.23791072535647861
d72635b52f3f35fe.jpg,DRIP,336,336,5,73,11172.0,40804.0,14308,37668,0.273796686599353,0.2965912711054476
d72635b52f3f35fe.jpg,Fixed,336,336,5,72,4868.0,46912.0,14112,37668,0.103768758526603,0.1292343633853669
d72635b52f3f35fe.jpg,PruneSID,336,336,5,71,4746.0,46838.0,13916,37668,0.10132798155343951,0.12599553998088564
d73301e08e412143.jpg,DRIP,336,336,2,73,214.0,14507.0,14308,413,0.014751499276211484,0.5181598062953995
d73301e08e412143.jpg,Fixed,336,336,2,72,0.0,14525.0,14112,413,0.0,0.0
d73301e08e412143.jpg,PruneSID,336,336,2,71,31.0,14298.0,13916,413,0.0021681354035529444,0.07506053268765134
d7399c496b57791b.jpg,DRIP,336,336,0,73,,,14308,0,,
d7399c496b57791b.jpg,Fixed,336,336,0,72,,,14112,0,,
d7399c496b57791b.jpg,PruneSID,336,336,0,71,,,13916,0,,
d73eff1103e8c43e.jpg,DRIP,336,336,6,73,6112.0,20734.0,14308,12538,0.294781518279155,0.487478066677301
d73eff1103e8c43e.jpg,Fixed,336,336,6,72,1705.0,24945.0,14112,12538,0.06835037081579474,0.13598660073376934
d73eff1103e8c43e.jpg,PruneSID,336,336,6,71,2970.0,23484.0,13916,12538,0.12646908533469597,0.2368798851491466
d752ed9c0a5bf0fd.jpg,DRIP,336,336,2,73,266.0,15072.0,14308,1030,0.017648619957537155,0.258252427184466
d752ed9c0a5bf0fd.jpg,Fixed,336,336,2,72,102.0,15040.0,14112,1030,0.0067819148936170215,0.09902912621359224
d752ed9c0a5bf0fd.jpg,PruneSID,336,336,2,71,358.0,14588.0,13916,1030,0.02454071839868385,0.34757281553398056
d7ba2a258521e8cf.jpg,DRIP,336,336,2,73,6482.0,25755.0,14308,17929,0.25167928557561636,0.36153717441017347
d7ba2a258521e8cf.jpg,Fixed,336,336,2,72,1722.0,30319.0,14112,17929,0.056796068471915304,0.09604551285626639
d7ba2a258521e8cf.jpg,PruneSID,336,336,2,71,2208.0,29637.0,13916,17929,0.07450146775989473,0.12315243460315689
d7c0a6f1f977e3c0.jpg,DRIP,336,336,2,73,3950.0,20593.0,14308,10235,0.19181275190598748,0.3859306301905227
d7c0a6f1f977e3c0.jpg,Fixed,336,336,2,72,1010.0,23337.0,14112,10235,0.043278913313622144,0.0986809965803615
d7c0a6f1f977e3c0.jpg,PruneSID,336,336,2,71,4080.0,20071.0,13916,10235,0.20327836181555478,0.39863214460185636
d843ff5df246c166.jpg,DRIP,336,336,19,73,6767.0,34849.0,14308,27308,0.19418060776492868,0.24780284165812216
d843ff5df246c166.jpg,Fixed,336,336,19,72,2880.0,38540.0,14112,27308,0.07472755578619616,0.10546360041013622
d843ff5df246c166.jpg,PruneSID,336,336,19,71,5754.0,35470.0,13916,27308,0.16222159571468847,0.21070748498608466
d844791cda43c520.jpg,DRIP,336,336,2,73,1162.0,17984.0,14308,4838,0.06461298932384342,0.24018189334435716
d844791cda43c520.jpg,Fixed,336,336,2,72,470.0,18480.0,14112,4838,0.025432900432900432,0.09714758164530798
d844791cda43c520.jpg,PruneSID,336,336,2,71,1002.0,17752.0,13916,4838,0.05644434429923389,0.20711037618850764
d84ba777116deca8.jpg,DRIP,336,336,0,72,,,14112,0,,
d84ba777116deca8.jpg,Fixed,336,336,0,72,,,14112,0,,
d84ba777116deca8.jpg,PruneSID,336,336,0,71,,,13916,0,,
d85af6144fc80f43.jpg,DRIP,336,336,2,73,854.0,15727.0,14308,2273,0.054301519679532013,0.37571491421029474
d85af6144fc80f43.jpg,Fixed,336,336,2,72,45.0,16340.0,14112,2273,0.0027539779681762548,0.019797624285085788
d85af6144fc80f43.jpg,PruneSID,336,336,2,71,871.0,15318.0,13916,2273,0.05686120903512208,0.38319401671799386
d87f51217798fc41.jpg,DRIP,336,336,0,73,,,14308,0,,
d87f51217798fc41.jpg,Fixed,336,336,0,72,,,14112,0,,
d87f51217798fc41.jpg,PruneSID,336,336,0,71,,,13916,0,,
d8800354e8ab991e.jpg,DRIP,336,336,1,73,1568.0,15922.0,14308,3182,0.09848009044089938,0.4927718416090509
d8800354e8ab991e.jpg,Fixed,336,336,1,72,518.0,16776.0,14112,3182,0.030877443967572724,0.16279069767441862
d8800354e8ab991e.jpg,PruneSID,336,336,1,71,1064.0,16034.0,13916,3182,0.06635898715230136,0.3343808925204274
d891143be43b70ff.jpg,DRIP,336,336,0,72,,,14112,0,,
d891143be43b70ff.jpg,Fixed,336,336,0,72,,,14112,0,,
d891143be43b70ff.jpg,PruneSID,336,336,0,71,,,13916,0,,
d89857f08c1900f0.jpg,DRIP,336,336,2,73,1624.0,15595.0,14308,2911,0.10413594100673293,0.557883888698042
d89857f08c1900f0.jpg,Fixed,336,336,2,72,395.0,16628.0,14112,2911,0.023755111859514073,0.13569220199244245
d89857f08c1900f0.jpg,PruneSID,336,336,2,71,995.0,15832.0,13916,2911,0.06284739767559373,0.3418069391961525
d8b2f5483ce39702.jpg,DRIP,336,336,1,73,7378.0,30041.0,14308,23111,0.24559768316633934,0.31924191943230495
d8b2f5483ce39702.jpg,Fixed,336,336,1,72,3292.0,33931.0,14112,23111,0.0970204238012437,0.14244299251438708
d8b2f5483ce39702.jpg,PruneSID,336,336,1,71,5061.0,31966.0,13916,23111,0.15832446974910844,0.21898662974341224
d8bee3b52087d4a6.jpg,DRIP,336,336,8,73,7372.0,31737.0,14308,24801,0.2322840848221319,0.2972460787871457
d8bee3b52087d4a6.jpg,Fixed,336,336,8,72,2776.0,36137.0,14112,24801,0.07681877300273958,0.11193097052538203
d8bee3b52087d4a6.jpg,PruneSID,336,336,8,71,4791.0,33926.0,13916,24801,0.14121912397571185,0.19317769444780453
d92d8a020969a2d3.jpg,DRIP,336,336,0,72,,,14112,0,,
d92d8a020969a2d3.jpg,Fixed,336,336,0,72,,,14112,0,,
d92d8a020969a2d3.jpg,PruneSID,336,336,0,71,,,13916,0,,
d9326e5ca4a41dd7.jpg,DRIP,336,336,8,72,4854.0,26148.0,14112,16890,0.18563561266636072,0.28738898756660747
d9326e5ca4a41dd7.jpg,Fixed,336,336,8,72,2080.0,28922.0,14112,16890,0.07191757139893507,0.123149792776791
d9326e5ca4a41dd7.jpg,PruneSID,336,336,8,71,4606.0,26200.0,13916,16890,0.17580152671755725,0.2727057430432208
d99b90b6302c936e.jpg,DRIP,336,336,0,72,,,14112,0,,
d99b90b6302c936e.jpg,Fixed,336,336,0,72,,,14112,0,,
d99b90b6302c936e.jpg,PruneSID,336,336,0,71,,,13916,0,,
d9a19adcee0e2eba.jpg,DRIP,336,336,30,73,8901.0,48418.0,14308,43011,0.18383658969804617,0.2069470600544047
d9a19adcee0e2eba.jpg,Fixed,336,336,30,72,5840.0,51283.0,14112,43011,0.11387789325897471,0.1357792192694892
d9a19adcee0e2eba.jpg,PruneSID,336,336,30,71,8095.0,48832.0,13916,43011,0.16577244429882046,0.1882076678059101
d9b35c813fa0a72f.jpg,DRIP,336,336,2,72,384.0,16107.0,14112,2379,0.02384056621344757,0.1614123581336696
d9b35c813fa0a72f.jpg,Fixed,336,336,2,72,626.0,15865.0,14112,2379,0.039457926252757645,0.26313577133249266
d9b35c813fa0a72f.jpg,PruneSID,336,336,2,71,458.0,15837.0,13916,2379,0.02891961861463661,0.1925178646490122
d9d0de79f080397d.jpg,DRIP,336,336,1,72,138.0,14535.0,14112,561,0.009494324045407636,0.24598930481283424
d9d0de79f080397d.jpg,Fixed,336,336,1,72,138.0,14535.0,14112,561,0.009494324045407636,0.24598930481283424
d9d0de79f080397d.jpg,PruneSID,336,336,1,71,208.0,14269.0,13916,561,0.014577055154530802,0.37076648841354726
da0b3724106ec078.jpg,DRIP,336,336,19,73,6976.0,54541.0,14308,47209,0.1279037788086027,0.14776843398504522
da0b3724106ec078.jpg,Fixed,336,336,19,72,4951.0,56370.0,14112,47209,0.08783040624445627,0.10487407062212714
da0b3724106ec078.jpg,PruneSID,336,336,19,71,7000.0,54125.0,13916,47209,0.12933025404157045,0.14827681162490203
da3706a9f3616962.jpg,DRIP,336,336,1,73,5600.0,40427.0,14308,31719,0.13852128527963983,0.1765503326082159
da3706a9f3616962.jpg,Fixed,336,336,1,72,4074.0,41757.0,14112,31719,0.09756448020691141,0.12844036697247707
da3706a9f3616962.jpg,PruneSID,336,336,1,71,4802.0,40833.0,13916,31719,0.1176009600078368,0.15139191021154513
da47d6dd9cc5ed0d.jpg,DRIP,336,336,7,72,3644.0,24621.0,14112,14153,0.14800373664757727,0.25747191408182013
da47d6dd9cc5ed0d.jpg,Fixed,336,336,7,72,1706.0,26559.0,14112,14153,0.06423434617267217,0.1205398148802374
da47d6dd9cc5ed0d.jpg,PruneSID,336,336,7,71,3239.0,24830.0,13916,14153,0.13044703987112363,0.22885607291740268
dab49ece62937464.jpg,DRIP,336,336,0,73,,,14308,0,,
dab49ece62937464.jpg,Fixed,336,336,0,72,,,14112,0,,
dab49ece62937464.jpg,PruneSID,336,336,0,71,,,13916,0,,
dab80ee6e59bafab.jpg,DRIP,336,336,0,73,,,14308,0,,
dab80ee6e59bafab.jpg,Fixed,336,336,0,72,,,14112,0,,
dab80ee6e59bafab.jpg,PruneSID,336,336,0,71,,,13916,0,,
dab8c43fb5355c5f.jpg,DRIP,336,336,16,72,3953.0,24657.0,14112,14498,0.160319584702113,0.27265829769623395
dab8c43fb5355c5f.jpg,Fixed,336,336,16,72,1971.0,26639.0,14112,14498,0.07398926386125605,0.13594978617740378
dab8c43fb5355c5f.jpg,PruneSID,336,336,16,71,4260.0,24154.0,13916,14498,0.17636830338660264,0.2938336322251345
dad3e4c11cb8e867.jpg,DRIP,336,336,19,73,3448.0,23415.0,14308,12555,0.14725603245782617,0.27463162086818
dad3e4c11cb8e867.jpg,Fixed,336,336,19,72,1693.0,24974.0,14112,12555,0.0677905021222071,0.13484667463162087
dad3e4c11cb8e867.jpg,PruneSID,336,336,19,71,4118.0,22353.0,13916,12555,0.1842258309846553,0.32799681401831937
dae7b07540e932a1.jpg,DRIP,336,336,4,72,567.0,16154.0,14112,2609,0.03509966571746936,0.2173246454580299
dae7b07540e932a1.jpg,Fixed,336,336,4,72,664.0,16057.0,14112,2609,0.041352681073675034,0.2545036412418551
dae7b07540e932a1.jpg,PruneSID,336,336,4,71,396.0,16129.0,13916,2609,0.02455204910409821,0.15178229206592564
daf1e1835dfeb276.jpg,DRIP,336,336,0,73,,,14308,0,,
daf1e1835dfeb276.jpg,Fixed,336,336,0,72,,,14112,0,,
daf1e1835dfeb276.jpg,PruneSID,336,336,0,71,,,13916,0,,
daf519a56aed454c.jpg,DRIP,336,336,3,72,1771.0,21980.0,14112,9639,0.08057324840764331,0.18373275236020334
daf519a56aed454c.jpg,Fixed,336,336,3,72,574.0,23177.0,14112,9639,0.02476593174267593,0.05954974582425563
daf519a56aed454c.jpg,PruneSID,336,336,3,71,2995.0,20560.0,13916,9639,0.14567120622568094,0.31071687934433034
db0a046c37797be5.jpg,DRIP,336,336,2,72,5506.0,19376.0,14112,10770,0.28416597853014036,0.5112349117920149
db0a046c37797be5.jpg,Fixed,336,336,2,72,1375.0,23507.0,14112,10770,0.0584932147870847,0.127669452181987
db0a046c37797be5.jpg,PruneSID,336,336,2,71,2114.0,22572.0,13916,10770,0.09365585681375155,0.19628597957288765
db4a19279c88afdd.jpg,DRIP,336,336,1,72,196.0,16210.0,14112,2294,0.012091301665638494,0.08544027898866609
db4a19279c88afdd.jpg,Fixed,336,336,1,72,203.0,16203.0,14112,2294,0.012528544096772202,0.08849171752397558
db4a19279c88afdd.jpg,PruneSID,336,336,1,71,991.0,15219.0,13916,2294,0.06511597345423484,0.43199651264167394
db51fbe4908a0d41.jpg,DRIP,336,336,6,73,8389.0,62581.0,14308,56662,0.13405027084897972,0.1480533691009848
db51fbe4908a0d41.jpg,Fixed,336,336,6,72,6730.0,64044.0,14112,56662,0.10508400474673661,0.11877448731071971
db51fbe4908a0d41.jpg,PruneSID,336,336,6,71,7518.0,63060.0,13916,56662,0.1192197906755471,0.13268151494828986
db658f1e52e4ecc0.jpg,DRIP,336,336,63,72,1299.0,32362.0,14112,19549,0.04013966998331376,0.06644841168346206
db658f1e52e4ecc0.jpg,Fixed,336,336,63,72,2458.0,31203.0,14112,19549,0.07877447681312694,0.12573533173052331
db658f1e52e4ecc0.jpg,PruneSID,336,336,63,71,4998.0,28467.0,13916,19549,0.17557171461692486,0.25566525141950996
db81daf9aafe797f.jpg,DRIP,336,336,3,72,1373.0,15139.0,14112,2400,0.09069291234559747,0.5720833333333334
db81daf9aafe797f.jpg,Fixed,336,336,3,72,672.0,15840.0,14112,2400,0.04242424242424243,0.28
db81daf9aafe797f.jpg,PruneSID,336,336,3,71,1096.0,15220.0,13916,2400,0.07201051248357425,0.45666666666666667
dbb1ad4e4e91b583.jpg,DRIP,336,336,2,73,8274.0,38363.0,14308,32329,0.21567656335531632,0.25593120727520186
dbb1ad4e4e91b583.jpg,Fixed,336,336,2,72,4056.0,42385.0,14112,32329,0.09569423144980535,0.1254601132110489
dbb1ad4e4e91b583.jpg,PruneSID,336,336,2,71,4186.0,42059.0,13916,32329,0.09952685513207638,0.129481270685762
dbe037191a003444.jpg,DRIP,336,336,2,72,1567.0,14787.0,14112,2242,0.10597146141881382,0.6989295272078502
dbe037191a003444.jpg,Fixed,336,336,2,72,152.0,16202.0,14112,2242,0.009381557832366374,0.06779661016949153
dbe037191a003444.jpg,PruneSID,336,336,2,71,812.0,15346.0,13916,2242,0.05291281115600156,0.3621766280107047
dbedbdc186534c76.jpg,DRIP,336,336,1,72,1120.0,14840.0,14112,1848,0.07547169811320754,0.6060606060606061
dbedbdc186534c76.jpg,Fixed,336,336,1,72,462.0,15498.0,14112,1848,0.02981029810298103,0.25
dbedbdc186534c76.jpg,PruneSID,336,336,1,71,742.0,15022.0,13916,1848,0.049394221808014914,0.4015151515151515
dbf4c96c188b5f4f.jpg,DRIP,336,336,9,73,6603.0,31391.0,14308,23686,0.21034691472077985,0.2787722705395592
dbf4c96c188b5f4f.jpg,Fixed,336,336,9,72,2974.0,34824.0,14112,23686,0.0854008729611762,0.12555940217850206
dbf4c96c188b5f4f.jpg,PruneSID,336,336,9,71,5520.0,32082.0,13916,23686,0.17205909855994014,0.23304905851557883
dc1c745f77d7900c.jpg,DRIP,336,336,0,72,,,14112,0,,
dc1c745f77d7900c.jpg,Fixed,336,336,0,72,,,14112,0,,
dc1c745f77d7900c.jpg,PruneSID,336,336,0,71,,,13916,0,,
dc2ea493b38c8751.jpg,DRIP,336,336,4,73,6286.0,27295.0,14308,19273,0.2302985894852537,0.3261557619467649
dc2ea493b38c8751.jpg,Fixed,336,336,4,72,3203.0,30182.0,14112,19273,0.10612285468159831,0.16619104446635188
dc2ea493b38c8751.jpg,PruneSID,336,336,4,71,5336.0,27853.0,13916,19273,0.1915772089182494,0.27686400664141547
dc3fab751eab1a39.jpg,DRIP,336,336,0,72,,,14112,0,,
dc3fab751eab1a39.jpg,Fixed,336,336,0,72,,,14112,0,,
dc3fab751eab1a39.jpg,PruneSID,336,336,0,71,,,13916,0,,
dc531a84cb50e897.jpg,DRIP,336,336,1,72,169.0,14294.0,14112,351,0.011823142577305164,0.48148148148148145
dc531a84cb50e897.jpg,Fixed,336,336,1,72,0.0,14463.0,14112,351,0.0,0.0
dc531a84cb50e897.jpg,PruneSID,336,336,1,71,162.0,14105.0,13916,351,0.011485288904643743,0.46153846153846156
dc5c2b5a4b9b9f05.jpg,DRIP,336,336,3,73,8176.0,31203.0,14308,25071,0.26202608723520177,0.3261138367037613
dc5c2b5a4b9b9f05.jpg,Fixed,336,336,3,72,2182.0,37001.0,14112,25071,0.05897137915191481,0.08703282677196761
dc5c2b5a4b9b9f05.jpg,PruneSID,336,336,3,71,4809.0,34178.0,13916,25071,0.14070454678448124,0.1918152447050377
dc739a78b6c50d20.jpg,DRIP,336,336,3,73,1802.0,19827.0,14308,7321,0.0908861653301054,0.24614123753585576
dc739a78b6c50d20.jpg,Fixed,336,336,3,72,958.0,20475.0,14112,7321,0.04678876678876679,0.13085644037699767
dc739a78b6c50d20.jpg,PruneSID,336,336,3,71,1470.0,19767.0,13916,7321,0.07436636818940659,0.20079224149706323
dc8f2786cc122c2f.jpg,DRIP,336,336,15,73,8179.0,37777.0,14308,31648,0.21650739868173757,0.2584365520728008
dc8f2786cc122c2f.jpg,Fixed,336,336,15,72,3350.0,42410.0,14112,31648,0.07899080405564725,0.10585187057633974
dc8f2786cc122c2f.jpg,PruneSID,336,336,15,71,6247.0,39317.0,13916,31648,0.15888801281888243,0.19739004044489383
dcb44af44943a3b0.jpg,DRIP,336,336,1,73,0.0,15269.0,14308,961,0.0,0.0
dcb44af44943a3b0.jpg,Fixed,336,336,1,72,0.0,15073.0,14112,961,0.0,0.0
dcb44af44943a3b0.jpg,PruneSID,336,336,1,71,238.0,14639.0,13916,961,0.01625794111619646,0.24765868886576484
dcc5cbc9e4825377.jpg,DRIP,336,336,12,72,7446.0,31782.0,14112,25116,0.23428355673022466,0.29646440516005734
dcc5cbc9e4825377.jpg,Fixed,336,336,12,72,2689.0,36539.0,14112,25116,0.07359259968800459,0.10706322662844402
dcc5cbc9e4825377.jpg,PruneSID,336,336,12,71,4537.0,34495.0,13916,25116,0.13152630816060298,0.18064182194616976
dcc75bc47d863707.jpg,DRIP,336,336,6,73,2473.0,17730.0,14308,5895,0.1394811054709532,0.4195080576759966
dcc75bc47d863707.jpg,Fixed,336,336,6,72,779.0,19228.0,14112,5895,0.040513833992094864,0.13214588634435961
dcc75bc47d863707.jpg,PruneSID,336,336,6,71,1700.0,18111.0,13916,5895,0.09386560653746343,0.2883799830364716
dcd273cc9e81afed.jpg,DRIP,336,336,5,73,2175.0,22783.0,14308,10650,0.09546591757011808,0.20422535211267606
dcd273cc9e81afed.jpg,Fixed,336,336,5,72,621.0,24141.0,14112,10650,0.02572387225052815,0.058309859154929575
dcd273cc9e81afed.jpg,PruneSID,336,336,5,71,3848.0,20718.0,13916,10650,0.18573221353412492,0.36131455399061035
dcda5e4f315f61eb.jpg,DRIP,336,336,2,72,476.0,14932.0,14112,1296,0.031877846236271094,0.36728395061728397
dcda5e4f315f61eb.jpg,Fixed,336,336,2,72,0.0,15408.0,14112,1296,0.0,0.0
dcda5e4f315f61eb.jpg,PruneSID,336,336,2,71,518.0,14694.0,13916,1296,0.03525248400707772,0.39969135802469136
dced6d4991f4632e.jpg,DRIP,336,336,0,72,,,14112,0,,
dced6d4991f4632e.jpg,Fixed,336,336,0,72,,,14112,0,,
dced6d4991f4632e.jpg,PruneSID,336,336,0,71,,,13916,0,,
dd22182e290287b2.jpg,DRIP,336,336,2,72,881.0,15481.0,14112,2250,0.05690846844519088,0.39155555555555555
dd22182e290287b2.jpg,Fixed,336,336,2,72,210.0,16152.0,14112,2250,0.01300148588410104,0.09333333333333334
dd22182e290287b2.jpg,PruneSID,336,336,2,71,806.0,15360.0,13916,2250,0.052473958333333334,0.3582222222222222
dd2d9d8f9bbc46f5.jpg,DRIP,336,336,2,72,280.0,15062.0,14112,1230,0.018589828708006906,0.22764227642276422
dd2d9d8f9bbc46f5.jpg,Fixed,336,336,2,72,182.0,15160.0,14112,1230,0.012005277044854882,0.14796747967479676
dd2d9d8f9bbc46f5.jpg,PruneSID,336,336,2,71,507.0,14639.0,13916,1230,0.03463351321811599,0.4121951219512195
dd3360f54a347a30.jpg,DRIP,336,336,8,73,1432.0,18597.0,14308,5721,0.07700166693552724,0.25030589057857017
dd3360f54a347a30.jpg,Fixed,336,336,8,72,1170.0,18663.0,14112,5721,0.06269088570969297,0.2045097011012061
dd3360f54a347a30.jpg,PruneSID,336,336,8,71,1585.0,18052.0,13916,5721,0.08780190560602703,0.2770494668764202
dd3eaed3ab17e4f1.jpg,DRIP,336,336,1,73,2464.0,19632.0,14308,7788,0.12550937245313773,0.3163841807909605
dd3eaed3ab17e4f1.jpg,Fixed,336,336,1,72,924.0,20976.0,14112,7788,0.044050343249427915,0.11864406779661017
dd3eaed3ab17e4f1.jpg,PruneSID,336,336,1,71,1316.0,20388.0,13916,7788,0.06454777319992153,0.1689779147406266
dd42f00a168d5f58.jpg,DRIP,336,336,0,73,,,14308,0,,
dd42f00a168d5f58.jpg,Fixed,336,336,0,72,,,14112,0,,
dd42f00a168d5f58.jpg,PruneSID,336,336,0,71,,,13916,0,,
dd4c98590502ed2a.jpg,DRIP,336,336,8,73,6890.0,31278.0,14308,23860,0.2202826267664173,0.2887678122380553
dd4c98590502ed2a.jpg,Fixed,336,336,8,72,3388.0,34584.0,14112,23860,0.09796437659033079,0.14199497066219616
dd4c98590502ed2a.jpg,PruneSID,336,336,8,71,5059.0,32717.0,13916,23860,0.1546290919094049,0.2120284995808885
dd7d764e8d5251e5.jpg,DRIP,336,336,5,72,4804.0,21612.0,14112,12304,0.22228391634277253,0.39044213263979194
dd7d764e8d5251e5.jpg,Fixed,336,336,5,72,1859.0,24557.0,14112,12304,0.0757014293276866,0.1510890767230169
dd7d764e8d5251e5.jpg,PruneSID,336,336,5,71,2153.0,24067.0,13916,12304,0.08945859475630531,0.17498374512353707
dd80a9fadce5a8a5.jpg,DRIP,336,336,0,72,,,14112,0,,
dd80a9fadce5a8a5.jpg,Fixed,336,336,0,72,,,14112,0,,
dd80a9fadce5a8a5.jpg,PruneSID,336,336,0,71,,,13916,0,,
dd970b6095ee6740.jpg,DRIP,336,336,4,72,1802.0,20313.0,14112,8003,0.08871166248215429,0.2251655629139073
dd970b6095ee6740.jpg,Fixed,336,336,4,72,1274.0,20841.0,14112,8003,0.061129504342402,0.15919030363613645
dd970b6095ee6740.jpg,PruneSID,336,336,4,71,1884.0,20035.0,13916,8003,0.09403543798352883,0.23541172060477322
dda00fdb71c2e986.jpg,DRIP,336,336,2,72,1456.0,16684.0,14112,4028,0.08726923999040997,0.3614697120158888
dda00fdb71c2e986.jpg,Fixed,336,336,2,72,962.0,17178.0,14112,4028,0.05600186284782862,0.23882820258192652
dda00fdb71c2e986.jpg,PruneSID,336,336,2,71,1666.0,16278.0,13916,4028,0.10234672564197075,0.41360476663356505
de16e970e8c0adbe.jpg,DRIP,336,336,4,73,5554.0,24297.0,14308,15543,0.22858789150923983,0.35733127452872676
de16e970e8c0adbe.jpg,Fixed,336,336,4,72,2971.0,26684.0,14112,15543,0.11134012891620447,0.19114714019172618
de16e970e8c0adbe.jpg,PruneSID,336,336,4,71,3347.0,26112.0,13916,15543,0.12817861519607843,0.21533809431898604
de1abfcce50ab798.jpg,DRIP,336,336,10,73,2407.0,24985.0,14308,13084,0.09633780268160896,0.18396514827269947
de1abfcce50ab798.jpg,Fixed,336,336,10,72,1330.0,25866.0,14112,13084,0.051418851001314464,0.10165087129318251
de1abfcce50ab798.jpg,PruneSID,336,336,10,71,1662.0,25338.0,13916,13084,0.0655931802036467,0.12702537450321003
de37d4819233d6dc.jpg,DRIP,336,336,1,72,596.0,17903.0,14112,4387,0.03329050997039602,0.13585593799863233
de37d4819233d6dc.jpg,Fixed,336,336,1,72,574.0,17925.0,14112,4387,0.03202231520223152,0.1308411214953271
de37d4819233d6dc.jpg,PruneSID,336,336,1,71,822.0,17481.0,13916,4387,0.04702248155139866,0.18737178025985868
de67d772a6b93f98.jpg,DRIP,336,336,0,72,,,14112,0,,
de67d772a6b93f98.jpg,Fixed,336,336,0,72,,,14112,0,,
de67d772a6b93f98.jpg,PruneSID,336,336,0,71,,,13916,0,,
de6c60548526861a.jpg,DRIP,336,336,27,72,3825.0,26981.0,14112,16694,0.14176642822727104,0.22912423625254583
de6c60548526861a.jpg,Fixed,336,336,27,72,1790.0,29016.0,14112,16694,0.06169010201268266,0.10722415239008026
de6c60548526861a.jpg,PruneSID,336,336,27,71,5042.0,25568.0,13916,16694,0.19719962453066334,0.30202467952557804
de801d8016a4764a.jpg,DRIP,336,336,0,73,,,14308,0,,
de801d8016a4764a.jpg,Fixed,336,336,0,72,,,14112,0,,
de801d8016a4764a.jpg,PruneSID,336,336,0,71,,,13916,0,,
de845946d591a724.jpg,DRIP,336,336,0,72,,,14112,0,,
de845946d591a724.jpg,Fixed,336,336,0,72,,,14112,0,,
de845946d591a724.jpg,PruneSID,336,336,0,71,,,13916,0,,
dea12e9e78df007e.jpg,DRIP,336,336,4,73,709.0,15603.0,14308,2004,0.0454399794911235,0.3537924151696607
dea12e9e78df007e.jpg,Fixed,336,336,4,72,309.0,15807.0,14112,2004,0.01954830138546214,0.15419161676646706
dea12e9e78df007e.jpg,PruneSID,336,336,4,71,1148.0,14772.0,13916,2004,0.0777145951800704,0.5728542914171657
deaa5f12d5c4d710.jpg,DRIP,336,336,2,73,6940.0,38864.0,14308,31496,0.17857142857142858,0.22034544069088138
deaa5f12d5c4d710.jpg,Fixed,336,336,2,72,4536.0,41072.0,14112,31496,0.11044020257109466,0.14401828803657607
deaa5f12d5c4d710.jpg,PruneSID,336,336,2,71,3572.0,41840.0,13916,31496,0.08537284894837475,0.11341122682245365
decc68cb92878ee1.jpg,DRIP,336,336,0,72,,,14112,0,,
decc68cb92878ee1.jpg,Fixed,336,336,0,72,,,14112,0,,
decc68cb92878ee1.jpg,PruneSID,336,336,0,71,,,13916,0,,
ded3f580dab69d11.jpg,DRIP,336,336,39,72,11554.0,90364.0,14112,87806,0.12786065247222345,0.13158554085142246
ded3f580dab69d11.jpg,Fixed,336,336,39,72,10743.0,91175.0,14112,87806,0.11782835207019468,0.12234926998155024
ded3f580dab69d11.jpg,PruneSID,336,336,39,71,11079.0,90643.0,13916,87806,0.122226757719846,0.12617588775254537
dee3b64f1590bf7e.jpg,DRIP,336,336,27,72,2893.0,39960.0,14112,28741,0.0723973973973974,0.10065759716085035
dee3b64f1590bf7e.jpg,Fixed,336,336,27,72,3432.0,39421.0,14112,28741,0.08706019634205119,0.11941129397028635
dee3b64f1590bf7e.jpg,PruneSID,336,336,27,71,5334.0,37323.0,13916,28741,0.14291455670766015,0.1855885320622108
deebd66e28aecfaa.jpg,DRIP,336,336,18,72,2138.0,51337.0,14112,39363,0.04164637590821435,0.05431496583085639
deebd66e28aecfaa.jpg,Fixed,336,336,18,72,4017.0,49458.0,14112,39363,0.0812204294552954,0.10205014861672129
deebd66e28aecfaa.jpg,PruneSID,336,336,18,71,6148.0,47131.0,13916,39363,0.1304449300884768,0.15618728247338873
df0a49f53bbf4e9e.jpg,DRIP,336,336,0,73,,,14308,0,,
df0a49f53bbf4e9e.jpg,Fixed,336,336,0,72,,,14112,0,,
df0a49f53bbf4e9e.jpg,PruneSID,336,336,0,71,,,13916,0,,
df1c84eb74c79d38.jpg,DRIP,336,336,10,73,13328.0,59260.0,14308,58280,0.22490718866014175,0.22868908716540837
df1c84eb74c79d38.jpg,Fixed,336,336,10,72,7574.0,64818.0,14112,58280,0.11685025764448147,0.12995881949210708
df1c84eb74c79d38.jpg,PruneSID,336,336,10,71,6246.0,65950.0,13916,58280,0.09470811220621683,0.1071722717913521
df25faa4662bac60.jpg,DRIP,336,336,6,72,1714.0,16309.0,14112,3911,0.10509534612790483,0.4382510866785988
df25faa4662bac60.jpg,Fixed,336,336,6,72,286.0,17737.0,14112,3911,0.016124485538704405,0.07312707747379187
df25faa4662bac60.jpg,PruneSID,336,336,6,71,1882.0,15945.0,13916,3911,0.11803073063656319,0.48120685246739964
df2f4fb23f18939f.jpg,DRIP,336,336,0,72,,,14112,0,,
df2f4fb23f18939f.jpg,Fixed,336,336,0,72,,,14112,0,,
df2f4fb23f18939f.jpg,PruneSID,336,336,0,71,,,13916,0,,
df37e8d8ac872966.jpg,DRIP,336,336,1,73,868.0,14797.0,14308,1357,0.05866053929850645,0.6396462785556374
df37e8d8ac872966.jpg,Fixed,336,336,1,72,49.0,15420.0,14112,1357,0.00317769130998703,0.03610906411201179
df37e8d8ac872966.jpg,PruneSID,336,336,1,71,980.0,14293.0,13916,1357,0.06856503183376478,0.7221812822402358
df73de65502977b8.jpg,DRIP,336,336,1,72,1750.0,15262.0,14112,2900,0.11466387105228673,0.603448275862069
df73de65502977b8.jpg,Fixed,336,336,1,72,350.0,16662.0,14112,2900,0.02100588164686112,0.1206896551724138
df73de65502977b8.jpg,PruneSID,336,336,1,71,1498.0,15318.0,13916,2900,0.09779344561953257,0.516551724137931
df96ed2ac714a9db.jpg,DRIP,336,336,0,72,,,14112,0,,
df96ed2ac714a9db.jpg,Fixed,336,336,0,72,,,14112,0,,
df96ed2ac714a9db.jpg,PruneSID,336,336,0,71,,,13916,0,,
dfa14cad3255c3cd.jpg,DRIP,336,336,15,73,9996.0,55972.0,14308,51660,0.17858929464732365,0.19349593495934958
dfa14cad3255c3cd.jpg,Fixed,336,336,15,72,6684.0,59088.0,14112,51660,0.11311941510966694,0.12938443670150987
dfa14cad3255c3cd.jpg,PruneSID,336,336,15,71,8222.0,57354.0,13916,51660,0.14335530215852424,0.15915602013162988
dfa287272584f3d4.jpg,DRIP,336,336,3,73,5730.0,25256.0,14308,16678,0.22687678175483053,0.34356637486509173
dfa287272584f3d4.jpg,Fixed,336,336,3,72,2094.0,28696.0,14112,16678,0.07297184276554224,0.1255546228564576
dfa287272584f3d4.jpg,PruneSID,336,336,3,71,2604.0,27990.0,13916,16678,0.09303322615219721,0.15613382899628253
dfa67f40988e73b5.jpg,DRIP,336,336,5,73,6523.0,26135.0,14308,18350,0.24958867419169695,0.3554768392370572
dfa67f40988e73b5.jpg,Fixed,336,336,5,72,1792.0,30670.0,14112,18350,0.05842843169220737,0.0976566757493188
dfa67f40988e73b5.jpg,PruneSID,336,336,5,71,2577.0,29689.0,13916,18350,0.0867998248509549,0.1404359673024523
dfe0949a435a65e6.jpg,DRIP,336,336,3,72,5193.0,21538.0,14112,12619,0.24110873804438668,0.41152230763134956
dfe0949a435a65e6.jpg,Fixed,336,336,3,72,1441.0,25290.0,14112,12619,0.05697904310003954,0.11419288374673112
dfe0949a435a65e6.jpg,PruneSID,336,336,3,71,5347.0,21188.0,13916,12619,0.2523598263167831,0.4237261272684048
dfe641eb6e3615ba.jpg,DRIP,336,336,17,72,8150.0,61039.0,14112,55077,0.1335211913694523,0.14797465366668483
dfe641eb6e3615ba.jpg,Fixed,336,336,17,72,7399.0,61790.0,14112,55077,0.119744295193397,0.13433919785028234
dfe641eb6e3615ba.jpg,PruneSID,336,336,17,71,9652.0,59341.0,13916,55077,0.1626531403245648,0.1752455652994898
dfe9bd50b0154a85.jpg,DRIP,336,336,2,72,4298.0,20993.0,14112,11179,0.2047349116372124,0.38447088290544773
dfe9bd50b0154a85.jpg,Fixed,336,336,2,72,916.0,24375.0,14112,11179,0.03757948717948718,0.08193935056802934
dfe9bd50b0154a85.jpg,PruneSID,336,336,2,71,3836.0,21259.0,13916,11179,0.1804412248929865,0.3431433938634941
dfef434060058340.jpg,DRIP,336,336,8,73,3963.0,26454.0,14308,16109,0.14980721251984577,0.24601154634055497
dfef434060058340.jpg,Fixed,336,336,8,72,2087.0,28134.0,14112,16109,0.07418070661832658,0.12955490719473586
dfef434060058340.jpg,PruneSID,336,336,8,71,3873.0,26152.0,13916,16109,0.14809574793514838,0.24042460736234403
e02a7817af8277af.jpg,DRIP,336,336,3,73,4748.0,20583.0,14308,11023,0.23067580041782054,0.43073573437358254
e02a7817af8277af.jpg,Fixed,336,336,3,72,1668.0,23467.0,14112,11023,0.0710785358162526,0.15131996734101424
e02a7817af8277af.jpg,PruneSID,336,336,3,71,1638.0,23301.0,13916,11023,0.07029741212823484,0.14859838519459312
e02cf439f170d150.jpg,DRIP,336,336,2,72,3549.0,17721.0,14112,7158,0.20027086507533434,0.4958088851634535
e02cf439f170d150.jpg,Fixed,336,336,2,72,1148.0,20122.0,14112,7158,0.05705198290428387,0.1603799944118469
e02cf439f170d150.jpg,PruneSID,336,336,2,71,3542.0,17532.0,13916,7158,0.202030572667123,0.4948309583682593
e0623c6bc38acbe0.jpg,DRIP,336,336,5,73,1526.0,17970.0,14308,5188,0.08491930996104619,0.29414032382420974
e0623c6bc38acbe0.jpg,Fixed,336,336,5,72,1162.0,18138.0,14112,5188,0.06406439519241372,0.22397841171935234
e0623c6bc38acbe0.jpg,PruneSID,336,336,5,71,2062.0,17042.0,13916,5188,0.12099518835817392,0.39745566692367
e081deec0d8211a0.jpg,DRIP,336,336,4,73,2643.0,18675.0,14308,7010,0.1415261044176707,0.37703281027104135
e081deec0d8211a0.jpg,Fixed,336,336,4,72,1624.0,19498.0,14112,7010,0.08329059390706739,0.23166904422253923
e081deec0d8211a0.jpg,PruneSID,336,336,4,71,1868.0,19058.0,13916,7010,0.09801658096337496,0.2664764621968616
e08ccd92443c5924.jpg,DRIP,336,336,1,72,476.0,15456.0,14112,1820,0.030797101449275364,0.26153846153846155
e08ccd92443c5924.jpg,Fixed,336,336,1,72,160.0,15772.0,14112,1820,0.01014455997971088,0.08791208791208792
e08ccd92443c5924.jpg,PruneSID,336,336,1,71,728.0,15008.0,13916,1820,0.048507462686567165,0.4
e0901be5d8497e7e.jpg,DRIP,336,336,0,72,,,14112,0,,
e0901be5d8497e7e.jpg,Fixed,336,336,0,72,,,14112,0,,
e0901be5d8497e7e.jpg,PruneSID,336,336,0,71,,,13916,0,,
e0994cf4679fe93b.jpg,DRIP,336,336,10,72,773.0,22404.0,14112,9065,0.0345027673629709,0.08527302813017099
e0994cf4679fe93b.jpg,Fixed,336,336,10,72,1052.0,22125.0,14112,9065,0.04754802259887005,0.1160507446221732
e0994cf4679fe93b.jpg,PruneSID,336,336,10,71,2484.0,20497.0,13916,9065,0.12118846660486901,0.27402095973524543
e0a7927884f6ad97.jpg,DRIP,336,336,3,73,2823.0,18627.0,14308,7142,0.15155419552262844,0.395267432091851
e0a7927884f6ad97.jpg,Fixed,336,336,3,72,933.0,20321.0,14112,7142,0.04591309482801043,0.13063567628115375
e0a7927884f6ad97.jpg,PruneSID,336,336,3,71,2292.0,18766.0,13916,7142,0.12213577746989236,0.3209185102212265
e0b87f73bd1fc3b6.jpg,DRIP,336,336,0,73,,,14308,0,,
e0b87f73bd1fc3b6.jpg,Fixed,336,336,0,72,,,14112,0,,
e0b87f73bd1fc3b6.jpg,PruneSID,336,336,0,71,,,13916,0,,
e0b89185459f5478.jpg,DRIP,336,336,7,73,4660.0,25914.0,14308,16266,0.17982557690823492,0.2864871511127505
e0b89185459f5478.jpg,Fixed,336,336,7,72,2284.0,28094.0,14112,16266,0.08129849789990745,0.14041559080290175
e0b89185459f5478.jpg,PruneSID,336,336,7,71,2170.0,28012.0,13916,16266,0.07746679994288162,0.13340710684864135
e0cfbe1c13372905.jpg,DRIP,336,336,0,72,,,14112,0,,
e0cfbe1c13372905.jpg,Fixed,336,336,0,72,,,14112,0,,
e0cfbe1c13372905.jpg,PruneSID,336,336,0,71,,,13916,0,,
e0ea177236379345.jpg,DRIP,336,336,2,73,2582.0,22181.0,14308,10455,0.11640593300572562,0.24696317551410807
e0ea177236379345.jpg,Fixed,336,336,2,72,293.0,24274.0,14112,10455,0.012070528137101426,0.02802486848397896
e0ea177236379345.jpg,PruneSID,336,336,2,71,1798.0,22573.0,13916,10455,0.07965268240818678,0.17197513151602103
e1026e0c4b1c6a3b.jpg,DRIP,336,336,4,72,398.0,20999.0,14112,7285,0.018953283489689984,0.0546328071379547
e1026e0c4b1c6a3b.jpg,Fixed,336,336,4,72,1000.0,20397.0,14112,7285,0.04902681766926509,0.13726835964310227
e1026e0c4b1c6a3b.jpg,PruneSID,336,336,4,71,1022.0,20179.0,13916,7285,0.05064671192824223,0.1402882635552505
e14568617acccd92.jpg,DRIP,336,336,1,73,322.0,15561.0,14308,1575,0.0206927575348628,0.20444444444444446
e14568617acccd92.jpg,Fixed,336,336,1,72,294.0,15393.0,14112,1575,0.019099590723055934,0.18666666666666668
e14568617acccd92.jpg,PruneSID,336,336,1,71,322.0,15169.0,13916,1575,0.021227503461006,0.20444444444444446
e1476fd0c103ad19.jpg,DRIP,336,336,1,72,3612.0,46239.0,14112,35739,0.07811587620839551,0.10106606228489885
e1476fd0c103ad19.jpg,Fixed,336,336,1,72,4788.0,45063.0,14112,35739,0.10625124825244657,0.1339712918660287
e1476fd0c103ad19.jpg,PruneSID,336,336,1,71,6216.0,43439.0,13916,35739,0.14309721678675844,0.1739276420716864
e153cbe601bf65aa.jpg,DRIP,336,336,0,73,,,14308,0,,
e153cbe601bf65aa.jpg,Fixed,336,336,0,72,,,14112,0,,
e153cbe601bf65aa.jpg,PruneSID,336,336,0,71,,,13916,0,,
e1741f781d306a3c.jpg,DRIP,336,336,0,73,,,14308,0,,
e1741f781d306a3c.jpg,Fixed,336,336,0,72,,,14112,0,,
e1741f781d306a3c.jpg,PruneSID,336,336,0,71,,,13916,0,,
e1a85708af778b92.jpg,DRIP,336,336,3,73,5074.0,19247.0,14308,10013,0.2636255000779342,0.5067412363926895
e1a85708af778b92.jpg,Fixed,336,336,3,72,1470.0,22655.0,14112,10013,0.06488633855661002,0.1468091481074603
e1a85708af778b92.jpg,PruneSID,336,336,3,71,1260.0,22669.0,13916,10013,0.0555825135647801,0.1258364126635374
e1ad82ad7b00d0dc.jpg,DRIP,336,336,19,72,4459.0,26441.0,14112,16788,0.16863961272266556,0.265606385513462
e1ad82ad7b00d0dc.jpg,Fixed,336,336,19,72,2174.0,28726.0,14112,16788,0.07568056812643598,0.1294972599475816
e1ad82ad7b00d0dc.jpg,PruneSID,336,336,19,71,3880.0,26824.0,13916,16788,0.144646585147629,0.2311174648558494
e1b781b6508297d9.jpg,DRIP,336,336,6,72,1945.0,17144.0,14112,4977,0.1134507699486701,0.3907976692786819
e1b781b6508297d9.jpg,Fixed,336,336,6,72,564.0,18525.0,14112,4977,0.030445344129554654,0.11332127787823991
e1b781b6508297d9.jpg,PruneSID,336,336,6,71,3320.0,15573.0,13916,4977,0.21318949463815579,0.6670685151697809
e1d1952b478e89ec.jpg,DRIP,336,336,8,73,2778.0,21126.0,14308,9596,0.13149673388241978,0.2894956231763235
e1d1952b478e89ec.jpg,Fixed,336,336,8,72,412.0,23296.0,14112,9596,0.01768543956043956,0.042934556065027094
e1d1952b478e89ec.jpg,PruneSID,336,336,8,71,4087.0,19425.0,13916,9596,0.2103989703989704,0.42590662776156735
e1d4162436e3616e.jpg,DRIP,336,336,7,73,5124.0,28816.0,14308,19632,0.1778178789561355,0.2610024449877751
e1d4162436e3616e.jpg,Fixed,336,336,7,72,2214.0,31530.0,14112,19632,0.07021883920076118,0.11277506112469438
e1d4162436e3616e.jpg,PruneSID,336,336,7,71,3215.0,30333.0,13916,19632,0.10599017571621666,0.1637632436837816
e1d8f6ff0797fa68.jpg,DRIP,336,336,22,72,5200.0,33275.0,14112,24363,0.1562734785875282,0.21343841070475722
e1d8f6ff0797fa68.jpg,Fixed,336,336,22,72,2723.0,35752.0,14112,24363,0.07616357126874021,0.11176784468251036
e1d8f6ff0797fa68.jpg,PruneSID,336,336,22,71,4721.0,33558.0,13916,24363,0.14068180463674831,0.1937774494109921
e1db16acf4f8b368.jpg,DRIP,336,336,3,73,794.0,15270.0,14308,1756,0.05199738048461035,0.4521640091116173
e1db16acf4f8b368.jpg,Fixed,336,336,3,72,476.0,15392.0,14112,1756,0.030925155925155927,0.27107061503416857
e1db16acf4f8b368.jpg,PruneSID,336,336,3,71,1295.0,14377.0,13916,1756,0.09007442442790568,0.7374715261958997
e1dd44177f2eb45e.jpg,DRIP,336,336,0,72,,,14112,0,,
e1dd44177f2eb45e.jpg,Fixed,336,336,0,72,,,14112,0,,
e1dd44177f2eb45e.jpg,PruneSID,336,336,0,71,,,13916,0,,
e237a557ee9e7916.jpg,DRIP,336,336,2,72,1946.0,15545.0,14112,3379,0.12518494692827276,0.5759100325540101
e237a557ee9e7916.jpg,Fixed,336,336,2,72,0.0,17491.0,14112,3379,0.0,0.0
e237a557ee9e7916.jpg,PruneSID,336,336,2,71,1055.0,16240.0,13916,3379,0.06496305418719212,0.3122225510506067
e237b1addcd000da.jpg,DRIP,336,336,3,73,1086.0,15678.0,14308,2456,0.06926903941829315,0.44218241042345274
e237b1addcd000da.jpg,Fixed,336,336,3,72,266.0,16302.0,14112,2456,0.016317016317016316,0.10830618892508144
e237b1addcd000da.jpg,PruneSID,336,336,3,71,1324.0,15048.0,13916,2456,0.08798511430090378,0.5390879478827362
e2a04ac53d89a4e4.jpg,DRIP,336,336,0,72,,,14112,0,,
e2a04ac53d89a4e4.jpg,Fixed,336,336,0,72,,,14112,0,,
e2a04ac53d89a4e4.jpg,PruneSID,336,336,0,71,,,13916,0,,
e2a07d672d34e092.jpg,DRIP,336,336,3,73,4539.0,17467.0,14308,7698,0.2598614530257056,0.5896336710833983
e2a07d672d34e092.jpg,Fixed,336,336,3,72,1304.0,20506.0,14112,7698,0.06359114405539842,0.16939464796050924
e2a07d672d34e092.jpg,PruneSID,336,336,3,71,1573.0,20041.0,13916,7698,0.07848909735043162,0.20433878929592103
e2b3c1a87966781c.jpg,DRIP,336,336,1,72,1239.0,14490.0,14112,1617,0.08550724637681159,0.7662337662337663
e2b3c1a87966781c.jpg,Fixed,336,336,1,72,0.0,15729.0,14112,1617,0.0,0.0
e2b3c1a87966781c.jpg,PruneSID,336,336,1,71,822.0,14711.0,13916,1617,0.055876554958874315,0.5083487940630798
e2ce165e035f7ef9.jpg,DRIP,336,336,31,72,7245.0,45398.0,14112,38531,0.15958852812899246,0.1880304170667774
e2ce165e035f7ef9.jpg,Fixed,336,336,31,72,4199.0,48444.0,14112,38531,0.08667740071009826,0.10897718719991695
e2ce165e035f7ef9.jpg,PruneSID,336,336,31,71,6034.0,46413.0,13916,38531,0.1300066791631655,0.1566011782720407
e2e7355f2e82212a.jpg,DRIP,336,336,18,73,9054.0,59667.0,14308,54413,0.1517421690381618,0.16639406024295664
e2e7355f2e82212a.jpg,Fixed,336,336,18,72,6963.0,61562.0,14112,54413,0.11310548715116468,0.12796574348041828
e2e7355f2e82212a.jpg,PruneSID,336,336,18,71,9003.0,59326.0,13916,54413,0.15175471125644743,0.16545678422435814
e2f1e6c0abe6bc8e.jpg,DRIP,336,336,1,73,563.0,14780.0,14308,1035,0.03809201623815967,0.5439613526570048
e2f1e6c0abe6bc8e.jpg,Fixed,336,336,1,72,88.0,15059.0,14112,1035,0.005843681519357195,0.08502415458937199
e2f1e6c0abe6bc8e.jpg,PruneSID,336,336,1,71,532.0,14419.0,13916,1035,0.03689576253554338,0.5140096618357488
e2f87b78c66b0df6.jpg,DRIP,336,336,4,72,1567.0,15210.0,14112,2665,0.10302432610124918,0.5879924953095684
e2f87b78c66b0df6.jpg,Fixed,336,336,4,72,742.0,16035.0,14112,2665,0.046273776114748984,0.27842401500938085
e2f87b78c66b0df6.jpg,PruneSID,336,336,4,71,1298.0,15283.0,13916,2665,0.08493096905057908,0.4870544090056285
e2f912248846a7ae.jpg,DRIP,336,336,7,72,3475.0,17660.0,14112,7023,0.19677236693091732,0.49480279083012957
e2f912248846a7ae.jpg,Fixed,336,336,7,72,1119.0,20016.0,14112,7023,0.0559052757793765,0.15933361811191799
e2f912248846a7ae.jpg,PruneSID,336,336,7,71,2170.0,18769.0,13916,7023,0.1156161756087165,0.3089847643457212
e31ea844abb41108.jpg,DRIP,336,336,16,72,6194.0,35818.0,14112,27900,0.17292981182645598,0.22200716845878135
e31ea844abb41108.jpg,Fixed,336,336,16,72,4116.0,37896.0,14112,27900,0.10861304623179227,0.1475268817204301
e31ea844abb41108.jpg,PruneSID,336,336,16,71,6768.0,35048.0,13916,27900,0.19310659666742752,0.24258064516129033
e33728d76efa33fe.jpg,DRIP,336,336,9,72,480.0,17250.0,14112,3618,0.02782608695652174,0.13266998341625208
e33728d76efa33fe.jpg,Fixed,336,336,9,72,216.0,17514.0,14112,3618,0.012332990750256937,0.05970149253731343
e33728d76efa33fe.jpg,PruneSID,336,336,9,71,1303.0,16231.0,13916,3618,0.08027847945289877,0.36014372581536763
e35f39ca76a28840.jpg,DRIP,336,336,1,72,2338.0,16239.0,14112,4465,0.14397438265903073,0.5236282194848825
e35f39ca76a28840.jpg,Fixed,336,336,1,72,538.0,18039.0,14112,4465,0.02982426963800654,0.12049272116461367
e35f39ca76a28840.jpg,PruneSID,336,336,1,71,1327.0,17054.0,13916,4465,0.07781165708924592,0.29720044792833145
e378ec31a384027c.jpg,DRIP,336,336,1,73,493.0,15126.0,14308,1311,0.03259288642073251,0.37604881769641496
e378ec31a384027c.jpg,Fixed,336,336,1,72,230.0,15193.0,14112,1311,0.015138550648324886,0.17543859649122806
e378ec31a384027c.jpg,PruneSID,336,336,1,71,367.0,14860.0,13916,1311,0.024697173620457605,0.2799389778794813
e3830d043ccad5c0.jpg,DRIP,336,336,1,73,7224.0,18267.0,14308,11183,0.3954672359993431,0.6459805061253688
e3830d043ccad5c0.jpg,Fixed,336,336,1,72,1050.0,24245.0,14112,11183,0.04330789853578057,0.09389251542519897
e3830d043ccad5c0.jpg,PruneSID,336,336,1,71,4452.0,20647.0,13916,11183,0.2156245459388773,0.3981042654028436
e3a7787d78c2b9c8.jpg,DRIP,336,336,7,72,2042.0,17975.0,14112,5905,0.11360222531293464,0.3458086367485182
e3a7787d78c2b9c8.jpg,Fixed,336,336,7,72,761.0,19256.0,14112,5905,0.03952014956377233,0.12887383573243014
e3a7787d78c2b9c8.jpg,PruneSID,336,336,7,71,2022.0,17799.0,13916,5905,0.11360188774650261,0.3424216765453006
e3f513d80be62837.jpg,DRIP,336,336,10,72,2513.0,27145.0,14112,15546,0.09257690182354025,0.16164929885501095
e3f513d80be62837.jpg,Fixed,336,336,10,72,1380.0,28278.0,14112,15546,0.0488011882028432,0.08876881512929372
e3f513d80be62837.jpg,PruneSID,336,336,10,71,2821.0,26641.0,13916,15546,0.10588941856536917,0.18146146918821562
e3f517aa3847f39e.jpg,DRIP,336,336,7,72,3554.0,19614.0,14112,9056,0.18119710410930967,0.3924469964664311
e3f517aa3847f39e.jpg,Fixed,336,336,7,72,223.0,22945.0,14112,9056,0.009718893005011985,0.024624558303886927
e3f517aa3847f39e.jpg,PruneSID,336,336,7,71,3535.0,19437.0,13916,9056,0.18186963008694756,0.3903489399293286
e40e055d35247e1d.jpg,DRIP,336,336,5,73,8237.0,41347.0,14308,35276,0.1992163881297313,0.23350153078580338
e40e055d35247e1d.jpg,Fixed,336,336,5,72,4600.0,44788.0,14112,35276,0.10270608198624631,0.13040027213969838
e40e055d35247e1d.jpg,PruneSID,336,336,5,71,5176.0,44016.0,13916,35276,0.11759360232642675,0.14672865404240842
e40eed6ba7911173.jpg,DRIP,336,336,2,72,11057.0,73177.0,14112,70122,0.1510993891523293,0.15768232509055646
e40eed6ba7911173.jpg,Fixed,336,336,2,72,8638.0,75596.0,14112,70122,0.11426530504259484,0.12318530561022219
e40eed6ba7911173.jpg,PruneSID,336,336,2,71,10526.0,73512.0,13916,70122,0.14318750680161063,0.15010980861926357
e422f1049201b0f8.jpg,DRIP,336,336,1,73,1064.0,14780.0,14308,1536,0.07198917456021652,0.6927083333333334
e422f1049201b0f8.jpg,Fixed,336,336,1,72,56.0,15592.0,14112,1536,0.0035915854284248334,0.036458333333333336
e422f1049201b0f8.jpg,PruneSID,336,336,1,71,196.0,15256.0,13916,1536,0.012847404299947561,0.12760416666666666
e44141458340f372.jpg,DRIP,336,336,3,72,104.0,14658.0,14112,650,0.007095101650975577,0.16
e44141458340f372.jpg,Fixed,336,336,3,72,0.0,14762.0,14112,650,0.0,0.0
e44141458340f372.jpg,PruneSID,336,336,3,71,408.0,14158.0,13916,650,0.028817629608701795,0.6276923076923077
e44a8f4a6e23f811.jpg,DRIP,336,336,1,72,1270.0,14687.0,14112,1845,0.08647102880098045,0.6883468834688347
e44a8f4a6e23f811.jpg,Fixed,336,336,1,72,0.0,15957.0,14112,1845,0.0,0.0
e44a8f4a6e23f811.jpg,PruneSID,336,336,1,71,462.0,15299.0,13916,1845,0.030198052160271913,0.25040650406504067
e47e7967bf9c14b1.jpg,DRIP,336,336,1,72,0.0,14663.0,14112,551,0.0,0.0
e47e7967bf9c14b1.jpg,Fixed,336,336,1,72,0.0,14663.0,14112,551,0.0,0.0
e47e7967bf9c14b1.jpg,PruneSID,336,336,1,71,406.0,14061.0,13916,551,0.028874191024820424,0.7368421052631579
e49f2bbeb3661824.jpg,DRIP,336,336,0,72,,,14112,0,,
e49f2bbeb3661824.jpg,Fixed,336,336,0,72,,,14112,0,,
e49f2bbeb3661824.jpg,PruneSID,336,336,0,71,,,13916,0,,
e4a557e886cf77ff.jpg,DRIP,336,336,1,72,453.0,14388.0,14112,729,0.03148457047539616,0.6213991769547325
e4a557e886cf77ff.jpg,Fixed,336,336,1,72,138.0,14703.0,14112,729,0.009385839624566414,0.18930041152263374
e4a557e886cf77ff.jpg,PruneSID,336,336,1,71,140.0,14505.0,13916,729,0.009651844191658049,0.19204389574759945
e4abf9b3912d5934.jpg,DRIP,336,336,3,72,7616.0,41566.0,14112,35070,0.18322667564836645,0.21716566866267464
e4abf9b3912d5934.jpg,Fixed,336,336,3,72,4382.0,44800.0,14112,35070,0.0978125,0.1249500998003992
e4abf9b3912d5934.jpg,PruneSID,336,336,3,71,5292.0,43694.0,13916,35070,0.12111502723486062,0.15089820359281436
e4c560f58c885ece.jpg,DRIP,336,336,0,72,,,14112,0,,
e4c560f58c885ece.jpg,Fixed,336,336,0,72,,,14112,0,,
e4c560f58c885ece.jpg,PruneSID,336,336,0,71,,,13916,0,,
e4def7461f35bd7b.jpg,DRIP,336,336,2,72,1729.0,17315.0,14112,4932,0.09985561651747041,0.35056772100567724
e4def7461f35bd7b.jpg,Fixed,336,336,2,72,840.0,18204.0,14112,4932,0.04614370468029005,0.170316301703163
e4def7461f35bd7b.jpg,PruneSID,336,336,2,71,1890.0,16958.0,13916,4932,0.11145182214883831,0.38321167883211676
e4f7cfae5984af81.jpg,DRIP,336,336,35,73,9542.0,43511.0,14308,38745,0.219300866447565,0.2462769389598658
e4f7cfae5984af81.jpg,Fixed,336,336,35,72,4959.0,47898.0,14112,38745,0.103532506576475,0.12799070847851335
e4f7cfae5984af81.jpg,PruneSID,336,336,35,71,5640.0,47021.0,13916,38745,0.11994640692456562,0.14556716995741387
e51a1b4c91ae15e8.jpg,DRIP,336,336,0,72,,,14112,0,,
e51a1b4c91ae15e8.jpg,Fixed,336,336,0,72,,,14112,0,,
e51a1b4c91ae15e8.jpg,PruneSID,336,336,0,71,,,13916,0,,
e52675ff7a666460.jpg,DRIP,336,336,10,73,5544.0,41865.0,14308,33101,0.13242565388749553,0.16748738708800337
e52675ff7a666460.jpg,Fixed,336,336,10,72,3324.0,43889.0,14112,33101,0.07573651712274146,0.10041992689042627
e52675ff7a666460.jpg,PruneSID,336,336,10,71,6296.0,40721.0,13916,33101,0.15461309889246336,0.19020573396574122
e537eb4f30b0217c.jpg,DRIP,336,336,4,72,1422.0,16008.0,14112,3318,0.08883058470764618,0.42857142857142855
e537eb4f30b0217c.jpg,Fixed,336,336,4,72,937.0,16493.0,14112,3318,0.05681198084035651,0.2823990355635925
e537eb4f30b0217c.jpg,PruneSID,336,336,4,71,1358.0,15876.0,13916,3318,0.0855379188712522,0.4092827004219409
e5a7543eac0e743b.jpg,DRIP,336,336,0,72,,,14112,0,,
e5a7543eac0e743b.jpg,Fixed,336,336,0,72,,,14112,0,,
e5a7543eac0e743b.jpg,PruneSID,336,336,0,71,,,13916,0,,
e5ad5b716b903c67.jpg,DRIP,336,336,0,72,,,14112,0,,
e5ad5b716b903c67.jpg,Fixed,336,336,0,72,,,14112,0,,
e5ad5b716b903c67.jpg,PruneSID,336,336,0,71,,,13916,0,,
e5b4b52987e90319.jpg,DRIP,336,336,0,73,,,14308,0,,
e5b4b52987e90319.jpg,Fixed,336,336,0,72,,,14112,0,,
e5b4b52987e90319.jpg,PruneSID,336,336,0,71,,,13916,0,,
e5ee236cb7116964.jpg,DRIP,336,336,3,73,2122.0,16306.0,14308,4120,0.13013614620385133,0.5150485436893204
e5ee236cb7116964.jpg,Fixed,336,336,3,72,504.0,17728.0,14112,4120,0.028429602888086644,0.12233009708737864
e5ee236cb7116964.jpg,PruneSID,336,336,3,71,858.0,17178.0,13916,4120,0.04994760740482012,0.20825242718446602
e61803d4807e167d.jpg,DRIP,336,336,5,73,2781.0,19363.0,14308,7836,0.1436244383618241,0.35490045941807047
e61803d4807e167d.jpg,Fixed,336,336,5,72,988.0,20960.0,14112,7836,0.04713740458015267,0.1260847371107708
e61803d4807e167d.jpg,PruneSID,336,336,5,71,2978.0,18774.0,13916,7836,0.15862362842228614,0.38004083716181725
e6331925eab49904.jpg,DRIP,336,336,0,72,,,14112,0,,
e6331925eab49904.jpg,Fixed,336,336,0,72,,,14112,0,,
e6331925eab49904.jpg,PruneSID,336,336,0,71,,,13916,0,,
e687cf450e381174.jpg,DRIP,336,336,0,72,,,14112,0,,
e687cf450e381174.jpg,Fixed,336,336,0,72,,,14112,0,,
e687cf450e381174.jpg,PruneSID,336,336,0,71,,,13916,0,,
e6a63b3b06282e4f.jpg,DRIP,336,336,2,73,4088.0,36764.0,14308,26544,0.11119573495811119,0.1540084388185654
e6a63b3b06282e4f.jpg,Fixed,336,336,2,72,2380.0,38276.0,14112,26544,0.06217995610826628,0.08966244725738397
e6a63b3b06282e4f.jpg,PruneSID,336,336,2,71,2828.0,37632.0,13916,26544,0.07514880952380952,0.10654008438818566
e6aafe9677bd0f76.jpg,DRIP,336,336,0,72,,,14112,0,,
e6aafe9677bd0f76.jpg,Fixed,336,336,0,72,,,14112,0,,
e6aafe9677bd0f76.jpg,PruneSID,336,336,0,71,,,13916,0,,
e6c1a7b56123bbdb.jpg,DRIP,336,336,25,72,4323.0,29816.0,14112,20027,0.1449892675073786,0.21585859090228193
e6c1a7b56123bbdb.jpg,Fixed,336,336,25,72,2181.0,31958.0,14112,20027,0.06824582264221792,0.10890298097568282
e6c1a7b56123bbdb.jpg,PruneSID,336,336,25,71,5881.0,28062.0,13916,20027,0.209571662746775,0.2936535676836271
e6d31487d1c1a2a6.jpg,DRIP,336,336,2,72,1466.0,16066.0,14112,3420,0.09124859952695133,0.4286549707602339
e6d31487d1c1a2a6.jpg,Fixed,336,336,2,72,0.0,17532.0,14112,3420,0.0,0.0
e6d31487d1c1a2a6.jpg,PruneSID,336,336,2,71,1424.0,15912.0,13916,3420,0.08949220713926596,0.41637426900584795
e6f8d1ce06837912.jpg,DRIP,336,336,1,72,238.0,14567.0,14112,693,0.016338298894762134,0.3434343434343434
e6f8d1ce06837912.jpg,Fixed,336,336,1,72,68.0,14737.0,14112,693,0.0046142362760399,0.09812409812409813
e6f8d1ce06837912.jpg,PruneSID,336,336,1,71,242.0,14367.0,13916,693,0.016844156748103294,0.3492063492063492
e7618ce326c05962.jpg,DRIP,336,336,0,72,,,14112,0,,
e7618ce326c05962.jpg,Fixed,336,336,0,72,,,14112,0,,
e7618ce326c05962.jpg,PruneSID,336,336,0,71,,,13916,0,,
e76545f5fae2e38e.jpg,DRIP,336,336,13,72,4795.0,28436.0,14112,19119,0.1686242790828527,0.25079763585961606
e76545f5fae2e38e.jpg,Fixed,336,336,13,72,1409.0,31822.0,14112,19119,0.044277543837596633,0.07369632302944715
e76545f5fae2e38e.jpg,PruneSID,336,336,13,71,2966.0,30069.0,13916,19119,0.09863979513784961,0.15513363669647995
e7802559de07d74d.jpg,DRIP,336,336,2,72,4088.0,28021.0,14112,17997,0.1458905820634524,0.22714896927265654
e7802559de07d74d.jpg,Fixed,336,336,2,72,2548.0,29561.0,14112,17997,0.08619464835425053,0.14157915208090238
e7802559de07d74d.jpg,PruneSID,336,336,2,71,4443.0,27470.0,13916,17997,0.16174008008736804,0.24687447907984664
e795907084cea8f4.jpg,DRIP,336,336,0,72,,,14112,0,,
e795907084cea8f4.jpg,Fixed,336,336,0,72,,,14112,0,,
e795907084cea8f4.jpg,PruneSID,336,336,0,71,,,13916,0,,
e7b08b0cc6080758.jpg,DRIP,336,336,0,72,,,14112,0,,
e7b08b0cc6080758.jpg,Fixed,336,336,0,72,,,14112,0,,
e7b08b0cc6080758.jpg,PruneSID,336,336,0,71,,,13916,0,,
e7b54b932696b900.jpg,DRIP,336,336,9,72,11145.0,90072.0,14112,87105,0.12373434585664801,0.12794902703633546
e7b54b932696b900.jpg,Fixed,336,336,9,72,11277.0,89940.0,14112,87105,0.1253835890593729,0.12946443946960565
e7b54b932696b900.jpg,PruneSID,336,336,9,71,11315.0,89706.0,13916,87105,0.12613426080752682,0.12990069456403192
e7b7be77caf99b9e.jpg,DRIP,336,336,30,72,6279.0,40332.0,14112,32499,0.15568283249033027,0.1932059447983015
e7b7be77caf99b9e.jpg,Fixed,336,336,30,72,4261.0,42350.0,14112,32499,0.10061393152302243,0.131111726514662
e7b7be77caf99b9e.jpg,PruneSID,336,336,30,71,7757.0,38658.0,13916,32499,0.20065704382016658,0.23868426720822178
e7c0f5361203ec60.jpg,DRIP,336,336,2,72,350.0,15832.0,14112,2070,0.02210712481051036,0.16908212560386474
e7c0f5361203ec60.jpg,Fixed,336,336,2,72,0.0,16182.0,14112,2070,0.0,0.0
e7c0f5361203ec60.jpg,PruneSID,336,336,2,71,644.0,15342.0,13916,2070,0.04197627427975492,0.3111111111111111
e7d4db0805480b89.jpg,DRIP,336,336,1,72,2858.0,16254.0,14112,5000,0.17583364094992002,0.5716
e7d4db0805480b89.jpg,Fixed,336,336,1,72,700.0,18412.0,14112,5000,0.03801868346730393,0.14
e7d4db0805480b89.jpg,PruneSID,336,336,1,71,716.0,18200.0,13916,5000,0.03934065934065934,0.1432
e7d63255fad3e1ca.jpg,DRIP,336,336,16,73,8875.0,49597.0,14308,44164,0.17894227473435892,0.20095552939045377
e7d63255fad3e1ca.jpg,Fixed,336,336,16,72,5103.0,53173.0,14112,44164,0.09596975908825908,0.11554659903994204
e7d63255fad3e1ca.jpg,PruneSID,336,336,16,71,5818.0,52262.0,13916,44164,0.11132371512762619,0.13173625577393352
e7d656c4407826c5.jpg,DRIP,336,336,26,72,5782.0,31621.0,14112,23291,0.18285316719901332,0.2482503971491134
e7d656c4407826c5.jpg,Fixed,336,336,26,72,3339.0,34064.0,14112,23291,0.09802137153593236,0.143360096174488
e7d656c4407826c5.jpg,PruneSID,336,336,26,71,5195.0,32012.0,13916,23291,0.16228289391478196,0.22304752908848913
e7e77e2d4aaf4808.jpg,DRIP,336,336,2,73,1398.0,15257.0,14308,2347,0.0916300714426165,0.5956540264167022
e7e77e2d4aaf4808.jpg,Fixed,336,336,2,72,374.0,16085.0,14112,2347,0.023251476530929436,0.15935236472092032
e7e77e2d4aaf4808.jpg,PruneSID,336,336,2,71,672.0,15591.0,13916,2347,0.04310178949393881,0.28632296548785685
e7f634f907d437d5.jpg,DRIP,336,336,0,72,,,14112,0,,
e7f634f907d437d5.jpg,Fixed,336,336,0,72,,,14112,0,,
e7f634f907d437d5.jpg,PruneSID,336,336,0,71,,,13916,0,,
e82388122290db4a.jpg,DRIP,336,336,4,73,2990.0,17790.0,14308,6472,0.16807195053400786,0.4619901112484549
e82388122290db4a.jpg,Fixed,336,336,4,72,770.0,19814.0,14112,6472,0.03886141112344807,0.11897404202719407
e82388122290db4a.jpg,PruneSID,336,336,4,71,1751.0,18637.0,13916,6472,0.09395288941353222,0.27055006180469715
e83176c8fc8e24dc.jpg,DRIP,336,336,0,73,,,14308,0,,
e83176c8fc8e24dc.jpg,Fixed,336,336,0,72,,,14112,0,,
e83176c8fc8e24dc.jpg,PruneSID,336,336,0,71,,,13916,0,,
e85a52547fb81234.jpg,DRIP,336,336,17,73,7083.0,37622.0,14308,30397,0.18826750305672213,0.23301641609369345
e85a52547fb81234.jpg,Fixed,336,336,17,72,3644.0,40865.0,14112,30397,0.0891716627921204,0.11988025134059282
e85a52547fb81234.jpg,PruneSID,336,336,17,71,7080.0,37233.0,13916,30397,0.1901538957376521,0.2329177221436326
e86a6823f092750f.jpg,DRIP,336,336,2,72,12194.0,60811.0,14112,58893,0.2005229317064347,0.20705346985210465
e86a6823f092750f.jpg,Fixed,336,336,2,72,7210.0,65795.0,14112,58893,0.1095827950452162,0.12242541558419506
e86a6823f092750f.jpg,PruneSID,336,336,2,71,8162.0,64647.0,13916,58893,0.12625489195167602,0.13859032482638003
e88e679f7067b201.jpg,DRIP,336,336,1,72,2898.0,24395.0,14112,13181,0.1187948350071736,0.21986192246415295
e88e679f7067b201.jpg,Fixed,336,336,1,72,1994.0,25299.0,14112,13181,0.07881734455907348,0.1512783552082543
e88e679f7067b201.jpg,PruneSID,336,336,1,71,5153.0,21944.0,13916,13181,0.23482500911410864,0.39094150671420985
e899e6df86b9ed34.jpg,DRIP,336,336,2,73,471.0,14607.0,14308,770,0.03224481413021154,0.6116883116883117
e899e6df86b9ed34.jpg,Fixed,336,336,2,72,108.0,14774.0,14112,770,0.007310139434141058,0.14025974025974025
e899e6df86b9ed34.jpg,PruneSID,336,336,2,71,452.0,14234.0,13916,770,0.031754952929605174,0.587012987012987
e8a58d6a31e12445.jpg,DRIP,336,336,26,73,3204.0,29978.0,14308,18874,0.10687837747681633,0.16975733813711985
e8a58d6a31e12445.jpg,Fixed,336,336,26,72,2520.0,30466.0,14112,18874,0.08271515788091643,0.1335170075235774
e8a58d6a31e12445.jpg,PruneSID,336,336,26,71,5841.0,26949.0,13916,18874,0.21674273627963933,0.3094733495814348
e8cfb5f4de0198f1.jpg,DRIP,336,336,0,73,,,14308,0,,
e8cfb5f4de0198f1.jpg,Fixed,336,336,0,72,,,14112,0,,
e8cfb5f4de0198f1.jpg,PruneSID,336,336,0,71,,,13916,0,,
e8d4b34171630d37.jpg,DRIP,336,336,2,73,2844.0,16616.0,14308,5152,0.17116032739528167,0.5520186335403726
e8d4b34171630d37.jpg,Fixed,336,336,2,72,283.0,18981.0,14112,5152,0.014909646488593857,0.05493012422360249
e8d4b34171630d37.jpg,PruneSID,336,336,2,71,1703.0,17365.0,13916,5152,0.09807083213360207,0.33055124223602483
e8e903492cd0fe53.jpg,DRIP,336,336,4,73,2632.0,32373.0,14308,20697,0.08130231983442993,0.12716818862637097
e8e903492cd0fe53.jpg,Fixed,336,336,4,72,2660.0,32149.0,14112,20697,0.08273974307132415,0.1285210416968643
e8e903492cd0fe53.jpg,PruneSID,336,336,4,71,1338.0,33275.0,13916,20697,0.04021036814425244,0.06464705029714451
e8f2dc06f4eca44f.jpg,DRIP,336,336,9,73,1001.0,27395.0,14308,14088,0.03653951450994707,0.07105337876206701
e8f2dc06f4eca44f.jpg,Fixed,336,336,9,72,1709.0,26491.0,14112,14088,0.06451247593522329,0.12130891538898353
e8f2dc06f4eca44f.jpg,PruneSID,336,336,9,71,4890.0,23114.0,13916,14088,0.21156009344985724,0.3471039182282794
e90557ab2be28853.jpg,DRIP,336,336,7,72,2547.0,21517.0,14112,9952,0.11837152019333551,0.2559284565916399
e90557ab2be28853.jpg,Fixed,336,336,7,72,1141.0,22923.0,14112,9952,0.04977533481655979,0.11465032154340836
e90557ab2be28853.jpg,PruneSID,336,336,7,71,1815.0,22053.0,13916,9952,0.0823017276561012,0.18237540192926044
e90a89c5d4a0779e.jpg,DRIP,336,336,0,73,,,14308,0,,
e90a89c5d4a0779e.jpg,Fixed,336,336,0,72,,,14112,0,,
e90a89c5d4a0779e.jpg,PruneSID,336,336,0,71,,,13916,0,,
e920a8a8522e9404.jpg,DRIP,336,336,36,72,1605.0,30395.0,14112,17888,0.0528047376213193,0.08972495527728086
e920a8a8522e9404.jpg,Fixed,336,336,36,72,2242.0,29758.0,14112,17888,0.07534108475031924,0.12533542039355994
e920a8a8522e9404.jpg,PruneSID,336,336,36,71,3707.0,28097.0,13916,17888,0.13193579385699541,0.20723389982110912
e96fc2131f727dd4.jpg,DRIP,336,336,3,73,3289.0,19050.0,14308,8031,0.1726509186351706,0.4095380400946333
e96fc2131f727dd4.jpg,Fixed,336,336,3,72,1665.0,20478.0,14112,8031,0.08130676823908585,0.20732162868883078
e96fc2131f727dd4.jpg,PruneSID,336,336,3,71,2475.0,19472.0,13916,8031,0.12710558751027115,0.308180799402316
e9915e4011219b78.jpg,DRIP,336,336,11,72,9945.0,35038.0,14112,30871,0.2838346937610594,0.32214699880146414
e9915e4011219b78.jpg,Fixed,336,336,11,72,4251.0,40732.0,14112,30871,0.10436511833447903,0.13770205046807685
e9915e4011219b78.jpg,PruneSID,336,336,11,71,4175.0,40612.0,13916,30871,0.10280212745001477,0.13524019306144924
e9e9d9b60db59083.jpg,DRIP,336,336,3,73,2330.0,19838.0,14308,7860,0.11745135598346608,0.2964376590330789
e9e9d9b60db59083.jpg,Fixed,336,336,3,72,1232.0,20740.0,14112,7860,0.05940212150433944,0.15674300254452928
e9e9d9b60db59083.jpg,PruneSID,336,336,3,71,720.0,21056.0,13916,7860,0.03419452887537994,0.0916030534351145
e9f50657a757f45e.jpg,DRIP,336,336,14,73,8257.0,45164.0,14308,39113,0.18282260207244708,0.2111062817988904
e9f50657a757f45e.jpg,Fixed,336,336,14,72,3802.0,49423.0,14112,39113,0.07692774619104466,0.0972055326873418
e9f50657a757f45e.jpg,PruneSID,336,336,14,71,7691.0,45338.0,13916,39113,0.16963694913758878,0.1966353897681078
ea0382ccbdd59942.jpg,DRIP,336,336,2,73,1916.0,19282.0,14308,6890,0.09936728555129136,0.2780841799709724
ea0382ccbdd59942.jpg,Fixed,336,336,2,72,742.0,20260.0,14112,6890,0.036623889437314906,0.1076923076923077
ea0382ccbdd59942.jpg,PruneSID,336,336,2,71,3304.0,17502.0,13916,6890,0.18877842532282024,0.4795355587808418
ea06c699fbebf914.jpg,DRIP,336,336,7,73,2372.0,17248.0,14308,5312,0.13752319109461966,0.44653614457831325
ea06c699fbebf914.jpg,Fixed,336,336,7,72,0.0,19424.0,14112,5312,0.0,0.0
ea06c699fbebf914.jpg,PruneSID,336,336,7,71,1719.0,17509.0,13916,5312,0.09817807984465132,0.3236069277108434
ea36655fdf84f6e6.jpg,DRIP,336,336,6,72,1602.0,18558.0,14112,6048,0.0863239573229874,0.2648809523809524
ea36655fdf84f6e6.jpg,Fixed,336,336,6,72,822.0,19338.0,14112,6048,0.04250698107353398,0.1359126984126984
ea36655fdf84f6e6.jpg,PruneSID,336,336,6,71,2962.0,17002.0,13916,6048,0.17421479825902836,0.48974867724867727
ea43052275fb10ff.jpg,DRIP,336,336,0,72,,,14112,0,,
ea43052275fb10ff.jpg,Fixed,336,336,0,72,,,14112,0,,
ea43052275fb10ff.jpg,PruneSID,336,336,0,71,,,13916,0,,
ea49770b54136009.jpg,DRIP,336,336,5,72,5541.0,40574.0,14112,32003,0.13656528811554197,0.17314001812330093
ea49770b54136009.jpg,Fixed,336,336,5,72,4031.0,42084.0,14112,32003,0.09578462123372303,0.12595694153673093
ea49770b54136009.jpg,PruneSID,336,336,5,71,4936.0,40983.0,13916,32003,0.12044018251470122,0.1542355404180858
ea4cd165454e3c18.jpg,DRIP,336,336,0,73,,,14308,0,,
ea4cd165454e3c18.jpg,Fixed,336,336,0,72,,,14112,0,,
ea4cd165454e3c18.jpg,PruneSID,336,336,0,71,,,13916,0,,
ea79782f32732483.jpg,DRIP,336,336,1,73,457.0,16308.0,14308,2457,0.028023056168751535,0.185999185999186
ea79782f32732483.jpg,Fixed,336,336,1,72,261.0,16308.0,14112,2457,0.016004415011037526,0.10622710622710622
ea79782f32732483.jpg,PruneSID,336,336,1,71,1048.0,15325.0,13916,2457,0.06838499184339315,0.42653642653642654
ea9e9adcb6cc7f16.jpg,DRIP,336,336,1,72,839.0,14508.0,14112,1235,0.057830162668872344,0.6793522267206478
ea9e9adcb6cc7f16.jpg,Fixed,336,336,1,72,266.0,15081.0,14112,1235,0.0176380876599695,0.2153846153846154
ea9e9adcb6cc7f16.jpg,PruneSID,336,336,1,71,140.0,15011.0,13916,1235,0.009326493904470056,0.11336032388663968
eaa10e6569c11895.jpg,DRIP,336,336,35,72,11427.0,84465.0,14112,81780,0.13528680518557984,0.13972853998532647
eaa10e6569c11895.jpg,Fixed,336,336,35,72,9662.0,86230.0,14112,81780,0.11204917082221964,0.1181462460259232
eaa10e6569c11895.jpg,PruneSID,336,336,35,71,9852.0,85844.0,13916,81780,0.11476632030194306,0.12046955245781364
eaa57dc95659150c.jpg,DRIP,336,336,0,72,,,14112,0,,
eaa57dc95659150c.jpg,Fixed,336,336,0,72,,,14112,0,,
eaa57dc95659150c.jpg,PruneSID,336,336,0,71,,,13916,0,,
eab75930d06bc747.jpg,DRIP,336,336,2,72,428.0,14553.0,14112,869,0.02940974369545798,0.49252013808975836
eab75930d06bc747.jpg,Fixed,336,336,2,72,154.0,14827.0,14112,869,0.01038645713900317,0.17721518987341772
eab75930d06bc747.jpg,PruneSID,336,336,2,71,573.0,14212.0,13916,869,0.0403180410920349,0.6593785960874569
eb13caa55b531594.jpg,DRIP,336,336,54,72,4063.0,42259.0,14112,32210,0.09614519983908754,0.12614095001552314
eb13caa55b531594.jpg,Fixed,336,336,54,72,3872.0,42450.0,14112,32210,0.09121319199057715,0.12021111456069544
eb13caa55b531594.jpg,PruneSID,336,336,54,71,7456.0,38670.0,13916,32210,0.19281096457201966,0.23148090655076065
eb24f244823ada19.jpg,DRIP,336,336,1,72,57.0,14340.0,14112,285,0.0039748953974895395,0.2
eb24f244823ada19.jpg,Fixed,336,336,1,72,180.0,14217.0,14112,285,0.01266089892382359,0.631578947368421
eb24f244823ada19.jpg,PruneSID,336,336,1,71,0.0,14201.0,13916,285,0.0,0.0
eb38600d8a5ade9a.jpg,DRIP,336,336,0,73,,,14308,0,,
eb38600d8a5ade9a.jpg,Fixed,336,336,0,72,,,14112,0,,
eb38600d8a5ade9a.jpg,PruneSID,336,336,0,71,,,13916,0,,
eb3c37e5553f7ce0.jpg,DRIP,336,336,3,72,1878.0,17524.0,14112,5290,0.10716731339876741,0.3550094517958412
eb3c37e5553f7ce0.jpg,Fixed,336,336,3,72,748.0,18654.0,14112,5290,0.04009863836174547,0.14139886578449906
eb3c37e5553f7ce0.jpg,PruneSID,336,336,3,71,1538.0,17668.0,13916,5290,0.08705003395970115,0.29073724007561436
eb695bea8f3d1b30.jpg,DRIP,336,336,1,73,708.0,14308.0,14308,708,0.04948280682135868,1.0
eb695bea8f3d1b30.jpg,Fixed,336,336,1,72,168.0,14652.0,14112,708,0.011466011466011465,0.23728813559322035
eb695bea8f3d1b30.jpg,PruneSID,336,336,1,71,336.0,14288.0,13916,708,0.023516237402015677,0.4745762711864407
eb7038a3c1dee2d8.jpg,DRIP,336,336,26,73,9283.0,63801.0,14308,58776,0.14549928684503377,0.15793861440043555
eb7038a3c1dee2d8.jpg,Fixed,336,336,26,72,6409.0,66479.0,14112,58776,0.09640638397087802,0.10904110521301211
eb7038a3c1dee2d8.jpg,PruneSID,336,336,26,71,9904.0,62788.0,13916,58776,0.15773714722558452,0.16850415135429428
eb90fe82875b37b5.jpg,DRIP,336,336,5,72,2388.0,18705.0,14112,6981,0.1276663993584603,0.3420713364847443
eb90fe82875b37b5.jpg,Fixed,336,336,5,72,462.0,20631.0,14112,6981,0.022393485531481752,0.06617963042544048
eb90fe82875b37b5.jpg,PruneSID,336,336,5,71,2605.0,18292.0,13916,6981,0.14241198338071287,0.37315570835123907
eb92d60d390619f1.jpg,DRIP,336,336,18,73,2526.0,22576.0,14308,10794,0.11188873139617293,0.2340188993885492
eb92d60d390619f1.jpg,Fixed,336,336,18,72,1747.0,23159.0,14112,10794,0.07543503605509737,0.16184917546785252
eb92d60d390619f1.jpg,PruneSID,336,336,18,71,3517.0,21193.0,13916,10794,0.16595102156372388,0.32582916435056514
eb93b875b7025559.jpg,DRIP,336,336,48,72,4262.0,49790.0,14112,39940,0.08559951797549709,0.10671006509764647
eb93b875b7025559.jpg,Fixed,336,336,48,72,5256.0,48796.0,14112,39940,0.10771374702844495,0.1315973960941412
eb93b875b7025559.jpg,PruneSID,336,336,48,71,9205.0,44651.0,13916,39940,0.20615439743790734,0.23047070605908862
eba183bd81ae10ca.jpg,DRIP,336,336,2,72,696.0,15683.0,14112,2267,0.04437926417139578,0.3070136744596383
eba183bd81ae10ca.jpg,Fixed,336,336,2,72,578.0,15801.0,14112,2267,0.03657996329346244,0.254962505513895
eba183bd81ae10ca.jpg,PruneSID,336,336,2,71,987.0,15196.0,13916,2267,0.06495130297446697,0.435377150419056
ebb8302411af6e98.jpg,DRIP,336,336,0,73,,,14308,0,,
ebb8302411af6e98.jpg,Fixed,336,336,0,72,,,14112,0,,
ebb8302411af6e98.jpg,PruneSID,336,336,0,71,,,13916,0,,
ebe13ce1d27c50bc.jpg,DRIP,336,336,15,73,8642.0,53232.0,14308,47566,0.16234595731890591,0.18168439641760922
ebe13ce1d27c50bc.jpg,Fixed,336,336,15,72,5190.0,56488.0,14112,47566,0.09187792097436624,0.10911155026699744
ebe13ce1d27c50bc.jpg,PruneSID,336,336,15,71,6641.0,54841.0,13916,47566,0.1210955307160701,0.13961653281755876
ebfaa564111cf51a.jpg,DRIP,336,336,0,73,,,14308,0,,
ebfaa564111cf51a.jpg,Fixed,336,336,0,72,,,14112,0,,
ebfaa564111cf51a.jpg,PruneSID,336,336,0,71,,,13916,0,,
ebfd23e7a363e788.jpg,DRIP,336,336,8,73,1488.0,16819.0,14308,3999,0.08847137166300018,0.37209302325581395
ebfd23e7a363e788.jpg,Fixed,336,336,8,72,614.0,17497.0,14112,3999,0.035091730010859,0.15353838459614905
ebfd23e7a363e788.jpg,PruneSID,336,336,8,71,1198.0,16717.0,13916,3999,0.07166357600047855,0.2995748937234309
ec01eaf185559102.jpg,DRIP,336,336,3,73,8254.0,35779.0,14308,29725,0.2306939825037033,0.27767872161480234
ec01eaf185559102.jpg,Fixed,336,336,3,72,4190.0,39647.0,14112,29725,0.10568264938078543,0.14095878889823382
ec01eaf185559102.jpg,PruneSID,336,336,3,71,3868.0,39773.0,13916,29725,0.09725190455836874,0.13012615643397812
ec1c5f09b7aaa72a.jpg,DRIP,336,336,2,73,2618.0,17885.0,14308,6195,0.14637964774951076,0.42259887005649716
ec1c5f09b7aaa72a.jpg,Fixed,336,336,2,72,886.0,19421.0,14112,6195,0.04562071983934916,0.1430185633575464
ec1c5f09b7aaa72a.jpg,PruneSID,336,336,2,71,1440.0,18671.0,13916,6195,0.07712495313587917,0.2324455205811138
ec58d889cd3b2a23.jpg,DRIP,336,336,0,73,,,14308,0,,
ec58d889cd3b2a23.jpg,Fixed,336,336,0,72,,,14112,0,,
ec58d889cd3b2a23.jpg,PruneSID,336,336,0,71,,,13916,0,,
ec6b3bf31c65b3cb.jpg,DRIP,336,336,1,73,725.0,14714.0,14308,1131,0.049272801413619685,0.6410256410256411
ec6b3bf31c65b3cb.jpg,Fixed,336,336,1,72,406.0,14837.0,14112,1131,0.027364022376491205,0.358974358974359
ec6b3bf31c65b3cb.jpg,PruneSID,336,336,1,71,243.0,14804.0,13916,1131,0.016414482572277764,0.21485411140583555
ec95322fbb425e5a.jpg,DRIP,336,336,47,72,1977.0,37686.0,14112,25551,0.0524597993950008,0.07737466243982623
ec95322fbb425e5a.jpg,Fixed,336,336,47,72,3332.0,36331.0,14112,25551,0.09171231179984035,0.13040585495675316
ec95322fbb425e5a.jpg,PruneSID,336,336,47,71,5183.0,34284.0,13916,25551,0.151178392252946,0.20284920355367697
eca676746ef1a5d1.jpg,DRIP,336,336,15,73,4176.0,27799.0,14308,17667,0.15022123097953163,0.23637289862455427
eca676746ef1a5d1.jpg,Fixed,336,336,15,72,2189.0,29590.0,14112,17667,0.07397769516728625,0.12390332257881927
eca676746ef1a5d1.jpg,PruneSID,336,336,15,71,4401.0,27182.0,13916,17667,0.16190861599587963,0.24910850738665308
ecb64a19c7398c8e.jpg,DRIP,336,336,12,73,5371.0,38973.0,14308,30036,0.13781335796577118,0.17881875083233453
ecb64a19c7398c8e.jpg,Fixed,336,336,12,72,3196.0,40952.0,14112,30036,0.07804258644266458,0.10640564655746437
ecb64a19c7398c8e.jpg,PruneSID,336,336,12,71,4192.0,39760.0,13916,30036,0.10543259557344065,0.13956585430816354
ecba4f9e3fe02b17.jpg,DRIP,336,336,32,72,4034.0,27402.0,14112,17324,0.14721553171301366,0.23285615331332254
ecba4f9e3fe02b17.jpg,Fixed,336,336,32,72,2550.0,28886.0,14112,17324,0.08827805857508828,0.14719464326945278
ecba4f9e3fe02b17.jpg,PruneSID,336,336,32,71,5627.0,25613.0,13916,17324,0.2196931245851716,0.32480951281459247
ed15b1f83c4e11b6.jpg,DRIP,336,336,7,73,1802.0,24407.0,14308,11901,0.0738312779120744,0.15141584740778086
ed15b1f83c4e11b6.jpg,Fixed,336,336,7,72,1844.0,24169.0,14112,11901,0.0762960817576234,0.1549449626081842
ed15b1f83c4e11b6.jpg,PruneSID,336,336,7,71,902.0,24915.0,13916,11901,0.03620309050772627,0.07579195025628098
ed25836fdf23f34e.jpg,DRIP,336,336,7,72,784.0,19840.0,14112,6512,0.03951612903225806,0.12039312039312039
ed25836fdf23f34e.jpg,Fixed,336,336,7,72,622.0,20002.0,14112,6512,0.031096890310968902,0.09551597051597052
ed25836fdf23f34e.jpg,PruneSID,336,336,7,71,2781.0,17647.0,13916,6512,0.157590525301751,0.42705773955773957
ed404dc8608c3c7b.jpg,DRIP,336,336,1,72,14.0,16478.0,14112,2380,0.0008496176720475786,0.0058823529411764705
ed404dc8608c3c7b.jpg,Fixed,336,336,1,72,0.0,16492.0,14112,2380,0.0,0.0
ed404dc8608c3c7b.jpg,PruneSID,336,336,1,71,658.0,15638.0,13916,2380,0.04207699194270367,0.27647058823529413
ed45c7df45f5d281.jpg,DRIP,336,336,23,73,2212.0,32283.0,14308,20187,0.06851903478611034,0.10957546936147025
ed45c7df45f5d281.jpg,Fixed,336,336,23,72,3320.0,30979.0,14112,20187,0.10716937280092967,0.16446227770347252
ed45c7df45f5d281.jpg,PruneSID,336,336,23,71,4250.0,29853.0,13916,20187,0.14236425149901183,0.21053153019269827
ed84d64c24970467.jpg,DRIP,336,336,1,73,1546.0,14443.0,14308,1681,0.10704147337810704,0.9196906603212374
ed84d64c24970467.jpg,Fixed,336,336,1,72,0.0,15793.0,14112,1681,0.0,0.0
ed84d64c24970467.jpg,PruneSID,336,336,1,71,658.0,14939.0,13916,1681,0.04404578619720195,0.3914336704342653
ed946401476a301c.jpg,DRIP,336,336,0,72,,,14112,0,,
ed946401476a301c.jpg,Fixed,336,336,0,72,,,14112,0,,
ed946401476a301c.jpg,PruneSID,336,336,0,71,,,13916,0,,
ede449a84f6fba77.jpg,DRIP,336,336,6,73,1823.0,22240.0,14308,9755,0.08196942446043165,0.1868785238339313
ede449a84f6fba77.jpg,Fixed,336,336,6,72,671.0,23196.0,14112,9755,0.028927401276082083,0.06878523833931317
ede449a84f6fba77.jpg,PruneSID,336,336,6,71,2627.0,21044.0,13916,9755,0.12483368180954191,0.2692977960020502
edff45c02561d54d.jpg,DRIP,336,336,18,73,5538.0,39169.0,14308,30399,0.14138732160637238,0.1821770452975427
edff45c02561d54d.jpg,Fixed,336,336,18,72,3705.0,40806.0,14112,30399,0.09079547125422732,0.12187900917793348
edff45c02561d54d.jpg,PruneSID,336,336,18,71,6254.0,38061.0,13916,30399,0.164315178266467,0.20573045165959405
ee1e78b23c92d86b.jpg,DRIP,336,336,7,72,652.0,15552.0,14112,2092,0.041923868312757205,0.31166347992351817
ee1e78b23c92d86b.jpg,Fixed,336,336,7,72,177.0,16027.0,14112,2092,0.011043863480376864,0.08460803059273422
ee1e78b23c92d86b.jpg,PruneSID,336,336,7,71,802.0,15206.0,13916,2092,0.05274233855057214,0.38336520076481834
ee223ca336449259.jpg,DRIP,336,336,4,72,1652.0,17137.0,14112,4677,0.09639960319775924,0.35321787470600813
ee223ca336449259.jpg,Fixed,336,336,4,72,749.0,18040.0,14112,4677,0.041518847006651885,0.16014539234552064
ee223ca336449259.jpg,PruneSID,336,336,4,71,1579.0,17014.0,13916,4677,0.09280592453273774,0.33760957878982256
ee5193a6f58478a8.jpg,DRIP,336,336,8,72,1838.0,15811.0,14112,3537,0.11624818164568972,0.5196494204127792
ee5193a6f58478a8.jpg,Fixed,336,336,8,72,360.0,17289.0,14112,3537,0.020822488287350338,0.10178117048346055
ee5193a6f58478a8.jpg,PruneSID,336,336,8,71,1964.0,15489.0,13916,3537,0.12679966427787462,0.5552728300819904
eeeef5268b31530b.jpg,DRIP,336,336,4,73,4259.0,22735.0,14308,12686,0.18733230701561468,0.3357244206211572
eeeef5268b31530b.jpg,Fixed,336,336,4,72,1792.0,25006.0,14112,12686,0.07166280092777734,0.14125807977297808
eeeef5268b31530b.jpg,PruneSID,336,336,4,71,2688.0,23914.0,13916,12686,0.11240277661620808,0.21188711965946713
ef00f12063be7b07.jpg,DRIP,336,336,1,73,7938.0,54197.0,14308,47827,0.1464656715316346,0.16597319505718527
ef00f12063be7b07.jpg,Fixed,336,336,1,72,6216.0,55723.0,14112,47827,0.11155178292626025,0.12996842787546783
ef00f12063be7b07.jpg,PruneSID,336,336,1,71,7616.0,54127.0,13916,47827,0.14070611709498032,0.15924059631588852
ef0289acb724706c.jpg,DRIP,336,336,1,73,96.0,15367.0,14308,1155,0.006247152990173749,0.08311688311688312
ef0289acb724706c.jpg,Fixed,336,336,1,72,290.0,14977.0,14112,1155,0.01936302330239701,0.2510822510822511
ef0289acb724706c.jpg,PruneSID,336,336,1,71,530.0,14541.0,13916,1155,0.036448662402860876,0.4588744588744589
ef228af87e71e7f5.jpg,DRIP,336,336,3,73,1960.0,17092.0,14308,4744,0.11467353147671425,0.4131534569983137
ef228af87e71e7f5.jpg,Fixed,336,336,3,72,1586.0,17270.0,14112,4744,0.0918355529820498,0.3343170320404722
ef228af87e71e7f5.jpg,PruneSID,336,336,3,71,560.0,18100.0,13916,4744,0.030939226519337018,0.11804384485666104
ef241c6c2a16df4d.jpg,DRIP,336,336,2,73,2055.0,16602.0,14308,4349,0.12378026743765812,0.47252241894688435
ef241c6c2a16df4d.jpg,Fixed,336,336,2,72,574.0,17887.0,14112,4349,0.03209034494325488,0.13198436422166016
ef241c6c2a16df4d.jpg,PruneSID,336,336,2,71,812.0,17453.0,13916,4349,0.04652495273018965,0.186709588411129
ef45a7b16461aa19.jpg,DRIP,336,336,4,72,9450.0,50671.0,14112,46009,0.1864972074756764,0.2053945967093395
ef45a7b16461aa19.jpg,Fixed,336,336,4,72,5530.0,54591.0,14112,46009,0.10129874887802019,0.12019387511139125
ef45a7b16461aa19.jpg,PruneSID,336,336,4,71,4522.0,55403.0,13916,46009,0.0816201288738877,0.09828511812906171
ef7060f902075ba6.jpg,DRIP,336,336,26,72,11592.0,95596.0,14112,93076,0.12126030377840077,0.12454338390132795
ef7060f902075ba6.jpg,Fixed,336,336,26,72,11946.0,95242.0,14112,93076,0.12542785745784424,0.12834672740556105
ef7060f902075ba6.jpg,PruneSID,336,336,26,71,12096.0,94896.0,13916,93076,0.1274658573596358,0.1299583136361683
ef8086221ab0e99f.jpg,DRIP,336,336,20,73,2275.0,29811.0,14308,17778,0.07631411224044815,0.12796715041061987
ef8086221ab0e99f.jpg,Fixed,336,336,20,72,2596.0,29294.0,14112,17778,0.08861882979449717,0.14602317471031612
ef8086221ab0e99f.jpg,PruneSID,336,336,20,71,4113.0,27581.0,13916,17778,0.14912439722997717,0.23135335808302396
efb2cfa49091b465.jpg,DRIP,336,336,125,73,6920.0,79625.0,14308,72237,0.08690737833594976,0.09579578332433518
efb2cfa49091b465.jpg,Fixed,336,336,125,72,9156.0,77193.0,14112,72237,0.11861179122459291,0.12674944972797875
efb2cfa49091b465.jpg,PruneSID,336,336,125,71,9779.0,76374.0,13916,72237,0.12804095634640061,0.13537383889142682
efed24eaa45c8f63.jpg,DRIP,336,336,4,72,11788.0,62015.0,14112,59691,0.19008304442473595,0.19748370776163912
efed24eaa45c8f63.jpg,Fixed,336,336,4,72,7210.0,66593.0,14112,59691,0.10826963794993467,0.1207887286190548
efed24eaa45c8f63.jpg,PruneSID,336,336,4,71,8722.0,64885.0,13916,59691,0.13442243970100948,0.14611918044596336
eff8b3f84f897a32.jpg,DRIP,336,336,1,73,588.0,14645.0,14308,925,0.0401502219187436,0.6356756756756756
eff8b3f84f897a32.jpg,Fixed,336,336,1,72,0.0,15037.0,14112,925,0.0,0.0
eff8b3f84f897a32.jpg,PruneSID,336,336,1,71,216.0,14625.0,13916,925,0.014769230769230769,0.23351351351351352
f005221d88b96e31.jpg,DRIP,336,336,12,73,8363.0,52552.0,14308,46607,0.15913761607550617,0.17943656532280558
f005221d88b96e31.jpg,Fixed,336,336,12,72,5982.0,54737.0,14112,46607,0.10928622321281765,0.1283498186967623
f005221d88b96e31.jpg,PruneSID,336,336,12,71,7267.0,53256.0,13916,46607,0.13645410845726302,0.15592078443152316
f00d9d8a17483493.jpg,DRIP,336,336,12,73,7770.0,36558.0,14308,30020,0.21253897915640899,0.25882744836775484
f00d9d8a17483493.jpg,Fixed,336,336,12,72,3856.0,40276.0,14112,30020,0.09573939815274606,0.1284477015323118
f00d9d8a17483493.jpg,PruneSID,336,336,12,71,6171.0,37765.0,13916,30020,0.1634052694293658,0.20556295802798136
f0256606e601cf21.jpg,DRIP,336,336,13,73,7137.0,27182.0,14308,20011,0.2625634611139725,0.3566538403877867
f0256606e601cf21.jpg,Fixed,336,336,13,72,2242.0,31881.0,14112,20011,0.07032401743985446,0.11203837889160961
f0256606e601cf21.jpg,PruneSID,336,336,13,71,4746.0,29181.0,13916,20011,0.16264007402076694,0.23716955674379092
f06084d1c3d3be45.jpg,DRIP,336,336,3,72,773.0,14376.0,14112,1037,0.05377017250973845,0.7454194792671167
f06084d1c3d3be45.jpg,Fixed,336,336,3,72,0.0,15149.0,14112,1037,0.0,0.0
f06084d1c3d3be45.jpg,PruneSID,336,336,3,71,618.0,14335.0,13916,1037,0.043111266131845134,0.5959498553519769
f0823cbf952b7547.jpg,DRIP,336,336,4,72,1779.0,16264.0,14112,3931,0.10938268568617807,0.45255660137369624
f0823cbf952b7547.jpg,Fixed,336,336,4,72,474.0,17569.0,14112,3931,0.026979338607775058,0.12058000508776393
f0823cbf952b7547.jpg,PruneSID,336,336,4,71,1823.0,16024.0,13916,3931,0.11376684972541189,0.4637496820147545
f0cb3744d4029780.jpg,DRIP,336,336,7,73,6750.0,34414.0,14308,26856,0.196141105364096,0.25134048257372654
f0cb3744d4029780.jpg,Fixed,336,336,7,72,3074.0,37894.0,14112,26856,0.08112102179764606,0.11446231754542746
f0cb3744d4029780.jpg,PruneSID,336,336,7,71,6370.0,34402.0,13916,26856,0.18516365327597234,0.23719094429550194
f0e6dfb568f72c1a.jpg,DRIP,336,336,0,73,,,14308,0,,
f0e6dfb568f72c1a.jpg,Fixed,336,336,0,72,,,14112,0,,
f0e6dfb568f72c1a.jpg,PruneSID,336,336,0,71,,,13916,0,,
f0f987412b7e4d98.jpg,DRIP,336,336,3,72,1456.0,20240.0,14112,7584,0.07193675889328063,0.19198312236286919
f0f987412b7e4d98.jpg,Fixed,336,336,3,72,650.0,21046.0,14112,7584,0.030884728689537205,0.08570675105485231
f0f987412b7e4d98.jpg,PruneSID,336,336,3,71,2099.0,19401.0,13916,7584,0.10819029946909953,0.2767668776371308
f127244e633e1152.jpg,DRIP,336,336,6,72,1077.0,17349.0,14112,4314,0.06207850596576171,0.24965229485396384
f127244e633e1152.jpg,Fixed,336,336,6,72,220.0,18206.0,14112,4314,0.012083928375260903,0.05099675475197033
f127244e633e1152.jpg,PruneSID,336,336,6,71,2241.0,15989.0,13916,4314,0.1401588592157108,0.519471488178025
f13f10a79762cc5e.jpg,DRIP,336,336,2,73,1066.0,14847.0,14308,1605,0.07179901663635752,0.6641744548286604
f13f10a79762cc5e.jpg,Fixed,336,336,2,72,38.0,15679.0,14112,1605,0.002423623955609414,0.02367601246105919
f13f10a79762cc5e.jpg,PruneSID,336,336,2,71,876.0,14645.0,13916,1605,0.059815636736087405,0.5457943925233645
f143c89b2d1e0a62.jpg,DRIP,336,336,2,72,2103.0,16322.0,14112,4313,0.12884450434995712,0.48759564108509157
f143c89b2d1e0a62.jpg,Fixed,336,336,2,72,28.0,18397.0,14112,4313,0.00152198728053487,0.006492000927428704
f143c89b2d1e0a62.jpg,PruneSID,336,336,2,71,1958.0,16271.0,13916,4313,0.12033679552578207,0.4539763505680501
f14a5333b682f3da.jpg,DRIP,336,336,4,73,6713.0,27091.0,14308,19496,0.24779447048835407,0.34432704144439885
f14a5333b682f3da.jpg,Fixed,336,336,4,72,2691.0,30917.0,14112,19496,0.08703949283565676,0.13802831350020517
f14a5333b682f3da.jpg,PruneSID,336,336,4,71,3528.0,29884.0,13916,19496,0.11805648507562576,0.18096019696347967
f14dc0dbe9515756.jpg,DRIP,336,336,1,72,1540.0,19952.0,14112,7380,0.07718524458700882,0.2086720867208672
f14dc0dbe9515756.jpg,Fixed,336,336,1,72,840.0,20652.0,14112,7380,0.04067402672864614,0.11382113821138211
f14dc0dbe9515756.jpg,PruneSID,336,336,1,71,938.0,20358.0,13916,7380,0.046075252971804696,0.12710027100271
f15557381b898bb1.jpg,DRIP,336,336,1,72,836.0,14951.0,14112,1675,0.05591599224132165,0.4991044776119403
f15557381b898bb1.jpg,Fixed,336,336,1,72,350.0,15437.0,14112,1675,0.022672799118999807,0.208955223880597
f15557381b898bb1.jpg,PruneSID,336,336,1,71,1246.0,14345.0,13916,1675,0.08685953293830603,0.7438805970149254
f17a51c65907b6f2.jpg,DRIP,336,336,1,72,1022.0,16514.0,14112,3424,0.06188688385612208,0.29848130841121495
f17a51c65907b6f2.jpg,Fixed,336,336,1,72,448.0,17088.0,14112,3424,0.026217228464419477,0.1308411214953271
f17a51c65907b6f2.jpg,PruneSID,336,336,1,71,1106.0,16234.0,13916,3424,0.06812861894788715,0.3230140186915888
f1b4532de184af7e.jpg,DRIP,336,336,5,73,1342.0,21792.0,14308,8826,0.06158223201174743,0.1520507591207795
f1b4532de184af7e.jpg,Fixed,336,336,5,72,460.0,22478.0,14112,8826,0.020464454132929976,0.05211874008610922
f1b4532de184af7e.jpg,PruneSID,336,336,5,71,2073.0,20669.0,13916,8826,0.1002951279694228,0.23487423521414005
f200621d0bc17280.jpg,DRIP,336,336,102,72,2924.0,44846.0,14112,33658,0.06520090978013647,0.08687384871353021
f200621d0bc17280.jpg,Fixed,336,336,102,72,4165.0,43605.0,14112,33658,0.09551656920077972,0.12374472636520292
f200621d0bc17280.jpg,PruneSID,336,336,102,71,5226.0,42348.0,13916,33658,0.12340606404080476,0.15526769267336146
f2035b9600c88c83.jpg,DRIP,336,336,3,73,6801.0,43824.0,14308,36317,0.15518893756845564,0.18726767078778533
f2035b9600c88c83.jpg,Fixed,336,336,3,72,5210.0,45219.0,14112,36317,0.11521705477785886,0.14345898614973704
f2035b9600c88c83.jpg,PruneSID,336,336,3,71,5175.0,45058.0,13916,36317,0.11485196857383817,0.14249525015832806
f2208df6e8ec7800.jpg,DRIP,336,336,5,72,1427.0,17684.0,14112,4999,0.08069441302872653,0.2854570914182837
f2208df6e8ec7800.jpg,Fixed,336,336,5,72,616.0,18495.0,14112,4999,0.03330629899972966,0.1232246449289858
f2208df6e8ec7800.jpg,PruneSID,336,336,5,71,2618.0,16297.0,13916,4999,0.1606430631404553,0.5237047409481896
f254431e175cfbeb.jpg,DRIP,336,336,3,72,24.0,15314.0,14112,1226,0.0015671934177876453,0.01957585644371941
f254431e175cfbeb.jpg,Fixed,336,336,3,72,293.0,15045.0,14112,1226,0.0194749086075108,0.23898858075040783
f254431e175cfbeb.jpg,PruneSID,336,336,3,71,531.0,14611.0,13916,1226,0.03634248169187598,0.433115823817292
f29a434ee3d5c06c.jpg,DRIP,336,336,8,73,10801.0,52592.0,14308,49085,0.20537344082750228,0.22004685749210554
f29a434ee3d5c06c.jpg,Fixed,336,336,8,72,5551.0,57646.0,14112,49085,0.0962946258196579,0.11308953855556687
f29a434ee3d5c06c.jpg,PruneSID,336,336,8,71,8210.0,54791.0,13916,49085,0.14984212735668268,0.16726087399409187
f2e15920d54d861f.jpg,DRIP,336,336,3,72,3650.0,21552.0,14112,11090,0.1693578322197476,0.3291253381424707
f2e15920d54d861f.jpg,Fixed,336,336,3,72,1344.0,23858.0,14112,11090,0.0563333053902255,0.121190261496844
f2e15920d54d861f.jpg,PruneSID,336,336,3,71,3128.0,21878.0,13916,11090,0.14297467775847883,0.2820559062218215
f2f9b42a2b485ac6.jpg,DRIP,336,336,2,72,690.0,15489.0,14112,2067,0.04454774355994577,0.33381712626995647
f2f9b42a2b485ac6.jpg,Fixed,336,336,2,72,0.0,16179.0,14112,2067,0.0,0.0
f2f9b42a2b485ac6.jpg,PruneSID,336,336,2,71,763.0,15220.0,13916,2067,0.050131406044678056,0.3691340106434446
f317ca8ea185a765.jpg,DRIP,336,336,15,72,2174.0,17815.0,14112,5877,0.12203199550940219,0.36991662412795645
f317ca8ea185a765.jpg,Fixed,336,336,15,72,664.0,19325.0,14112,5877,0.034359637774902974,0.11298281436106858
f317ca8ea185a765.jpg,PruneSID,336,336,15,71,2432.0,17361.0,13916,5877,0.14008409653821785,0.41381657308150416
f3192eff16d9c8ab.jpg,DRIP,336,336,1,73,2341.0,17154.0,14308,5187,0.13646962807508453,0.45132060921534606
f3192eff16d9c8ab.jpg,Fixed,336,336,1,72,546.0,18753.0,14112,5187,0.029115341545352745,0.10526315789473684
f3192eff16d9c8ab.jpg,PruneSID,336,336,1,71,1790.0,17313.0,13916,5187,0.1033905157973777,0.3450935029882398
f325d1fea61f50c7.jpg,DRIP,336,336,8,72,6619.0,29276.0,14112,21783,0.22608962973083754,0.3038608088876647
f325d1fea61f50c7.jpg,Fixed,336,336,8,72,2653.0,33242.0,14112,21783,0.07980867577161423,0.12179222329339393
f325d1fea61f50c7.jpg,PruneSID,336,336,8,71,4882.0,30817.0,13916,21783,0.15841905441801604,0.22411972639214067
f335846dbb1da743.jpg,DRIP,336,336,10,72,6778.0,28625.0,14112,21291,0.23678602620087336,0.31835047672725564
f335846dbb1da743.jpg,Fixed,336,336,10,72,2767.0,32636.0,14112,21291,0.08478367446991053,0.1299610163919027
f335846dbb1da743.jpg,PruneSID,336,336,10,71,5715.0,29492.0,13916,21291,0.19378136443781366,0.26842327744117234
f34b8601eb875a8d.jpg,DRIP,336,336,0,72,,,14112,0,,
f34b8601eb875a8d.jpg,Fixed,336,336,0,72,,,14112,0,,
f34b8601eb875a8d.jpg,PruneSID,336,336,0,71,,,13916,0,,
f34c5b5527068a07.jpg,DRIP,336,336,3,72,6468.0,25116.0,14112,17472,0.25752508361204013,0.3701923076923077
f34c5b5527068a07.jpg,Fixed,336,336,3,72,2352.0,29232.0,14112,17472,0.08045977011494253,0.1346153846153846
f34c5b5527068a07.jpg,PruneSID,336,336,3,71,3027.0,28361.0,13916,17472,0.10673107436268114,0.17324862637362637
f37e70c5519847c3.jpg,DRIP,336,336,6,73,6456.0,26092.0,14308,18240,0.24743216311513108,0.3539473684210526
f37e70c5519847c3.jpg,Fixed,336,336,6,72,2142.0,30210.0,14112,18240,0.07090367428003973,0.1174342105263158
f37e70c5519847c3.jpg,PruneSID,336,336,6,71,5059.0,27097.0,13916,18240,0.18669963464590175,0.2773574561403509
f39168c23620129b.jpg,DRIP,336,336,6,72,2218.0,23560.0,14112,11666,0.09414261460101868,0.1901251500085719
f39168c23620129b.jpg,Fixed,336,336,6,72,1554.0,24224.0,14112,11666,0.06415125495376486,0.13320761186353505
f39168c23620129b.jpg,PruneSID,336,336,6,71,2134.0,23448.0,13916,11666,0.09100989423404982,0.18292473855648894
f3aaa4cce9902cf9.jpg,DRIP,336,336,18,73,5469.0,29838.0,14308,20999,0.1832897647295395,0.26044097337968475
f3aaa4cce9902cf9.jpg,Fixed,336,336,18,72,2311.0,32800.0,14112,20999,0.07045731707317072,0.1100528596599838
f3aaa4cce9902cf9.jpg,PruneSID,336,336,18,71,3853.0,31062.0,13916,20999,0.12404223810443629,0.18348492785370732
f3ea11ff4d7bb711.jpg,DRIP,336,336,17,72,2829.0,29238.0,14112,17955,0.09675764416170737,0.15756056808688387
f3ea11ff4d7bb711.jpg,Fixed,336,336,17,72,1782.0,30285.0,14112,17955,0.058841010401188706,0.09924812030075188
f3ea11ff4d7bb711.jpg,PruneSID,336,336,17,71,5212.0,26659.0,13916,17955,0.19550620803481,0.2902812587023113
f3f1dc7b8d3fc7cc.jpg,DRIP,336,336,0,72,,,14112,0,,
f3f1dc7b8d3fc7cc.jpg,Fixed,336,336,0,72,,,14112,0,,
f3f1dc7b8d3fc7cc.jpg,PruneSID,336,336,0,71,,,13916,0,,
f409fb247d2dae35.jpg,DRIP,336,336,2,73,1505.0,17679.0,14308,4876,0.08512924939193393,0.3086546349466776
f409fb247d2dae35.jpg,Fixed,336,336,2,72,1463.0,17525.0,14112,4876,0.08348074179743224,0.3000410172272354
f409fb247d2dae35.jpg,PruneSID,336,336,2,71,1104.0,17688.0,13916,4876,0.06241519674355495,0.22641509433962265
f473176f1265a938.jpg,DRIP,336,336,12,73,6926.0,23857.0,14308,16475,0.2903131156473991,0.4203945371775417
f473176f1265a938.jpg,Fixed,336,336,12,72,2008.0,28579.0,14112,16475,0.07026138073410546,0.12188163884673749
f473176f1265a938.jpg,PruneSID,336,336,12,71,4898.0,25493.0,13916,16475,0.19213117326324874,0.297298937784522
f477eeec5374737a.jpg,DRIP,336,336,0,73,,,14308,0,,
f477eeec5374737a.jpg,Fixed,336,336,0,72,,,14112,0,,
f477eeec5374737a.jpg,PruneSID,336,336,0,71,,,13916,0,,
f4793ff4e283ba81.jpg,DRIP,336,336,3,72,3810.0,18658.0,14112,8356,0.2042019509057777,0.4559597893729057
f4793ff4e283ba81.jpg,Fixed,336,336,3,72,910.0,21558.0,14112,8356,0.04221170795064477,0.10890378171373863
f4793ff4e283ba81.jpg,PruneSID,336,336,3,71,1940.0,20332.0,13916,8356,0.0954160928585481,0.23216850167544278
f49e3c24b7b79ab2.jpg,DRIP,336,336,4,72,1657.0,19019.0,14112,6564,0.0871234029128766,0.2524375380865326
f49e3c24b7b79ab2.jpg,Fixed,336,336,4,72,1572.0,19104.0,14112,6564,0.08228643216080402,0.23948811700182815
f49e3c24b7b79ab2.jpg,PruneSID,336,336,4,71,1582.0,18898.0,13916,6564,0.08371256217589162,0.24101157830591102
f4dc687a07426503.jpg,DRIP,336,336,4,72,1853.0,16093.0,14112,3834,0.11514322997576586,0.48330725091288473
f4dc687a07426503.jpg,Fixed,336,336,4,72,0.0,17946.0,14112,3834,0.0,0.0
f4dc687a07426503.jpg,PruneSID,336,336,4,71,1719.0,16031.0,13916,3834,0.10722974237415009,0.44835680751173707
f4e6b98b017d7a09.jpg,DRIP,336,336,2,72,2464.0,16373.0,14112,4725,0.15049166310389056,0.5214814814814814
f4e6b98b017d7a09.jpg,Fixed,336,336,2,72,1050.0,17787.0,14112,4725,0.0590318772136954,0.2222222222222222
f4e6b98b017d7a09.jpg,PruneSID,336,336,2,71,1904.0,16737.0,13916,4725,0.11375993308239231,0.40296296296296297
f5147a615e292c6c.jpg,DRIP,336,336,12,73,4976.0,27547.0,14308,18215,0.18063672995244492,0.27318144386494647
f5147a615e292c6c.jpg,Fixed,336,336,12,72,2212.0,30115.0,14112,18215,0.07345176822181637,0.12143837496568761
f5147a615e292c6c.jpg,PruneSID,336,336,12,71,4511.0,27620.0,13916,18215,0.16332367849384505,0.24765303321438376
f52cfdca527c9db5.jpg,DRIP,336,336,11,72,3811.0,20838.0,14112,10537,0.1828870333045398,0.3616778969346114
f52cfdca527c9db5.jpg,Fixed,336,336,11,72,1098.0,23551.0,14112,10537,0.04662222410937964,0.10420423270380563
f52cfdca527c9db5.jpg,PruneSID,336,336,11,71,3426.0,21027.0,13916,10537,0.16293337137965472,0.3251399829173389
f548c875258111b7.jpg,DRIP,336,336,0,72,,,14112,0,,
f548c875258111b7.jpg,Fixed,336,336,0,72,,,14112,0,,
f548c875258111b7.jpg,PruneSID,336,336,0,71,,,13916,0,,
f5528de5641931e5.jpg,DRIP,336,336,1,73,2364.0,17237.0,14308,5293,0.13714683529616523,0.4466276213867372
f5528de5641931e5.jpg,Fixed,336,336,1,72,1106.0,18299.0,14112,5293,0.060440461227389476,0.208955223880597
f5528de5641931e5.jpg,PruneSID,336,336,1,71,714.0,18495.0,13916,5293,0.03860502838605028,0.134895144530512
f57317b33b4818c3.jpg,DRIP,336,336,17,72,7738.0,28954.0,14112,22580,0.2672515023830904,0.34269264836138175
f57317b33b4818c3.jpg,Fixed,336,336,17,72,2777.0,33915.0,14112,22580,0.0818811735220404,0.12298494242692648
f57317b33b4818c3.jpg,PruneSID,336,336,17,71,6562.0,29934.0,13916,22580,0.21921560767020778,0.29061116031886625
f5e10e73636eb26a.jpg,DRIP,336,336,120,73,4499.0,63605.0,14308,53796,0.07073343290621806,0.08363075321585248
f5e10e73636eb26a.jpg,Fixed,336,336,120,72,7285.0,60623.0,14112,53796,0.12016891278887551,0.13541899025949886
f5e10e73636eb26a.jpg,PruneSID,336,336,120,71,10041.0,57671.0,13916,53796,0.17410830400027744,0.1866495650234218
f608cb022dbf1fcc.jpg,DRIP,336,336,1,72,824.0,14953.0,14112,1665,0.055105998796228184,0.4948948948948949
f608cb022dbf1fcc.jpg,Fixed,336,336,1,72,0.0,15777.0,14112,1665,0.0,0.0
f608cb022dbf1fcc.jpg,PruneSID,336,336,1,71,504.0,15077.0,13916,1665,0.033428400875505734,0.3027027027027027
f614e73458e4827c.jpg,DRIP,336,336,1,73,6090.0,33745.0,14308,25527,0.18047118091569123,0.23857092490304382
f614e73458e4827c.jpg,Fixed,336,336,1,72,2436.0,37203.0,14112,25527,0.06547859043625515,0.09542836996121754
f614e73458e4827c.jpg,PruneSID,336,336,1,71,2422.0,37021.0,13916,25527,0.06542232786796683,0.09487993105339444
f62b653cffd71af0.jpg,DRIP,336,336,4,73,2060.0,17755.0,14308,5507,0.11602365530836384,0.3740693662611222
f62b653cffd71af0.jpg,Fixed,336,336,4,72,938.0,18681.0,14112,5507,0.05021144478346984,0.17032867259851098
f62b653cffd71af0.jpg,PruneSID,336,336,4,71,1842.0,17581.0,13916,5507,0.10477219725840396,0.33448338478300343
f62e7c15c3fe81fe.jpg,DRIP,336,336,0,72,,,14112,0,,
f62e7c15c3fe81fe.jpg,Fixed,336,336,0,72,,,14112,0,,
f62e7c15c3fe81fe.jpg,PruneSID,336,336,0,71,,,13916,0,,
f67ace2fe8eb209e.jpg,DRIP,336,336,13,72,3313.0,20429.0,14112,9630,0.16217142297714035,0.34402907580477676
f67ace2fe8eb209e.jpg,Fixed,336,336,13,72,1048.0,22694.0,14112,9630,0.046179606944566846,0.10882658359293873
f67ace2fe8eb209e.jpg,PruneSID,336,336,13,71,2520.0,21026.0,13916,9630,0.11985161228954627,0.2616822429906542
f692dc5bea9a6b33.jpg,DRIP,336,336,5,72,2408.0,17668.0,14112,5964,0.13629160063391443,0.40375586854460094
f692dc5bea9a6b33.jpg,Fixed,336,336,5,72,996.0,19080.0,14112,5964,0.05220125786163522,0.16700201207243462
f692dc5bea9a6b33.jpg,PruneSID,336,336,5,71,1316.0,18564.0,13916,5964,0.07088989441930618,0.22065727699530516
f69af751d50337e9.jpg,DRIP,336,336,0,72,,,14112,0,,
f69af751d50337e9.jpg,Fixed,336,336,0,72,,,14112,0,,
f69af751d50337e9.jpg,PruneSID,336,336,0,71,,,13916,0,,
f6af9470b2185cb5.jpg,DRIP,336,336,3,73,2826.0,17480.0,14308,5998,0.16167048054919908,0.4711570523507836
f6af9470b2185cb5.jpg,Fixed,336,336,3,72,1393.0,18717.0,14112,5998,0.07442432013677405,0.2322440813604535
f6af9470b2185cb5.jpg,PruneSID,336,336,3,71,1914.0,18000.0,13916,5998,0.10633333333333334,0.31910636878959653
f6c0f9282064585a.jpg,DRIP,336,336,1,72,3394.0,15478.0,14112,4760,0.21927897661196538,0.7130252100840336
f6c0f9282064585a.jpg,Fixed,336,336,1,72,490.0,18382.0,14112,4760,0.026656511805026657,0.10294117647058823
f6c0f9282064585a.jpg,PruneSID,336,336,1,71,1436.0,17240.0,13916,4760,0.08329466357308585,0.30168067226890755
f6c612d3cfa76fe2.jpg,DRIP,336,336,2,72,1666.0,16032.0,14112,3586,0.10391716566866267,0.46458449525934187
f6c612d3cfa76fe2.jpg,Fixed,336,336,2,72,470.0,17228.0,14112,3586,0.027281170188065938,0.13106525376464026
f6c612d3cfa76fe2.jpg,PruneSID,336,336,2,71,640.0,16862.0,13916,3586,0.03795516546079943,0.1784718349135527
f76d43b4b2f61ffe.jpg,DRIP,336,336,51,73,9480.0,70626.0,14308,65798,0.1342281879194631,0.14407732757834585
f76d43b4b2f61ffe.jpg,Fixed,336,336,51,72,8115.0,71795.0,14112,65798,0.1130301553032941,0.12333201617070427
f76d43b4b2f61ffe.jpg,PruneSID,336,336,51,71,10728.0,68986.0,13916,65798,0.15550981358536514,0.16304446943676099
f76db9cbeb6634c4.jpg,DRIP,336,336,8,72,8260.0,55828.0,14112,49976,0.14795443146808054,0.16527933408035858
f76db9cbeb6634c4.jpg,Fixed,336,336,8,72,5986.0,58102.0,14112,49976,0.10302571340057141,0.11977749319673443
f76db9cbeb6634c4.jpg,PruneSID,336,336,8,71,6020.0,57872.0,13916,49976,0.10402267072159248,0.12045781975348167
f77ae0bc1eb9aaba.jpg,DRIP,336,336,13,72,4411.0,26392.0,14112,16691,0.16713397999393756,0.26427415972679885
f77ae0bc1eb9aaba.jpg,Fixed,336,336,13,72,1604.0,29199.0,14112,16691,0.05493338812973047,0.09609969444610868
f77ae0bc1eb9aaba.jpg,PruneSID,336,336,13,71,2817.0,27790.0,13916,16691,0.10136739834472831,0.16877359055778562
f78aaf3268a66fec.jpg,DRIP,336,336,0,72,,,14112,0,,
f78aaf3268a66fec.jpg,Fixed,336,336,0,72,,,14112,0,,
f78aaf3268a66fec.jpg,PruneSID,336,336,0,71,,,13916,0,,
f78d5fdb17274d1f.jpg,DRIP,336,336,2,73,2371.0,15717.0,14308,3780,0.1508557612775975,0.6272486772486773
f78d5fdb17274d1f.jpg,Fixed,336,336,2,72,490.0,17402.0,14112,3780,0.02815768302493966,0.12962962962962962
f78d5fdb17274d1f.jpg,PruneSID,336,336,2,71,1331.0,16365.0,13916,3780,0.08133211121295447,0.3521164021164021
f7a5ebbae8415001.jpg,DRIP,336,336,3,73,11186.0,47673.0,14308,44551,0.234640152706983,0.25108302843931674
f7a5ebbae8415001.jpg,Fixed,336,336,3,72,5306.0,53357.0,14112,44551,0.09944337200367337,0.11909945904693497
f7a5ebbae8415001.jpg,PruneSID,336,336,3,71,6202.0,52265.0,13916,44551,0.11866449823017315,0.13921124104958363
f7a6663912886b86.jpg,DRIP,336,336,29,73,11851.0,67312.0,14308,64855,0.17606073211314477,0.18273070696168375
f7a6663912886b86.jpg,Fixed,336,336,29,72,8133.0,70834.0,14112,64855,0.11481774289183161,0.12540282167913036
f7a6663912886b86.jpg,PruneSID,336,336,29,71,9386.0,69385.0,13916,64855,0.13527419471067234,0.14472284326574666
f7ea84135e0c86f5.jpg,DRIP,336,336,6,73,1656.0,18554.0,14308,5902,0.08925299126872911,0.2805828532700779
f7ea84135e0c86f5.jpg,Fixed,336,336,6,72,802.0,19212.0,14112,5902,0.04174474286904018,0.13588614029142662
f7ea84135e0c86f5.jpg,PruneSID,336,336,6,71,1219.0,18599.0,13916,5902,0.065541158126781,0.20654015587936292
f7f7c00e9f09c7d3.jpg,DRIP,336,336,4,73,2195.0,16058.0,14308,3945,0.13669199153070122,0.5564005069708492
f7f7c00e9f09c7d3.jpg,Fixed,336,336,4,72,676.0,17381.0,14112,3945,0.03889304412864622,0.17135614702154625
f7f7c00e9f09c7d3.jpg,PruneSID,336,336,4,71,1986.0,15875.0,13916,3945,0.1251023622047244,0.5034220532319391
f80461e7623b718c.jpg,DRIP,336,336,1,73,896.0,16035.0,14308,2623,0.05587776738384783,0.3415935951200915
f80461e7623b718c.jpg,Fixed,336,336,1,72,473.0,16262.0,14112,2623,0.029086213257901856,0.18032786885245902
f80461e7623b718c.jpg,PruneSID,336,336,1,71,857.0,15682.0,13916,2623,0.054648641754878206,0.32672512390392683
f812b2ebbec82b9a.jpg,DRIP,336,336,7,72,4914.0,22931.0,14112,13733,0.21429505909031443,0.35782421903444256
f812b2ebbec82b9a.jpg,Fixed,336,336,7,72,1637.0,26208.0,14112,13733,0.06246184371184371,0.11920192237675671
f812b2ebbec82b9a.jpg,PruneSID,336,336,7,71,3752.0,23897.0,13916,13733,0.15700715570992174,0.2732105148183208
f8356984577dff65.jpg,DRIP,336,336,4,72,1282.0,17933.0,14112,5103,0.07148831762672168,0.2512247697432883
f8356984577dff65.jpg,Fixed,336,336,4,72,642.0,18573.0,14112,5103,0.034566305927959944,0.12580834803057026
f8356984577dff65.jpg,PruneSID,336,336,4,71,2028.0,16991.0,13916,5103,0.11935730680948738,0.3974132863021752
f8418c45981468e9.jpg,DRIP,336,336,0,72,,,14112,0,,
f8418c45981468e9.jpg,Fixed,336,336,0,72,,,14112,0,,
f8418c45981468e9.jpg,PruneSID,336,336,0,71,,,13916,0,,
f844ca01f13786d1.jpg,DRIP,336,336,0,72,,,14112,0,,
f844ca01f13786d1.jpg,Fixed,336,336,0,72,,,14112,0,,
f844ca01f13786d1.jpg,PruneSID,336,336,0,71,,,13916,0,,
f84d81be3c452eaf.jpg,DRIP,336,336,1,72,1316.0,15059.0,14112,2263,0.08738960090311441,0.5815289438798056
f84d81be3c452eaf.jpg,Fixed,336,336,1,72,434.0,15941.0,14112,2263,0.027225393639043974,0.1917808219178082
f84d81be3c452eaf.jpg,PruneSID,336,336,1,71,874.0,15305.0,13916,2263,0.05710552107154525,0.3862129916040654
f850dc4a39ecc58c.jpg,DRIP,336,336,0,73,,,14308,0,,
f850dc4a39ecc58c.jpg,Fixed,336,336,0,72,,,14112,0,,
f850dc4a39ecc58c.jpg,PruneSID,336,336,0,71,,,13916,0,,
f861545168d6c88d.jpg,DRIP,336,336,0,72,,,14112,0,,
f861545168d6c88d.jpg,Fixed,336,336,0,72,,,14112,0,,
f861545168d6c88d.jpg,PruneSID,336,336,0,71,,,13916,0,,
f87135cc1aef6c43.jpg,DRIP,336,336,0,72,,,14112,0,,
f87135cc1aef6c43.jpg,Fixed,336,336,0,72,,,14112,0,,
f87135cc1aef6c43.jpg,PruneSID,336,336,0,71,,,13916,0,,
f8910192f8bb056a.jpg,DRIP,336,336,1,72,1497.0,16080.0,14112,3465,0.09309701492537313,0.43203463203463205
f8910192f8bb056a.jpg,Fixed,336,336,1,72,770.0,16807.0,14112,3465,0.04581424406497293,0.2222222222222222
f8910192f8bb056a.jpg,PruneSID,336,336,1,71,1785.0,15596.0,13916,3465,0.1144524236983842,0.5151515151515151
f8a979d3ffb4711a.jpg,DRIP,336,336,4,72,9455.0,83216.0,14112,78559,0.11361997692751394,0.12035540167262822
f8a979d3ffb4711a.jpg,Fixed,336,336,4,72,9828.0,82843.0,14112,78559,0.1186340427072897,0.12510342545093497
f8a979d3ffb4711a.jpg,PruneSID,336,336,4,71,8602.0,83873.0,13916,78559,0.10255982258891419,0.1094973204852404
f8b2122176af46c3.jpg,DRIP,336,336,3,73,1573.0,20033.0,14308,7298,0.07852044127190136,0.21553850369964372
f8b2122176af46c3.jpg,Fixed,336,336,3,72,825.0,20585.0,14112,7298,0.04007772649987855,0.11304466977254042
f8b2122176af46c3.jpg,PruneSID,336,336,3,71,2686.0,18528.0,13916,7298,0.14496977547495682,0.3680460400109619
f8b451d8846b720a.jpg,DRIP,336,336,6,73,4798.0,19320.0,14308,9810,0.24834368530020703,0.4890927624872579
f8b451d8846b720a.jpg,Fixed,336,336,6,72,1308.0,22614.0,14112,9810,0.057840275935261344,0.13333333333333333
f8b451d8846b720a.jpg,PruneSID,336,336,6,71,2801.0,20925.0,13916,9810,0.1338590203106332,0.2855249745158002
f8c758bc3d0a925c.jpg,DRIP,336,336,6,72,2778.0,30678.0,14112,19344,0.09055349110111481,0.1436104218362283
f8c758bc3d0a925c.jpg,Fixed,336,336,6,72,2104.0,31352.0,14112,19344,0.06710895636642,0.10876757650951199
f8c758bc3d0a925c.jpg,PruneSID,336,336,6,71,5068.0,28192.0,13916,19344,0.1797673098751419,0.2619933829611249
f8e2e89dc859eb82.jpg,DRIP,336,336,1,73,5144.0,19164.0,14308,10000,0.26841995408056774,0.5144
f8e2e89dc859eb82.jpg,Fixed,336,336,1,72,964.0,23148.0,14112,10000,0.041645066528425784,0.0964
f8e2e89dc859eb82.jpg,PruneSID,336,336,1,71,3332.0,20584.0,13916,10000,0.16187329965021377,0.3332
f8e38cba92bf175e.jpg,DRIP,336,336,0,72,,,14112,0,,
f8e38cba92bf175e.jpg,Fixed,336,336,0,72,,,14112,0,,
f8e38cba92bf175e.jpg,PruneSID,336,336,0,71,,,13916,0,,
f8e804759515944a.jpg,DRIP,336,336,1,72,2828.0,16678.0,14112,5394,0.16956469600671542,0.5242862439747868
f8e804759515944a.jpg,Fixed,336,336,1,72,449.0,19057.0,14112,5394,0.02356089625859264,0.0832406377456433
f8e804759515944a.jpg,PruneSID,336,336,1,71,2030.0,17280.0,13916,5394,0.11747685185185185,0.3763440860215054
f8f1391e7205d087.jpg,DRIP,336,336,1,72,168.0,14349.0,14112,405,0.011708132970938742,0.4148148148148148
f8f1391e7205d087.jpg,Fixed,336,336,1,72,0.0,14517.0,14112,405,0.0,0.0
f8f1391e7205d087.jpg,PruneSID,336,336,1,71,192.0,14129.0,13916,405,0.013589072121169226,0.4740740740740741
f8fe1c74d1fb7076.jpg,DRIP,336,336,0,73,,,14308,0,,
f8fe1c74d1fb7076.jpg,Fixed,336,336,0,72,,,14112,0,,
f8fe1c74d1fb7076.jpg,PruneSID,336,336,0,71,,,13916,0,,
f9274821ee154508.jpg,DRIP,336,336,29,72,427.0,48822.0,14112,35137,0.008746057105403302,0.012152431909383272
f9274821ee154508.jpg,Fixed,336,336,29,72,3431.0,45818.0,14112,35137,0.07488323366362565,0.09764635569342858
f9274821ee154508.jpg,PruneSID,336,336,29,71,4995.0,44058.0,13916,35137,0.11337328067547324,0.14215783931468254
f9381b8e8a8efc3f.jpg,DRIP,336,336,1,72,1764.0,17686.0,14112,5338,0.09973990727128802,0.3304608467590858
f9381b8e8a8efc3f.jpg,Fixed,336,336,1,72,566.0,18884.0,14112,5338,0.029972463461131117,0.10603222180591983
f9381b8e8a8efc3f.jpg,PruneSID,336,336,1,71,1554.0,17700.0,13916,5338,0.08779661016949153,0.29112026976395655
f93af7a46db91ddb.jpg,DRIP,336,336,5,72,596.0,22442.0,14112,8926,0.026557347829961678,0.06677123011427291
f93af7a46db91ddb.jpg,Fixed,336,336,5,72,1738.0,21300.0,14112,8926,0.0815962441314554,0.19471207707819851
f93af7a46db91ddb.jpg,PruneSID,336,336,5,71,2632.0,20210.0,13916,8926,0.13023255813953488,0.29486892224960787
f93dff5e31fd2342.jpg,DRIP,336,336,2,73,6313.0,29952.0,14308,21957,0.21077056623931623,0.2875165095413763
f93dff5e31fd2342.jpg,Fixed,336,336,2,72,2366.0,33703.0,14112,21957,0.07020146574488918,0.10775606867969213
f93dff5e31fd2342.jpg,PruneSID,336,336,2,71,2828.0,33045.0,13916,21957,0.08558026932970192,0.12879719451655508
f96745297c996924.jpg,DRIP,336,336,0,72,,,14112,0,,
f96745297c996924.jpg,Fixed,336,336,0,72,,,14112,0,,
f96745297c996924.jpg,PruneSID,336,336,0,71,,,13916,0,,
f9771bbe5f9e2206.jpg,DRIP,336,336,0,73,,,14308,0,,
f9771bbe5f9e2206.jpg,Fixed,336,336,0,72,,,14112,0,,
f9771bbe5f9e2206.jpg,PruneSID,336,336,0,71,,,13916,0,,
f985b7d836206302.jpg,DRIP,336,336,4,72,3971.0,22026.0,14112,11885,0.18028693362389903,0.33411863693731597
f985b7d836206302.jpg,Fixed,336,336,4,72,1328.0,24669.0,14112,11885,0.05383274555109652,0.11173748422381152
f985b7d836206302.jpg,PruneSID,336,336,4,71,2340.0,23461.0,13916,11885,0.09973999403264992,0.19688683214135466
f98b5cd14d4e29f6.jpg,DRIP,336,336,1,73,2828.0,16623.0,14308,5143,0.17012572941105697,0.549873614621816
f98b5cd14d4e29f6.jpg,Fixed,336,336,1,72,847.0,18408.0,14112,5143,0.04601260321599305,0.16468986972584096
f98b5cd14d4e29f6.jpg,PruneSID,336,336,1,71,962.0,18097.0,13916,5143,0.053157981985964525,0.18705035971223022
f9e60f38014a522c.jpg,DRIP,336,336,0,72,,,14112,0,,
f9e60f38014a522c.jpg,Fixed,336,336,0,72,,,14112,0,,
f9e60f38014a522c.jpg,PruneSID,336,336,0,71,,,13916,0,,
fa03a9ad4d82432a.jpg,DRIP,336,336,5,72,8274.0,52929.0,14112,47091,0.15632262086946663,0.17570236350895074
fa03a9ad4d82432a.jpg,Fixed,336,336,5,72,5320.0,55883.0,14112,47091,0.09519889769697404,0.11297275487885158
fa03a9ad4d82432a.jpg,PruneSID,336,336,5,71,10346.0,50661.0,13916,47091,0.2042202088391465,0.21970227856702979
fa313d5146c0d208.jpg,DRIP,336,336,1,72,918.0,15989.0,14112,2795,0.057414472449809247,0.32844364937388193
fa313d5146c0d208.jpg,Fixed,336,336,1,72,162.0,16745.0,14112,2795,0.009674529710361302,0.057960644007155636
fa313d5146c0d208.jpg,PruneSID,336,336,1,71,1292.0,15419.0,13916,2795,0.08379272326350606,0.46225402504472274
fa4554d34fd10108.jpg,DRIP,336,336,2,72,4561.0,18016.0,14112,8465,0.25316385435168737,0.538806851742469
fa4554d34fd10108.jpg,Fixed,336,336,2,72,1386.0,21191.0,14112,8465,0.06540512481713935,0.1637330183106911
fa4554d34fd10108.jpg,PruneSID,336,336,2,71,2338.0,20043.0,13916,8465,0.11664920421094646,0.2761961015948021
fa54ccee9f535366.jpg,DRIP,336,336,6,73,3055.0,20270.0,14308,9017,0.15071534287123828,0.33880448042586225
fa54ccee9f535366.jpg,Fixed,336,336,6,72,1260.0,21869.0,14112,9017,0.05761580319173259,0.13973605411999557
fa54ccee9f535366.jpg,PruneSID,336,336,6,71,1916.0,21017.0,13916,9017,0.09116429557025266,0.21248752356659642
fa8357ac028251f0.jpg,DRIP,336,336,13,73,6674.0,24537.0,14308,16903,0.27199739169417614,0.39484115245814355
fa8357ac028251f0.jpg,Fixed,336,336,13,72,2561.0,28454.0,14112,16903,0.09000492022211289,0.1515115659942022
fa8357ac028251f0.jpg,PruneSID,336,336,13,71,5343.0,25476.0,13916,16903,0.20972680169571362,0.3160977341300361
fa9ac5bdfb832ade.jpg,DRIP,336,336,0,73,,,14308,0,,
fa9ac5bdfb832ade.jpg,Fixed,336,336,0,72,,,14112,0,,
fa9ac5bdfb832ade.jpg,PruneSID,336,336,0,71,,,13916,0,,
fa9ffd5aca1e4e51.jpg,DRIP,336,336,0,73,,,14308,0,,
fa9ffd5aca1e4e51.jpg,Fixed,336,336,0,72,,,14112,0,,
fa9ffd5aca1e4e51.jpg,PruneSID,336,336,0,71,,,13916,0,,
fadf7ca2cc49d232.jpg,DRIP,336,336,8,73,2395.0,26369.0,14308,14456,0.09082634912207517,0.16567515218594356
fadf7ca2cc49d232.jpg,Fixed,336,336,8,72,1988.0,26580.0,14112,14456,0.07479307750188112,0.1375207526286663
fadf7ca2cc49d232.jpg,PruneSID,336,336,8,71,3647.0,24725.0,13916,14456,0.1475025278058645,0.2522827891532928
faf47627827b0b39.jpg,DRIP,336,336,2,72,4774.0,22552.0,14112,13214,0.21168854203618304,0.36128348721053427
faf47627827b0b39.jpg,Fixed,336,336,2,72,1648.0,25678.0,14112,13214,0.06417945322844458,0.12471621008021795
faf47627827b0b39.jpg,PruneSID,336,336,2,71,3472.0,23658.0,13916,13214,0.14675796770648405,0.2627516270622067
faf72774b598adbd.jpg,DRIP,336,336,1,73,252.0,14596.0,14308,540,0.017265004110715264,0.4666666666666667
faf72774b598adbd.jpg,Fixed,336,336,1,72,0.0,14652.0,14112,540,0.0,0.0
faf72774b598adbd.jpg,PruneSID,336,336,1,71,252.0,14204.0,13916,540,0.017741481272880878,0.4666666666666667
fb2d743942556cf6.jpg,DRIP,336,336,1,73,2400.0,20551.0,14308,8643,0.11678263831443725,0.2776813606386671
fb2d743942556cf6.jpg,Fixed,336,336,1,72,938.0,21817.0,14112,8643,0.04299399550809002,0.10852713178294573
fb2d743942556cf6.jpg,PruneSID,336,336,1,71,989.0,21570.0,13916,8643,0.045850718590635144,0.11442786069651742
fb39f5b120097669.jpg,DRIP,336,336,1,73,522.0,15568.0,14308,1782,0.03353031860226105,0.29292929292929293
fb39f5b120097669.jpg,Fixed,336,336,1,72,378.0,15516.0,14112,1782,0.024361948955916472,0.21212121212121213
fb39f5b120097669.jpg,PruneSID,336,336,1,71,546.0,15152.0,13916,1782,0.036034846884899684,0.3063973063973064
fb3c4ee4de650af6.jpg,DRIP,336,336,83,73,12278.0,102171.0,14308,100141,0.12017108572882716,0.12260712395522314
fb3c4ee4de650af6.jpg,Fixed,336,336,83,72,12579.0,101674.0,14112,100141,0.1237189448629935,0.12561288583097832
fb3c4ee4de650af6.jpg,PruneSID,336,336,83,71,12577.0,101480.0,13916,100141,0.12393575088687427,0.12559291399127231
fb8def9936391f5c.jpg,DRIP,336,336,10,72,8455.0,43261.0,14112,37604,0.19544162178405491,0.2248431017976811
fb8def9936391f5c.jpg,Fixed,336,336,10,72,3353.0,48363.0,14112,37604,0.06932985960341584,0.08916604616530156
fb8def9936391f5c.jpg,PruneSID,336,336,10,71,6082.0,45438.0,13916,37604,0.1338527223909503,0.16173811296670568
fbac42c3a2ee2a21.jpg,DRIP,336,336,0,72,,,14112,0,,
fbac42c3a2ee2a21.jpg,Fixed,336,336,0,72,,,14112,0,,
fbac42c3a2ee2a21.jpg,PruneSID,336,336,0,71,,,13916,0,,
fbf5f29787f677dd.jpg,DRIP,336,336,8,72,3551.0,27651.0,14112,17090,0.1284221185490579,0.20778232884727912
fbf5f29787f677dd.jpg,Fixed,336,336,8,72,2170.0,29032.0,14112,17090,0.07474510884541195,0.1269748390871855
fbf5f29787f677dd.jpg,PruneSID,336,336,8,71,5402.0,25604.0,13916,17090,0.21098265895953758,0.316091281451141
fc126f88f3500417.jpg,DRIP,336,336,4,72,2486.0,24540.0,14112,12914,0.1013039934800326,0.19250425894378195
fc126f88f3500417.jpg,Fixed,336,336,4,72,2086.0,24940.0,14112,12914,0.08364073777064956,0.16153012234783956
fc126f88f3500417.jpg,PruneSID,336,336,4,71,994.0,25836.0,13916,12914,0.038473447902152035,0.07697072944091683
fc5b1ba2fc54da86.jpg,DRIP,336,336,0,72,,,14112,0,,
fc5b1ba2fc54da86.jpg,Fixed,336,336,0,72,,,14112,0,,
fc5b1ba2fc54da86.jpg,PruneSID,336,336,0,71,,,13916,0,,
fc5e25716377e42c.jpg,DRIP,336,336,53,72,6498.0,55209.0,14112,47595,0.11769820138020975,0.13652694610778443
fc5e25716377e42c.jpg,Fixed,336,336,53,72,5151.0,56556.0,14112,47595,0.0910778697220454,0.1082256539552474
fc5e25716377e42c.jpg,PruneSID,336,336,53,71,8007.0,53504.0,13916,47595,0.1496523624401914,0.16823195713835487
fc7045b20448d177.jpg,DRIP,336,336,7,73,5341.0,54976.0,14308,46009,0.09715148428405122,0.11608598317720446
fc7045b20448d177.jpg,Fixed,336,336,7,72,5322.0,54799.0,14112,46009,0.09711856055767441,0.11567302049598992
fc7045b20448d177.jpg,PruneSID,336,336,7,71,8046.0,51879.0,13916,46009,0.15509165558318394,0.17487882805538046
fca0891051e3ad6b.jpg,DRIP,336,336,0,73,,,14308,0,,
fca0891051e3ad6b.jpg,Fixed,336,336,0,72,,,14112,0,,
fca0891051e3ad6b.jpg,PruneSID,336,336,0,71,,,13916,0,,
fca7508d87c588ea.jpg,DRIP,336,336,1,72,1161.0,14952.0,14112,2001,0.07764847512038524,0.5802098950524738
fca7508d87c588ea.jpg,Fixed,336,336,1,72,0.0,16113.0,14112,2001,0.0,0.0
fca7508d87c588ea.jpg,PruneSID,336,336,1,71,658.0,15259.0,13916,2001,0.04312209188020185,0.3288355822088955
fcb2e79426180288.jpg,DRIP,336,336,1,73,249.0,14488.0,14308,429,0.017186637217007177,0.5804195804195804
fcb2e79426180288.jpg,Fixed,336,336,1,72,77.0,14464.0,14112,429,0.0053235619469026545,0.1794871794871795
fcb2e79426180288.jpg,PruneSID,336,336,1,71,280.0,14065.0,13916,429,0.019907571987202274,0.6526806526806527
fcbf3690bb2c1049.jpg,DRIP,336,336,18,72,4223.0,25282.0,14112,15393,0.16703583577248635,0.2743454817124667
fcbf3690bb2c1049.jpg,Fixed,336,336,18,72,1461.0,28044.0,14112,15393,0.05209670517757809,0.0949132722666147
fcbf3690bb2c1049.jpg,PruneSID,336,336,18,71,2297.0,27012.0,13916,15393,0.0850362801717755,0.1492236730981615
fce2b2a3e9f75882.jpg,DRIP,336,336,8,73,7990.0,58514.0,14308,52196,0.13654851830331202,0.15307686412751936
fce2b2a3e9f75882.jpg,Fixed,336,336,8,72,6833.0,59475.0,14112,52196,0.11488860865910046,0.1309104145911564
fce2b2a3e9f75882.jpg,PruneSID,336,336,8,71,7355.0,58757.0,13916,52196,0.12517657470599247,0.14091118093340485
fcf8b0b0a66a03a6.jpg,DRIP,336,336,9,73,6319.0,27377.0,14308,19388,0.23081418709135407,0.32592325149577056
fcf8b0b0a66a03a6.jpg,Fixed,336,336,9,72,1650.0,31850.0,14112,19388,0.05180533751962323,0.08510418815762327
fcf8b0b0a66a03a6.jpg,PruneSID,336,336,9,71,3444.0,29860.0,13916,19388,0.11533824514400536,0.17763565091809366
fcfb3c4a410ebbd2.jpg,DRIP,336,336,9,72,5132.0,31155.0,14112,22175,0.16472476328037233,0.23143179255918828
fcfb3c4a410ebbd2.jpg,Fixed,336,336,9,72,3022.0,33265.0,14112,22175,0.09084623478130167,0.1362795941375423
fcfb3c4a410ebbd2.jpg,PruneSID,336,336,9,71,4675.0,31416.0,13916,22175,0.1488095238095238,0.21082299887260428
fcff752608dd37bf.jpg,DRIP,336,336,2,72,572.0,14365.0,14112,825,0.039819004524886875,0.6933333333333334
fcff752608dd37bf.jpg,Fixed,336,336,2,72,294.0,14643.0,14112,825,0.020077852898996107,0.3563636363636364
fcff752608dd37bf.jpg,PruneSID,336,336,2,71,717.0,14024.0,13916,825,0.05112664004563605,0.8690909090909091
fd08820ab053df8c.jpg,DRIP,336,336,11,72,2242.0,25515.0,14112,13645,0.08786988046247306,0.16430927079516305
fd08820ab053df8c.jpg,Fixed,336,336,11,72,1019.0,26738.0,14112,13645,0.03811055426733488,0.07467936973250275
fd08820ab053df8c.jpg,PruneSID,336,336,11,71,3212.0,24349.0,13916,13645,0.13191506838063166,0.2353975815316966
fd0a0a41bd0b200a.jpg,DRIP,336,336,0,73,,,14308,0,,
fd0a0a41bd0b200a.jpg,Fixed,336,336,0,72,,,14112,0,,
fd0a0a41bd0b200a.jpg,PruneSID,336,336,0,71,,,13916,0,,
fd6c5bc5b97c539b.jpg,DRIP,336,336,14,72,727.0,19036.0,14112,5651,0.03819079638579533,0.12864979649619537
fd6c5bc5b97c539b.jpg,Fixed,336,336,14,72,628.0,19135.0,14112,5651,0.03281944081526,0.11113077331445761
fd6c5bc5b97c539b.jpg,PruneSID,336,336,14,71,1553.0,18014.0,13916,5651,0.08621072499167315,0.27481861617412845
fda6dba2a48b95cf.jpg,DRIP,336,336,0,72,,,14112,0,,
fda6dba2a48b95cf.jpg,Fixed,336,336,0,72,,,14112,0,,
fda6dba2a48b95cf.jpg,PruneSID,336,336,0,71,,,13916,0,,
fda94716ee211a0f.jpg,DRIP,336,336,1,73,454.0,14481.0,14308,627,0.03135142600649127,0.7240829346092504
fda94716ee211a0f.jpg,Fixed,336,336,1,72,0.0,14739.0,14112,627,0.0,0.0
fda94716ee211a0f.jpg,PruneSID,336,336,1,71,248.0,14295.0,13916,627,0.017348723329835607,0.39553429027113235
fdd336246aad6fe8.jpg,DRIP,336,336,2,73,9730.0,37733.0,14308,33155,0.25786446876739194,0.29347006484693106
fdd336246aad6fe8.jpg,Fixed,336,336,2,72,4158.0,43109.0,14112,33155,0.09645317683082419,0.12541094857487559
fdd336246aad6fe8.jpg,PruneSID,336,336,2,71,4410.0,42661.0,13916,33155,0.10337310424040692,0.13301161212486803
fddb29c9153b9c02.jpg,DRIP,336,336,2,73,1722.0,18184.0,14308,5598,0.09469863616366037,0.30760986066452306
fddb29c9153b9c02.jpg,Fixed,336,336,2,72,1471.0,18239.0,14112,5598,0.08065135149953397,0.2627724187209718
fddb29c9153b9c02.jpg,PruneSID,336,336,2,71,1414.0,18100.0,13916,5598,0.07812154696132596,0.2525902107895677
fdfe93ff18b06788.jpg,DRIP,336,336,7,73,2623.0,17625.0,14308,5940,0.148822695035461,0.4415824915824916
fdfe93ff18b06788.jpg,Fixed,336,336,7,72,391.0,19661.0,14112,5940,0.01988708610955699,0.06582491582491583
fdfe93ff18b06788.jpg,PruneSID,336,336,7,71,2467.0,17389.0,13916,5940,0.14187129794697798,0.4153198653198653
fe0871d67ced0701.jpg,DRIP,336,336,3,73,392.0,14924.0,14308,1008,0.02626641651031895,0.3888888888888889
fe0871d67ced0701.jpg,Fixed,336,336,3,72,0.0,15120.0,14112,1008,0.0,0.0
fe0871d67ced0701.jpg,PruneSID,336,336,3,71,252.0,14672.0,13916,1008,0.01717557251908397,0.25
fe1f2382d66996da.jpg,DRIP,336,336,2,72,995.0,15555.0,14112,2438,0.06396657023465124,0.4081214109926169
fe1f2382d66996da.jpg,Fixed,336,336,2,72,280.0,16270.0,14112,2438,0.017209588199139522,0.11484823625922888
fe1f2382d66996da.jpg,PruneSID,336,336,2,71,912.0,15442.0,13916,2438,0.05905970729180158,0.37407711238720265
fe22e106b365634a.jpg,DRIP,336,336,5,72,1893.0,18122.0,14112,5903,0.10445866902107935,0.3206843977638489
fe22e106b365634a.jpg,Fixed,336,336,5,72,408.0,19607.0,14112,5903,0.020808894782475648,0.06911739793325428
fe22e106b365634a.jpg,PruneSID,336,336,5,71,2008.0,17811.0,13916,5903,0.11273931839874235,0.3401660172793495
fe29338f6aad2127.jpg,DRIP,336,336,1,72,6044.0,18788.0,14112,10720,0.32169469874387907,0.5638059701492537
fe29338f6aad2127.jpg,Fixed,336,336,1,72,1120.0,23712.0,14112,10720,0.04723346828609987,0.1044776119402985
fe29338f6aad2127.jpg,PruneSID,336,336,1,71,2900.0,21736.0,13916,10720,0.13341921236658077,0.27052238805970147
fe2b3be1f9c416ea.jpg,DRIP,336,336,0,73,,,14308,0,,
fe2b3be1f9c416ea.jpg,Fixed,336,336,0,72,,,14112,0,,
fe2b3be1f9c416ea.jpg,PruneSID,336,336,0,71,,,13916,0,,
fe2f51ed151aab30.jpg,DRIP,336,336,4,72,7136.0,42565.0,14112,35589,0.16764947727005755,0.20051139397004691
fe2f51ed151aab30.jpg,Fixed,336,336,4,72,5224.0,44477.0,14112,35589,0.11745396497065899,0.14678692854533704
fe2f51ed151aab30.jpg,PruneSID,336,336,4,71,6408.0,43097.0,13916,35589,0.14868784370141774,0.18005563516816994
fe32ee8991d2e59f.jpg,DRIP,336,336,3,72,4130.0,24609.0,14112,14627,0.16782477955219635,0.28235454980515484
fe32ee8991d2e59f.jpg,Fixed,336,336,3,72,1438.0,27301.0,14112,14627,0.05267206329438482,0.09831134203869556
fe32ee8991d2e59f.jpg,PruneSID,336,336,3,71,1316.0,27227.0,13916,14627,0.048334373967018035,0.08997060231079511
fe3bfe0b60a3a261.jpg,DRIP,336,336,0,72,,,14112,0,,
fe3bfe0b60a3a261.jpg,Fixed,336,336,0,72,,,14112,0,,
fe3bfe0b60a3a261.jpg,PruneSID,336,336,0,71,,,13916,0,,
fe788c23eb999498.jpg,DRIP,336,336,1,72,2072.0,15865.0,14112,3825,0.1306019539867633,0.5416993464052288
fe788c23eb999498.jpg,Fixed,336,336,1,72,602.0,17335.0,14112,3825,0.03472743005480242,0.1573856209150327
fe788c23eb999498.jpg,PruneSID,336,336,1,71,2212.0,15529.0,13916,3825,0.14244317084165112,0.5783006535947712
fe96f14d5ca8d3a6.jpg,DRIP,336,336,4,72,1427.0,16516.0,14112,3831,0.08640106563332527,0.3724876011485252
fe96f14d5ca8d3a6.jpg,Fixed,336,336,4,72,758.0,17185.0,14112,3831,0.044108233924934535,0.19785956669276952
fe96f14d5ca8d3a6.jpg,PruneSID,336,336,4,71,1648.0,16099.0,13916,3831,0.10236660662152929,0.43017488906290785
fed917cb37831a14.jpg,DRIP,336,336,9,73,4745.0,28641.0,14308,19078,0.16567158967913131,0.24871579830170878
fed917cb37831a14.jpg,Fixed,336,336,9,72,2093.0,31097.0,14112,19078,0.06730552786442422,0.1097075165111647
fed917cb37831a14.jpg,PruneSID,336,336,9,71,3643.0,29351.0,13916,19078,0.12411842867363974,0.19095293007652794
fede1a5c4d9ca272.jpg,DRIP,336,336,3,72,3136.0,41620.0,14112,30644,0.07534839019702066,0.10233650959404778
fede1a5c4d9ca272.jpg,Fixed,336,336,3,72,3711.0,41045.0,14112,30644,0.090412961383847,0.12110037854066048
fede1a5c4d9ca272.jpg,PruneSID,336,336,3,71,4975.0,39585.0,13916,30644,0.12567891878236706,0.16234825740764913
fee241e6fa6bc0ec.jpg,DRIP,336,336,1,72,1239.0,14294.0,14112,1421,0.08667972575905974,0.8719211822660099
fee241e6fa6bc0ec.jpg,Fixed,336,336,1,72,0.0,15533.0,14112,1421,0.0,0.0
fee241e6fa6bc0ec.jpg,PruneSID,336,336,1,71,854.0,14483.0,13916,1421,0.05896568390526825,0.6009852216748769
fee71c03d5a6cc98.jpg,DRIP,336,336,9,73,5740.0,25736.0,14308,17168,0.22303388249922287,0.33434296365330846
fee71c03d5a6cc98.jpg,Fixed,336,336,9,72,2641.0,28639.0,14112,17168,0.09221690701490974,0.1538327120223672
fee71c03d5a6cc98.jpg,PruneSID,336,336,9,71,5074.0,26010.0,13916,17168,0.1950788158400615,0.2955498602050326
fee949a9845570cd.jpg,DRIP,336,336,0,72,,,14112,0,,
fee949a9845570cd.jpg,Fixed,336,336,0,72,,,14112,0,,
fee949a9845570cd.jpg,PruneSID,336,336,0,71,,,13916,0,,
ff10941b1a40b3f7.jpg,DRIP,336,336,4,73,699.0,16540.0,14308,2931,0.04226118500604595,0.23848515864892528
ff10941b1a40b3f7.jpg,Fixed,336,336,4,72,99.0,16944.0,14112,2931,0.005842776203966006,0.033776867963152504
ff10941b1a40b3f7.jpg,PruneSID,336,336,4,71,1218.0,15629.0,13916,2931,0.0779320493953548,0.4155578300921187
ff1a85d8e1ebc5ac.jpg,DRIP,336,336,5,72,1807.0,15060.0,14112,2755,0.1199867197875166,0.6558983666061706
ff1a85d8e1ebc5ac.jpg,Fixed,336,336,5,72,350.0,16517.0,14112,2755,0.021190288793364414,0.12704174228675136
ff1a85d8e1ebc5ac.jpg,PruneSID,336,336,5,71,1216.0,15455.0,13916,2755,0.07868003882238758,0.4413793103448276
ff210ae85b333ec0.jpg,DRIP,336,336,12,72,7041.0,40045.0,14112,32974,0.1758271944062929,0.21353187359737974
ff210ae85b333ec0.jpg,Fixed,336,336,12,72,4995.0,42091.0,14112,32974,0.1186714499536718,0.1514829865954995
ff210ae85b333ec0.jpg,PruneSID,336,336,12,71,5189.0,41701.0,13916,32974,0.12443346682333757,0.15736640989870807
ff29aae56046bf2c.jpg,DRIP,336,336,2,72,628.0,15387.0,14112,1903,0.04081367388054852,0.33000525486074617
ff29aae56046bf2c.jpg,Fixed,336,336,2,72,275.0,15740.0,14112,1903,0.01747141041931385,0.14450867052023122
ff29aae56046bf2c.jpg,PruneSID,336,336,2,71,913.0,14906.0,13916,1903,0.06125050315309272,0.4797687861271676
ff3696efebf1ef47.jpg,DRIP,336,336,7,73,6432.0,41421.0,14308,33545,0.1552835518215398,0.19174243553435683
ff3696efebf1ef47.jpg,Fixed,336,336,7,72,4360.0,43297.0,14112,33545,0.10069981753932143,0.12997466090326426
ff3696efebf1ef47.jpg,PruneSID,336,336,7,71,6188.0,41273.0,13916,33545,0.14992852470137863,0.18446862423610075
ff37a90f49b3e643.jpg,DRIP,336,336,56,72,7615.0,68694.0,14112,62197,0.11085393193000845,0.12243355788864414
ff37a90f49b3e643.jpg,Fixed,336,336,56,72,7212.0,69097.0,14112,62197,0.10437500904525522,0.11595414569834558
ff37a90f49b3e643.jpg,PruneSID,336,336,56,71,9656.0,66457.0,13916,62197,0.14529695893585326,0.15524864543305947
ff3ead2112f2f3f7.jpg,DRIP,336,336,6,72,829.0,16345.0,14112,3062,0.050718874273478126,0.27073807968647945
ff3ead2112f2f3f7.jpg,Fixed,336,336,6,72,215.0,16959.0,14112,3062,0.01267763429447491,0.07021554539516656
ff3ead2112f2f3f7.jpg,PruneSID,336,336,6,71,838.0,16140.0,13916,3062,0.05192069392812887,0.2736773350751143
ff8700aea4449c7e.jpg,DRIP,336,336,2,72,6612.0,49611.0,14112,42111,0.13327689423716516,0.15701360689606042
ff8700aea4449c7e.jpg,Fixed,336,336,2,72,5446.0,50777.0,14112,42111,0.10725328396715048,0.12932487948517016
ff8700aea4449c7e.jpg,PruneSID,336,336,2,71,6463.0,49564.0,13916,42111,0.13039706238398838,0.1534753389850633
ff92bdd5d68ddca6.jpg,DRIP,336,336,5,73,2412.0,16956.0,14308,5060,0.14225053078556263,0.4766798418972332
ff92bdd5d68ddca6.jpg,Fixed,336,336,5,72,636.0,18536.0,14112,5060,0.034311609840310744,0.12569169960474308
ff92bdd5d68ddca6.jpg,PruneSID,336,336,5,71,1866.0,17110.0,13916,5060,0.10905902980713034,0.36877470355731223
ff9b80a751bc3ecc.jpg,DRIP,336,336,2,72,322.0,15950.0,14112,2160,0.02018808777429467,0.14907407407407408
ff9b80a751bc3ecc.jpg,Fixed,336,336,2,72,378.0,15894.0,14112,2160,0.02378255945639864,0.175
ff9b80a751bc3ecc.jpg,PruneSID,336,336,2,71,1135.0,14941.0,13916,2160,0.0759654641590255,0.5254629629629629
ffb9d5c76f1259a8.jpg,DRIP,336,336,1,72,492.0,14520.0,14112,900,0.033884297520661154,0.5466666666666666
ffb9d5c76f1259a8.jpg,Fixed,336,336,1,72,0.0,15012.0,14112,900,0.0,0.0
ffb9d5c76f1259a8.jpg,PruneSID,336,336,1,71,288.0,14528.0,13916,900,0.019823788546255508,0.32
ffda1919cf90a8eb.jpg,DRIP,336,336,58,72,3892.0,47834.0,14112,37614,0.08136471965547519,0.10347211144786515
ffda1919cf90a8eb.jpg,Fixed,336,336,58,72,5801.0,45925.0,14112,37614,0.12631464344039195,0.15422449088105492
ffda1919cf90a8eb.jpg,PruneSID,336,336,58,71,7695.0,43835.0,13916,37614,0.17554465609672637,0.20457808262880842
ffdf2c012fcee84d.jpg,DRIP,336,336,3,72,1574.0,16031.0,14112,3493,0.09818476701391055,0.4506155167477813
ffdf2c012fcee84d.jpg,Fixed,336,336,3,72,396.0,17209.0,14112,3493,0.023011215061886223,0.1133695963355282
ffdf2c012fcee84d.jpg,PruneSID,336,336,3,71,1114.0,16295.0,13916,3493,0.06836452899662473,0.31892356140853134
