image,method,image_width,image_height,num_craft_boxes,num_boundary_patches,intersection_pixels,union_pixels,boundary_pixels,text_pixels,iou,text_coverage
0004c9478eeda995.jpg,DRIP,336,336,5,59,1445.0,13842.0,11564,3723,0.10439242883976305,0.3881278538812785
0004c9478eeda995.jpg,Fixed,336,336,5,57,506.0,14389.0,11172,3723,0.035165751615817635,0.1359118990061778
00054dab88635bdb.jpg,DRIP,336,336,3,59,686.0,12318.0,11564,1440,0.0556908589056665,0.47638888888888886
00054dab88635bdb.jpg,Fixed,336,336,3,57,196.0,12416.0,11172,1440,0.015786082474226804,0.1361111111111111
000adfe5b817011c.jpg,DRIP,336,336,6,59,1844.0,13430.0,11564,3710,0.13730454206999254,0.49703504043126684
000adfe5b817011c.jpg,Fixed,336,336,6,57,260.0,14622.0,11172,3710,0.017781425249623853,0.07008086253369272
000fd38f35d0ad0c.jpg,DRIP,336,336,20,59,3421.0,17898.0,11564,9755,0.19113867471225834,0.350691952844695
000fd38f35d0ad0c.jpg,Fixed,336,336,20,57,857.0,20070.0,11172,9755,0.042700548081714,0.08785238339313173
001512d120e1e800.jpg,DRIP,336,336,3,58,0.0,14023.0,11368,2655,0.0,0.0
001512d120e1e800.jpg,Fixed,336,336,3,57,143.0,13684.0,11172,2655,0.01045016077170418,0.05386064030131827
00155bc9538a26ed.jpg,DRIP,336,336,0,59,,,11564,0,,
00155bc9538a26ed.jpg,Fixed,336,336,0,57,,,11172,0,,
00165f9e139aedaf.jpg,DRIP,336,336,9,59,1602.0,26231.0,11564,16269,0.061072776485837366,0.0984694818366218
00165f9e139aedaf.jpg,Fixed,336,336,9,57,1588.0,25853.0,11172,16269,0.061424206088268284,0.09760894953592722
0017c0c45277ee1a.jpg,DRIP,336,336,41,58,2392.0,32711.0,11368,23735,0.07312524838739262,0.10077943964609228
0017c0c45277ee1a.jpg,Fixed,336,336,41,57,2699.0,32208.0,11172,23735,0.0837990561351217,0.11371392458394776
001ce300279f1a81.jpg,DRIP,336,336,1,59,0.0,12773.0,11564,1209,0.0,0.0
001ce300279f1a81.jpg,Fixed,336,336,1,57,42.0,12339.0,11172,1209,0.0034038414782397277,0.034739454094292806
001e68b987a389d5.jpg,DRIP,336,336,0,58,,,11368,0,,
001e68b987a389d5.jpg,Fixed,336,336,0,57,,,11172,0,,
0021804a9f9d5db6.jpg,DRIP,336,336,1,58,1162.0,12656.0,11368,2450,0.0918141592920354,0.4742857142857143
0021804a9f9d5db6.jpg,Fixed,336,336,1,57,98.0,13524.0,11172,2450,0.007246376811594203,0.04
0024fa464b466993.jpg,DRIP,336,336,2,58,770.0,12488.0,11368,1890,0.061659192825112105,0.4074074074074074
0024fa464b466993.jpg,Fixed,336,336,2,57,112.0,12950.0,11172,1890,0.008648648648648649,0.05925925925925926
002a1fb97133ae95.jpg,DRIP,336,336,8,59,6370.0,31419.0,11564,26225,0.202743562812311,0.2428979980934223
002a1fb97133ae95.jpg,Fixed,336,336,8,57,2096.0,35301.0,11172,26225,0.05937508852440441,0.07992373689227836
002b6c5e434980df.jpg,DRIP,336,336,3,59,1370.0,19926.0,11564,9732,0.06875439124761618,0.14077270859021784
002b6c5e434980df.jpg,Fixed,336,336,3,57,843.0,20061.0,11172,9732,0.04202183340810528,0.08662145499383476
002cc8bb1d50cde0.jpg,DRIP,336,336,6,59,2339.0,13979.0,11564,4754,0.16732241218971314,0.49200673117374844
002cc8bb1d50cde0.jpg,Fixed,336,336,6,57,568.0,15358.0,11172,4754,0.0369839822893606,0.11947833403449727
002ce32086fb7258.jpg,DRIP,336,336,7,59,5635.0,30645.0,11564,24716,0.1838799151574482,0.2279899660139181
002ce32086fb7258.jpg,Fixed,336,336,7,57,2422.0,33466.0,11172,24716,0.07237195960078886,0.09799320278362195
002f860e692757f7.jpg,DRIP,336,336,2,58,686.0,14685.0,11368,4003,0.046714334354783796,0.17137147139645267
002f860e692757f7.jpg,Fixed,336,336,2,57,294.0,14881.0,11172,4003,0.019756736778442308,0.07344491631276542
0031bff54b02c9c1.jpg,DRIP,336,336,0,59,,,11564,0,,
0031bff54b02c9c1.jpg,Fixed,336,336,0,57,,,11172,0,,
00351a1451e059a5.jpg,DRIP,336,336,2,59,2239.0,14305.0,11564,4980,0.1565186997553303,0.4495983935742972
00351a1451e059a5.jpg,Fixed,336,336,2,57,280.0,15872.0,11172,4980,0.017641129032258066,0.05622489959839357
003679d4dc2e6856.jpg,DRIP,336,336,2,59,164.0,14255.0,11564,2855,0.011504735180638373,0.0574430823117338
003679d4dc2e6856.jpg,Fixed,336,336,2,57,202.0,13825.0,11172,2855,0.01461121157323689,0.07075306479859896
003a8ae2ef43b901.jpg,DRIP,336,336,4,59,1783.0,15499.0,11564,5718,0.1150396799793535,0.3118223154949283
003a8ae2ef43b901.jpg,Fixed,336,336,4,57,756.0,16134.0,11172,5718,0.04685756786909632,0.1322140608604407
0040aa9c1660068e.jpg,DRIP,336,336,4,59,1473.0,14326.0,11564,4235,0.10282004746614547,0.3478158205430933
0040aa9c1660068e.jpg,Fixed,336,336,4,57,384.0,15023.0,11172,4235,0.025560806762963455,0.09067296340023613
00458395ec2ae964.jpg,DRIP,336,336,0,58,,,11368,0,,
00458395ec2ae964.jpg,Fixed,336,336,0,57,,,11172,0,,
004636433aa3ef48.jpg,DRIP,336,336,6,58,1833.0,14912.0,11368,5377,0.1229211373390558,0.34089641063790216
004636433aa3ef48.jpg,Fixed,336,336,6,57,504.0,16045.0,11172,5377,0.031411654721096915,0.09373256462711549
00466f2d1b617884.jpg,DRIP,336,336,9,59,2341.0,17060.0,11564,7837,0.13722157092614304,0.29871124154651013
00466f2d1b617884.jpg,Fixed,336,336,9,57,711.0,18298.0,11172,7837,0.038856705650890805,0.09072349113181064
004b75d1299e653c.jpg,DRIP,336,336,0,58,,,11368,0,,
004b75d1299e653c.jpg,Fixed,336,336,0,57,,,11172,0,,
004cada0dea66c27.jpg,DRIP,336,336,4,59,7700.0,53623.0,11564,49759,0.14359509911791582,0.1547458751180691
004cada0dea66c27.jpg,Fixed,336,336,4,57,4842.0,56089.0,11172,49759,0.08632708730767173,0.09730902952229747
004e627c688b6000.jpg,DRIP,336,336,0,58,,,11368,0,,
004e627c688b6000.jpg,Fixed,336,336,0,57,,,11172,0,,
00515166eb5254d4.jpg,DRIP,336,336,5,59,4200.0,28820.0,11564,21456,0.1457321304649549,0.19574944071588368
00515166eb5254d4.jpg,Fixed,336,336,5,57,2226.0,30402.0,11172,21456,0.0732188671797908,0.10374720357941834
00532432aafd3fb7.jpg,DRIP,336,336,6,59,2889.0,14329.0,11564,5654,0.20161909414474144,0.5109656880084895
00532432aafd3fb7.jpg,Fixed,336,336,6,57,606.0,16220.0,11172,5654,0.037361282367447596,0.10718075698620445
0053a650ec50c21f.jpg,DRIP,336,336,1,59,465.0,12068.0,11564,969,0.0385316539608883,0.47987616099071206
0053a650ec50c21f.jpg,Fixed,336,336,1,57,33.0,12108.0,11172,969,0.0027254707631318136,0.034055727554179564
0057a54eb95ccae6.jpg,DRIP,336,336,2,58,1300.0,11616.0,11368,1548,0.1119146005509642,0.8397932816537468
0057a54eb95ccae6.jpg,Fixed,336,336,2,57,0.0,12720.0,11172,1548,0.0,0.0
0058241de1f2e430.jpg,DRIP,336,336,1,59,896.0,13477.0,11564,2809,0.06648363879201603,0.3189747241011036
0058241de1f2e430.jpg,Fixed,336,336,1,57,311.0,13670.0,11172,2809,0.022750548646671545,0.11071555713777145
005d71de0834bd7e.jpg,DRIP,336,336,0,59,,,11564,0,,
005d71de0834bd7e.jpg,Fixed,336,336,0,57,,,11172,0,,
00613913be1b88d2.jpg,DRIP,336,336,0,59,,,11564,0,,
00613913be1b88d2.jpg,Fixed,336,336,0,57,,,11172,0,,
00618561e219c7f8.jpg,DRIP,336,336,0,59,,,11564,0,,
00618561e219c7f8.jpg,Fixed,336,336,0,57,,,11172,0,,
0065bfca13dd4b6b.jpg,DRIP,336,336,6,59,4864.0,25899.0,11564,19199,0.18780647901463376,0.2533465284650242
0065bfca13dd4b6b.jpg,Fixed,336,336,6,57,1840.0,28531.0,11172,19199,0.06449125512600329,0.09583832491275587
0066511fff0f1419.jpg,DRIP,336,336,0,59,,,11564,0,,
0066511fff0f1419.jpg,Fixed,336,336,0,57,,,11172,0,,
0068742ad35c2586.jpg,DRIP,336,336,1,58,784.0,14754.0,11368,4170,0.053138132031991324,0.1880095923261391
0068742ad35c2586.jpg,Fixed,336,336,1,57,418.0,14924.0,11172,4170,0.028008576789064595,0.10023980815347722
00689c649b17c484.jpg,DRIP,336,336,0,58,,,11368,0,,
00689c649b17c484.jpg,Fixed,336,336,0,57,,,11172,0,,
006f4870f0a038de.jpg,DRIP,336,336,2,59,2100.0,18738.0,11564,9274,0.11207172590457894,0.22643950830278198
006f4870f0a038de.jpg,Fixed,336,336,2,57,920.0,19526.0,11172,9274,0.04711666495954112,0.0992020703040759
0075f28d995930da.jpg,DRIP,336,336,1,59,644.0,12284.0,11564,1364,0.052425919895799415,0.47214076246334313
0075f28d995930da.jpg,Fixed,336,336,1,57,112.0,12424.0,11172,1364,0.00901481004507405,0.08211143695014662
00780778116614e0.jpg,DRIP,336,336,3,59,1260.0,12961.0,11564,2657,0.09721472108633593,0.4742190440346255
00780778116614e0.jpg,Fixed,336,336,3,57,198.0,13631.0,11172,2657,0.014525713447289267,0.07452013549115544
00792db6bb86e0e2.jpg,DRIP,336,336,0,59,,,11564,0,,
00792db6bb86e0e2.jpg,Fixed,336,336,0,57,,,11172,0,,
007c3047f0237443.jpg,DRIP,336,336,0,58,,,11368,0,,
007c3047f0237443.jpg,Fixed,336,336,0,57,,,11172,0,,
007c8c28e1f149b1.jpg,DRIP,336,336,9,59,5216.0,37314.0,11564,30966,0.13978667524253632,0.1684428082412969
007c8c28e1f149b1.jpg,Fixed,336,336,9,57,3216.0,38922.0,11172,30966,0.08262679204562973,0.10385584189110637
007f097678571e5d.jpg,DRIP,336,336,10,58,2553.0,20805.0,11368,11990,0.12271088680605624,0.21292743953294413
007f097678571e5d.jpg,Fixed,336,336,10,57,1316.0,21846.0,11172,11990,0.06023986084409045,0.1097581317764804
0080ab49662c727c.jpg,DRIP,336,336,16,59,4182.0,27640.0,11564,20258,0.15130246020260493,0.20643696317504195
0080ab49662c727c.jpg,Fixed,336,336,16,57,2043.0,29387.0,11172,20258,0.0695205362915575,0.10084904728995953
00831662d2ba731a.jpg,DRIP,336,336,2,59,2814.0,13917.0,11564,5167,0.20219874973054539,0.5446100251596672
00831662d2ba731a.jpg,Fixed,336,336,2,57,490.0,15849.0,11172,5167,0.03091677708372768,0.09483259144571318
0084491e91492c18.jpg,DRIP,336,336,2,58,1226.0,11802.0,11368,1660,0.10388069818674801,0.7385542168674699
0084491e91492c18.jpg,Fixed,336,336,2,57,154.0,12678.0,11172,1660,0.012147026344849345,0.0927710843373494
00860d45e849ec0c.jpg,DRIP,336,336,2,58,1435.0,12008.0,11368,2075,0.11950366422385077,0.691566265060241
00860d45e849ec0c.jpg,Fixed,336,336,2,57,250.0,12997.0,11172,2075,0.019235208124951914,0.12048192771084337
00915dbaa395904c.jpg,DRIP,336,336,1,58,0.0,11849.0,11368,481,0.0,0.0
00915dbaa395904c.jpg,Fixed,336,336,1,57,182.0,11471.0,11172,481,0.015866097114462557,0.3783783783783784
00963eaad91c7da8.jpg,DRIP,336,336,5,59,2429.0,15957.0,11564,6822,0.1522215955380084,0.35605394312518324
00963eaad91c7da8.jpg,Fixed,336,336,5,57,678.0,17316.0,11172,6822,0.039154539154539154,0.09938434476693052
009e76edf23c89df.jpg,DRIP,336,336,3,58,520.0,12269.0,11368,1421,0.04238324231803733,0.36593947923997183
009e76edf23c89df.jpg,Fixed,336,336,3,57,87.0,12506.0,11172,1421,0.006956660802814649,0.061224489795918366
00a40156a2843195.jpg,DRIP,336,336,1,59,4116.0,20793.0,11564,13345,0.1979512335882268,0.30843012364181344
00a40156a2843195.jpg,Fixed,336,336,1,57,1190.0,23327.0,11172,13345,0.05101384661550992,0.08917197452229299
00a5dbacb0654efd.jpg,DRIP,336,336,0,58,,,11368,0,,
00a5dbacb0654efd.jpg,Fixed,336,336,0,57,,,11172,0,,
00a96e7f361d71e2.jpg,DRIP,336,336,2,58,2954.0,14423.0,11368,6009,0.20481175899604798,0.49159593942419705
00a96e7f361d71e2.jpg,Fixed,336,336,2,57,616.0,16565.0,11172,6009,0.03718683972230607,0.10251289732068564
00ac944a31bbe0cc.jpg,DRIP,336,336,1,58,364.0,12244.0,11368,1240,0.029728846782097355,0.29354838709677417
00ac944a31bbe0cc.jpg,Fixed,336,336,1,57,140.0,12272.0,11172,1240,0.011408083441981747,0.11290322580645161
00ad17e05c1a1bf5.jpg,DRIP,336,336,6,59,1182.0,16656.0,11564,6274,0.07096541786743515,0.18839655722027415
00ad17e05c1a1bf5.jpg,Fixed,336,336,6,57,666.0,16780.0,11172,6274,0.03969010727056019,0.10615237488045903
00afcdd80ab1ba76.jpg,DRIP,336,336,0,59,,,11564,0,,
00afcdd80ab1ba76.jpg,Fixed,336,336,0,57,,,11172,0,,
00b023e43ad4993e.jpg,DRIP,336,336,0,58,,,11368,0,,
00b023e43ad4993e.jpg,Fixed,336,336,0,57,,,11172,0,,
00c3108d5e110b8a.jpg,DRIP,336,336,1,59,1148.0,13425.0,11564,3009,0.085512104283054,0.38152210036556994
00c3108d5e110b8a.jpg,Fixed,336,336,1,57,224.0,13957.0,11172,3009,0.016049294260944327,0.07444333665669657
00c618f03ea0b6a2.jpg,DRIP,336,336,6,58,2395.0,19654.0,11368,10681,0.12185814592449375,0.22422994101675872
00c618f03ea0b6a2.jpg,Fixed,336,336,6,57,1226.0,20627.0,11172,10681,0.05943666068744849,0.11478325999438255
00c701c3a7421bd9.jpg,DRIP,336,336,1,58,471.0,11872.0,11368,975,0.039673180592991915,0.48307692307692307
00c701c3a7421bd9.jpg,Fixed,336,336,1,57,0.0,12147.0,11172,975,0.0,0.0
00c7f84d61adce05.jpg,DRIP,336,336,9,59,2126.0,19939.0,11564,10501,0.106625206880987,0.2024569088658223
00c7f84d61adce05.jpg,Fixed,336,336,9,57,996.0,20677.0,11172,10501,0.04816946365526914,0.09484810970383772
00c8152e27a63776.jpg,DRIP,336,336,161,59,5626.0,66351.0,11564,60413,0.08479148769423218,0.09312565176369325
00c8152e27a63776.jpg,Fixed,336,336,161,57,6120.0,65465.0,11172,60413,0.09348506835713741,0.10130269975005379
00c90458856a8866.jpg,DRIP,336,336,1,59,1565.0,16830.0,11564,6831,0.09298871063576945,0.22910262040696824
00c90458856a8866.jpg,Fixed,336,336,1,57,756.0,17247.0,11172,6831,0.04383371021047139,0.11067193675889328
00cbc381888d9ffb.jpg,DRIP,336,336,0,58,,,11368,0,,
00cbc381888d9ffb.jpg,Fixed,336,336,0,57,,,11172,0,,
00d07a487147789e.jpg,DRIP,336,336,9,59,1913.0,21774.0,11564,12123,0.08785707724809405,0.15779922461436938
00d07a487147789e.jpg,Fixed,336,336,9,57,1540.0,21755.0,11172,12123,0.07078832452309813,0.1270312628887239
00d168fbb8a96a7d.jpg,DRIP,336,336,4,58,1462.0,14017.0,11368,4111,0.10430191909823786,0.35563123327657503
00d168fbb8a96a7d.jpg,Fixed,336,336,4,57,322.0,14961.0,11172,4111,0.02152262549294833,0.07832644125516906
00d17e785bbf2ca1.jpg,DRIP,336,336,2,58,756.0,12272.0,11368,1660,0.06160365058670143,0.45542168674698796
00d17e785bbf2ca1.jpg,Fixed,336,336,2,57,54.0,12778.0,11172,1660,0.004226013460635467,0.03253012048192771
00d199d2990fab59.jpg,DRIP,336,336,1,59,378.0,15099.0,11564,3913,0.025034770514603615,0.09660107334525939
00d199d2990fab59.jpg,Fixed,336,336,1,57,392.0,14693.0,11172,3913,0.0266793711291091,0.1001788908765653
00d4bc290247966b.jpg,DRIP,336,336,2,59,838.0,12035.0,11564,1309,0.06963024511840465,0.640183346065699
00d4bc290247966b.jpg,Fixed,336,336,2,57,92.0,12389.0,11172,1309,0.007425942368229881,0.07028265851795264
00da4ea73b5cf8b1.jpg,DRIP,336,336,2,58,1744.0,11987.0,11368,2363,0.14549094852757152,0.7380448582310623
00da4ea73b5cf8b1.jpg,Fixed,336,336,2,57,252.0,13283.0,11172,2363,0.018971617857411728,0.10664409648751587
00dd6d93c5a03b9f.jpg,DRIP,336,336,7,58,2640.0,16444.0,11368,7716,0.1605448795913403,0.3421461897356143
00dd6d93c5a03b9f.jpg,Fixed,336,336,7,57,840.0,18048.0,11172,7716,0.04654255319148936,0.1088646967340591
00dd785b54674737.jpg,DRIP,336,336,10,59,3812.0,33216.0,11564,25464,0.11476396917148363,0.14970153942821238
00dd785b54674737.jpg,Fixed,336,336,10,57,2313.0,34323.0,11172,25464,0.06738921422952539,0.09083411875589067
00e0422e47cdbeb7.jpg,DRIP,336,336,4,59,649.0,13118.0,11564,2203,0.04947400518371703,0.29459827507943714
00e0422e47cdbeb7.jpg,Fixed,336,336,4,57,108.0,13267.0,11172,2203,0.008140498982437627,0.04902405810258738
00e69701a85ee1a3.jpg,DRIP,336,336,1,59,0.0,11839.0,11564,275,0.0,0.0
00e69701a85ee1a3.jpg,Fixed,336,336,1,57,28.0,11419.0,11172,275,0.0024520535948857167,0.10181818181818182
00e8e5e79255536f.jpg,DRIP,336,336,1,58,602.0,11921.0,11368,1155,0.05049911920140928,0.5212121212121212
00e8e5e79255536f.jpg,Fixed,336,336,1,57,202.0,12125.0,11172,1155,0.01665979381443299,0.1748917748917749
00e9ff4c6baa2ab6.jpg,DRIP,336,336,5,58,3140.0,13459.0,11368,5231,0.2333011367857939,0.6002676352513859
00e9ff4c6baa2ab6.jpg,Fixed,336,336,5,57,392.0,16011.0,11172,5231,0.02448316782212229,0.07493787038807112
00eb87bac63c9ec9.jpg,DRIP,336,336,0,59,,,11564,0,,
00eb87bac63c9ec9.jpg,Fixed,336,336,0,57,,,11172,0,,
00ecc16a9eb4a5ed.jpg,DRIP,336,336,3,59,1440.0,11841.0,11564,1717,0.12161135039270332,0.8386721025043681
00ecc16a9eb4a5ed.jpg,Fixed,336,336,3,57,196.0,12693.0,11172,1717,0.015441581974316552,0.11415259172976121
00efdc3a911667f2.jpg,DRIP,336,336,2,59,700.0,12550.0,11564,1686,0.055776892430278883,0.4151838671411625
00efdc3a911667f2.jpg,Fixed,336,336,2,57,205.0,12653.0,11172,1686,0.016201691298506283,0.12158956109134045
00f964619cc0aad1.jpg,DRIP,336,336,2,59,1024.0,12843.0,11564,2303,0.0797321498092346,0.44463742943986106
00f964619cc0aad1.jpg,Fixed,336,336,2,57,266.0,13209.0,11172,2303,0.020137784843667197,0.11550151975683891
01020f39f721a95a.jpg,DRIP,336,336,6,59,1489.0,15820.0,11564,5745,0.09412136536030341,0.25918189730200175
01020f39f721a95a.jpg,Fixed,336,336,6,57,164.0,16753.0,11172,5745,0.009789291470184444,0.028546562228024368
0105018670354e7b.jpg,DRIP,336,336,3,58,993.0,11820.0,11368,1445,0.08401015228426396,0.68719723183391
0105018670354e7b.jpg,Fixed,336,336,3,57,238.0,12379.0,11172,1445,0.0192261087325309,0.16470588235294117
0108dcc595311a92.jpg,DRIP,336,336,1,58,3934.0,21195.0,11368,13761,0.18560981363529133,0.2858803865998111
0108dcc595311a92.jpg,Fixed,336,336,1,57,1207.0,23726.0,11172,13761,0.05087246059175588,0.087711648862728
010a0c44af2d077e.jpg,DRIP,336,336,1,58,0.0,11843.0,11368,475,0.0,0.0
010a0c44af2d077e.jpg,Fixed,336,336,1,57,0.0,11647.0,11172,475,0.0,0.0
0112d7f151517f35.jpg,DRIP,336,336,4,58,384.0,14779.0,11368,3795,0.02598281345151905,0.10118577075098814
0112d7f151517f35.jpg,Fixed,336,336,4,57,329.0,14638.0,11172,3795,0.022475748053012706,0.08669301712779974
011e4cefd7a1f14c.jpg,DRIP,336,336,0,58,,,11368,0,,
011e4cefd7a1f14c.jpg,Fixed,336,336,0,57,,,11172,0,,
012372cab6855b83.jpg,DRIP,336,336,2,58,835.0,11830.0,11368,1297,0.07058326289095519,0.643793369313801
012372cab6855b83.jpg,Fixed,336,336,2,57,168.0,12301.0,11172,1297,0.013657426225510121,0.1295296838858905
012ab1e92a27b6c5.jpg,DRIP,336,336,3,58,3077.0,16500.0,11368,8209,0.18648484848484848,0.3748325009136314
012ab1e92a27b6c5.jpg,Fixed,336,336,3,57,981.0,18400.0,11172,8209,0.05331521739130435,0.1195029845291753
012c101e4543382e.jpg,DRIP,336,336,9,59,1151.0,20386.0,11564,9973,0.05646031590307073,0.11541161135064675
012c101e4543382e.jpg,Fixed,336,336,9,57,915.0,20230.0,11172,9973,0.04522985664854177,0.09174771884087035
0130857ff09335ec.jpg,DRIP,336,336,2,59,1364.0,12520.0,11564,2320,0.10894568690095846,0.5879310344827586
0130857ff09335ec.jpg,Fixed,336,336,2,57,154.0,13338.0,11172,2320,0.011545958914379968,0.06637931034482758
0134a2b3e00c9bbb.jpg,DRIP,336,336,2,59,5516.0,29581.0,11564,23533,0.1864710456035969,0.23439425487613139
0134a2b3e00c9bbb.jpg,Fixed,336,336,2,57,2338.0,32367.0,11172,23533,0.07223406556060184,0.09934984914800493
0138cfa682ce8f81.jpg,DRIP,336,336,1,59,1078.0,11773.0,11564,1287,0.09156544636031598,0.8376068376068376
0138cfa682ce8f81.jpg,Fixed,336,336,1,57,196.0,12263.0,11172,1287,0.01598303840821985,0.1522921522921523
013aaeeee730a054.jpg,DRIP,336,336,5,58,488.0,12857.0,11368,1977,0.03795597728863654,0.2468386444107233
013aaeeee730a054.jpg,Fixed,336,336,5,57,0.0,13149.0,11172,1977,0.0,0.0
01540c1de38cc907.jpg,DRIP,336,336,2,58,811.0,11742.0,11368,1185,0.06906830182251746,0.6843881856540084
01540c1de38cc907.jpg,Fixed,336,336,2,57,196.0,12161.0,11172,1185,0.016117095633582764,0.16540084388185655
01542a35bb99c2ea.jpg,DRIP,336,336,7,58,3253.0,18293.0,11368,10178,0.17782758432187176,0.3196109255256435
01542a35bb99c2ea.jpg,Fixed,336,336,7,57,807.0,20543.0,11172,10178,0.039283454217981795,0.07928866181961093
0154786a4b2c6fb6.jpg,DRIP,336,336,2,58,,,11368,0,,
0154786a4b2c6fb6.jpg,Fixed,336,336,2,57,,,11172,0,,
0155e99465d9ca6d.jpg,DRIP,336,336,2,58,2576.0,16548.0,11368,7756,0.155668358714044,0.33212996389891697
0155e99465d9ca6d.jpg,Fixed,336,336,2,57,742.0,18186.0,11172,7756,0.04080061585835258,0.09566787003610108
0156f0e26eb20c04.jpg,DRIP,336,336,9,59,364.0,21668.0,11564,10468,0.016798966217463542,0.03477264042797096
0156f0e26eb20c04.jpg,Fixed,336,336,9,57,984.0,20656.0,11172,10468,0.04763749031758327,0.09400076423385556
015782fa093545e0.jpg,DRIP,336,336,7,59,109.0,13088.0,11564,1633,0.008328239608801956,0.06674831598285365
015782fa093545e0.jpg,Fixed,336,336,7,57,154.0,12651.0,11172,1633,0.012172950754881036,0.09430496019595835
0158932b16a6417a.jpg,DRIP,336,336,0,58,,,11368,0,,
0158932b16a6417a.jpg,Fixed,336,336,0,57,,,11172,0,,
015efa517e260a6c.jpg,DRIP,336,336,2,59,473.0,14189.0,11564,3098,0.033335682571005706,0.1526791478373144
015efa517e260a6c.jpg,Fixed,336,336,2,57,222.0,14048.0,11172,3098,0.015802961275626425,0.07165913492575855
015fc2723bbb4488.jpg,DRIP,336,336,2,59,1750.0,14637.0,11564,4823,0.11956001912960305,0.36284470246734396
015fc2723bbb4488.jpg,Fixed,336,336,2,57,686.0,15309.0,11172,4823,0.04481024234110654,0.14223512336719885
015ff45d293527d0.jpg,DRIP,336,336,0,59,,,11564,0,,
015ff45d293527d0.jpg,Fixed,336,336,0,57,,,11172,0,,
01600cb466dbff4d.jpg,DRIP,336,336,2,59,5327.0,17310.0,11564,11073,0.3077411900635471,0.4810801047593245
01600cb466dbff4d.jpg,Fixed,336,336,2,57,1078.0,21167.0,11172,11073,0.0509283318372939,0.09735392395917998
0160f87d5e672ea7.jpg,DRIP,336,336,0,59,,,11564,0,,
0160f87d5e672ea7.jpg,Fixed,336,336,0,57,,,11172,0,,
016894011b8686b4.jpg,DRIP,336,336,0,59,,,11564,0,,
016894011b8686b4.jpg,Fixed,336,336,0,57,,,11172,0,,
016a97b23b613882.jpg,DRIP,336,336,1,59,196.0,12489.0,11564,1121,0.01569381055328689,0.17484388938447815
016a97b23b613882.jpg,Fixed,336,336,1,57,202.0,12091.0,11172,1121,0.016706641303448847,0.1801962533452275
016b57639f13e1dc.jpg,DRIP,336,336,3,58,2052.0,16067.0,11368,6751,0.1277151926308583,0.30395496963412827
016b57639f13e1dc.jpg,Fixed,336,336,3,57,588.0,17335.0,11172,6751,0.033919815402365154,0.08709820767293734
016dced0141308e1.jpg,DRIP,336,336,3,58,506.0,12434.0,11368,1572,0.04069486890783336,0.32188295165394404
016dced0141308e1.jpg,Fixed,336,336,3,57,28.0,12716.0,11172,1572,0.002201950298836112,0.017811704834605598
017167286eaede50.jpg,DRIP,336,336,4,58,166.0,18242.0,11368,7040,0.009099879399188686,0.023579545454545454
017167286eaede50.jpg,Fixed,336,336,4,57,683.0,17529.0,11172,7040,0.03896400251012608,0.09701704545454545
01776212f59bf2dc.jpg,DRIP,336,336,0,58,,,11368,0,,
01776212f59bf2dc.jpg,Fixed,336,336,0,57,,,11172,0,,
017b2a8eae6f2070.jpg,DRIP,336,336,0,59,,,11564,0,,
017b2a8eae6f2070.jpg,Fixed,336,336,0,57,,,11172,0,,
0181953a3ab18ae3.jpg,DRIP,336,336,2,59,924.0,15889.0,11564,5249,0.058153439486437156,0.17603353019622786
0181953a3ab18ae3.jpg,Fixed,336,336,2,57,406.0,16015.0,11172,5249,0.025351233218857322,0.07734806629834254
01824d2e57c99aad.jpg,DRIP,336,336,1,58,0.0,12518.0,11368,1150,0.0,0.0
01824d2e57c99aad.jpg,Fixed,336,336,1,57,4.0,12318.0,11172,1150,0.000324728040266277,0.0034782608695652175
0183bbb34a7487c2.jpg,DRIP,336,336,0,58,,,11368,0,,
0183bbb34a7487c2.jpg,Fixed,336,336,0,57,,,11172,0,,
0184cbf22246869d.jpg,DRIP,336,336,107,58,5911.0,69061.0,11368,63604,0.08559099926152242,0.09293440664109176
0184cbf22246869d.jpg,Fixed,336,336,107,57,6677.0,68099.0,11172,63604,0.09804842949235672,0.10497767436010313
01891d494c112c64.jpg,DRIP,336,336,5,59,3530.0,18572.0,11564,10538,0.19007107473616197,0.33497817422660847
01891d494c112c64.jpg,Fixed,336,336,5,57,974.0,20736.0,11172,10538,0.04697145061728395,0.09242740557980642
019856d0957218d8.jpg,DRIP,336,336,5,59,1148.0,15595.0,11564,5179,0.07361333760820776,0.22166441397953274
019856d0957218d8.jpg,Fixed,336,336,5,57,530.0,15821.0,11172,5179,0.03349977877504583,0.10233635837034176
019d3790ad9c10e3.jpg,DRIP,336,336,0,59,,,11564,0,,
019d3790ad9c10e3.jpg,Fixed,336,336,0,57,,,11172,0,,
01a4c2bc103db318.jpg,DRIP,336,336,1,59,2730.0,15919.0,11564,7085,0.17149318424524154,0.3853211009174312
01a4c2bc103db318.jpg,Fixed,336,336,1,57,714.0,17543.0,11172,7085,0.04069999429972069,0.10077628793225124
01a72ceee9e2910c.jpg,DRIP,336,336,6,59,3212.0,18674.0,11564,10322,0.17200385562814607,0.311180003875218
01a72ceee9e2910c.jpg,Fixed,336,336,6,57,798.0,20696.0,11172,10322,0.03855817549284886,0.07731059872117807
01a7522afbb64535.jpg,DRIP,336,336,1,59,387.0,12122.0,11564,945,0.03192542484738492,0.4095238095238095
01a7522afbb64535.jpg,Fixed,336,336,1,57,84.0,12033.0,11172,945,0.006980802792321117,0.08888888888888889
01a79e8e9040a40a.jpg,DRIP,336,336,8,59,3597.0,26225.0,11564,18258,0.1371591992373689,0.19700953006901084
01a79e8e9040a40a.jpg,Fixed,336,336,8,57,1756.0,27674.0,11172,18258,0.0634530606345306,0.09617701829335086
01a9eabbfb7267e6.jpg,DRIP,336,336,2,59,767.0,13608.0,11564,2811,0.05636390358612581,0.27285663464959087
01a9eabbfb7267e6.jpg,Fixed,336,336,2,57,220.0,13763.0,11172,2811,0.01598488701591223,0.07826396300249022
01ac4614e02a4967.jpg,DRIP,336,336,5,59,5925.0,26940.0,11564,21301,0.21993318485523386,0.27815595511947794
01ac4614e02a4967.jpg,Fixed,336,336,5,57,1771.0,30702.0,11172,21301,0.057683538531691746,0.08314163654288531
01b1c5e105acaa97.jpg,DRIP,336,336,2,58,4532.0,18900.0,11368,12064,0.2397883597883598,0.3756631299734748
01b1c5e105acaa97.jpg,Fixed,336,336,2,57,1190.0,22046.0,11172,12064,0.05397804590401887,0.09864058355437666
01b3265b22d23b50.jpg,DRIP,336,336,10,58,672.0,13757.0,11368,3061,0.04884785927164353,0.21953609931394968
01b3265b22d23b50.jpg,Fixed,336,336,10,57,364.0,13869.0,11172,3061,0.02624558367582378,0.11891538712838942
01b4892d548d4b68.jpg,DRIP,336,336,1,58,1219.0,11989.0,11368,1840,0.10167653682542331,0.6625
01b4892d548d4b68.jpg,Fixed,336,336,1,57,126.0,12886.0,11172,1840,0.009778053701691759,0.06847826086956521
01b54ac75f9e41e9.jpg,DRIP,336,336,4,59,2257.0,16858.0,11564,7551,0.13388302289714082,0.2989008078400212
01b54ac75f9e41e9.jpg,Fixed,336,336,4,57,588.0,18135.0,11172,7551,0.03242349048800662,0.07787048073102901
01bd42a657556876.jpg,DRIP,336,336,6,59,6117.0,35042.0,11564,29595,0.17456195422635695,0.20669031931069437
01bd42a657556876.jpg,Fixed,336,336,6,57,2710.0,38057.0,11172,29595,0.0712089760096697,0.09156952187869573
01bec27c61ec0b5d.jpg,DRIP,336,336,1,58,0.0,12151.0,11368,783,0.0,0.0
01bec27c61ec0b5d.jpg,Fixed,336,336,1,57,98.0,11857.0,11172,783,0.008265159821202664,0.1251596424010217
01c28a28cad2b006.jpg,DRIP,336,336,1,58,1472.0,12011.0,11368,2115,0.12255432520189825,0.6959810874704492
01c28a28cad2b006.jpg,Fixed,336,336,1,57,182.0,13105.0,11172,2115,0.01388782907287295,0.08605200945626477
01c4f4a2bb5bae43.jpg,DRIP,336,336,9,59,7594.0,52903.0,11564,48933,0.14354573464642836,0.1551917928596244
01c4f4a2bb5bae43.jpg,Fixed,336,336,9,57,4697.0,55408.0,11172,48933,0.08477115218019059,0.09598839229150062
01cc0f8a81d39848.jpg,DRIP,336,336,21,58,7485.0,38105.0,11368,34222,0.19643091457813935,0.2187189527204722
01cc0f8a81d39848.jpg,Fixed,336,336,21,57,3474.0,41920.0,11172,34222,0.08287213740458016,0.10151364619250774
01d05a7d19f5a921.jpg,DRIP,336,336,2,58,1708.0,16289.0,11368,6629,0.10485603781693167,0.2576557550158395
01d05a7d19f5a921.jpg,Fixed,336,336,2,57,574.0,17227.0,11172,6629,0.033319788703778955,0.08658922914466737
01d419a01258ddbe.jpg,DRIP,336,336,5,58,2346.0,15247.0,11368,6225,0.15386633436085786,0.3768674698795181
01d419a01258ddbe.jpg,Fixed,336,336,5,57,676.0,16721.0,11172,6225,0.04042820405478141,0.10859437751004015
01d5dfec05d9e47f.jpg,DRIP,336,336,5,58,1635.0,14121.0,11368,4388,0.11578500106224772,0.37260711030082044
01d5dfec05d9e47f.jpg,Fixed,336,336,5,57,332.0,15228.0,11172,4388,0.02180194378775939,0.07566089334548769
01d8880f4597da40.jpg,DRIP,336,336,3,58,1122.0,12387.0,11368,2141,0.09057883264713006,0.5240541802895843
01d8880f4597da40.jpg,Fixed,336,336,3,57,168.0,13145.0,11172,2141,0.012780524914416128,0.07846800560485755
01df220cc71e07af.jpg,DRIP,336,336,1,59,938.0,12986.0,11564,2360,0.07223163406745726,0.3974576271186441
01df220cc71e07af.jpg,Fixed,336,336,1,57,196.0,13336.0,11172,2360,0.014697060587882423,0.08305084745762711
01e81b99d1dca0ec.jpg,DRIP,336,336,6,58,2923.0,19077.0,11368,10632,0.15322115636630498,0.2749247554552295
01e81b99d1dca0ec.jpg,Fixed,336,336,6,57,955.0,20849.0,11172,10632,0.04580555422322414,0.08982317531978931
01ecae33d6fde19c.jpg,DRIP,336,336,8,58,4024.0,22319.0,11368,14975,0.18029481607598907,0.2687145242070117
01ecae33d6fde19c.jpg,Fixed,336,336,8,57,1588.0,24559.0,11172,14975,0.06466061321715054,0.10604340567612688
01fbb47ed3360107.jpg,DRIP,336,336,24,59,971.0,23014.0,11564,12421,0.04219170939428174,0.07817406005957653
01fbb47ed3360107.jpg,Fixed,336,336,24,57,1138.0,22455.0,11172,12421,0.05067913604987753,0.0916190322840351
02062d203a421358.jpg,DRIP,336,336,17,59,4670.0,32043.0,11564,25149,0.14574165964485222,0.1856932681219929
02062d203a421358.jpg,Fixed,336,336,17,57,2372.0,33949.0,11172,25149,0.0698695101475743,0.0943178655214919
020a30ada37ca2d4.jpg,DRIP,336,336,1,59,1834.0,12830.0,11564,3100,0.14294621979734995,0.5916129032258064
020a30ada37ca2d4.jpg,Fixed,336,336,1,57,266.0,14006.0,11172,3100,0.018991860631158076,0.08580645161290322
020aba3fb6452ba2.jpg,DRIP,336,336,2,59,1444.0,14775.0,11564,4655,0.0977326565143824,0.31020408163265306
020aba3fb6452ba2.jpg,Fixed,336,336,2,57,490.0,15337.0,11172,4655,0.03194888178913738,0.10526315789473684
020d0655f70dd297.jpg,DRIP,336,336,0,59,,,11564,0,,
020d0655f70dd297.jpg,Fixed,336,336,0,57,,,11172,0,,
02132cfd627a3c45.jpg,DRIP,336,336,1,59,2436.0,17507.0,11564,8379,0.13914434226309477,0.2907268170426065
02132cfd627a3c45.jpg,Fixed,336,336,1,57,763.0,18788.0,11172,8379,0.040611028315946346,0.0910609857978279
021889a4d8d3bd64.jpg,DRIP,336,336,1,59,638.0,11564.0,11564,638,0.05517122103078519,1.0
021889a4d8d3bd64.jpg,Fixed,336,336,1,57,0.0,11810.0,11172,638,0.0,0.0
021e7031adf5cb7e.jpg,DRIP,336,336,2,58,2010.0,14591.0,11368,5233,0.13775615105201836,0.38410089814637877
021e7031adf5cb7e.jpg,Fixed,336,336,2,57,522.0,15883.0,11172,5233,0.03286532770887112,0.09975157653353717
02239b5969fed70c.jpg,DRIP,336,336,5,59,2262.0,15902.0,11564,6600,0.14224625833228524,0.3427272727272727
02239b5969fed70c.jpg,Fixed,336,336,5,57,406.0,17366.0,11172,6600,0.02337901646896234,0.061515151515151516
0225316ea19e5041.jpg,DRIP,336,336,2,59,4918.0,54040.0,11564,47394,0.09100666173205034,0.10376840950331266
0225316ea19e5041.jpg,Fixed,336,336,2,57,4218.0,54348.0,11172,47394,0.07761095164495474,0.08899860741866059
0228e46986926913.jpg,DRIP,336,336,1,59,462.0,14326.0,11564,3224,0.03224905765740611,0.1433002481389578
0228e46986926913.jpg,Fixed,336,336,1,57,340.0,14056.0,11172,3224,0.024188958451906658,0.1054590570719603
022a3c09f0a73534.jpg,DRIP,336,336,31,59,6683.0,40660.0,11564,35779,0.16436301032956221,0.18678554459319713
022a3c09f0a73534.jpg,Fixed,336,336,31,57,3152.0,43799.0,11172,35779,0.07196511335875248,0.08809636937868583
0234c0a4b04aba38.jpg,DRIP,336,336,3,59,3018.0,18452.0,11564,9906,0.16355950574463474,0.30466384009691094
0234c0a4b04aba38.jpg,Fixed,336,336,3,57,951.0,20127.0,11172,9906,0.04724996273662245,0.09600242277407632
023bd50314b8e43b.jpg,DRIP,336,336,6,59,2837.0,19441.0,11564,10714,0.14592870737102,0.2647937278327422
023bd50314b8e43b.jpg,Fixed,336,336,6,57,1026.0,20860.0,11172,10714,0.04918504314477469,0.09576255366809781
023cc00c3308c087.jpg,DRIP,336,336,5,59,5894.0,20519.0,11564,14849,0.28724596715239537,0.3969290861337464
023cc00c3308c087.jpg,Fixed,336,336,5,57,1512.0,24509.0,11172,14849,0.06169162348525031,0.10182503872314634
024604312c78c4f4.jpg,DRIP,336,336,5,59,5496.0,33612.0,11564,27544,0.1635130310603356,0.199535288992158
024604312c78c4f4.jpg,Fixed,336,336,5,57,2804.0,35912.0,11172,27544,0.07807975050122522,0.10180075515538774
024f5844b4cd9641.jpg,DRIP,336,336,0,58,,,11368,0,,
024f5844b4cd9641.jpg,Fixed,336,336,0,57,,,11172,0,,
0250b83132397ad1.jpg,DRIP,336,336,8,59,2539.0,33632.0,11564,24607,0.07549357754519505,0.1031820213760312
0250b83132397ad1.jpg,Fixed,336,336,8,57,2629.0,33150.0,11172,24607,0.07930618401206636,0.10683951721054985
0255c5bbd833e241.jpg,DRIP,336,336,18,59,496.0,28963.0,11564,17895,0.017125297793736838,0.027717239452360994
0255c5bbd833e241.jpg,Fixed,336,336,18,57,1391.0,27676.0,11172,17895,0.05026015320132967,0.07773120983514949
025b003422e87033.jpg,DRIP,336,336,3,59,500.0,13387.0,11564,2323,0.03734966758795847,0.2152389151958674
025b003422e87033.jpg,Fixed,336,336,3,57,140.0,13355.0,11172,2323,0.010482965181579932,0.060266896254842876
0270a45dfa731b43.jpg,DRIP,336,336,4,59,1694.0,13497.0,11564,3627,0.12550937245313773,0.4670526606010477
0270a45dfa731b43.jpg,Fixed,336,336,4,57,374.0,14425.0,11172,3627,0.025927209705372618,0.10311552247036118
02774c51d44bb364.jpg,DRIP,336,336,1,59,934.0,11737.0,11564,1107,0.07957740478827639,0.8437217705510388
02774c51d44bb364.jpg,Fixed,336,336,1,57,42.0,12237.0,11172,1107,0.003432213777886737,0.037940379403794036
02792f2ffa01db59.jpg,DRIP,336,336,2,59,626.0,13533.0,11564,2595,0.04625729697775807,0.24123314065510598
02792f2ffa01db59.jpg,Fixed,336,336,2,57,308.0,13459.0,11172,2595,0.022884315328033287,0.1186897880539499
027fda9e531356a8.jpg,DRIP,336,336,0,59,,,11564,0,,
027fda9e531356a8.jpg,Fixed,336,336,0,57,,,11172,0,,
02844f7565b33e32.jpg,DRIP,336,336,6,59,1622.0,13670.0,11564,3728,0.11865398683247988,0.43508583690987124
02844f7565b33e32.jpg,Fixed,336,336,6,57,461.0,14439.0,11172,3728,0.03192741879631553,0.1236587982832618
02882ac168772e42.jpg,DRIP,336,336,1,59,1700.0,12834.0,11564,2970,0.13246065139473273,0.5723905723905723
02882ac168772e42.jpg,Fixed,336,336,1,57,196.0,13946.0,11172,2970,0.01405420909221282,0.06599326599326599
028ee005563ec20d.jpg,DRIP,336,336,5,59,5486.0,27874.0,11564,21796,0.19681423548826862,0.2516975591851716
028ee005563ec20d.jpg,Fixed,336,336,5,57,2229.0,30739.0,11172,21796,0.07251374475422102,0.10226647091209397
029ca2b6d6904295.jpg,DRIP,336,336,14,59,3970.0,20940.0,11564,13346,0.18958930276981853,0.2974674059643339
029ca2b6d6904295.jpg,Fixed,336,336,14,57,1438.0,23080.0,11172,13346,0.06230502599653379,0.10774763974224487
029ca9b64cfc78a4.jpg,DRIP,336,336,5,58,1830.0,15833.0,11368,6295,0.1155813806606455,0.2907069102462272
029ca9b64cfc78a4.jpg,Fixed,336,336,5,57,545.0,16922.0,11172,6295,0.032206594965134144,0.08657664813343924
029f2bc0cf04580f.jpg,DRIP,336,336,0,58,,,11368,0,,
029f2bc0cf04580f.jpg,Fixed,336,336,0,57,,,11172,0,,
02a4653c7e00cdfd.jpg,DRIP,336,336,2,59,1898.0,15046.0,11564,5380,0.12614648411537951,0.35278810408921935
02a4653c7e00cdfd.jpg,Fixed,336,336,2,57,630.0,15922.0,11172,5380,0.0395678934807185,0.1171003717472119
02a950e4790377dc.jpg,DRIP,336,336,1,58,0.0,11897.0,11368,529,0.0,0.0
02a950e4790377dc.jpg,Fixed,336,336,1,57,0.0,11701.0,11172,529,0.0,0.0
02a961f6c1f9ed12.jpg,DRIP,336,336,10,59,3181.0,22367.0,11564,13984,0.1422184468189744,0.22747425629290619
02a961f6c1f9ed12.jpg,Fixed,336,336,10,57,1394.0,23762.0,11172,13984,0.05866509553067924,0.09968535469107552
02ac2afb418ed3bb.jpg,DRIP,336,336,2,59,358.0,11966.0,11564,760,0.029918101286979776,0.4710526315789474
02ac2afb418ed3bb.jpg,Fixed,336,336,2,57,0.0,11932.0,11172,760,0.0,0.0
02b4362934167953.jpg,DRIP,336,336,17,59,3006.0,20769.0,11564,12211,0.14473494149934998,0.2461714847268856
02b4362934167953.jpg,Fixed,336,336,17,57,1113.0,22270.0,11172,12211,0.049977548271216886,0.09114732618131194
02b4c34bd52f1217.jpg,DRIP,336,336,0,59,,,11564,0,,
02b4c34bd52f1217.jpg,Fixed,336,336,0,57,,,11172,0,,
02b7ad89c803532f.jpg,DRIP,336,336,1,59,919.0,11822.0,11564,1177,0.07773642361698528,0.7807986406117248
02b7ad89c803532f.jpg,Fixed,336,336,1,57,154.0,12195.0,11172,1177,0.012628126281262813,0.1308411214953271
02beeabd93bf7bb3.jpg,DRIP,336,336,1,59,258.0,12272.0,11564,966,0.02102346805736636,0.2670807453416149
02beeabd93bf7bb3.jpg,Fixed,336,336,1,57,216.0,11922.0,11172,966,0.018117765475591345,0.2236024844720497
02bf765b69e3025c.jpg,DRIP,336,336,14,59,4175.0,22039.0,11564,14650,0.18943690730069424,0.28498293515358364
02bf765b69e3025c.jpg,Fixed,336,336,14,57,1688.0,24134.0,11172,14650,0.0699428192591365,0.11522184300341297
02c185403a032781.jpg,DRIP,336,336,0,59,,,11564,0,,
02c185403a032781.jpg,Fixed,336,336,0,57,,,11172,0,,
02d4ae02865321a3.jpg,DRIP,336,336,6,59,6911.0,33246.0,11564,28593,0.2078746315346207,0.24170251460147588
02d4ae02865321a3.jpg,Fixed,336,336,6,57,2965.0,36800.0,11172,28593,0.08057065217391304,0.10369670898471654
02df4a726c2bb5a5.jpg,DRIP,336,336,3,59,762.0,12683.0,11564,1881,0.060080422612946466,0.405103668261563
02df4a726c2bb5a5.jpg,Fixed,336,336,3,57,206.0,12847.0,11172,1881,0.016034871954541917,0.10951621477937268
02e263ba099084dd.jpg,DRIP,336,336,0,59,,,11564,0,,
02e263ba099084dd.jpg,Fixed,336,336,0,57,,,11172,0,,
02e523f39066742d.jpg,DRIP,336,336,9,59,6188.0,19063.0,11564,13687,0.32460787913759637,0.4521078395557829
02e523f39066742d.jpg,Fixed,336,336,9,57,1255.0,23604.0,11172,13687,0.05316895441450602,0.09169284722729597
02e647dcd238f3e4.jpg,DRIP,336,336,1,59,203.0,11684.0,11564,323,0.01737418692228689,0.628482972136223
02e647dcd238f3e4.jpg,Fixed,336,336,1,57,49.0,11446.0,11172,323,0.004280971518434387,0.15170278637770898
02ef6de789b37127.jpg,DRIP,336,336,5,58,2344.0,20008.0,11368,10984,0.1171531387445022,0.213401310997815
02ef6de789b37127.jpg,Fixed,336,336,5,57,1026.0,21130.0,11172,10984,0.04855655466161855,0.09340859431900947
02fae2fbfa99a8f8.jpg,DRIP,336,336,2,59,5026.0,19401.0,11564,12863,0.25905881140147413,0.39073311047189613
02fae2fbfa99a8f8.jpg,Fixed,336,336,2,57,1103.0,22932.0,11172,12863,0.04809872667015524,0.08574982507968593
030aac31ce3ebe66.jpg,DRIP,336,336,1,59,474.0,11662.0,11564,572,0.040644829360315556,0.8286713286713286
030aac31ce3ebe66.jpg,Fixed,336,336,1,57,77.0,11667.0,11172,572,0.00659981143395903,0.1346153846153846
030fd24af593dcc8.jpg,DRIP,336,336,4,59,7235.0,49647.0,11564,45318,0.14572884565029107,0.15964958736043072
030fd24af593dcc8.jpg,Fixed,336,336,4,57,4334.0,52156.0,11172,45318,0.0830968632563847,0.09563528840637274
031eed019baea941.jpg,DRIP,336,336,0,59,,,11564,0,,
031eed019baea941.jpg,Fixed,336,336,0,57,,,11172,0,,
0328a24cc3047ec8.jpg,DRIP,336,336,15,59,1518.0,19827.0,11564,9781,0.07656226357996672,0.15519885492280952
0328a24cc3047ec8.jpg,Fixed,336,336,15,57,871.0,20082.0,11172,9781,0.04337217408624639,0.08905019936611798
0328f10a8d351b24.jpg,DRIP,336,336,10,59,4006.0,22722.0,11564,15164,0.1763049027374351,0.264178317066737
0328f10a8d351b24.jpg,Fixed,336,336,10,57,1778.0,24558.0,11172,15164,0.07240003257594267,0.11725138485887629
032925607ae0382c.jpg,DRIP,336,336,5,59,1258.0,12972.0,11564,2666,0.09697810669133518,0.47186796699174793
032925607ae0382c.jpg,Fixed,336,336,5,57,385.0,13453.0,11172,2666,0.028618152085036794,0.1444111027756939
032dcf3f768e3259.jpg,DRIP,336,336,8,59,2013.0,19736.0,11564,10185,0.10199635184434536,0.19764359351988217
032dcf3f768e3259.jpg,Fixed,336,336,8,57,1031.0,20326.0,11172,10185,0.050723211650103316,0.10122729504172803
033387d84d578dd7.jpg,DRIP,336,336,2,59,332.0,12154.0,11564,922,0.027316109922659208,0.3600867678958785
033387d84d578dd7.jpg,Fixed,336,336,2,57,59.0,12035.0,11172,922,0.004902368093061903,0.06399132321041215
03391be934ddbc7c.jpg,DRIP,336,336,0,58,,,11368,0,,
03391be934ddbc7c.jpg,Fixed,336,336,0,57,,,11172,0,,
033ecc2e897a1ebf.jpg,DRIP,336,336,9,59,3796.0,22894.0,11564,15126,0.16580763518825894,0.25095861430649213
033ecc2e897a1ebf.jpg,Fixed,336,336,9,57,1300.0,24998.0,11172,15126,0.05200416033282663,0.08594473092688086
0340ffed402c0672.jpg,DRIP,336,336,0,58,,,11368,0,,
0340ffed402c0672.jpg,Fixed,336,336,0,57,,,11172,0,,
03486477f41d883f.jpg,DRIP,336,336,0,59,,,11564,0,,
03486477f41d883f.jpg,Fixed,336,336,0,57,,,11172,0,,
034afc91ed9a3c73.jpg,DRIP,336,336,0,59,,,11564,0,,
034afc91ed9a3c73.jpg,Fixed,336,336,0,57,,,11172,0,,
03535a6be5d036d6.jpg,DRIP,336,336,44,59,5049.0,40635.0,11564,34120,0.12425249169435217,0.14797772567409145
03535a6be5d036d6.jpg,Fixed,336,336,44,57,3318.0,41974.0,11172,34120,0.07904893505503408,0.09724501758499414
035e347ba7ad5e63.jpg,DRIP,336,336,0,59,,,11564,0,,
035e347ba7ad5e63.jpg,Fixed,336,336,0,57,,,11172,0,,
0363a663db0f0bc2.jpg,DRIP,336,336,8,59,2114.0,17092.0,11564,7642,0.12368359466417037,0.27662915467155197
0363a663db0f0bc2.jpg,Fixed,336,336,8,57,686.0,18128.0,11172,7642,0.037842012356575465,0.08976707668149699
03655bde4da6c310.jpg,DRIP,336,336,1,58,2160.0,12016.0,11368,2808,0.17976031957390146,0.7692307692307693
03655bde4da6c310.jpg,Fixed,336,336,1,57,336.0,13644.0,11172,2808,0.024626209322779244,0.11965811965811966
0368d827bcab27d1.jpg,DRIP,336,336,3,58,0.0,16652.0,11368,5284,0.0,0.0
0368d827bcab27d1.jpg,Fixed,336,336,3,57,532.0,15924.0,11172,5284,0.03340869128359709,0.10068130204390613
036ca96be461e0e9.jpg,DRIP,336,336,2,58,3780.0,30690.0,11368,23102,0.12316715542521994,0.16362219721236257
036ca96be461e0e9.jpg,Fixed,336,336,2,57,1904.0,32370.0,11172,23102,0.05881989496447328,0.08241710674400485
0372664e29dace21.jpg,DRIP,336,336,5,58,597.0,15245.0,11368,4474,0.03916038045260741,0.13343763969602146
0372664e29dace21.jpg,Fixed,336,336,5,57,353.0,15293.0,11172,4474,0.023082456025632643,0.07890031291908807
037f58bbe20a72b8.jpg,DRIP,336,336,4,58,3500.0,18644.0,11368,10776,0.1877279553743832,0.32479584261321454
037f58bbe20a72b8.jpg,Fixed,336,336,4,57,1190.0,20758.0,11172,10776,0.057327295500529916,0.11043058648849295
0396372a872294c2.jpg,DRIP,336,336,10,58,2827.0,16284.0,11368,7743,0.17360599361336282,0.3651039648714968
0396372a872294c2.jpg,Fixed,336,336,10,57,505.0,18410.0,11172,7743,0.027430744160782183,0.06522019888931939
039832d67de29788.jpg,DRIP,336,336,2,59,1806.0,15147.0,11564,5389,0.11923153099623687,0.335127110781221
039832d67de29788.jpg,Fixed,336,336,2,57,420.0,16141.0,11172,5389,0.026020692646056626,0.07793653739098164
039da94c7b4a3104.jpg,DRIP,336,336,24,58,2727.0,28990.0,11368,20349,0.09406691962745774,0.13401149933657674
039da94c7b4a3104.jpg,Fixed,336,336,24,57,2046.0,29475.0,11172,20349,0.0694147582697201,0.10054548135043491
039e84b999400482.jpg,DRIP,336,336,2,58,4382.0,27986.0,11368,21000,0.15657828914457228,0.20866666666666667
039e84b999400482.jpg,Fixed,336,336,2,57,2002.0,30170.0,11172,21000,0.06635730858468677,0.09533333333333334
039fce4cdc594316.jpg,DRIP,336,336,1,58,606.0,13369.0,11368,2607,0.045328745605505275,0.23245109321058688
039fce4cdc594316.jpg,Fixed,336,336,1,57,266.0,13513.0,11172,2607,0.019684748020424775,0.10203298810893748
03af12f9ba86896c.jpg,DRIP,336,336,11,58,1276.0,18724.0,11368,8632,0.06814783165990174,0.14782205746061167
03af12f9ba86896c.jpg,Fixed,336,336,11,57,425.0,19379.0,11172,8632,0.02193095618968987,0.0492354031510658
03b11fe3fb428ae4.jpg,DRIP,336,336,0,59,,,11564,0,,
03b11fe3fb428ae4.jpg,Fixed,336,336,0,57,,,11172,0,,
03beecd7a9676cc2.jpg,DRIP,336,336,2,58,700.0,13067.0,11368,2399,0.05357006198821459,0.29178824510212586
03beecd7a9676cc2.jpg,Fixed,336,336,2,57,300.0,13271.0,11172,2399,0.022605681561299072,0.12505210504376824
03cf788293866e59.jpg,DRIP,336,336,0,59,,,11564,0,,
03cf788293866e59.jpg,Fixed,336,336,0,57,,,11172,0,,
03d0e5cf77a6f7da.jpg,DRIP,336,336,2,59,1262.0,13105.0,11564,2803,0.09629912247233881,0.45023189439885836
03d0e5cf77a6f7da.jpg,Fixed,336,336,2,57,280.0,13695.0,11172,2803,0.02044541803577948,0.09989297181591153
03d361a362d162c7.jpg,DRIP,336,336,2,59,1183.0,11785.0,11564,1404,0.1003818413237166,0.8425925925925926
03d361a362d162c7.jpg,Fixed,336,336,2,57,378.0,12198.0,11172,1404,0.030988686669945892,0.2692307692307692
03e02116803b7581.jpg,DRIP,336,336,1,58,0.0,12905.0,11368,1537,0.0,0.0
03e02116803b7581.jpg,Fixed,336,336,1,57,0.0,12709.0,11172,1537,0.0,0.0
03e1f9d4a0d592ba.jpg,DRIP,336,336,4,59,776.0,14150.0,11564,3362,0.054840989399293286,0.23081499107674003
03e1f9d4a0d592ba.jpg,Fixed,336,336,4,57,135.0,14399.0,11172,3362,0.009375651086881034,0.04015466983938132
04011c8c335c4b67.jpg,DRIP,336,336,1,58,1092.0,12408.0,11368,2132,0.08800773694390715,0.5121951219512195
04011c8c335c4b67.jpg,Fixed,336,336,1,57,248.0,13056.0,11172,2132,0.018995098039215685,0.11632270168855535
04076b0e2372aafb.jpg,DRIP,336,336,0,58,,,11368,0,,
04076b0e2372aafb.jpg,Fixed,336,336,0,57,,,11172,0,,
041012646c9270ac.jpg,DRIP,336,336,6,59,6166.0,27299.0,11564,21901,0.22586907945345983,0.28153965572348294
041012646c9270ac.jpg,Fixed,336,336,6,57,2294.0,30779.0,11172,21901,0.07453133630072452,0.10474407561298571
041026a62ca6eb2e.jpg,DRIP,336,336,10,59,3584.0,19438.0,11564,11458,0.18438110916760983,0.3127945540233898
041026a62ca6eb2e.jpg,Fixed,336,336,10,57,792.0,21838.0,11172,11458,0.03626705742284092,0.06912201082213301
0413b2bcad5b3579.jpg,DRIP,336,336,1,59,0.0,12019.0,11564,455,0.0,0.0
0413b2bcad5b3579.jpg,Fixed,336,336,1,57,0.0,11627.0,11172,455,0.0,0.0
0421017b27bf1b7e.jpg,DRIP,336,336,2,59,1862.0,13457.0,11564,3755,0.13836664932748755,0.4958721704394141
0421017b27bf1b7e.jpg,Fixed,336,336,2,57,412.0,14515.0,11172,3755,0.028384429900103342,0.10972037283621837
0430a0f820c32887.jpg,DRIP,336,336,3,59,1142.0,12134.0,11564,1712,0.09411570792813581,0.6670560747663551
0430a0f820c32887.jpg,Fixed,336,336,3,57,238.0,12646.0,11172,1712,0.018820180294164164,0.13901869158878505
0442ab5ce00a56fa.jpg,DRIP,336,336,0,59,,,11564,0,,
0442ab5ce00a56fa.jpg,Fixed,336,336,0,57,,,11172,0,,
0448fd2dcc67e8d7.jpg,DRIP,336,336,2,59,3948.0,15541.0,11564,7925,0.25403770671127984,0.4981703470031546
0448fd2dcc67e8d7.jpg,Fixed,336,336,2,57,842.0,18255.0,11172,7925,0.04612434949328951,0.10624605678233438
04518da6e76f5cad.jpg,DRIP,336,336,1,59,,,11564,0,,
04518da6e76f5cad.jpg,Fixed,336,336,1,57,,,11172,0,,
045e2f6f4b41fd53.jpg,DRIP,336,336,3,58,1435.0,12608.0,11368,2675,0.11381662436548223,0.5364485981308411
045e2f6f4b41fd53.jpg,Fixed,336,336,3,57,157.0,13690.0,11172,2675,0.011468224981738495,0.05869158878504673
0460bcb669cfb9c1.jpg,DRIP,336,336,2,58,5768.0,24482.0,11368,18882,0.2356016665305122,0.3054761148183455
0460bcb669cfb9c1.jpg,Fixed,336,336,2,57,1795.0,28259.0,11172,18882,0.06351958668034963,0.09506408219468276
0464a1dafaa33d6d.jpg,DRIP,336,336,7,59,3067.0,16041.0,11564,7544,0.19119755626207843,0.4065482502651113
0464a1dafaa33d6d.jpg,Fixed,336,336,7,57,671.0,18045.0,11172,7544,0.0371848157384317,0.08894485683987274
046be154a29204c7.jpg,DRIP,336,336,2,58,2328.0,13783.0,11368,4743,0.16890372197634768,0.49082858950031627
046be154a29204c7.jpg,Fixed,336,336,2,57,484.0,15431.0,11172,4743,0.03136543321884518,0.10204511912291798
047efe4a7f176cca.jpg,DRIP,336,336,5,59,4200.0,25499.0,11564,18135,0.16471234166045728,0.23159636062861869
047efe4a7f176cca.jpg,Fixed,336,336,5,57,1519.0,27788.0,11172,18135,0.05466388369080179,0.08376068376068375
0486a158aa01b171.jpg,DRIP,336,336,1,59,1008.0,12509.0,11564,1953,0.08058198097369894,0.5161290322580645
0486a158aa01b171.jpg,Fixed,336,336,1,57,98.0,13027.0,11172,1953,0.007522837184309511,0.05017921146953405
048e6f8bd215e50c.jpg,DRIP,336,336,4,59,3346.0,23719.0,11564,15501,0.14106834183565917,0.21585704148119475
048e6f8bd215e50c.jpg,Fixed,336,336,4,57,1682.0,24991.0,11172,15501,0.06730422952262814,0.10850912844332623
04924b243ce19811.jpg,DRIP,336,336,7,59,2826.0,22700.0,11564,13962,0.12449339207048458,0.20240653201547057
04924b243ce19811.jpg,Fixed,336,336,7,57,1494.0,23640.0,11172,13962,0.06319796954314721,0.10700472711645896
049d0f7fef4ebdf7.jpg,DRIP,336,336,12,59,3277.0,16860.0,11564,8573,0.19436536180308422,0.3822465881255103
049d0f7fef4ebdf7.jpg,Fixed,336,336,12,57,924.0,18821.0,11172,8573,0.049094097019286964,0.1077802402892803
04ab31205c0ffdf8.jpg,DRIP,336,336,4,59,3148.0,17756.0,11564,9340,0.177292182924082,0.33704496788008564
04ab31205c0ffdf8.jpg,Fixed,336,336,4,57,784.0,19728.0,11172,9340,0.039740470397404706,0.08394004282655246
04b04e347704f9c7.jpg,DRIP,336,336,1,58,8234.0,30856.0,11368,27722,0.2668524760176303,0.2970204169973306
04b04e347704f9c7.jpg,Fixed,336,336,1,57,2702.0,36192.0,11172,27722,0.07465738284703802,0.09746771517206551
04b59524b3cebdf2.jpg,DRIP,336,336,1,59,2100.0,19837.0,11564,10373,0.10586278167061551,0.20244866480285356
04b59524b3cebdf2.jpg,Fixed,336,336,1,57,952.0,20593.0,11172,10373,0.04622930121886078,0.09177672804396028
04bc55abd830f147.jpg,DRIP,336,336,4,59,5250.0,31235.0,11564,24921,0.16808067872578838,0.2106657036234501
04bc55abd830f147.jpg,Fixed,336,336,4,57,2660.0,33433.0,11172,24921,0.07956210929321329,0.10673728983588139
04c2634b073c5bfb.jpg,DRIP,336,336,12,58,1577.0,20417.0,11368,10626,0.07723955527256698,0.1484095614530397
04c2634b073c5bfb.jpg,Fixed,336,336,12,57,964.0,20834.0,11172,10626,0.046270519343381014,0.09072087332956898
04d14bbae7de7926.jpg,DRIP,336,336,7,58,355.0,17010.0,11368,5997,0.020870076425631982,0.0591962647990662
04d14bbae7de7926.jpg,Fixed,336,336,7,57,464.0,16705.0,11172,5997,0.027776114935648008,0.07737201934300483
04da5dff642e080f.jpg,DRIP,336,336,6,59,3612.0,23436.0,11564,15484,0.15412186379928317,0.2332730560578662
04da5dff642e080f.jpg,Fixed,336,336,6,57,1544.0,25112.0,11172,15484,0.061484549219496656,0.09971583570136916
04dd79863a4c2c59.jpg,DRIP,336,336,0,58,,,11368,0,,
04dd79863a4c2c59.jpg,Fixed,336,336,0,57,,,11172,0,,
04e03c1faa934e30.jpg,DRIP,336,336,29,58,6591.0,65632.0,11368,60855,0.10042357386640663,0.10830663051515899
04e03c1faa934e30.jpg,Fixed,336,336,29,57,5637.0,66390.0,11172,60855,0.08490736556710347,0.09263002218387971
04ef980e5caff21f.jpg,DRIP,336,336,4,59,2634.0,24654.0,11564,15724,0.10683864687271842,0.1675146273212923
04ef980e5caff21f.jpg,Fixed,336,336,4,57,1284.0,25612.0,11172,15724,0.050132750273309386,0.08165861104044772
050bf08413b35ab1.jpg,DRIP,336,336,7,58,1076.0,15227.0,11368,4935,0.07066395219018848,0.21803444782168185
050bf08413b35ab1.jpg,Fixed,336,336,7,57,563.0,15544.0,11172,4935,0.03621976325270201,0.11408308004052685
0516b96f324d3185.jpg,DRIP,336,336,32,58,4160.0,32711.0,11368,25503,0.1271743450215524,0.1631180645414265
0516b96f324d3185.jpg,Fixed,336,336,32,57,2314.0,34361.0,11172,25503,0.06734379092575886,0.0907344234011685
0521b09c0444ef29.jpg,DRIP,336,336,105,59,4716.0,58042.0,11564,51194,0.08125150752903071,0.09212017033246084
0521b09c0444ef29.jpg,Fixed,336,336,105,57,5052.0,57314.0,11172,51194,0.08814600272184807,0.09868343946556236
052bf94d71a91cab.jpg,DRIP,336,336,1,59,3136.0,18007.0,11564,9579,0.17415449547398235,0.3273828165779309
052bf94d71a91cab.jpg,Fixed,336,336,1,57,1050.0,19701.0,11172,9579,0.05329678696512868,0.1096147823363608
053227f4aed1f791.jpg,DRIP,336,336,2,58,140.0,12192.0,11368,964,0.011482939632545932,0.14522821576763487
053227f4aed1f791.jpg,Fixed,336,336,2,57,140.0,11996.0,11172,964,0.011670556852284094,0.14522821576763487
0534930d836682cb.jpg,DRIP,336,336,0,59,,,11564,0,,
0534930d836682cb.jpg,Fixed,336,336,0,57,,,11172,0,,
053776773c24ca6a.jpg,DRIP,336,336,4,58,1194.0,15735.0,11368,5561,0.07588179218303145,0.21470958460708506
053776773c24ca6a.jpg,Fixed,336,336,4,57,700.0,16033.0,11172,5561,0.043659951350339926,0.1258766408919259
054a6a0f6f4a95f1.jpg,DRIP,336,336,0,58,,,11368,0,,
054a6a0f6f4a95f1.jpg,Fixed,336,336,0,57,,,11172,0,,
0559c42c72ec4ffa.jpg,DRIP,336,336,0,58,,,11368,0,,
0559c42c72ec4ffa.jpg,Fixed,336,336,0,57,,,11172,0,,
0563b96631488ed6.jpg,DRIP,336,336,0,59,,,11564,0,,
0563b96631488ed6.jpg,Fixed,336,336,0,57,,,11172,0,,
0568d30600d5cf11.jpg,DRIP,336,336,5,59,1752.0,13974.0,11564,4162,0.1253756977243452,0.4209514656415185
0568d30600d5cf11.jpg,Fixed,336,336,5,57,373.0,14961.0,11172,4162,0.024931488536862507,0.08962037481979818
0575ba5a0f293756.jpg,DRIP,336,336,1,58,303.0,11702.0,11368,637,0.025893009741924457,0.47566718995290425
0575ba5a0f293756.jpg,Fixed,336,336,1,57,0.0,11809.0,11172,637,0.0,0.0
0578555cc80e2ecc.jpg,DRIP,336,336,0,58,,,11368,0,,
0578555cc80e2ecc.jpg,Fixed,336,336,0,57,,,11172,0,,
059d35bacca0bea4.jpg,DRIP,336,336,6,59,2142.0,19277.0,11564,9855,0.11111687503242205,0.217351598173516
059d35bacca0bea4.jpg,Fixed,336,336,6,57,1115.0,19912.0,11172,9855,0.05599638408999598,0.11314053779807204
05b9e8bb174bc788.jpg,DRIP,336,336,0,59,,,11564,0,,
05b9e8bb174bc788.jpg,Fixed,336,336,0,57,,,11172,0,,
05c068154667aadc.jpg,DRIP,336,336,2,59,351.0,14311.0,11564,3098,0.024526587939347356,0.11329890251775339
05c068154667aadc.jpg,Fixed,336,336,2,57,574.0,13696.0,11172,3098,0.041910046728971966,0.1852808263395739
05c22ba294e5299b.jpg,DRIP,336,336,64,59,6101.0,61923.0,11564,56460,0.09852558823054439,0.10805880269217145
05c22ba294e5299b.jpg,Fixed,336,336,64,57,5552.0,62080.0,11172,56460,0.08943298969072165,0.09833510449876018
05c5dcaa0f59c029.jpg,DRIP,336,336,7,59,5200.0,37564.0,11564,31200,0.13843041209668833,0.16666666666666666
05c5dcaa0f59c029.jpg,Fixed,336,336,7,57,2912.0,39460.0,11172,31200,0.07379624936644703,0.09333333333333334
05f55cb516868623.jpg,DRIP,336,336,3,59,1151.0,13584.0,11564,3171,0.08473203769140165,0.3629769788710186
05f55cb516868623.jpg,Fixed,336,336,3,57,280.0,14063.0,11172,3171,0.019910403185664508,0.08830022075055188
05fab8d9991ca41c.jpg,DRIP,336,336,6,59,3143.0,18443.0,11564,10022,0.17041696036436588,0.3136100578726801
05fab8d9991ca41c.jpg,Fixed,336,336,6,57,728.0,20466.0,11172,10022,0.03557119124401446,0.07264019157852725
060393adbd95ad5e.jpg,DRIP,336,336,17,58,4302.0,23261.0,11368,16195,0.18494475731911783,0.2656375424513739
060393adbd95ad5e.jpg,Fixed,336,336,17,57,1565.0,25802.0,11172,16195,0.06065421285171692,0.09663476381599259
0605600b4e2cd427.jpg,DRIP,336,336,1,59,203.0,13468.0,11564,2107,0.015072765072765074,0.09634551495016612
0605600b4e2cd427.jpg,Fixed,336,336,1,57,308.0,12971.0,11172,2107,0.023745277927684834,0.1461794019933555
06108ddacf8b9258.jpg,DRIP,336,336,0,59,,,11564,0,,
06108ddacf8b9258.jpg,Fixed,336,336,0,57,,,11172,0,,
0611069bfe97ef91.jpg,DRIP,336,336,14,59,3506.0,21905.0,11564,13847,0.160054782013239,0.25319563804434175
0611069bfe97ef91.jpg,Fixed,336,336,14,57,1246.0,23773.0,11172,13847,0.052412400622555,0.08998338990395031
0615bdf42cb27974.jpg,DRIP,336,336,1,59,91.0,11704.0,11564,231,0.00777511961722488,0.3939393939393939
0615bdf42cb27974.jpg,Fixed,336,336,1,57,140.0,11263.0,11172,231,0.012430080795525171,0.6060606060606061
0621dff7814daf99.jpg,DRIP,336,336,0,59,,,11564,0,,
0621dff7814daf99.jpg,Fixed,336,336,0,57,,,11172,0,,
06295491ac5d1776.jpg,DRIP,336,336,4,58,2628.0,14064.0,11368,5324,0.18686006825938567,0.49361382419233657
06295491ac5d1776.jpg,Fixed,336,336,4,57,406.0,16090.0,11172,5324,0.025233064014916096,0.07625845229151014
0631bf1ccff448a2.jpg,DRIP,336,336,1,58,2462.0,14604.0,11368,5698,0.16858394960284853,0.43208143208143207
0631bf1ccff448a2.jpg,Fixed,336,336,1,57,392.0,16478.0,11172,5698,0.0237892948173322,0.0687960687960688
0632337aeecc9696.jpg,DRIP,336,336,2,58,0.0,12527.0,11368,1159,0.0,0.0
0632337aeecc9696.jpg,Fixed,336,336,2,57,196.0,12135.0,11172,1159,0.0161516275236918,0.16911130284728215
0632cdaee00bcca3.jpg,DRIP,336,336,4,59,2146.0,18539.0,11564,9121,0.11575597389287448,0.2352812191645653
0632cdaee00bcca3.jpg,Fixed,336,336,4,57,934.0,19359.0,11172,9121,0.04824629371351826,0.10240105251617147
0633e99daf2103f4.jpg,DRIP,336,336,0,58,,,11368,0,,
0633e99daf2103f4.jpg,Fixed,336,336,0,57,,,11172,0,,
064cf4baf718ecc8.jpg,DRIP,336,336,0,59,,,11564,0,,
064cf4baf718ecc8.jpg,Fixed,336,336,0,57,,,11172,0,,
064e34ad7f2fcd7b.jpg,DRIP,336,336,13,58,1234.0,20492.0,11368,10358,0.06021862190122975,0.11913496814056768
064e34ad7f2fcd7b.jpg,Fixed,336,336,13,57,1106.0,20424.0,11172,10358,0.05415197806502154,0.10677737014867734
065472b7e579692c.jpg,DRIP,336,336,5,59,4052.0,25446.0,11564,17934,0.1592391731509864,0.22593955615032899
065472b7e579692c.jpg,Fixed,336,336,5,57,1348.0,27758.0,11172,17934,0.04856257655450681,0.07516449202631872
066f5833cd78c07a.jpg,DRIP,336,336,1,58,364.0,14700.0,11368,3696,0.024761904761904763,0.09848484848484848
066f5833cd78c07a.jpg,Fixed,336,336,1,57,420.0,14448.0,11172,3696,0.029069767441860465,0.11363636363636363
066ffb755fca5f44.jpg,DRIP,336,336,1,58,227.0,11570.0,11368,429,0.01961970613656007,0.5291375291375291
066ffb755fca5f44.jpg,Fixed,336,336,1,57,0.0,11601.0,11172,429,0.0,0.0
067371b2633fef26.jpg,DRIP,336,336,0,59,,,11564,0,,
067371b2633fef26.jpg,Fixed,336,336,0,57,,,11172,0,,
0673a09f8320a362.jpg,DRIP,336,336,3,58,2298.0,25192.0,11368,16122,0.09121943474118768,0.1425381466319315
0673a09f8320a362.jpg,Fixed,336,336,3,57,1260.0,26034.0,11172,16122,0.04839824844434201,0.07815407517677707
0675447696bece71.jpg,DRIP,336,336,2,59,2942.0,13513.0,11564,4891,0.2177162732183823,0.6015129830300552
0675447696bece71.jpg,Fixed,336,336,2,57,448.0,15615.0,11172,4891,0.028690361831572204,0.0915968104682069
0677710c25164882.jpg,DRIP,336,336,17,59,3943.0,26453.0,11564,18832,0.14905681775223983,0.20937765505522515
0677710c25164882.jpg,Fixed,336,336,17,57,1745.0,28259.0,11172,18832,0.061750238861955485,0.09266142735768904
0683afb826b21a90.jpg,DRIP,336,336,21,58,7689.0,47413.0,11368,43734,0.16217071267373928,0.17581286870626972
0683afb826b21a90.jpg,Fixed,336,336,21,57,4715.0,50191.0,11172,43734,0.09394114482676177,0.10781085654182102
068a8155b97899ef.jpg,DRIP,336,336,6,58,1811.0,15652.0,11368,6095,0.11570406337848198,0.2971287940935193
068a8155b97899ef.jpg,Fixed,336,336,6,57,618.0,16649.0,11172,6095,0.037119346507297736,0.10139458572600492
06bb1fea570039b2.jpg,DRIP,336,336,3,59,572.0,12198.0,11564,1206,0.046892933267748814,0.47429519071310117
06bb1fea570039b2.jpg,Fixed,336,336,3,57,280.0,12098.0,11172,1206,0.023144321375433957,0.23217247097844113
06c90482f8989324.jpg,DRIP,336,336,13,59,5963.0,39128.0,11564,33527,0.1523972602739726,0.17785665284695917
06c90482f8989324.jpg,Fixed,336,336,13,57,3206.0,41493.0,11172,33527,0.07726604487503916,0.0956244221075551
06ef84b6db9ca86d.jpg,DRIP,336,336,8,58,3686.0,24769.0,11368,17087,0.1488150510719044,0.21571955287645578
06ef84b6db9ca86d.jpg,Fixed,336,336,8,57,1524.0,26735.0,11172,17087,0.05700392743594539,0.08919061274653245
06f92f5456da8509.jpg,DRIP,336,336,8,59,0.0,11750.0,11564,186,0.0,0.0
06f92f5456da8509.jpg,Fixed,336,336,8,57,0.0,11358.0,11172,186,0.0,0.0
07235c06a6c11675.jpg,DRIP,336,336,0,59,,,11564,0,,
07235c06a6c11675.jpg,Fixed,336,336,0,57,,,11172,0,,
073f8898c62f14c1.jpg,DRIP,336,336,30,58,4200.0,36106.0,11368,28938,0.11632415664986429,0.14513788098693758
073f8898c62f14c1.jpg,Fixed,336,336,30,57,2242.0,37868.0,11172,28938,0.0592056617724728,0.07747598313636049
074636cc00cf5f28.jpg,DRIP,336,336,6,58,1725.0,20424.0,11368,10781,0.08445945945945946,0.16000371023096188
074636cc00cf5f28.jpg,Fixed,336,336,6,57,1120.0,20833.0,11172,10781,0.05376086017376278,0.10388646693256655
0748104eb11ef902.jpg,DRIP,336,336,3,59,4362.0,37472.0,11564,30270,0.1164069171648164,0.14410307234886024
0748104eb11ef902.jpg,Fixed,336,336,3,57,2828.0,38614.0,11172,30270,0.07323768581343554,0.09342583415923357
0748e0ea8edb0f47.jpg,DRIP,336,336,5,58,224.0,19381.0,11368,8237,0.01155771116041484,0.02719436688114605
0748e0ea8edb0f47.jpg,Fixed,336,336,5,57,644.0,18765.0,11172,8237,0.03431921129762856,0.07818380478329488
074b3f912a522f25.jpg,DRIP,336,336,10,59,1717.0,14390.0,11564,4543,0.11931897150799166,0.3779440898084966
074b3f912a522f25.jpg,Fixed,336,336,10,57,543.0,15172.0,11172,4543,0.035789612443975743,0.11952454325335682
07552784ea72df13.jpg,DRIP,336,336,0,58,,,11368,0,,
07552784ea72df13.jpg,Fixed,336,336,0,57,,,11172,0,,
0774e6038511497f.jpg,DRIP,336,336,3,59,2026.0,14084.0,11564,4546,0.14385117864243113,0.4456665200175979
0774e6038511497f.jpg,Fixed,336,336,3,57,623.0,15095.0,11172,4546,0.04127194435243458,0.1370435547734272
07788c82bbbd1887.jpg,DRIP,336,336,3,59,3875.0,18986.0,11564,11297,0.20409775624144105,0.3430114189607861
07788c82bbbd1887.jpg,Fixed,336,336,3,57,1134.0,21335.0,11172,11297,0.05315209749238341,0.10038063202620165
0787f5c493031226.jpg,DRIP,336,336,0,58,,,11368,0,,
0787f5c493031226.jpg,Fixed,336,336,0,57,,,11172,0,,
0789e1d8064d6697.jpg,DRIP,336,336,1,58,154.0,11445.0,11368,231,0.01345565749235474,0.6666666666666666
0789e1d8064d6697.jpg,Fixed,336,336,1,57,0.0,11403.0,11172,231,0.0,0.0
078c7eaf1967610d.jpg,DRIP,336,336,1,59,308.0,12072.0,11564,816,0.025513585155732273,0.37745098039215685
078c7eaf1967610d.jpg,Fixed,336,336,1,57,28.0,11960.0,11172,816,0.0023411371237458192,0.03431372549019608
079e8c6c050b34f6.jpg,DRIP,336,336,0,58,,,11368,0,,
079e8c6c050b34f6.jpg,Fixed,336,336,0,57,,,11172,0,,
079fa558a505e01b.jpg,DRIP,336,336,0,58,,,11368,0,,
079fa558a505e01b.jpg,Fixed,336,336,0,57,,,11172,0,,
07b6a08b4f48ff23.jpg,DRIP,336,336,0,59,,,11564,0,,
07b6a08b4f48ff23.jpg,Fixed,336,336,0,57,,,11172,0,,
07bb439545f503f0.jpg,DRIP,336,336,9,58,2488.0,26117.0,11368,17237,0.09526362139602558,0.14434066252828218
07bb439545f503f0.jpg,Fixed,336,336,9,57,2084.0,26325.0,11172,17237,0.07916429249762583,0.12090270928815919
07c2f3df1d3ab69c.jpg,DRIP,336,336,1,58,2029.0,12564.0,11368,3225,0.16149315504616366,0.6291472868217054
07c2f3df1d3ab69c.jpg,Fixed,336,336,1,57,280.0,14117.0,11172,3225,0.019834242402776793,0.08682170542635659
07d1749a2bf3626c.jpg,DRIP,336,336,6,58,238.0,12966.0,11368,1836,0.018355699521826314,0.12962962962962962
07d1749a2bf3626c.jpg,Fixed,336,336,6,57,128.0,12880.0,11172,1836,0.009937888198757764,0.06971677559912855
07dbecf305f6f229.jpg,DRIP,336,336,2,58,642.0,11733.0,11368,1007,0.054717463564305804,0.637537239324727
07dbecf305f6f229.jpg,Fixed,336,336,2,57,152.0,12027.0,11172,1007,0.01263823064770932,0.1509433962264151
07e029c216b7c91f.jpg,DRIP,336,336,0,59,,,11564,0,,
07e029c216b7c91f.jpg,Fixed,336,336,0,57,,,11172,0,,
07e8249060927c3d.jpg,DRIP,336,336,1,59,1098.0,13781.0,11564,3315,0.07967491473768232,0.33122171945701356
07e8249060927c3d.jpg,Fixed,336,336,1,57,379.0,14108.0,11172,3315,0.026864190530195634,0.1143288084464555
07e8b3f57c28c069.jpg,DRIP,336,336,1,58,0.0,11653.0,11368,285,0.0,0.0
07e8b3f57c28c069.jpg,Fixed,336,336,1,57,0.0,11457.0,11172,285,0.0,0.0
07ec166bed0945e0.jpg,DRIP,336,336,10,59,5515.0,40562.0,11564,34513,0.13596469602090627,0.1597948599078608
07ec166bed0945e0.jpg,Fixed,336,336,10,57,3355.0,42330.0,11172,34513,0.07925820930781952,0.09720974705183553
07f3049deeb13d8a.jpg,DRIP,336,336,35,59,2340.0,42746.0,11564,33522,0.054741964160389275,0.06980490424199033
07f3049deeb13d8a.jpg,Fixed,336,336,35,57,3549.0,41145.0,11172,33522,0.08625592417061612,0.10587077143368534
0803b1d19fca84dd.jpg,DRIP,336,336,0,58,,,11368,0,,
0803b1d19fca84dd.jpg,Fixed,336,336,0,57,,,11172,0,,
080d54e0d5b0bb85.jpg,DRIP,336,336,4,58,2162.0,13443.0,11368,4237,0.1608271963103474,0.5102666981354732
080d54e0d5b0bb85.jpg,Fixed,336,336,4,57,508.0,14901.0,11172,4237,0.03409167169988592,0.11989615293839981
082d5ca9987693f3.jpg,DRIP,336,336,12,58,4972.0,22918.0,11368,16522,0.21694737760712104,0.3009320905459387
082d5ca9987693f3.jpg,Fixed,336,336,12,57,1270.0,26424.0,11172,16522,0.04806236754465637,0.0768672073598838
082e2e8813e673df.jpg,DRIP,336,336,3,58,968.0,12582.0,11368,2182,0.07693530440311556,0.44362969752520626
082e2e8813e673df.jpg,Fixed,336,336,3,57,179.0,13175.0,11172,2182,0.013586337760910816,0.08203483043079743
082f5ae635a90152.jpg,DRIP,336,336,2,59,1250.0,15646.0,11564,5332,0.07989262431292343,0.23443360840210054
082f5ae635a90152.jpg,Fixed,336,336,2,57,532.0,15972.0,11172,5332,0.03330828950663661,0.09977494373593399
0837dd5c9895cf65.jpg,DRIP,336,336,13,59,10209.0,88093.0,11564,86738,0.1158888901501822,0.11769927828633356
0837dd5c9895cf65.jpg,Fixed,336,336,13,57,8601.0,89309.0,11172,86738,0.0963060833734562,0.09916069081602066
083c02085e0eb939.jpg,DRIP,336,336,5,59,5112.0,28440.0,11564,21988,0.17974683544303796,0.23249044933600146
083c02085e0eb939.jpg,Fixed,336,336,5,57,2328.0,30832.0,11172,21988,0.0755059678256357,0.10587593232672367
08539f255801e98c.jpg,DRIP,336,336,1,59,191.0,12396.0,11564,1023,0.015408196192320103,0.18670576735092864
08539f255801e98c.jpg,Fixed,336,336,1,57,56.0,12139.0,11172,1023,0.004613230084850482,0.05474095796676442
0867d093240389ef.jpg,DRIP,336,336,5,59,4485.0,34117.0,11564,27038,0.13145938974704693,0.16587765367260893
0867d093240389ef.jpg,Fixed,336,336,5,57,2804.0,35406.0,11172,27038,0.0791956165621646,0.10370589540646498
0869ad20d3230712.jpg,DRIP,336,336,17,59,3457.0,22150.0,11564,14043,0.15607223476297968,0.24617247026988534
0869ad20d3230712.jpg,Fixed,336,336,17,57,1535.0,23680.0,11172,14043,0.06482263513513513,0.10930712810652994
0870b2b4e7309624.jpg,DRIP,336,336,9,58,2741.0,16303.0,11368,7676,0.16812856529473102,0.35708702449192287
0870b2b4e7309624.jpg,Fixed,336,336,9,57,896.0,17952.0,11172,7676,0.049910873440285206,0.1167274622199062
0894dfcf5b32a4be.jpg,DRIP,336,336,1,59,938.0,14298.0,11564,3672,0.06560358092040845,0.25544662309368193
0894dfcf5b32a4be.jpg,Fixed,336,336,1,57,0.0,14844.0,11172,3672,0.0,0.0
08a649660a0306c3.jpg,DRIP,336,336,1,59,146.0,11832.0,11564,414,0.012339418526031102,0.3526570048309179
08a649660a0306c3.jpg,Fixed,336,336,1,57,56.0,11530.0,11172,414,0.004856895056374675,0.13526570048309178
08a78728f5856899.jpg,DRIP,336,336,6,59,5272.0,24916.0,11564,18624,0.2115909455771392,0.28307560137457044
08a78728f5856899.jpg,Fixed,336,336,6,57,1761.0,28035.0,11172,18624,0.0628143392188336,0.09455541237113402
08b4949ae43dea95.jpg,DRIP,336,336,8,59,2476.0,17869.0,11564,8781,0.13856399350831047,0.2819724404965266
08b4949ae43dea95.jpg,Fixed,336,336,8,57,1008.0,18945.0,11172,8781,0.05320665083135392,0.11479330372394944
08b850040f18ae78.jpg,DRIP,336,336,3,59,1006.0,13139.0,11564,2581,0.07656594870233656,0.3897714064316157
08b850040f18ae78.jpg,Fixed,336,336,3,57,252.0,13501.0,11172,2581,0.01866528405303311,0.0976365749709415
08be3964ac87c44e.jpg,DRIP,336,336,21,59,1985.0,31962.0,11564,22383,0.062104999687128466,0.08868337577625877
08be3964ac87c44e.jpg,Fixed,336,336,21,57,2067.0,31488.0,11172,22383,0.06564405487804878,0.09234687039270875
08bf558ace20933b.jpg,DRIP,336,336,0,59,,,11564,0,,
08bf558ace20933b.jpg,Fixed,336,336,0,57,,,11172,0,,
08c1190e1a2f3d89.jpg,DRIP,336,336,1,58,684.0,11800.0,11368,1116,0.057966101694915256,0.6129032258064516
08c1190e1a2f3d89.jpg,Fixed,336,336,1,57,72.0,12216.0,11172,1116,0.005893909626719057,0.06451612903225806
08c93de3c999abe0.jpg,DRIP,336,336,9,58,2996.0,18994.0,11368,10622,0.1577340212698747,0.28205610996045943
08c93de3c999abe0.jpg,Fixed,336,336,9,57,1050.0,20744.0,11172,10622,0.05061704589278827,0.09885144040670307
08d54ce48aaed7ec.jpg,DRIP,336,336,25,59,3379.0,43682.0,11564,35497,0.07735451673458175,0.09519114291348564
08d54ce48aaed7ec.jpg,Fixed,336,336,25,57,3551.0,43118.0,11172,35497,0.08235539681803423,0.10003662281319547
08edcfe24b9ac578.jpg,DRIP,336,336,1,59,2170.0,20713.0,11564,11319,0.10476512335248395,0.191713048855906
08edcfe24b9ac578.jpg,Fixed,336,336,1,57,1225.0,21266.0,11172,11319,0.0576036866359447,0.10822510822510822
08ee5b07b308da8c.jpg,DRIP,336,336,10,58,147.0,25191.0,11368,13970,0.005835417410980112,0.01052254831782391
08ee5b07b308da8c.jpg,Fixed,336,336,10,57,1233.0,23909.0,11172,13970,0.05157053829102012,0.0882605583392985
0927336eea258d3e.jpg,DRIP,336,336,3,59,3780.0,17201.0,11564,9417,0.21975466542642869,0.40140172029308696
0927336eea258d3e.jpg,Fixed,336,336,3,57,1210.0,19379.0,11172,9417,0.06243872232829351,0.12849102686630562
09274cfc710a8764.jpg,DRIP,336,336,0,59,,,11564,0,,
09274cfc710a8764.jpg,Fixed,336,336,0,57,,,11172,0,,
0932b8849163d667.jpg,DRIP,336,336,8,59,3630.0,33024.0,11564,25090,0.10992005813953488,0.14467915504184933
0932b8849163d667.jpg,Fixed,336,336,8,57,2188.0,34074.0,11172,25090,0.06421318307213711,0.08720605819051415
0933f45a1da73085.jpg,DRIP,336,336,0,59,,,11564,0,,
0933f45a1da73085.jpg,Fixed,336,336,0,57,,,11172,0,,
09354acec4e65010.jpg,DRIP,336,336,1,59,882.0,12257.0,11564,1575,0.0719588806396345,0.56
09354acec4e65010.jpg,Fixed,336,336,1,57,196.0,12551.0,11172,1575,0.015616285554935862,0.12444444444444444
09374ceb971c63c6.jpg,DRIP,336,336,8,59,2849.0,20922.0,11564,12207,0.13617245005257625,0.23339067748013434
09374ceb971c63c6.jpg,Fixed,336,336,8,57,1141.0,22238.0,11172,12207,0.051308570914650596,0.09347095928565577
09522325600eae87.jpg,DRIP,336,336,6,59,3788.0,23711.0,11564,15935,0.1597570747754207,0.23771572011295888
09522325600eae87.jpg,Fixed,336,336,6,57,1505.0,25602.0,11172,15935,0.05878446996328412,0.09444618763727644
09562eaa8ca00eaf.jpg,DRIP,336,336,6,59,4122.0,54399.0,11564,46957,0.07577345171786246,0.08778243925293354
09562eaa8ca00eaf.jpg,Fixed,336,336,6,57,4660.0,53469.0,11172,46957,0.08715330378350072,0.09923972996571331
095c2c6b32ffa8d1.jpg,DRIP,336,336,1,59,456.0,11636.0,11564,528,0.03918872464764524,0.8636363636363636
095c2c6b32ffa8d1.jpg,Fixed,336,336,1,57,96.0,11604.0,11172,528,0.008273009307135471,0.18181818181818182
09633b5033c39b07.jpg,DRIP,336,336,2,59,574.0,13231.0,11564,2241,0.04338296425062354,0.25613565372601516
09633b5033c39b07.jpg,Fixed,336,336,2,57,168.0,13245.0,11172,2241,0.012684031710079275,0.0749665327978581
096c5a920933f198.jpg,DRIP,336,336,17,59,5893.0,59422.0,11564,53751,0.09917202382955807,0.1096351695782404
096c5a920933f198.jpg,Fixed,336,336,17,57,5326.0,59597.0,11172,53751,0.08936691444200212,0.0990865286227233
096fbf748b37cf7b.jpg,DRIP,336,336,0,58,,,11368,0,,
096fbf748b37cf7b.jpg,Fixed,336,336,0,57,,,11172,0,,
0974082246f31594.jpg,DRIP,336,336,8,58,108.0,16101.0,11368,4841,0.006707657909446618,0.022309440198306135
0974082246f31594.jpg,Fixed,336,336,8,57,446.0,15567.0,11172,4841,0.028650350099569604,0.09212972526337533
099d83e3f4c0f783.jpg,DRIP,336,336,6,59,1477.0,19182.0,11564,9095,0.07699927014909812,0.1623969213853766
099d83e3f4c0f783.jpg,Fixed,336,336,6,57,1246.0,19021.0,11172,9095,0.06550654539719257,0.13699835074216601
099edb8b52a7adbd.jpg,DRIP,336,336,20,58,2595.0,31038.0,11368,22265,0.08360719118499903,0.11655064001796542
099edb8b52a7adbd.jpg,Fixed,336,336,20,57,2320.0,31117.0,11172,22265,0.07455731593662628,0.10419941612396137
09a4873f981043ac.jpg,DRIP,336,336,7,58,4738.0,24860.0,11368,18230,0.19058728881737733,0.25990126165661
09a4873f981043ac.jpg,Fixed,336,336,7,57,1948.0,27454.0,11172,18230,0.07095505208712756,0.10685682940208448
09a49bc5cf58b847.jpg,DRIP,336,336,3,58,1122.0,12455.0,11368,2209,0.09008430349257326,0.507922136713445
09a49bc5cf58b847.jpg,Fixed,336,336,3,57,350.0,13031.0,11172,2209,0.02685902847057018,0.15844273426889996
09b6b0f5e77c1bde.jpg,DRIP,336,336,0,59,,,11564,0,,
09b6b0f5e77c1bde.jpg,Fixed,336,336,0,57,,,11172,0,,
09c0fa0cdd1d6a3f.jpg,DRIP,336,336,0,59,,,11564,0,,
09c0fa0cdd1d6a3f.jpg,Fixed,336,336,0,57,,,11172,0,,
09c6d3c9f9d9dce3.jpg,DRIP,336,336,3,59,3758.0,23943.0,11564,16137,0.15695610408052457,0.23288095680733717
09c6d3c9f9d9dce3.jpg,Fixed,336,336,3,57,1708.0,25601.0,11172,16137,0.06671614390062888,0.1058437132056764
09d87af81aa6b8cd.jpg,DRIP,336,336,5,59,2646.0,15600.0,11564,6682,0.1696153846153846,0.3959892247829991
09d87af81aa6b8cd.jpg,Fixed,336,336,5,57,736.0,17118.0,11172,6682,0.042995677065077696,0.11014666267584555
09da9293dfe128d3.jpg,DRIP,336,336,12,59,2585.0,16713.0,11564,7734,0.1546700173517621,0.3342384277217481
09da9293dfe128d3.jpg,Fixed,336,336,12,57,647.0,18259.0,11172,7734,0.03543458020702119,0.08365658132919576
09e15efd7a028959.jpg,DRIP,336,336,2,59,3851.0,15761.0,11564,8048,0.24433728824313178,0.47850397614314116
09e15efd7a028959.jpg,Fixed,336,336,2,57,803.0,18417.0,11172,8048,0.04360102079600369,0.09977634194831014
09ea9a1da7ee28e3.jpg,DRIP,336,336,4,58,1509.0,13316.0,11368,3457,0.11332231901471913,0.43650564072895576
09ea9a1da7ee28e3.jpg,Fixed,336,336,4,57,358.0,14271.0,11172,3457,0.025085838413565972,0.10355799826439109
09ee0248306a8342.jpg,DRIP,336,336,1,58,0.0,14484.0,11368,3116,0.0,0.0
09ee0248306a8342.jpg,Fixed,336,336,1,57,336.0,13952.0,11172,3116,0.02408256880733945,0.10783055198973042
0a011acfe30b66c0.jpg,DRIP,336,336,2,59,4616.0,22564.0,11564,15616,0.20457365715298706,0.29559426229508196
0a011acfe30b66c0.jpg,Fixed,336,336,2,57,1620.0,25168.0,11172,15616,0.0643674507310871,0.10373975409836066
0a1789cf1519aa0b.jpg,DRIP,336,336,2,59,112.0,23191.0,11564,11739,0.004829459704195593,0.009540846750149075
0a1789cf1519aa0b.jpg,Fixed,336,336,2,57,1274.0,21637.0,11172,11739,0.05888062115820123,0.10852713178294573
0a2e7e1ac12be6fe.jpg,DRIP,336,336,13,58,4513.0,34895.0,11368,28040,0.12933084969193295,0.16094864479315263
0a2e7e1ac12be6fe.jpg,Fixed,336,336,13,57,2902.0,36310.0,11172,28040,0.07992288625722942,0.10349500713266761
0a3a78a1db7b299b.jpg,DRIP,336,336,3,59,416.0,14214.0,11564,3066,0.02926691993808921,0.13568166992824526
0a3a78a1db7b299b.jpg,Fixed,336,336,3,57,246.0,13992.0,11172,3066,0.01758147512864494,0.08023483365949119
0a65ea998e489351.jpg,DRIP,336,336,6,59,8372.0,40721.0,11564,37529,0.205594165172761,0.22308081750113246
0a65ea998e489351.jpg,Fixed,336,336,6,57,3738.0,44963.0,11172,37529,0.08313502212930632,0.09960297370033841
0a760d8855369167.jpg,DRIP,336,336,2,58,2062.0,12162.0,11368,2856,0.1695444828153264,0.7219887955182073
0a760d8855369167.jpg,Fixed,336,336,2,57,225.0,13803.0,11172,2856,0.01630080417300587,0.07878151260504201
0a8200fed8113631.jpg,DRIP,336,336,2,59,1120.0,13846.0,11564,3402,0.08088978766430738,0.3292181069958848
0a8200fed8113631.jpg,Fixed,336,336,2,57,336.0,14238.0,11172,3402,0.02359882005899705,0.09876543209876543
0a87be85601d6fb5.jpg,DRIP,336,336,2,59,3218.0,12973.0,11564,4627,0.2480536498882294,0.6954830343635184
0a87be85601d6fb5.jpg,Fixed,336,336,2,57,588.0,15211.0,11172,4627,0.038656235618959964,0.12708018154311648
0a9e38ebdc5bbbf4.jpg,DRIP,336,336,2,58,1727.0,17133.0,11368,7492,0.1007996264518765,0.2305125467164976
0a9e38ebdc5bbbf4.jpg,Fixed,336,336,2,57,658.0,18006.0,11172,7492,0.036543374430745304,0.08782701548318206
0aaf4bf5749009f2.jpg,DRIP,336,336,1,58,271.0,11562.0,11368,465,0.023438851409790695,0.5827956989247312
0aaf4bf5749009f2.jpg,Fixed,336,336,1,57,70.0,11567.0,11172,465,0.0060516987983055244,0.15053763440860216
0ac5b4900fb6d221.jpg,DRIP,336,336,1,59,360.0,12257.0,11564,1053,0.02937097168964673,0.3418803418803419
0ac5b4900fb6d221.jpg,Fixed,336,336,1,57,42.0,12183.0,11172,1053,0.003447426742181729,0.039886039886039885
0ae356303ed275a6.jpg,DRIP,336,336,1,58,582.0,11458.0,11368,672,0.05079420492232501,0.8660714285714286
0ae356303ed275a6.jpg,Fixed,336,336,1,57,96.0,11748.0,11172,672,0.008171603677221655,0.14285714285714285
0af6f6c6d7aacd60.jpg,DRIP,336,336,0,59,,,11564,0,,
0af6f6c6d7aacd60.jpg,Fixed,336,336,0,57,,,11172,0,,
0affdf85ae6f4fa6.jpg,DRIP,336,336,1,59,541.0,11818.0,11564,795,0.04577762734811305,0.680503144654088
0affdf85ae6f4fa6.jpg,Fixed,336,336,1,57,44.0,11923.0,11172,795,0.003690346389331544,0.055345911949685536
0b17193c820ded62.jpg,DRIP,336,336,2,58,1790.0,13438.0,11368,3860,0.1332043458848043,0.4637305699481865
0b17193c820ded62.jpg,Fixed,336,336,2,57,378.0,14654.0,11172,3860,0.025795004776852735,0.09792746113989638
0b1b19c7ee063044.jpg,DRIP,336,336,1,59,32.0,11961.0,11564,429,0.002675361591840147,0.07459207459207459
0b1b19c7ee063044.jpg,Fixed,336,336,1,57,112.0,11489.0,11172,429,0.009748455043955087,0.26107226107226106
0b1b4f0d929b4ec3.jpg,DRIP,336,336,1,58,140.0,11593.0,11368,365,0.012076252911239541,0.3835616438356164
0b1b4f0d929b4ec3.jpg,Fixed,336,336,1,57,65.0,11472.0,11172,365,0.005665969316596932,0.1780821917808219
0b5acada7a520860.jpg,DRIP,336,336,3,59,6428.0,34557.0,11564,29421,0.18601151720346096,0.21848339621358892
0b5acada7a520860.jpg,Fixed,336,336,3,57,2786.0,37807.0,11172,29421,0.07369005739677838,0.09469426600047585
0b5e46166ce7de22.jpg,DRIP,336,336,3,59,664.0,13338.0,11564,2438,0.049782576098365575,0.2723543888433142
0b5e46166ce7de22.jpg,Fixed,336,336,3,57,476.0,13134.0,11172,2438,0.0362418151362875,0.19524200164068908
0b5fe5a1d237ac27.jpg,DRIP,336,336,2,59,3304.0,23093.0,11564,14833,0.14307365868444982,0.22274657857479943
0b5fe5a1d237ac27.jpg,Fixed,336,336,2,57,1578.0,24427.0,11172,14833,0.06460064682523438,0.10638441313287939
0b800f1cafabd16c.jpg,DRIP,336,336,0,59,,,11564,0,,
0b800f1cafabd16c.jpg,Fixed,336,336,0,57,,,11172,0,,
0b8c0c8f53304636.jpg,DRIP,336,336,12,59,351.0,23981.0,11564,12768,0.014636587298277803,0.0274906015037594
0b8c0c8f53304636.jpg,Fixed,336,336,12,57,1167.0,22773.0,11172,12768,0.051244895270715324,0.09140037593984962
0b8ccc48f8249011.jpg,DRIP,336,336,2,58,1834.0,12945.0,11368,3411,0.14167632290459636,0.5376722368806801
0b8ccc48f8249011.jpg,Fixed,336,336,2,57,336.0,14247.0,11172,3411,0.023583912402611075,0.09850483729111698
0b9a494c78985373.jpg,DRIP,336,336,9,58,3261.0,25411.0,11368,17304,0.12833025067883988,0.18845353675450763
0b9a494c78985373.jpg,Fixed,336,336,9,57,1607.0,26869.0,11172,17304,0.059808701477539174,0.09286870087840962
0b9d91fc5fe41d40.jpg,DRIP,336,336,0,58,,,11368,0,,
0b9d91fc5fe41d40.jpg,Fixed,336,336,0,57,,,11172,0,,
0bbf5bbf011d1aff.jpg,DRIP,336,336,4,58,315.0,18105.0,11368,7052,0.01739850869925435,0.04466817923993193
0bbf5bbf011d1aff.jpg,Fixed,336,336,4,57,728.0,17496.0,11172,7052,0.041609510745313216,0.10323312535450936
0bcbb7362e9f74a4.jpg,DRIP,336,336,1,59,1150.0,12295.0,11564,1881,0.09353395689304596,0.6113769271664008
0bcbb7362e9f74a4.jpg,Fixed,336,336,1,57,490.0,12563.0,11172,1881,0.03900342274934331,0.26049973418394473
0bd9b1ffd0939c77.jpg,DRIP,336,336,3,58,1200.0,16109.0,11368,5941,0.07449251970947918,0.20198619760983
0bd9b1ffd0939c77.jpg,Fixed,336,336,3,57,1066.0,16047.0,11172,5941,0.06642986227955382,0.17943107221006566
0be9be6930537bf8.jpg,DRIP,336,336,6,59,8722.0,83622.0,11564,80780,0.10430269546291646,0.10797227036395148
0be9be6930537bf8.jpg,Fixed,336,336,6,57,7812.0,84140.0,11172,80780,0.09284525790349418,0.09670710571923744
0bfd8d9d21774a40.jpg,DRIP,336,336,0,59,,,11564,0,,
0bfd8d9d21774a40.jpg,Fixed,336,336,0,57,,,11172,0,,
0c072bab03db743d.jpg,DRIP,336,336,4,59,3944.0,15090.0,11564,7470,0.26136514247846254,0.5279785809906292
0c072bab03db743d.jpg,Fixed,336,336,4,57,772.0,17870.0,11172,7470,0.04320089535534415,0.1033467202141901
0c07e2a99c5e169b.jpg,DRIP,336,336,0,58,,,11368,0,,
0c07e2a99c5e169b.jpg,Fixed,336,336,0,57,,,11172,0,,
0c0a22bfd0da315a.jpg,DRIP,336,336,13,59,4684.0,25196.0,11564,18316,0.1859025242101921,0.2557326927276698
0c0a22bfd0da315a.jpg,Fixed,336,336,13,57,1974.0,27514.0,11172,18316,0.07174529330522643,0.10777462328019217
0c0f40dde4a4e770.jpg,DRIP,336,336,3,59,618.0,12488.0,11564,1542,0.04948750800768738,0.40077821011673154
0c0f40dde4a4e770.jpg,Fixed,336,336,3,57,75.0,12639.0,11172,1542,0.0059340137669119395,0.048638132295719845
0c1b0e699f06697d.jpg,DRIP,336,336,2,58,7728.0,36568.0,11368,32928,0.2113323124042879,0.23469387755102042
0c1b0e699f06697d.jpg,Fixed,336,336,2,57,3136.0,40964.0,11172,32928,0.07655502392344497,0.09523809523809523
0c361d81cb133966.jpg,DRIP,336,336,36,59,3074.0,34112.0,11564,25622,0.09011491557223264,0.11997502146592771
0c361d81cb133966.jpg,Fixed,336,336,36,57,1992.0,34802.0,11172,25622,0.057238089764956035,0.07774568729997658
0c3db9bec09056a6.jpg,DRIP,336,336,8,58,1914.0,20648.0,11368,11194,0.09269662921348315,0.17098445595854922
0c3db9bec09056a6.jpg,Fixed,336,336,8,57,1218.0,21148.0,11172,11194,0.057594098732740684,0.10880829015544041
0c45409a7cc37e6d.jpg,DRIP,336,336,33,59,4843.0,35241.0,11564,28520,0.13742515819641896,0.16981065918653576
0c45409a7cc37e6d.jpg,Fixed,336,336,33,57,2857.0,36835.0,11172,28520,0.07756210126238632,0.10017531556802244
0c487825b9d232a2.jpg,DRIP,336,336,5,59,4410.0,31686.0,11564,24532,0.13917818594963074,0.17976520463068646
0c487825b9d232a2.jpg,Fixed,336,336,5,57,2570.0,33134.0,11172,24532,0.07756383171364761,0.10476112832219142
0c53666a50fad4c3.jpg,DRIP,336,336,2,59,28.0,15852.0,11564,4316,0.0017663386323492304,0.006487488415199258
0c53666a50fad4c3.jpg,Fixed,336,336,2,57,364.0,15124.0,11172,4316,0.02406770695583179,0.08433734939759036
0c679c45d63160da.jpg,DRIP,336,336,1,58,1568.0,14994.0,11368,5194,0.10457516339869281,0.3018867924528302
0c679c45d63160da.jpg,Fixed,336,336,1,57,630.0,15736.0,11172,5194,0.0400355871886121,0.12129380053908356
0c6811449009da07.jpg,DRIP,336,336,3,59,2828.0,16626.0,11564,7890,0.1700950318777818,0.35842839036755386
0c6811449009da07.jpg,Fixed,336,336,3,57,860.0,18202.0,11172,7890,0.04724755521371278,0.10899873257287707
0c7213bc3ba24e4e.jpg,DRIP,336,336,1,59,6496.0,48804.0,11564,43736,0.13310384394721744,0.14852752880921896
0c7213bc3ba24e4e.jpg,Fixed,336,336,1,57,4312.0,50596.0,11172,43736,0.08522412838959602,0.09859154929577464
0c79d14997de3e0e.jpg,DRIP,336,336,2,58,1022.0,14788.0,11368,4442,0.06911008926156342,0.23007654209815398
0c79d14997de3e0e.jpg,Fixed,336,336,2,57,640.0,14974.0,11172,4442,0.042740750634433014,0.14407924358397117
0c92b40f1cbcebca.jpg,DRIP,336,336,5,59,1912.0,19098.0,11564,9446,0.10011519530840926,0.20241372009316114
0c92b40f1cbcebca.jpg,Fixed,336,336,5,57,826.0,19792.0,11172,9446,0.04173403395311237,0.08744442091890747
0c9f6ea418ef845c.jpg,DRIP,336,336,2,58,2629.0,14606.0,11368,5867,0.17999452279884978,0.44809953979887507
0c9f6ea418ef845c.jpg,Fixed,336,336,2,57,706.0,16333.0,11172,5867,0.043225371946366255,0.12033407192773138
0ca52edcaf78bacd.jpg,DRIP,336,336,1,59,378.0,12984.0,11564,1798,0.02911275415896488,0.21023359288097887
0ca52edcaf78bacd.jpg,Fixed,336,336,1,57,160.0,12810.0,11172,1798,0.01249024199843872,0.08898776418242492
0ccb326b95b9f723.jpg,DRIP,336,336,7,59,2140.0,17386.0,11564,7962,0.12308754170021857,0.26877668927405174
0ccb326b95b9f723.jpg,Fixed,336,336,7,57,1430.0,17704.0,11172,7962,0.08077270673294171,0.17960311479527757
0ccc4008a5d288b7.jpg,DRIP,336,336,11,58,392.0,18417.0,11368,7441,0.021284682630178638,0.05268109125117592
0ccc4008a5d288b7.jpg,Fixed,336,336,11,57,854.0,17759.0,11172,7441,0.04808829325975562,0.1147695202257761
0ccda2c22084fa1b.jpg,DRIP,336,336,6,58,0.0,14705.0,11368,3337,0.0,0.0
0ccda2c22084fa1b.jpg,Fixed,336,336,6,57,339.0,14170.0,11172,3337,0.02392378263937897,0.10158825292178604
0cd2df8f20370a71.jpg,DRIP,336,336,3,58,0.0,12297.0,11368,929,0.0,0.0
0cd2df8f20370a71.jpg,Fixed,336,336,3,57,175.0,11926.0,11172,929,0.014673821901727318,0.1883745963401507
0cdeebede5b0ae90.jpg,DRIP,336,336,1,59,9156.0,42728.0,11564,40320,0.21428571428571427,0.22708333333333333
0cdeebede5b0ae90.jpg,Fixed,336,336,1,57,3948.0,47544.0,11172,40320,0.08303886925795052,0.09791666666666667
0ce9cc328b874813.jpg,DRIP,336,336,8,59,4522.0,17230.0,11564,10188,0.2624492164828787,0.44385551629367886
0ce9cc328b874813.jpg,Fixed,336,336,8,57,1069.0,20291.0,11172,10188,0.052683455719284414,0.10492736552807225
0cea2ec3b42a7e66.jpg,DRIP,336,336,1,58,672.0,25948.0,11368,15252,0.025897949745645136,0.044059795436664044
0cea2ec3b42a7e66.jpg,Fixed,336,336,1,57,1616.0,24808.0,11172,15252,0.06514027732989358,0.10595331759769211
0cf0e6eb33936e09.jpg,DRIP,336,336,3,58,446.0,12686.0,11368,1764,0.035156865836355036,0.2528344671201814
0cf0e6eb33936e09.jpg,Fixed,336,336,3,57,196.0,12740.0,11172,1764,0.015384615384615385,0.1111111111111111
0cf6d2c75944bfe7.jpg,DRIP,336,336,0,59,,,11564,0,,
0cf6d2c75944bfe7.jpg,Fixed,336,336,0,57,,,11172,0,,
0cfcc3e95732bf8d.jpg,DRIP,336,336,11,58,9492.0,88079.0,11368,86203,0.10776689108641106,0.11011217707040358
0cfcc3e95732bf8d.jpg,Fixed,336,336,11,57,8876.0,88499.0,11172,86203,0.1002949185866507,0.10296625407468418
0d1503073391e033.jpg,DRIP,336,336,3,58,914.0,13705.0,11368,3251,0.06669098869025902,0.2811442633035989
0d1503073391e033.jpg,Fixed,336,336,3,57,184.0,14239.0,11172,3251,0.01292225577638879,0.0565979698554291
0d199e9a75bee0ba.jpg,DRIP,336,336,7,59,3332.0,16170.0,11564,7938,0.20606060606060606,0.41975308641975306
0d199e9a75bee0ba.jpg,Fixed,336,336,7,57,603.0,18507.0,11172,7938,0.032582266169557464,0.07596371882086168
0d20d47e6e9cdfce.jpg,DRIP,336,336,4,59,4468.0,59936.0,11564,52840,0.07454618259476775,0.08455715367146101
0d20d47e6e9cdfce.jpg,Fixed,336,336,4,57,5199.0,58813.0,11172,52840,0.0883988233893867,0.09839137017411052
0d3dde7efae13592.jpg,DRIP,336,336,20,59,842.0,16899.0,11564,6177,0.04982543345760104,0.13631212562732717
0d3dde7efae13592.jpg,Fixed,336,336,20,57,625.0,16724.0,11172,6177,0.03737144223869888,0.10118180346446495
0d3eb38d0b288091.jpg,DRIP,336,336,3,58,3724.0,37373.0,11368,29729,0.099644128113879,0.12526489286555215
0d3eb38d0b288091.jpg,Fixed,336,336,3,57,3248.0,37653.0,11172,29729,0.08626138687488381,0.10925359076995526
0d48401e5648b1e9.jpg,DRIP,336,336,11,59,3063.0,19142.0,11564,10641,0.16001462752063525,0.28784888638285877
0d48401e5648b1e9.jpg,Fixed,336,336,11,57,909.0,20904.0,11172,10641,0.043484500574052815,0.08542430222723428
0d510e343e205774.jpg,DRIP,336,336,1,59,98.0,11732.0,11564,266,0.008353221957040573,0.3684210526315789
0d510e343e205774.jpg,Fixed,336,336,1,57,0.0,11438.0,11172,266,0.0,0.0
0d574ae2484df0e9.jpg,DRIP,336,336,3,58,3522.0,16991.0,11368,9145,0.20728621034665412,0.3851284855112083
0d574ae2484df0e9.jpg,Fixed,336,336,3,57,1000.0,19317.0,11172,9145,0.05176787285810426,0.10934937124111536
0d6143272f078726.jpg,DRIP,336,336,2,59,1900.0,16438.0,11564,6774,0.11558583769315002,0.28048420431059934
0d6143272f078726.jpg,Fixed,336,336,2,57,700.0,17246.0,11172,6774,0.04058912211527311,0.10333628579864186
0d61873b3bb7ce16.jpg,DRIP,336,336,2,59,1770.0,13529.0,11564,3735,0.13083006874122255,0.4738955823293173
0d61873b3bb7ce16.jpg,Fixed,336,336,2,57,424.0,14483.0,11172,3735,0.02927570254781468,0.11352074966532798
0d65fa2fd9ec877c.jpg,DRIP,336,336,4,58,715.0,12415.0,11368,1762,0.05759162303664921,0.405788876276958
0d65fa2fd9ec877c.jpg,Fixed,336,336,4,57,252.0,12682.0,11172,1762,0.019870682857593438,0.14301929625425652
0d6f40c60c794ece.jpg,DRIP,336,336,8,59,4493.0,28297.0,11564,21226,0.15878008269427854,0.2116743616319608
0d6f40c60c794ece.jpg,Fixed,336,336,8,57,1953.0,30445.0,11172,21226,0.06414846444407948,0.09200979930274192
0d6f54c1a331d990.jpg,DRIP,336,336,3,59,9086.0,62646.0,11564,60168,0.14503719311687896,0.15101050392235074
0d6f54c1a331d990.jpg,Fixed,336,336,3,57,5716.0,65624.0,11172,60168,0.0871022796537852,0.09500066480521208
0d751daf458c742e.jpg,DRIP,336,336,13,58,3171.0,33468.0,11368,25271,0.09474722122624597,0.12547979897906691
0d751daf458c742e.jpg,Fixed,336,336,13,57,2422.0,34021.0,11172,25271,0.07119132300637841,0.09584108266392308
0d79859306e692c2.jpg,DRIP,336,336,4,59,862.0,25948.0,11564,15246,0.033220286727300756,0.05653942017578381
0d79859306e692c2.jpg,Fixed,336,336,4,57,1383.0,25035.0,11172,15246,0.05524266027561414,0.09071231798504525
0d7bf8f2708b73ca.jpg,DRIP,336,336,4,59,2429.0,16110.0,11564,6975,0.15077591558038486,0.3482437275985663
0d7bf8f2708b73ca.jpg,Fixed,336,336,4,57,574.0,17573.0,11172,6975,0.03266374551869345,0.08229390681003584
0d82d144e4815c73.jpg,DRIP,336,336,3,58,812.0,15755.0,11368,5199,0.051539193906696285,0.15618388151567608
0d82d144e4815c73.jpg,Fixed,336,336,3,57,401.0,15970.0,11172,5199,0.025109580463368815,0.07713021734949028
0d8fb41664833550.jpg,DRIP,336,336,12,58,3691.0,25300.0,11368,17623,0.14588932806324112,0.20944220620779663
0d8fb41664833550.jpg,Fixed,336,336,12,57,1746.0,27049.0,11172,17623,0.06454952123923251,0.0990750723486353
0d8fe3efcd14ab81.jpg,DRIP,336,336,5,58,4547.0,18498.0,11368,11677,0.2458103578765272,0.3893979618052582
0d8fe3efcd14ab81.jpg,Fixed,336,336,5,57,1068.0,21781.0,11172,11677,0.049033561360819065,0.09146184807741714
0d9492d3a49fdb70.jpg,DRIP,336,336,0,58,,,11368,0,,
0d9492d3a49fdb70.jpg,Fixed,336,336,0,57,,,11172,0,,
0d9ef654c6e37918.jpg,DRIP,336,336,11,59,6088.0,32731.0,11564,27255,0.18600103877058446,0.22337185837461015
0d9ef654c6e37918.jpg,Fixed,336,336,11,57,2400.0,36027.0,11172,27255,0.06661670413856274,0.08805723720418272
0dc0a557f0995af8.jpg,DRIP,336,336,4,59,1549.0,12684.0,11564,2669,0.12212235887732577,0.5803671787186212
0dc0a557f0995af8.jpg,Fixed,336,336,4,57,241.0,13600.0,11172,2669,0.017720588235294116,0.09029599100786811
0dc142a12128b220.jpg,DRIP,336,336,7,58,5066.0,16563.0,11368,10261,0.3058624645293727,0.4937140629568268
0dc142a12128b220.jpg,Fixed,336,336,7,57,922.0,20511.0,11172,10261,0.044951489444688214,0.08985478998148329
0ddcea5af5b2fd8a.jpg,DRIP,336,336,0,59,,,11564,0,,
0ddcea5af5b2fd8a.jpg,Fixed,336,336,0,57,,,11172,0,,
0e0570926990696e.jpg,DRIP,336,336,3,59,5744.0,40818.0,11564,34998,0.14072223038855408,0.1641236642093834
0e0570926990696e.jpg,Fixed,336,336,3,57,3238.0,42932.0,11172,34998,0.07542159694400447,0.09251957254700269
0e0b23621899e4fd.jpg,DRIP,336,336,0,58,,,11368,0,,
0e0b23621899e4fd.jpg,Fixed,336,336,0,57,,,11172,0,,
0e2c30fdb640800e.jpg,DRIP,336,336,3,59,1076.0,12203.0,11564,1715,0.08817503892485454,0.6274052478134111
0e2c30fdb640800e.jpg,Fixed,336,336,3,57,104.0,12783.0,11172,1715,0.008135805366502385,0.060641399416909623
0e3431ee46f0b6c4.jpg,DRIP,336,336,0,59,,,11564,0,,
0e3431ee46f0b6c4.jpg,Fixed,336,336,0,57,,,11172,0,,
0e3cb83ebe023379.jpg,DRIP,336,336,2,59,1761.0,12614.0,11564,2811,0.13960678611067068,0.6264674493062967
0e3cb83ebe023379.jpg,Fixed,336,336,2,57,406.0,13577.0,11172,2811,0.02990351329454224,0.14443258626823194
0e74e435fca31ff0.jpg,DRIP,336,336,0,58,,,11368,0,,
0e74e435fca31ff0.jpg,Fixed,336,336,0,57,,,11172,0,,
0e935dc8bdd3a7ff.jpg,DRIP,336,336,1,58,865.0,12320.0,11368,1817,0.07021103896103896,0.4760594386351128
0e935dc8bdd3a7ff.jpg,Fixed,336,336,1,57,112.0,12877.0,11172,1817,0.008697678030597188,0.061640066042927905
0ea6ee71b645c098.jpg,DRIP,336,336,2,58,3007.0,17912.0,11368,9551,0.16787628405538188,0.31483614281227096
0ea6ee71b645c098.jpg,Fixed,336,336,2,57,878.0,19845.0,11172,9551,0.04424288233812043,0.0919275468537326
0ea805e477a62f48.jpg,DRIP,336,336,2,58,1470.0,12953.0,11368,3055,0.11348722303713425,0.48117839607201307
0ea805e477a62f48.jpg,Fixed,336,336,2,57,322.0,13905.0,11172,3055,0.023157137720244518,0.10540098199672668
0eaec11e9457642f.jpg,DRIP,336,336,6,59,1590.0,16078.0,11564,6104,0.09889289712650827,0.2604849279161206
0eaec11e9457642f.jpg,Fixed,336,336,6,57,595.0,16681.0,11172,6104,0.03566932438103231,0.09747706422018348
0eb568fd8064edc1.jpg,DRIP,336,336,3,59,8050.0,76713.0,11564,73199,0.10493658180490921,0.10997417997513627
0eb568fd8064edc1.jpg,Fixed,336,336,3,57,6916.0,77455.0,11172,73199,0.08929055580659738,0.09448216505689969
0eb6e18693f9a7d3.jpg,DRIP,336,336,2,58,28.0,12429.0,11368,1089,0.002252795880601818,0.025711662075298437
0eb6e18693f9a7d3.jpg,Fixed,336,336,2,57,168.0,12093.0,11172,1089,0.013892334408335401,0.15426997245179064
0ebbc5f4061f0d3b.jpg,DRIP,336,336,2,58,4956.0,25528.0,11368,19116,0.194139768097775,0.25925925925925924
0ebbc5f4061f0d3b.jpg,Fixed,336,336,2,57,1722.0,28566.0,11172,19116,0.06028145347616047,0.09008160703075957
0ebc11430fea1b7c.jpg,DRIP,336,336,1,58,1330.0,12638.0,11368,2600,0.10523817059661339,0.5115384615384615
0ebc11430fea1b7c.jpg,Fixed,336,336,1,57,196.0,13576.0,11172,2600,0.014437242192103713,0.07538461538461538
0ecb3363703fe67b.jpg,DRIP,336,336,0,59,,,11564,0,,
0ecb3363703fe67b.jpg,Fixed,336,336,0,57,,,11172,0,,
0ee10ec0ad8d63c2.jpg,DRIP,336,336,3,58,5460.0,38068.0,11368,32160,0.1434275506987496,0.16977611940298507
0ee10ec0ad8d63c2.jpg,Fixed,336,336,3,57,2650.0,40682.0,11172,32160,0.06513937367877685,0.08240049751243782
0ef6658f6d52d8f9.jpg,DRIP,336,336,8,59,2564.0,15145.0,11564,6145,0.1692967976229779,0.4172497965825875
0ef6658f6d52d8f9.jpg,Fixed,336,336,8,57,590.0,16727.0,11172,6145,0.0352723142225145,0.09601301871440195
0f27e48efe94b7a1.jpg,DRIP,336,336,4,59,977.0,15273.0,11564,4686,0.06396909578995613,0.20849338454972258
0f27e48efe94b7a1.jpg,Fixed,336,336,4,57,406.0,15452.0,11172,4686,0.026274915868495986,0.08664105847204438
0f3b20b73680a993.jpg,DRIP,336,336,2,58,2461.0,15051.0,11368,6144,0.16351073018404091,0.4005533854166667
0f3b20b73680a993.jpg,Fixed,336,336,2,57,700.0,16616.0,11172,6144,0.04212806933076553,0.11393229166666667
0f4168c753f5d333.jpg,DRIP,336,336,3,58,4030.0,13724.0,11368,6386,0.2936461672981638,0.6310679611650486
0f4168c753f5d333.jpg,Fixed,336,336,3,57,574.0,16984.0,11172,6386,0.033796514366462554,0.08988412151581585
0f4f428ec2fc6133.jpg,DRIP,336,336,1,59,180.0,12005.0,11564,621,0.014993752603082049,0.2898550724637681
0f4f428ec2fc6133.jpg,Fixed,336,336,1,57,0.0,11793.0,11172,621,0.0,0.0
0f509d64dd35f8b4.jpg,DRIP,336,336,0,58,,,11368,0,,
0f509d64dd35f8b4.jpg,Fixed,336,336,0,57,,,11172,0,,
0f579336d38fc032.jpg,DRIP,336,336,0,58,,,11368,0,,
0f579336d38fc032.jpg,Fixed,336,336,0,57,,,11172,0,,
0f93407aa9c41b11.jpg,DRIP,336,336,8,58,1630.0,38844.0,11368,29106,0.041962722685614254,0.05600219885934172
0f93407aa9c41b11.jpg,Fixed,336,336,8,57,3136.0,37142.0,11172,29106,0.08443271767810026,0.10774410774410774
0f960d238f151a0e.jpg,DRIP,336,336,2,59,1322.0,12870.0,11564,2628,0.10271950271950273,0.5030441400304414
0f960d238f151a0e.jpg,Fixed,336,336,2,57,104.0,13696.0,11172,2628,0.007593457943925234,0.0395738203957382
0fa8fa69288deb34.jpg,DRIP,336,336,13,59,2262.0,23483.0,11564,14181,0.09632500106459993,0.15950920245398773
0fa8fa69288deb34.jpg,Fixed,336,336,13,57,1583.0,23770.0,11172,14181,0.06659655027345393,0.11162823496227346
0fac95fc38242477.jpg,DRIP,336,336,9,59,997.0,17139.0,11564,6572,0.05817142190326157,0.15170419963481435
0fac95fc38242477.jpg,Fixed,336,336,9,57,746.0,16998.0,11172,6572,0.04388751617837393,0.11351186853317102
0fc422d0918bd8b4.jpg,DRIP,336,336,7,59,3772.0,21425.0,11564,13633,0.17605600933488916,0.2766815814567593
0fc422d0918bd8b4.jpg,Fixed,336,336,7,57,1323.0,23482.0,11172,13633,0.05634102716974704,0.09704393750458447
0fd18993117279a0.jpg,DRIP,336,336,3,58,753.0,12456.0,11368,1841,0.06045279383429673,0.40901683867463334
0fd18993117279a0.jpg,Fixed,336,336,3,57,118.0,12895.0,11172,1841,0.00915083365645599,0.06409560021727322
10165e8bac12b804.jpg,DRIP,336,336,1,59,7952.0,72543.0,11564,68931,0.1096177439587555,0.11536173855014435
10165e8bac12b804.jpg,Fixed,336,336,1,57,6720.0,73383.0,11172,68931,0.09157434283144597,0.09748879314096705
103ddd3064b59690.jpg,DRIP,336,336,3,59,815.0,14483.0,11564,3734,0.05627287164261548,0.21826459560792716
103ddd3064b59690.jpg,Fixed,336,336,3,57,430.0,14476.0,11172,3734,0.029704338214976513,0.11515800749866095
1057acabfa704a35.jpg,DRIP,336,336,4,58,4130.0,30144.0,11368,22906,0.13700902335456475,0.180302104252161
1057acabfa704a35.jpg,Fixed,336,336,4,57,2021.0,32057.0,11172,22906,0.06304395295879216,0.0882301580371955
105bb5dae2923dea.jpg,DRIP,336,336,3,59,578.0,12589.0,11564,1603,0.04591309873699261,0.3605739238927012
105bb5dae2923dea.jpg,Fixed,336,336,3,57,16.0,12759.0,11172,1603,0.0012540167724743318,0.009981285090455396
1063289460a573cb.jpg,DRIP,336,336,8,59,4816.0,19029.0,11564,12281,0.2530873929265857,0.3921504763455745
1063289460a573cb.jpg,Fixed,336,336,8,57,1008.0,22445.0,11172,12281,0.044909779460904437,0.0820780066769807
107b1376e761c8a4.jpg,DRIP,336,336,2,59,2369.0,23594.0,11564,14399,0.10040688310587438,0.16452531425793457
107b1376e761c8a4.jpg,Fixed,336,336,2,57,1413.0,24158.0,11172,14399,0.05848994122029969,0.09813181470935482
1092c1c869e413b4.jpg,DRIP,336,336,1,58,611.0,11368.0,11368,611,0.05374736101337087,1.0
1092c1c869e413b4.jpg,Fixed,336,336,1,57,56.0,11727.0,11172,611,0.004775304852050823,0.09165302782324058
10937c5b75fb5883.jpg,DRIP,336,336,1,59,1248.0,14089.0,11564,3773,0.08857974306196323,0.33077126954677977
10937c5b75fb5883.jpg,Fixed,336,336,1,57,252.0,14693.0,11172,3773,0.01715102429728442,0.06679035250463822
109f22b1cd336532.jpg,DRIP,336,336,7,59,5260.0,44430.0,11564,38126,0.1183884762547828,0.137963594397524
109f22b1cd336532.jpg,Fixed,336,336,7,57,3822.0,45476.0,11172,38126,0.08404433107573225,0.10024655091014006
10d38961aee4edff.jpg,DRIP,336,336,1,58,567.0,11732.0,11368,931,0.04832935560859188,0.6090225563909775
10d38961aee4edff.jpg,Fixed,336,336,1,57,168.0,11935.0,11172,931,0.01407624633431085,0.18045112781954886
10f50e9e1e2bacd3.jpg,DRIP,336,336,8,59,1383.0,17559.0,11564,7378,0.07876302750726123,0.18744917321767415
10f50e9e1e2bacd3.jpg,Fixed,336,336,8,57,856.0,17694.0,11172,7378,0.04837798123657737,0.11602060178910274
11074b77aed1e943.jpg,DRIP,336,336,6,59,4312.0,18102.0,11564,10850,0.23820572312451663,0.39741935483870966
11074b77aed1e943.jpg,Fixed,336,336,6,57,1078.0,20944.0,11172,10850,0.051470588235294115,0.09935483870967741
11187a50e7a54ce2.jpg,DRIP,336,336,8,59,4333.0,21721.0,11564,14490,0.19948436996455043,0.2990338164251208
11187a50e7a54ce2.jpg,Fixed,336,336,8,57,915.0,24747.0,11172,14490,0.03697417868832586,0.06314699792960662
112e8fc8497d808e.jpg,DRIP,336,336,0,58,,,11368,0,,
112e8fc8497d808e.jpg,Fixed,336,336,0,57,,,11172,0,,
113b424acb04ffc6.jpg,DRIP,336,336,12,59,3506.0,28766.0,11564,20708,0.12187999721893902,0.1693065481939347
113b424acb04ffc6.jpg,Fixed,336,336,12,57,1944.0,29936.0,11172,20708,0.06493853554249064,0.0938767626038246
114902a59f068716.jpg,DRIP,336,336,3,58,943.0,12979.0,11368,2554,0.07265582864627475,0.3692247454972592
114902a59f068716.jpg,Fixed,336,336,3,57,378.0,13348.0,11172,2554,0.028318849265807612,0.1480031323414252
114c05a6f656a6be.jpg,DRIP,336,336,13,59,2898.0,33486.0,11564,24820,0.08654363017380398,0.11676067687348912
114c05a6f656a6be.jpg,Fixed,336,336,13,57,2208.0,33784.0,11172,24820,0.065356381719157,0.08896051571313457
116a6eae4f120bac.jpg,DRIP,336,336,9,59,5092.0,25972.0,11564,19500,0.19605729246881257,0.2611282051282051
116a6eae4f120bac.jpg,Fixed,336,336,9,57,1661.0,29011.0,11172,19500,0.05725414497949054,0.08517948717948717
116c3847d6caa6d9.jpg,DRIP,336,336,0,59,,,11564,0,,
116c3847d6caa6d9.jpg,Fixed,336,336,0,57,,,11172,0,,
117fd3c394810a6c.jpg,DRIP,336,336,0,59,,,11564,0,,
117fd3c394810a6c.jpg,Fixed,336,336,0,57,,,11172,0,,
11887ea3372dd4c7.jpg,DRIP,336,336,0,59,,,11564,0,,
11887ea3372dd4c7.jpg,Fixed,336,336,0,57,,,11172,0,,
11a0cb82d540e869.jpg,DRIP,336,336,4,59,1476.0,15363.0,11564,5275,0.09607498535442296,0.2798104265402844
11a0cb82d540e869.jpg,Fixed,336,336,4,57,512.0,15935.0,11172,5275,0.032130530279259495,0.09706161137440758
11a4f113703d12b6.jpg,DRIP,336,336,16,59,2301.0,19762.0,11564,10499,0.11643558344297136,0.2191637298790361
11a4f113703d12b6.jpg,Fixed,336,336,16,57,794.0,20877.0,11172,10499,0.03803228433204004,0.07562625011905896
11a81896b5ae3248.jpg,DRIP,336,336,6,59,1837.0,13487.0,11564,3760,0.13620523467042336,0.48856382978723406
11a81896b5ae3248.jpg,Fixed,336,336,6,57,486.0,14446.0,11172,3760,0.03364253080437491,0.12925531914893618
11afa3b96187cd36.jpg,DRIP,336,336,0,58,,,11368,0,,
11afa3b96187cd36.jpg,Fixed,336,336,0,57,,,11172,0,,
11c07147c48757b5.jpg,DRIP,336,336,4,59,2653.0,20071.0,11564,11160,0.13218075830800657,0.23772401433691756
11c07147c48757b5.jpg,Fixed,336,336,4,57,1164.0,21168.0,11172,11160,0.054988662131519275,0.1043010752688172
11dc994846fa265f.jpg,DRIP,336,336,33,59,4974.0,35590.0,11564,29000,0.1397583590896319,0.17151724137931035
11dc994846fa265f.jpg,Fixed,336,336,33,57,2852.0,37320.0,11172,29000,0.07642015005359057,0.0983448275862069
12019be6cd2e1f7a.jpg,DRIP,336,336,4,58,226.0,16208.0,11368,5066,0.013943731490621915,0.044611133043821555
12019be6cd2e1f7a.jpg,Fixed,336,336,4,57,422.0,15816.0,11172,5066,0.026681841173495195,0.0833004342676668
121628f423c17de2.jpg,DRIP,336,336,0,59,,,11564,0,,
121628f423c17de2.jpg,Fixed,336,336,0,57,,,11172,0,,
121be81bc79332b5.jpg,DRIP,336,336,1,59,91.0,12278.0,11564,805,0.007411630558722919,0.11304347826086956
121be81bc79332b5.jpg,Fixed,336,336,1,57,154.0,11823.0,11172,805,0.013025458851391355,0.19130434782608696
121d24793f0ef1fd.jpg,DRIP,336,336,1,59,397.0,11662.0,11564,495,0.03404218830389299,0.802020202020202
121d24793f0ef1fd.jpg,Fixed,336,336,1,57,0.0,11667.0,11172,495,0.0,0.0
121fc92a340b4cee.jpg,DRIP,336,336,0,59,,,11564,0,,
121fc92a340b4cee.jpg,Fixed,336,336,0,57,,,11172,0,,
122cbbd1939a3797.jpg,DRIP,336,336,7,58,2515.0,23009.0,11368,14156,0.10930505454387414,0.17766318168974288
122cbbd1939a3797.jpg,Fixed,336,336,7,57,1358.0,23970.0,11172,14156,0.05665415102211097,0.09593105397004803
122f9b4a74a0c398.jpg,DRIP,336,336,2,59,1806.0,15774.0,11564,6016,0.11449220235831115,0.3001994680851064
122f9b4a74a0c398.jpg,Fixed,336,336,2,57,578.0,16610.0,11172,6016,0.034798314268512945,0.09607712765957446
124004bbd1b656be.jpg,DRIP,336,336,19,58,3590.0,26902.0,11368,19124,0.13344732733625753,0.18772223384229242
124004bbd1b656be.jpg,Fixed,336,336,19,57,2044.0,28252.0,11172,19124,0.07234886025768088,0.10688140556368961
124918575a43d2b8.jpg,DRIP,336,336,2,58,266.0,17643.0,11368,6541,0.015076800997562773,0.040666564745451765
124918575a43d2b8.jpg,Fixed,336,336,2,57,577.0,17136.0,11172,6541,0.033671802054154994,0.08821281149671303
12496b98644e047f.jpg,DRIP,336,336,0,59,,,11564,0,,
12496b98644e047f.jpg,Fixed,336,336,0,57,,,11172,0,,
125ddf42c7cbaa79.jpg,DRIP,336,336,1,59,3042.0,18290.0,11564,9768,0.16632039365773646,0.31142506142506143
125ddf42c7cbaa79.jpg,Fixed,336,336,1,57,1022.0,19918.0,11172,9768,0.05131037252736218,0.10462735462735463
1296e205c5b4aacb.jpg,DRIP,336,336,1,58,1848.0,19219.0,11368,9699,0.09615484676622092,0.19053510671203217
1296e205c5b4aacb.jpg,Fixed,336,336,1,57,955.0,19916.0,11172,9699,0.047951395862623016,0.09846375915042788
12b2042218a261bc.jpg,DRIP,336,336,0,59,,,11564,0,,
12b2042218a261bc.jpg,Fixed,336,336,0,57,,,11172,0,,
12bb5d3c6a36af9b.jpg,DRIP,336,336,3,59,2336.0,18418.0,11564,9190,0.12683244651970899,0.2541893362350381
12bb5d3c6a36af9b.jpg,Fixed,336,336,3,57,760.0,19602.0,11172,9190,0.03877155392306907,0.08269858541893363
12e144b15c6e881d.jpg,DRIP,336,336,0,58,,,11368,0,,
12e144b15c6e881d.jpg,Fixed,336,336,0,57,,,11172,0,,
12e6b81c081f5986.jpg,DRIP,336,336,3,58,6398.0,67130.0,11368,62160,0.09530761209593326,0.10292792792792793
12e6b81c081f5986.jpg,Fixed,336,336,3,57,6020.0,67312.0,11172,62160,0.0894342762063228,0.09684684684684684
1316eff499eb29d5.jpg,DRIP,336,336,1,59,672.0,12320.0,11564,1428,0.05454545454545454,0.47058823529411764
1316eff499eb29d5.jpg,Fixed,336,336,1,57,56.0,12544.0,11172,1428,0.004464285714285714,0.0392156862745098
1317085db38ff548.jpg,DRIP,336,336,1,58,1372.0,14556.0,11368,4560,0.09425666391865897,0.30087719298245613
1317085db38ff548.jpg,Fixed,336,336,1,57,420.0,15312.0,11172,4560,0.0274294670846395,0.09210526315789473
13269799692a228f.jpg,DRIP,336,336,1,59,364.0,12123.0,11564,923,0.030025571228243834,0.39436619718309857
13269799692a228f.jpg,Fixed,336,336,1,57,32.0,12063.0,11172,923,0.0026527397828069303,0.03466955579631636
13382af57189560d.jpg,DRIP,336,336,4,58,196.0,14969.0,11368,3797,0.01309372703587414,0.05161969976297077
13382af57189560d.jpg,Fixed,336,336,4,57,330.0,14639.0,11172,3797,0.022542523396406857,0.08691071898867526
13518248e1e47d2f.jpg,DRIP,336,336,0,59,,,11564,0,,
13518248e1e47d2f.jpg,Fixed,336,336,0,57,,,11172,0,,
135d8bdeb41c19e5.jpg,DRIP,336,336,0,59,,,11564,0,,
135d8bdeb41c19e5.jpg,Fixed,336,336,0,57,,,11172,0,,
135fb97b6e8984b6.jpg,DRIP,336,336,2,59,926.0,25357.0,11564,14719,0.03651851559727097,0.06291188260072016
135fb97b6e8984b6.jpg,Fixed,336,336,2,57,1750.0,24141.0,11172,14719,0.07249078331469284,0.11889394659963312
136c14e123c01b46.jpg,DRIP,336,336,0,59,,,11564,0,,
136c14e123c01b46.jpg,Fixed,336,336,0,57,,,11172,0,,
136e10aaaa4f8abd.jpg,DRIP,336,336,3,59,104.0,11748.0,11564,288,0.008852570650323459,0.3611111111111111
136e10aaaa4f8abd.jpg,Fixed,336,336,3,57,0.0,11460.0,11172,288,0.0,0.0
136e3b1d432576fc.jpg,DRIP,336,336,10,59,3536.0,33304.0,11564,25276,0.10617343262070622,0.13989555309384397
136e3b1d432576fc.jpg,Fixed,336,336,10,57,2582.0,33866.0,11172,25276,0.07624165830036024,0.10215223927836684
1377b5ee4ddd40ee.jpg,DRIP,336,336,5,59,1201.0,12691.0,11564,2328,0.09463399259317627,0.5158934707903781
1377b5ee4ddd40ee.jpg,Fixed,336,336,5,57,182.0,13318.0,11172,2328,0.013665715572908846,0.0781786941580756
1380c3cf575542ed.jpg,DRIP,336,336,0,59,,,11564,0,,
1380c3cf575542ed.jpg,Fixed,336,336,0,57,,,11172,0,,
13c68ea007ab318b.jpg,DRIP,336,336,2,58,1176.0,12282.0,11368,2090,0.09574987787005373,0.5626794258373206
13c68ea007ab318b.jpg,Fixed,336,336,2,57,420.0,12842.0,11172,2090,0.03270518610808285,0.20095693779904306
13e088e305f53117.jpg,DRIP,336,336,4,58,776.0,13137.0,11368,2545,0.05906980284692091,0.3049115913555992
13e088e305f53117.jpg,Fixed,336,336,4,57,238.0,13479.0,11172,2545,0.017657096223755473,0.09351669941060904
13e24130158243bb.jpg,DRIP,336,336,1,58,392.0,12791.0,11368,1815,0.030646548354311624,0.2159779614325069
13e24130158243bb.jpg,Fixed,336,336,1,57,226.0,12761.0,11172,1815,0.017710210798526763,0.12451790633608815
13e4fa74548b94bd.jpg,DRIP,336,336,7,59,1940.0,14425.0,11564,4801,0.13448873483535528,0.40408248281608
13e4fa74548b94bd.jpg,Fixed,336,336,7,57,430.0,15543.0,11172,4801,0.02766518690085569,0.08956467402624453
13e6ed67ec4567f5.jpg,DRIP,336,336,1,59,1792.0,15538.0,11564,5766,0.1153301583215343,0.3107873742629206
13e6ed67ec4567f5.jpg,Fixed,336,336,1,57,462.0,16476.0,11172,5766,0.028040786598689003,0.08012486992715921
13ff6bdce7db9094.jpg,DRIP,336,336,26,58,3765.0,37652.0,11368,30049,0.09999468819717412,0.12529535092681954
13ff6bdce7db9094.jpg,Fixed,336,336,26,57,2644.0,38577.0,11172,30049,0.06853824817896674,0.08798961695896702
1409961a28ec7db5.jpg,DRIP,336,336,2,59,4150.0,30072.0,11564,22658,0.1380021282255919,0.18315826639597493
1409961a28ec7db5.jpg,Fixed,336,336,2,57,2044.0,31786.0,11172,22658,0.06430503995469704,0.09021096301527054
140a32f183b3eba3.jpg,DRIP,336,336,0,59,,,11564,0,,
140a32f183b3eba3.jpg,Fixed,336,336,0,57,,,11172,0,,
140b8645b5e41a8a.jpg,DRIP,336,336,12,58,3406.0,19705.0,11368,11743,0.17284953057599595,0.29004513327088477
140b8645b5e41a8a.jpg,Fixed,336,336,12,57,1078.0,21837.0,11172,11743,0.04936575536932729,0.09179936983734992
14221cd00f847018.jpg,DRIP,336,336,0,59,,,11564,0,,
14221cd00f847018.jpg,Fixed,336,336,0,57,,,11172,0,,
1429effba967712d.jpg,DRIP,336,336,1,59,0.0,12019.0,11564,455,0.0,0.0
1429effba967712d.jpg,Fixed,336,336,1,57,28.0,11599.0,11172,455,0.0024140012070006035,0.06153846153846154
14448641b1f22bb2.jpg,DRIP,336,336,13,59,1721.0,15347.0,11564,5504,0.11213918029582329,0.31268168604651164
14448641b1f22bb2.jpg,Fixed,336,336,13,57,722.0,15954.0,11172,5504,0.045255108436755676,0.13117732558139536
1446039a7aed2bb7.jpg,DRIP,336,336,6,58,2427.0,26346.0,11368,17405,0.09212024595764062,0.13944268888250502
1446039a7aed2bb7.jpg,Fixed,336,336,6,57,1578.0,26999.0,11172,17405,0.05844660913367162,0.09066360241309969
14744f551dcff2b9.jpg,DRIP,336,336,48,59,3377.0,42959.0,11564,34772,0.07860983728671524,0.09711837110318647
14744f551dcff2b9.jpg,Fixed,336,336,48,57,3267.0,42677.0,11172,34772,0.07655177261756918,0.09395490624640515
14750cc81c71a100.jpg,DRIP,336,336,1,59,5684.0,26376.0,11564,20496,0.21549893842887474,0.2773224043715847
14750cc81c71a100.jpg,Fixed,336,336,1,57,1946.0,29722.0,11172,20496,0.06547338671691004,0.09494535519125682
147b722548e58937.jpg,DRIP,336,336,4,58,3131.0,17431.0,11368,9194,0.17962251161723367,0.3405481835979987
147b722548e58937.jpg,Fixed,336,336,4,57,1030.0,19336.0,11172,9194,0.05326851468762929,0.11202958451163803
14815716c92009db.jpg,DRIP,336,336,4,58,3744.0,26191.0,11368,18567,0.14294986827536177,0.20164808531265146
14815716c92009db.jpg,Fixed,336,336,4,57,1614.0,28125.0,11172,18567,0.05738666666666667,0.08692842139279366
14994837a2a688e0.jpg,DRIP,336,336,4,58,665.0,13449.0,11368,2746,0.04944605546880809,0.24217042971595049
14994837a2a688e0.jpg,Fixed,336,336,4,57,168.0,13750.0,11172,2746,0.012218181818181819,0.06117989803350328
14b934a7021b311a.jpg,DRIP,336,336,9,58,6034.0,30489.0,11368,25155,0.19790744202827248,0.239872788709998
14b934a7021b311a.jpg,Fixed,336,336,9,57,2148.0,34179.0,11172,25155,0.06284560695163698,0.08539057841383423
14e0ea396adc7cca.jpg,DRIP,336,336,4,58,183.0,14113.0,11368,2928,0.012966768227875009,0.0625
14e0ea396adc7cca.jpg,Fixed,336,336,4,57,342.0,13758.0,11172,2928,0.024858264282599216,0.1168032786885246
15028997a80e03d3.jpg,DRIP,336,336,0,59,,,11564,0,,
15028997a80e03d3.jpg,Fixed,336,336,0,57,,,11172,0,,
1513e33effd3e7ed.jpg,DRIP,336,336,0,59,,,11564,0,,
1513e33effd3e7ed.jpg,Fixed,336,336,0,57,,,11172,0,,
151baa8554a73267.jpg,DRIP,336,336,5,59,1597.0,14525.0,11564,4558,0.10994836488812393,0.35037297060114087
151baa8554a73267.jpg,Fixed,336,336,5,57,322.0,15408.0,11172,4558,0.020898234683281412,0.07064501974550241
1523442d50b91b10.jpg,DRIP,336,336,4,59,1680.0,14079.0,11564,4195,0.1193266567227786,0.40047675804529204
1523442d50b91b10.jpg,Fixed,336,336,4,57,519.0,14848.0,11172,4195,0.0349542025862069,0.12371871275327771
1523d69ea3411732.jpg,DRIP,336,336,2,58,3080.0,17765.0,11368,9477,0.17337461300309598,0.32499736203439905
1523d69ea3411732.jpg,Fixed,336,336,2,57,952.0,19697.0,11172,9477,0.04833223333502564,0.10045373008335971
1526520f65bff202.jpg,DRIP,336,336,4,59,7406.0,41827.0,11564,37669,0.1770626628732637,0.19660728981390532
1526520f65bff202.jpg,Fixed,336,336,4,57,3780.0,45061.0,11172,37669,0.08388628747697566,0.10034776606758873
152ae650714988a5.jpg,DRIP,336,336,0,59,,,11564,0,,
152ae650714988a5.jpg,Fixed,336,336,0,57,,,11172,0,,
152bd25b79642ed0.jpg,DRIP,336,336,4,59,4090.0,32696.0,11564,25222,0.1250917543430389,0.1621600190310047
152bd25b79642ed0.jpg,Fixed,336,336,4,57,2422.0,33972.0,11172,25222,0.07129400682915342,0.09602727777337246
15523c3d0bda6613.jpg,DRIP,336,336,0,59,,,11564,0,,
15523c3d0bda6613.jpg,Fixed,336,336,0,57,,,11172,0,,
155cc6d257b99e0a.jpg,DRIP,336,336,0,59,,,11564,0,,
155cc6d257b99e0a.jpg,Fixed,336,336,0,57,,,11172,0,,
1582ecaf88bcf8b8.jpg,DRIP,336,336,4,58,493.0,12841.0,11368,1966,0.0383926485476209,0.25076297049847407
1582ecaf88bcf8b8.jpg,Fixed,336,336,4,57,311.0,12827.0,11172,1966,0.02424573165978015,0.15818921668362157
1585cc71c6867751.jpg,DRIP,336,336,5,59,2174.0,24396.0,11564,15006,0.08911296933923595,0.1448753831800613
1585cc71c6867751.jpg,Fixed,336,336,5,57,1802.0,24376.0,11172,15006,0.07392517230062357,0.12008529921364787
1598ac1613e25ed4.jpg,DRIP,336,336,1,58,336.0,11653.0,11368,621,0.02883377670986012,0.5410628019323671
1598ac1613e25ed4.jpg,Fixed,336,336,1,57,14.0,11779.0,11172,621,0.0011885559045759402,0.02254428341384863
15a842e662f7b039.jpg,DRIP,336,336,0,58,,,11368,0,,
15a842e662f7b039.jpg,Fixed,336,336,0,57,,,11172,0,,
15bba876413769d2.jpg,DRIP,336,336,3,58,217.0,14975.0,11368,3824,0.014490818030050083,0.05674686192468619
15bba876413769d2.jpg,Fixed,336,336,3,57,244.0,14752.0,11172,3824,0.01654013015184382,0.06380753138075314
15e5f140920f0826.jpg,DRIP,336,336,6,58,6813.0,40160.0,11368,35605,0.16964641434262948,0.19134952956045498
15e5f140920f0826.jpg,Fixed,336,336,6,57,3366.0,43411.0,11172,35605,0.07753795121052268,0.09453728408931329
15f40b53304867ca.jpg,DRIP,336,336,1,59,420.0,12710.0,11564,1566,0.03304484657749803,0.2681992337164751
15f40b53304867ca.jpg,Fixed,336,336,1,57,182.0,12556.0,11172,1566,0.014495062121694807,0.11621966794380588
162cacdb3cd23d59.jpg,DRIP,336,336,4,58,1106.0,13002.0,11368,2740,0.08506383633287187,0.40364963503649637
162cacdb3cd23d59.jpg,Fixed,336,336,4,57,323.0,13589.0,11172,2740,0.023769225108543676,0.11788321167883212
1633f9f22f7b2d31.jpg,DRIP,336,336,2,59,5166.0,50542.0,11564,44144,0.1022120216849353,0.11702609641174339
1633f9f22f7b2d31.jpg,Fixed,336,336,2,57,4186.0,51130.0,11172,44144,0.08186974379033836,0.09482602392171076
1643223e99fad9fa.jpg,DRIP,336,336,4,58,1060.0,13769.0,11368,3461,0.07698453046699107,0.306269864201098
1643223e99fad9fa.jpg,Fixed,336,336,4,57,364.0,14269.0,11172,3461,0.0255098465204289,0.10517191563132043
164728075a91affa.jpg,DRIP,336,336,1,58,0.0,11725.0,11368,357,0.0,0.0
164728075a91affa.jpg,Fixed,336,336,1,57,0.0,11529.0,11172,357,0.0,0.0
16797ddc86499d77.jpg,DRIP,336,336,2,58,890.0,12491.0,11368,2013,0.07125130093667441,0.44212617983109787
16797ddc86499d77.jpg,Fixed,336,336,2,57,154.0,13031.0,11172,2013,0.011817972527050878,0.07650273224043716
167f14982f246c7c.jpg,DRIP,336,336,2,58,1988.0,16743.0,11368,7363,0.11873618825777937,0.2699986418579383
167f14982f246c7c.jpg,Fixed,336,336,2,57,636.0,17899.0,11172,7363,0.035532711324655006,0.08637783512155371
16800cb9cdbd89ed.jpg,DRIP,336,336,0,59,,,11564,0,,
16800cb9cdbd89ed.jpg,Fixed,336,336,0,57,,,11172,0,,
1690c0d20a42a7d8.jpg,DRIP,336,336,3,59,5040.0,21952.0,11564,15428,0.22959183673469388,0.32667876588021777
1690c0d20a42a7d8.jpg,Fixed,336,336,3,57,1753.0,24847.0,11172,15428,0.07055177687447177,0.11362457868809955
16a2efa447e3c7ed.jpg,DRIP,336,336,1,58,487.0,12042.0,11368,1161,0.04044178707855838,0.41946597760551246
16a2efa447e3c7ed.jpg,Fixed,336,336,1,57,6.0,12327.0,11172,1161,0.0004867364322219518,0.00516795865633075
16ad7f23bbf97510.jpg,DRIP,336,336,0,59,,,11564,0,,
16ad7f23bbf97510.jpg,Fixed,336,336,0,57,,,11172,0,,
16b21fa99bab05e5.jpg,DRIP,336,336,2,59,976.0,12643.0,11564,2055,0.0771968678320019,0.47493917274939174
16b21fa99bab05e5.jpg,Fixed,336,336,2,57,232.0,12995.0,11172,2055,0.01785302039245864,0.11289537712895377
16c12e0d27099899.jpg,DRIP,336,336,2,58,3306.0,33171.0,11368,25109,0.09966537035362213,0.13166593651678682
16c12e0d27099899.jpg,Fixed,336,336,2,57,2212.0,34069.0,11172,25109,0.06492705979042532,0.08809590186785615
16c541870771068e.jpg,DRIP,336,336,1,59,7784.0,53875.0,11564,50095,0.14448259860788862,0.15538476893901587
16c541870771068e.jpg,Fixed,336,336,1,57,4634.0,56633.0,11172,50095,0.08182508431479879,0.09250424194031341
16d43c53d4725200.jpg,DRIP,336,336,2,59,3179.0,19239.0,11564,10854,0.1652372784448256,0.29288741477796204
16d43c53d4725200.jpg,Fixed,336,336,2,57,1134.0,20892.0,11172,10854,0.05427914991384262,0.1044776119402985
16d7442d62141383.jpg,DRIP,336,336,6,59,1559.0,24446.0,11564,14441,0.06377321443180889,0.10795651270687626
16d7442d62141383.jpg,Fixed,336,336,6,57,1218.0,24395.0,11172,14441,0.04992826398852224,0.08434318952981096
16dc9c57eeb1b8f8.jpg,DRIP,336,336,8,58,4126.0,39159.0,11368,31917,0.10536530554917133,0.12927280132844565
16dc9c57eeb1b8f8.jpg,Fixed,336,336,8,57,3320.0,39769.0,11172,31917,0.08348210918051749,0.10401980135977693
16e11d9070162146.jpg,DRIP,336,336,0,59,,,11564,0,,
16e11d9070162146.jpg,Fixed,336,336,0,57,,,11172,0,,
16ea697926708698.jpg,DRIP,336,336,1,59,702.0,14012.0,11564,3150,0.050099914359120756,0.22285714285714286
16ea697926708698.jpg,Fixed,336,336,1,57,476.0,13846.0,11172,3150,0.034378159757330634,0.1511111111111111
16f467e6724072eb.jpg,DRIP,336,336,4,58,896.0,12859.0,11368,2387,0.06967882416984214,0.375366568914956
16f467e6724072eb.jpg,Fixed,336,336,4,57,280.0,13279.0,11172,2387,0.021085925144965736,0.11730205278592376
171f43c875d913b6.jpg,DRIP,336,336,5,59,1392.0,14114.0,11564,3942,0.09862547824854755,0.3531202435312024
171f43c875d913b6.jpg,Fixed,336,336,5,57,434.0,14680.0,11172,3942,0.029564032697547683,0.11009639776763064
173ec59258b40567.jpg,DRIP,336,336,2,59,308.0,17343.0,11564,6087,0.017759326529435508,0.05059963857401019
173ec59258b40567.jpg,Fixed,336,336,2,57,616.0,16643.0,11172,6087,0.037012557832121616,0.10119927714802038
174c9770bc42ddc6.jpg,DRIP,336,336,12,59,5292.0,52296.0,11564,46024,0.10119320789352915,0.1149834868764123
174c9770bc42ddc6.jpg,Fixed,336,336,12,57,4630.0,52566.0,11172,46024,0.08807974736521706,0.1005996871197636
17592424b0aa8930.jpg,DRIP,336,336,1,59,392.0,13837.0,11564,2665,0.028329840283298404,0.14709193245778612
17592424b0aa8930.jpg,Fixed,336,336,1,57,238.0,13599.0,11172,2665,0.01750128685932789,0.08930581613508443
1763135fd85e993d.jpg,DRIP,336,336,1,59,72.0,12051.0,11564,559,0.00597460791635549,0.12880143112701253
1763135fd85e993d.jpg,Fixed,336,336,1,57,84.0,11647.0,11172,559,0.0072121576371597836,0.15026833631484796
176e10f034dc294d.jpg,DRIP,336,336,2,59,186.0,11908.0,11564,530,0.01561975142761169,0.35094339622641507
176e10f034dc294d.jpg,Fixed,336,336,2,57,72.0,11630.0,11172,530,0.006190885640584695,0.13584905660377358
177df4b3ed04b320.jpg,DRIP,336,336,1,58,546.0,12397.0,11368,1575,0.044042913608131,0.3466666666666667
177df4b3ed04b320.jpg,Fixed,336,336,1,57,112.0,12635.0,11172,1575,0.00886426592797784,0.07111111111111111
178e3c5f3d9b34e2.jpg,DRIP,336,336,3,58,84.0,14040.0,11368,2756,0.005982905982905983,0.030478955007256895
178e3c5f3d9b34e2.jpg,Fixed,336,336,3,57,232.0,13696.0,11172,2756,0.016939252336448597,0.0841799709724238
17a12bb5286b1f9f.jpg,DRIP,336,336,1,59,551.0,11726.0,11564,713,0.046989595770083575,0.7727910238429172
17a12bb5286b1f9f.jpg,Fixed,336,336,1,57,56.0,11829.0,11172,713,0.004734127990531744,0.0785413744740533
17af356f6eae6f6c.jpg,DRIP,336,336,0,59,,,11564,0,,
17af356f6eae6f6c.jpg,Fixed,336,336,0,57,,,11172,0,,
17b0a237933d90c8.jpg,DRIP,336,336,14,59,3250.0,18747.0,11564,10433,0.17336107110471008,0.3115115498897728
17b0a237933d90c8.jpg,Fixed,336,336,14,57,1228.0,20377.0,11172,10433,0.06026402316337047,0.11770344100450493
17b543d8807270a2.jpg,DRIP,336,336,17,59,4822.0,36525.0,11564,29783,0.13201916495550992,0.16190444213141725
17b543d8807270a2.jpg,Fixed,336,336,17,57,2953.0,38002.0,11172,29783,0.07770643650334193,0.09915052210992849
17bc2f78adbaab7d.jpg,DRIP,336,336,13,59,2044.0,24508.0,11564,14988,0.08340133833850172,0.13637576728049106
17bc2f78adbaab7d.jpg,Fixed,336,336,13,57,1540.0,24620.0,11172,14988,0.06255077173030058,0.10274886575927408
17c0115aebed9d5d.jpg,DRIP,336,336,1,58,0.0,11989.0,11368,621,0.0,0.0
17c0115aebed9d5d.jpg,Fixed,336,336,1,57,112.0,11681.0,11172,621,0.009588220186627857,0.18035426731078905
17d04054ffd70261.jpg,DRIP,336,336,1,58,0.0,11823.0,11368,455,0.0,0.0
17d04054ffd70261.jpg,Fixed,336,336,1,57,0.0,11627.0,11172,455,0.0,0.0
17f184cad1ba4d19.jpg,DRIP,336,336,8,59,2710.0,16465.0,11564,7611,0.1645915578499848,0.3560635921692287
17f184cad1ba4d19.jpg,Fixed,336,336,8,57,640.0,18143.0,11172,7611,0.03527531279281265,0.0840888188148732
1807102148ab8667.jpg,DRIP,336,336,5,59,3860.0,15712.0,11564,8008,0.24567209775967414,0.482017982017982
1807102148ab8667.jpg,Fixed,336,336,5,57,734.0,18446.0,11172,8008,0.039791824785861435,0.09165834165834166
1810f6deb7184d5e.jpg,DRIP,336,336,2,59,3738.0,26851.0,11564,19025,0.13921269226472013,0.19647831800262813
1810f6deb7184d5e.jpg,Fixed,336,336,2,57,2002.0,28195.0,11172,19025,0.0710054974286221,0.1052299605781866
181f00d3ee2b2076.jpg,DRIP,336,336,0,58,,,11368,0,,
181f00d3ee2b2076.jpg,Fixed,336,336,0,57,,,11172,0,,
18425568d6047c4a.jpg,DRIP,336,336,8,59,7021.0,50094.0,11564,45551,0.14015650576915398,0.15413492568769072
18425568d6047c4a.jpg,Fixed,336,336,8,57,4041.0,52682.0,11172,45551,0.0767055161155613,0.08871374942372286
184d3e681aa3d556.jpg,DRIP,336,336,64,58,4720.0,55887.0,11368,49239,0.08445613470037755,0.09585897357785496
184d3e681aa3d556.jpg,Fixed,336,336,64,57,4810.0,55601.0,11172,49239,0.08650923544540566,0.0976867929892971
18592fd2037cb7cf.jpg,DRIP,336,336,3,59,5866.0,36640.0,11564,30942,0.16009825327510918,0.1895805054618318
18592fd2037cb7cf.jpg,Fixed,336,336,3,57,2822.0,39292.0,11172,30942,0.07182123587498727,0.09120289574041755
187a0ffb7d461f8c.jpg,DRIP,336,336,1,59,2664.0,16168.0,11564,7268,0.16476991588322612,0.36653824986241057
187a0ffb7d461f8c.jpg,Fixed,336,336,1,57,644.0,17796.0,11172,7268,0.036187907394920206,0.08860759493670886
188a12a06f4c60eb.jpg,DRIP,336,336,59,59,638.0,17018.0,11564,6092,0.03748971677047832,0.10472751149047932
188a12a06f4c60eb.jpg,Fixed,336,336,59,57,508.0,16756.0,11172,6092,0.030317498209596564,0.08338804990151018
18c576cb6d99662d.jpg,DRIP,336,336,5,58,3034.0,14690.0,11368,6356,0.2065350578624915,0.47734424166142225
18c576cb6d99662d.jpg,Fixed,336,336,5,57,794.0,16734.0,11172,6356,0.04744830883231744,0.12492133417243549
18ce8f16aa65d897.jpg,DRIP,336,336,1,59,914.0,12200.0,11564,1550,0.07491803278688525,0.5896774193548387
18ce8f16aa65d897.jpg,Fixed,336,336,1,57,156.0,12566.0,11172,1550,0.012414451695050135,0.10064516129032258
18d06cdc3aef9386.jpg,DRIP,336,336,8,59,1473.0,23954.0,11564,13863,0.06149286131752526,0.10625405756329799
18d06cdc3aef9386.jpg,Fixed,336,336,8,57,1303.0,23732.0,11172,13863,0.05490476993089499,0.09399119959604703
18f47403726698a7.jpg,DRIP,336,336,1,58,61.0,11670.0,11368,363,0.005227077977720651,0.16804407713498623
18f47403726698a7.jpg,Fixed,336,336,1,57,27.0,11508.0,11172,363,0.0023461939520333683,0.0743801652892562
190d115c6f68ca26.jpg,DRIP,336,336,2,59,5692.0,29543.0,11564,23671,0.19266831398300782,0.24046301381437202
190d115c6f68ca26.jpg,Fixed,336,336,2,57,2292.0,32551.0,11172,23671,0.07041258333077324,0.0968273414726881
19216f9956a62af4.jpg,DRIP,336,336,22,59,5491.0,42942.0,11564,36869,0.1278701504354711,0.14893270769481137
19216f9956a62af4.jpg,Fixed,336,336,22,57,2904.0,45137.0,11172,36869,0.06433746150608148,0.07876535843120236
1926cfc9165c9a9e.jpg,DRIP,336,336,0,59,,,11564,0,,
1926cfc9165c9a9e.jpg,Fixed,336,336,0,57,,,11172,0,,
192b2b724c91a183.jpg,DRIP,336,336,0,59,,,11564,0,,
192b2b724c91a183.jpg,Fixed,336,336,0,57,,,11172,0,,
193afa713a3261c8.jpg,DRIP,336,336,20,59,5847.0,36960.0,11564,31243,0.15819805194805195,0.18714592068623373
193afa713a3261c8.jpg,Fixed,336,336,20,57,3135.0,39280.0,11172,31243,0.07981160896130346,0.1003424767147841
193fa8fb37659465.jpg,DRIP,336,336,9,59,1952.0,15366.0,11564,5754,0.12703371079005596,0.3392422662495655
193fa8fb37659465.jpg,Fixed,336,336,9,57,541.0,16385.0,11172,5754,0.03301800427220018,0.09402155022592978
19a814bbda03f496.jpg,DRIP,336,336,4,59,1122.0,16010.0,11564,5568,0.07008119925046846,0.20150862068965517
19a814bbda03f496.jpg,Fixed,336,336,4,57,559.0,16181.0,11172,5568,0.034546690563005994,0.10039511494252873
19be5fa8ca794c00.jpg,DRIP,336,336,4,58,2618.0,16507.0,11368,7757,0.15859938208032956,0.3375016114477246
19be5fa8ca794c00.jpg,Fixed,336,336,4,57,784.0,18145.0,11172,7757,0.043207495177734916,0.10107000128915818
19c19861d0fa49b2.jpg,DRIP,336,336,6,58,1022.0,13606.0,11368,3260,0.0751139203292665,0.31349693251533745
19c19861d0fa49b2.jpg,Fixed,336,336,6,57,294.0,14138.0,11172,3260,0.02079502051209506,0.09018404907975461
19d7af71afd593a4.jpg,DRIP,336,336,3,58,112.0,12866.0,11368,1610,0.008705114254624592,0.06956521739130435
19d7af71afd593a4.jpg,Fixed,336,336,3,57,248.0,12534.0,11172,1610,0.019786181586085846,0.15403726708074533
19f3889aa7056ccb.jpg,DRIP,336,336,1,58,980.0,11921.0,11368,1533,0.08220786846741045,0.639269406392694
19f3889aa7056ccb.jpg,Fixed,336,336,1,57,196.0,12509.0,11172,1533,0.01566871852266368,0.1278538812785388
1a053f0aa7eb9c09.jpg,DRIP,336,336,16,59,5372.0,41727.0,11564,35535,0.12874158218899034,0.15117489798789926
1a053f0aa7eb9c09.jpg,Fixed,336,336,16,57,3105.0,43602.0,11172,35535,0.07121232970964635,0.08737864077669903
1a22c622b58e88eb.jpg,DRIP,336,336,0,59,,,11564,0,,
1a22c622b58e88eb.jpg,Fixed,336,336,0,57,,,11172,0,,
1a2ff55b5acc0bc9.jpg,DRIP,336,336,1,58,70.0,13586.0,11368,2288,0.005152362726335934,0.030594405594405596
1a2ff55b5acc0bc9.jpg,Fixed,336,336,1,57,196.0,13264.0,11172,2288,0.014776839565741858,0.08566433566433566
1a3f633876701162.jpg,DRIP,336,336,2,59,1049.0,12363.0,11564,1848,0.08484995551241609,0.5676406926406926
1a3f633876701162.jpg,Fixed,336,336,2,57,84.0,12936.0,11172,1848,0.006493506493506494,0.045454545454545456
1a41b139f2dfc507.jpg,DRIP,336,336,0,58,,,11368,0,,
1a41b139f2dfc507.jpg,Fixed,336,336,0,57,,,11172,0,,
1a6ac5286874b160.jpg,DRIP,336,336,0,59,,,11564,0,,
1a6ac5286874b160.jpg,Fixed,336,336,0,57,,,11172,0,,
1a77f252d4b2cec2.jpg,DRIP,336,336,15,59,7886.0,41188.0,11564,37510,0.19146353306788386,0.21023727006131698
1a77f252d4b2cec2.jpg,Fixed,336,336,15,57,3914.0,44768.0,11172,37510,0.08742852037169407,0.10434550786456945
1a79766429ca0bbf.jpg,DRIP,336,336,3,59,2002.0,16473.0,11564,6911,0.12153220421295453,0.28968311387642887
1a79766429ca0bbf.jpg,Fixed,336,336,3,57,742.0,17341.0,11172,6911,0.04278876650712185,0.10736507017797714
1a7d8713b01c1ed4.jpg,DRIP,336,336,3,58,1092.0,16051.0,11368,5775,0.0680331443523768,0.1890909090909091
1a7d8713b01c1ed4.jpg,Fixed,336,336,3,57,548.0,16399.0,11172,5775,0.03341667174827733,0.09489177489177489
1a8660659b3f4ac0.jpg,DRIP,336,336,1,58,4550.0,28763.0,11368,21945,0.15818934047213434,0.20733652312599682
1a8660659b3f4ac0.jpg,Fixed,336,336,1,57,1960.0,31157.0,11172,21945,0.06290721186250281,0.08931419457735247
1a8746200ed47472.jpg,DRIP,336,336,4,58,2940.0,36233.0,11368,27805,0.08114150084177407,0.10573637834921777
1a8746200ed47472.jpg,Fixed,336,336,4,57,3080.0,35897.0,11172,27805,0.08580104186979413,0.1107714439848948
1a8a818d9135b1f8.jpg,DRIP,336,336,2,58,5082.0,33101.0,11368,26815,0.15353010483066976,0.18952079060227484
1a8a818d9135b1f8.jpg,Fixed,336,336,2,57,2898.0,35089.0,11172,26815,0.08258998546553051,0.10807383926906582
1a8d4bedfde14995.jpg,DRIP,336,336,1,59,609.0,12530.0,11564,1575,0.04860335195530726,0.38666666666666666
1a8d4bedfde14995.jpg,Fixed,336,336,1,57,140.0,12607.0,11172,1575,0.01110494169905608,0.08888888888888889
1aa2ef4ecee9a6b7.jpg,DRIP,336,336,0,58,,,11368,0,,
1aa2ef4ecee9a6b7.jpg,Fixed,336,336,0,57,,,11172,0,,
1aa93961e64cf814.jpg,DRIP,336,336,7,59,2991.0,27454.0,11564,18881,0.1089458730968165,0.15841321963879032
1aa93961e64cf814.jpg,Fixed,336,336,7,57,2044.0,28009.0,11172,18881,0.07297654325395408,0.10825697791430539
1ab8100642c0e3c4.jpg,DRIP,336,336,4,58,532.0,13611.0,11368,2775,0.039086033355374326,0.19171171171171172
1ab8100642c0e3c4.jpg,Fixed,336,336,4,57,349.0,13598.0,11172,2775,0.025665539049860273,0.12576576576576576
1ace6efb1e3dd50f.jpg,DRIP,336,336,7,59,3386.0,16514.0,11564,8336,0.2050381494489524,0.40619001919385794
1ace6efb1e3dd50f.jpg,Fixed,336,336,7,57,809.0,18699.0,11172,8336,0.04326434568693513,0.0970489443378119
1ae183173bc07d8c.jpg,DRIP,336,336,16,59,2195.0,20160.0,11564,10791,0.10887896825396826,0.20341024928180892
1ae183173bc07d8c.jpg,Fixed,336,336,16,57,1044.0,20919.0,11172,10791,0.049906783307041444,0.09674728940783987
1ae5e91e25c37fc2.jpg,DRIP,336,336,0,59,,,11564,0,,
1ae5e91e25c37fc2.jpg,Fixed,336,336,0,57,,,11172,0,,
1aee501a75668a28.jpg,DRIP,336,336,14,59,3645.0,25281.0,11564,17362,0.14417942328230687,0.2099412510079484
1aee501a75668a28.jpg,Fixed,336,336,14,57,1386.0,27148.0,11172,17362,0.051053484602917344,0.07982951272894828
1af3bbec7f47fbc1.jpg,DRIP,336,336,1,58,1500.0,12288.0,11368,2420,0.1220703125,0.6198347107438017
1af3bbec7f47fbc1.jpg,Fixed,336,336,1,57,308.0,13284.0,11172,2420,0.02318578741342969,0.12727272727272726
1b28c6b52c4ce879.jpg,DRIP,336,336,7,59,5187.0,19843.0,11564,13466,0.26140200574509903,0.38519233625427
1b28c6b52c4ce879.jpg,Fixed,336,336,7,57,1460.0,23178.0,11172,13466,0.06299076710673915,0.10842120897074113
1b298b41ad5113a0.jpg,DRIP,336,336,6,58,1162.0,20469.0,11368,10263,0.05676877228980409,0.11322225470135439
1b298b41ad5113a0.jpg,Fixed,336,336,6,57,1215.0,20220.0,11172,10263,0.06008902077151335,0.11838643671441099
1b3c95d8cb764265.jpg,DRIP,336,336,8,59,5254.0,27136.0,11564,20826,0.19361733490566038,0.25228080284260057
1b3c95d8cb764265.jpg,Fixed,336,336,8,57,2278.0,29720.0,11172,20826,0.07664872139973082,0.10938250264092961
1b5672fadf307e88.jpg,DRIP,336,336,0,58,,,11368,0,,
1b5672fadf307e88.jpg,Fixed,336,336,0,57,,,11172,0,,
1b589cc296fa0e0a.jpg,DRIP,336,336,3,58,2142.0,24511.0,11368,15285,0.08738933540043246,0.14013738959764474
1b589cc296fa0e0a.jpg,Fixed,336,336,3,57,1316.0,25141.0,11172,15285,0.052344775466369675,0.08609748119070984
1b68fd0ad4949519.jpg,DRIP,336,336,3,59,2117.0,14590.0,11564,5143,0.1450993831391364,0.4116274547929224
1b68fd0ad4949519.jpg,Fixed,336,336,3,57,560.0,15755.0,11172,5143,0.035544271659790544,0.10888586428154773
1b7fb0afdbc30ad0.jpg,DRIP,336,336,1,59,1464.0,11639.0,11564,1539,0.12578400206203283,0.9512670565302144
1b7fb0afdbc30ad0.jpg,Fixed,336,336,1,57,196.0,12515.0,11172,1539,0.015661206552137433,0.12735542560103963
1b8ef0f31361caa8.jpg,DRIP,336,336,0,58,,,11368,0,,
1b8ef0f31361caa8.jpg,Fixed,336,336,0,57,,,11172,0,,
1b96513db165397f.jpg,DRIP,336,336,3,59,1048.0,12302.0,11564,1786,0.08518940009754511,0.5867861142217246
1b96513db165397f.jpg,Fixed,336,336,3,57,252.0,12706.0,11172,1786,0.019833149693058397,0.14109742441209405
1ba3c3ee3e337b63.jpg,DRIP,336,336,1,59,1246.0,13939.0,11564,3621,0.08938948274625153,0.344103838718586
1ba3c3ee3e337b63.jpg,Fixed,336,336,1,57,252.0,14541.0,11172,3621,0.017330307406643285,0.0695940347970174
1bb85f4bddce0ecc.jpg,DRIP,336,336,0,58,,,11368,0,,
1bb85f4bddce0ecc.jpg,Fixed,336,336,0,57,,,11172,0,,
1bc7681a45b589c2.jpg,DRIP,336,336,1,58,28.0,12006.0,11368,666,0.002332167249708479,0.042042042042042045
1bc7681a45b589c2.jpg,Fixed,336,336,1,57,112.0,11726.0,11172,666,0.009551424185570527,0.16816816816816818
1be77db0b0be9d65.jpg,DRIP,336,336,0,59,,,11564,0,,
1be77db0b0be9d65.jpg,Fixed,336,336,0,57,,,11172,0,,
1bf6d6786d6084e8.jpg,DRIP,336,336,12,59,6487.0,30486.0,11564,25409,0.21278619694285902,0.2553032390097997
1bf6d6786d6084e8.jpg,Fixed,336,336,12,57,2306.0,34275.0,11172,25409,0.06727935813274982,0.09075524420480932
1c2ef54c7711dc7b.jpg,DRIP,336,336,0,59,,,11564,0,,
1c2ef54c7711dc7b.jpg,Fixed,336,336,0,57,,,11172,0,,
1c419ba5057ba752.jpg,DRIP,336,336,6,58,4436.0,27167.0,11368,20235,0.1632863400449074,0.21922411662960217
1c419ba5057ba752.jpg,Fixed,336,336,6,57,2064.0,29343.0,11172,20235,0.0703404559860955,0.10200148257968866
1c41f90b6ec6d4b3.jpg,DRIP,336,336,1,58,224.0,13709.0,11368,2565,0.01633963089940915,0.08732943469785576
1c41f90b6ec6d4b3.jpg,Fixed,336,336,1,57,238.0,13499.0,11172,2565,0.0176309356248611,0.09278752436647174
1c43f6087c64dd3a.jpg,DRIP,336,336,0,59,,,11564,0,,
1c43f6087c64dd3a.jpg,Fixed,336,336,0,57,,,11172,0,,
1c49203f56e59476.jpg,DRIP,336,336,1,58,42.0,13021.0,11368,1695,0.0032255587128484755,0.024778761061946902
1c49203f56e59476.jpg,Fixed,336,336,1,57,98.0,12769.0,11172,1695,0.0076748374970632,0.05781710914454277
1c61d149b0916c55.jpg,DRIP,336,336,4,58,2797.0,18945.0,11368,10374,0.14763789918184217,0.26961634856371697
1c61d149b0916c55.jpg,Fixed,336,336,4,57,1039.0,20507.0,11172,10374,0.050665626371482905,0.1001542317331791
1c8548a47060eaf7.jpg,DRIP,336,336,4,59,4926.0,34275.0,11564,27637,0.1437199124726477,0.1782393168578355
1c8548a47060eaf7.jpg,Fixed,336,336,4,57,3068.0,35741.0,11172,27637,0.08583979183570689,0.11101060172956544
1cb540eb21d1389e.jpg,DRIP,336,336,4,58,,,11368,0,,
1cb540eb21d1389e.jpg,Fixed,336,336,4,57,,,11172,0,,
1cc318956b4e27ff.jpg,DRIP,336,336,0,58,,,11368,0,,
1cc318956b4e27ff.jpg,Fixed,336,336,0,57,,,11172,0,,
1cf91fe17df97c17.jpg,DRIP,336,336,3,59,714.0,11706.0,11564,856,0.06099436186570989,0.8341121495327103
1cf91fe17df97c17.jpg,Fixed,336,336,3,57,0.0,12028.0,11172,856,0.0,0.0
1d0c959cdfb5f87e.jpg,DRIP,336,336,0,59,,,11564,0,,
1d0c959cdfb5f87e.jpg,Fixed,336,336,0,57,,,11172,0,,
1d183fac7aec357b.jpg,DRIP,336,336,5,59,1444.0,15390.0,11564,5270,0.09382716049382717,0.27400379506641365
1d183fac7aec357b.jpg,Fixed,336,336,5,57,588.0,15854.0,11172,5270,0.037088431941465876,0.11157495256166983
1d354c0e6c7febdc.jpg,DRIP,336,336,0,59,,,11564,0,,
1d354c0e6c7febdc.jpg,Fixed,336,336,0,57,,,11172,0,,
1d3b2856f6220ba1.jpg,DRIP,336,336,2,59,3166.0,37297.0,11564,28899,0.08488618387537872,0.10955396380497595
1d3b2856f6220ba1.jpg,Fixed,336,336,2,57,2786.0,37285.0,11172,28899,0.07472173796432882,0.09640471988650126
1d45ebf17653be85.jpg,DRIP,336,336,2,58,1302.0,13099.0,11368,3033,0.09939690052675777,0.42927794263105834
1d45ebf17653be85.jpg,Fixed,336,336,2,57,320.0,13885.0,11172,3033,0.023046453006841917,0.10550609957138148
1d46aaad25ddca64.jpg,DRIP,336,336,2,58,236.0,15338.0,11368,4206,0.01538662146303299,0.05611031859248693
1d46aaad25ddca64.jpg,Fixed,336,336,2,57,420.0,14958.0,11172,4206,0.02807862013638187,0.09985734664764621
1d4a0f82dae4d4da.jpg,DRIP,336,336,4,59,1118.0,15842.0,11564,5396,0.07057189748769095,0.2071905114899926
1d4a0f82dae4d4da.jpg,Fixed,336,336,4,57,560.0,16008.0,11172,5396,0.03498250874562719,0.10378057820607858
1d4bcd032ff3f069.jpg,DRIP,336,336,1,58,1134.0,13564.0,11368,3330,0.08360365673842525,0.34054054054054056
1d4bcd032ff3f069.jpg,Fixed,336,336,1,57,252.0,14250.0,11172,3330,0.01768421052631579,0.07567567567567568
1d7ea4c8280768e2.jpg,DRIP,336,336,2,58,1665.0,13437.0,11368,3734,0.12391158740790355,0.4459025174076058
1d7ea4c8280768e2.jpg,Fixed,336,336,2,57,252.0,14654.0,11172,3734,0.017196669851235157,0.06748794858061061
1d8052e9f0072638.jpg,DRIP,336,336,0,59,,,11564,0,,
1d8052e9f0072638.jpg,Fixed,336,336,0,57,,,11172,0,,
1d9197504e228f43.jpg,DRIP,336,336,13,59,6621.0,62452.0,11564,57509,0.10601742137961954,0.11512980576953173
1d9197504e228f43.jpg,Fixed,336,336,13,57,5770.0,62911.0,11172,57509,0.09171686986377581,0.1003321219287416
1dc55e6bbee50cbc.jpg,DRIP,336,336,0,58,,,11368,0,,
1dc55e6bbee50cbc.jpg,Fixed,336,336,0,57,,,11172,0,,
1dfb0f4a97e80a90.jpg,DRIP,336,336,2,59,3388.0,20195.0,11564,12019,0.16776429809358753,0.28188701223063484
1dfb0f4a97e80a90.jpg,Fixed,336,336,2,57,1106.0,22085.0,11172,12019,0.05007923930269414,0.09202096680256261
1e2690388bd44e6c.jpg,DRIP,336,336,5,58,845.0,13459.0,11368,2936,0.0627832677019095,0.2878065395095368
1e2690388bd44e6c.jpg,Fixed,336,336,5,57,308.0,13800.0,11172,2936,0.022318840579710144,0.10490463215258855
1e405bd27f6d7e6e.jpg,DRIP,336,336,0,59,,,11564,0,,
1e405bd27f6d7e6e.jpg,Fixed,336,336,0,57,,,11172,0,,
1e668d5d0706c355.jpg,DRIP,336,336,0,58,,,11368,0,,
1e668d5d0706c355.jpg,Fixed,336,336,0,57,,,11172,0,,
1e7e3072ccb92457.jpg,DRIP,336,336,1,58,1041.0,12090.0,11368,1763,0.08610421836228288,0.5904707884288145
1e7e3072ccb92457.jpg,Fixed,336,336,1,57,204.0,12731.0,11172,1763,0.01602387872123164,0.11571185479296653
1e7f0ec1af5f7e90.jpg,DRIP,336,336,0,59,,,11564,0,,
1e7f0ec1af5f7e90.jpg,Fixed,336,336,0,57,,,11172,0,,
1e7f31fd2be304a6.jpg,DRIP,336,336,3,59,2490.0,16449.0,11564,7375,0.1513769834032464,0.3376271186440678
1e7f31fd2be304a6.jpg,Fixed,336,336,3,57,854.0,17693.0,11172,7375,0.04826767648222461,0.11579661016949153
1e829ff28332f23c.jpg,DRIP,336,336,2,59,3063.0,13640.0,11564,5139,0.22456011730205278,0.5960303561004087
1e829ff28332f23c.jpg,Fixed,336,336,2,57,474.0,15837.0,11172,5139,0.029929910967986362,0.09223584354932866
1e95ad3ac674bd2e.jpg,DRIP,336,336,3,58,530.0,13430.0,11368,2592,0.039463886820551006,0.2044753086419753
1e95ad3ac674bd2e.jpg,Fixed,336,336,3,57,308.0,13456.0,11172,2592,0.022889417360285373,0.11882716049382716
1ef1d7c251429099.jpg,DRIP,336,336,0,59,,,11564,0,,
1ef1d7c251429099.jpg,Fixed,336,336,0,57,,,11172,0,,
1ef8743670718aa2.jpg,DRIP,336,336,1,59,5502.0,22526.0,11564,16464,0.2442510876320696,0.33418367346938777
1ef8743670718aa2.jpg,Fixed,336,336,1,57,1876.0,25760.0,11172,16464,0.07282608695652174,0.11394557823129252
1f3374e1854b31ac.jpg,DRIP,336,336,0,59,,,11564,0,,
1f3374e1854b31ac.jpg,Fixed,336,336,0,57,,,11172,0,,
1f3559f9f45a1f1d.jpg,DRIP,336,336,9,59,4396.0,16846.0,11564,9678,0.2609521548141992,0.45422607976854723
1f3559f9f45a1f1d.jpg,Fixed,336,336,9,57,943.0,19907.0,11172,9678,0.04737027176370121,0.09743748708410829
1f4b22bc496f9fcc.jpg,DRIP,336,336,1,59,,,11564,0,,
1f4b22bc496f9fcc.jpg,Fixed,336,336,1,57,,,11172,0,,
1f54ecbe84b9805f.jpg,DRIP,336,336,10,59,5092.0,42021.0,11564,35549,0.12117750648485281,0.14323890967397113
1f54ecbe84b9805f.jpg,Fixed,336,336,10,57,3581.0,43140.0,11172,35549,0.08300880853036625,0.10073419786773186
1f58c90c26753850.jpg,DRIP,336,336,7,58,4753.0,36927.0,11368,30312,0.12871340753378288,0.15680258643441541
1f58c90c26753850.jpg,Fixed,336,336,7,57,3136.0,38348.0,11172,30312,0.0817774069051841,0.1034573766165215
1f69dac8cd1c4066.jpg,DRIP,336,336,3,58,325.0,12582.0,11368,1539,0.025830551581624544,0.2111760883690708
1f69dac8cd1c4066.jpg,Fixed,336,336,3,57,84.0,12627.0,11172,1539,0.006652411499168448,0.05458089668615984
1f73da0dee5318fe.jpg,DRIP,336,336,4,58,2630.0,27291.0,11368,18553,0.09636876625993918,0.14175605023446342
1f73da0dee5318fe.jpg,Fixed,336,336,4,57,1596.0,28129.0,11172,18553,0.056738597177290344,0.08602382364038161
1fa57dfbfb65a945.jpg,DRIP,336,336,2,58,1263.0,12518.0,11368,2413,0.10089471161527401,0.5234148363033568
1fa57dfbfb65a945.jpg,Fixed,336,336,2,57,326.0,13259.0,11172,2413,0.024587072931593634,0.13510153336096145
1fb5f886e2ecc46c.jpg,DRIP,336,336,2,58,5526.0,17917.0,11368,12075,0.3084221688898811,0.457639751552795
1fb5f886e2ecc46c.jpg,Fixed,336,336,2,57,994.0,22253.0,11172,12075,0.04466813463353256,0.08231884057971015
1fbb79265b1e90c2.jpg,DRIP,336,336,1,59,8.0,12816.0,11564,1260,0.0006242197253433209,0.006349206349206349
1fbb79265b1e90c2.jpg,Fixed,336,336,1,57,196.0,12236.0,11172,1260,0.016018306636155607,0.15555555555555556
1fe794789d502ff5.jpg,DRIP,336,336,1,59,,,11564,0,,
1fe794789d502ff5.jpg,Fixed,336,336,1,57,,,11172,0,,
1fec632a0f189f0c.jpg,DRIP,336,336,0,58,,,11368,0,,
1fec632a0f189f0c.jpg,Fixed,336,336,0,57,,,11172,0,,
1fff7c714e0e2307.jpg,DRIP,336,336,2,59,2632.0,16191.0,11564,7259,0.16255944660613922,0.36258437801350046
1fff7c714e0e2307.jpg,Fixed,336,336,2,57,690.0,17741.0,11172,7259,0.038892959810608196,0.09505441520870643
200abe02001a4c74.jpg,DRIP,336,336,8,58,1386.0,13538.0,11368,3556,0.10237849017580145,0.38976377952755903
200abe02001a4c74.jpg,Fixed,336,336,8,57,424.0,14304.0,11172,3556,0.0296420581655481,0.11923509561304838
200ba9ec8d4cf1ae.jpg,DRIP,336,336,0,58,,,11368,0,,
200ba9ec8d4cf1ae.jpg,Fixed,336,336,0,57,,,11172,0,,
200c68cea4db98eb.jpg,DRIP,336,336,1,59,80.0,11769.0,11564,285,0.006797518905599456,0.2807017543859649
200c68cea4db98eb.jpg,Fixed,336,336,1,57,72.0,11385.0,11172,285,0.006324110671936759,0.25263157894736843
2024b3909e39df00.jpg,DRIP,336,336,1,59,14.0,16240.0,11564,4690,0.0008620689655172414,0.0029850746268656717
2024b3909e39df00.jpg,Fixed,336,336,1,57,616.0,15246.0,11172,4690,0.04040404040404041,0.13134328358208955
20391a906b3856a9.jpg,DRIP,336,336,3,58,2278.0,14872.0,11368,5782,0.15317374932759548,0.3939813213420962
20391a906b3856a9.jpg,Fixed,336,336,3,57,608.0,16346.0,11172,5782,0.0371956441942983,0.10515392597717053
206a0f4f02499cdc.jpg,DRIP,336,336,0,59,,,11564,0,,
206a0f4f02499cdc.jpg,Fixed,336,336,0,57,,,11172,0,,
207a34bb119a0d1e.jpg,DRIP,336,336,5,58,1532.0,15596.0,11368,5760,0.09823031546550398,0.2659722222222222
207a34bb119a0d1e.jpg,Fixed,336,336,5,57,772.0,16160.0,11172,5760,0.04777227722772277,0.13402777777777777
20820b4e8131aa78.jpg,DRIP,336,336,1,59,2310.0,21341.0,11564,12087,0.10824235040532308,0.191114420451725
20820b4e8131aa78.jpg,Fixed,336,336,1,57,1134.0,22125.0,11172,12087,0.05125423728813559,0.09381980640357408
20864a669da54759.jpg,DRIP,336,336,11,58,4629.0,30952.0,11368,24213,0.14955414835874903,0.19117829265270722
20864a669da54759.jpg,Fixed,336,336,11,57,1946.0,33439.0,11172,24213,0.05819552020096295,0.08037004914715236
208f594f26d9d909.jpg,DRIP,336,336,2,59,574.0,14444.0,11564,3454,0.039739684297978396,0.16618413433700058
208f594f26d9d909.jpg,Fixed,336,336,2,57,308.0,14318.0,11172,3454,0.021511384271546304,0.08917197452229299
20999c3a9c2e6b08.jpg,DRIP,336,336,1,59,1496.0,12272.0,11564,2204,0.12190352020860495,0.6787658802177858
20999c3a9c2e6b08.jpg,Fixed,336,336,1,57,266.0,13110.0,11172,2204,0.020289855072463767,0.1206896551724138
20a25c9b8eb3cc50.jpg,DRIP,336,336,1,58,2856.0,13268.0,11368,4756,0.21525474826650587,0.6005046257359126
20a25c9b8eb3cc50.jpg,Fixed,336,336,1,57,392.0,15536.0,11172,4756,0.025231719876416064,0.08242220353238015
20b1edadc1543b65.jpg,DRIP,336,336,1,59,882.0,12152.0,11564,1470,0.07258064516129033,0.6
20b1edadc1543b65.jpg,Fixed,336,336,1,57,196.0,12446.0,11172,1470,0.015748031496062992,0.13333333333333333
20b4fd2a4da264c9.jpg,DRIP,336,336,0,58,,,11368,0,,
20b4fd2a4da264c9.jpg,Fixed,336,336,0,57,,,11172,0,,
20df057bfe0f01be.jpg,DRIP,336,336,2,59,730.0,12418.0,11564,1584,0.058785633757448864,0.46085858585858586
20df057bfe0f01be.jpg,Fixed,336,336,2,57,252.0,12504.0,11172,1584,0.02015355086372361,0.1590909090909091
20f0857cbe122052.jpg,DRIP,336,336,2,59,702.0,12107.0,11564,1245,0.05798298504997109,0.563855421686747
20f0857cbe122052.jpg,Fixed,336,336,2,57,112.0,12305.0,11172,1245,0.009101991060544493,0.08995983935742972
20f09fa1bd539bb2.jpg,DRIP,336,336,17,59,2953.0,22469.0,11564,13858,0.13142551960478882,0.2130899119642084
20f09fa1bd539bb2.jpg,Fixed,336,336,17,57,1375.0,23655.0,11172,13858,0.05812724582540689,0.09922066676288065
2109dd250058bfa9.jpg,DRIP,336,336,2,59,3947.0,42900.0,11564,35283,0.09200466200466201,0.11186690474166029
2109dd250058bfa9.jpg,Fixed,336,336,2,57,3214.0,43241.0,11172,35283,0.074327605744548,0.09109202732193974
21107b319561744c.jpg,DRIP,336,336,4,59,2259.0,14172.0,11564,4867,0.15939881456392888,0.46414629134990754
21107b319561744c.jpg,Fixed,336,336,4,57,486.0,15553.0,11172,4867,0.031247990741336076,0.09985617423464146
2112bb1e3d73eb01.jpg,DRIP,336,336,6,58,2012.0,16218.0,11368,6862,0.12405968676778888,0.293208976974643
2112bb1e3d73eb01.jpg,Fixed,336,336,6,57,805.0,17229.0,11172,6862,0.04672354750711011,0.11731273681142525
2112d352b15a2074.jpg,DRIP,336,336,4,58,0.0,16581.0,11368,5213,0.0,0.0
2112d352b15a2074.jpg,Fixed,336,336,4,57,588.0,15797.0,11172,5213,0.03722225739064379,0.11279493573757914
211563903b4782e4.jpg,DRIP,336,336,3,59,5180.0,24958.0,11564,18574,0.20754868178539948,0.2788844621513944
211563903b4782e4.jpg,Fixed,336,336,3,57,1752.0,27994.0,11172,18574,0.06258483960848753,0.09432540109830946
21403aae865540bd.jpg,DRIP,336,336,1,58,501.0,11587.0,11368,720,0.043238111676879264,0.6958333333333333
21403aae865540bd.jpg,Fixed,336,336,1,57,27.0,11865.0,11172,720,0.002275600505689001,0.0375
216dedb2135fb0bf.jpg,DRIP,336,336,1,59,1180.0,13265.0,11564,2881,0.0889558989822842,0.409580006942034
216dedb2135fb0bf.jpg,Fixed,336,336,1,57,336.0,13717.0,11172,2881,0.024495152001166434,0.1166261714682402
21760ff5ea1158ee.jpg,DRIP,336,336,0,59,,,11564,0,,
21760ff5ea1158ee.jpg,Fixed,336,336,0,57,,,11172,0,,
218416a29eba6cb0.jpg,DRIP,336,336,6,58,5292.0,32202.0,11368,26126,0.16433761878144215,0.20255683992957207
218416a29eba6cb0.jpg,Fixed,336,336,6,57,2380.0,34918.0,11172,26126,0.06815968841285297,0.0910969915027176
2184df2f818d655f.jpg,DRIP,336,336,0,59,,,11564,0,,
2184df2f818d655f.jpg,Fixed,336,336,0,57,,,11172,0,,
218505bf452b22e5.jpg,DRIP,336,336,3,58,2156.0,19601.0,11368,10389,0.10999438804142646,0.20752719222254307
218505bf452b22e5.jpg,Fixed,336,336,3,57,980.0,20581.0,11172,10389,0.04761673388076381,0.09433054191933776
2187559fe552e951.jpg,DRIP,336,336,2,58,770.0,15505.0,11368,4907,0.04966139954853273,0.15691868758915833
2187559fe552e951.jpg,Fixed,336,336,2,57,532.0,15547.0,11172,4907,0.034218820351193155,0.10841654778887304
2189b9d38ff97982.jpg,DRIP,336,336,7,59,5632.0,31627.0,11564,25695,0.17807569481771904,0.21918661218135824
2189b9d38ff97982.jpg,Fixed,336,336,7,57,1948.0,34919.0,11172,25695,0.055786248174346346,0.07581241486670559
218ce3ffe461b0c5.jpg,DRIP,336,336,1,59,9828.0,98726.0,11564,96990,0.0995482446366712,0.1013300340241262
218ce3ffe461b0c5.jpg,Fixed,336,336,1,57,9602.0,98560.0,11172,96990,0.09742288961038961,0.09899989689658728
21947330165b5c88.jpg,DRIP,336,336,0,58,,,11368,0,,
21947330165b5c88.jpg,Fixed,336,336,0,57,,,11172,0,,
219cd50efd600e86.jpg,DRIP,336,336,3,59,1196.0,12874.0,11564,2506,0.09290041945005437,0.4772545889864326
219cd50efd600e86.jpg,Fixed,336,336,3,57,179.0,13499.0,11172,2506,0.013260241499370324,0.07142857142857142
21a3dfada507c03d.jpg,DRIP,336,336,1,59,416.0,12138.0,11564,990,0.034272532542428735,0.4202020202020202
21a3dfada507c03d.jpg,Fixed,336,336,1,57,52.0,12110.0,11172,990,0.0042939719240297275,0.052525252525252523
21b828ce3b2974bc.jpg,DRIP,336,336,3,58,2388.0,13865.0,11368,4885,0.1722322394518572,0.4888433981576254
21b828ce3b2974bc.jpg,Fixed,336,336,3,57,436.0,15621.0,11172,4885,0.027911145253184815,0.08925281473899693
21c5dd1de2954ebc.jpg,DRIP,336,336,2,59,3553.0,31760.0,11564,23749,0.11187027707808564,0.14960629921259844
21c5dd1de2954ebc.jpg,Fixed,336,336,2,57,2422.0,32499.0,11172,23749,0.07452537001138497,0.10198324139963788
21f2209e5e4975fb.jpg,DRIP,336,336,3,59,2015.0,14893.0,11564,5344,0.1352984623648694,0.3770583832335329
21f2209e5e4975fb.jpg,Fixed,336,336,3,57,714.0,15802.0,11172,5344,0.04518415390456904,0.13360778443113772
22131589eb98127e.jpg,DRIP,336,336,5,59,1622.0,17742.0,11564,7800,0.09142148574005185,0.20794871794871794
22131589eb98127e.jpg,Fixed,336,336,5,57,882.0,18090.0,11172,7800,0.04875621890547264,0.11307692307692307
22155dc392f06ef2.jpg,DRIP,336,336,6,59,7106.0,43163.0,11564,38705,0.16463174478141002,0.18359385092365327
22155dc392f06ef2.jpg,Fixed,336,336,6,57,3934.0,45943.0,11172,38705,0.08562784319700499,0.10164061490763467
223514026649d937.jpg,DRIP,336,336,6,59,2473.0,18991.0,11564,9900,0.1302195776946975,0.2497979797979798
223514026649d937.jpg,Fixed,336,336,6,57,1090.0,19982.0,11172,9900,0.05454909418476629,0.1101010101010101
223c2f8ce268b778.jpg,DRIP,336,336,0,58,,,11368,0,,
223c2f8ce268b778.jpg,Fixed,336,336,0,57,,,11172,0,,
2242acae1e24ca18.jpg,DRIP,336,336,5,59,5084.0,21989.0,11564,15509,0.23120651234708264,0.327809658907731
2242acae1e24ca18.jpg,Fixed,336,336,5,57,1838.0,24843.0,11172,15509,0.07398462343517288,0.11851183183957702
2247449bdefb23d0.jpg,DRIP,336,336,1,59,190.0,11855.0,11564,481,0.016026992830029525,0.39501039501039503
2247449bdefb23d0.jpg,Fixed,336,336,1,57,64.0,11589.0,11172,481,0.005522478212097679,0.13305613305613306
2262bca4b9aee416.jpg,DRIP,336,336,2,59,483.0,12548.0,11564,1467,0.03849218999043672,0.3292433537832311
2262bca4b9aee416.jpg,Fixed,336,336,2,57,60.0,12579.0,11172,1467,0.004769854519437157,0.0408997955010225
22668e7f4a58d098.jpg,DRIP,336,336,1,59,780.0,15714.0,11564,4930,0.049637266132111495,0.15821501014198783
22668e7f4a58d098.jpg,Fixed,336,336,1,57,476.0,15626.0,11172,4930,0.03046205042877256,0.09655172413793103
226bd0e27df527b8.jpg,DRIP,336,336,0,59,,,11564,0,,
226bd0e27df527b8.jpg,Fixed,336,336,0,57,,,11172,0,,
2272b2e2b5df909f.jpg,DRIP,336,336,67,59,5332.0,46980.0,11564,40748,0.113495104299702,0.13085304800235595
2272b2e2b5df909f.jpg,Fixed,336,336,67,57,4309.0,47611.0,11172,40748,0.09050429522589318,0.10574752135074114
228740bb400b0b85.jpg,DRIP,336,336,1,59,2282.0,15618.0,11564,6336,0.14611345882955565,0.36016414141414144
228740bb400b0b85.jpg,Fixed,336,336,1,57,700.0,16808.0,11172,6336,0.041646834840552115,0.11047979797979798
22907eebf26f3304.jpg,DRIP,336,336,15,59,3844.0,22495.0,11564,14775,0.17088241831518114,0.26016920473773264
22907eebf26f3304.jpg,Fixed,336,336,15,57,1221.0,24726.0,11172,14775,0.04938121815093424,0.08263959390862945
22957f4d898674d5.jpg,DRIP,336,336,6,59,2927.0,20023.0,11564,11386,0.1461818908255506,0.25707008607061305
22957f4d898674d5.jpg,Fixed,336,336,6,57,1152.0,21406.0,11172,11386,0.05381668691021209,0.10117688389249956
22a20cd4025fc8a1.jpg,DRIP,336,336,9,59,5502.0,29515.0,11564,23453,0.186413687955277,0.23459685328103014
22a20cd4025fc8a1.jpg,Fixed,336,336,9,57,2254.0,32371.0,11172,23453,0.06963022458373236,0.09610710783268665
22a3a4bbb363fb59.jpg,DRIP,336,336,12,58,3957.0,45259.0,11368,37848,0.08743012439514793,0.10454977805960684
22a3a4bbb363fb59.jpg,Fixed,336,336,12,57,3276.0,45744.0,11172,37848,0.07161594963273872,0.0865567533291059
22ae1b7ce8d7d8cf.jpg,DRIP,336,336,6,59,2612.0,13874.0,11564,4922,0.1882658209600692,0.5306785859406745
22ae1b7ce8d7d8cf.jpg,Fixed,336,336,6,57,648.0,15446.0,11172,4922,0.04195260908973197,0.13165379926859
22b057c67ac3424a.jpg,DRIP,336,336,11,58,6355.0,32604.0,11368,27591,0.1949147343884186,0.23032873038309593
22b057c67ac3424a.jpg,Fixed,336,336,11,57,2342.0,36421.0,11172,27591,0.06430356113231378,0.0848827516219057
22f1c50a316b1532.jpg,DRIP,336,336,2,58,992.0,12908.0,11368,2532,0.07685156492097923,0.39178515007898895
22f1c50a316b1532.jpg,Fixed,336,336,2,57,280.0,13424.0,11172,2532,0.020858164481525627,0.11058451816745656
230a0d1914172390.jpg,DRIP,336,336,10,59,3437.0,40809.0,11564,32682,0.08422161778039158,0.10516492258735695
230a0d1914172390.jpg,Fixed,336,336,10,57,3377.0,40477.0,11172,32682,0.08343009610396028,0.10332904962976562
23183bf2db16d88c.jpg,DRIP,336,336,1,58,994.0,12781.0,11368,2407,0.07777169235584071,0.4129621936019942
23183bf2db16d88c.jpg,Fixed,336,336,1,57,308.0,13271.0,11172,2407,0.023208499736267048,0.12796011632737847
231f5ff43a61c155.jpg,DRIP,336,336,8,58,2814.0,37984.0,11368,29430,0.07408382476832351,0.09561671763506625
231f5ff43a61c155.jpg,Fixed,336,336,8,57,3060.0,37542.0,11172,29430,0.08150871024452613,0.10397553516819572
2346ce571a0f0d8b.jpg,DRIP,336,336,4,59,1764.0,22153.0,11564,12353,0.07962804134880151,0.14279932000323808
2346ce571a0f0d8b.jpg,Fixed,336,336,4,57,1288.0,22237.0,11172,12353,0.05792148221432747,0.10426617016109448
234f7bf1beaa0f4f.jpg,DRIP,336,336,1,58,980.0,20438.0,11368,10050,0.047949897250220176,0.09751243781094528
234f7bf1beaa0f4f.jpg,Fixed,336,336,1,57,938.0,20284.0,11172,10050,0.04624334450798659,0.09333333333333334
2355525b2c60eefe.jpg,DRIP,336,336,0,59,,,11564,0,,
2355525b2c60eefe.jpg,Fixed,336,336,0,57,,,11172,0,,
235e3feb178ed158.jpg,DRIP,336,336,4,59,374.0,14917.0,11564,3727,0.025072065428705503,0.10034880601019587
235e3feb178ed158.jpg,Fixed,336,336,4,57,364.0,14535.0,11172,3727,0.025042999656002752,0.09766568285484303
239ad3ea05915adc.jpg,DRIP,336,336,2,59,,,11564,0,,
239ad3ea05915adc.jpg,Fixed,336,336,2,57,,,11172,0,,
23aa67fffa5930eb.jpg,DRIP,336,336,0,59,,,11564,0,,
23aa67fffa5930eb.jpg,Fixed,336,336,0,57,,,11172,0,,
23b2e8a05f58b4c5.jpg,DRIP,336,336,5,59,3261.0,22305.0,11564,14002,0.14620040349697377,0.23289530067133266
23b2e8a05f58b4c5.jpg,Fixed,336,336,5,57,1172.0,24002.0,11172,14002,0.048829264227981,0.08370232823882302
23b808129d025f6d.jpg,DRIP,336,336,1,58,0.0,11768.0,11368,400,0.0,0.0
23b808129d025f6d.jpg,Fixed,336,336,1,57,0.0,11572.0,11172,400,0.0,0.0
23bba43be6924f6e.jpg,DRIP,336,336,6,59,1159.0,14354.0,11564,3949,0.08074404347220288,0.2934920232970372
23bba43be6924f6e.jpg,Fixed,336,336,6,57,376.0,14745.0,11172,3949,0.02550016954899966,0.09521397822233477
23bff5fa81c657ed.jpg,DRIP,336,336,9,58,3407.0,31909.0,11368,23948,0.10677238396690589,0.142266577584767
23bff5fa81c657ed.jpg,Fixed,336,336,9,57,2613.0,32507.0,11172,23948,0.08038268680591873,0.10911140805077668
23cac1d031dba9e7.jpg,DRIP,336,336,1,58,24.0,11989.0,11368,645,0.0020018350154308116,0.037209302325581395
23cac1d031dba9e7.jpg,Fixed,336,336,1,57,0.0,11817.0,11172,645,0.0,0.0
23da9883d8305f12.jpg,DRIP,336,336,4,59,4558.0,18304.0,11564,11298,0.24901660839160839,0.4034342361479908
23da9883d8305f12.jpg,Fixed,336,336,4,57,1078.0,21392.0,11172,11298,0.05039267015706806,0.09541511771995044
23df97d9ffa19a98.jpg,DRIP,336,336,5,58,2129.0,14165.0,11368,4926,0.15030003529827038,0.4321965083231831
23df97d9ffa19a98.jpg,Fixed,336,336,5,57,275.0,15823.0,11172,4926,0.01737976363521456,0.0558262281770199
23efbe1903549ada.jpg,DRIP,336,336,0,58,,,11368,0,,
23efbe1903549ada.jpg,Fixed,336,336,0,57,,,11172,0,,
23fb40cd560cf751.jpg,DRIP,336,336,0,59,,,11564,0,,
23fb40cd560cf751.jpg,Fixed,336,336,0,57,,,11172,0,,
2405190fb9ea8dd0.jpg,DRIP,336,336,2,58,339.0,11874.0,11368,845,0.02854977261243052,0.4011834319526627
2405190fb9ea8dd0.jpg,Fixed,336,336,2,57,224.0,11793.0,11172,845,0.018994318663614007,0.2650887573964497
2429c36cd49ddd03.jpg,DRIP,336,336,1,58,0.0,13201.0,11368,1833,0.0,0.0
2429c36cd49ddd03.jpg,Fixed,336,336,1,57,114.0,12891.0,11172,1833,0.00884337910169886,0.062193126022913256
24300d72296f30c8.jpg,DRIP,336,336,1,58,2212.0,13899.0,11368,4743,0.15914814015396792,0.4663714948344929
24300d72296f30c8.jpg,Fixed,336,336,1,57,476.0,15439.0,11172,4743,0.03083101237126757,0.1003584229390681
244c6e5f1e327cde.jpg,DRIP,336,336,5,59,5269.0,20630.0,11564,14335,0.2554047503635482,0.36756191140565053
244c6e5f1e327cde.jpg,Fixed,336,336,5,57,1516.0,23991.0,11172,14335,0.06319036305281148,0.10575514475061039
24534957f36e5a1c.jpg,DRIP,336,336,1,59,592.0,12747.0,11564,1775,0.04644230014905468,0.3335211267605634
24534957f36e5a1c.jpg,Fixed,336,336,1,57,196.0,12751.0,11172,1775,0.015371343424045173,0.1104225352112676
2455d8dfd884bdd7.jpg,DRIP,336,336,4,58,987.0,14322.0,11368,3941,0.0689149560117302,0.25044404973357015
2455d8dfd884bdd7.jpg,Fixed,336,336,4,57,318.0,14795.0,11172,3941,0.02149374788779993,0.08069018015732048
24679973c2d234c7.jpg,DRIP,336,336,1,59,,,11564,0,,
24679973c2d234c7.jpg,Fixed,336,336,1,57,,,11172,0,,
247a4afb4f0dcb95.jpg,DRIP,336,336,3,59,624.0,13774.0,11564,2834,0.045302744300856686,0.22018348623853212
247a4afb4f0dcb95.jpg,Fixed,336,336,3,57,425.0,13581.0,11172,2834,0.03129371916648259,0.14996471418489768
24b7d173b48481f8.jpg,DRIP,336,336,3,58,4956.0,22343.0,11368,15931,0.2218144385266079,0.3110915824493127
24b7d173b48481f8.jpg,Fixed,336,336,3,57,1708.0,25395.0,11172,15931,0.06725733412088994,0.10721235327349193
24c438f1db2149b5.jpg,DRIP,336,336,3,59,3192.0,15499.0,11564,7127,0.2059487708884444,0.447874280903606
24c438f1db2149b5.jpg,Fixed,336,336,3,57,644.0,17655.0,11172,7127,0.03647691871990937,0.09036060053318366
24ce32b304ba871f.jpg,DRIP,336,336,22,59,5161.0,33280.0,11564,26877,0.155078125,0.19202291922461584
24ce32b304ba871f.jpg,Fixed,336,336,22,57,2823.0,35226.0,11172,26877,0.08013966956225516,0.10503404397812256
24d284b9c7a013aa.jpg,DRIP,336,336,4,58,632.0,12393.0,11368,1657,0.05099653029936254,0.38141219070609533
24d284b9c7a013aa.jpg,Fixed,336,336,4,57,280.0,12549.0,11172,1657,0.022312534863335724,0.16898008449004223
24da153d756e9635.jpg,DRIP,336,336,3,58,1195.0,12891.0,11368,2718,0.09270033356605384,0.4396615158204562
24da153d756e9635.jpg,Fixed,336,336,3,57,106.0,13784.0,11172,2718,0.007690075449796866,0.03899926416482708
24ff7b14c346f28f.jpg,DRIP,336,336,0,59,,,11564,0,,
24ff7b14c346f28f.jpg,Fixed,336,336,0,57,,,11172,0,,
253ce117b74b1684.jpg,DRIP,336,336,2,58,612.0,12310.0,11368,1554,0.04971567831031681,0.3938223938223938
253ce117b74b1684.jpg,Fixed,336,336,2,57,38.0,12688.0,11172,1554,0.0029949558638083227,0.02445302445302445
25776b27892b7b6a.jpg,DRIP,336,336,0,59,,,11564,0,,
25776b27892b7b6a.jpg,Fixed,336,336,0,57,,,11172,0,,
25790662e38fa150.jpg,DRIP,336,336,3,59,2783.0,14530.0,11564,5749,0.1915347556779078,0.4840841885545312
25790662e38fa150.jpg,Fixed,336,336,3,57,728.0,16193.0,11172,5749,0.04495769777064164,0.12663071838580622
258a78bedd48d930.jpg,DRIP,336,336,5,58,996.0,12630.0,11368,2258,0.07885985748218527,0.44109831709477415
258a78bedd48d930.jpg,Fixed,336,336,5,57,165.0,13265.0,11172,2258,0.012438748586505842,0.07307351638618247
25954f3e51b7f233.jpg,DRIP,336,336,0,58,,,11368,0,,
25954f3e51b7f233.jpg,Fixed,336,336,0,57,,,11172,0,,
25aa0d5e189efd76.jpg,DRIP,336,336,1,58,1554.0,14518.0,11368,4704,0.10703953712632594,0.33035714285714285
25aa0d5e189efd76.jpg,Fixed,336,336,1,57,448.0,15428.0,11172,4704,0.029038112522686024,0.09523809523809523
25ad81da4cb9d105.jpg,DRIP,336,336,28,59,6925.0,38446.0,11564,33807,0.18012276959891796,0.20483923447806668
25ad81da4cb9d105.jpg,Fixed,336,336,28,57,3169.0,41810.0,11172,33807,0.0757952642908395,0.09373798325790517
25d0dfc975cbc3c1.jpg,DRIP,336,336,2,59,3187.0,18772.0,11564,10395,0.16977413168548902,0.3065897065897066
25d0dfc975cbc3c1.jpg,Fixed,336,336,2,57,942.0,20625.0,11172,10395,0.045672727272727275,0.09062049062049062
25eaf6800180b68c.jpg,DRIP,336,336,1,59,1288.0,12481.0,11564,2205,0.10319685922602355,0.5841269841269842
25eaf6800180b68c.jpg,Fixed,336,336,1,57,210.0,13167.0,11172,2205,0.01594896331738437,0.09523809523809523
25ee771fe04b07f3.jpg,DRIP,336,336,0,58,,,11368,0,,
25ee771fe04b07f3.jpg,Fixed,336,336,0,57,,,11172,0,,
2651395ff518a966.jpg,DRIP,336,336,2,59,280.0,12089.0,11564,805,0.023161551823972205,0.34782608695652173
2651395ff518a966.jpg,Fixed,336,336,2,57,0.0,11977.0,11172,805,0.0,0.0
26517c5bb9e56776.jpg,DRIP,336,336,1,58,0.0,13259.0,11368,1891,0.0,0.0
26517c5bb9e56776.jpg,Fixed,336,336,1,57,254.0,12809.0,11172,1891,0.019829807166835817,0.1343204653622422
2651e7d03036c28a.jpg,DRIP,336,336,7,58,1621.0,14073.0,11368,4326,0.11518510623179137,0.374711049468331
2651e7d03036c28a.jpg,Fixed,336,336,7,57,298.0,15200.0,11172,4326,0.019605263157894737,0.06888580674988443
2659571273d85bbd.jpg,DRIP,336,336,1,58,896.0,15923.0,11368,5451,0.056270803240595364,0.16437350944780774
2659571273d85bbd.jpg,Fixed,336,336,1,57,387.0,16236.0,11172,5451,0.02383592017738359,0.07099614749587231
26625b54a5b876fb.jpg,DRIP,336,336,11,58,2321.0,14241.0,11368,5194,0.16298012780001406,0.4468617635733539
26625b54a5b876fb.jpg,Fixed,336,336,11,57,504.0,15862.0,11172,5194,0.03177405119152692,0.09703504043126684
2663afe4fe59d645.jpg,DRIP,336,336,2,59,1113.0,14910.0,11564,4459,0.07464788732394366,0.24960753532182103
2663afe4fe59d645.jpg,Fixed,336,336,2,57,463.0,15168.0,11172,4459,0.030524789029535863,0.10383494056963445
266eae2b02331a87.jpg,DRIP,336,336,2,59,621.0,11588.0,11564,645,0.05358992060752502,0.9627906976744186
266eae2b02331a87.jpg,Fixed,336,336,2,57,86.0,11731.0,11172,645,0.007331003324524764,0.13333333333333333
26726e25ef9b30e7.jpg,DRIP,336,336,1,59,3718.0,22096.0,11564,14250,0.16826574945691528,0.2609122807017544
26726e25ef9b30e7.jpg,Fixed,336,336,1,57,1330.0,24092.0,11172,14250,0.055205047318611984,0.09333333333333334
2698cf2441670ca6.jpg,DRIP,336,336,7,59,6785.0,40227.0,11564,35448,0.16866781017724414,0.19140713157300834
2698cf2441670ca6.jpg,Fixed,336,336,7,57,3531.0,43089.0,11172,35448,0.08194666852328901,0.09961069735951253
26b61c42bfb9d9bc.jpg,DRIP,336,336,2,59,1778.0,13416.0,11564,3630,0.1325283243887895,0.48980716253443524
26b61c42bfb9d9bc.jpg,Fixed,336,336,2,57,350.0,14452.0,11172,3630,0.024218101300858014,0.09641873278236915
26ba1fea5cc85891.jpg,DRIP,336,336,1,58,1078.0,12845.0,11368,2555,0.08392370572207085,0.42191780821917807
26ba1fea5cc85891.jpg,Fixed,336,336,1,57,224.0,13503.0,11172,2555,0.01658890616899948,0.08767123287671233
26bcfd1e1a5a5d39.jpg,DRIP,336,336,22,59,5618.0,34724.0,11564,28778,0.1617901163460431,0.1952185697407742
26bcfd1e1a5a5d39.jpg,Fixed,336,336,22,57,2730.0,37220.0,11172,28778,0.07334766254701773,0.09486413232330253
26c304814f9fb605.jpg,DRIP,336,336,2,58,1414.0,14738.0,11368,4784,0.09594246166372643,0.2955685618729097
26c304814f9fb605.jpg,Fixed,336,336,2,57,480.0,15476.0,11172,4784,0.031015766347893513,0.10033444816053512
26c45671ee64aae1.jpg,DRIP,336,336,0,59,,,11564,0,,
26c45671ee64aae1.jpg,Fixed,336,336,0,57,,,11172,0,,
26cc94e8d52eef78.jpg,DRIP,336,336,4,58,1526.0,16033.0,11368,6191,0.09517869394374104,0.24648683572928445
26cc94e8d52eef78.jpg,Fixed,336,336,4,57,550.0,16813.0,11172,6191,0.032712781776006665,0.08883863673073816
26d9378d1d055421.jpg,DRIP,336,336,1,59,0.0,11837.0,11564,273,0.0,0.0
26d9378d1d055421.jpg,Fixed,336,336,1,57,56.0,11389.0,11172,273,0.004917025199754148,0.20512820512820512
26ed8c2b8053be22.jpg,DRIP,336,336,0,59,,,11564,0,,
26ed8c2b8053be22.jpg,Fixed,336,336,0,57,,,11172,0,,
270a22e754fc3db4.jpg,DRIP,336,336,0,58,,,11368,0,,
270a22e754fc3db4.jpg,Fixed,336,336,0,57,,,11172,0,,
270ee71a340f50e8.jpg,DRIP,336,336,0,58,,,11368,0,,
270ee71a340f50e8.jpg,Fixed,336,336,0,57,,,11172,0,,
271e79e3b6374e2d.jpg,DRIP,336,336,0,59,,,11564,0,,
271e79e3b6374e2d.jpg,Fixed,336,336,0,57,,,11172,0,,
2727f42deec9c31b.jpg,DRIP,336,336,11,58,1416.0,19004.0,11368,9052,0.07451062934119133,0.15642951833848873
2727f42deec9c31b.jpg,Fixed,336,336,11,57,992.0,19232.0,11172,9052,0.051580698835274545,0.1095890410958904
27330fcacb356566.jpg,DRIP,336,336,3,59,327.0,12977.0,11564,1740,0.025198427987978732,0.1879310344827586
27330fcacb356566.jpg,Fixed,336,336,3,57,220.0,12692.0,11172,1740,0.0173337535455405,0.12643678160919541
273a22536edd6601.jpg,DRIP,336,336,3,58,1125.0,15460.0,11368,5217,0.07276843467011643,0.21564117308798159
273a22536edd6601.jpg,Fixed,336,336,3,57,596.0,15793.0,11172,5217,0.03773823846007725,0.11424190147594403
276f611acc2dd305.jpg,DRIP,336,336,0,59,,,11564,0,,
276f611acc2dd305.jpg,Fixed,336,336,0,57,,,11172,0,,
277fb16e977e55db.jpg,DRIP,336,336,15,59,3012.0,22478.0,11564,13926,0.1339976866269241,0.21628608358466178
277fb16e977e55db.jpg,Fixed,336,336,15,57,1409.0,23689.0,11172,13926,0.0594790831187471,0.10117765331035473
2781f6e7914b94f4.jpg,DRIP,336,336,1,58,588.0,12040.0,11368,1260,0.04883720930232558,0.4666666666666667
2781f6e7914b94f4.jpg,Fixed,336,336,1,57,196.0,12236.0,11172,1260,0.016018306636155607,0.15555555555555556
279a2ceb9f66b515.jpg,DRIP,336,336,7,59,2303.0,14577.0,11564,5316,0.15798861219729712,0.43322046651617757
279a2ceb9f66b515.jpg,Fixed,336,336,7,57,410.0,16078.0,11172,5316,0.025500684164697102,0.07712565838976675
279b43525835aece.jpg,DRIP,336,336,9,59,2828.0,15521.0,11564,6785,0.1822047548482701,0.4168017686072218
279b43525835aece.jpg,Fixed,336,336,9,57,752.0,17205.0,11172,6785,0.043708224353385644,0.11083271923360354
27a334de63a58c5c.jpg,DRIP,336,336,6,59,693.0,14576.0,11564,3705,0.04754390779363337,0.18704453441295546
27a334de63a58c5c.jpg,Fixed,336,336,6,57,378.0,14499.0,11172,3705,0.0260707635009311,0.1020242914979757
27bd54a16593bd89.jpg,DRIP,336,336,1,59,0.0,11963.0,11564,399,0.0,0.0
27bd54a16593bd89.jpg,Fixed,336,336,1,57,0.0,11571.0,11172,399,0.0,0.0
27c06b3e25483ed7.jpg,DRIP,336,336,0,59,,,11564,0,,
27c06b3e25483ed7.jpg,Fixed,336,336,0,57,,,11172,0,,
27c16e037819a596.jpg,DRIP,336,336,0,58,,,11368,0,,
27c16e037819a596.jpg,Fixed,336,336,0,57,,,11172,0,,
27cd3c07c0c5ff46.jpg,DRIP,336,336,3,59,741.0,14269.0,11564,3446,0.05193075898801598,0.2150319210679048
27cd3c07c0c5ff46.jpg,Fixed,336,336,3,57,196.0,14422.0,11172,3446,0.013590348079323257,0.056877539175856064
280a48e4b41a043e.jpg,DRIP,336,336,1,59,224.0,12364.0,11564,1024,0.018117114202523456,0.21875
280a48e4b41a043e.jpg,Fixed,336,336,1,57,32.0,12164.0,11172,1024,0.0026307135810588623,0.03125
281b45bb46be691b.jpg,DRIP,336,336,0,59,,,11564,0,,
281b45bb46be691b.jpg,Fixed,336,336,0,57,,,11172,0,,
2824436037dbb694.jpg,DRIP,336,336,3,59,2450.0,19621.0,11564,10507,0.1248662147698894,0.23317788141239174
2824436037dbb694.jpg,Fixed,336,336,3,57,1190.0,20489.0,11172,10507,0.05807994533652203,0.11325782811459027
282aeaa6c802c517.jpg,DRIP,336,336,1,59,680.0,11955.0,11564,1071,0.056879966541196154,0.6349206349206349
282aeaa6c802c517.jpg,Fixed,336,336,1,57,42.0,12201.0,11172,1071,0.0034423407917383822,0.0392156862745098
2834c6da8de1d02c.jpg,DRIP,336,336,0,59,,,11564,0,,
2834c6da8de1d02c.jpg,Fixed,336,336,0,57,,,11172,0,,
28429e3df3abbe28.jpg,DRIP,336,336,7,59,2941.0,24376.0,11564,15753,0.1206514604529045,0.18669459785437695
28429e3df3abbe28.jpg,Fixed,336,336,7,57,1463.0,25462.0,11172,15753,0.05745817296363208,0.09287119913667238
2881d731e55ee507.jpg,DRIP,336,336,2,58,1553.0,12341.0,11368,2526,0.12584069362288308,0.614806017418844
2881d731e55ee507.jpg,Fixed,336,336,2,57,392.0,13306.0,11172,2526,0.029460393807304974,0.15518606492478226
288c5995ecf7188e.jpg,DRIP,336,336,6,58,2068.0,17945.0,11368,8645,0.11524101421008638,0.2392134181607866
288c5995ecf7188e.jpg,Fixed,336,336,6,57,590.0,19227.0,11172,8645,0.03068601445883393,0.06824754193175246
28965287b0087f08.jpg,DRIP,336,336,4,59,4611.0,25150.0,11564,18197,0.18333996023856858,0.2533934164972248
28965287b0087f08.jpg,Fixed,336,336,4,57,1260.0,28109.0,11172,18197,0.04482550072930378,0.06924218277738088
28c7083ce0f7608f.jpg,DRIP,336,336,12,59,1304.0,16124.0,11564,5864,0.08087323244852394,0.22237380627557982
28c7083ce0f7608f.jpg,Fixed,336,336,12,57,416.0,16620.0,11172,5864,0.02503008423586041,0.07094133697135062
28f229c738626467.jpg,DRIP,336,336,2,59,868.0,21054.0,11564,10358,0.041227320224185425,0.08379996138250627
28f229c738626467.jpg,Fixed,336,336,2,57,812.0,20718.0,11172,10358,0.039192972294623034,0.07839351226105426
2927086cd6ba2f8c.jpg,DRIP,336,336,11,59,3365.0,43547.0,11564,35348,0.07727283165315636,0.09519633359737467
2927086cd6ba2f8c.jpg,Fixed,336,336,11,57,3598.0,42922.0,11172,35348,0.08382647593308792,0.10178793708272038
294d71aafff175b5.jpg,DRIP,336,336,8,58,8.0,12271.0,11368,911,0.0006519436068780051,0.008781558726673985
294d71aafff175b5.jpg,Fixed,336,336,8,57,204.0,11879.0,11172,911,0.01717316272413503,0.2239297475301866
297e957b5d644e9d.jpg,DRIP,336,336,5,59,4892.0,43288.0,11564,36616,0.11301053409720939,0.13360279659165392
297e957b5d644e9d.jpg,Fixed,336,336,5,57,3944.0,43844.0,11172,36616,0.08995529604963051,0.10771247542058117
2986fd7e368ba4b6.jpg,DRIP,336,336,1,59,2954.0,15568.0,11564,6958,0.18974820143884893,0.4245472837022133
2986fd7e368ba4b6.jpg,Fixed,336,336,1,57,462.0,17668.0,11172,6958,0.026148969889064975,0.06639839034205232
29ac45d489429cf9.jpg,DRIP,336,336,11,59,2762.0,17381.0,11564,8579,0.15890915367355157,0.3219489450984963
29ac45d489429cf9.jpg,Fixed,336,336,11,57,1010.0,18741.0,11172,8579,0.05389253508350675,0.1177293390838093
29b294b7702266b5.jpg,DRIP,336,336,17,59,577.0,13997.0,11564,3010,0.04122311923983711,0.19169435215946845
29b294b7702266b5.jpg,Fixed,336,336,17,57,403.0,13779.0,11172,3010,0.029247405472095218,0.13388704318936878
29cc685993149e79.jpg,DRIP,336,336,4,59,3256.0,20044.0,11564,11736,0.16244262622231093,0.2774369461486026
29cc685993149e79.jpg,Fixed,336,336,4,57,1288.0,21620.0,11172,11736,0.059574468085106386,0.10974778459441036
29ccc9eadaac2dea.jpg,DRIP,336,336,1,59,1084.0,12407.0,11564,1927,0.0873700330458612,0.5625324338349766
29ccc9eadaac2dea.jpg,Fixed,336,336,1,57,164.0,12935.0,11172,1927,0.012678778507924237,0.0851063829787234
29d786c10f5ce62a.jpg,DRIP,336,336,6,59,8594.0,44693.0,11564,41723,0.19228962029848073,0.2059775183951298
29d786c10f5ce62a.jpg,Fixed,336,336,6,57,4368.0,48527.0,11172,41723,0.09001174603828796,0.10469045850010786
29f1df6c02b77177.jpg,DRIP,336,336,0,59,,,11564,0,,
29f1df6c02b77177.jpg,Fixed,336,336,0,57,,,11172,0,,
2a00cd44e41a590e.jpg,DRIP,336,336,0,59,,,11564,0,,
2a00cd44e41a590e.jpg,Fixed,336,336,0,57,,,11172,0,,
2a28186bcc0dfb80.jpg,DRIP,336,336,1,59,333.0,12115.0,11564,884,0.027486586875773836,0.3766968325791855
2a28186bcc0dfb80.jpg,Fixed,336,336,1,57,95.0,11961.0,11172,884,0.007942479725775437,0.1074660633484163
2a29ee71f8c328ca.jpg,DRIP,336,336,0,58,,,11368,0,,
2a29ee71f8c328ca.jpg,Fixed,336,336,0,57,,,11172,0,,
2a5037334af79e4b.jpg,DRIP,336,336,5,58,2710.0,19597.0,11368,10939,0.13828647241924785,0.2477374531492824
2a5037334af79e4b.jpg,Fixed,336,336,5,57,674.0,21437.0,11172,10939,0.03144096655315576,0.0616144071670171
2a5c3cab4fcf0a0c.jpg,DRIP,336,336,8,58,1274.0,19726.0,11368,9632,0.06458481192334989,0.13226744186046513
2a5c3cab4fcf0a0c.jpg,Fixed,336,336,8,57,1006.0,19798.0,11172,9632,0.050813213455904636,0.10444352159468438
2a5f3d37b9b309af.jpg,DRIP,336,336,79,59,5049.0,48143.0,11564,41628,0.10487505971792369,0.12128855577976362
2a5f3d37b9b309af.jpg,Fixed,336,336,79,57,4379.0,48421.0,11172,41628,0.09043596786518246,0.10519361967906217
2a6eca7d84ebdbdc.jpg,DRIP,336,336,12,59,4253.0,19934.0,11564,12623,0.21335406842580515,0.33692466133248833
2a6eca7d84ebdbdc.jpg,Fixed,336,336,12,57,1407.0,22388.0,11172,12623,0.06284616758978023,0.11146320209142042
2a8e1b18b5838812.jpg,DRIP,336,336,5,59,2934.0,25055.0,11564,16425,0.11710237477549391,0.17863013698630137
2a8e1b18b5838812.jpg,Fixed,336,336,5,57,1428.0,26169.0,11172,16425,0.0545683824372349,0.08694063926940639
2a9b52b33ae6a8d8.jpg,DRIP,336,336,19,59,3865.0,22921.0,11564,15222,0.16862266044238908,0.2539088161870976
2a9b52b33ae6a8d8.jpg,Fixed,336,336,19,57,1330.0,25064.0,11172,15222,0.053064155761251196,0.08737353829982919
2aafcb12b2ce977e.jpg,DRIP,336,336,5,59,408.0,13209.0,11564,2053,0.03088803088803089,0.19873356064296152
2aafcb12b2ce977e.jpg,Fixed,336,336,5,57,70.0,13155.0,11172,2053,0.005321170657544659,0.034096444227959086
2ab7a1a9993e8827.jpg,DRIP,336,336,1,59,98.0,13275.0,11564,1809,0.0073822975517890774,0.054173576561636266
2ab7a1a9993e8827.jpg,Fixed,336,336,1,57,168.0,12813.0,11172,1809,0.013111683446499649,0.09286898839137644
2b22674571579daa.jpg,DRIP,336,336,1,58,0.0,13752.0,11368,2384,0.0,0.0
2b22674571579daa.jpg,Fixed,336,336,1,57,224.0,13332.0,11172,2384,0.0168016801680168,0.09395973154362416
2b29d938e3d0f082.jpg,DRIP,336,336,6,59,3744.0,16674.0,11564,8854,0.22454120187117668,0.422859724418342
2b29d938e3d0f082.jpg,Fixed,336,336,6,57,1056.0,18970.0,11172,8854,0.05566684238270954,0.11926812740004518
2b442a38fc2ac697.jpg,DRIP,336,336,1,58,773.0,12026.0,11368,1431,0.06427739896890071,0.5401816911250874
2b442a38fc2ac697.jpg,Fixed,336,336,1,57,98.0,12505.0,11172,1431,0.00783686525389844,0.06848357791754019
2b461aac16c17b46.jpg,DRIP,336,336,1,59,156.0,16007.0,11564,4599,0.009745736240394827,0.033920417482061316
2b461aac16c17b46.jpg,Fixed,336,336,1,57,322.0,15449.0,11172,4599,0.02084277299501586,0.0700152207001522
2b538a43dd933fc1.jpg,DRIP,336,336,6,59,5936.0,27570.0,11564,21942,0.21530649256438159,0.27053140096618356
2b538a43dd933fc1.jpg,Fixed,336,336,6,57,2170.0,30944.0,11172,21942,0.07012668045501551,0.09889709233433598
2b92ce942467f122.jpg,DRIP,336,336,12,59,2672.0,16478.0,11564,7586,0.16215560140793786,0.35222778803058263
2b92ce942467f122.jpg,Fixed,336,336,12,57,1077.0,17681.0,11172,7586,0.060912844296137095,0.141972053783285
2bd7d936793d10ed.jpg,DRIP,336,336,5,59,6681.0,36810.0,11564,31927,0.18149959250203748,0.2092586212296802
2bd7d936793d10ed.jpg,Fixed,336,336,5,57,3045.0,40054.0,11172,31927,0.07602236980076896,0.09537382153036615
2bd970952e20de96.jpg,DRIP,336,336,1,58,4340.0,32153.0,11368,25125,0.13497962865051472,0.1727363184079602
2bd970952e20de96.jpg,Fixed,336,336,1,57,2492.0,33805.0,11172,25125,0.07371690578316817,0.09918407960199005
2be7fec54b43a742.jpg,DRIP,336,336,3,59,1260.0,33395.0,11564,23091,0.03773019913160653,0.05456671430427439
2be7fec54b43a742.jpg,Fixed,336,336,3,57,2268.0,31995.0,11172,23091,0.07088607594936709,0.0982200857476939
2beaf9db720c828e.jpg,DRIP,336,336,2,59,5278.0,22301.0,11564,16015,0.23667100130039012,0.32956603184514516
2beaf9db720c828e.jpg,Fixed,336,336,2,57,1262.0,25925.0,11172,16015,0.048678881388621024,0.07880112394630034
2bf11ddb80fddef5.jpg,DRIP,336,336,6,59,1724.0,18053.0,11564,8213,0.09549659336398382,0.20991111652258615
2bf11ddb80fddef5.jpg,Fixed,336,336,6,57,1123.0,18262.0,11172,8213,0.061493812287810756,0.13673444539145257
2c0faabc3ddefe60.jpg,DRIP,336,336,0,59,,,11564,0,,
2c0faabc3ddefe60.jpg,Fixed,336,336,0,57,,,11172,0,,
2c296753ea709fad.jpg,DRIP,336,336,0,58,,,11368,0,,
2c296753ea709fad.jpg,Fixed,336,336,0,57,,,11172,0,,
2c42141de0083a8f.jpg,DRIP,336,336,26,59,464.0,24522.0,11564,13422,0.018921784520022838,0.034570108776635376
2c42141de0083a8f.jpg,Fixed,336,336,26,57,1460.0,23134.0,11172,13422,0.06311057318232904,0.10877663537475786
2c42eeaaeee6f34a.jpg,DRIP,336,336,0,58,,,11368,0,,
2c42eeaaeee6f34a.jpg,Fixed,336,336,0,57,,,11172,0,,
2c502295ecd9c750.jpg,DRIP,336,336,0,59,,,11564,0,,
2c502295ecd9c750.jpg,Fixed,336,336,0,57,,,11172,0,,
2c52615e43e42dce.jpg,DRIP,336,336,14,59,7235.0,36669.0,11564,32340,0.19730562600561782,0.22371675943104516
2c52615e43e42dce.jpg,Fixed,336,336,14,57,3503.0,40009.0,11172,32340,0.08755530005748706,0.10831787260358688
2c57a5e5739ce3cc.jpg,DRIP,336,336,0,59,,,11564,0,,
2c57a5e5739ce3cc.jpg,Fixed,336,336,0,57,,,11172,0,,
2c58485b5d69b5c8.jpg,DRIP,336,336,33,58,2515.0,33783.0,11368,24930,0.07444572714086967,0.100882470918572
2c58485b5d69b5c8.jpg,Fixed,336,336,33,57,2949.0,33153.0,11172,24930,0.08895122613338159,0.11829121540312876
2c67459de1e68b17.jpg,DRIP,336,336,14,59,5545.0,30934.0,11564,24915,0.1792526023146053,0.22255669275536824
2c67459de1e68b17.jpg,Fixed,336,336,14,57,2145.0,33942.0,11172,24915,0.06319604030404809,0.08609271523178808
2c8f93aa9a48bdc3.jpg,DRIP,336,336,4,58,3511.0,13575.0,11368,5718,0.25863720073664825,0.6140258831759356
2c8f93aa9a48bdc3.jpg,Fixed,336,336,4,57,774.0,16116.0,11172,5718,0.04802680565897245,0.1353620146904512
2ca5a3c2f2b6526d.jpg,DRIP,336,336,5,59,966.0,18172.0,11564,7574,0.053158705701078585,0.12754158964879853
2ca5a3c2f2b6526d.jpg,Fixed,336,336,5,57,728.0,18018.0,11172,7574,0.04040404040404041,0.09611829944547134
2cb6f2fad7686578.jpg,DRIP,336,336,1,58,294.0,11389.0,11368,315,0.02581438229870928,0.9333333333333333
2cb6f2fad7686578.jpg,Fixed,336,336,1,57,0.0,11487.0,11172,315,0.0,0.0
2cd2e8a48409b787.jpg,DRIP,336,336,2,59,3878.0,18320.0,11564,10634,0.2116812227074236,0.3646793304495016
2cd2e8a48409b787.jpg,Fixed,336,336,2,57,959.0,20847.0,11172,10634,0.046001822804240415,0.0901824337032161
2cdb8e97cf57d164.jpg,DRIP,336,336,6,59,2246.0,21147.0,11564,11829,0.10620891852272189,0.18987234762025532
2cdb8e97cf57d164.jpg,Fixed,336,336,6,57,883.0,22118.0,11172,11829,0.03992223528347952,0.07464705385070589
2d02c441eb5347e7.jpg,DRIP,336,336,5,58,5528.0,31626.0,11368,25786,0.17479289192436603,0.2143798960676336
2d02c441eb5347e7.jpg,Fixed,336,336,5,57,2395.0,34563.0,11172,25786,0.069293753435755,0.09287985728689988
2d11832afbb08adc.jpg,DRIP,336,336,0,58,,,11368,0,,
2d11832afbb08adc.jpg,Fixed,336,336,0,57,,,11172,0,,
2d145713c11740fc.jpg,DRIP,336,336,13,59,4852.0,27062.0,11564,20350,0.1792919961569729,0.23842751842751841
2d145713c11740fc.jpg,Fixed,336,336,13,57,2148.0,29374.0,11172,20350,0.07312589364744332,0.10555282555282555
2d1999870f41b5ce.jpg,DRIP,336,336,7,59,3248.0,34201.0,11564,25885,0.09496798339229848,0.12547807610585282
2d1999870f41b5ce.jpg,Fixed,336,336,7,57,2658.0,34399.0,11172,25885,0.07726968807232769,0.10268495267529457
2d22463bbb238136.jpg,DRIP,336,336,0,58,,,11368,0,,
2d22463bbb238136.jpg,Fixed,336,336,0,57,,,11172,0,,
2d25a2faf26c9c52.jpg,DRIP,336,336,3,59,800.0,16067.0,11564,5303,0.04979149810169913,0.15085800490288515
2d25a2faf26c9c52.jpg,Fixed,336,336,3,57,522.0,15953.0,11172,5303,0.032721118284962075,0.09843484819913256
2d3afc6e9e6acfeb.jpg,DRIP,336,336,9,58,2363.0,15730.0,11368,6725,0.15022250476795931,0.35137546468401487
2d3afc6e9e6acfeb.jpg,Fixed,336,336,9,57,591.0,17306.0,11172,6725,0.03415000577834277,0.08788104089219331
2d51ec1f9aaf81e6.jpg,DRIP,336,336,3,59,4872.0,27547.0,11564,20855,0.17686136421388898,0.2336130424358667
2d51ec1f9aaf81e6.jpg,Fixed,336,336,3,57,1974.0,30053.0,11172,20855,0.06568395834026552,0.09465356029729081
2d64472ea6306593.jpg,DRIP,336,336,11,59,4980.0,32560.0,11564,25976,0.15294840294840295,0.19171542962734833
2d64472ea6306593.jpg,Fixed,336,336,11,57,2498.0,34650.0,11172,25976,0.0720923520923521,0.09616569140745303
2d67f657cd78c9a0.jpg,DRIP,336,336,6,59,1192.0,13531.0,11564,3159,0.08809400635577562,0.3773345995568218
2d67f657cd78c9a0.jpg,Fixed,336,336,6,57,216.0,14115.0,11172,3159,0.015302869287991499,0.06837606837606838
2d71dc57d9b8ad68.jpg,DRIP,336,336,3,59,1344.0,14495.0,11564,4275,0.09272162814763711,0.3143859649122807
2d71dc57d9b8ad68.jpg,Fixed,336,336,3,57,313.0,15134.0,11172,4275,0.02068190828597859,0.07321637426900585
2d73a69fa8177dd6.jpg,DRIP,336,336,1,58,644.0,12167.0,11368,1443,0.052930056710775046,0.4462924462924463
2d73a69fa8177dd6.jpg,Fixed,336,336,1,57,0.0,12615.0,11172,1443,0.0,0.0
2d79f46fe590fa4a.jpg,DRIP,336,336,2,58,378.0,12838.0,11368,1848,0.029443838604143947,0.20454545454545456
2d79f46fe590fa4a.jpg,Fixed,336,336,2,57,232.0,12788.0,11172,1848,0.018142008132624336,0.12554112554112554
2d7bc6c2cfffbb5c.jpg,DRIP,336,336,2,59,1178.0,12825.0,11564,2439,0.09185185185185185,0.4829848298482985
2d7bc6c2cfffbb5c.jpg,Fixed,336,336,2,57,274.0,13337.0,11172,2439,0.02054435030366649,0.11234112341123412
2d9c06dbfac74cc5.jpg,DRIP,336,336,2,58,91.0,13179.0,11368,1902,0.006904924501100235,0.04784437434279706
2d9c06dbfac74cc5.jpg,Fixed,336,336,2,57,266.0,12808.0,11172,1902,0.020768269831355404,0.1398527865404837
2db1b4e8115e36ee.jpg,DRIP,336,336,7,58,8827.0,84875.0,11368,82334,0.104,0.10720965822139092
2db1b4e8115e36ee.jpg,Fixed,336,336,7,57,8470.0,85036.0,11172,82334,0.09960487323016134,0.10287366094201666
2dc95f78aded8663.jpg,DRIP,336,336,5,59,1145.0,15222.0,11564,4803,0.07522007620549205,0.2383926712471372
2dc95f78aded8663.jpg,Fixed,336,336,5,57,279.0,15696.0,11172,4803,0.017775229357798166,0.05808869456589631
2dd89e89e3a39efd.jpg,DRIP,336,336,4,58,1626.0,15235.0,11368,5493,0.1067279291106006,0.2960131075914801
2dd89e89e3a39efd.jpg,Fixed,336,336,4,57,468.0,16197.0,11172,5493,0.028894239674013705,0.085199344620426
2dd8bd9889e45692.jpg,DRIP,336,336,1,59,374.0,12297.0,11564,1107,0.030413922094819874,0.33785004516711836
2dd8bd9889e45692.jpg,Fixed,336,336,1,57,126.0,12153.0,11172,1107,0.010367810417180942,0.11382113821138211
2e08fa585bfaee57.jpg,DRIP,336,336,3,58,3228.0,16143.0,11368,8003,0.19996283218732577,0.40334874422091715
2e08fa585bfaee57.jpg,Fixed,336,336,3,57,910.0,18265.0,11172,8003,0.0498220640569395,0.11370735974009746
2e1a5d4eb35e5f4f.jpg,DRIP,336,336,16,59,1018.0,16432.0,11564,5886,0.061952288218111,0.1729527692830445
2e1a5d4eb35e5f4f.jpg,Fixed,336,336,16,57,787.0,16271.0,11172,5886,0.04836826255300842,0.13370710159700985
2e3e36742f841cf1.jpg,DRIP,336,336,10,58,4354.0,22157.0,11368,15143,0.19650674730333528,0.28752558938123224
2e3e36742f841cf1.jpg,Fixed,336,336,10,57,1506.0,24809.0,11172,15143,0.06070377685517352,0.09945189196328337
2e45acd379e82164.jpg,DRIP,336,336,1,59,392.0,12524.0,11564,1352,0.03129990418396678,0.28994082840236685
2e45acd379e82164.jpg,Fixed,336,336,1,57,120.0,12404.0,11172,1352,0.009674298613350531,0.08875739644970414
2e5e0f30f5f6763b.jpg,DRIP,336,336,51,59,4694.0,45136.0,11564,38266,0.10399680964197093,0.12266764229341974
2e5e0f30f5f6763b.jpg,Fixed,336,336,51,57,3916.0,45522.0,11172,38266,0.08602433987961865,0.10233627763549888
2e780a73b50b501c.jpg,DRIP,336,336,1,58,1036.0,12219.0,11368,1887,0.08478598903347247,0.5490196078431373
2e780a73b50b501c.jpg,Fixed,336,336,1,57,126.0,12933.0,11172,1887,0.009742519137091163,0.06677265500794913
2ea931c8dc8e361b.jpg,DRIP,336,336,15,59,6050.0,54384.0,11564,48870,0.11124595469255663,0.12379783098015142
2ea931c8dc8e361b.jpg,Fixed,336,336,15,57,4935.0,55107.0,11172,48870,0.08955305133649083,0.10098219766728055
2eb7fb9fb90cff35.jpg,DRIP,336,336,3,58,879.0,12853.0,11368,2364,0.06838870302653077,0.37182741116751267
2eb7fb9fb90cff35.jpg,Fixed,336,336,3,57,210.0,13326.0,11172,2364,0.01575866726699685,0.08883248730964467
2edfe070fbbce327.jpg,DRIP,336,336,1,58,3486.0,14461.0,11368,6579,0.2410621672083535,0.5298677610579116
2edfe070fbbce327.jpg,Fixed,336,336,1,57,602.0,17149.0,11172,6579,0.035104087701906816,0.0915032679738562
2ee5cf87702d01ae.jpg,DRIP,336,336,1,59,4298.0,25890.0,11564,18624,0.16601004248744688,0.23077749140893472
2ee5cf87702d01ae.jpg,Fixed,336,336,1,57,1764.0,28032.0,11172,18624,0.06292808219178082,0.09471649484536082
2ee9c57cae6b426a.jpg,DRIP,336,336,0,58,,,11368,0,,
2ee9c57cae6b426a.jpg,Fixed,336,336,0,57,,,11172,0,,
2f00b9cc898da2f2.jpg,DRIP,336,336,8,59,5388.0,30358.0,11564,24182,0.17748204756571578,0.22281035480936234
2f00b9cc898da2f2.jpg,Fixed,336,336,8,57,2562.0,32792.0,11172,24182,0.07812881190534277,0.105946571830287
2f1733263c69a9d2.jpg,DRIP,336,336,0,59,,,11564,0,,
2f1733263c69a9d2.jpg,Fixed,336,336,0,57,,,11172,0,,
2f1ddcc07f127ea8.jpg,DRIP,336,336,11,59,997.0,13797.0,11564,3230,0.0722620859607161,0.3086687306501548
2f1ddcc07f127ea8.jpg,Fixed,336,336,11,57,266.0,14136.0,11172,3230,0.01881720430107527,0.08235294117647059
2f1fa586b708fcf5.jpg,DRIP,336,336,2,58,197.0,12759.0,11368,1588,0.015440081511090211,0.12405541561712846
2f1fa586b708fcf5.jpg,Fixed,336,336,2,57,182.0,12578.0,11172,1588,0.014469709015741771,0.11460957178841309
2f229afa98032dfe.jpg,DRIP,336,336,5,59,1036.0,17481.0,11564,6953,0.05926434414507179,0.1490004314684309
2f229afa98032dfe.jpg,Fixed,336,336,5,57,726.0,17399.0,11172,6953,0.04172653600781654,0.10441536027613979
2f39a8f0171a2e82.jpg,DRIP,336,336,1,59,1547.0,11970.0,11564,1953,0.12923976608187135,0.7921146953405018
2f39a8f0171a2e82.jpg,Fixed,336,336,1,57,230.0,12895.0,11172,1953,0.017836370686312525,0.11776753712237584
2f46dcd5c28603f2.jpg,DRIP,336,336,20,59,2917.0,21727.0,11564,13080,0.13425691535877018,0.22301223241590215
2f46dcd5c28603f2.jpg,Fixed,336,336,20,57,1393.0,22859.0,11172,13080,0.06093879872260379,0.10649847094801224
2f4815177dc543be.jpg,DRIP,336,336,0,59,,,11564,0,,
2f4815177dc543be.jpg,Fixed,336,336,0,57,,,11172,0,,
2f724d0c829a2a9e.jpg,DRIP,336,336,1,59,0.0,12210.0,11564,646,0.0,0.0
2f724d0c829a2a9e.jpg,Fixed,336,336,1,57,0.0,11818.0,11172,646,0.0,0.0
2f8be2b2de5573dc.jpg,DRIP,336,336,6,59,3548.0,16743.0,11564,8727,0.2119094546974855,0.4065543714907758
2f8be2b2de5573dc.jpg,Fixed,336,336,6,57,911.0,18988.0,11172,8727,0.047977670107436275,0.10438867881287957
2f9237c2cd935f0e.jpg,DRIP,336,336,0,59,,,11564,0,,
2f9237c2cd935f0e.jpg,Fixed,336,336,0,57,,,11172,0,,
2fa55fefd94032cc.jpg,DRIP,336,336,6,59,1278.0,20958.0,11564,10672,0.06097910105926138,0.11975262368815592
2fa55fefd94032cc.jpg,Fixed,336,336,6,57,788.0,21056.0,11172,10672,0.037424012158054715,0.07383808095952024
2fb99af2e910da2f.jpg,DRIP,336,336,40,58,2617.0,34123.0,11368,25372,0.07669313952466078,0.10314519943244521
2fb99af2e910da2f.jpg,Fixed,336,336,40,57,2471.0,34073.0,11172,25372,0.07252076424148153,0.09739082453097903
2fcbf5fbdf4b90de.jpg,DRIP,336,336,0,59,,,11564,0,,
2fcbf5fbdf4b90de.jpg,Fixed,336,336,0,57,,,11172,0,,
2fda7dceebdfd8f2.jpg,DRIP,336,336,12,58,2033.0,22643.0,11368,13308,0.08978492249260257,0.15276525398256688
2fda7dceebdfd8f2.jpg,Fixed,336,336,12,57,1479.0,23001.0,11172,13308,0.06430155210643015,0.11113615870153291
2fdbba3552d1be9b.jpg,DRIP,336,336,1,59,896.0,12972.0,11564,2304,0.06907184705519581,0.3888888888888889
2fdbba3552d1be9b.jpg,Fixed,336,336,1,57,210.0,13266.0,11172,2304,0.015829941203075532,0.09114583333333333
2fe6e3a4b7078357.jpg,DRIP,336,336,2,59,2884.0,21284.0,11564,12604,0.13550084570569443,0.22881624880990162
2fe6e3a4b7078357.jpg,Fixed,336,336,2,57,1100.0,22676.0,11172,12604,0.04850943729052743,0.08727388130752142
2ff73abfc97e25df.jpg,DRIP,336,336,4,59,6514.0,26354.0,11564,21304,0.24717310465204523,0.3057641757416448
2ff73abfc97e25df.jpg,Fixed,336,336,4,57,2366.0,30110.0,11172,21304,0.07857854533377616,0.1110589560645888
301668e27f9354b8.jpg,DRIP,336,336,2,59,4338.0,33462.0,11564,26236,0.1296395911780527,0.16534532703155969
301668e27f9354b8.jpg,Fixed,336,336,2,57,2338.0,35070.0,11172,26236,0.06666666666666667,0.08911419423692636
3029615a65478f09.jpg,DRIP,336,336,11,59,3798.0,20683.0,11564,12917,0.1836290673499976,0.2940311217775025
3029615a65478f09.jpg,Fixed,336,336,11,57,1401.0,22688.0,11172,12917,0.06175070521861777,0.10846171711697762
304223d90cc59315.jpg,DRIP,336,336,2,59,1596.0,15326.0,11564,5358,0.10413676105963722,0.2978723404255319
304223d90cc59315.jpg,Fixed,336,336,2,57,448.0,16082.0,11172,5358,0.027857231687601045,0.08361328854050018
305937198eba13f0.jpg,DRIP,336,336,0,58,,,11368,0,,
305937198eba13f0.jpg,Fixed,336,336,0,57,,,11172,0,,
3065bb012def000b.jpg,DRIP,336,336,2,58,630.0,18710.0,11368,7972,0.03367183324425441,0.07902659307576518
3065bb012def000b.jpg,Fixed,336,336,2,57,980.0,18164.0,11172,7972,0.053952873816340015,0.12293025589563472
307614f6f88a3fca.jpg,DRIP,336,336,1,59,117.0,12014.0,11564,567,0.009738638255368736,0.20634920634920634
307614f6f88a3fca.jpg,Fixed,336,336,1,57,0.0,11739.0,11172,567,0.0,0.0
3093b0e9a763ff5b.jpg,DRIP,336,336,3,58,,,11368,0,,
3093b0e9a763ff5b.jpg,Fixed,336,336,3,57,,,11172,0,,
30cc1142d7d87fd0.jpg,DRIP,336,336,6,59,1862.0,18777.0,11564,9075,0.09916387069286893,0.20517906336088154
30cc1142d7d87fd0.jpg,Fixed,336,336,6,57,644.0,19603.0,11172,9075,0.03285211447227465,0.0709641873278237
30dc7ab68c2654a6.jpg,DRIP,336,336,4,58,875.0,15383.0,11368,4890,0.05688097250211272,0.17893660531697342
30dc7ab68c2654a6.jpg,Fixed,336,336,4,57,616.0,15446.0,11172,4890,0.03988087530752298,0.1259713701431493
30e45da4d94b432d.jpg,DRIP,336,336,0,58,,,11368,0,,
30e45da4d94b432d.jpg,Fixed,336,336,0,57,,,11172,0,,
30f9b48158fc56e6.jpg,DRIP,336,336,8,58,1233.0,16773.0,11368,6638,0.07351099982114112,0.18574871949382343
30f9b48158fc56e6.jpg,Fixed,336,336,8,57,824.0,16986.0,11172,6638,0.04851053809019192,0.12413377523350407
3100b88584dba89b.jpg,DRIP,336,336,3,58,125.0,12753.0,11368,1510,0.009801615306202462,0.08278145695364239
3100b88584dba89b.jpg,Fixed,336,336,3,57,246.0,12436.0,11172,1510,0.019781280154390478,0.1629139072847682
311fc727efa87aa1.jpg,DRIP,336,336,4,58,3743.0,26213.0,11368,18588,0.14279174455422883,0.20136647299332902
311fc727efa87aa1.jpg,Fixed,336,336,4,57,1698.0,28062.0,11172,18588,0.06050887320932222,0.09134925758553905
31368b20c6ab7831.jpg,DRIP,336,336,1,59,4858.0,15814.0,11564,9108,0.3071961553054256,0.5333772507685551
31368b20c6ab7831.jpg,Fixed,336,336,1,57,840.0,19440.0,11172,9108,0.043209876543209874,0.0922266139657444
315b5437f12c2884.jpg,DRIP,336,336,1,59,2347.0,12658.0,11564,3441,0.1854163374940749,0.6820691659401337
315b5437f12c2884.jpg,Fixed,336,336,1,57,308.0,14305.0,11172,3441,0.02153093324012583,0.0895088637024121
3160eee4830c2079.jpg,DRIP,336,336,5,58,2009.0,14583.0,11368,5224,0.13776314887197422,0.38457120980091886
3160eee4830c2079.jpg,Fixed,336,336,5,57,280.0,16116.0,11172,5224,0.01737403822288409,0.05359877488514548
3164c02b7c9a870f.jpg,DRIP,336,336,0,59,,,11564,0,,
3164c02b7c9a870f.jpg,Fixed,336,336,0,57,,,11172,0,,
3169601cf3721f97.jpg,DRIP,336,336,4,59,2188.0,15045.0,11564,5669,0.14543037554004654,0.3859587228788146
3169601cf3721f97.jpg,Fixed,336,336,4,57,490.0,16351.0,11172,5669,0.029967586080362058,0.0864349973540307
319a0d9f2c5d6065.jpg,DRIP,336,336,1,59,476.0,12789.0,11564,1701,0.037219485495347565,0.27983539094650206
319a0d9f2c5d6065.jpg,Fixed,336,336,1,57,133.0,12740.0,11172,1701,0.010439560439560439,0.07818930041152264
31cdc3e5fa56c786.jpg,DRIP,336,336,1,58,,,11368,0,,
31cdc3e5fa56c786.jpg,Fixed,336,336,1,57,,,11172,0,,
31de82365306af7e.jpg,DRIP,336,336,2,59,469.0,13368.0,11564,2273,0.03508378216636744,0.20633523977122745
31de82365306af7e.jpg,Fixed,336,336,2,57,84.0,13361.0,11172,2273,0.0062869545692687675,0.03695556533216014
31ea74d67a685249.jpg,DRIP,336,336,7,59,1963.0,24739.0,11564,15138,0.0793483972674724,0.1296736689126701
31ea74d67a685249.jpg,Fixed,336,336,7,57,1678.0,24632.0,11172,15138,0.06812276713218578,0.11084687541286828
31f39786288ae93b.jpg,DRIP,336,336,2,59,2278.0,13642.0,11564,4356,0.16698431315056445,0.5229568411386594
31f39786288ae93b.jpg,Fixed,336,336,2,57,364.0,15164.0,11172,4356,0.024004220522289635,0.08356290174471992
31fab88cb9501d52.jpg,DRIP,336,336,3,58,4102.0,19354.0,11368,12088,0.2119458509868761,0.33934480476505624
31fab88cb9501d52.jpg,Fixed,336,336,3,57,854.0,22406.0,11172,12088,0.03811479068106757,0.07064857710125745
31fff763ae82a1fc.jpg,DRIP,336,336,44,59,7271.0,65748.0,11564,61455,0.11058891525217497,0.11831421365226588
31fff763ae82a1fc.jpg,Fixed,336,336,44,57,5869.0,66758.0,11172,61455,0.08791455705683214,0.09550077292327719
32131e7f073db97d.jpg,DRIP,336,336,2,59,2014.0,20291.0,11564,10741,0.09925582770686511,0.18750581882506284
32131e7f073db97d.jpg,Fixed,336,336,2,57,1218.0,20695.0,11172,10741,0.05885479584440686,0.11339726282469044
32164c537fd0817a.jpg,DRIP,336,336,3,58,1330.0,18920.0,11368,8882,0.07029598308668077,0.14974104931321774
32164c537fd0817a.jpg,Fixed,336,336,3,57,1106.0,18948.0,11172,8882,0.05837027654633734,0.12452150416572844
3226cc6459ac8f50.jpg,DRIP,336,336,1,58,2062.0,16038.0,11368,6732,0.1285696470881656,0.3062982768865122
3226cc6459ac8f50.jpg,Fixed,336,336,1,57,602.0,17302.0,11172,6732,0.034793665472199746,0.08942364824717766
32393791f12ab19a.jpg,DRIP,336,336,3,58,456.0,14917.0,11368,4005,0.030569149292753235,0.11385767790262172
32393791f12ab19a.jpg,Fixed,336,336,3,57,497.0,14680.0,11172,4005,0.03385558583106267,0.12409488139825219
323b9351f4ac782d.jpg,DRIP,336,336,1,58,792.0,14128.0,11368,3552,0.05605889014722537,0.22297297297297297
323b9351f4ac782d.jpg,Fixed,336,336,1,57,144.0,14580.0,11172,3552,0.009876543209876543,0.04054054054054054
325517b1f132e195.jpg,DRIP,336,336,0,59,,,11564,0,,
325517b1f132e195.jpg,Fixed,336,336,0,57,,,11172,0,,
328c0a162031b131.jpg,DRIP,336,336,14,58,3825.0,28847.0,11368,21304,0.1325961105140916,0.17954374765302292
328c0a162031b131.jpg,Fixed,336,336,14,57,2140.0,30336.0,11172,21304,0.07054324894514769,0.10045061960195269
32b03eea22d4875a.jpg,DRIP,336,336,4,59,5804.0,23077.0,11564,17317,0.2515058283139056,0.3351619795576601
32b03eea22d4875a.jpg,Fixed,336,336,4,57,1456.0,27033.0,11172,17317,0.05386009691858099,0.08407922850378241
32e256bcf960b507.jpg,DRIP,336,336,2,59,378.0,13011.0,11564,1825,0.029052340327415264,0.20712328767123286
32e256bcf960b507.jpg,Fixed,336,336,2,57,196.0,12801.0,11172,1825,0.015311303804390282,0.1073972602739726
32ec42158c53eb66.jpg,DRIP,336,336,1,59,0.0,13189.0,11564,1625,0.0,0.0
32ec42158c53eb66.jpg,Fixed,336,336,1,57,70.0,12727.0,11172,1625,0.005500117859668421,0.043076923076923075
32ef1c4fd6663175.jpg,DRIP,336,336,4,58,1771.0,17785.0,11368,8188,0.09957829631712117,0.21629213483146068
32ef1c4fd6663175.jpg,Fixed,336,336,4,57,672.0,18688.0,11172,8188,0.03595890410958904,0.08207132388861749
32f4e922747e69fa.jpg,DRIP,336,336,6,59,2769.0,21372.0,11564,12577,0.12956204379562045,0.22016379104714956
32f4e922747e69fa.jpg,Fixed,336,336,6,57,1285.0,22464.0,11172,12577,0.05720263532763533,0.10217062892581696
32ff5b9fc3d32b51.jpg,DRIP,336,336,2,59,630.0,13246.0,11564,2312,0.04756152800845538,0.27249134948096887
32ff5b9fc3d32b51.jpg,Fixed,336,336,2,57,268.0,13216.0,11172,2312,0.020278450363196126,0.11591695501730104
330ac77b36168d85.jpg,DRIP,336,336,2,59,3514.0,22405.0,11564,14355,0.15683999107342111,0.24479275513758272
330ac77b36168d85.jpg,Fixed,336,336,2,57,1386.0,24141.0,11172,14355,0.057412700385236735,0.09655172413793103
330c81f5c5c4a070.jpg,DRIP,336,336,4,59,6965.0,33481.0,11564,28882,0.20802843403721513,0.24115365971885602
330c81f5c5c4a070.jpg,Fixed,336,336,4,57,2626.0,37428.0,11172,28882,0.07016137650956503,0.09092168132400803
33383ab833a60b67.jpg,DRIP,336,336,1,59,0.0,12587.0,11564,1023,0.0,0.0
33383ab833a60b67.jpg,Fixed,336,336,1,57,140.0,12055.0,11172,1023,0.011613438407299876,0.13685239491691104
33471ae417f19b4e.jpg,DRIP,336,336,2,58,3794.0,26578.0,11368,19004,0.14274964256151704,0.19964218059355926
33471ae417f19b4e.jpg,Fixed,336,336,2,57,1988.0,28188.0,11172,19004,0.07052646516248048,0.10460955588297201
334bf855d256bd2e.jpg,DRIP,336,336,0,59,,,11564,0,,
334bf855d256bd2e.jpg,Fixed,336,336,0,57,,,11172,0,,
335d2a8ae70322e0.jpg,DRIP,336,336,0,59,,,11564,0,,
335d2a8ae70322e0.jpg,Fixed,336,336,0,57,,,11172,0,,
337e9a86e8028447.jpg,DRIP,336,336,4,59,2108.0,15335.0,11564,5879,0.1374633192044343,0.3585643816975676
337e9a86e8028447.jpg,Fixed,336,336,4,57,554.0,16497.0,11172,5879,0.03358186336909741,0.09423371321653343
33a10b077c70bae4.jpg,DRIP,336,336,86,59,6938.0,76010.0,11564,71384,0.09127746349164584,0.09719264821248459
33a10b077c70bae4.jpg,Fixed,336,336,86,57,7121.0,75435.0,11172,71384,0.0943991515874594,0.09975624789868878
33ab6ce7a34dffcd.jpg,DRIP,336,336,15,58,4520.0,25185.0,11368,18337,0.1794719078816756,0.24649615531439167
33ab6ce7a34dffcd.jpg,Fixed,336,336,15,57,1807.0,27702.0,11172,18337,0.0652299472962241,0.09854392757812074
33cff3fa3fc256bf.jpg,DRIP,336,336,5,59,6356.0,66063.0,11564,60855,0.09621119234669936,0.10444499219456084
33cff3fa3fc256bf.jpg,Fixed,336,336,5,57,6188.0,65839.0,11172,60855,0.09398684670180288,0.10168433160792047
33d53189d3af4fb5.jpg,DRIP,336,336,2,58,36.0,11677.0,11368,345,0.003082983643059005,0.10434782608695652
33d53189d3af4fb5.jpg,Fixed,336,336,2,57,0.0,11517.0,11172,345,0.0,0.0
33decd0b95fc3646.jpg,DRIP,336,336,8,59,6134.0,38053.0,11564,32623,0.16119622631592778,0.1880268522208258
33decd0b95fc3646.jpg,Fixed,336,336,8,57,3048.0,40747.0,11172,32623,0.07480305298549586,0.0934310149281182
33e472cfe8651cd9.jpg,DRIP,336,336,26,59,5764.0,48986.0,11564,43186,0.11766627199608051,0.1334691798267957
33e472cfe8651cd9.jpg,Fixed,336,336,26,57,4541.0,49817.0,11172,43186,0.09115362225746232,0.10514981707034687
33fecafce9ad7f50.jpg,DRIP,336,336,0,58,,,11368,0,,
33fecafce9ad7f50.jpg,Fixed,336,336,0,57,,,11172,0,,
3418f56e0d116a3b.jpg,DRIP,336,336,3,59,5606.0,19339.0,11564,13381,0.28988055225192616,0.4189522457215455
3418f56e0d116a3b.jpg,Fixed,336,336,3,57,1485.0,23068.0,11172,13381,0.06437489162476158,0.11097825274643151
3437304c906a53bc.jpg,DRIP,336,336,0,59,,,11564,0,,
3437304c906a53bc.jpg,Fixed,336,336,0,57,,,11172,0,,
3441bbf19a60fb55.jpg,DRIP,336,336,3,58,4628.0,31603.0,11368,24863,0.14644179350061703,0.18614004746008125
3441bbf19a60fb55.jpg,Fixed,336,336,3,57,2632.0,33403.0,11172,24863,0.07879531778582761,0.10586011342155009
344f8045f92afb02.jpg,DRIP,336,336,0,58,,,11368,0,,
344f8045f92afb02.jpg,Fixed,336,336,0,57,,,11172,0,,
3472d519b91e5c62.jpg,DRIP,336,336,10,59,6843.0,36933.0,11564,32212,0.18528145560880513,0.21243635912082454
3472d519b91e5c62.jpg,Fixed,336,336,10,57,3067.0,40317.0,11172,32212,0.07607212838256815,0.09521296411275301
34797238e7cb2996.jpg,DRIP,336,336,1,58,588.0,13833.0,11368,3053,0.04250704836261115,0.19259744513593188
34797238e7cb2996.jpg,Fixed,336,336,1,57,252.0,13973.0,11172,3053,0.018034781364059258,0.08254176220111366
3479992c4af65055.jpg,DRIP,336,336,4,58,5312.0,19287.0,11368,13231,0.27541867579198426,0.4014813695109969
3479992c4af65055.jpg,Fixed,336,336,4,57,1431.0,22972.0,11172,13231,0.06229322653665332,0.10815509031819212
347e360396b80741.jpg,DRIP,336,336,12,59,6164.0,45287.0,11564,39887,0.1361097003555104,0.15453656579838043
347e360396b80741.jpg,Fixed,336,336,12,57,4254.0,46805.0,11172,39887,0.09088772567033436,0.10665128989395041
3487cfa77fd0c206.jpg,DRIP,336,336,24,58,832.0,30086.0,11368,19550,0.027654058366017416,0.04255754475703325
3487cfa77fd0c206.jpg,Fixed,336,336,24,57,1548.0,29174.0,11172,19550,0.05306094467676698,0.07918158567774936
348834d8ba0f09a4.jpg,DRIP,336,336,4,59,1334.0,13861.0,11564,3631,0.09624125243488926,0.3673919030570091
348834d8ba0f09a4.jpg,Fixed,336,336,4,57,462.0,14341.0,11172,3631,0.03221532668572624,0.12723767557146792
349cc6da2159ce84.jpg,DRIP,336,336,0,59,,,11564,0,,
349cc6da2159ce84.jpg,Fixed,336,336,0,57,,,11172,0,,
34a5210f22cd7a16.jpg,DRIP,336,336,80,59,5920.0,69421.0,11564,63777,0.08527678944411633,0.09282343164463679
34a5210f22cd7a16.jpg,Fixed,336,336,80,57,6631.0,68318.0,11172,63777,0.09706080388770164,0.10397165122222744
34a84dd94e8329b5.jpg,DRIP,336,336,3,59,1501.0,14160.0,11564,4097,0.10600282485875706,0.36636563339028555
34a84dd94e8329b5.jpg,Fixed,336,336,3,57,479.0,14790.0,11172,4097,0.0323867478025693,0.11691481571881865
34b4a7c243d49d11.jpg,DRIP,336,336,58,58,3421.0,38867.0,11368,30920,0.08801811305220367,0.11064036222509703
34b4a7c243d49d11.jpg,Fixed,336,336,58,57,3423.0,38669.0,11172,30920,0.08852052031342936,0.11070504527813713
34d2b17e52144609.jpg,DRIP,336,336,2,59,270.0,12424.0,11564,1130,0.02173213135866066,0.23893805309734514
34d2b17e52144609.jpg,Fixed,336,336,2,57,0.0,12302.0,11172,1130,0.0,0.0
34e5c09e01d30529.jpg,DRIP,336,336,2,59,518.0,12864.0,11564,1818,0.040267412935323384,0.28492849284928495
34e5c09e01d30529.jpg,Fixed,336,336,2,57,250.0,12740.0,11172,1818,0.019623233908948195,0.13751375137513752
34f3a01640f75937.jpg,DRIP,336,336,3,59,4956.0,18053.0,11564,11445,0.2745250096936797,0.43302752293577984
34f3a01640f75937.jpg,Fixed,336,336,3,57,1290.0,21327.0,11172,11445,0.06048670699113799,0.1127129750982962
350c3a5ace80b810.jpg,DRIP,336,336,0,58,,,11368,0,,
350c3a5ace80b810.jpg,Fixed,336,336,0,57,,,11172,0,,
3524c126b76c64ce.jpg,DRIP,336,336,0,59,,,11564,0,,
3524c126b76c64ce.jpg,Fixed,336,336,0,57,,,11172,0,,
3539db86f000fb74.jpg,DRIP,336,336,2,58,364.0,24620.0,11368,13616,0.014784727863525589,0.02673325499412456
3539db86f000fb74.jpg,Fixed,336,336,2,57,1400.0,23388.0,11172,13616,0.05985975714041389,0.1028202115158637
355b3d6438fb5e81.jpg,DRIP,336,336,6,58,6667.0,51307.0,11368,46606,0.1299432825930185,0.14305025104063854
355b3d6438fb5e81.jpg,Fixed,336,336,6,57,4442.0,53336.0,11172,46606,0.08328333583320834,0.09530961678753809
357b8de55f8cd38a.jpg,DRIP,336,336,1,58,5376.0,25837.0,11368,19845,0.20807369276618803,0.2708994708994709
357b8de55f8cd38a.jpg,Fixed,336,336,1,57,1842.0,29175.0,11172,19845,0.06313624678663239,0.0928193499622071
357f4bbdbf0dafa9.jpg,DRIP,336,336,2,58,926.0,12560.0,11368,2118,0.07372611464968153,0.437204910292729
357f4bbdbf0dafa9.jpg,Fixed,336,336,2,57,168.0,13122.0,11172,2118,0.012802926383173296,0.07932011331444759
35859a8e0e37945b.jpg,DRIP,336,336,0,58,,,11368,0,,
35859a8e0e37945b.jpg,Fixed,336,336,0,57,,,11172,0,,
359c918bb70c821e.jpg,DRIP,336,336,12,58,4977.0,24962.0,11368,18571,0.19938306225462704,0.2679984922728986
359c918bb70c821e.jpg,Fixed,336,336,12,57,2072.0,27671.0,11172,18571,0.07487983809764735,0.11157180550320392
35aab56a08cd7413.jpg,DRIP,336,336,4,59,1596.0,16723.0,11564,6755,0.09543742151527836,0.23626943005181347
35aab56a08cd7413.jpg,Fixed,336,336,4,57,701.0,17226.0,11172,6755,0.04069429931498897,0.10377498149518875
35cc1f087490d60a.jpg,DRIP,336,336,1,58,406.0,11779.0,11368,817,0.034468121232702265,0.4969400244798042
35cc1f087490d60a.jpg,Fixed,336,336,1,57,158.0,11831.0,11172,817,0.013354746006254754,0.193390452876377
35dc43a69f2ae223.jpg,DRIP,336,336,1,59,1470.0,12014.0,11564,1920,0.12235724987514567,0.765625
35dc43a69f2ae223.jpg,Fixed,336,336,1,57,266.0,12826.0,11172,1920,0.020739123655075627,0.13854166666666667
3607ca92692e8706.jpg,DRIP,336,336,2,58,3070.0,22557.0,11368,14259,0.13609965864255,0.2153026158917175
3607ca92692e8706.jpg,Fixed,336,336,2,57,1267.0,24164.0,11172,14259,0.052433371958285055,0.08885616102110948
361d2922d59fc58c.jpg,DRIP,336,336,2,59,764.0,12075.0,11564,1275,0.0632712215320911,0.5992156862745098
361d2922d59fc58c.jpg,Fixed,336,336,2,57,98.0,12349.0,11172,1275,0.007935865252247145,0.07686274509803921
36287f6050ba92b5.jpg,DRIP,336,336,0,58,,,11368,0,,
36287f6050ba92b5.jpg,Fixed,336,336,0,57,,,11172,0,,
3638989caee9a8c3.jpg,DRIP,336,336,5,59,1752.0,15635.0,11564,5823,0.11205628397825391,0.30087583719732097
3638989caee9a8c3.jpg,Fixed,336,336,5,57,510.0,16485.0,11172,5823,0.030937215650591446,0.08758371973209686
364480dd71d4bc15.jpg,DRIP,336,336,1,58,1400.0,12040.0,11368,2072,0.11627906976744186,0.6756756756756757
364480dd71d4bc15.jpg,Fixed,336,336,1,57,252.0,12992.0,11172,2072,0.01939655172413793,0.12162162162162163
36542d5202cd5fd4.jpg,DRIP,336,336,0,58,,,11368,0,,
36542d5202cd5fd4.jpg,Fixed,336,336,0,57,,,11172,0,,
367b59faf23fa2cc.jpg,DRIP,336,336,5,58,4661.0,29721.0,11368,23014,0.15682514047306617,0.20252889545494046
367b59faf23fa2cc.jpg,Fixed,336,336,5,57,2478.0,31708.0,11172,23014,0.0781506244480888,0.10767358998870252
367e271ed9fc8b87.jpg,DRIP,336,336,5,59,2711.0,16956.0,11564,8103,0.15988440669969334,0.33456744415648526
367e271ed9fc8b87.jpg,Fixed,336,336,5,57,889.0,18386.0,11172,8103,0.04835200696181877,0.1097124521782056
368adc2e6ded01ba.jpg,DRIP,336,336,0,59,,,11564,0,,
368adc2e6ded01ba.jpg,Fixed,336,336,0,57,,,11172,0,,
36ab0ae0998bfd7b.jpg,DRIP,336,336,0,58,,,11368,0,,
36ab0ae0998bfd7b.jpg,Fixed,336,336,0,57,,,11172,0,,
36f03199a3bb9314.jpg,DRIP,336,336,1,59,322.0,12117.0,11564,875,0.02657423454650491,0.368
36f03199a3bb9314.jpg,Fixed,336,336,1,57,56.0,11991.0,11172,875,0.004670169293636894,0.064
36fd42cb77e64356.jpg,DRIP,336,336,1,58,220.0,11680.0,11368,532,0.018835616438356163,0.41353383458646614
36fd42cb77e64356.jpg,Fixed,336,336,1,57,144.0,11560.0,11172,532,0.01245674740484429,0.2706766917293233
370c1b4abac4b7ec.jpg,DRIP,336,336,2,58,1885.0,13013.0,11368,3530,0.14485514485514486,0.5339943342776204
370c1b4abac4b7ec.jpg,Fixed,336,336,2,57,448.0,14254.0,11172,3530,0.03142977409849867,0.12691218130311616
374a5499a99921da.jpg,DRIP,336,336,4,58,559.0,11964.0,11368,1155,0.04672350384486794,0.48398268398268396
374a5499a99921da.jpg,Fixed,336,336,4,57,0.0,12327.0,11172,1155,0.0,0.0
3758b119662e0fb9.jpg,DRIP,336,336,0,59,,,11564,0,,
3758b119662e0fb9.jpg,Fixed,336,336,0,57,,,11172,0,,
376e3c65515a81d5.jpg,DRIP,336,336,6,58,3150.0,37135.0,11368,28917,0.08482563619227144,0.10893246187363835
376e3c65515a81d5.jpg,Fixed,336,336,6,57,2601.0,37488.0,11172,28917,0.06938220230473752,0.08994708994708994
37749ac2f2f8693c.jpg,DRIP,336,336,11,59,3459.0,20405.0,11564,12300,0.16951727517765253,0.281219512195122
37749ac2f2f8693c.jpg,Fixed,336,336,11,57,1169.0,22303.0,11172,12300,0.05241447338923015,0.09504065040650407
378ca6a768c18c8c.jpg,DRIP,336,336,0,59,,,11564,0,,
378ca6a768c18c8c.jpg,Fixed,336,336,0,57,,,11172,0,,
379f7440ed68e416.jpg,DRIP,336,336,0,59,,,11564,0,,
379f7440ed68e416.jpg,Fixed,336,336,0,57,,,11172,0,,
37a86e96617e7d15.jpg,DRIP,336,336,5,59,1647.0,19837.0,11564,9920,0.08302666733881131,0.1660282258064516
37a86e96617e7d15.jpg,Fixed,336,336,5,57,834.0,20258.0,11172,9920,0.04116892092013032,0.0840725806451613
37dac8415dce73d8.jpg,DRIP,336,336,0,59,,,11564,0,,
37dac8415dce73d8.jpg,Fixed,336,336,0,57,,,11172,0,,
37fd0f0a590e197f.jpg,DRIP,336,336,2,58,4004.0,38219.0,11368,30855,0.10476464585677281,0.12976827094474153
37fd0f0a590e197f.jpg,Fixed,336,336,2,57,3312.0,38715.0,11172,30855,0.08554823711739636,0.1073407875546913
3833c22fed53a60b.jpg,DRIP,336,336,3,58,1320.0,12912.0,11368,2864,0.10223048327137546,0.46089385474860334
3833c22fed53a60b.jpg,Fixed,336,336,3,57,344.0,13692.0,11172,2864,0.025124160093485247,0.12011173184357542
384fc39d0e448706.jpg,DRIP,336,336,0,58,,,11368,0,,
384fc39d0e448706.jpg,Fixed,336,336,0,57,,,11172,0,,
389c1a6eec7d63de.jpg,DRIP,336,336,0,58,,,11368,0,,
389c1a6eec7d63de.jpg,Fixed,336,336,0,57,,,11172,0,,
38b6026faf6ea9d1.jpg,DRIP,336,336,11,59,4150.0,30246.0,11564,22832,0.13720822588110826,0.1817624386825508
38b6026faf6ea9d1.jpg,Fixed,336,336,11,57,2229.0,31775.0,11172,22832,0.0701494885916601,0.09762613875262789
38b947e05882e25b.jpg,DRIP,336,336,4,59,6480.0,21895.0,11564,16811,0.29595798127426354,0.3854618999464636
38b947e05882e25b.jpg,Fixed,336,336,4,57,1704.0,26279.0,11172,16811,0.06484265002473458,0.10136220331925525
38c6e7f83fa5b7ed.jpg,DRIP,336,336,4,59,1364.0,13307.0,11564,3107,0.10250244232358909,0.43900869005471516
38c6e7f83fa5b7ed.jpg,Fixed,336,336,4,57,273.0,14006.0,11172,3107,0.019491646437241182,0.08786610878661087
38daaabe0bd76282.jpg,DRIP,336,336,0,59,,,11564,0,,
38daaabe0bd76282.jpg,Fixed,336,336,0,57,,,11172,0,,
38f05614e4a09be2.jpg,DRIP,336,336,5,59,4987.0,39075.0,11564,32498,0.12762635956493923,0.15345559726752417
38f05614e4a09be2.jpg,Fixed,336,336,5,57,3410.0,40260.0,11172,32498,0.08469945355191257,0.10492953412517693
391a6d50a130f00b.jpg,DRIP,336,336,3,58,872.0,15728.0,11368,5232,0.055442522889114956,0.16666666666666666
391a6d50a130f00b.jpg,Fixed,336,336,3,57,408.0,15996.0,11172,5232,0.025506376594148537,0.0779816513761468
393bbc75bb8d82c9.jpg,DRIP,336,336,14,59,840.0,27502.0,11564,16778,0.030543233219402225,0.05006556204553582
393bbc75bb8d82c9.jpg,Fixed,336,336,14,57,1567.0,26383.0,11172,16778,0.059394306940075046,0.09339611395875551
394932daa95bad63.jpg,DRIP,336,336,3,58,1250.0,12170.0,11368,2052,0.10271158586688578,0.6091617933723197
394932daa95bad63.jpg,Fixed,336,336,3,57,207.0,13017.0,11172,2052,0.015902281631712378,0.10087719298245613
39989e0611712a64.jpg,DRIP,336,336,3,58,312.0,12574.0,11368,1518,0.02481310641005249,0.20553359683794467
39989e0611712a64.jpg,Fixed,336,336,3,57,176.0,12514.0,11172,1518,0.014064248042192744,0.11594202898550725
39a9925a3a8f4c4b.jpg,DRIP,336,336,1,59,336.0,14514.0,11564,3286,0.02315006200909467,0.10225197808886184
39a9925a3a8f4c4b.jpg,Fixed,336,336,1,57,94.0,14364.0,11172,3286,0.006544138123085491,0.028606208155812538
39bdb52aa20a4a1f.jpg,DRIP,336,336,13,59,3088.0,23108.0,11564,14632,0.13363337372338585,0.21104428649535265
39bdb52aa20a4a1f.jpg,Fixed,336,336,13,57,1218.0,24586.0,11172,14632,0.04954038883917677,0.08324220885729908
39c6a622805a6e69.jpg,DRIP,336,336,2,59,994.0,22041.0,11564,11471,0.0450977723333787,0.08665329962514166
39c6a622805a6e69.jpg,Fixed,336,336,2,57,1162.0,21481.0,11172,11471,0.05409431590708068,0.1012989277307994
39e50ec417577dab.jpg,DRIP,336,336,3,59,4688.0,28779.0,11564,21903,0.16289655651690468,0.21403460713144318
39e50ec417577dab.jpg,Fixed,336,336,3,57,1834.0,31241.0,11172,21903,0.05870490701321981,0.08373282198785555
3a009c3f00298ffa.jpg,DRIP,336,336,1,58,1608.0,33735.0,11368,23975,0.047665629168519345,0.06706986444212722
3a009c3f00298ffa.jpg,Fixed,336,336,1,57,2170.0,32977.0,11172,23975,0.06580343876034812,0.0905109489051095
3a0310534176b044.jpg,DRIP,336,336,2,58,1108.0,14196.0,11368,3936,0.0780501549732319,0.2815040650406504
3a0310534176b044.jpg,Fixed,336,336,2,57,350.0,14758.0,11172,3936,0.023715950670822605,0.08892276422764228
3a0a1188183c48bf.jpg,DRIP,336,336,3,59,2683.0,16037.0,11564,7156,0.16730061732244186,0.37493012856344327
3a0a1188183c48bf.jpg,Fixed,336,336,3,57,609.0,17719.0,11172,7156,0.03436988543371522,0.08510340972610397
3a21c57c73ca89e8.jpg,DRIP,336,336,3,59,0.0,12923.0,11564,1359,0.0,0.0
3a21c57c73ca89e8.jpg,Fixed,336,336,3,57,234.0,12297.0,11172,1359,0.01902903147109051,0.17218543046357615
3a496674df6dee5b.jpg,DRIP,336,336,0,58,,,11368,0,,
3a496674df6dee5b.jpg,Fixed,336,336,0,57,,,11172,0,,
3a824834ad2ad774.jpg,DRIP,336,336,5,58,2571.0,12835.0,11368,4038,0.2003116478379431,0.6367013372956909
3a824834ad2ad774.jpg,Fixed,336,336,5,57,420.0,14790.0,11172,4038,0.028397565922920892,0.10401188707280833
3a9ace8fe0b98d4b.jpg,DRIP,336,336,1,59,700.0,12544.0,11564,1680,0.05580357142857143,0.4166666666666667
3a9ace8fe0b98d4b.jpg,Fixed,336,336,1,57,252.0,12600.0,11172,1680,0.02,0.15
3aa32bad16fa5724.jpg,DRIP,336,336,3,59,1190.0,13973.0,11564,3599,0.08516424533027983,0.3306474020561267
3aa32bad16fa5724.jpg,Fixed,336,336,3,57,320.0,14451.0,11172,3599,0.02214379627707425,0.08891358710752988
3ad13328fbbd63be.jpg,DRIP,336,336,12,59,5041.0,30666.0,11564,24143,0.16438400834800757,0.20879758107940188
3ad13328fbbd63be.jpg,Fixed,336,336,12,57,2294.0,33021.0,11172,24143,0.06947094273341207,0.09501718924740091
3ae3a5d5231260ac.jpg,DRIP,336,336,0,59,,,11564,0,,
3ae3a5d5231260ac.jpg,Fixed,336,336,0,57,,,11172,0,,
3aedcf6c7be3e78d.jpg,DRIP,336,336,10,59,6201.0,28728.0,11564,23365,0.21585213032581455,0.26539696126685214
3aedcf6c7be3e78d.jpg,Fixed,336,336,10,57,2176.0,32361.0,11172,23365,0.06724143258860975,0.09313075112347528
3b17d8cd174ce244.jpg,DRIP,336,336,24,59,5084.0,33895.0,11564,27415,0.14999262428086738,0.18544592376436259
3b17d8cd174ce244.jpg,Fixed,336,336,24,57,2435.0,36152.0,11172,27415,0.06735450320867449,0.08881998905708553
3b2871447ec226f4.jpg,DRIP,336,336,0,58,,,11368,0,,
3b2871447ec226f4.jpg,Fixed,336,336,0,57,,,11172,0,,
3b3ada7d1c90eb0c.jpg,DRIP,336,336,10,58,1310.0,23805.0,11368,13747,0.05503045578659945,0.09529351858587329
3b3ada7d1c90eb0c.jpg,Fixed,336,336,10,57,1295.0,23624.0,11172,13747,0.05481713511683034,0.09420237142649306
3b3b00b9c7381e3d.jpg,DRIP,336,336,1,58,11368.0,112896.0,11368,112896,0.10069444444444445,0.10069444444444445
3b3b00b9c7381e3d.jpg,Fixed,336,336,1,57,11172.0,112896.0,11172,112896,0.09895833333333333,0.09895833333333333
3b653f4246fa874f.jpg,DRIP,336,336,0,58,,,11368,0,,
3b653f4246fa874f.jpg,Fixed,336,336,0,57,,,11172,0,,
3b6bd1441e8b0483.jpg,DRIP,336,336,0,58,,,11368,0,,
3b6bd1441e8b0483.jpg,Fixed,336,336,0,57,,,11172,0,,
3b6d52b6577f159f.jpg,DRIP,336,336,2,59,1726.0,18807.0,11564,8969,0.09177433934173446,0.1924406288326458
3b6d52b6577f159f.jpg,Fixed,336,336,2,57,728.0,19413.0,11172,8969,0.03750064389841858,0.08116846917159104
3b83c9045221a18b.jpg,DRIP,336,336,4,59,1372.0,17125.0,11564,6933,0.08011678832116788,0.19789412952545796
3b83c9045221a18b.jpg,Fixed,336,336,4,57,856.0,17249.0,11172,6933,0.04962606527914662,0.12346747439780759
3b9477019a4cad4a.jpg,DRIP,336,336,2,59,877.0,12164.0,11564,1477,0.07209799408089444,0.5937711577522004
3b9477019a4cad4a.jpg,Fixed,336,336,2,57,28.0,12621.0,11172,1477,0.0022185246810870773,0.018957345971563982
3b9b02bcd3f99c1a.jpg,DRIP,336,336,1,58,0.0,12528.0,11368,1160,0.0,0.0
3b9b02bcd3f99c1a.jpg,Fixed,336,336,1,57,72.0,12260.0,11172,1160,0.005872756933115824,0.06206896551724138
3bbba5039caf62d2.jpg,DRIP,336,336,3,59,1832.0,25695.0,11564,15963,0.07129791788285658,0.11476539497588173
3bbba5039caf62d2.jpg,Fixed,336,336,3,57,1682.0,25453.0,11172,15963,0.06608258358543197,0.10536866503790014
3bd3051b935bc275.jpg,DRIP,336,336,8,58,752.0,16192.0,11368,5576,0.046442687747035576,0.13486370157819225
3bd3051b935bc275.jpg,Fixed,336,336,8,57,580.0,16168.0,11172,5576,0.03587333003463632,0.10401721664275466
3bd571796c589e2b.jpg,DRIP,336,336,5,59,2021.0,14466.0,11564,4923,0.1397068989354348,0.4105220394068657
3bd571796c589e2b.jpg,Fixed,336,336,5,57,410.0,15685.0,11172,4923,0.02613962384443736,0.08328255128986391
3bd698fbb57028c2.jpg,DRIP,336,336,4,59,2590.0,24183.0,11564,15209,0.10710002894595377,0.17029390492471563
3bd698fbb57028c2.jpg,Fixed,336,336,4,57,1679.0,24702.0,11172,15209,0.06797020484171322,0.11039516076007627
3bde17bb37d4e456.jpg,DRIP,336,336,5,58,4267.0,24312.0,11368,17211,0.17551003619611713,0.2479228400441578
3bde17bb37d4e456.jpg,Fixed,336,336,5,57,1384.0,26999.0,11172,17211,0.05126115782066003,0.08041368891987682
3bf349945dde8076.jpg,DRIP,336,336,16,59,3930.0,20828.0,11564,13194,0.1886883042058767,0.29786266484765805
3bf349945dde8076.jpg,Fixed,336,336,16,57,1435.0,22931.0,11172,13194,0.06257904147224282,0.10876155828406851
3c3facf86ba8ad00.jpg,DRIP,336,336,2,59,712.0,12267.0,11564,1415,0.05804190103529795,0.5031802120141343
3c3facf86ba8ad00.jpg,Fixed,336,336,2,57,126.0,12461.0,11172,1415,0.010111548029853142,0.08904593639575972
3c40483915ebac16.jpg,DRIP,336,336,6,59,6777.0,35583.0,11564,30796,0.1904561166849338,0.22006104688920639
3c40483915ebac16.jpg,Fixed,336,336,6,57,3048.0,38920.0,11172,30796,0.07831449126413155,0.0989738927133394
3c5da59852fcad8b.jpg,DRIP,336,336,0,58,,,11368,0,,
3c5da59852fcad8b.jpg,Fixed,336,336,0,57,,,11172,0,,
3c602e96bdff001e.jpg,DRIP,336,336,7,58,2263.0,14316.0,11368,5211,0.1580748812517463,0.4342736518902322
3c602e96bdff001e.jpg,Fixed,336,336,7,57,390.0,15993.0,11172,5211,0.024385668730069407,0.07484168105929764
3c6a7bac733e2077.jpg,DRIP,336,336,16,58,4164.0,35275.0,11368,28071,0.11804394046775336,0.1483381425670621
3c6a7bac733e2077.jpg,Fixed,336,336,16,57,2719.0,36524.0,11172,28071,0.0744442010732669,0.09686152969256528
3c76d81fdaf6ef99.jpg,DRIP,336,336,8,59,1084.0,24641.0,11564,14161,0.04399172111521448,0.07654826636536968
3c76d81fdaf6ef99.jpg,Fixed,336,336,8,57,1341.0,23992.0,11172,14161,0.055893631210403465,0.09469670221029589
3c7a80183cceeab5.jpg,DRIP,336,336,20,58,7029.0,36587.0,11368,32248,0.1921174187552956,0.2179670057057802
3c7a80183cceeab5.jpg,Fixed,336,336,20,57,3444.0,39976.0,11172,32248,0.08615169101460876,0.1067973207640784
3c92ab3c46017e79.jpg,DRIP,336,336,1,59,364.0,11941.0,11564,741,0.030483209111464703,0.49122807017543857
3c92ab3c46017e79.jpg,Fixed,336,336,1,57,196.0,11717.0,11172,741,0.016727831356149185,0.26450742240215924
3c96db0d9c0060e5.jpg,DRIP,336,336,8,59,3920.0,21765.0,11564,14121,0.18010567424764531,0.2776007364917499
3c96db0d9c0060e5.jpg,Fixed,336,336,8,57,1509.0,23784.0,11172,14121,0.0634460141271443,0.10686212024644147
3c98cff1f31a0e0c.jpg,DRIP,336,336,3,59,5950.0,55588.0,11564,49974,0.10703749010577823,0.11906191219434106
3c98cff1f31a0e0c.jpg,Fixed,336,336,3,57,5059.0,56087.0,11172,49974,0.09019915488437606,0.10123264097330611
3c9b8f96d24dbdf5.jpg,DRIP,336,336,7,59,5673.0,34293.0,11564,28402,0.16542734668882864,0.19973945496796
3c9b8f96d24dbdf5.jpg,Fixed,336,336,7,57,2994.0,36580.0,11172,28402,0.08184800437397485,0.10541511161185832
3ca63ec0db2f5762.jpg,DRIP,336,336,2,59,3640.0,24730.0,11564,16806,0.14718964820056613,0.21658931334047363
3ca63ec0db2f5762.jpg,Fixed,336,336,2,57,1663.0,26315.0,11172,16806,0.06319589587687631,0.09895275496846365
3cabd5faa931f343.jpg,DRIP,336,336,1,59,380.0,11984.0,11564,800,0.03170894526034713,0.475
3cabd5faa931f343.jpg,Fixed,336,336,1,57,56.0,11916.0,11172,800,0.004699563611950319,0.07
3cb78dafd48fb066.jpg,DRIP,336,336,2,59,2110.0,14027.0,11564,4573,0.15042418193483995,0.4614038924119834
3cb78dafd48fb066.jpg,Fixed,336,336,2,57,406.0,15339.0,11172,4573,0.026468479040354653,0.08878198119396458
3cef7233584d4608.jpg,DRIP,336,336,3,58,3724.0,19872.0,11368,12228,0.18739935587761675,0.304546941445862
3cef7233584d4608.jpg,Fixed,336,336,3,57,1386.0,22014.0,11172,12228,0.06295993458708095,0.11334641805691854
3d21ebdcd1fbac81.jpg,DRIP,336,336,0,59,,,11564,0,,
3d21ebdcd1fbac81.jpg,Fixed,336,336,0,57,,,11172,0,,
3d27ed4334548acc.jpg,DRIP,336,336,3,59,2355.0,14184.0,11564,4975,0.1660321489001692,0.4733668341708543
3d27ed4334548acc.jpg,Fixed,336,336,3,57,519.0,15628.0,11172,4975,0.03320962375223957,0.104321608040201
3d647d914e314ba8.jpg,DRIP,336,336,4,58,1235.0,13621.0,11368,3488,0.09066882020409661,0.3540711009174312
3d647d914e314ba8.jpg,Fixed,336,336,4,57,448.0,14212.0,11172,3488,0.031522656909653814,0.12844036697247707
3d70197ad2bd245c.jpg,DRIP,336,336,9,59,2943.0,21878.0,11564,13257,0.13451869457902915,0.2219959266802444
3d70197ad2bd245c.jpg,Fixed,336,336,9,57,1274.0,23155.0,11172,13257,0.05502051392787735,0.09610017349324886
3d846a3fe2774db1.jpg,DRIP,336,336,8,59,1480.0,22012.0,11564,11928,0.0672360530619662,0.12407780013413816
3d846a3fe2774db1.jpg,Fixed,336,336,8,57,1326.0,21774.0,11172,11928,0.060898319096169745,0.11116700201207244
3d9e5a5b18fe5930.jpg,DRIP,336,336,4,59,1616.0,19418.0,11564,9470,0.08322175301266865,0.1706441393875396
3d9e5a5b18fe5930.jpg,Fixed,336,336,4,57,945.0,19697.0,11172,9470,0.04797684926638574,0.09978880675818373
3dff2d7f20513b62.jpg,DRIP,336,336,1,59,56.0,12779.0,11564,1271,0.004382189529697159,0.044059795436664044
3dff2d7f20513b62.jpg,Fixed,336,336,1,57,168.0,12275.0,11172,1271,0.013686354378818738,0.13217938630999213
3e0f91554117e4ab.jpg,DRIP,336,336,22,59,6636.0,46724.0,11564,41796,0.14202551151442513,0.15877117427505025
3e0f91554117e4ab.jpg,Fixed,336,336,22,57,4350.0,48618.0,11172,41796,0.08947303467851413,0.10407694516221648
3e3d48572cd5d62f.jpg,DRIP,336,336,1,59,0.0,12108.0,11564,544,0.0,0.0
3e3d48572cd5d62f.jpg,Fixed,336,336,1,57,120.0,11596.0,11172,544,0.010348395998620214,0.22058823529411764
3e52cb7168026aa4.jpg,DRIP,336,336,0,59,,,11564,0,,
3e52cb7168026aa4.jpg,Fixed,336,336,0,57,,,11172,0,,
3e76010859982118.jpg,DRIP,336,336,1,58,260.0,12097.0,11368,989,0.021492932131933536,0.26289180990899896
3e76010859982118.jpg,Fixed,336,336,1,57,154.0,12007.0,11172,989,0.012825851586574498,0.1557128412537917
3e955778cd863cd4.jpg,DRIP,336,336,5,59,3146.0,14796.0,11564,6378,0.212625033792917,0.4932580746315459
3e955778cd863cd4.jpg,Fixed,336,336,5,57,680.0,16870.0,11172,6378,0.04030823947836396,0.1066164941988084
3e9f4b20654a1b53.jpg,DRIP,336,336,20,59,3736.0,42950.0,11564,35122,0.0869848661233993,0.10637207448322988
3e9f4b20654a1b53.jpg,Fixed,336,336,20,57,3840.0,42454.0,11172,35122,0.09045084091016159,0.10933318148169238
3ea9571a1d3dbce4.jpg,DRIP,336,336,1,58,560.0,12142.0,11368,1334,0.0461209026519519,0.4197901049475262
3ea9571a1d3dbce4.jpg,Fixed,336,336,1,57,52.0,12454.0,11172,1334,0.0041753653444676405,0.038980509745127435
3eb794a6490d3096.jpg,DRIP,336,336,1,59,171.0,11796.0,11564,403,0.01449643947100712,0.42431761786600497
3eb794a6490d3096.jpg,Fixed,336,336,1,57,0.0,11575.0,11172,403,0.0,0.0
3ed28d501c23df49.jpg,DRIP,336,336,4,59,4143.0,26721.0,11564,19300,0.15504659256764342,0.21466321243523315
3ed28d501c23df49.jpg,Fixed,336,336,4,57,1785.0,28687.0,11172,19300,0.0622233067243002,0.09248704663212436
3f1ffbfd9c2de918.jpg,DRIP,336,336,0,59,,,11564,0,,
3f1ffbfd9c2de918.jpg,Fixed,336,336,0,57,,,11172,0,,
3f232256d9935c25.jpg,DRIP,336,336,1,58,1017.0,12376.0,11368,2025,0.08217517776341306,0.5022222222222222
3f232256d9935c25.jpg,Fixed,336,336,1,57,77.0,13120.0,11172,2025,0.00586890243902439,0.03802469135802469
3f2678c2f137d5a8.jpg,DRIP,336,336,4,59,1407.0,14191.0,11564,4034,0.0991473469100134,0.34878532473971247
3f2678c2f137d5a8.jpg,Fixed,336,336,4,57,328.0,14878.0,11172,4034,0.02204597392122597,0.0813088745661874
3f29c81295834db8.jpg,DRIP,336,336,1,58,619.0,11718.0,11368,969,0.0528247141150367,0.6388028895768834
3f29c81295834db8.jpg,Fixed,336,336,1,57,126.0,12015.0,11172,969,0.010486891385767791,0.13003095975232198
3f2cf3a41f5038ad.jpg,DRIP,336,336,1,58,208.0,11616.0,11368,456,0.01790633608815427,0.45614035087719296
3f2cf3a41f5038ad.jpg,Fixed,336,336,1,57,52.0,11576.0,11172,456,0.004492052522460262,0.11403508771929824
3f2d13c846eb4541.jpg,DRIP,336,336,4,59,2238.0,14477.0,11564,5151,0.15459003937279822,0.4344787419918462
3f2d13c846eb4541.jpg,Fixed,336,336,4,57,511.0,15812.0,11172,5151,0.03231722742221098,0.0992040380508639
3f320652403faca3.jpg,DRIP,336,336,1,59,588.0,16317.0,11564,5341,0.036036036036036036,0.11009174311926606
3f320652403faca3.jpg,Fixed,336,336,1,57,637.0,15876.0,11172,5341,0.040123456790123455,0.11926605504587157
3f3225ec1ed3cc69.jpg,DRIP,336,336,0,58,,,11368,0,,
3f3225ec1ed3cc69.jpg,Fixed,336,336,0,57,,,11172,0,,
3f49275613bd6a76.jpg,DRIP,336,336,7,58,629.0,17849.0,11368,7110,0.035240069471679084,0.08846694796061885
3f49275613bd6a76.jpg,Fixed,336,336,7,57,720.0,17562.0,11172,7110,0.040997608472839085,0.10126582278481013
3f49a46ec9a6db62.jpg,DRIP,336,336,1,58,525.0,11368.0,11368,525,0.046182266009852216,1.0
3f49a46ec9a6db62.jpg,Fixed,336,336,1,57,132.0,11565.0,11172,525,0.011413748378728923,0.25142857142857145
3f556e94f6e542ec.jpg,DRIP,336,336,2,58,4664.0,29989.0,11368,23285,0.15552369202040747,0.2003006227184883
3f556e94f6e542ec.jpg,Fixed,336,336,2,57,2441.0,32016.0,11172,23285,0.07624312843578211,0.10483143654713335
3f5f85322db0fbdd.jpg,DRIP,336,336,0,59,,,11564,0,,
3f5f85322db0fbdd.jpg,Fixed,336,336,0,57,,,11172,0,,
3f627247c3b8b068.jpg,DRIP,336,336,0,59,,,11564,0,,
3f627247c3b8b068.jpg,Fixed,336,336,0,57,,,11172,0,,
3f7b8d8a638cc137.jpg,DRIP,336,336,3,59,4646.0,20820.0,11564,13902,0.22315081652257446,0.3341965184865487
3f7b8d8a638cc137.jpg,Fixed,336,336,3,57,1352.0,23722.0,11172,13902,0.056993508135907596,0.09725219392893109
3f9235a71c8ea0ee.jpg,DRIP,336,336,2,58,737.0,12292.0,11368,1661,0.05995769606247966,0.44370860927152317
3f9235a71c8ea0ee.jpg,Fixed,336,336,2,57,42.0,12791.0,11172,1661,0.003283558752247674,0.025285972305839857
3f99ed4e4dd075d5.jpg,DRIP,336,336,8,59,3290.0,23273.0,11564,14999,0.14136553087268508,0.21934795653043537
3f99ed4e4dd075d5.jpg,Fixed,336,336,8,57,1458.0,24713.0,11172,14999,0.05899728887629992,0.0972064804320288
40075f98e66f4370.jpg,DRIP,336,336,1,58,392.0,17691.0,11368,6715,0.02215815951613815,0.058376768428890544
40075f98e66f4370.jpg,Fixed,336,336,1,57,714.0,17173.0,11172,6715,0.04157689396145112,0.10632911392405063
4024aa4c83fa68c1.jpg,DRIP,336,336,0,58,,,11368,0,,
4024aa4c83fa68c1.jpg,Fixed,336,336,0,57,,,11172,0,,
40305babc0cffc30.jpg,DRIP,336,336,0,58,,,11368,0,,
40305babc0cffc30.jpg,Fixed,336,336,0,57,,,11172,0,,
405bf78877b4350a.jpg,DRIP,336,336,1,58,5978.0,29672.0,11368,24282,0.20146939875977352,0.24619059385553085
405bf78877b4350a.jpg,Fixed,336,336,1,57,2184.0,33270.0,11172,24282,0.06564472497745717,0.08994316777860144
406565e29bd8e30c.jpg,DRIP,336,336,1,59,1430.0,12006.0,11564,1872,0.11910711311011161,0.7638888888888888
406565e29bd8e30c.jpg,Fixed,336,336,1,57,338.0,12706.0,11172,1872,0.026601605540689438,0.18055555555555555
40882a42d8d66b36.jpg,DRIP,336,336,5,58,4173.0,17350.0,11368,10155,0.24051873198847262,0.41093057607090105
40882a42d8d66b36.jpg,Fixed,336,336,5,57,784.0,20543.0,11172,10155,0.038163851433578345,0.07720334810438208
409214119193a523.jpg,DRIP,336,336,2,59,378.0,11879.0,11564,693,0.03182086034177961,0.5454545454545454
409214119193a523.jpg,Fixed,336,336,2,57,14.0,11851.0,11172,693,0.0011813349084465446,0.020202020202020204
409f0ce383202b3a.jpg,DRIP,336,336,4,58,336.0,12971.0,11368,1939,0.025903939557474366,0.17328519855595667
409f0ce383202b3a.jpg,Fixed,336,336,4,57,308.0,12803.0,11172,1939,0.02405686167304538,0.1588447653429603
40b8439ee1cec6aa.jpg,DRIP,336,336,1,59,,,11564,0,,
40b8439ee1cec6aa.jpg,Fixed,336,336,1,57,,,11172,0,,
40c5874fdaf7bc98.jpg,DRIP,336,336,8,59,5787.0,40505.0,11564,34728,0.1428712504629058,0.16663787145818937
40c5874fdaf7bc98.jpg,Fixed,336,336,8,57,3225.0,42675.0,11172,34728,0.07557117750439367,0.09286454733932274
40c6b4dd3caa006f.jpg,DRIP,336,336,19,59,2478.0,23870.0,11564,14784,0.10381231671554252,0.16761363636363635
40c6b4dd3caa006f.jpg,Fixed,336,336,19,57,1471.0,24485.0,11172,14784,0.06007759852971207,0.09949945887445888
4109ee5da3327a0e.jpg,DRIP,336,336,2,58,657.0,11658.0,11368,947,0.056356150283067424,0.6937697993664202
4109ee5da3327a0e.jpg,Fixed,336,336,2,57,46.0,12073.0,11172,947,0.0038101548910792677,0.048574445617740235
41160be1337c198b.jpg,DRIP,336,336,0,59,,,11564,0,,
41160be1337c198b.jpg,Fixed,336,336,0,57,,,11172,0,,
41342cc541f8caab.jpg,DRIP,336,336,19,59,5012.0,33455.0,11564,26903,0.14981318188611567,0.1862989257703602
41342cc541f8caab.jpg,Fixed,336,336,19,57,2598.0,35477.0,11172,26903,0.07323054373255912,0.0965691558562242
4134e276835f0bb7.jpg,DRIP,336,336,8,59,5844.0,36518.0,11564,30798,0.1600306698066707,0.18975258133645043
4134e276835f0bb7.jpg,Fixed,336,336,8,57,2862.0,39108.0,11172,30798,0.07318195765572262,0.0929281122150789
41436ea62781b483.jpg,DRIP,336,336,0,58,,,11368,0,,
41436ea62781b483.jpg,Fixed,336,336,0,57,,,11172,0,,
416460c1037d84b7.jpg,DRIP,336,336,1,59,434.0,12680.0,11564,1550,0.03422712933753943,0.28
416460c1037d84b7.jpg,Fixed,336,336,1,57,112.0,12610.0,11172,1550,0.008881839809674861,0.07225806451612904
416735f0c7dda0f4.jpg,DRIP,336,336,2,59,812.0,13175.0,11564,2423,0.06163187855787476,0.33512174989682214
416735f0c7dda0f4.jpg,Fixed,336,336,2,57,274.0,13321.0,11172,2423,0.02056902634937317,0.1130829550144449
4182c65b030c236b.jpg,DRIP,336,336,6,58,443.0,17331.0,11368,6406,0.025561133229473197,0.06915391820168591
4182c65b030c236b.jpg,Fixed,336,336,6,57,520.0,17058.0,11172,6406,0.030484230273185604,0.08117389946924758
41b6cf0a7d56a228.jpg,DRIP,336,336,31,59,8773.0,92590.0,11564,89799,0.09475105302948482,0.09769596543391351
41b6cf0a7d56a228.jpg,Fixed,336,336,31,57,8722.0,92249.0,11172,89799,0.09454845038970612,0.09712803037895745
41bef1aafccc6043.jpg,DRIP,336,336,0,58,,,11368,0,,
41bef1aafccc6043.jpg,Fixed,336,336,0,57,,,11172,0,,
41d49c7d94ecf22c.jpg,DRIP,336,336,44,59,4940.0,30233.0,11564,23609,0.16339761188105711,0.2092422381295269
41d49c7d94ecf22c.jpg,Fixed,336,336,44,57,2172.0,32609.0,11172,23609,0.06660737833113557,0.09199881401160574
41fd69a9e115a900.jpg,DRIP,336,336,7,59,2844.0,18775.0,11564,10055,0.1514780292942743,0.2828443560417703
41fd69a9e115a900.jpg,Fixed,336,336,7,57,1086.0,20141.0,11172,10055,0.05391986495208778,0.10800596718050721
42060484e0970279.jpg,DRIP,336,336,1,58,784.0,12399.0,11368,1815,0.06323090571820308,0.4319559228650138
42060484e0970279.jpg,Fixed,336,336,1,57,196.0,12791.0,11172,1815,0.015323274177155812,0.10798898071625344
4214185d9983f04d.jpg,DRIP,336,336,10,59,650.0,13809.0,11564,2895,0.04707075095951915,0.22452504317789293
4214185d9983f04d.jpg,Fixed,336,336,10,57,410.0,13657.0,11172,2895,0.030021234531741964,0.14162348877374784
42207702ddb341c2.jpg,DRIP,336,336,13,58,5267.0,28454.0,11368,22353,0.185105784775427,0.23562832729387553
42207702ddb341c2.jpg,Fixed,336,336,13,57,1916.0,31609.0,11172,22353,0.06061564744218419,0.08571556390641077
42438ea807df291b.jpg,DRIP,336,336,7,59,1380.0,14535.0,11564,4351,0.09494324045407637,0.3171684670190761
42438ea807df291b.jpg,Fixed,336,336,7,57,516.0,15007.0,11172,4351,0.034383954154727794,0.11859342679843714
425346b4ddd58ab8.jpg,DRIP,336,336,2,58,532.0,15757.0,11368,4921,0.033762772101288314,0.10810810810810811
425346b4ddd58ab8.jpg,Fixed,336,336,2,57,546.0,15547.0,11172,4921,0.035119315623592974,0.11095305832147938
4269e5aabf755470.jpg,DRIP,336,336,19,58,4819.0,33911.0,11368,27362,0.14210728082333166,0.17612016665448432
4269e5aabf755470.jpg,Fixed,336,336,19,57,2610.0,35924.0,11172,27362,0.0726533793564191,0.09538776405233536
4274662695ec1f91.jpg,DRIP,336,336,0,58,,,11368,0,,
4274662695ec1f91.jpg,Fixed,336,336,0,57,,,11172,0,,
428b829ee3b65fe3.jpg,DRIP,336,336,1,59,1036.0,13228.0,11564,2700,0.07831871787118234,0.3837037037037037
428b829ee3b65fe3.jpg,Fixed,336,336,1,57,262.0,13610.0,11172,2700,0.019250551065393095,0.09703703703703703
4291d7f31aa881c8.jpg,DRIP,336,336,36,59,7059.0,61940.0,11564,57435,0.11396512754278335,0.12290415252024027
4291d7f31aa881c8.jpg,Fixed,336,336,36,57,5302.0,63305.0,11172,57435,0.08375325803649,0.09231304953425612
42b627d053171f67.jpg,DRIP,336,336,0,58,,,11368,0,,
42b627d053171f67.jpg,Fixed,336,336,0,57,,,11172,0,,
42eaff6905e7c397.jpg,DRIP,336,336,1,59,458.0,12031.0,11564,925,0.03806832349763112,0.49513513513513513
42eaff6905e7c397.jpg,Fixed,336,336,1,57,168.0,11929.0,11172,925,0.014083326347556374,0.18162162162162163
42f525eb96da8ac3.jpg,DRIP,336,336,2,59,1278.0,12416.0,11564,2130,0.10293170103092783,0.6
42f525eb96da8ac3.jpg,Fixed,336,336,2,57,112.0,13190.0,11172,2130,0.00849128127369219,0.05258215962441314
42fd98019da0fead.jpg,DRIP,336,336,4,58,1449.0,13711.0,11368,3792,0.10568156954270294,0.38212025316455694
42fd98019da0fead.jpg,Fixed,336,336,4,57,462.0,14502.0,11172,3792,0.031857674803475386,0.12183544303797468
42ff6f8b2d1e4cdd.jpg,DRIP,336,336,7,59,4686.0,25181.0,11564,18303,0.18609268893213138,0.25602360268808394
42ff6f8b2d1e4cdd.jpg,Fixed,336,336,7,57,1373.0,28102.0,11172,18303,0.048857732545726285,0.07501502485931268
43142b9fa969ed5e.jpg,DRIP,336,336,0,59,,,11564,0,,
43142b9fa969ed5e.jpg,Fixed,336,336,0,57,,,11172,0,,
4337600d8b432017.jpg,DRIP,336,336,3,58,901.0,12339.0,11368,1872,0.07302050409271416,0.4813034188034188
4337600d8b432017.jpg,Fixed,336,336,3,57,210.0,12834.0,11172,1872,0.016362786348761104,0.11217948717948718
434891a8e947f19d.jpg,DRIP,336,336,20,59,4562.0,41860.0,11564,34858,0.10898232202580029,0.13087383097136956
434891a8e947f19d.jpg,Fixed,336,336,20,57,3427.0,42603.0,11172,34858,0.080440344576673,0.09831315623386311
434af46a99f114a9.jpg,DRIP,336,336,1,58,600.0,11522.0,11368,754,0.05207429265752474,0.7957559681697612
434af46a99f114a9.jpg,Fixed,336,336,1,57,0.0,11926.0,11172,754,0.0,0.0
436bc582d7b9457d.jpg,DRIP,336,336,11,58,1631.0,21782.0,11368,12045,0.07487833991369021,0.13540888335408882
436bc582d7b9457d.jpg,Fixed,336,336,11,57,1251.0,21966.0,11172,12045,0.05695165255394701,0.10386052303860523
437df7ccfc9d3d40.jpg,DRIP,336,336,0,59,,,11564,0,,
437df7ccfc9d3d40.jpg,Fixed,336,336,0,57,,,11172,0,,
439269de33b4ffe7.jpg,DRIP,336,336,2,59,901.0,12460.0,11564,1797,0.07231139646869984,0.5013912075681691
439269de33b4ffe7.jpg,Fixed,336,336,2,57,96.0,12873.0,11172,1797,0.0074574691214169195,0.05342237061769616
43c4cf02486f1554.jpg,DRIP,336,336,0,59,,,11564,0,,
43c4cf02486f1554.jpg,Fixed,336,336,0,57,,,11172,0,,
43d24d5cd7aa9792.jpg,DRIP,336,336,0,59,,,11564,0,,
43d24d5cd7aa9792.jpg,Fixed,336,336,0,57,,,11172,0,,
43e3bdf5255ebbc6.jpg,DRIP,336,336,3,59,1228.0,15380.0,11564,5044,0.07984395318595579,0.24345757335448057
43e3bdf5255ebbc6.jpg,Fixed,336,336,3,57,448.0,15768.0,11172,5044,0.028411973617453068,0.08881839809674862
43f405e4cec6a454.jpg,DRIP,336,336,1,58,924.0,11985.0,11368,1541,0.07709637046307885,0.5996106424399741
43f405e4cec6a454.jpg,Fixed,336,336,1,57,61.0,12652.0,11172,1541,0.0048213721150806195,0.03958468526930565
443c0b31a360e242.jpg,DRIP,336,336,4,59,5414.0,31279.0,11564,25129,0.17308737491607787,0.21544828683990608
443c0b31a360e242.jpg,Fixed,336,336,4,57,2451.0,33850.0,11172,25129,0.07240768094534712,0.09753671057344104
44582b003b93be6a.jpg,DRIP,336,336,32,59,9154.0,68338.0,11564,65928,0.13395182768006086,0.1388484407232132
44582b003b93be6a.jpg,Fixed,336,336,32,57,6341.0,70759.0,11172,65928,0.08961404202998911,0.0961806819560733
447eb8c049c70e8f.jpg,DRIP,336,336,0,58,,,11368,0,,
447eb8c049c70e8f.jpg,Fixed,336,336,0,57,,,11172,0,,
448163d65fa64210.jpg,DRIP,336,336,8,59,801.0,15042.0,11564,4279,0.0532508974870363,0.18719326945548026
448163d65fa64210.jpg,Fixed,336,336,8,57,412.0,15039.0,11172,4279,0.027395438526497774,0.09628417854638935
44c0ab731912e8e4.jpg,DRIP,336,336,25,59,7725.0,62496.0,11564,58657,0.123607910906298,0.1316978365753448
44c0ab731912e8e4.jpg,Fixed,336,336,25,57,5594.0,64235.0,11172,58657,0.08708647933369658,0.09536798677054742
44cfe62c7f85a269.jpg,DRIP,336,336,0,58,,,11368,0,,
44cfe62c7f85a269.jpg,Fixed,336,336,0,57,,,11172,0,,
44e8489215f4ed80.jpg,DRIP,336,336,8,58,2497.0,16291.0,11368,7420,0.15327481431465226,0.33652291105121296
44e8489215f4ed80.jpg,Fixed,336,336,8,57,709.0,17883.0,11172,7420,0.03964659173516748,0.09555256064690026
44f0e271bcbb09c0.jpg,DRIP,336,336,6,59,1460.0,14231.0,11564,4127,0.10259293092544446,0.35376787012357647
44f0e271bcbb09c0.jpg,Fixed,336,336,6,57,392.0,14907.0,11172,4127,0.0262963708324948,0.09498425006057669
45047ffd01cfb29d.jpg,DRIP,336,336,0,59,,,11564,0,,
45047ffd01cfb29d.jpg,Fixed,336,336,0,57,,,11172,0,,
4525aebcb6f8fbef.jpg,DRIP,336,336,1,58,,,11368,0,,
4525aebcb6f8fbef.jpg,Fixed,336,336,1,57,,,11172,0,,
455a1a5d3b547e64.jpg,DRIP,336,336,3,59,1683.0,14531.0,11564,4650,0.11582134746404239,0.36193548387096774
455a1a5d3b547e64.jpg,Fixed,336,336,3,57,448.0,15374.0,11172,4650,0.02914010667360479,0.09634408602150538
455e93f799044a86.jpg,DRIP,336,336,8,59,2540.0,18768.0,11564,9744,0.13533674339300938,0.26067323481116583
455e93f799044a86.jpg,Fixed,336,336,8,57,700.0,20216.0,11172,9744,0.03462603878116344,0.07183908045977011
456a532df1fdc798.jpg,DRIP,336,336,32,59,4066.0,26015.0,11564,18517,0.1562944455122045,0.2195820057244694
456a532df1fdc798.jpg,Fixed,336,336,32,57,1366.0,28323.0,11172,18517,0.04822935423507397,0.0737700491440298
457505d8d1103421.jpg,DRIP,336,336,14,59,6403.0,21888.0,11564,16727,0.2925347222222222,0.3827942846894243
457505d8d1103421.jpg,Fixed,336,336,14,57,1319.0,26580.0,11172,16727,0.04962377727614748,0.0788545465415197
458fde71c4282476.jpg,DRIP,336,336,0,58,,,11368,0,,
458fde71c4282476.jpg,Fixed,336,336,0,57,,,11172,0,,
45ba6ab621c4901a.jpg,DRIP,336,336,1,59,1337.0,14958.0,11564,4731,0.08938360743414896,0.28260410061297825
45ba6ab621c4901a.jpg,Fixed,336,336,1,57,574.0,15329.0,11172,4731,0.03744536499445496,0.12132741492284929
45bed83a9fdbc6e0.jpg,DRIP,336,336,2,59,4186.0,18947.0,11564,11569,0.22093207367921042,0.36182902584493043
45bed83a9fdbc6e0.jpg,Fixed,336,336,2,57,1120.0,21621.0,11172,11569,0.051801489292817166,0.09681044169764025
45d5b667851bf3d4.jpg,DRIP,336,336,21,59,7090.0,40063.0,11564,35589,0.17697127024935727,0.19921885976003822
45d5b667851bf3d4.jpg,Fixed,336,336,21,57,3522.0,43239.0,11172,35589,0.0814542426975647,0.09896316277501475
45dc5b66e3f3f31b.jpg,DRIP,336,336,1,58,322.0,12761.0,11368,1715,0.025233132199670872,0.18775510204081633
45dc5b66e3f3f31b.jpg,Fixed,336,336,1,57,120.0,12767.0,11172,1715,0.009399232396020992,0.06997084548104957
45e75de047953183.jpg,DRIP,336,336,5,58,2511.0,21205.0,11368,12348,0.1184154680499882,0.2033527696793003
45e75de047953183.jpg,Fixed,336,336,5,57,1050.0,22470.0,11172,12348,0.04672897196261682,0.08503401360544217
460186472701999e.jpg,DRIP,336,336,7,59,2026.0,13190.0,11564,3652,0.15360121304018196,0.5547645125958379
460186472701999e.jpg,Fixed,336,336,7,57,364.0,14460.0,11172,3652,0.02517289073305671,0.09967141292442497
46093991ce4a09b0.jpg,DRIP,336,336,0,58,,,11368,0,,
46093991ce4a09b0.jpg,Fixed,336,336,0,57,,,11172,0,,
4625b91150946824.jpg,DRIP,336,336,118,58,3834.0,63556.0,11368,56022,0.060324752973755426,0.06843739959301703
4625b91150946824.jpg,Fixed,336,336,118,57,5765.0,61429.0,11172,56022,0.09384818245454102,0.10290600121380886
46715680cd7dd1b9.jpg,DRIP,336,336,0,59,,,11564,0,,
46715680cd7dd1b9.jpg,Fixed,336,336,0,57,,,11172,0,,
46759c073f68adb2.jpg,DRIP,336,336,1,59,1218.0,14623.0,11564,4277,0.0832934418382001,0.28477905073649756
46759c073f68adb2.jpg,Fixed,336,336,1,57,462.0,14987.0,11172,4277,0.030826716487622606,0.10801963993453355
4679f229bf50b7cd.jpg,DRIP,336,336,4,59,3497.0,20938.0,11564,12871,0.1670169070589359,0.27169606091212806
4679f229bf50b7cd.jpg,Fixed,336,336,4,57,1389.0,22654.0,11172,12871,0.06131367528913216,0.10791702276435397
46c273e42904e6f3.jpg,DRIP,336,336,8,59,1855.0,15698.0,11564,5989,0.11816791948018857,0.30973451327433627
46c273e42904e6f3.jpg,Fixed,336,336,8,57,636.0,16525.0,11172,5989,0.03848714069591528,0.10619469026548672
46c53e3504d902de.jpg,DRIP,336,336,1,58,0.0,14723.0,11368,3355,0.0,0.0
46c53e3504d902de.jpg,Fixed,336,336,1,57,406.0,14121.0,11172,3355,0.028751504850931236,0.1210134128166915
46e7609ce3ce3618.jpg,DRIP,336,336,5,58,1501.0,17597.0,11368,7730,0.08529863044837188,0.19417852522639067
46e7609ce3ce3618.jpg,Fixed,336,336,5,57,596.0,18306.0,11172,7730,0.032557631377690376,0.07710219922380336
46ea1e78fdca89d9.jpg,DRIP,336,336,26,59,5032.0,33742.0,11564,27210,0.14913164601979728,0.18493201029033443
46ea1e78fdca89d9.jpg,Fixed,336,336,26,57,2338.0,36044.0,11172,27210,0.06486516479857951,0.08592429253950754
47261692d3858889.jpg,DRIP,336,336,2,59,168.0,12762.0,11564,1366,0.013164080865068171,0.12298682284040996
47261692d3858889.jpg,Fixed,336,336,2,57,56.0,12482.0,11172,1366,0.004486460503124499,0.040995607613469986
473535e08285a342.jpg,DRIP,336,336,0,58,,,11368,0,,
473535e08285a342.jpg,Fixed,336,336,0,57,,,11172,0,,
47429bfe6ba544db.jpg,DRIP,336,336,11,59,3190.0,23028.0,11564,14654,0.13852701059579642,0.21768800327555615
47429bfe6ba544db.jpg,Fixed,336,336,11,57,1577.0,24249.0,11172,14654,0.06503360963338695,0.10761566807697558
4745d52ded8f93fc.jpg,DRIP,336,336,6,59,2521.0,16021.0,11564,6978,0.1573559702889957,0.3612783032387504
4745d52ded8f93fc.jpg,Fixed,336,336,6,57,756.0,17394.0,11172,6978,0.0434632631942049,0.10834049871023216
4758c2f7b824af09.jpg,DRIP,336,336,8,58,1547.0,17733.0,11368,7912,0.087238481926352,0.195525783619818
4758c2f7b824af09.jpg,Fixed,336,336,8,57,630.0,18454.0,11172,7912,0.034138940067194104,0.07962588473205258
47640ae412560b78.jpg,DRIP,336,336,7,59,1470.0,14202.0,11564,4108,0.10350654837346852,0.3578383641674781
47640ae412560b78.jpg,Fixed,336,336,7,57,420.0,14860.0,11172,4108,0.02826379542395693,0.10223953261927946
47762928716197fa.jpg,DRIP,336,336,3,59,1094.0,15138.0,11564,4668,0.07226846346941472,0.23436161096829478
47762928716197fa.jpg,Fixed,336,336,3,57,434.0,15406.0,11172,4668,0.02817084252888485,0.09297343616109682
4789951ca63e685a.jpg,DRIP,336,336,1,58,398.0,11863.0,11368,893,0.03354969232066088,0.44568868980963045
4789951ca63e685a.jpg,Fixed,336,336,1,57,56.0,12009.0,11172,893,0.004663169289699392,0.06270996640537514
47c662b3564ca64e.jpg,DRIP,336,336,2,59,4732.0,26418.0,11564,19586,0.17912029676735558,0.2416011436740529
47c662b3564ca64e.jpg,Fixed,336,336,2,57,1960.0,28798.0,11172,19586,0.06806028196402528,0.10007147962830593
47c776805a7e3846.jpg,DRIP,336,336,0,58,,,11368,0,,
47c776805a7e3846.jpg,Fixed,336,336,0,57,,,11172,0,,
47db25b2e161f784.jpg,DRIP,336,336,1,58,2534.0,18179.0,11368,9345,0.13939160569888331,0.2711610486891386
47db25b2e161f784.jpg,Fixed,336,336,1,57,1050.0,19467.0,11172,9345,0.05393743257820928,0.11235955056179775
47eb85ce716bf66f.jpg,DRIP,336,336,1,58,255.0,11848.0,11368,735,0.02152261985145172,0.3469387755102041
47eb85ce716bf66f.jpg,Fixed,336,336,1,57,88.0,11819.0,11172,735,0.007445638378881462,0.11972789115646258
481b56d643e269c5.jpg,DRIP,336,336,2,59,4044.0,21407.0,11564,13887,0.18891016957070117,0.29120760423417585
481b56d643e269c5.jpg,Fixed,336,336,2,57,1286.0,23773.0,11172,13887,0.054094981701930764,0.09260459422481457
481c9bdd7e18cb9d.jpg,DRIP,336,336,0,59,,,11564,0,,
481c9bdd7e18cb9d.jpg,Fixed,336,336,0,57,,,11172,0,,
481e3c4dda43cd7b.jpg,DRIP,336,336,3,58,4308.0,24259.0,11368,17199,0.17758357722906962,0.25047967905110763
481e3c4dda43cd7b.jpg,Fixed,336,336,3,57,1750.0,26621.0,11172,17199,0.06573757559821194,0.10175010175010175
48271db95ff3670c.jpg,DRIP,336,336,3,59,6356.0,48356.0,11564,43148,0.13144180660104227,0.1473069435431538
48271db95ff3670c.jpg,Fixed,336,336,3,57,4508.0,49812.0,11172,43148,0.09050028105677346,0.1044776119402985
483ab346d0df197a.jpg,DRIP,336,336,21,58,4186.0,43630.0,11368,36448,0.09594315837726335,0.11484855136084285
483ab346d0df197a.jpg,Fixed,336,336,21,57,4070.0,43550.0,11172,36448,0.09345579793340987,0.1116659350307287
487e145701aac585.jpg,DRIP,336,336,1,59,1544.0,13116.0,11564,3096,0.11771881671241233,0.49870801033591733
487e145701aac585.jpg,Fixed,336,336,1,57,336.0,13932.0,11172,3096,0.024117140396210164,0.10852713178294573
4894c0b9a2f9eae3.jpg,DRIP,336,336,28,58,2650.0,29624.0,11368,20906,0.08945449635430731,0.12675786855448196
4894c0b9a2f9eae3.jpg,Fixed,336,336,28,57,2202.0,29876.0,11172,20906,0.07370464586959433,0.10532861379508275
48956fdf0fee99e5.jpg,DRIP,336,336,0,59,,,11564,0,,
48956fdf0fee99e5.jpg,Fixed,336,336,0,57,,,11172,0,,
489704a1ef665490.jpg,DRIP,336,336,4,58,841.0,20116.0,11368,9589,0.041807516404851856,0.08770466159140682
489704a1ef665490.jpg,Fixed,336,336,4,57,856.0,19905.0,11172,9589,0.04300427028384828,0.0892689540098029
48a188ef0f203048.jpg,DRIP,336,336,1,59,436.0,13153.0,11564,2025,0.03314833117919866,0.21530864197530863
48a188ef0f203048.jpg,Fixed,336,336,1,57,259.0,12938.0,11172,2025,0.02001855000772917,0.12790123456790123
48a275fbc175cc10.jpg,DRIP,336,336,1,59,7396.0,65147.0,11564,60979,0.11352786774525304,0.1212876564063038
48a275fbc175cc10.jpg,Fixed,336,336,1,57,5908.0,66243.0,11172,60979,0.0891867819996075,0.09688581314878893
48d130043bbf9df7.jpg,DRIP,336,336,9,59,5356.0,22899.0,11564,16691,0.23389667671077338,0.320891498412318
48d130043bbf9df7.jpg,Fixed,336,336,9,57,1596.0,26267.0,11172,16691,0.060760650245555256,0.09562039422443233
48d92481756020a8.jpg,DRIP,336,336,1,59,0.0,12579.0,11564,1015,0.0,0.0
48d92481756020a8.jpg,Fixed,336,336,1,57,51.0,12136.0,11172,1015,0.004202373104812129,0.05024630541871921
48f54514302d1298.jpg,DRIP,336,336,9,59,1214.0,14067.0,11564,3717,0.08630127248169475,0.32660747914985205
48f54514302d1298.jpg,Fixed,336,336,9,57,273.0,14616.0,11172,3717,0.01867816091954023,0.07344632768361582
49151d1d8e87fc7e.jpg,DRIP,336,336,4,59,1074.0,16327.0,11564,5837,0.06578060880749678,0.18399862943292788
49151d1d8e87fc7e.jpg,Fixed,336,336,4,57,558.0,16451.0,11172,5837,0.03391891070451644,0.09559705328079493
493f5e5e22c7b221.jpg,DRIP,336,336,2,58,607.0,12195.0,11368,1434,0.04977449774497745,0.42329149232914925
493f5e5e22c7b221.jpg,Fixed,336,336,2,57,210.0,12396.0,11172,1434,0.016940948693126814,0.14644351464435146
4942bce39017422e.jpg,DRIP,336,336,8,59,1212.0,24322.0,11564,13970,0.04983142833648549,0.08675733715103794
4942bce39017422e.jpg,Fixed,336,336,8,57,1421.0,23721.0,11172,13970,0.0599047257704144,0.10171796707229779
494f750973f9863e.jpg,DRIP,336,336,2,59,3909.0,21605.0,11564,13950,0.180930340199028,0.28021505376344086
494f750973f9863e.jpg,Fixed,336,336,2,57,1292.0,23830.0,11172,13950,0.05421737305916911,0.09261648745519713
495144fb662cfcce.jpg,DRIP,336,336,1,58,586.0,11937.0,11368,1155,0.04909106140571333,0.5073593073593073
495144fb662cfcce.jpg,Fixed,336,336,1,57,112.0,12215.0,11172,1155,0.009169054441260744,0.09696969696969697
4952cc3277229b18.jpg,DRIP,336,336,3,59,862.0,12257.0,11564,1555,0.07032715999020968,0.5543408360128618
4952cc3277229b18.jpg,Fixed,336,336,3,57,336.0,12391.0,11172,1555,0.027116455491889273,0.21607717041800642
4979ef8ffddf3f51.jpg,DRIP,336,336,3,59,1110.0,14904.0,11564,4450,0.07447665056360708,0.24943820224719102
4979ef8ffddf3f51.jpg,Fixed,336,336,3,57,372.0,15250.0,11172,4450,0.02439344262295082,0.08359550561797753
498eca1988468f48.jpg,DRIP,336,336,0,58,,,11368,0,,
498eca1988468f48.jpg,Fixed,336,336,0,57,,,11172,0,,
49b58f93e7cf4732.jpg,DRIP,336,336,0,58,,,11368,0,,
49b58f93e7cf4732.jpg,Fixed,336,336,0,57,,,11172,0,,
49c457e66152a436.jpg,DRIP,336,336,2,59,2016.0,25544.0,11564,15996,0.07892264328217977,0.12603150787696923
49c457e66152a436.jpg,Fixed,336,336,2,57,1566.0,25602.0,11172,15996,0.061167096320599953,0.09789947486871718
49ebea42a47c3e55.jpg,DRIP,336,336,0,58,,,11368,0,,
49ebea42a47c3e55.jpg,Fixed,336,336,0,57,,,11172,0,,
4a364228be97bf0f.jpg,DRIP,336,336,0,59,,,11564,0,,
4a364228be97bf0f.jpg,Fixed,336,336,0,57,,,11172,0,,
4a5afd27badc51c8.jpg,DRIP,336,336,0,59,,,11564,0,,
4a5afd27badc51c8.jpg,Fixed,336,336,0,57,,,11172,0,,
4a7efa965795668e.jpg,DRIP,336,336,1,59,4060.0,28333.0,11564,20829,0.14329580348004095,0.19492054347304238
4a7efa965795668e.jpg,Fixed,336,336,1,57,2226.0,29775.0,11172,20829,0.07476070528967255,0.10687022900763359
4a9325c476ce43d8.jpg,DRIP,336,336,2,58,1360.0,15463.0,11368,5455,0.08795188514518529,0.24931255728689275
4a9325c476ce43d8.jpg,Fixed,336,336,2,57,532.0,16095.0,11172,5455,0.033053743398570985,0.09752520623281394
4aa4be2c52209240.jpg,DRIP,336,336,2,58,885.0,11566.0,11368,1083,0.07651737852325782,0.817174515235457
4aa4be2c52209240.jpg,Fixed,336,336,2,57,182.0,12073.0,11172,1083,0.015074960656009277,0.1680517082179132
4aa4e04d5a59ca99.jpg,DRIP,336,336,2,58,,,11368,0,,
4aa4e04d5a59ca99.jpg,Fixed,336,336,2,57,,,11172,0,,
4ab35c806e6cdf9e.jpg,DRIP,336,336,5,59,3092.0,14846.0,11564,6374,0.20827158830661457,0.48509570128647633
4ab35c806e6cdf9e.jpg,Fixed,336,336,5,57,497.0,17049.0,11172,6374,0.02915126986920054,0.07797301537496078
4ac8c61529ae4e44.jpg,DRIP,336,336,0,58,,,11368,0,,
4ac8c61529ae4e44.jpg,Fixed,336,336,0,57,,,11172,0,,
4b561f428b557af3.jpg,DRIP,336,336,0,59,,,11564,0,,
4b561f428b557af3.jpg,Fixed,336,336,0,57,,,11172,0,,
4b823e7f6f0aa955.jpg,DRIP,336,336,0,59,,,11564,0,,
4b823e7f6f0aa955.jpg,Fixed,336,336,0,57,,,11172,0,,
4b93fd7b25d278a6.jpg,DRIP,336,336,1,58,60.0,11539.0,11368,231,0.005199757344657249,0.2597402597402597
4b93fd7b25d278a6.jpg,Fixed,336,336,1,57,60.0,11343.0,11172,231,0.005289605924358635,0.2597402597402597
4bd90299af40d46d.jpg,DRIP,336,336,0,59,,,11564,0,,
4bd90299af40d46d.jpg,Fixed,336,336,0,57,,,11172,0,,
4bfefb4c80d5de78.jpg,DRIP,336,336,0,59,,,11564,0,,
4bfefb4c80d5de78.jpg,Fixed,336,336,0,57,,,11172,0,,
4c194e13cb1a73a1.jpg,DRIP,336,336,2,59,4858.0,47193.0,11564,40487,0.10293899518996462,0.11998913231407612
4c194e13cb1a73a1.jpg,Fixed,336,336,2,57,3844.0,47815.0,11172,40487,0.08039318205584021,0.09494405611677822
4c220f64ae574947.jpg,DRIP,336,336,28,58,6010.0,49933.0,11368,44575,0.12036128412072176,0.13482893998878295
4c220f64ae574947.jpg,Fixed,336,336,28,57,4435.0,51312.0,11172,44575,0.08643202369816028,0.09949523275378576
4c32ad66341cde78.jpg,DRIP,336,336,15,59,5552.0,35568.0,11564,29556,0.1560953666216824,0.18784679929625117
4c32ad66341cde78.jpg,Fixed,336,336,15,57,2868.0,37860.0,11172,29556,0.0757527733755943,0.09703613479496549
4c5fa952d1391d3b.jpg,DRIP,336,336,0,59,,,11564,0,,
4c5fa952d1391d3b.jpg,Fixed,336,336,0,57,,,11172,0,,
4c79aab76aba13b6.jpg,DRIP,336,336,5,59,1372.0,12547.0,11564,2355,0.10934884833027815,0.5825902335456475
4c79aab76aba13b6.jpg,Fixed,336,336,5,57,406.0,13121.0,11172,2355,0.030942763508878895,0.17239915074309978
4c8acf546094dd66.jpg,DRIP,336,336,8,58,3916.0,28657.0,11368,21205,0.13665073106047387,0.184673426078755
4c8acf546094dd66.jpg,Fixed,336,336,8,57,1877.0,30500.0,11172,21205,0.061540983606557374,0.08851685923131337
4ca9d2d3d49c9e95.jpg,DRIP,336,336,3,59,601.0,13960.0,11564,2997,0.04305157593123209,0.20053386720053387
4ca9d2d3d49c9e95.jpg,Fixed,336,336,3,57,282.0,13887.0,11172,2997,0.020306761719593863,0.0940940940940941
4ccbcbf33650b75a.jpg,DRIP,336,336,15,59,2190.0,18151.0,11564,8777,0.12065450939342184,0.2495157798792298
4ccbcbf33650b75a.jpg,Fixed,336,336,15,57,825.0,19124.0,11172,8777,0.0431395105626438,0.09399567050244959
4ccd08fb3139e36a.jpg,DRIP,336,336,1,58,350.0,11876.0,11368,858,0.02947120242505894,0.40792540792540793
4ccd08fb3139e36a.jpg,Fixed,336,336,1,57,26.0,12004.0,11172,858,0.002165944685104965,0.030303030303030304
4ce1f2ee42b89068.jpg,DRIP,336,336,0,59,,,11564,0,,
4ce1f2ee42b89068.jpg,Fixed,336,336,0,57,,,11172,0,,
4d03544a1d32e383.jpg,DRIP,336,336,1,58,616.0,14441.0,11368,3689,0.04265632573921473,0.16698292220113853
4d03544a1d32e383.jpg,Fixed,336,336,1,57,396.0,14465.0,11172,3689,0.02737642585551331,0.10734616427216048
4d12c26483ddad12.jpg,DRIP,336,336,7,59,3516.0,22553.0,11564,14505,0.15589943688201127,0.2423991726990693
4d12c26483ddad12.jpg,Fixed,336,336,7,57,1597.0,24080.0,11172,14505,0.06632059800664451,0.11009996552912789
4d2352f7ba658261.jpg,DRIP,336,336,6,58,3749.0,20771.0,11368,13152,0.1804920321602234,0.28505170316301703
4d2352f7ba658261.jpg,Fixed,336,336,6,57,1267.0,23057.0,11172,13152,0.05495077416836536,0.09633515815085159
4d40f793028bd63b.jpg,DRIP,336,336,11,58,2879.0,26526.0,11368,18037,0.10853502224232828,0.15961634418140488
4d40f793028bd63b.jpg,Fixed,336,336,11,57,1690.0,27519.0,11172,18037,0.061412115265816344,0.0936962909574763
4d7332015a3fd640.jpg,DRIP,336,336,0,59,,,11564,0,,
4d7332015a3fd640.jpg,Fixed,336,336,0,57,,,11172,0,,
4d7520d287589423.jpg,DRIP,336,336,1,58,585.0,11602.0,11368,819,0.05042234097569385,0.7142857142857143
4d7520d287589423.jpg,Fixed,336,336,1,57,182.0,11809.0,11172,819,0.015411973918197985,0.2222222222222222
4d7b6796808516ea.jpg,DRIP,336,336,4,59,1490.0,16176.0,11564,6102,0.09211177052423343,0.2441822353326778
4d7b6796808516ea.jpg,Fixed,336,336,4,57,908.0,16366.0,11172,6102,0.055480874984724426,0.14880367092756475
4d8b319c630866f8.jpg,DRIP,336,336,0,59,,,11564,0,,
4d8b319c630866f8.jpg,Fixed,336,336,0,57,,,11172,0,,
4d954d933e606b70.jpg,DRIP,336,336,1,59,1186.0,12050.0,11564,1672,0.09842323651452282,0.7093301435406698
4d954d933e606b70.jpg,Fixed,336,336,1,57,308.0,12536.0,11172,1672,0.024569240587109124,0.18421052631578946
4da4dc32d2c94596.jpg,DRIP,336,336,3,59,2094.0,12668.0,11564,3198,0.16529838964319546,0.6547842401500938
4da4dc32d2c94596.jpg,Fixed,336,336,3,57,365.0,14005.0,11172,3198,0.026062120671188863,0.11413383364602876
4dad8986ad5a3327.jpg,DRIP,336,336,5,58,1225.0,15947.0,11368,5804,0.07681695616730419,0.21106133700895935
4dad8986ad5a3327.jpg,Fixed,336,336,5,57,592.0,16384.0,11172,5804,0.0361328125,0.1019986216402481
4dc59c7e57fa8968.jpg,DRIP,336,336,3,58,1502.0,12918.0,11368,3052,0.11627186871032667,0.4921363040629096
4dc59c7e57fa8968.jpg,Fixed,336,336,3,57,39.0,14185.0,11172,3052,0.0027493831512160733,0.012778505897771953
4dfdd0b1830888b5.jpg,DRIP,336,336,1,59,6076.0,33908.0,11564,28420,0.1791907514450867,0.21379310344827587
4dfdd0b1830888b5.jpg,Fixed,336,336,1,57,2800.0,36792.0,11172,28420,0.076103500761035,0.09852216748768473
4e007d35d0ad9fdb.jpg,DRIP,336,336,16,58,2144.0,22491.0,11368,13267,0.0953270196967676,0.16160397979950253
4e007d35d0ad9fdb.jpg,Fixed,336,336,16,57,1300.0,23139.0,11172,13267,0.05618220320670729,0.09798748775156403
4e1db83ffbdc5adf.jpg,DRIP,336,336,4,59,4551.0,20804.0,11564,13791,0.21875600845991156,0.3299978246682619
4e1db83ffbdc5adf.jpg,Fixed,336,336,4,57,1438.0,23525.0,11172,13791,0.061126461211477155,0.10427090131245015
4e29aedc51e92ece.jpg,DRIP,336,336,2,59,1708.0,14508.0,11564,4652,0.1177281499862145,0.36715391229578676
4e29aedc51e92ece.jpg,Fixed,336,336,2,57,287.0,15537.0,11172,4652,0.018472034498294394,0.0616938950988822
4e7511e5a8a0450a.jpg,DRIP,336,336,5,58,3500.0,19886.0,11368,12018,0.176003218344564,0.291229821933766
4e7511e5a8a0450a.jpg,Fixed,336,336,5,57,1338.0,21852.0,11172,12018,0.06123009335529929,0.11133300049925113
4e777bab829117de.jpg,DRIP,336,336,1,59,918.0,12532.0,11564,1886,0.07325247366741143,0.4867444326617179
4e777bab829117de.jpg,Fixed,336,336,1,57,126.0,12932.0,11172,1886,0.009743272502319827,0.06680805938494168
4e8b6086bac76392.jpg,DRIP,336,336,6,59,6462.0,48564.0,11564,43462,0.13306152705707933,0.14868160692098845
4e8b6086bac76392.jpg,Fixed,336,336,6,57,4371.0,50263.0,11172,43462,0.08696257684579115,0.10057061340941512
4e91b1f5869a3a7e.jpg,DRIP,336,336,8,59,5701.0,28069.0,11564,22206,0.20310663009013502,0.2567324146627038
4e91b1f5869a3a7e.jpg,Fixed,336,336,8,57,2143.0,31235.0,11172,22206,0.068608932287498,0.09650544897775376
4ea05d026226df45.jpg,DRIP,336,336,2,58,910.0,13915.0,11368,3457,0.06539705353934602,0.2632340179346254
4ea05d026226df45.jpg,Fixed,336,336,2,57,238.0,14391.0,11172,3457,0.016538114099089708,0.06884582007520972
4eb8430da76cd5ea.jpg,DRIP,336,336,10,58,3361.0,28549.0,11368,20542,0.11772741602157694,0.1636160062311362
4eb8430da76cd5ea.jpg,Fixed,336,336,10,57,1841.0,29873.0,11172,20542,0.06162755665651257,0.08962126375231233
4ef3e8417c57c8a2.jpg,DRIP,336,336,53,58,4105.0,36573.0,11368,29310,0.11224127088289175,0.1400545888775162
4ef3e8417c57c8a2.jpg,Fixed,336,336,53,57,2798.0,37684.0,11172,29310,0.07424901815093939,0.09546229955646537
4f0e46cf9f9872a6.jpg,DRIP,336,336,2,58,360.0,11970.0,11368,962,0.03007518796992481,0.37422037422037424
4f0e46cf9f9872a6.jpg,Fixed,336,336,2,57,172.0,11962.0,11172,962,0.014378866410299281,0.1787941787941788
4f498eb782919a45.jpg,DRIP,336,336,4,59,931.0,11749.0,11564,1116,0.07924078644991063,0.8342293906810035
4f498eb782919a45.jpg,Fixed,336,336,4,57,14.0,12274.0,11172,1116,0.0011406224539677367,0.012544802867383513
4f567afa3ea9f026.jpg,DRIP,336,336,12,59,2339.0,25764.0,11564,16539,0.0907855922993324,0.141423302497128
4f567afa3ea9f026.jpg,Fixed,336,336,12,57,1560.0,26151.0,11172,16539,0.0596535505334404,0.09432251042989298
4f69467e7c1046f2.jpg,DRIP,336,336,1,58,317.0,11726.0,11368,675,0.02703394166808801,0.4696296296296296
4f69467e7c1046f2.jpg,Fixed,336,336,1,57,0.0,11847.0,11172,675,0.0,0.0
4f71899b6c2914a4.jpg,DRIP,336,336,4,58,1321.0,12925.0,11368,2878,0.10220502901353966,0.4589993050729673
4f71899b6c2914a4.jpg,Fixed,336,336,4,57,206.0,13844.0,11172,2878,0.014880092458826929,0.07157748436414177
4f7c90bc58703be5.jpg,DRIP,336,336,5,59,4764.0,17372.0,11564,10572,0.2742344001842045,0.45062429057888764
4f7c90bc58703be5.jpg,Fixed,336,336,5,57,1252.0,20492.0,11172,10572,0.0610970134686707,0.11842603102534999
4fab1e1f60726a68.jpg,DRIP,336,336,2,59,1714.0,13970.0,11564,4120,0.12269148174659986,0.4160194174757282
4fab1e1f60726a68.jpg,Fixed,336,336,2,57,560.0,14732.0,11172,4120,0.038012489818083084,0.13592233009708737
4fbe63394c2f7c0e.jpg,DRIP,336,336,15,59,6230.0,39147.0,11564,33813,0.15914374026106726,0.18424866175731228
4fbe63394c2f7c0e.jpg,Fixed,336,336,15,57,3021.0,41964.0,11172,33813,0.07199027738061195,0.0893443350190755
4fc752146d5f5b3a.jpg,DRIP,336,336,1,58,5964.0,40036.0,11368,34632,0.14896593066240385,0.1722106722106722
4fc752146d5f5b3a.jpg,Fixed,336,336,1,57,3304.0,42500.0,11172,34632,0.07774117647058823,0.0954030954030954
4fc99ae1814387e3.jpg,DRIP,336,336,0,59,,,11564,0,,
4fc99ae1814387e3.jpg,Fixed,336,336,0,57,,,11172,0,,
4fec049ce9dde806.jpg,DRIP,336,336,31,59,5340.0,58699.0,11564,52475,0.0909725889708513,0.10176274416388757
4fec049ce9dde806.jpg,Fixed,336,336,31,57,5184.0,58463.0,11172,52475,0.08867146742384072,0.09878989995235826
4ffbb21f379cccbe.jpg,DRIP,336,336,1,58,300.0,11833.0,11368,765,0.02535282684019268,0.39215686274509803
4ffbb21f379cccbe.jpg,Fixed,336,336,1,57,70.0,11867.0,11172,765,0.005898710710373304,0.0915032679738562
50097e65657c7429.jpg,DRIP,336,336,1,58,3626.0,28510.0,11368,20768,0.12718344440547177,0.174595531587057
50097e65657c7429.jpg,Fixed,336,336,1,57,2240.0,29700.0,11172,20768,0.07542087542087542,0.10785824345146379
5012eaa4e8ea267a.jpg,DRIP,336,336,4,59,3110.0,17288.0,11564,8834,0.17989356779268856,0.35204890196966265
5012eaa4e8ea267a.jpg,Fixed,336,336,4,57,825.0,19181.0,11172,8834,0.043011313278765444,0.09338917817523205
502bb3593481e3e1.jpg,DRIP,336,336,3,59,2050.0,22998.0,11564,13484,0.08913818592921123,0.1520320379709285
502bb3593481e3e1.jpg,Fixed,336,336,3,57,1204.0,23452.0,11172,13484,0.051338904997441585,0.08929101156926728
50431dd2e2a3818e.jpg,DRIP,336,336,1,59,1099.0,12940.0,11564,2475,0.0849304482225657,0.444040404040404
50431dd2e2a3818e.jpg,Fixed,336,336,1,57,266.0,13381.0,11172,2475,0.019878932815185713,0.10747474747474747
5056a8e94ef14729.jpg,DRIP,336,336,5,58,1679.0,13798.0,11368,4109,0.12168430207276416,0.4086152348503285
5056a8e94ef14729.jpg,Fixed,336,336,5,57,456.0,14825.0,11172,4109,0.03075885328836425,0.11097590654660501
5068ddd3e77f1395.jpg,DRIP,336,336,8,59,1434.0,17393.0,11564,7263,0.08244696142126143,0.19743907476249484
5068ddd3e77f1395.jpg,Fixed,336,336,8,57,920.0,17515.0,11172,7263,0.052526405937767626,0.12666942034971776
5076e3a8d799658d.jpg,DRIP,336,336,1,59,823.0,11684.0,11564,943,0.0704382060938035,0.8727465535524921
5076e3a8d799658d.jpg,Fixed,336,336,1,57,112.0,12003.0,11172,943,0.009331000583187537,0.11876988335100742
50be703594e44150.jpg,DRIP,336,336,0,59,,,11564,0,,
50be703594e44150.jpg,Fixed,336,336,0,57,,,11172,0,,
50dfdd602a07fd33.jpg,DRIP,336,336,6,59,4063.0,41862.0,11564,34361,0.09705699679900626,0.11824452140508135
50dfdd602a07fd33.jpg,Fixed,336,336,6,57,3136.0,42397.0,11172,34361,0.07396749770030898,0.09126626116818486
50e913e310c6aee5.jpg,DRIP,336,336,0,59,,,11564,0,,
50e913e310c6aee5.jpg,Fixed,336,336,0,57,,,11172,0,,
5111f3b917cfec20.jpg,DRIP,336,336,1,59,1813.0,12138.0,11564,2387,0.14936562860438293,0.7595307917888563
5111f3b917cfec20.jpg,Fixed,336,336,1,57,227.0,13332.0,11172,2387,0.017026702670267027,0.09509844993715962
5111f961fd422eb8.jpg,DRIP,336,336,7,59,5698.0,28307.0,11564,22441,0.20129296640406966,0.2539102535537632
5111f961fd422eb8.jpg,Fixed,336,336,7,57,2006.0,31607.0,11172,22441,0.06346695352295377,0.08938995588431888
514a12971a3affc5.jpg,DRIP,336,336,0,58,,,11368,0,,
514a12971a3affc5.jpg,Fixed,336,336,0,57,,,11172,0,,
515bbfe54e9176d6.jpg,DRIP,336,336,2,59,3087.0,14368.0,11564,5891,0.21485244988864144,0.5240196910541504
515bbfe54e9176d6.jpg,Fixed,336,336,2,57,686.0,16377.0,11172,5891,0.04188801367771875,0.11644882023425565
51662f802ef90ed2.jpg,DRIP,336,336,5,58,693.0,14889.0,11368,4214,0.0465444287729196,0.1644518272425249
51662f802ef90ed2.jpg,Fixed,336,336,5,57,639.0,14747.0,11172,4214,0.04333084695192242,0.1516373991457048
516faf5bb4aab258.jpg,DRIP,336,336,5,59,5376.0,16422.0,11564,10234,0.3273657289002558,0.5253077975376197
516faf5bb4aab258.jpg,Fixed,336,336,5,57,914.0,20492.0,11172,10234,0.04460277181339059,0.08931014266171584
51b82971971532c7.jpg,DRIP,336,336,5,59,2525.0,15261.0,11564,6222,0.1654544263154446,0.4058180649308904
51b82971971532c7.jpg,Fixed,336,336,5,57,680.0,16714.0,11172,6222,0.04068445614454948,0.1092896174863388
51c3c5bbbcf30aff.jpg,DRIP,336,336,3,59,1104.0,13859.0,11564,3399,0.07965942708709142,0.324801412180053
51c3c5bbbcf30aff.jpg,Fixed,336,336,3,57,364.0,14207.0,11172,3399,0.025621172661364117,0.1070903206825537
51e76f2e91fdbe96.jpg,DRIP,336,336,7,59,1944.0,14778.0,11564,5158,0.1315468940316687,0.3768902675455603
51e76f2e91fdbe96.jpg,Fixed,336,336,7,57,470.0,15860.0,11172,5158,0.029634300126103404,0.09112058937572702
51ef555f40481c15.jpg,DRIP,336,336,11,58,3094.0,22376.0,11368,14102,0.13827314980336075,0.2194015033328606
51ef555f40481c15.jpg,Fixed,336,336,11,57,1308.0,23966.0,11172,14102,0.05457731786697822,0.09275280102113176
521194235d058645.jpg,DRIP,336,336,7,58,3445.0,18380.0,11368,10457,0.18743199129488575,0.3294443913168213
521194235d058645.jpg,Fixed,336,336,7,57,1064.0,20565.0,11172,10457,0.05173839046924386,0.10175002390743043
521474e946df99a6.jpg,DRIP,336,336,4,59,656.0,13541.0,11564,2633,0.048445461930433496,0.24914546145081656
521474e946df99a6.jpg,Fixed,336,336,4,57,224.0,13581.0,11172,2633,0.016493630807746115,0.0850740600075959
5219e8fbb20ebd73.jpg,DRIP,336,336,0,58,,,11368,0,,
5219e8fbb20ebd73.jpg,Fixed,336,336,0,57,,,11172,0,,
52217fbcf6e3d09d.jpg,DRIP,336,336,2,58,699.0,16807.0,11368,6138,0.041589813768072824,0.11388074291300097
52217fbcf6e3d09d.jpg,Fixed,336,336,2,57,588.0,16722.0,11172,6138,0.035163257983494796,0.09579667644183773
52235ad30ea7e0b9.jpg,DRIP,336,336,1,59,5404.0,31024.0,11564,24864,0.17418772563176896,0.21734234234234234
52235ad30ea7e0b9.jpg,Fixed,336,336,1,57,2464.0,33572.0,11172,24864,0.07339449541284404,0.0990990990990991
52349c90893294f6.jpg,DRIP,336,336,3,59,42.0,13236.0,11564,1714,0.003173164097914778,0.024504084014002333
52349c90893294f6.jpg,Fixed,336,336,3,57,42.0,12844.0,11172,1714,0.0032700093428838367,0.024504084014002333
523f4b68dcd52c3b.jpg,DRIP,336,336,15,58,5850.0,51489.0,11368,45971,0.11361650061178116,0.1272541384786061
523f4b68dcd52c3b.jpg,Fixed,336,336,15,57,5106.0,52037.0,11172,45971,0.09812248976689664,0.11107002240542951
526e3c0ff78404b5.jpg,DRIP,336,336,0,58,,,11368,0,,
526e3c0ff78404b5.jpg,Fixed,336,336,0,57,,,11172,0,,
5290d675872b4206.jpg,DRIP,336,336,8,59,5799.0,25000.0,11564,19235,0.23196,0.301481674031713
5290d675872b4206.jpg,Fixed,336,336,8,57,1936.0,28471.0,11172,19235,0.06799901654314917,0.10064985703145309
5291f0ad3d98bbf8.jpg,DRIP,336,336,6,59,434.0,31245.0,11564,20115,0.013890222435589695,0.021575938354461845
5291f0ad3d98bbf8.jpg,Fixed,336,336,6,57,2072.0,29215.0,11172,20115,0.07092247133321923,0.10300770569226946
529abfbfcadac2b0.jpg,DRIP,336,336,1,59,323.0,12134.0,11564,893,0.026619416515576068,0.3617021276595745
529abfbfcadac2b0.jpg,Fixed,336,336,1,57,0.0,12065.0,11172,893,0.0,0.0
529ce78a847e2b14.jpg,DRIP,336,336,8,59,4532.0,20876.0,11564,13844,0.21709139681931405,0.32736203409419246
529ce78a847e2b14.jpg,Fixed,336,336,8,57,1322.0,23694.0,11172,13844,0.05579471596184688,0.09549263218722913
52a816d2db8d86fd.jpg,DRIP,336,336,5,59,6104.0,48602.0,11564,43142,0.12559153944282128,0.14148625469380186
52a816d2db8d86fd.jpg,Fixed,336,336,5,57,4233.0,50081.0,11172,43142,0.08452307262235179,0.09811784340086227
52b557c0cff76f70.jpg,DRIP,336,336,1,58,766.0,12255.0,11368,1653,0.06250509995920032,0.4633998790078645
52b557c0cff76f70.jpg,Fixed,336,336,1,57,308.0,12517.0,11172,1653,0.024606535112247342,0.18632788868723532
52c821c2fef04a00.jpg,DRIP,336,336,0,59,,,11564,0,,
52c821c2fef04a00.jpg,Fixed,336,336,0,57,,,11172,0,,
52c8f56ad2ec6168.jpg,DRIP,336,336,0,58,,,11368,0,,
52c8f56ad2ec6168.jpg,Fixed,336,336,0,57,,,11172,0,,
52cf145eb46fe41e.jpg,DRIP,336,336,4,59,2660.0,17832.0,11564,8928,0.14917003140421714,0.2979390681003584
52cf145eb46fe41e.jpg,Fixed,336,336,4,57,803.0,19297.0,11172,8928,0.0416126859097269,0.08994175627240143
52dd8d57edf1cafb.jpg,DRIP,336,336,1,59,474.0,11909.0,11564,819,0.0398018305483248,0.5787545787545788
52dd8d57edf1cafb.jpg,Fixed,336,336,1,57,56.0,11935.0,11172,819,0.00469208211143695,0.06837606837606838
52e397095216d3ff.jpg,DRIP,336,336,3,59,2861.0,13806.0,11564,5103,0.2072287411270462,0.5606505976876347
52e397095216d3ff.jpg,Fixed,336,336,3,57,574.0,15701.0,11172,5103,0.036558181007579134,0.11248285322359397
5326cdd558fd394e.jpg,DRIP,336,336,2,59,449.0,12654.0,11564,1539,0.03548285127232496,0.2917478882391163
5326cdd558fd394e.jpg,Fixed,336,336,2,57,126.0,12585.0,11172,1539,0.0100119189511323,0.08187134502923976
532cb0a2a48ca6f1.jpg,DRIP,336,336,5,59,962.0,13695.0,11564,3093,0.07024461482292807,0.31102489492402197
532cb0a2a48ca6f1.jpg,Fixed,336,336,5,57,202.0,14063.0,11172,3093,0.014363933726800825,0.06530876172001293
534b1900dba97f76.jpg,DRIP,336,336,1,58,154.0,11765.0,11368,551,0.013089672758181046,0.279491833030853
534b1900dba97f76.jpg,Fixed,336,336,1,57,121.0,11602.0,11172,551,0.010429236338562317,0.21960072595281308
536b15d8cd689cca.jpg,DRIP,336,336,34,59,4130.0,29461.0,11564,22027,0.14018532975798514,0.18749716257320562
536b15d8cd689cca.jpg,Fixed,336,336,34,57,1987.0,31212.0,11172,22027,0.06366141227732923,0.0902074726472057
53714027909d39a7.jpg,DRIP,336,336,0,59,,,11564,0,,
53714027909d39a7.jpg,Fixed,336,336,0,57,,,11172,0,,
53769eb8d5efce1d.jpg,DRIP,336,336,5,58,2974.0,15899.0,11368,7505,0.18705578967230643,0.39626915389740175
53769eb8d5efce1d.jpg,Fixed,336,336,5,57,952.0,17725.0,11172,7505,0.05370944992947814,0.12684876748834112
537c6511b3d8e599.jpg,DRIP,336,336,4,58,708.0,18420.0,11368,7760,0.038436482084690554,0.09123711340206185
537c6511b3d8e599.jpg,Fixed,336,336,4,57,737.0,18195.0,11172,7760,0.04050563341577357,0.09497422680412371
538d05fa4c945e9a.jpg,DRIP,336,336,0,58,,,11368,0,,
538d05fa4c945e9a.jpg,Fixed,336,336,0,57,,,11172,0,,
539696316f411b7f.jpg,DRIP,336,336,7,58,4176.0,44661.0,11368,37469,0.09350439981191644,0.1114521337639115
539696316f411b7f.jpg,Fixed,336,336,7,57,3402.0,45239.0,11172,37469,0.07520060125113287,0.09079505724732445
53abc3545e4b9b22.jpg,DRIP,336,336,0,58,,,11368,0,,
53abc3545e4b9b22.jpg,Fixed,336,336,0,57,,,11172,0,,
53add07659444382.jpg,DRIP,336,336,4,58,813.0,13969.0,11368,3414,0.058200300665759895,0.23813708260105448
53add07659444382.jpg,Fixed,336,336,4,57,315.0,14271.0,11172,3414,0.022072734916964473,0.09226713532513181
53cc9715839927e0.jpg,DRIP,336,336,1,58,,,11368,0,,
53cc9715839927e0.jpg,Fixed,336,336,1,57,,,11172,0,,
53ddd51643c5d44c.jpg,DRIP,336,336,0,59,,,11564,0,,
53ddd51643c5d44c.jpg,Fixed,336,336,0,57,,,11172,0,,
540dc44fffa3c95f.jpg,DRIP,336,336,3,59,2657.0,16338.0,11564,7431,0.16262700452931816,0.3575561835553761
540dc44fffa3c95f.jpg,Fixed,336,336,3,57,798.0,17805.0,11172,7431,0.04481887110362258,0.10738796931772306
545cfb9c8d79e4f1.jpg,DRIP,336,336,1,59,1900.0,13804.0,11564,4140,0.1376412634019125,0.45893719806763283
545cfb9c8d79e4f1.jpg,Fixed,336,336,1,57,434.0,14878.0,11172,4140,0.029170587444549,0.10483091787439613
54611531c56d36c7.jpg,DRIP,336,336,0,58,,,11368,0,,
54611531c56d36c7.jpg,Fixed,336,336,0,57,,,11172,0,,
5482d668eb955708.jpg,DRIP,336,336,3,58,266.0,28578.0,11368,17476,0.009307859192385751,0.01522087434195468
5482d668eb955708.jpg,Fixed,336,336,3,57,1414.0,27234.0,11172,17476,0.05192039362561504,0.08091096360723278
5487793f49e446eb.jpg,DRIP,336,336,3,58,2156.0,21343.0,11368,12131,0.10101672679567071,0.1777264858626659
5487793f49e446eb.jpg,Fixed,336,336,3,57,927.0,22376.0,11172,12131,0.04142831605291383,0.07641579424614624
54b8a2742cb0c13e.jpg,DRIP,336,336,0,58,,,11368,0,,
54b8a2742cb0c13e.jpg,Fixed,336,336,0,57,,,11172,0,,
54b91a65ead0ffdb.jpg,DRIP,336,336,5,59,3542.0,23798.0,11564,15776,0.1488360366417346,0.2245182555780933
54b91a65ead0ffdb.jpg,Fixed,336,336,5,57,1556.0,25392.0,11172,15776,0.06127914303717706,0.09863083164300203
54c521d41f7818ef.jpg,DRIP,336,336,4,59,371.0,14755.0,11564,3562,0.025144018976618096,0.10415496911847277
54c521d41f7818ef.jpg,Fixed,336,336,4,57,336.0,14398.0,11172,3562,0.023336574524239477,0.09432902863559797
54d28c5e0824a301.jpg,DRIP,336,336,4,59,5446.0,30743.0,11564,24625,0.177146016979475,0.22115736040609138
54d28c5e0824a301.jpg,Fixed,336,336,4,57,2416.0,33381.0,11172,24625,0.07237650160270813,0.09811167512690355
55018830c6a70275.jpg,DRIP,336,336,2,59,7126.0,43783.0,11564,39345,0.1627572345430875,0.1811157707459652
55018830c6a70275.jpg,Fixed,336,336,2,57,3073.0,47444.0,11172,39345,0.06477109855830031,0.07810395221756258
5508e86419278627.jpg,DRIP,336,336,0,58,,,11368,0,,
5508e86419278627.jpg,Fixed,336,336,0,57,,,11172,0,,
55120ce9bd18b5d9.jpg,DRIP,336,336,1,58,2500.0,20451.0,11368,11583,0.12224341108014278,0.2158335491668825
55120ce9bd18b5d9.jpg,Fixed,336,336,1,57,1114.0,21641.0,11172,11583,0.051476364308488516,0.09617542950876284
552d4d5f6ebff600.jpg,DRIP,336,336,5,58,2662.0,14577.0,11368,5871,0.1826164505728202,0.4534150911258729
552d4d5f6ebff600.jpg,Fixed,336,336,5,57,546.0,16497.0,11172,5871,0.03309692671394799,0.09299948901379662
55363386155538b3.jpg,DRIP,336,336,2,59,3506.0,17163.0,11564,9105,0.20427664161277165,0.38506315211422293
55363386155538b3.jpg,Fixed,336,336,2,57,1288.0,18989.0,11172,9105,0.06782874295644847,0.1414607358594179
55a327379bc5038b.jpg,DRIP,336,336,0,59,,,11564,0,,
55a327379bc5038b.jpg,Fixed,336,336,0,57,,,11172,0,,
55b56c4a07efc92c.jpg,DRIP,336,336,2,58,1141.0,14781.0,11368,4554,0.07719369460794263,0.2505489679402723
55b56c4a07efc92c.jpg,Fixed,336,336,2,57,602.0,15124.0,11172,4554,0.03980428458079873,0.13219148001756698
55c82f496de7d308.jpg,DRIP,336,336,38,59,5347.0,43856.0,11564,37639,0.12192174388909158,0.14206009723956534
55c82f496de7d308.jpg,Fixed,336,336,38,57,3344.0,45467.0,11172,37639,0.07354784788967823,0.08884401817264008
55e89624eb04734e.jpg,DRIP,336,336,1,59,1330.0,15139.0,11564,4905,0.08785256621969748,0.2711518858307849
55e89624eb04734e.jpg,Fixed,336,336,1,57,392.0,15685.0,11172,4905,0.02499203060248645,0.0799184505606524
561af632c640e187.jpg,DRIP,336,336,0,59,,,11564,0,,
561af632c640e187.jpg,Fixed,336,336,0,57,,,11172,0,,
561af646641b5ff8.jpg,DRIP,336,336,1,59,3038.0,15241.0,11564,6715,0.19933075257529034,0.4524199553239017
561af646641b5ff8.jpg,Fixed,336,336,1,57,518.0,17369.0,11172,6715,0.029823248315965226,0.07714072970960537
5657a3597e0d833a.jpg,DRIP,336,336,3,59,927.0,12596.0,11564,1959,0.07359479199745951,0.47320061255742724
5657a3597e0d833a.jpg,Fixed,336,336,3,57,306.0,12825.0,11172,1959,0.023859649122807018,0.1562021439509954
5672162112fd4d65.jpg,DRIP,336,336,2,59,5992.0,37477.0,11564,31905,0.1598847293006377,0.18780755367497257
5672162112fd4d65.jpg,Fixed,336,336,2,57,3326.0,39751.0,11172,31905,0.08367085104777239,0.10424698323146842
568a7eb500a5000b.jpg,DRIP,336,336,3,58,1149.0,13072.0,11368,2853,0.08789779681762545,0.4027339642481598
568a7eb500a5000b.jpg,Fixed,336,336,3,57,268.0,13757.0,11172,2853,0.019480991495238787,0.09393620750087626
56a7ee3a538d88da.jpg,DRIP,336,336,5,59,6254.0,43305.0,11564,37995,0.14441750375245352,0.16460060534280826
56a7ee3a538d88da.jpg,Fixed,336,336,5,57,3864.0,45303.0,11172,37995,0.08529236474405669,0.10169759178839322
56a972ef480eb607.jpg,DRIP,336,336,9,58,6659.0,33755.0,11368,29046,0.19727447785513258,0.22925704055635887
56a972ef480eb607.jpg,Fixed,336,336,9,57,2744.0,37474.0,11172,29046,0.0732241020440839,0.09447083935825931
56b1d4923e2362b0.jpg,DRIP,336,336,1,59,798.0,13331.0,11564,2565,0.05986047558322707,0.3111111111111111
56b1d4923e2362b0.jpg,Fixed,336,336,1,57,196.0,13541.0,11172,2565,0.01447455874750757,0.07641325536062378
56b9d4fbb61cbd66.jpg,DRIP,336,336,3,59,486.0,15545.0,11564,4467,0.03126407204889032,0.10879785090664876
56b9d4fbb61cbd66.jpg,Fixed,336,336,3,57,481.0,15158.0,11172,4467,0.03173241852487135,0.10767853145287665
56cd9566896837d5.jpg,DRIP,336,336,3,58,8708.0,55005.0,11368,52345,0.15831288064721388,0.16635781832075652
56cd9566896837d5.jpg,Fixed,336,336,3,57,4977.0,58540.0,11172,52345,0.08501879057055005,0.09508071449040023
56f186cea7554f90.jpg,DRIP,336,336,0,59,,,11564,0,,
56f186cea7554f90.jpg,Fixed,336,336,0,57,,,11172,0,,
5713b65a257bd3b5.jpg,DRIP,336,336,0,59,,,11564,0,,
5713b65a257bd3b5.jpg,Fixed,336,336,0,57,,,11172,0,,
5727bb5d3d61f329.jpg,DRIP,336,336,4,59,3430.0,33477.0,11564,25343,0.1024584042775637,0.13534309276723355
5727bb5d3d61f329.jpg,Fixed,336,336,4,57,2084.0,34431.0,11172,25343,0.060526850803055386,0.08223177997869234
57384ebb857e5a7c.jpg,DRIP,336,336,1,59,924.0,11936.0,11564,1296,0.07741286863270777,0.7129629629629629
57384ebb857e5a7c.jpg,Fixed,336,336,1,57,196.0,12272.0,11172,1296,0.015971316818774447,0.15123456790123457
57406b1efcc627bc.jpg,DRIP,336,336,7,58,4984.0,28258.0,11368,21874,0.17637483190600892,0.227850416019018
57406b1efcc627bc.jpg,Fixed,336,336,7,57,1953.0,31093.0,11172,21874,0.06281156530408774,0.08928408155801408
575f56fadecf56d6.jpg,DRIP,336,336,12,58,1280.0,21584.0,11368,11496,0.05930318754633061,0.11134307585247043
575f56fadecf56d6.jpg,Fixed,336,336,12,57,1190.0,21478.0,11172,11496,0.05540553124127014,0.1035142658315936
577a9f10113c97ba.jpg,DRIP,336,336,1,59,3920.0,29259.0,11564,21615,0.1339758706722718,0.18135554013416608
577a9f10113c97ba.jpg,Fixed,336,336,1,57,1918.0,30869.0,11172,21615,0.06213353202241731,0.08873467499421697
5791ba8b07394c6e.jpg,DRIP,336,336,4,59,1785.0,26494.0,11564,16715,0.06737374499886767,0.10679030810649118
5791ba8b07394c6e.jpg,Fixed,336,336,4,57,1666.0,26221.0,11172,16715,0.06353685976888754,0.0996709542327251
5797a011421a293d.jpg,DRIP,336,336,9,58,5345.0,34352.0,11368,28329,0.1555950163018165,0.18867591513996257
5797a011421a293d.jpg,Fixed,336,336,9,57,2740.0,36761.0,11172,28329,0.07453551317972852,0.0967206749267535
57d763c85157b92c.jpg,DRIP,336,336,0,58,,,11368,0,,
57d763c85157b92c.jpg,Fixed,336,336,0,57,,,11172,0,,
57e909123d97d212.jpg,DRIP,336,336,2,59,1190.0,16730.0,11564,6356,0.07112970711297072,0.18722466960352424
57e909123d97d212.jpg,Fixed,336,336,2,57,700.0,16828.0,11172,6356,0.04159733777038269,0.11013215859030837
581c4c6ada503c40.jpg,DRIP,336,336,0,59,,,11564,0,,
581c4c6ada503c40.jpg,Fixed,336,336,0,57,,,11172,0,,
581f27ef1b53338d.jpg,DRIP,336,336,3,59,224.0,14897.0,11564,3557,0.015036584547224273,0.06297441664323869
581f27ef1b53338d.jpg,Fixed,336,336,3,57,354.0,14375.0,11172,3557,0.02462608695652174,0.099522069159404
582240c4d2f9a6b4.jpg,DRIP,336,336,19,59,5858.0,29177.0,11564,23471,0.20077458271926518,0.24958459375399428
582240c4d2f9a6b4.jpg,Fixed,336,336,19,57,2443.0,32200.0,11172,23471,0.0758695652173913,0.10408589322994334
58427bbb831c8d07.jpg,DRIP,336,336,29,58,3916.0,39961.0,11368,32509,0.09799554565701558,0.12045894982927804
58427bbb831c8d07.jpg,Fixed,336,336,29,57,3194.0,40487.0,11172,32509,0.07888952009286931,0.09824971546341013
5849b227a8986058.jpg,DRIP,336,336,4,58,3432.0,14949.0,11368,7013,0.22958057395143489,0.489376871524312
5849b227a8986058.jpg,Fixed,336,336,4,57,750.0,17435.0,11172,7013,0.04301691998852882,0.10694424639954371
585226e12b249931.jpg,DRIP,336,336,55,59,2865.0,34222.0,11564,25523,0.08371807609140319,0.11225169455001371
585226e12b249931.jpg,Fixed,336,336,55,57,2181.0,34514.0,11172,25523,0.06319174827606189,0.08545233710770678
589173c36b15bb8f.jpg,DRIP,336,336,4,59,5684.0,25197.0,11564,19317,0.22558241060443704,0.2942485893254646
589173c36b15bb8f.jpg,Fixed,336,336,4,57,1966.0,28523.0,11172,19317,0.06892683097850857,0.10177563803903297
589a8e65a0a98b94.jpg,DRIP,336,336,1,58,1750.0,12939.0,11368,3321,0.13525001932143133,0.5269497139415839
589a8e65a0a98b94.jpg,Fixed,336,336,1,57,209.0,14284.0,11172,3321,0.014631755810697283,0.06293285155073773
58cb4402bdd932d2.jpg,DRIP,336,336,2,59,3948.0,31430.0,11564,23814,0.12561247216035634,0.1657848324514991
58cb4402bdd932d2.jpg,Fixed,336,336,2,57,2352.0,32634.0,11172,23814,0.07207207207207207,0.09876543209876543
58d543df7eab2bfc.jpg,DRIP,336,336,0,59,,,11564,0,,
58d543df7eab2bfc.jpg,Fixed,336,336,0,57,,,11172,0,,
58e13c1b1b9f6075.jpg,DRIP,336,336,3,59,812.0,17230.0,11564,6478,0.04712710388856645,0.1253473294226613
58e13c1b1b9f6075.jpg,Fixed,336,336,3,57,188.0,17462.0,11172,6478,0.010766235253693735,0.029021302871256562
58eec0b35fbbbc6d.jpg,DRIP,336,336,1,58,98.0,11745.0,11368,475,0.008343976160068114,0.2063157894736842
58eec0b35fbbbc6d.jpg,Fixed,336,336,1,57,126.0,11521.0,11172,475,0.010936550646645256,0.26526315789473687
58f8a344f14daf03.jpg,DRIP,336,336,6,59,3000.0,15711.0,11564,7147,0.19094901661256444,0.41975654120610045
58f8a344f14daf03.jpg,Fixed,336,336,6,57,609.0,17710.0,11172,7147,0.03438735177865613,0.08521057786483839
58fff23e3b0de1ad.jpg,DRIP,336,336,1,59,1540.0,15356.0,11564,5332,0.10028653295128939,0.2888222055513878
58fff23e3b0de1ad.jpg,Fixed,336,336,1,57,462.0,16042.0,11172,5332,0.02879940157087645,0.08664666166541636
590234908349d651.jpg,DRIP,336,336,3,59,1218.0,15940.0,11564,5594,0.07641154328732748,0.2177332856632106
590234908349d651.jpg,Fixed,336,336,3,57,506.0,16260.0,11172,5594,0.03111931119311193,0.09045405791919914
5918ab1cdea54f23.jpg,DRIP,336,336,0,59,,,11564,0,,
5918ab1cdea54f23.jpg,Fixed,336,336,0,57,,,11172,0,,
591c509f630b0e0a.jpg,DRIP,336,336,1,58,392.0,11531.0,11368,555,0.03399531697164166,0.7063063063063063
591c509f630b0e0a.jpg,Fixed,336,336,1,57,126.0,11601.0,11172,555,0.010861132660977503,0.22702702702702704
596d85cdc5340b7a.jpg,DRIP,336,336,1,59,9058.0,96922.0,11564,94416,0.09345659396215514,0.09593712930011862
596d85cdc5340b7a.jpg,Fixed,336,336,1,57,9408.0,96180.0,11172,94416,0.09781659388646288,0.099644128113879
596e22039f86eaf0.jpg,DRIP,336,336,0,58,,,11368,0,,
596e22039f86eaf0.jpg,Fixed,336,336,0,57,,,11172,0,,
59b29f7a85d3b339.jpg,DRIP,336,336,1,58,586.0,12147.0,11368,1365,0.048242364369803246,0.4293040293040293
59b29f7a85d3b339.jpg,Fixed,336,336,1,57,56.0,12481.0,11172,1365,0.00448681996634885,0.041025641025641026
59b4448729a53a92.jpg,DRIP,336,336,4,59,3905.0,17810.0,11564,10151,0.21925884334643458,0.3846911634321742
59b4448729a53a92.jpg,Fixed,336,336,4,57,994.0,20329.0,11172,10151,0.048895666289537114,0.09792138705546252
59be589b07917984.jpg,DRIP,336,336,0,58,,,11368,0,,
59be589b07917984.jpg,Fixed,336,336,0,57,,,11172,0,,
59de43c665d0c405.jpg,DRIP,336,336,0,58,,,11368,0,,
59de43c665d0c405.jpg,Fixed,336,336,0,57,,,11172,0,,
59ed3cbd7abaffc5.jpg,DRIP,336,336,10,58,3014.0,19930.0,11368,11576,0.15122930255895634,0.26036627505183135
59ed3cbd7abaffc5.jpg,Fixed,336,336,10,57,1085.0,21663.0,11172,11576,0.05008539906753451,0.09372840359364201
5a1a0977378650c4.jpg,DRIP,336,336,3,59,3034.0,15180.0,11564,6650,0.19986824769433464,0.4562406015037594
5a1a0977378650c4.jpg,Fixed,336,336,3,57,700.0,17122.0,11172,6650,0.04088307440719542,0.10526315789473684
5a2ee530e4978787.jpg,DRIP,336,336,1,59,420.0,11884.0,11564,740,0.035341635812857625,0.5675675675675675
5a2ee530e4978787.jpg,Fixed,336,336,1,57,28.0,11884.0,11172,740,0.0023561090541905083,0.03783783783783784
5a38b3e0293c5ab8.jpg,DRIP,336,336,20,59,5331.0,39269.0,11564,33036,0.1357559397998421,0.16136941518343625
5a38b3e0293c5ab8.jpg,Fixed,336,336,20,57,3149.0,41059.0,11172,33036,0.0766945127743004,0.09532025668967187
5a46d567e8821ee4.jpg,DRIP,336,336,3,59,5952.0,37470.0,11564,31858,0.15884707766212972,0.1868290539268002
5a46d567e8821ee4.jpg,Fixed,336,336,3,57,2940.0,40090.0,11172,31858,0.07333499625841856,0.0922845125243267
5a4d1f725db30b12.jpg,DRIP,336,336,2,59,1160.0,13585.0,11564,3181,0.08538829591461171,0.3646651996227601
5a4d1f725db30b12.jpg,Fixed,336,336,2,57,222.0,14131.0,11172,3181,0.015710140825136224,0.06978937441056271
5a5f20395afd189b.jpg,DRIP,336,336,22,59,5972.0,32883.0,11564,27291,0.18161359973238453,0.21882671943131435
5a5f20395afd189b.jpg,Fixed,336,336,22,57,2702.0,35761.0,11172,27291,0.07555717122004418,0.09900699864424169
5a659b80a7195337.jpg,DRIP,336,336,2,58,3790.0,15601.0,11368,8023,0.242933145311198,0.4723918733640783
5a659b80a7195337.jpg,Fixed,336,336,2,57,798.0,18397.0,11172,8023,0.04337663749524379,0.09946404088246293
5a85fd010c1ed347.jpg,DRIP,336,336,5,58,1406.0,16606.0,11368,6644,0.08466819221967964,0.21161950632149307
5a85fd010c1ed347.jpg,Fixed,336,336,5,57,660.0,17156.0,11172,6644,0.03847050594544183,0.09933774834437085
5a8c9df785b74297.jpg,DRIP,336,336,0,58,,,11368,0,,
5a8c9df785b74297.jpg,Fixed,336,336,0,57,,,11172,0,,
5aac35850120d90e.jpg,DRIP,336,336,2,58,196.0,12627.0,11368,1455,0.015522293498059713,0.13470790378006872
5aac35850120d90e.jpg,Fixed,336,336,2,57,42.0,12585.0,11172,1455,0.0033373063170441,0.0288659793814433
5b18d48da05842dd.jpg,DRIP,336,336,1,58,288.0,11845.0,11368,765,0.024314056563951036,0.3764705882352941
5b18d48da05842dd.jpg,Fixed,336,336,1,57,50.0,11887.0,11172,765,0.004206275763439051,0.06535947712418301
5b6e245b56e90a0e.jpg,DRIP,336,336,4,58,252.0,23748.0,11368,12632,0.010611419909044972,0.019949335022165927
5b6e245b56e90a0e.jpg,Fixed,336,336,4,57,1135.0,22669.0,11172,12632,0.05006837531430588,0.08985117162761241
5b6e78a4305ee39a.jpg,DRIP,336,336,3,59,4282.0,21580.0,11564,14298,0.1984244670991659,0.2994824450972164
5b6e78a4305ee39a.jpg,Fixed,336,336,3,57,1208.0,24262.0,11172,14298,0.049789794740746844,0.08448734088683732
5b76aaf9cfca0106.jpg,DRIP,336,336,1,58,162.0,11531.0,11368,325,0.014049085075015176,0.49846153846153846
5b76aaf9cfca0106.jpg,Fixed,336,336,1,57,77.0,11420.0,11172,325,0.006742556917688266,0.23692307692307693
5b80ee3e3c246186.jpg,DRIP,336,336,1,59,826.0,18091.0,11564,7353,0.04565806201978884,0.11233510131918945
5b80ee3e3c246186.jpg,Fixed,336,336,1,57,798.0,17727.0,11172,7353,0.04501607717041801,0.10852713178294573
5b91bdbc8bf37fe4.jpg,DRIP,336,336,7,58,5083.0,36590.0,11368,30305,0.13891773708663568,0.1677280976736512
5b91bdbc8bf37fe4.jpg,Fixed,336,336,7,57,3178.0,38299.0,11172,30305,0.08297866785033552,0.10486718363306385
5b956d2f54f0644a.jpg,DRIP,336,336,0,58,,,11368,0,,
5b956d2f54f0644a.jpg,Fixed,336,336,0,57,,,11172,0,,
5b9d70f00e4edcaa.jpg,DRIP,336,336,8,59,4320.0,24672.0,11564,17428,0.17509727626459143,0.24787697957310076
5b9d70f00e4edcaa.jpg,Fixed,336,336,8,57,1826.0,26774.0,11172,17428,0.06820049301561217,0.10477392701400046
5bc5e7f53a9d2a34.jpg,DRIP,336,336,6,58,2198.0,17244.0,11368,8074,0.1274646253769427,0.2722318553381224
5bc5e7f53a9d2a34.jpg,Fixed,336,336,6,57,676.0,18570.0,11172,8074,0.03640280021540118,0.0837255387664107
5bf5760092c3a48a.jpg,DRIP,336,336,3,58,298.0,11717.0,11368,647,0.025433131347614577,0.4605873261205564
5bf5760092c3a48a.jpg,Fixed,336,336,3,57,3.0,11816.0,11172,647,0.00025389302640487475,0.00463678516228748
5bf96d545aee074c.jpg,DRIP,336,336,3,59,3600.0,16800.0,11564,8836,0.21428571428571427,0.4074241738343142
5bf96d545aee074c.jpg,Fixed,336,336,3,57,714.0,19294.0,11172,8836,0.03700632320928786,0.08080579447713898
5c1106691abc9518.jpg,DRIP,336,336,1,58,924.0,13144.0,11368,2700,0.07029823493609251,0.3422222222222222
5c1106691abc9518.jpg,Fixed,336,336,1,57,350.0,13522.0,11172,2700,0.025883745008134892,0.12962962962962962
5c151f5755ae6181.jpg,DRIP,336,336,5,59,1217.0,13414.0,11564,3067,0.09072610705233339,0.3968046951418324
5c151f5755ae6181.jpg,Fixed,336,336,5,57,182.0,14057.0,11172,3067,0.012947286049654977,0.05934137593739811
5c2f65dc50d6b16e.jpg,DRIP,336,336,1,59,0.0,12396.0,11564,832,0.0,0.0
5c2f65dc50d6b16e.jpg,Fixed,336,336,1,57,200.0,11804.0,11172,832,0.016943409013893594,0.2403846153846154
5c351c2ac4053a71.jpg,DRIP,336,336,3,58,4908.0,19874.0,11368,13414,0.24695582167656235,0.3658863873564932
5c351c2ac4053a71.jpg,Fixed,336,336,3,57,1414.0,23172.0,11172,13414,0.06102192301052995,0.10541225585209482
5c379ce47127773b.jpg,DRIP,336,336,10,59,3501.0,17233.0,11564,9170,0.203156734172808,0.3817884405670665
5c379ce47127773b.jpg,Fixed,336,336,10,57,650.0,19692.0,11172,9170,0.033008328255128984,0.07088331515812432
5c530f3383692c65.jpg,DRIP,336,336,9,58,1820.0,27739.0,11368,18191,0.06561159378492375,0.10004947501511736
5c530f3383692c65.jpg,Fixed,336,336,9,57,2170.0,27193.0,11172,18191,0.07979994851616225,0.11928975867187071
5c6a9da46ed0f46b.jpg,DRIP,336,336,1,59,1134.0,12290.0,11564,1860,0.09227013832384053,0.6096774193548387
5c6a9da46ed0f46b.jpg,Fixed,336,336,1,57,196.0,12836.0,11172,1860,0.015269554378311,0.1053763440860215
5cc9a3d8f0ad561a.jpg,DRIP,336,336,119,59,4192.0,52396.0,11564,45024,0.0800061073364379,0.09310589907604833
5cc9a3d8f0ad561a.jpg,Fixed,336,336,119,57,4351.0,51845.0,11172,45024,0.0839232327128942,0.09663734896943853
5ce2b013204bc994.jpg,DRIP,336,336,2,58,2996.0,20477.0,11368,12105,0.14631049470137228,0.24750103263114415
5ce2b013204bc994.jpg,Fixed,336,336,2,57,1176.0,22101.0,11172,12105,0.053210261979095966,0.09714993804213135
5ce61cf553ba6c5c.jpg,DRIP,336,336,3,58,1165.0,13990.0,11368,3787,0.08327376697641173,0.30763137047795086
5ce61cf553ba6c5c.jpg,Fixed,336,336,3,57,397.0,14562.0,11172,3787,0.027262738634802913,0.10483232109849486
5ce862cbefd8458f.jpg,DRIP,336,336,1,58,2170.0,31675.0,11368,22477,0.06850828729281767,0.09654313298037995
5ce862cbefd8458f.jpg,Fixed,336,336,1,57,2450.0,31199.0,11172,22477,0.07852815795378057,0.10900031142946123
5ce9d07a617d14b5.jpg,DRIP,336,336,0,59,,,11564,0,,
5ce9d07a617d14b5.jpg,Fixed,336,336,0,57,,,11172,0,,
5d0251f1cb2f5b7f.jpg,DRIP,336,336,21,59,7223.0,40620.0,11564,36279,0.1778188084687346,0.19909589569723532
5d0251f1cb2f5b7f.jpg,Fixed,336,336,21,57,3568.0,43883.0,11172,36279,0.08130711209352141,0.09834890708123156
5d0306810db3202a.jpg,DRIP,336,336,2,58,930.0,13590.0,11368,3152,0.0684326710816777,0.2950507614213198
5d0306810db3202a.jpg,Fixed,336,336,2,57,308.0,14016.0,11172,3152,0.021974885844748857,0.09771573604060914
5d1f29d481091384.jpg,DRIP,336,336,2,59,1746.0,15917.0,11564,6099,0.10969403782119747,0.28627643876045256
5d1f29d481091384.jpg,Fixed,336,336,2,57,460.0,16811.0,11172,6099,0.02736303610731069,0.07542220036071487
5d40f3dc91ab4950.jpg,DRIP,336,336,1,58,,,11368,0,,
5d40f3dc91ab4950.jpg,Fixed,336,336,1,57,,,11172,0,,
5d411d97c0f033c7.jpg,DRIP,336,336,0,58,,,11368,0,,
5d411d97c0f033c7.jpg,Fixed,336,336,0,57,,,11172,0,,
5d5a83b94e931568.jpg,DRIP,336,336,8,58,2800.0,19609.0,11368,11041,0.14279157529705747,0.25360021737161487
5d5a83b94e931568.jpg,Fixed,336,336,8,57,910.0,21303.0,11172,11041,0.04271698821762193,0.08242007064577483
5d603077c0632bc6.jpg,DRIP,336,336,4,59,1187.0,16602.0,11564,6225,0.07149740995060835,0.19068273092369478
5d603077c0632bc6.jpg,Fixed,336,336,4,57,410.0,16987.0,11172,6225,0.024136104079590274,0.06586345381526104
5d7a93b1f2c32dd4.jpg,DRIP,336,336,6,58,6022.0,30612.0,11368,25266,0.1967202404285901,0.23834401963112484
5d7a93b1f2c32dd4.jpg,Fixed,336,336,6,57,2040.0,34398.0,11172,25266,0.05930577359148788,0.08074091664687723
5d890ade3487ede0.jpg,DRIP,336,336,2,59,1683.0,14081.0,11564,4200,0.11952276116753072,0.4007142857142857
5d890ade3487ede0.jpg,Fixed,336,336,2,57,300.0,15072.0,11172,4200,0.019904458598726114,0.07142857142857142
5d8933749b1009fb.jpg,DRIP,336,336,0,59,,,11564,0,,
5d8933749b1009fb.jpg,Fixed,336,336,0,57,,,11172,0,,
5da3c30357b7fd2b.jpg,DRIP,336,336,0,59,,,11564,0,,
5da3c30357b7fd2b.jpg,Fixed,336,336,0,57,,,11172,0,,
5de7c66f14940b48.jpg,DRIP,336,336,24,59,5154.0,27212.0,11564,20802,0.1894017345288843,0.24776463801557544
5de7c66f14940b48.jpg,Fixed,336,336,24,57,1955.0,30019.0,11172,20802,0.06512542056697425,0.09398134794731276
5e1987f14c81a9ae.jpg,DRIP,336,336,1,59,1050.0,11949.0,11564,1435,0.08787346221441125,0.7317073170731707
5e1987f14c81a9ae.jpg,Fixed,336,336,1,57,196.0,12411.0,11172,1435,0.015792442188381276,0.13658536585365855
5e1c75ed611db338.jpg,DRIP,336,336,0,59,,,11564,0,,
5e1c75ed611db338.jpg,Fixed,336,336,0,57,,,11172,0,,
5e3c9f490606e41b.jpg,DRIP,336,336,21,59,5153.0,41412.0,11564,35001,0.12443253163334299,0.14722436501814234
5e3c9f490606e41b.jpg,Fixed,336,336,21,57,3555.0,42618.0,11172,35001,0.08341545825707447,0.10156852661352533
5e419d1694484dd5.jpg,DRIP,336,336,8,59,4488.0,20614.0,11564,13538,0.21771611526147278,0.33151130152164276
5e419d1694484dd5.jpg,Fixed,336,336,8,57,1268.0,23442.0,11172,13538,0.054090947871342034,0.093662283941498
5e46742c4dd18e37.jpg,DRIP,336,336,9,59,2833.0,16956.0,11564,8225,0.16707949988204765,0.3444376899696049
5e46742c4dd18e37.jpg,Fixed,336,336,9,57,646.0,18751.0,11172,8225,0.03445149592021759,0.07854103343465045
5e49cd7cd401229d.jpg,DRIP,336,336,1,58,,,11368,0,,
5e49cd7cd401229d.jpg,Fixed,336,336,1,57,,,11172,0,,
5e4b47f14aaf1772.jpg,DRIP,336,336,8,58,3069.0,18584.0,11368,10285,0.16514205768402926,0.2983957219251337
5e4b47f14aaf1772.jpg,Fixed,336,336,8,57,1122.0,20335.0,11172,10285,0.05517580526186378,0.10909090909090909
5e9ef9442e666b37.jpg,DRIP,336,336,90,59,822.0,30035.0,11564,19293,0.027368070584318296,0.042606126574405226
5e9ef9442e666b37.jpg,Fixed,336,336,90,57,1357.0,29108.0,11172,19293,0.046619486051944485,0.07033639143730887
5eab889eb7a1506e.jpg,DRIP,336,336,0,59,,,11564,0,,
5eab889eb7a1506e.jpg,Fixed,336,336,0,57,,,11172,0,,
5ec0ffdfeccccc28.jpg,DRIP,336,336,3,59,406.0,15543.0,11564,4385,0.02612108344592421,0.09258836944127707
5ec0ffdfeccccc28.jpg,Fixed,336,336,3,57,662.0,14895.0,11172,4385,0.044444444444444446,0.15096921322690993
5eca47d2fd4e4a56.jpg,DRIP,336,336,4,58,855.0,12713.0,11368,2200,0.06725399197671675,0.3886363636363636
5eca47d2fd4e4a56.jpg,Fixed,336,336,4,57,251.0,13121.0,11172,2200,0.01912963950918375,0.11409090909090909
5eea957b44dc4166.jpg,DRIP,336,336,5,58,1655.0,15413.0,11368,5700,0.10737688963861675,0.29035087719298247
5eea957b44dc4166.jpg,Fixed,336,336,5,57,526.0,16346.0,11172,5700,0.03217912639177781,0.09228070175438596
5efaf23125629964.jpg,DRIP,336,336,3,58,598.0,14080.0,11368,3310,0.04247159090909091,0.18066465256797584
5efaf23125629964.jpg,Fixed,336,336,3,57,280.0,14202.0,11172,3310,0.019715533023517813,0.08459214501510574
5f190544bf6829c6.jpg,DRIP,336,336,33,59,6308.0,43888.0,11564,38632,0.14372949325555961,0.163284323876579
5f190544bf6829c6.jpg,Fixed,336,336,33,57,3291.0,46513.0,11172,38632,0.07075441274482402,0.0851884448125906
5f396ad4f4a0fba3.jpg,DRIP,336,336,5,58,4858.0,32099.0,11368,25589,0.1513442786379638,0.18984719996873656
5f396ad4f4a0fba3.jpg,Fixed,336,336,5,57,2457.0,34304.0,11172,25589,0.07162430037313433,0.09601782015709875
5f47c5b2503de101.jpg,DRIP,336,336,1,59,168.0,15191.0,11564,3795,0.011059179777499836,0.04426877470355731
5f47c5b2503de101.jpg,Fixed,336,336,1,57,524.0,14443.0,11172,3795,0.03628055113203628,0.1380764163372859
5f4f5c31749e70de.jpg,DRIP,336,336,31,58,5859.0,72429.0,11368,66920,0.08089301246738186,0.08755230125523013
5f4f5c31749e70de.jpg,Fixed,336,336,31,57,6457.0,71635.0,11172,66920,0.09013750261743561,0.09648834429169158
5f55d988c71f5298.jpg,DRIP,336,336,11,59,7748.0,44154.0,11564,40338,0.17547674049916204,0.19207694977440626
5f55d988c71f5298.jpg,Fixed,336,336,11,57,3932.0,47578.0,11172,40338,0.08264323847156249,0.09747632505329962
5f5669b908c0bb7b.jpg,DRIP,336,336,1,58,,,11368,0,,
5f5669b908c0bb7b.jpg,Fixed,336,336,1,57,,,11172,0,,
5f6792e515798dc7.jpg,DRIP,336,336,0,58,,,11368,0,,
5f6792e515798dc7.jpg,Fixed,336,336,0,57,,,11172,0,,
5f83cd1846b3456d.jpg,DRIP,336,336,36,58,6559.0,35718.0,11368,30909,0.18363290217817346,0.21220356530460383
5f83cd1846b3456d.jpg,Fixed,336,336,36,57,2733.0,39348.0,11172,30909,0.0694571515706008,0.08842084829661263
5f9498ef6bcb122c.jpg,DRIP,336,336,20,59,4582.0,31698.0,11564,24716,0.14455170673228596,0.18538598478718238
5f9498ef6bcb122c.jpg,Fixed,336,336,20,57,2605.0,33283.0,11172,24716,0.07826818495928853,0.10539731348114581
5f986e4c8c8bd485.jpg,DRIP,336,336,1,59,322.0,11945.0,11564,703,0.02695688572624529,0.45803698435277385
5f986e4c8c8bd485.jpg,Fixed,336,336,1,57,90.0,11785.0,11172,703,0.007636826474331778,0.12802275960170698
5f9926c128ebe791.jpg,DRIP,336,336,5,59,3276.0,15363.0,11564,7075,0.21323960164030462,0.4630388692579505
5f9926c128ebe791.jpg,Fixed,336,336,5,57,680.0,17567.0,11172,7075,0.038708942904309214,0.096113074204947
5fb9567d81e5d23b.jpg,DRIP,336,336,12,58,2615.0,22417.0,11368,13664,0.1166525404826694,0.1913788056206089
5fb9567d81e5d23b.jpg,Fixed,336,336,12,57,1162.0,23674.0,11172,13664,0.04908338261383797,0.08504098360655737
5fc62d577339fc52.jpg,DRIP,336,336,8,59,1618.0,17229.0,11564,7283,0.09391142840559522,0.22216119730880132
5fc62d577339fc52.jpg,Fixed,336,336,8,57,826.0,17629.0,11172,7283,0.046854614555561856,0.11341480159275023
5fd5467a48340ea7.jpg,DRIP,336,336,0,58,,,11368,0,,
5fd5467a48340ea7.jpg,Fixed,336,336,0,57,,,11172,0,,
6003ea9bed450c4e.jpg,DRIP,336,336,11,59,3467.0,15997.0,11564,7900,0.21672813652559855,0.43886075949367087
6003ea9bed450c4e.jpg,Fixed,336,336,11,57,976.0,18096.0,11172,7900,0.053934571175950484,0.12354430379746835
6008c59046863c85.jpg,DRIP,336,336,0,59,,,11564,0,,
6008c59046863c85.jpg,Fixed,336,336,0,57,,,11172,0,,
6011849e7cb75a9b.jpg,DRIP,336,336,1,59,1155.0,12474.0,11564,2065,0.09259259259259259,0.559322033898305
6011849e7cb75a9b.jpg,Fixed,336,336,1,57,280.0,12957.0,11172,2065,0.021609940572663425,0.13559322033898305
60626c92b1b6de26.jpg,DRIP,336,336,3,59,1452.0,12984.0,11564,2872,0.11182994454713494,0.5055710306406686
60626c92b1b6de26.jpg,Fixed,336,336,3,57,292.0,13752.0,11172,2872,0.02123327515997673,0.10167130919220056
606431c3ec6cea33.jpg,DRIP,336,336,2,59,1382.0,15055.0,11564,4873,0.09179674526735304,0.2836035296531911
606431c3ec6cea33.jpg,Fixed,336,336,2,57,557.0,15488.0,11172,4873,0.035963326446280995,0.11430330391955675
607b023cd68febab.jpg,DRIP,336,336,3,59,1064.0,16425.0,11564,5925,0.064779299847793,0.17957805907172997
607b023cd68febab.jpg,Fixed,336,336,3,57,630.0,16467.0,11172,5925,0.03825833485152123,0.10632911392405063
60a0b637c61c30d2.jpg,DRIP,336,336,0,59,,,11564,0,,
60a0b637c61c30d2.jpg,Fixed,336,336,0,57,,,11172,0,,
60b31ca132993c1f.jpg,DRIP,336,336,0,59,,,11564,0,,
60b31ca132993c1f.jpg,Fixed,336,336,0,57,,,11172,0,,
60b9d758a15ea0b6.jpg,DRIP,336,336,14,59,9170.0,59928.0,11564,57534,0.15301695367774662,0.15938401640768937
60b9d758a15ea0b6.jpg,Fixed,336,336,14,57,5562.0,63144.0,11172,57534,0.08808437856328392,0.09667327145687767
60d6741e7b7819e9.jpg,DRIP,336,336,1,58,2667.0,16440.0,11368,7739,0.16222627737226278,0.3446181677219279
60d6741e7b7819e9.jpg,Fixed,336,336,1,57,770.0,18141.0,11172,7739,0.042445289675321095,0.09949605892234138
60fd879040955560.jpg,DRIP,336,336,0,58,,,11368,0,,
60fd879040955560.jpg,Fixed,336,336,0,57,,,11172,0,,
60fee99bec565e30.jpg,DRIP,336,336,1,59,0.0,13034.0,11564,1470,0.0,0.0
60fee99bec565e30.jpg,Fixed,336,336,1,57,0.0,12642.0,11172,1470,0.0,0.0
610778737f236145.jpg,DRIP,336,336,13,59,1066.0,13818.0,11564,3320,0.07714575191778839,0.32108433734939756
610778737f236145.jpg,Fixed,336,336,13,57,430.0,14062.0,11172,3320,0.030578865026312047,0.12951807228915663
611c1491edebdc84.jpg,DRIP,336,336,3,59,4091.0,17453.0,11564,9980,0.2344009625852289,0.40991983967935874
611c1491edebdc84.jpg,Fixed,336,336,3,57,997.0,20155.0,11172,9980,0.04946663358967998,0.0998997995991984
616c4bf636e12dbd.jpg,DRIP,336,336,1,59,470.0,11897.0,11564,803,0.03950575775405565,0.5853051058530511
616c4bf636e12dbd.jpg,Fixed,336,336,1,57,84.0,11891.0,11172,803,0.007064166176099571,0.10460772104607721
61715b8521ae5d6a.jpg,DRIP,336,336,1,59,0.0,15989.0,11564,4425,0.0,0.0
61715b8521ae5d6a.jpg,Fixed,336,336,1,57,630.0,14967.0,11172,4425,0.04209260372820205,0.1423728813559322
61780b5dc890589c.jpg,DRIP,336,336,40,59,3956.0,34524.0,11564,26916,0.1145869540030124,0.1469757764898202
61780b5dc890589c.jpg,Fixed,336,336,40,57,2080.0,36008.0,11172,26916,0.05776494112419462,0.07727745578837866
617d546d903b0cbb.jpg,DRIP,336,336,9,58,1887.0,18383.0,11368,8902,0.10264918674862644,0.211974837115255
617d546d903b0cbb.jpg,Fixed,336,336,9,57,880.0,19194.0,11172,8902,0.04584766072731062,0.09885419006964727
61878ffc2fe16bc1.jpg,DRIP,336,336,6,59,909.0,15016.0,11564,4361,0.06053542887586574,0.20843843155239625
61878ffc2fe16bc1.jpg,Fixed,336,336,6,57,394.0,15139.0,11172,4361,0.02602549706057203,0.09034625085989452
61956cd818b79cb8.jpg,DRIP,336,336,30,58,3915.0,46002.0,11368,38549,0.08510499543498108,0.1015590547095904
61956cd818b79cb8.jpg,Fixed,336,336,30,57,3884.0,45837.0,11172,38549,0.08473503937866789,0.10075488339515941
61b7cfda8873dc5d.jpg,DRIP,336,336,1,59,2436.0,12647.0,11564,3519,0.19261484937139242,0.6922421142369991
61b7cfda8873dc5d.jpg,Fixed,336,336,1,57,391.0,14300.0,11172,3519,0.027342657342657343,0.1111111111111111
61b81725dfda110a.jpg,DRIP,336,336,1,59,2785.0,15062.0,11564,6283,0.18490240339928296,0.44325958936813625
61b81725dfda110a.jpg,Fixed,336,336,1,57,588.0,16867.0,11172,6283,0.034860971127052824,0.09358586662422409
621199e8fd572ce7.jpg,DRIP,336,336,14,59,1330.0,22730.0,11564,12496,0.05851297844258689,0.10643405889884763
621199e8fd572ce7.jpg,Fixed,336,336,14,57,1097.0,22571.0,11172,12496,0.04860218864915156,0.08778809218950064
622da82e43662fe0.jpg,DRIP,336,336,1,59,611.0,11564.0,11564,611,0.05283638879280526,1.0
622da82e43662fe0.jpg,Fixed,336,336,1,57,24.0,11759.0,11172,611,0.0020409898800918445,0.03927986906710311
62388cf504d0a9f7.jpg,DRIP,336,336,10,59,1019.0,16081.0,11564,5536,0.06336670605061874,0.1840679190751445
62388cf504d0a9f7.jpg,Fixed,336,336,10,57,483.0,16225.0,11172,5536,0.029768875192604006,0.08724710982658959
624ccb9f28624440.jpg,DRIP,336,336,1,58,906.0,12568.0,11368,2106,0.07208784213876512,0.4301994301994302
624ccb9f28624440.jpg,Fixed,336,336,1,57,336.0,12942.0,11172,2106,0.025961984237366714,0.15954415954415954
6262c8bcd05dc110.jpg,DRIP,336,336,1,59,560.0,13724.0,11564,2720,0.040804430195278345,0.20588235294117646
6262c8bcd05dc110.jpg,Fixed,336,336,1,57,196.0,13696.0,11172,2720,0.014310747663551402,0.07205882352941176
6266e654a5222268.jpg,DRIP,336,336,1,59,2362.0,27037.0,11564,17835,0.08736176350926508,0.13243622091393328
6266e654a5222268.jpg,Fixed,336,336,1,57,1778.0,27229.0,11172,17835,0.06529802783796687,0.09969161760583123
627320ba46373ab9.jpg,DRIP,336,336,3,59,3147.0,15389.0,11564,6972,0.20449671843524594,0.45137693631669534
627320ba46373ab9.jpg,Fixed,336,336,3,57,806.0,17338.0,11172,6972,0.04648748413888568,0.11560527825588067
62a01e342061cb34.jpg,DRIP,336,336,8,59,2352.0,29971.0,11564,20759,0.07847585999799807,0.11330025531094946
62a01e342061cb34.jpg,Fixed,336,336,8,57,1806.0,30125.0,11172,20759,0.05995020746887967,0.08699841032805049
62b8d0cad97f0897.jpg,DRIP,336,336,1,59,162.0,12062.0,11564,660,0.013430608522633062,0.24545454545454545
62b8d0cad97f0897.jpg,Fixed,336,336,1,57,154.0,11678.0,11172,660,0.013187189587258091,0.23333333333333334
62bf3934c73f20e2.jpg,DRIP,336,336,18,59,5812.0,44009.0,11564,38257,0.1320638960212684,0.1519199100818151
62bf3934c73f20e2.jpg,Fixed,336,336,18,57,3904.0,45525.0,11172,38257,0.0857550796265788,0.10204668426693154
62c415e7266fd14b.jpg,DRIP,336,336,12,58,2394.0,24610.0,11368,15636,0.09727752945956929,0.1531082118188795
62c415e7266fd14b.jpg,Fixed,336,336,12,57,1124.0,25684.0,11172,15636,0.0437626537922442,0.07188539268355078
62dc129323c2e4e0.jpg,DRIP,336,336,6,58,2498.0,19370.0,11368,10500,0.12896231285493032,0.2379047619047619
62dc129323c2e4e0.jpg,Fixed,336,336,6,57,952.0,20720.0,11172,10500,0.04594594594594595,0.09066666666666667
62eba18175169236.jpg,DRIP,336,336,7,58,3330.0,17633.0,11368,9595,0.18885045085918448,0.3470557582073997
62eba18175169236.jpg,Fixed,336,336,7,57,1162.0,19605.0,11172,9595,0.059270594236164244,0.12110474205315268
63496ba03dae4e82.jpg,DRIP,336,336,7,58,1126.0,14191.0,11368,3949,0.07934606440701854,0.28513547733603445
63496ba03dae4e82.jpg,Fixed,336,336,7,57,410.0,14711.0,11172,3949,0.027870301135204948,0.10382375284882249
638959deb5a9ee65.jpg,DRIP,336,336,0,59,,,11564,0,,
638959deb5a9ee65.jpg,Fixed,336,336,0,57,,,11172,0,,
638a5e961a218f20.jpg,DRIP,336,336,6,59,4337.0,24123.0,11564,16896,0.1797869253409609,0.2566879734848485
638a5e961a218f20.jpg,Fixed,336,336,6,57,1568.0,26500.0,11172,16896,0.05916981132075472,0.0928030303030303
639e099d178f5dfc.jpg,DRIP,336,336,13,59,4990.0,29739.0,11564,23165,0.16779313359561518,0.21541118066047918
639e099d178f5dfc.jpg,Fixed,336,336,13,57,2312.0,32025.0,11172,23165,0.07219359875097581,0.09980574142024606
63a227c95576c6e0.jpg,DRIP,336,336,2,58,882.0,15377.0,11368,4891,0.0573583924042401,0.18033122060928236
63a227c95576c6e0.jpg,Fixed,336,336,2,57,574.0,15489.0,11172,4891,0.037058557686099815,0.1173584134123901
63c6cd6379057819.jpg,DRIP,336,336,5,59,704.0,13496.0,11564,2636,0.05216360403082395,0.26707132018209406
63c6cd6379057819.jpg,Fixed,336,336,5,57,300.0,13508.0,11172,2636,0.02220906129700918,0.11380880121396054
63dccc49f5dc260f.jpg,DRIP,336,336,2,58,549.0,12235.0,11368,1416,0.044871270944013074,0.3877118644067797
63dccc49f5dc260f.jpg,Fixed,336,336,2,57,182.0,12406.0,11172,1416,0.014670320812510075,0.1285310734463277
63f0da840709e8b6.jpg,DRIP,336,336,2,59,1358.0,12531.0,11564,2325,0.10837123932647036,0.5840860215053764
63f0da840709e8b6.jpg,Fixed,336,336,2,57,154.0,13343.0,11172,2325,0.011541632316570486,0.06623655913978495
6453fd79ed1354ce.jpg,DRIP,336,336,1,58,3864.0,17752.0,11368,10248,0.21766561514195584,0.3770491803278688
6453fd79ed1354ce.jpg,Fixed,336,336,1,57,854.0,20566.0,11172,10248,0.041524846834581346,0.08333333333333333
645a0a7e5383b19d.jpg,DRIP,336,336,1,58,1302.0,12131.0,11368,2065,0.10732833237160992,0.6305084745762712
645a0a7e5383b19d.jpg,Fixed,336,336,1,57,196.0,13041.0,11172,2065,0.015029522275899088,0.09491525423728814
645a588b44b7ddd0.jpg,DRIP,336,336,0,58,,,11368,0,,
645a588b44b7ddd0.jpg,Fixed,336,336,0,57,,,11172,0,,
647df7c33436f0e5.jpg,DRIP,336,336,2,58,1070.0,13490.0,11368,3192,0.0793180133432172,0.33521303258145363
647df7c33436f0e5.jpg,Fixed,336,336,2,57,154.0,14210.0,11172,3192,0.01083743842364532,0.04824561403508772
64897b2a0f6f89f2.jpg,DRIP,336,336,8,59,3506.0,25816.0,11564,17758,0.1358072513170127,0.19743214325937605
64897b2a0f6f89f2.jpg,Fixed,336,336,8,57,1918.0,27012.0,11172,17758,0.07100547904634977,0.10800765852010362
64d5279969e37249.jpg,DRIP,336,336,4,58,1181.0,13740.0,11368,3553,0.08595342066957787,0.332395159020546
64d5279969e37249.jpg,Fixed,336,336,4,57,420.0,14305.0,11172,3553,0.029360363509262497,0.1182099634112018
64f4bbe869660690.jpg,DRIP,336,336,5,58,2081.0,13910.0,11368,4623,0.14960460100647016,0.4501406013411205
64f4bbe869660690.jpg,Fixed,336,336,5,57,545.0,15250.0,11172,4623,0.035737704918032784,0.11788881678563704
6521e28498876ca1.jpg,DRIP,336,336,148,59,5198.0,66368.0,11564,60002,0.0783208775313404,0.0866304456518116
6521e28498876ca1.jpg,Fixed,336,336,148,57,6282.0,64892.0,11172,60002,0.09680700240399433,0.10469651011632945
652d92e78bd3402c.jpg,DRIP,336,336,0,59,,,11564,0,,
652d92e78bd3402c.jpg,Fixed,336,336,0,57,,,11172,0,,
653215b5b06a2034.jpg,DRIP,336,336,3,59,108.0,29371.0,11564,17915,0.003677096455687583,0.006028467764443204
653215b5b06a2034.jpg,Fixed,336,336,3,57,1540.0,27547.0,11172,17915,0.055904454205539626,0.08596148478928273
655dcd26ef3108ff.jpg,DRIP,336,336,66,59,5976.0,65992.0,11564,60404,0.09055643108255546,0.09893384544069929
655dcd26ef3108ff.jpg,Fixed,336,336,66,57,5916.0,65660.0,11172,60404,0.09010051781906793,0.09794053373948745
6563299f516925e8.jpg,DRIP,336,336,1,58,196.0,11609.0,11368,437,0.016883452493754846,0.448512585812357
6563299f516925e8.jpg,Fixed,336,336,1,57,0.0,11609.0,11172,437,0.0,0.0
657bcc1c27cacad8.jpg,DRIP,336,336,0,59,,,11564,0,,
657bcc1c27cacad8.jpg,Fixed,336,336,0,57,,,11172,0,,
65979ac7f4732d0a.jpg,DRIP,336,336,3,59,1275.0,12205.0,11564,1916,0.10446538303973782,0.6654488517745303
65979ac7f4732d0a.jpg,Fixed,336,336,3,57,124.0,12964.0,11172,1916,0.009564949089787103,0.06471816283924843
65ab37dd3812c200.jpg,DRIP,336,336,1,58,265.0,11908.0,11368,805,0.022253946926436008,0.32919254658385094
65ab37dd3812c200.jpg,Fixed,336,336,1,57,140.0,11837.0,11172,805,0.011827321111768185,0.17391304347826086
65c0fe7e0f03c085.jpg,DRIP,336,336,2,58,2750.0,12411.0,11368,3793,0.22157763274514544,0.7250197732665437
65c0fe7e0f03c085.jpg,Fixed,336,336,2,57,427.0,14538.0,11172,3793,0.02937130279268125,0.11257579752175059
65ea9d347e90df6c.jpg,DRIP,336,336,2,59,632.0,13284.0,11564,2352,0.04757603131586871,0.2687074829931973
65ea9d347e90df6c.jpg,Fixed,336,336,2,57,266.0,13258.0,11172,2352,0.02006335797254488,0.1130952380952381
65f66b9f147f1596.jpg,DRIP,336,336,1,59,2610.0,27719.0,11564,18765,0.09415924095385836,0.13908872901678657
65f66b9f147f1596.jpg,Fixed,336,336,1,57,1946.0,27991.0,11172,18765,0.06952234646850773,0.1037037037037037
661d53e3b7d3a94f.jpg,DRIP,336,336,1,59,1568.0,12487.0,11564,2491,0.12557059341715385,0.6294660778803693
661d53e3b7d3a94f.jpg,Fixed,336,336,1,57,208.0,13455.0,11172,2491,0.015458937198067632,0.0835006021678041
662c0cc572d74dad.jpg,DRIP,336,336,1,59,,,11564,0,,
662c0cc572d74dad.jpg,Fixed,336,336,1,57,,,11172,0,,
663348fe09f1567a.jpg,DRIP,336,336,20,58,5926.0,50224.0,11368,44782,0.11799139853456515,0.13232995399937475
663348fe09f1567a.jpg,Fixed,336,336,20,57,4404.0,51550.0,11172,44782,0.08543161978661494,0.0983430842749319
6633fb968cfc0b15.jpg,DRIP,336,336,0,59,,,11564,0,,
6633fb968cfc0b15.jpg,Fixed,336,336,0,57,,,11172,0,,
6638a8c113349664.jpg,DRIP,336,336,3,58,0.0,12163.0,11368,795,0.0,0.0
6638a8c113349664.jpg,Fixed,336,336,3,57,126.0,11841.0,11172,795,0.010640993159361541,0.15849056603773584
6646b6dc34dc4ad6.jpg,DRIP,336,336,0,58,,,11368,0,,
6646b6dc34dc4ad6.jpg,Fixed,336,336,0,57,,,11172,0,,
664e94213a2b0b1b.jpg,DRIP,336,336,1,59,380.0,11704.0,11564,520,0.032467532467532464,0.7307692307692307
664e94213a2b0b1b.jpg,Fixed,336,336,1,57,0.0,11692.0,11172,520,0.0,0.0
6652d4ccc348f012.jpg,DRIP,336,336,1,58,2870.0,21770.0,11368,13272,0.13183279742765272,0.21624472573839662
6652d4ccc348f012.jpg,Fixed,336,336,1,57,1260.0,23184.0,11172,13272,0.05434782608695652,0.0949367088607595
6659c1692324cda8.jpg,DRIP,336,336,3,58,598.0,13442.0,11368,2672,0.04448742746615087,0.22380239520958084
6659c1692324cda8.jpg,Fixed,336,336,3,57,196.0,13648.0,11172,2672,0.014361078546307152,0.07335329341317365
666769ea470ccb5c.jpg,DRIP,336,336,0,58,,,11368,0,,
666769ea470ccb5c.jpg,Fixed,336,336,0,57,,,11172,0,,
669217362dd32ed2.jpg,DRIP,336,336,0,59,,,11564,0,,
669217362dd32ed2.jpg,Fixed,336,336,0,57,,,11172,0,,
66a75c9b2e03f2d2.jpg,DRIP,336,336,14,58,2598.0,17276.0,11368,8506,0.15038203287798102,0.30543146014577943
66a75c9b2e03f2d2.jpg,Fixed,336,336,14,57,685.0,18993.0,11172,8506,0.03606591902279787,0.080531389607336
66aafef7ca8d2ef2.jpg,DRIP,336,336,0,58,,,11368,0,,
66aafef7ca8d2ef2.jpg,Fixed,336,336,0,57,,,11172,0,,
66bca3f1ba87da77.jpg,DRIP,336,336,0,59,,,11564,0,,
66bca3f1ba87da77.jpg,Fixed,336,336,0,57,,,11172,0,,
66ca8e0091131754.jpg,DRIP,336,336,2,59,1089.0,12157.0,11564,1682,0.0895780208933125,0.6474435196195006
66ca8e0091131754.jpg,Fixed,336,336,2,57,196.0,12658.0,11172,1682,0.015484278717016907,0.11652794292508918
66ceb3371910d4f3.jpg,DRIP,336,336,4,58,532.0,12794.0,11368,1958,0.041581991558543065,0.27170582226762
66ceb3371910d4f3.jpg,Fixed,336,336,4,57,56.0,13074.0,11172,1958,0.004283310387027689,0.028600612870275793
66d0b98c45fff752.jpg,DRIP,336,336,5,59,5327.0,39860.0,11564,33623,0.1336427496236829,0.15843321535853433
66d0b98c45fff752.jpg,Fixed,336,336,5,57,3310.0,41485.0,11172,33623,0.07978787513559117,0.09844451714600125
66d3e8d06a0a1588.jpg,DRIP,336,336,1,59,0.0,12927.0,11564,1363,0.0,0.0
66d3e8d06a0a1588.jpg,Fixed,336,336,1,57,84.0,12451.0,11172,1363,0.006746446068588869,0.061628760088041086
66de27b6b954f622.jpg,DRIP,336,336,1,58,434.0,11809.0,11368,875,0.036751630112625965,0.496
66de27b6b954f622.jpg,Fixed,336,336,1,57,98.0,11949.0,11172,875,0.008201523140011716,0.112
66e3646d65bf2b9a.jpg,DRIP,336,336,0,58,,,11368,0,,
66e3646d65bf2b9a.jpg,Fixed,336,336,0,57,,,11172,0,,
66e650e9e332cb40.jpg,DRIP,336,336,2,59,1137.0,12966.0,11564,2539,0.08769088385006941,0.4478141000393856
66e650e9e332cb40.jpg,Fixed,336,336,2,57,308.0,13403.0,11172,2539,0.02297992986644781,0.12130760141788105
66ea5f0df0be56b3.jpg,DRIP,336,336,3,59,2314.0,14412.0,11564,5162,0.16056064390785457,0.4482758620689655
66ea5f0df0be56b3.jpg,Fixed,336,336,3,57,504.0,15830.0,11172,5162,0.03183828174352495,0.0976365749709415
670d362cf2c5128a.jpg,DRIP,336,336,1,59,745.0,11890.0,11564,1071,0.06265769554247266,0.6956115779645191
670d362cf2c5128a.jpg,Fixed,336,336,1,57,0.0,12243.0,11172,1071,0.0,0.0
6729ebc67bc1aadd.jpg,DRIP,336,336,2,59,660.0,19353.0,11564,8449,0.03410323980778174,0.07811575334359096
6729ebc67bc1aadd.jpg,Fixed,336,336,2,57,872.0,18749.0,11172,8449,0.04650914715451491,0.10320748017516866
67376b1bfb5a6c2f.jpg,DRIP,336,336,26,59,2402.0,23737.0,11564,14575,0.1011922315372625,0.16480274442538592
67376b1bfb5a6c2f.jpg,Fixed,336,336,26,57,1593.0,24154.0,11172,14575,0.06595180922414506,0.1092967409948542
6783f923b2f3d0a3.jpg,DRIP,336,336,4,59,759.0,12950.0,11564,2145,0.05861003861003861,0.35384615384615387
6783f923b2f3d0a3.jpg,Fixed,336,336,4,57,280.0,13037.0,11172,2145,0.021477333742425404,0.13053613053613053
6789ca953c22df90.jpg,DRIP,336,336,2,59,2576.0,34053.0,11564,25065,0.07564678589257921,0.10277279074406542
6789ca953c22df90.jpg,Fixed,336,336,2,57,2170.0,34067.0,11172,25065,0.06369800686881733,0.08657490524635947
67a642d85542a3a6.jpg,DRIP,336,336,0,59,,,11564,0,,
67a642d85542a3a6.jpg,Fixed,336,336,0,57,,,11172,0,,
67d89a95c910773f.jpg,DRIP,336,336,16,58,4993.0,28687.0,11368,22312,0.17405096385122182,0.2237809250627465
67d89a95c910773f.jpg,Fixed,336,336,16,57,1927.0,31557.0,11172,22312,0.061064106220489904,0.08636608103262818
6810de60e4a6ab7c.jpg,DRIP,336,336,1,59,1373.0,13115.0,11564,2924,0.10468928707586733,0.469562243502052
6810de60e4a6ab7c.jpg,Fixed,336,336,1,57,252.0,13844.0,11172,2924,0.018202831551574688,0.08618331053351573
6826dfc884d7dea9.jpg,DRIP,336,336,1,59,1680.0,15122.0,11564,5238,0.1110964158180135,0.3207331042382589
6826dfc884d7dea9.jpg,Fixed,336,336,1,57,560.0,15850.0,11172,5238,0.03533123028391167,0.10691103474608629
683faf24809dbcc4.jpg,DRIP,336,336,1,58,10920.0,108976.0,11368,108528,0.10020554984583761,0.10061919504643962
683faf24809dbcc4.jpg,Fixed,336,336,1,57,10304.0,109396.0,11172,108528,0.09418991553621704,0.09494324045407637
689192b3520b742a.jpg,DRIP,336,336,0,58,,,11368,0,,
689192b3520b742a.jpg,Fixed,336,336,0,57,,,11172,0,,
689c28e8b50a9935.jpg,DRIP,336,336,0,59,,,11564,0,,
689c28e8b50a9935.jpg,Fixed,336,336,0,57,,,11172,0,,
68b5732b0c93b243.jpg,DRIP,336,336,1,59,561.0,12200.0,11564,1197,0.04598360655737705,0.46867167919799496
68b5732b0c93b243.jpg,Fixed,336,336,1,57,254.0,12115.0,11172,1197,0.020965744944283944,0.2121971595655806
68c5c5f0f84ae84e.jpg,DRIP,336,336,6,59,1618.0,15162.0,11564,5216,0.10671415380556655,0.3101993865030675
68c5c5f0f84ae84e.jpg,Fixed,336,336,6,57,561.0,15827.0,11172,5216,0.03544575725026853,0.1075536809815951
68fbb8b73918d5b5.jpg,DRIP,336,336,11,58,2878.0,15561.0,11368,7071,0.184949553370606,0.4070145665393862
68fbb8b73918d5b5.jpg,Fixed,336,336,11,57,589.0,17654.0,11172,7071,0.03336354367282202,0.08329797765521142
6902d82c5cd39616.jpg,DRIP,336,336,2,59,2044.0,13988.0,11564,4468,0.14612525021446954,0.4574753804834378
6902d82c5cd39616.jpg,Fixed,336,336,2,57,350.0,15290.0,11172,4468,0.02289077828646174,0.0783348254252462
691234b428df94f5.jpg,DRIP,336,336,2,59,593.0,11666.0,11564,695,0.050831476084347675,0.8532374100719424
691234b428df94f5.jpg,Fixed,336,336,2,57,62.0,11805.0,11172,695,0.005252011859381618,0.08920863309352518
69123df6ee074cc9.jpg,DRIP,336,336,3,59,1918.0,14566.0,11564,4920,0.1316765069339558,0.38983739837398373
69123df6ee074cc9.jpg,Fixed,336,336,3,57,438.0,15654.0,11172,4920,0.02798006899195094,0.08902439024390243
6930c5140c3a50c3.jpg,DRIP,336,336,1,59,2772.0,20117.0,11564,11325,0.13779390565193617,0.2447682119205298
6930c5140c3a50c3.jpg,Fixed,336,336,1,57,1022.0,21475.0,11172,11325,0.04759022118742724,0.09024282560706402
6955439fc58fb5dd.jpg,DRIP,336,336,3,59,865.0,12861.0,11564,2162,0.0672576004976285,0.40009250693802034
6955439fc58fb5dd.jpg,Fixed,336,336,3,57,241.0,13093.0,11172,2162,0.018406782250057284,0.11147086031452359
6955c0bc758d7e45.jpg,DRIP,336,336,5,59,1189.0,18472.0,11564,8097,0.0643676916414032,0.1468445103124614
6955c0bc758d7e45.jpg,Fixed,336,336,5,57,868.0,18401.0,11172,8097,0.0471713493831857,0.10720019760405089
69563590c515bc5d.jpg,DRIP,336,336,5,59,781.0,16812.0,11564,6029,0.046454913157268615,0.1295405539890529
69563590c515bc5d.jpg,Fixed,336,336,5,57,504.0,16697.0,11172,6029,0.030185063185003295,0.083595952894344
6996d2789a9ad4d7.jpg,DRIP,336,336,3,58,1276.0,13788.0,11368,3696,0.09254424136930664,0.34523809523809523
6996d2789a9ad4d7.jpg,Fixed,336,336,3,57,266.0,14602.0,11172,3696,0.01821668264621285,0.07196969696969698
6998c3e64c718a80.jpg,DRIP,336,336,0,59,,,11564,0,,
6998c3e64c718a80.jpg,Fixed,336,336,0,57,,,11172,0,,
69a8397eb04dd6a1.jpg,DRIP,336,336,0,58,,,11368,0,,
69a8397eb04dd6a1.jpg,Fixed,336,336,0,57,,,11172,0,,
6a216b22f285cb9b.jpg,DRIP,336,336,2,58,462.0,12052.0,11368,1146,0.03833388649186857,0.4031413612565445
6a216b22f285cb9b.jpg,Fixed,336,336,2,57,25.0,12293.0,11172,1146,0.002033677702757667,0.02181500872600349
6a572709ecf80695.jpg,DRIP,336,336,9,59,3964.0,36301.0,11564,28701,0.10919809371642654,0.1381136545764956
6a572709ecf80695.jpg,Fixed,336,336,9,57,2898.0,36975.0,11172,28701,0.07837728194726166,0.10097209156475384
6a895268f06332ec.jpg,DRIP,336,336,0,59,,,11564,0,,
6a895268f06332ec.jpg,Fixed,336,336,0,57,,,11172,0,,
6a8c1aff205ca14f.jpg,DRIP,336,336,9,59,4872.0,18976.0,11564,12284,0.25674536256323777,0.3966134809508303
6a8c1aff205ca14f.jpg,Fixed,336,336,9,57,1330.0,22126.0,11172,12284,0.06011027750158185,0.10827092152393357
6aacaa91b500c9b4.jpg,DRIP,336,336,4,59,4340.0,19834.0,11564,12610,0.21881617424624383,0.34417129262490087
6aacaa91b500c9b4.jpg,Fixed,336,336,4,57,994.0,22788.0,11172,12610,0.043619448832718975,0.07882632831086439
6abddbef746c81d1.jpg,DRIP,336,336,0,59,,,11564,0,,
6abddbef746c81d1.jpg,Fixed,336,336,0,57,,,11172,0,,
6ad03829ab003de4.jpg,DRIP,336,336,0,59,,,11564,0,,
6ad03829ab003de4.jpg,Fixed,336,336,0,57,,,11172,0,,
6ad04581cb951509.jpg,DRIP,336,336,0,58,,,11368,0,,
6ad04581cb951509.jpg,Fixed,336,336,0,57,,,11172,0,,
6ae9f1777f0f348b.jpg,DRIP,336,336,4,59,4846.0,20195.0,11564,13477,0.2399603862342164,0.35957557319878314
6ae9f1777f0f348b.jpg,Fixed,336,336,4,57,1310.0,23339.0,11172,13477,0.05612922575945842,0.09720264153743415
6b1de89eda500c37.jpg,DRIP,336,336,4,59,780.0,13678.0,11564,2894,0.05702588097675099,0.26952315134761573
6b1de89eda500c37.jpg,Fixed,336,336,4,57,349.0,13717.0,11172,2894,0.02544288109644966,0.12059433310297167
6b500558401cfae5.jpg,DRIP,336,336,1,58,1904.0,19400.0,11368,9936,0.09814432989690722,0.19162640901771336
6b500558401cfae5.jpg,Fixed,336,336,1,57,840.0,20268.0,11172,9936,0.04144464179988159,0.08454106280193237
6b5ee93b36f7db02.jpg,DRIP,336,336,1,59,350.0,12064.0,11564,850,0.029011936339522548,0.4117647058823529
6b5ee93b36f7db02.jpg,Fixed,336,336,1,57,134.0,11888.0,11172,850,0.011271870794078062,0.15764705882352942
6b688443b24698b6.jpg,DRIP,336,336,3,59,1436.0,12083.0,11564,1955,0.118844657783663,0.7345268542199489
6b688443b24698b6.jpg,Fixed,336,336,3,57,74.0,13053.0,11172,1955,0.005669194821113921,0.037851662404092073
6b73d849db7a79aa.jpg,DRIP,336,336,0,58,,,11368,0,,
6b73d849db7a79aa.jpg,Fixed,336,336,0,57,,,11172,0,,
6ba328da85b2f583.jpg,DRIP,336,336,4,59,1185.0,12699.0,11564,2320,0.0933144342074179,0.5107758620689655
6ba328da85b2f583.jpg,Fixed,336,336,4,57,238.0,13254.0,11172,2320,0.017956843217141995,0.10258620689655172
6ba9b1e340b1f5a3.jpg,DRIP,336,336,0,59,,,11564,0,,
6ba9b1e340b1f5a3.jpg,Fixed,336,336,0,57,,,11172,0,,
6bb6f91296cc9086.jpg,DRIP,336,336,6,58,1237.0,14672.0,11368,4541,0.0843102508178844,0.2724069588196433
6bb6f91296cc9086.jpg,Fixed,336,336,6,57,348.0,15365.0,11172,4541,0.02264887731858119,0.07663510240035235
6bcefae84038cb3e.jpg,DRIP,336,336,4,59,3914.0,14499.0,11564,6849,0.26994965170011725,0.5714702876332312
6bcefae84038cb3e.jpg,Fixed,336,336,4,57,668.0,17353.0,11172,6849,0.03849478476344148,0.09753248649437875
6bf5d64f6ff4b08d.jpg,DRIP,336,336,0,59,,,11564,0,,
6bf5d64f6ff4b08d.jpg,Fixed,336,336,0,57,,,11172,0,,
6c10e191c4713f5f.jpg,DRIP,336,336,2,58,392.0,11915.0,11368,939,0.03289970625262274,0.4174653887113951
6c10e191c4713f5f.jpg,Fixed,336,336,2,57,196.0,11915.0,11172,939,0.01644985312631137,0.20873269435569755
6c15613d6e9ace28.jpg,DRIP,336,336,5,59,2075.0,14784.0,11564,5295,0.14035443722943722,0.3918791312559018
6c15613d6e9ace28.jpg,Fixed,336,336,5,57,658.0,15809.0,11172,5295,0.04162186096527295,0.12426817752596789
6c1a040b7a91d116.jpg,DRIP,336,336,6,59,6521.0,57651.0,11564,52608,0.1131116546113684,0.12395453163017031
6c1a040b7a91d116.jpg,Fixed,336,336,6,57,4856.0,58924.0,11172,52608,0.08241124159934832,0.09230535279805353
6c2f877da1bb72af.jpg,DRIP,336,336,8,59,3422.0,18403.0,11564,10261,0.18594794327011901,0.3334957606471104
6c2f877da1bb72af.jpg,Fixed,336,336,8,57,842.0,20591.0,11172,10261,0.040891651692487006,0.08205827892018322
6c8d9fca6be13c16.jpg,DRIP,336,336,2,58,788.0,12886.0,11368,2306,0.06115163743597703,0.3417172593235039
6c8d9fca6be13c16.jpg,Fixed,336,336,2,57,168.0,13310.0,11172,2306,0.012622088655146507,0.07285342584562012
6c9563d142084343.jpg,DRIP,336,336,7,59,7144.0,76960.0,11564,72540,0.09282744282744283,0.09848359525778881
6c9563d142084343.jpg,Fixed,336,336,7,57,7126.0,76586.0,11172,72540,0.09304572637296633,0.09823545629997243
6ca0ac1f6ecf957d.jpg,DRIP,336,336,1,58,1148.0,13440.0,11368,3220,0.08541666666666667,0.3565217391304348
6ca0ac1f6ecf957d.jpg,Fixed,336,336,1,57,196.0,14196.0,11172,3220,0.013806706114398421,0.06086956521739131
6cbcc2ebf554af12.jpg,DRIP,336,336,0,59,,,11564,0,,
6cbcc2ebf554af12.jpg,Fixed,336,336,0,57,,,11172,0,,
6ccc696a4e518fdf.jpg,DRIP,336,336,2,58,2180.0,13435.0,11368,4247,0.16226274655749906,0.5133035083588415
6ccc696a4e518fdf.jpg,Fixed,336,336,2,57,714.0,14705.0,11172,4247,0.048554913294797684,0.16811867200376737
6d263d97108b6a0a.jpg,DRIP,336,336,5,58,6846.0,86280.0,11368,81758,0.07934631432545201,0.08373492502262775
6d263d97108b6a0a.jpg,Fixed,336,336,5,57,8131.0,84799.0,11172,81758,0.09588556468826283,0.09945204139044497
6d32463972dd252f.jpg,DRIP,336,336,1,58,210.0,11816.0,11368,658,0.017772511848341232,0.3191489361702128
6d32463972dd252f.jpg,Fixed,336,336,1,57,72.0,11758.0,11172,658,0.006123490389522027,0.1094224924012158
6d739db7ac457ec4.jpg,DRIP,336,336,2,59,1122.0,13269.0,11564,2827,0.0845579923129098,0.3968871595330739
6d739db7ac457ec4.jpg,Fixed,336,336,2,57,168.0,13831.0,11172,2827,0.012146627141927555,0.05942695436858861
6d84eef3641c4f16.jpg,DRIP,336,336,3,59,2660.0,14642.0,11564,5738,0.18166917087829532,0.46357615894039733
6d84eef3641c4f16.jpg,Fixed,336,336,3,57,496.0,16414.0,11172,5738,0.030218106494455953,0.08644126873475079
6d9c180202219918.jpg,DRIP,336,336,0,59,,,11564,0,,
6d9c180202219918.jpg,Fixed,336,336,0,57,,,11172,0,,
6dcd8b0fbf6a9f47.jpg,DRIP,336,336,4,58,1006.0,13609.0,11368,3247,0.07392166948343008,0.30982445334154607
6dcd8b0fbf6a9f47.jpg,Fixed,336,336,4,57,294.0,14125.0,11172,3247,0.020814159292035398,0.09054511857098861
6e07b56b0e4b89ef.jpg,DRIP,336,336,0,58,,,11368,0,,
6e07b56b0e4b89ef.jpg,Fixed,336,336,0,57,,,11172,0,,
6e18b90ea71b6c3f.jpg,DRIP,336,336,1,59,574.0,11935.0,11564,945,0.04809384164222874,0.6074074074074074
6e18b90ea71b6c3f.jpg,Fixed,336,336,1,57,84.0,12033.0,11172,945,0.006980802792321117,0.08888888888888889
6e216247183421fd.jpg,DRIP,336,336,1,59,784.0,15868.0,11564,5088,0.04940761280564659,0.1540880503144654
6e216247183421fd.jpg,Fixed,336,336,1,57,434.0,15826.0,11172,5088,0.02742322760015165,0.08529874213836477
6e2b45253ccc62c8.jpg,DRIP,336,336,3,58,832.0,12081.0,11368,1545,0.06886847115305024,0.5385113268608415
6e2b45253ccc62c8.jpg,Fixed,336,336,3,57,286.0,12431.0,11172,1545,0.02300699863245113,0.18511326860841423
6e339a4edabe2bbf.jpg,DRIP,336,336,1,58,1190.0,16283.0,11368,6105,0.07308235583123503,0.19492219492219492
6e339a4edabe2bbf.jpg,Fixed,336,336,1,57,458.0,16819.0,11172,6105,0.027231107675842796,0.07502047502047501
6e3e73d00ace5478.jpg,DRIP,336,336,6,59,1942.0,15565.0,11564,5943,0.1247671056858336,0.32677099108194513
6e3e73d00ace5478.jpg,Fixed,336,336,6,57,500.0,16615.0,11172,5943,0.03009328919650918,0.08413259296651522
6e3f65e6c469be18.jpg,DRIP,336,336,8,59,2940.0,36520.0,11564,27896,0.08050383351588171,0.10539145397189562
6e3f65e6c469be18.jpg,Fixed,336,336,8,57,2771.0,36297.0,11172,27896,0.07634239744331488,0.0993332377401778
6e42b7b3f9c17082.jpg,DRIP,336,336,0,59,,,11564,0,,
6e42b7b3f9c17082.jpg,Fixed,336,336,0,57,,,11172,0,,
6e46c7be4f54b0bf.jpg,DRIP,336,336,11,59,4957.0,26431.0,11564,19824,0.18754492830388558,0.2500504439063761
6e46c7be4f54b0bf.jpg,Fixed,336,336,11,57,1919.0,29077.0,11172,19824,0.06599717990164047,0.09680185633575464
6e658f00b2d59af6.jpg,DRIP,336,336,1,59,1700.0,12917.0,11564,3053,0.1316095068514361,0.5568293481821159
6e658f00b2d59af6.jpg,Fixed,336,336,1,57,196.0,14029.0,11172,3053,0.013971059947252121,0.06419914837864396
6ea8366fd7987783.jpg,DRIP,336,336,4,58,1028.0,12735.0,11368,2395,0.0807224185316058,0.4292275574112735
6ea8366fd7987783.jpg,Fixed,336,336,4,57,196.0,13371.0,11172,2395,0.014658589484705706,0.08183716075156576
6ec45c1d68b39686.jpg,DRIP,336,336,8,58,1452.0,14712.0,11368,4796,0.09869494290375204,0.30275229357798167
6ec45c1d68b39686.jpg,Fixed,336,336,8,57,315.0,15653.0,11172,4796,0.020123937903277326,0.06567973311092577
6ed698f3ec40a47c.jpg,DRIP,336,336,4,58,6132.0,32093.0,11368,26857,0.19106970367369833,0.22832036340618833
6ed698f3ec40a47c.jpg,Fixed,336,336,4,57,2622.0,35407.0,11172,26857,0.07405315333126218,0.09762817887329188
6eeade7b68b30cd0.jpg,DRIP,336,336,14,59,6311.0,44400.0,11564,39147,0.14213963963963963,0.1612128643318773
6eeade7b68b30cd0.jpg,Fixed,336,336,14,57,3686.0,46633.0,11172,39147,0.07904273797525357,0.09415791759266355
6ef8a16ff8ccbd89.jpg,DRIP,336,336,11,58,5936.0,37502.0,11368,32070,0.1582848914724548,0.18509510445899593
6ef8a16ff8ccbd89.jpg,Fixed,336,336,11,57,3430.0,39812.0,11172,32070,0.0861549281623631,0.10695353913314624
6f081ffa6adc837a.jpg,DRIP,336,336,2,59,1103.0,13264.0,11564,2803,0.08315741857659831,0.39350695683196574
6f081ffa6adc837a.jpg,Fixed,336,336,2,57,425.0,13550.0,11172,2803,0.03136531365313653,0.15162326079200855
6f10b7ebd232a641.jpg,DRIP,336,336,0,58,,,11368,0,,
6f10b7ebd232a641.jpg,Fixed,336,336,0,57,,,11172,0,,
6f7a4307446cd1b1.jpg,DRIP,336,336,18,59,4779.0,29570.0,11564,22785,0.1616165032127156,0.20974325213956552
6f7a4307446cd1b1.jpg,Fixed,336,336,18,57,2404.0,31553.0,11172,22785,0.0761892688492378,0.10550800965547509
6f8cc53eafad6f86.jpg,DRIP,336,336,17,58,3674.0,23311.0,11368,15617,0.15760799622495816,0.23525645130306716
6f8cc53eafad6f86.jpg,Fixed,336,336,17,57,1296.0,25493.0,11172,15617,0.05083748479974895,0.0829864890824102
6fb9d3b5f5412c25.jpg,DRIP,336,336,0,58,,,11368,0,,
6fb9d3b5f5412c25.jpg,Fixed,336,336,0,57,,,11172,0,,
6fc4ac429912b49d.jpg,DRIP,336,336,7,59,5059.0,31600.0,11564,25095,0.16009493670886077,0.20159394301653716
6fc4ac429912b49d.jpg,Fixed,336,336,7,57,2224.0,34043.0,11172,25095,0.06532914255500397,0.08862323171946603
6ff959491eb744be.jpg,DRIP,336,336,2,58,951.0,12238.0,11368,1821,0.07770877594378166,0.5222405271828665
6ff959491eb744be.jpg,Fixed,336,336,2,57,144.0,12849.0,11172,1821,0.011207097828624796,0.07907742998352553
7062110933af05c6.jpg,DRIP,336,336,15,59,3662.0,27163.0,11564,19261,0.134815742001988,0.1901251233061627
7062110933af05c6.jpg,Fixed,336,336,15,57,1697.0,28736.0,11172,19261,0.059054844097995544,0.08810549815689736
70a4e0de3ea8509c.jpg,DRIP,336,336,0,59,,,11564,0,,
70a4e0de3ea8509c.jpg,Fixed,336,336,0,57,,,11172,0,,
70b5fb121c3f64a0.jpg,DRIP,336,336,11,59,6430.0,57256.0,11564,52122,0.11230264077127287,0.12336441425885422
70b5fb121c3f64a0.jpg,Fixed,336,336,11,57,4937.0,58357.0,11172,52122,0.0845999623010093,0.09472007981274702
70f3a933fef6c52d.jpg,DRIP,336,336,4,59,4409.0,20161.0,11564,13006,0.21868954912950747,0.33899738582192834
70f3a933fef6c52d.jpg,Fixed,336,336,4,57,1273.0,22905.0,11172,13006,0.05557738485046933,0.09787790250653544
70fbac7e1cf4c585.jpg,DRIP,336,336,3,58,2453.0,13690.0,11368,4775,0.17918188458728998,0.513717277486911
70fbac7e1cf4c585.jpg,Fixed,336,336,3,57,574.0,15373.0,11172,4775,0.03733819033370195,0.12020942408376964
7169d4b27387ed73.jpg,DRIP,336,336,1,59,994.0,13493.0,11564,2923,0.07366782776254355,0.3400615805679097
7169d4b27387ed73.jpg,Fixed,336,336,1,57,238.0,13857.0,11172,2923,0.01717543479829689,0.08142319534724599
71afaeadc3c4eeb8.jpg,DRIP,336,336,8,59,6258.0,41415.0,11564,36109,0.15110467222021007,0.1733085934254618
71afaeadc3c4eeb8.jpg,Fixed,336,336,8,57,3416.0,43865.0,11172,36109,0.07787529921349595,0.09460245368190756
71c32e033fe9f0f0.jpg,DRIP,336,336,2,58,312.0,13058.0,11368,2002,0.023893398682799816,0.15584415584415584
71c32e033fe9f0f0.jpg,Fixed,336,336,2,57,168.0,13006.0,11172,2002,0.012917115177610334,0.08391608391608392
71e2433bfd38a9dc.jpg,DRIP,336,336,4,58,3211.0,22119.0,11368,13962,0.14516931145169312,0.22998137802607077
71e2433bfd38a9dc.jpg,Fixed,336,336,4,57,1736.0,23398.0,11172,13962,0.07419437558765707,0.12433748746597909
71f1f2ec4981f62c.jpg,DRIP,336,336,6,59,5852.0,27143.0,11564,21431,0.21559886526913016,0.2730623862628902
71f1f2ec4981f62c.jpg,Fixed,336,336,6,57,1974.0,30629.0,11172,21431,0.06444872506448138,0.09210956091642947
720256d159dd491c.jpg,DRIP,336,336,1,58,924.0,12061.0,11368,1617,0.07661056297156123,0.5714285714285714
720256d159dd491c.jpg,Fixed,336,336,1,57,28.0,12761.0,11172,1617,0.0021941854086670325,0.017316017316017316
724d582a1fb6c06d.jpg,DRIP,336,336,3,58,774.0,16120.0,11368,5526,0.04801488833746898,0.14006514657980457
724d582a1fb6c06d.jpg,Fixed,336,336,3,57,588.0,16110.0,11172,5526,0.03649906890130354,0.10640608034744843
726ead95ca987059.jpg,DRIP,336,336,3,59,2324.0,28088.0,11564,18848,0.08273996012532042,0.12330220713073005
726ead95ca987059.jpg,Fixed,336,336,3,57,1624.0,28396.0,11172,18848,0.057191153683617414,0.08616298811544991
72753228a62694e1.jpg,DRIP,336,336,6,59,3796.0,33097.0,11564,25329,0.11469317460797052,0.1498677405345651
72753228a62694e1.jpg,Fixed,336,336,6,57,2358.0,34143.0,11172,25329,0.0690624725419559,0.09309487149117612
72a8a96fe0b3da07.jpg,DRIP,336,336,4,58,3332.0,17100.0,11368,9064,0.19485380116959064,0.3676081200353045
72a8a96fe0b3da07.jpg,Fixed,336,336,4,57,627.0,19609.0,11172,9064,0.03197511346830537,0.0691747572815534
72c8a486a220571c.jpg,DRIP,336,336,1,58,1638.0,12568.0,11368,2838,0.13033099936346276,0.5771670190274841
72c8a486a220571c.jpg,Fixed,336,336,1,57,223.0,13787.0,11172,2838,0.01617465728584899,0.07857646229739253
72d7db8ca956e3da.jpg,DRIP,336,336,0,58,,,11368,0,,
72d7db8ca956e3da.jpg,Fixed,336,336,0,57,,,11172,0,,
72eb8b366b9d1b9c.jpg,DRIP,336,336,19,59,7182.0,61378.0,11564,56996,0.11701261038156995,0.12600884272580531
72eb8b366b9d1b9c.jpg,Fixed,336,336,19,57,5496.0,62672.0,11172,56996,0.08769466428389074,0.09642781949610499
731a016e680d66f6.jpg,DRIP,336,336,5,59,3500.0,33823.0,11564,25759,0.10347988055465215,0.13587483986179588
731a016e680d66f6.jpg,Fixed,336,336,5,57,2568.0,34363.0,11172,25759,0.07473154264761517,0.09969331107574052
732f9756c1f24099.jpg,DRIP,336,336,2,58,1468.0,14664.0,11368,4764,0.10010911074740862,0.30814441645675905
732f9756c1f24099.jpg,Fixed,336,336,2,57,660.0,15276.0,11172,4764,0.04320502749410841,0.1385390428211587
7341f2df225ff4ee.jpg,DRIP,336,336,0,59,,,11564,0,,
7341f2df225ff4ee.jpg,Fixed,336,336,0,57,,,11172,0,,
734a4887f5ff0029.jpg,DRIP,336,336,7,59,2689.0,21299.0,11564,12424,0.12625005868820133,0.21643593045717965
734a4887f5ff0029.jpg,Fixed,336,336,7,57,1284.0,22312.0,11172,12424,0.057547508067407674,0.10334835801674179
73552f3b927ebc7b.jpg,DRIP,336,336,4,58,4368.0,27119.0,11368,20119,0.16106788598399646,0.21710820617326904
73552f3b927ebc7b.jpg,Fixed,336,336,4,57,1904.0,29387.0,11172,20119,0.06479055364617008,0.09463691038321984
7398f2b42aaf44ab.jpg,DRIP,336,336,0,58,,,11368,0,,
7398f2b42aaf44ab.jpg,Fixed,336,336,0,57,,,11172,0,,
73a1fd52a4477a5a.jpg,DRIP,336,336,1,58,224.0,11744.0,11368,600,0.01907356948228883,0.37333333333333335
73a1fd52a4477a5a.jpg,Fixed,336,336,1,57,62.0,11710.0,11172,600,0.00529461998292058,0.10333333333333333
73adf0faaf6732ff.jpg,DRIP,336,336,138,58,4062.0,71037.0,11368,63731,0.057181468812027535,0.06373664307793696
73adf0faaf6732ff.jpg,Fixed,336,336,138,57,6887.0,68016.0,11172,63731,0.10125558692072453,0.10806357973356766
73bddc12bb0e2f04.jpg,DRIP,336,336,21,59,2306.0,31106.0,11564,21848,0.07413360766411625,0.10554741852801172
73bddc12bb0e2f04.jpg,Fixed,336,336,21,57,2508.0,30512.0,11172,21848,0.08219716832721552,0.11479311607469792
73d7037f8bf2812a.jpg,DRIP,336,336,5,58,5368.0,30587.0,11368,24587,0.17549939516788177,0.2183267580428682
73d7037f8bf2812a.jpg,Fixed,336,336,5,57,2414.0,33345.0,11172,24587,0.07239466186834607,0.09818196607963559
73d98b6331ab918d.jpg,DRIP,336,336,15,59,5460.0,47853.0,11564,41749,0.11409942950285248,0.13078157560660136
73d98b6331ab918d.jpg,Fixed,336,336,15,57,4471.0,48450.0,11172,41749,0.09228070175438596,0.10709238544635799
73eb0d043b666f80.jpg,DRIP,336,336,12,59,5756.0,38575.0,11564,32767,0.14921581335061568,0.17566454054383984
73eb0d043b666f80.jpg,Fixed,336,336,12,57,3416.0,40523.0,11172,32767,0.08429780618414234,0.10425122837000642
742dbe0352d80dce.jpg,DRIP,336,336,1,58,14.0,27998.0,11368,16644,0.0005000357168369169,0.0008411439557798606
742dbe0352d80dce.jpg,Fixed,336,336,1,57,1442.0,26374.0,11172,16644,0.054675058770000756,0.08663782744532564
7449c4c8431e7fca.jpg,DRIP,336,336,3,59,196.0,12797.0,11564,1429,0.015316089708525436,0.1371588523442967
7449c4c8431e7fca.jpg,Fixed,336,336,3,57,224.0,12377.0,11172,1429,0.01809808515795427,0.15675297410776767
74585eacd68ab5c1.jpg,DRIP,336,336,13,59,5503.0,34636.0,11564,28575,0.15888093313315627,0.19258092738407698
74585eacd68ab5c1.jpg,Fixed,336,336,13,57,2332.0,37415.0,11172,28575,0.06232794333823333,0.0816097987751531
7465dbb3774b9438.jpg,DRIP,336,336,3,58,196.0,14911.0,11368,3739,0.01314465830594863,0.05242043327092805
7465dbb3774b9438.jpg,Fixed,336,336,3,57,476.0,14435.0,11172,3739,0.032975406996882575,0.127306766515111
746af1f297207e16.jpg,DRIP,336,336,1,59,1568.0,13011.0,11564,3015,0.1205134117285374,0.5200663349917082
746af1f297207e16.jpg,Fixed,336,336,1,57,213.0,13974.0,11172,3015,0.015242593387720051,0.07064676616915423
747b11a93ff71751.jpg,DRIP,336,336,22,59,696.0,29237.0,11564,18369,0.0238054519957588,0.037889923240241714
747b11a93ff71751.jpg,Fixed,336,336,22,57,1731.0,27810.0,11172,18369,0.062243797195253504,0.09423485219663563
748c5210af12fd1c.jpg,DRIP,336,336,2,58,282.0,12181.0,11368,1095,0.02315080863640095,0.25753424657534246
748c5210af12fd1c.jpg,Fixed,336,336,2,57,42.0,12225.0,11172,1095,0.0034355828220858898,0.038356164383561646
74d135a5df49b04d.jpg,DRIP,336,336,1,59,579.0,12014.0,11564,1029,0.04819377393041452,0.5626822157434402
74d135a5df49b04d.jpg,Fixed,336,336,1,57,70.0,12131.0,11172,1029,0.005770340450086555,0.06802721088435375
74df2b91b22a3198.jpg,DRIP,336,336,1,59,0.0,12269.0,11564,705,0.0,0.0
74df2b91b22a3198.jpg,Fixed,336,336,1,57,110.0,11767.0,11172,705,0.009348177105464435,0.15602836879432624
7501af49ebfc2914.jpg,DRIP,336,336,8,59,2379.0,24516.0,11564,15331,0.09703866862457171,0.1551757876198552
7501af49ebfc2914.jpg,Fixed,336,336,8,57,1350.0,25153.0,11172,15331,0.05367153023496203,0.08805687822059878
750d2551ed5c1b66.jpg,DRIP,336,336,3,59,1860.0,17623.0,11564,7919,0.10554389150541905,0.23487814117944184
750d2551ed5c1b66.jpg,Fixed,336,336,3,57,784.0,18307.0,11172,7919,0.042825148850166604,0.09900239929284001
75313ad130810a50.jpg,DRIP,336,336,18,58,2030.0,46759.0,11368,37421,0.04341410209799183,0.05424761497554849
75313ad130810a50.jpg,Fixed,336,336,18,57,3851.0,44742.0,11172,37421,0.08607125296142328,0.10291013067528927
753b097c94a2fb4d.jpg,DRIP,336,336,3,59,6328.0,36956.0,11564,31720,0.17123065266803766,0.19949558638083228
753b097c94a2fb4d.jpg,Fixed,336,336,3,57,3218.0,39674.0,11172,31720,0.08111105509905732,0.10145018915510719
753e596cd20fd631.jpg,DRIP,336,336,4,59,5549.0,32153.0,11564,26138,0.17258109663172955,0.21229627362460785
753e596cd20fd631.jpg,Fixed,336,336,4,57,2674.0,34636.0,11172,26138,0.07720291026677445,0.10230316014997322
756dc4aa7f9f110a.jpg,DRIP,336,336,4,59,6958.0,51274.0,11564,46668,0.13570230526192611,0.1490957401217108
756dc4aa7f9f110a.jpg,Fixed,336,336,4,57,4410.0,53430.0,11172,46668,0.08253790005614824,0.09449730007714065
7584cd77b5ae0b76.jpg,DRIP,336,336,29,59,2671.0,27681.0,11564,18788,0.09649217875076767,0.142165211837343
7584cd77b5ae0b76.jpg,Fixed,336,336,29,57,1535.0,28425.0,11172,18788,0.05400175901495163,0.08170108579944646
758dbc8a0749404b.jpg,DRIP,336,336,1,59,560.0,11764.0,11564,760,0.047602856171370285,0.7368421052631579
758dbc8a0749404b.jpg,Fixed,336,336,1,57,10.0,11922.0,11172,760,0.0008387854386847844,0.013157894736842105
7599bdb218fc567e.jpg,DRIP,336,336,4,58,1202.0,14288.0,11368,4122,0.08412653975363941,0.2916060164968462
7599bdb218fc567e.jpg,Fixed,336,336,4,57,364.0,14930.0,11172,4122,0.024380442062960483,0.08830664725861233
759a771b4863aded.jpg,DRIP,336,336,2,59,1636.0,13098.0,11564,3170,0.12490456558253168,0.5160883280757098
759a771b4863aded.jpg,Fixed,336,336,2,57,392.0,13950.0,11172,3170,0.028100358422939068,0.12365930599369085
759db674d08b1c95.jpg,DRIP,336,336,0,58,,,11368,0,,
759db674d08b1c95.jpg,Fixed,336,336,0,57,,,11172,0,,
75c43709b21af8ae.jpg,DRIP,336,336,1,59,28.0,11939.0,11564,403,0.0023452550464863053,0.06947890818858561
75c43709b21af8ae.jpg,Fixed,336,336,1,57,0.0,11575.0,11172,403,0.0,0.0
75d9d389efb54c08.jpg,DRIP,336,336,3,58,4922.0,25201.0,11368,18755,0.19530970993214555,0.26243668355105304
75d9d389efb54c08.jpg,Fixed,336,336,3,57,1903.0,28024.0,11172,18755,0.0679060805024265,0.10146627565982405
75ef8e0d396ac33a.jpg,DRIP,336,336,7,58,2780.0,18092.0,11368,9504,0.15365907583462304,0.2925084175084175
75ef8e0d396ac33a.jpg,Fixed,336,336,7,57,968.0,19708.0,11172,9504,0.049117109803125635,0.10185185185185185
760a1de10d2bac2d.jpg,DRIP,336,336,17,59,6546.0,38708.0,11564,33690,0.1691123282008887,0.19430097951914516
760a1de10d2bac2d.jpg,Fixed,336,336,17,57,3164.0,41698.0,11172,33690,0.07587893903784354,0.09391510834075394
7645e59f8d8a7f06.jpg,DRIP,336,336,2,59,868.0,12946.0,11564,2250,0.06704773675266491,0.3857777777777778
7645e59f8d8a7f06.jpg,Fixed,336,336,2,57,168.0,13254.0,11172,2250,0.012675418741511997,0.07466666666666667
766c327cbff72f01.jpg,DRIP,336,336,5,59,4353.0,17280.0,11564,10069,0.25190972222222224,0.4323170126129705
766c327cbff72f01.jpg,Fixed,336,336,5,57,980.0,20261.0,11172,10069,0.048368787325403485,0.09732843380673353
767d20b7d92e2fe9.jpg,DRIP,336,336,23,58,2629.0,37377.0,11368,28638,0.07033737325092972,0.0918011034290104
767d20b7d92e2fe9.jpg,Fixed,336,336,23,57,2696.0,37114.0,11172,28638,0.07264105189416392,0.09414065228018717
7691cf949d4ab899.jpg,DRIP,336,336,1,59,,,11564,0,,
7691cf949d4ab899.jpg,Fixed,336,336,1,57,,,11172,0,,
76924d1c63d3a9d6.jpg,DRIP,336,336,11,59,3183.0,17669.0,11564,9288,0.18014601845039335,0.34270025839793283
76924d1c63d3a9d6.jpg,Fixed,336,336,11,57,1007.0,19453.0,11172,9288,0.05176579447900067,0.10841946597760552
76958c2b7ab327c3.jpg,DRIP,336,336,4,59,196.0,13799.0,11564,2431,0.014203927820856584,0.08062525709584534
76958c2b7ab327c3.jpg,Fixed,336,336,4,57,196.0,13407.0,11172,2431,0.01461922876109495,0.08062525709584534
76b45f2ac0e8d898.jpg,DRIP,336,336,11,59,9954.0,80179.0,11564,78569,0.1241472205939211,0.12669118863673967
76b45f2ac0e8d898.jpg,Fixed,336,336,11,57,8168.0,81573.0,11172,78569,0.1001311708531009,0.10395957693237791
76ca8e74f21cf3ff.jpg,DRIP,336,336,5,59,1922.0,16378.0,11564,6736,0.11735254609842471,0.28533254156769594
76ca8e74f21cf3ff.jpg,Fixed,336,336,5,57,600.0,17308.0,11172,6736,0.03466605038132656,0.08907363420427554
76dc6a5cf82664e8.jpg,DRIP,336,336,7,59,986.0,14411.0,11564,3833,0.068419956977309,0.2572397599791286
76dc6a5cf82664e8.jpg,Fixed,336,336,7,57,476.0,14529.0,11172,3833,0.03276206208273109,0.12418471171406209
76ef17f23108ea7b.jpg,DRIP,336,336,4,59,2478.0,14481.0,11564,5395,0.17112077895172986,0.4593141797961075
76ef17f23108ea7b.jpg,Fixed,336,336,4,57,508.0,16059.0,11172,5395,0.031633352014446725,0.09416126042632067
76f940b2603a49e7.jpg,DRIP,336,336,10,59,1520.0,16421.0,11564,6377,0.09256439924486938,0.23835659400972245
76f940b2603a49e7.jpg,Fixed,336,336,10,57,522.0,17027.0,11172,6377,0.030657191519351618,0.08185667241649679
76fa4eaf951d72ca.jpg,DRIP,336,336,11,58,2668.0,19049.0,11368,10349,0.14005984566118956,0.25780268624987923
76fa4eaf951d72ca.jpg,Fixed,336,336,11,57,944.0,20577.0,11172,10349,0.04587646401321864,0.09121654266112668
76fc661cab8b295a.jpg,DRIP,336,336,0,58,,,11368,0,,
76fc661cab8b295a.jpg,Fixed,336,336,0,57,,,11172,0,,
771b3977cca5d468.jpg,DRIP,336,336,1,59,605.0,13544.0,11564,2585,0.04466922622563497,0.23404255319148937
771b3977cca5d468.jpg,Fixed,336,336,1,57,196.0,13561.0,11172,2585,0.014453211415087383,0.07582205029013539
7734f0e9b1efe8e5.jpg,DRIP,336,336,11,58,3477.0,35309.0,11368,27418,0.09847347701719109,0.12681450142242323
7734f0e9b1efe8e5.jpg,Fixed,336,336,11,57,2581.0,36009.0,11172,27418,0.07167652531311616,0.09413523962360493
773b997bdd2a6e16.jpg,DRIP,336,336,5,59,2572.0,16292.0,11564,7300,0.15786889270807758,0.35232876712328765
773b997bdd2a6e16.jpg,Fixed,336,336,5,57,502.0,17970.0,11172,7300,0.02793544796883695,0.06876712328767123
7751d3a7ced10598.jpg,DRIP,336,336,0,58,,,11368,0,,
7751d3a7ced10598.jpg,Fixed,336,336,0,57,,,11172,0,,
77759f316dbc4201.jpg,DRIP,336,336,3,59,1923.0,13222.0,11564,3581,0.1454394191499017,0.5370008377548171
77759f316dbc4201.jpg,Fixed,336,336,3,57,476.0,14277.0,11172,3581,0.03334033760593962,0.1329237643116448
778092c86d81b417.jpg,DRIP,336,336,0,58,,,11368,0,,
778092c86d81b417.jpg,Fixed,336,336,0,57,,,11172,0,,
778ac4ca9b3ca81f.jpg,DRIP,336,336,1,58,665.0,12628.0,11368,1925,0.05266075388026607,0.34545454545454546
778ac4ca9b3ca81f.jpg,Fixed,336,336,1,57,196.0,12901.0,11172,1925,0.015192620727075421,0.10181818181818182
779b89a2cf8170e6.jpg,DRIP,336,336,1,59,750.0,12269.0,11564,1455,0.06112967642024615,0.5154639175257731
779b89a2cf8170e6.jpg,Fixed,336,336,1,57,120.0,12507.0,11172,1455,0.00959462700887503,0.08247422680412371
77c09a3f0f652889.jpg,DRIP,336,336,7,59,2884.0,19548.0,11564,10868,0.1475342746060978,0.2653662127346338
77c09a3f0f652889.jpg,Fixed,336,336,7,57,824.0,21216.0,11172,10868,0.038838612368024134,0.07581891792418108
77c0b88f925bf2fb.jpg,DRIP,336,336,0,58,,,11368,0,,
77c0b88f925bf2fb.jpg,Fixed,336,336,0,57,,,11172,0,,
77c1e5caeaa92896.jpg,DRIP,336,336,13,59,1979.0,29067.0,11564,19482,0.06808408160456876,0.10158094651473154
77c1e5caeaa92896.jpg,Fixed,336,336,13,57,1694.0,28960.0,11172,19482,0.058494475138121546,0.08695205831023509
77fb9a747f4a0f39.jpg,DRIP,336,336,4,58,2328.0,15629.0,11368,6589,0.14895386780984068,0.35331613294885417
77fb9a747f4a0f39.jpg,Fixed,336,336,4,57,504.0,17257.0,11172,6589,0.029205539780958453,0.07649112156624678
7813e0606b29cad6.jpg,DRIP,336,336,3,59,,,11564,0,,
7813e0606b29cad6.jpg,Fixed,336,336,3,57,,,11172,0,,
78281d6a74880efb.jpg,DRIP,336,336,13,59,5151.0,29274.0,11564,22861,0.1759581881533101,0.22531822754910108
78281d6a74880efb.jpg,Fixed,336,336,13,57,2138.0,31895.0,11172,22861,0.06703245022730836,0.09352171821005205
78284e7e6e696343.jpg,DRIP,336,336,4,58,1365.0,23136.0,11368,13133,0.05899896265560166,0.10393664813827762
78284e7e6e696343.jpg,Fixed,336,336,4,57,1432.0,22873.0,11172,13133,0.0626065666943558,0.1090383004644788
7847572c30ba0f97.jpg,DRIP,336,336,10,59,578.0,20652.0,11564,9666,0.027987604106139843,0.059797227394992755
7847572c30ba0f97.jpg,Fixed,336,336,10,57,774.0,20064.0,11172,9666,0.038576555023923445,0.08007448789571694
785ef8ce412e023e.jpg,DRIP,336,336,0,59,,,11564,0,,
785ef8ce412e023e.jpg,Fixed,336,336,0,57,,,11172,0,,
7886a3d85186a626.jpg,DRIP,336,336,8,59,7533.0,54780.0,11564,50749,0.13751369112814896,0.14843642239255947
7886a3d85186a626.jpg,Fixed,336,336,8,57,4942.0,56979.0,11172,50749,0.08673370891030029,0.097381229186782
788c1d22278de5fa.jpg,DRIP,336,336,5,59,3948.0,19911.0,11564,12295,0.19828235648636433,0.32110614070760474
788c1d22278de5fa.jpg,Fixed,336,336,5,57,980.0,22487.0,11172,12295,0.04358073553608752,0.07970719804798698
7891ecfbf1b26938.jpg,DRIP,336,336,1,59,1386.0,13941.0,11564,3763,0.09941897998708844,0.36832314642572417
7891ecfbf1b26938.jpg,Fixed,336,336,1,57,518.0,14417.0,11172,3763,0.03592980509121176,0.1376561254318363
78943eff6a2d1f45.jpg,DRIP,336,336,3,59,7676.0,32320.0,11564,28432,0.2375,0.2699774901519415
78943eff6a2d1f45.jpg,Fixed,336,336,3,57,2688.0,36916.0,11172,28432,0.07281395600823491,0.09454136184580754
7897d52101bc229a.jpg,DRIP,336,336,20,58,3808.0,35980.0,11368,28420,0.10583657587548638,0.13399014778325122
7897d52101bc229a.jpg,Fixed,336,336,20,57,2636.0,36956.0,11172,28420,0.07132806580798788,0.09275158339197748
78a0e18aa794a0b2.jpg,DRIP,336,336,29,59,4243.0,37076.0,11564,29755,0.11444060847987916,0.14259788270878843
78a0e18aa794a0b2.jpg,Fixed,336,336,29,57,2548.0,38379.0,11172,29755,0.06639047395711196,0.08563266677869266
78a7dc1854679c52.jpg,DRIP,336,336,5,59,912.0,19819.0,11564,9167,0.046016448862202936,0.09948729137122286
78a7dc1854679c52.jpg,Fixed,336,336,5,57,818.0,19521.0,11172,9167,0.04190359100455919,0.08923311879568016
78be832076f28a42.jpg,DRIP,336,336,6,59,7060.0,24318.0,11564,19814,0.2903199276256271,0.35631371757343294
78be832076f28a42.jpg,Fixed,336,336,6,57,1810.0,29176.0,11172,19814,0.06203729092404716,0.09134955082265066
78d0ed73c6a97922.jpg,DRIP,336,336,10,59,4603.0,21358.0,11564,14397,0.21551643412304522,0.31971938598319094
78d0ed73c6a97922.jpg,Fixed,336,336,10,57,1357.0,24212.0,11172,14397,0.056046588468528,0.09425574772522054
78d66800391efee9.jpg,DRIP,336,336,6,59,3108.0,34489.0,11564,26033,0.09011568906028009,0.11938693197095994
78d66800391efee9.jpg,Fixed,336,336,6,57,2581.0,34624.0,11172,26033,0.07454366913123844,0.09914339492182998
78e6076be2d0186c.jpg,DRIP,336,336,7,58,1560.0,14750.0,11368,4942,0.10576271186440678,0.31566167543504653
78e6076be2d0186c.jpg,Fixed,336,336,7,57,535.0,15579.0,11172,4942,0.03434110019898581,0.10825576689599352
78e96c75bf041b80.jpg,DRIP,336,336,1,59,238.0,11819.0,11564,493,0.020137067433793045,0.4827586206896552
78e96c75bf041b80.jpg,Fixed,336,336,1,57,28.0,11637.0,11172,493,0.002406118415399158,0.056795131845841784
793ba098bee162eb.jpg,DRIP,336,336,0,59,,,11564,0,,
793ba098bee162eb.jpg,Fixed,336,336,0,57,,,11172,0,,
798f2e25703a6816.jpg,DRIP,336,336,1,59,411.0,11634.0,11564,481,0.03532748839608046,0.8544698544698545
798f2e25703a6816.jpg,Fixed,336,336,1,57,0.0,11653.0,11172,481,0.0,0.0
79a40c09f05b4955.jpg,DRIP,336,336,3,58,3585.0,13183.0,11368,5400,0.27194113631191685,0.6638888888888889
79a40c09f05b4955.jpg,Fixed,336,336,3,57,434.0,16138.0,11172,5400,0.02689304746560912,0.08037037037037037
79a426b4e73bfb17.jpg,DRIP,336,336,1,59,2408.0,13979.0,11564,4823,0.17225838758137205,0.49927431059506533
79a426b4e73bfb17.jpg,Fixed,336,336,1,57,360.0,15635.0,11172,4823,0.023025263831148064,0.07464233879328219
79a9c9b560926ba9.jpg,DRIP,336,336,2,59,356.0,11780.0,11564,572,0.030220713073005095,0.6223776223776224
79a9c9b560926ba9.jpg,Fixed,336,336,2,57,15.0,11729.0,11172,572,0.0012788814050643704,0.026223776223776224
79b2c25191470eb8.jpg,DRIP,336,336,1,59,139.0,11881.0,11564,456,0.011699351906405185,0.3048245614035088
79b2c25191470eb8.jpg,Fixed,336,336,1,57,70.0,11558.0,11172,456,0.0060564111437965045,0.15350877192982457
79b5dbcb6a5ad0ea.jpg,DRIP,336,336,4,59,2830.0,13000.0,11564,4266,0.21769230769230768,0.6633849038912331
79b5dbcb6a5ad0ea.jpg,Fixed,336,336,4,57,462.0,14976.0,11172,4266,0.030849358974358976,0.10829817158931083
79cd31c0380f8464.jpg,DRIP,336,336,1,59,335.0,12046.0,11564,817,0.027810061431180474,0.41003671970624234
79cd31c0380f8464.jpg,Fixed,336,336,1,57,36.0,11953.0,11172,817,0.0030117962017903455,0.044063647490820076
79f1aaf31c7521d9.jpg,DRIP,336,336,5,58,1323.0,15762.0,11368,5717,0.08393604872478112,0.23141507783802695
79f1aaf31c7521d9.jpg,Fixed,336,336,5,57,563.0,16326.0,11172,5717,0.034484870758299646,0.09847822284414903
79f94667c253ba21.jpg,DRIP,336,336,0,59,,,11564,0,,
79f94667c253ba21.jpg,Fixed,336,336,0,57,,,11172,0,,
7a0ab04677000cfb.jpg,DRIP,336,336,3,59,1608.0,13875.0,11564,3919,0.11589189189189189,0.4103087522327124
7a0ab04677000cfb.jpg,Fixed,336,336,3,57,462.0,14629.0,11172,3919,0.031581106022284505,0.1178872161265629
7a0ab545c15ea931.jpg,DRIP,336,336,0,59,,,11564,0,,
7a0ab545c15ea931.jpg,Fixed,336,336,0,57,,,11172,0,,
7a0f135aabc5b67f.jpg,DRIP,336,336,12,59,1147.0,17873.0,11564,7456,0.06417501258882112,0.15383583690987124
7a0f135aabc5b67f.jpg,Fixed,336,336,12,57,668.0,17960.0,11172,7456,0.03719376391982183,0.0895922746781116
7a1227babacb67bc.jpg,DRIP,336,336,1,59,2156.0,16628.0,11564,7220,0.12966081308636035,0.29861495844875346
7a1227babacb67bc.jpg,Fixed,336,336,1,57,784.0,17608.0,11172,7220,0.044525215810995,0.10858725761772853
7a2b01b452bdb117.jpg,DRIP,336,336,1,58,180.0,12013.0,11368,825,0.014983767585116124,0.21818181818181817
7a2b01b452bdb117.jpg,Fixed,336,336,1,57,126.0,11871.0,11172,825,0.01061410159211524,0.15272727272727274
7a4e8a539464ccfd.jpg,DRIP,336,336,1,59,756.0,15083.0,11564,4275,0.05012265464430153,0.17684210526315788
7a4e8a539464ccfd.jpg,Fixed,336,336,1,57,668.0,14779.0,11172,4275,0.045199269233371676,0.15625730994152046
7a59dba3e2b42d4d.jpg,DRIP,336,336,3,59,1068.0,12625.0,11564,2129,0.0845940594059406,0.5016439643024895
7a59dba3e2b42d4d.jpg,Fixed,336,336,3,57,308.0,12993.0,11172,2129,0.0237050719618256,0.14466885861906997
7a78d24f2568f19c.jpg,DRIP,336,336,5,59,3123.0,42629.0,11564,34188,0.07325998733256703,0.09134784134784135
7a78d24f2568f19c.jpg,Fixed,336,336,5,57,2626.0,42734.0,11172,34188,0.06144989937754481,0.0768105768105768
7af92b3668184806.jpg,DRIP,336,336,0,59,,,11564,0,,
7af92b3668184806.jpg,Fixed,336,336,0,57,,,11172,0,,
7b0112f7f5f096c5.jpg,DRIP,336,336,0,58,,,11368,0,,
7b0112f7f5f096c5.jpg,Fixed,336,336,0,57,,,11172,0,,
7b3970c7b3b96e52.jpg,DRIP,336,336,29,58,1886.0,28024.0,11368,18542,0.06729945760776478,0.10171502534785891
7b3970c7b3b96e52.jpg,Fixed,336,336,29,57,1823.0,27891.0,11172,18542,0.06536158617475171,0.09831733362096862
7b4f6c901fa31112.jpg,DRIP,336,336,3,59,2754.0,28001.0,11564,19191,0.09835363022749187,0.14350476785993435
7b4f6c901fa31112.jpg,Fixed,336,336,3,57,1554.0,28809.0,11172,19191,0.053941476621888994,0.08097545724558387
7b5260c602c2842b.jpg,DRIP,336,336,17,59,1482.0,21087.0,11564,11005,0.07028026746336606,0.13466606088141753
7b5260c602c2842b.jpg,Fixed,336,336,17,57,767.0,21410.0,11172,11005,0.035824381130312936,0.06969559291231259
7b5d2a652d00bc95.jpg,DRIP,336,336,0,59,,,11564,0,,
7b5d2a652d00bc95.jpg,Fixed,336,336,0,57,,,11172,0,,
7b777cd4aec101e4.jpg,DRIP,336,336,1,58,2226.0,19408.0,11368,10266,0.11469497114591921,0.21683226183518411
7b777cd4aec101e4.jpg,Fixed,336,336,1,57,826.0,20612.0,11172,10266,0.04007374345041723,0.08045977011494253
7b7d6c9f38d21995.jpg,DRIP,336,336,7,59,2872.0,13864.0,11564,5172,0.20715522215810733,0.5552977571539056
7b7d6c9f38d21995.jpg,Fixed,336,336,7,57,643.0,15701.0,11172,5172,0.04095280555378638,0.12432327919566899
7b8375a82374f0f6.jpg,DRIP,336,336,2,59,710.0,13119.0,11564,2265,0.054119978656909824,0.31346578366445915
7b8375a82374f0f6.jpg,Fixed,336,336,2,57,108.0,13329.0,11172,2265,0.008102633355840648,0.04768211920529802
7b9ad69efc73985d.jpg,DRIP,336,336,6,59,3070.0,17546.0,11564,9052,0.17496865382423343,0.33915156871409635
7b9ad69efc73985d.jpg,Fixed,336,336,6,57,1050.0,19174.0,11172,9052,0.0547616564097215,0.11599646486964207
7ba12a653c255852.jpg,DRIP,336,336,11,59,4236.0,22973.0,11564,15645,0.18439037130544553,0.2707574304889741
7ba12a653c255852.jpg,Fixed,336,336,11,57,1684.0,25133.0,11172,15645,0.06700354116102336,0.10763822307446469
7be55c6c7b223f2c.jpg,DRIP,336,336,19,59,6160.0,49879.0,11564,44475,0.12349886725876622,0.13850477796514896
7be55c6c7b223f2c.jpg,Fixed,336,336,19,57,4320.0,51327.0,11172,44475,0.08416622830089426,0.09713322091062394
7be80364784ae5a7.jpg,DRIP,336,336,6,59,2790.0,18463.0,11564,9689,0.15111303688457997,0.2879554133553514
7be80364784ae5a7.jpg,Fixed,336,336,6,57,1003.0,19858.0,11172,9689,0.05050861113908752,0.10351945505212096
7c684d06ab789e5f.jpg,DRIP,336,336,1,58,796.0,12215.0,11368,1643,0.06516577977896029,0.4844796104686549
7c684d06ab789e5f.jpg,Fixed,336,336,1,57,138.0,12677.0,11172,1643,0.01088585627514396,0.08399269628727937
7c6a1f0ec7f7ca93.jpg,DRIP,336,336,3,59,6920.0,55374.0,11564,50730,0.12496839672048253,0.13640843682239306
7c6a1f0ec7f7ca93.jpg,Fixed,336,336,3,57,5348.0,56554.0,11172,50730,0.09456448703893623,0.10542085550956042
7c6f093f0a065cb6.jpg,DRIP,336,336,5,58,2532.0,17847.0,11368,9011,0.1418725836275004,0.28098990123182777
7c6f093f0a065cb6.jpg,Fixed,336,336,5,57,872.0,19311.0,11172,9011,0.045155610791776706,0.09677061369437355
7c90cb7bc8641f50.jpg,DRIP,336,336,7,59,3768.0,21876.0,11564,14080,0.17224355458036203,0.2676136363636364
7c90cb7bc8641f50.jpg,Fixed,336,336,7,57,1368.0,23884.0,11172,14080,0.057276838050577795,0.0971590909090909
7ccbf87d70a8f431.jpg,DRIP,336,336,6,59,976.0,14832.0,11564,4244,0.06580366774541532,0.2299717247879359
7ccbf87d70a8f431.jpg,Fixed,336,336,6,57,430.0,14986.0,11172,4244,0.02869344721740291,0.10131950989632423
7ceb87ec77210198.jpg,DRIP,336,336,6,59,7709.0,41648.0,11564,37793,0.1850989243180945,0.20397957293678723
7ceb87ec77210198.jpg,Fixed,336,336,6,57,3280.0,45685.0,11172,37793,0.07179599430885411,0.08678855872780673
7d1e78b95596a47f.jpg,DRIP,336,336,0,58,,,11368,0,,
7d1e78b95596a47f.jpg,Fixed,336,336,0,57,,,11172,0,,
7d221d89f9dadd70.jpg,DRIP,336,336,1,58,980.0,11417.0,11368,1029,0.08583690987124463,0.9523809523809523
7d221d89f9dadd70.jpg,Fixed,336,336,1,57,0.0,12201.0,11172,1029,0.0,0.0
7d2b28c929a8aa86.jpg,DRIP,336,336,39,58,2664.0,50171.0,11368,41467,0.053098403460166234,0.06424385656063858
7d2b28c929a8aa86.jpg,Fixed,336,336,39,57,4264.0,48375.0,11172,41467,0.08814470284237726,0.10282875539585695
7d2be496ffa7b0a8.jpg,DRIP,336,336,9,59,3871.0,17708.0,11564,10015,0.21860176191551842,0.38652021967049427
7d2be496ffa7b0a8.jpg,Fixed,336,336,9,57,835.0,20352.0,11172,10015,0.041027908805031446,0.08337493759360959
7d30e6f36af3d6dc.jpg,DRIP,336,336,4,58,2062.0,12357.0,11368,3051,0.1668689811442907,0.6758439855784989
7d30e6f36af3d6dc.jpg,Fixed,336,336,4,57,360.0,13863.0,11172,3051,0.02596840510711967,0.11799410029498525
7d67794908b6483e.jpg,DRIP,336,336,5,58,7727.0,29985.0,11368,26344,0.2576955144238786,0.29331156999696323
7d67794908b6483e.jpg,Fixed,336,336,5,57,3038.0,34478.0,11172,26344,0.08811415975404606,0.11532037655633161
7d9d4fd05ab3720b.jpg,DRIP,336,336,0,59,,,11564,0,,
7d9d4fd05ab3720b.jpg,Fixed,336,336,0,57,,,11172,0,,
7dbb6236b74f0288.jpg,DRIP,336,336,1,58,4200.0,23640.0,11368,16472,0.17766497461928935,0.25497814473045166
7dbb6236b74f0288.jpg,Fixed,336,336,1,57,1708.0,25936.0,11172,16472,0.06585441085749537,0.10369111219038368
7dc343117870b6ad.jpg,DRIP,336,336,1,59,3808.0,22401.0,11564,14645,0.169992411053078,0.2600204848071014
7dc343117870b6ad.jpg,Fixed,336,336,1,57,1414.0,24403.0,11172,14645,0.05794369544728107,0.09655172413793103
7dd8f1e503abaa66.jpg,DRIP,336,336,5,59,3668.0,19136.0,11564,11240,0.19168060200668896,0.32633451957295373
7dd8f1e503abaa66.jpg,Fixed,336,336,5,57,962.0,21450.0,11172,11240,0.044848484848484846,0.08558718861209964
7de24c1c61b63f52.jpg,DRIP,336,336,3,58,260.0,15191.0,11368,4083,0.017115397274702127,0.06367866764633848
7de24c1c61b63f52.jpg,Fixed,336,336,3,57,574.0,14681.0,11172,4083,0.03909815407669777,0.14058290472691648
7de5f19060c96f5c.jpg,DRIP,336,336,1,58,880.0,12256.0,11368,1768,0.07180156657963446,0.497737556561086
7de5f19060c96f5c.jpg,Fixed,336,336,1,57,244.0,12696.0,11172,1768,0.01921865154379332,0.13800904977375567
7df7bf35b5f1caaa.jpg,DRIP,336,336,0,59,,,11564,0,,
7df7bf35b5f1caaa.jpg,Fixed,336,336,0,57,,,11172,0,,
7e307008ba350ccf.jpg,DRIP,336,336,2,58,552.0,13478.0,11368,2662,0.040955631399317405,0.20736288504883546
7e307008ba350ccf.jpg,Fixed,336,336,2,57,154.0,13680.0,11172,2662,0.011257309941520468,0.05785123966942149
7e6a59da2f614efa.jpg,DRIP,336,336,22,59,5862.0,50231.0,11564,44529,0.11670084210945432,0.13164454625075794
7e6a59da2f614efa.jpg,Fixed,336,336,22,57,4570.0,51131.0,11172,44529,0.08937826367565664,0.10262974690651036
7e8f8505468df57e.jpg,DRIP,336,336,0,59,,,11564,0,,
7e8f8505468df57e.jpg,Fixed,336,336,0,57,,,11172,0,,
7e969d9dae9f2707.jpg,DRIP,336,336,1,58,378.0,11579.0,11368,589,0.03264530615769928,0.6417657045840407
7e969d9dae9f2707.jpg,Fixed,336,336,1,57,11.0,11750.0,11172,589,0.0009361702127659575,0.01867572156196944
7e99b31ed010730d.jpg,DRIP,336,336,9,59,2283.0,19155.0,11564,9874,0.11918559122944401,0.23121328742151104
7e99b31ed010730d.jpg,Fixed,336,336,9,57,718.0,20328.0,11172,9874,0.03532073986619441,0.07271622442779016
7e9e126586bc525f.jpg,DRIP,336,336,3,58,1824.0,13022.0,11368,3478,0.14007064966978958,0.5244393329499712
7e9e126586bc525f.jpg,Fixed,336,336,3,57,330.0,14320.0,11172,3478,0.023044692737430168,0.09488211615871191
7ec64fa006a9a2e2.jpg,DRIP,336,336,2,58,1675.0,12633.0,11368,2940,0.13258925037599936,0.5697278911564626
7ec64fa006a9a2e2.jpg,Fixed,336,336,2,57,460.0,13652.0,11172,2940,0.03369469674772927,0.1564625850340136
7eda0441fb16ed78.jpg,DRIP,336,336,2,58,754.0,13215.0,11368,2601,0.05705637533106318,0.28988850442137637
7eda0441fb16ed78.jpg,Fixed,336,336,2,57,398.0,13375.0,11172,2601,0.029757009345794394,0.15301806997308728
7efbadd615402036.jpg,DRIP,336,336,1,59,2268.0,22252.0,11564,12956,0.10192342261369765,0.17505402902130288
7efbadd615402036.jpg,Fixed,336,336,1,57,1428.0,22700.0,11172,12956,0.06290748898678414,0.11021920345785736
7f07e3f04f8df39a.jpg,DRIP,336,336,1,58,1358.0,15461.0,11368,5451,0.08783390466334648,0.24912860025683362
7f07e3f04f8df39a.jpg,Fixed,336,336,1,57,518.0,16105.0,11172,5451,0.032163924247128224,0.09502843514951385
7f10703e71676f05.jpg,DRIP,336,336,0,59,,,11564,0,,
7f10703e71676f05.jpg,Fixed,336,336,0,57,,,11172,0,,
7f1c87994d7d981e.jpg,DRIP,336,336,2,58,3766.0,17056.0,11368,9454,0.22080206378986866,0.3983499048022001
7f1c87994d7d981e.jpg,Fixed,336,336,2,57,1050.0,19576.0,11172,9454,0.05363710666121782,0.11106409985191454
7f232be04142ac81.jpg,DRIP,336,336,6,59,5781.0,22760.0,11564,16977,0.2539982425307557,0.3405195264180951
7f232be04142ac81.jpg,Fixed,336,336,6,57,1717.0,26432.0,11172,16977,0.06495914043583535,0.1011368321847205
7f4fdaca6ad86560.jpg,DRIP,336,336,8,59,4011.0,19751.0,11564,12198,0.20307832514809376,0.32882439744220365
7f4fdaca6ad86560.jpg,Fixed,336,336,8,57,1291.0,22079.0,11172,12198,0.05847185108021197,0.1058370224626988
7f7271eb2c1c963d.jpg,DRIP,336,336,14,59,2982.0,20359.0,11564,11777,0.14647084827349083,0.2532054003566273
7f7271eb2c1c963d.jpg,Fixed,336,336,14,57,1279.0,21670.0,11172,11777,0.05902168897092755,0.10860151142056551
7f9a0f0e802cc636.jpg,DRIP,336,336,0,58,,,11368,0,,
7f9a0f0e802cc636.jpg,Fixed,336,336,0,57,,,11172,0,,
7f9d5b57ae7f5677.jpg,DRIP,336,336,2,58,1523.0,13361.0,11368,3516,0.113988473916623,0.43316268486916953
7f9d5b57ae7f5677.jpg,Fixed,336,336,2,57,308.0,14380.0,11172,3516,0.02141863699582754,0.0875995449374289
7fbae10cec9a362f.jpg,DRIP,336,336,1,59,196.0,12811.0,11564,1443,0.0152993521192725,0.13582813582813583
7fbae10cec9a362f.jpg,Fixed,336,336,1,57,123.0,12492.0,11172,1443,0.00984630163304515,0.08523908523908524
8012f7f3825eaa54.jpg,DRIP,336,336,0,59,,,11564,0,,
8012f7f3825eaa54.jpg,Fixed,336,336,0,57,,,11172,0,,
8023bf6c92514e94.jpg,DRIP,336,336,7,58,3128.0,20242.0,11368,12002,0.15453018476435135,0.26062322946175637
8023bf6c92514e94.jpg,Fixed,336,336,7,57,1108.0,22066.0,11172,12002,0.0502129973715218,0.09231794700883186
803e0332090b144f.jpg,DRIP,336,336,100,58,5457.0,61582.0,11368,55671,0.08861355590919424,0.09802230964056691
803e0332090b144f.jpg,Fixed,336,336,100,57,5296.0,61547.0,11172,55671,0.08604806083155962,0.09513031919670924
80740ae529323402.jpg,DRIP,336,336,0,59,,,11564,0,,
80740ae529323402.jpg,Fixed,336,336,0,57,,,11172,0,,
80827812e91404e1.jpg,DRIP,336,336,0,59,,,11564,0,,
80827812e91404e1.jpg,Fixed,336,336,0,57,,,11172,0,,
80d87487f1d09d21.jpg,DRIP,336,336,1,59,581.0,13206.0,11564,2223,0.04399515371800697,0.2613585245164193
80d87487f1d09d21.jpg,Fixed,336,336,1,57,294.0,13101.0,11172,2223,0.022441035035493474,0.13225371120107962
80efcfa3623377a7.jpg,DRIP,336,336,2,58,3040.0,14052.0,11368,5724,0.21633931113008825,0.5310971348707197
80efcfa3623377a7.jpg,Fixed,336,336,2,57,678.0,16218.0,11172,5724,0.041805401405845356,0.11844863731656184
81062394db202f4c.jpg,DRIP,336,336,13,59,5634.0,33153.0,11564,27223,0.1699393720025337,0.20695735223891562
81062394db202f4c.jpg,Fixed,336,336,13,57,2413.0,35982.0,11172,27223,0.06706130843199377,0.08863828380413621
813ddae5bbb8141b.jpg,DRIP,336,336,2,59,2814.0,15643.0,11564,6893,0.17988876813910376,0.40824024372551865
813ddae5bbb8141b.jpg,Fixed,336,336,2,57,613.0,17452.0,11172,6893,0.03512491404996562,0.08893079936167127
8146929495612e54.jpg,DRIP,336,336,5,59,6146.0,53584.0,11564,48166,0.11469841743804121,0.12760038201220777
8146929495612e54.jpg,Fixed,336,336,5,57,4592.0,54746.0,11172,48166,0.08387827421181457,0.09533695968110285
815ac87838259167.jpg,DRIP,336,336,0,58,,,11368,0,,
815ac87838259167.jpg,Fixed,336,336,0,57,,,11172,0,,
816ce0e155ca0fc3.jpg,DRIP,336,336,0,58,,,11368,0,,
816ce0e155ca0fc3.jpg,Fixed,336,336,0,57,,,11172,0,,
81a87534b54bb09c.jpg,DRIP,336,336,0,59,,,11564,0,,
81a87534b54bb09c.jpg,Fixed,336,336,0,57,,,11172,0,,
81ac0221208f4892.jpg,DRIP,336,336,1,58,924.0,16685.0,11368,6241,0.05537908300869044,0.14805319660310848
81ac0221208f4892.jpg,Fixed,336,336,1,57,389.0,17024.0,11172,6241,0.022850093984962405,0.06232975484697965
81ae1464fd08f697.jpg,DRIP,336,336,11,59,472.0,21041.0,11564,9949,0.02243239389762844,0.04744195396522263
81ae1464fd08f697.jpg,Fixed,336,336,11,57,662.0,20459.0,11172,9949,0.03235739772227381,0.06653935068851141
81d7ca82b942162f.jpg,DRIP,336,336,0,58,,,11368,0,,
81d7ca82b942162f.jpg,Fixed,336,336,0,57,,,11172,0,,
8202017c496c894c.jpg,DRIP,336,336,5,59,112.0,13812.0,11564,2360,0.00810889081957718,0.04745762711864407
8202017c496c894c.jpg,Fixed,336,336,5,57,137.0,13395.0,11172,2360,0.01022769690182904,0.05805084745762712
8215f40fc0f4dbfb.jpg,DRIP,336,336,4,59,4391.0,17366.0,11564,10193,0.25285039732811243,0.4307858334150888
8215f40fc0f4dbfb.jpg,Fixed,336,336,4,57,891.0,20474.0,11172,10193,0.04351860896747094,0.08741293044246051
821b5664142bc1b2.jpg,DRIP,336,336,0,59,,,11564,0,,
821b5664142bc1b2.jpg,Fixed,336,336,0,57,,,11172,0,,
821d3a32764c6780.jpg,DRIP,336,336,8,58,3226.0,22714.0,11368,14572,0.14202694373514133,0.22138347515783693
821d3a32764c6780.jpg,Fixed,336,336,8,57,1022.0,24722.0,11172,14572,0.04133969743548257,0.07013450452923414
822a3cdf226995d7.jpg,DRIP,336,336,1,59,3472.0,28383.0,11564,20291,0.12232674488250009,0.1711103444877039
822a3cdf226995d7.jpg,Fixed,336,336,1,57,1918.0,29545.0,11172,20291,0.06491792181418175,0.09452466610812675
8254794b6d819b15.jpg,DRIP,336,336,4,59,1875.0,17737.0,11564,8048,0.10571122512262503,0.23297713717693838
8254794b6d819b15.jpg,Fixed,336,336,4,57,936.0,18284.0,11172,8048,0.05119229927805732,0.11630218687872763
8256e73fd9a111a1.jpg,DRIP,336,336,2,59,3208.0,14475.0,11564,6119,0.22162348877374785,0.524268671351528
8256e73fd9a111a1.jpg,Fixed,336,336,2,57,602.0,16689.0,11172,6119,0.036071663970279826,0.0983820885765648
82713906b4b69138.jpg,DRIP,336,336,32,59,3588.0,35713.0,11564,27737,0.10046761683420603,0.12935789739337347
82713906b4b69138.jpg,Fixed,336,336,32,57,2328.0,36581.0,11172,27737,0.06363959432492278,0.0839312110177741
82bd77605feeed3b.jpg,DRIP,336,336,0,58,,,11368,0,,
82bd77605feeed3b.jpg,Fixed,336,336,0,57,,,11172,0,,
82d3083f06b03d37.jpg,DRIP,336,336,2,59,1122.0,14518.0,11564,4076,0.07728337236533958,0.275269872423945
82d3083f06b03d37.jpg,Fixed,336,336,2,57,420.0,14828.0,11172,4076,0.0283247909360669,0.10304219823356231
82de9d3b8569ba06.jpg,DRIP,336,336,9,59,1476.0,16698.0,11564,6610,0.08839381961911606,0.22329803328290468
82de9d3b8569ba06.jpg,Fixed,336,336,9,57,748.0,17034.0,11172,6610,0.043912175648702596,0.11316187594553706
82f17fe2eae87bff.jpg,DRIP,336,336,4,59,3465.0,20839.0,11564,12740,0.16627477326167284,0.27197802197802196
82f17fe2eae87bff.jpg,Fixed,336,336,4,57,1344.0,22568.0,11172,12740,0.05955334987593052,0.1054945054945055
831bcec304a17054.jpg,DRIP,336,336,22,59,4204.0,39172.0,11564,31812,0.10732155621362198,0.1321513894128002
831bcec304a17054.jpg,Fixed,336,336,22,57,3118.0,39866.0,11172,31812,0.07821201023428485,0.09801332830378473
832cf0827322d625.jpg,DRIP,336,336,2,58,0.0,14368.0,11368,3000,0.0,0.0
832cf0827322d625.jpg,Fixed,336,336,2,57,150.0,14022.0,11172,3000,0.01069747539580659,0.05
834911d0d0abb6c7.jpg,DRIP,336,336,1,58,,,11368,0,,
834911d0d0abb6c7.jpg,Fixed,336,336,1,57,,,11172,0,,
83635e89a2005ab9.jpg,DRIP,336,336,16,58,4231.0,29004.0,11368,21867,0.14587643083712593,0.19348790414780262
83635e89a2005ab9.jpg,Fixed,336,336,16,57,2053.0,30986.0,11172,21867,0.06625572839346802,0.09388576393652535
836ea8fc700459e2.jpg,DRIP,336,336,8,59,3400.0,15608.0,11564,7444,0.21783700666324962,0.4567436861902203
836ea8fc700459e2.jpg,Fixed,336,336,8,57,782.0,17834.0,11172,7444,0.043848828081193225,0.10505104782375067
83818088fbce0880.jpg,DRIP,336,336,19,59,6264.0,23669.0,11564,18369,0.26464996408804764,0.3410093091621754
83818088fbce0880.jpg,Fixed,336,336,19,57,1608.0,27933.0,11172,18369,0.05756631940715283,0.08753878817573085
839179e9747b4390.jpg,DRIP,336,336,2,59,3010.0,16746.0,11564,8192,0.17974441657709303,0.367431640625
839179e9747b4390.jpg,Fixed,336,336,2,57,798.0,18566.0,11172,8192,0.04298179467844447,0.097412109375
83a76d3a192ecf74.jpg,DRIP,336,336,59,59,8387.0,82695.0,11564,79518,0.10142088397121954,0.10547297467240122
83a76d3a192ecf74.jpg,Fixed,336,336,59,57,7797.0,82893.0,11172,79518,0.09406101842133835,0.09805327095751905
83aa22650422a4b3.jpg,DRIP,336,336,2,58,1264.0,12405.0,11368,2301,0.10189439742039501,0.5493263798348544
83aa22650422a4b3.jpg,Fixed,336,336,2,57,196.0,13277.0,11172,2301,0.014762371017549146,0.08518035636679705
83c61580bf4907f8.jpg,DRIP,336,336,1,59,4718.0,41417.0,11564,34571,0.11391457614023227,0.13647276619131643
83c61580bf4907f8.jpg,Fixed,336,336,1,57,3689.0,42054.0,11172,34571,0.08772054976934418,0.10670793439588094
83cf328875b93374.jpg,DRIP,336,336,1,59,448.0,12271.0,11564,1155,0.03650884198516828,0.3878787878787879
83cf328875b93374.jpg,Fixed,336,336,1,57,98.0,12229.0,11172,1155,0.008013737836290785,0.08484848484848485
83dfbda0ea56bb70.jpg,DRIP,336,336,0,58,,,11368,0,,
83dfbda0ea56bb70.jpg,Fixed,336,336,0,57,,,11172,0,,
83f9b16f616efeae.jpg,DRIP,336,336,1,59,252.0,12047.0,11564,735,0.020918070889018012,0.34285714285714286
83f9b16f616efeae.jpg,Fixed,336,336,1,57,98.0,11809.0,11172,735,0.008298755186721992,0.13333333333333333
840e2ee612b6bd8c.jpg,DRIP,336,336,2,58,1988.0,12746.0,11368,3366,0.1559705005491919,0.5906120023767083
840e2ee612b6bd8c.jpg,Fixed,336,336,2,57,406.0,14132.0,11172,3366,0.02872912538918766,0.12061794414735591
841c14dae4a6ed0c.jpg,DRIP,336,336,6,58,3500.0,46874.0,11368,39006,0.0746682595895379,0.08972978516125724
841c14dae4a6ed0c.jpg,Fixed,336,336,6,57,3794.0,46384.0,11172,39006,0.08179544670576061,0.09726708711480285
842744d8c550a4b6.jpg,DRIP,336,336,1,59,558.0,11564.0,11564,558,0.048253199584918714,1.0
842744d8c550a4b6.jpg,Fixed,336,336,1,57,0.0,11730.0,11172,558,0.0,0.0
842dc0509daf1b51.jpg,DRIP,336,336,3,59,1004.0,14289.0,11564,3729,0.0702638393169571,0.26924108340037545
842dc0509daf1b51.jpg,Fixed,336,336,3,57,374.0,14527.0,11172,3729,0.025745164177049633,0.10029498525073746
84475c6a6bacc361.jpg,DRIP,336,336,7,59,6228.0,24765.0,11564,19429,0.2514839491217444,0.32055175253487056
84475c6a6bacc361.jpg,Fixed,336,336,7,57,2341.0,28260.0,11172,19429,0.08283793347487615,0.12048998919141489
84a25e847e1063f6.jpg,DRIP,336,336,1,58,588.0,12529.0,11368,1749,0.046931119802059225,0.3361921097770154
84a25e847e1063f6.jpg,Fixed,336,336,1,57,168.0,12753.0,11172,1749,0.013173370971536109,0.09605488850771869
84c04e99e77283a2.jpg,DRIP,336,336,2,59,1033.0,15066.0,11564,4535,0.06856498075136068,0.22778390297684675
84c04e99e77283a2.jpg,Fixed,336,336,2,57,406.0,15301.0,11172,4535,0.0265342134501013,0.08952590959206175
85165e7af73ac806.jpg,DRIP,336,336,0,58,,,11368,0,,
85165e7af73ac806.jpg,Fixed,336,336,0,57,,,11172,0,,
85202715105cebc8.jpg,DRIP,336,336,1,59,742.0,12171.0,11564,1349,0.06096458795497494,0.5500370644922165
85202715105cebc8.jpg,Fixed,336,336,1,57,67.0,12454.0,11172,1349,0.0053797976553717685,0.04966641957005189
85340d8a02b36b7a.jpg,DRIP,336,336,6,59,6244.0,31402.0,11564,26082,0.19884083816317433,0.23939881910896404
85340d8a02b36b7a.jpg,Fixed,336,336,6,57,2401.0,34853.0,11172,26082,0.06888933520787306,0.09205582393988192
85575add4f29de8b.jpg,DRIP,336,336,7,58,2536.0,16342.0,11368,7510,0.15518296414147595,0.33768308921438084
85575add4f29de8b.jpg,Fixed,336,336,7,57,751.0,17931.0,11172,7510,0.041882772851486255,0.1
855d76c85603018d.jpg,DRIP,336,336,5,58,4749.0,26737.0,11368,20118,0.1776190298088791,0.23605726215329556
855d76c85603018d.jpg,Fixed,336,336,5,57,2017.0,29273.0,11172,20118,0.06890308475386875,0.10025847499751467
857a610c41ad3c8f.jpg,DRIP,336,336,1,58,816.0,11956.0,11368,1404,0.06825025092004015,0.5811965811965812
857a610c41ad3c8f.jpg,Fixed,336,336,1,57,24.0,12552.0,11172,1404,0.0019120458891013384,0.017094017094017096
857cae473e0914e7.jpg,DRIP,336,336,109,58,7282.0,71280.0,11368,67194,0.1021604938271605,0.10837277137839688
857cae473e0914e7.jpg,Fixed,336,336,109,57,6578.0,71788.0,11172,67194,0.09163091324455341,0.09789564544453373
85a0f0fb10454a48.jpg,DRIP,336,336,1,59,1419.0,11788.0,11564,1643,0.12037665422463523,0.8636640292148509
85a0f0fb10454a48.jpg,Fixed,336,336,1,57,196.0,12619.0,11172,1643,0.015532134083524843,0.11929397443700548
85c6ced818673304.jpg,DRIP,336,336,2,58,1027.0,11932.0,11368,1591,0.0860710693932283,0.6455059710873664
85c6ced818673304.jpg,Fixed,336,336,2,57,206.0,12557.0,11172,1591,0.01640519232300709,0.12947831552482716
85cbb7667b273c8d.jpg,DRIP,336,336,3,59,3682.0,24041.0,11564,16159,0.15315502682916685,0.22786063494028097
85cbb7667b273c8d.jpg,Fixed,336,336,3,57,1630.0,25701.0,11172,16159,0.06342165674487374,0.10087257874868494
85f29c68a4452628.jpg,DRIP,336,336,0,59,,,11564,0,,
85f29c68a4452628.jpg,Fixed,336,336,0,57,,,11172,0,,
860f181979485dd6.jpg,DRIP,336,336,0,58,,,11368,0,,
860f181979485dd6.jpg,Fixed,336,336,0,57,,,11172,0,,
861126230d7ab63f.jpg,DRIP,336,336,0,58,,,11368,0,,
861126230d7ab63f.jpg,Fixed,336,336,0,57,,,11172,0,,
86293dad3b4edab2.jpg,DRIP,336,336,1,59,588.0,12701.0,11564,1725,0.046295567278167075,0.3408695652173913
86293dad3b4edab2.jpg,Fixed,336,336,1,57,145.0,12752.0,11172,1725,0.011370765370138017,0.08405797101449275
86799f776598382b.jpg,DRIP,336,336,1,58,694.0,11617.0,11368,943,0.05974003615391237,0.735949098621421
86799f776598382b.jpg,Fixed,336,336,1,57,14.0,12101.0,11172,943,0.0011569291794066607,0.014846235418875928
868372cd0601c4f3.jpg,DRIP,336,336,9,59,635.0,15803.0,11564,4874,0.04018224387774473,0.13028313500205171
868372cd0601c4f3.jpg,Fixed,336,336,9,57,574.0,15472.0,11172,4874,0.037099276111685627,0.11776774723020107
86856a39764d24ee.jpg,DRIP,336,336,2,58,0.0,12724.0,11368,1356,0.0,0.0
86856a39764d24ee.jpg,Fixed,336,336,2,57,140.0,12388.0,11172,1356,0.011301259283177269,0.10324483775811209
869e952825ebc285.jpg,DRIP,336,336,10,59,645.0,16322.0,11564,5403,0.039517216027447614,0.11937812326485286
869e952825ebc285.jpg,Fixed,336,336,10,57,451.0,16124.0,11172,5403,0.027970726866782435,0.08347214510457153
86c4adf1b1f0e35d.jpg,DRIP,336,336,7,58,4186.0,31727.0,11368,24545,0.131938096889085,0.17054389896109187
86c4adf1b1f0e35d.jpg,Fixed,336,336,7,57,2264.0,33453.0,11172,24545,0.06767703942845185,0.09223874516194744
86dcf1f1b71f5e62.jpg,DRIP,336,336,25,59,3425.0,30429.0,11564,22290,0.11255710013473989,0.15365634813817855
86dcf1f1b71f5e62.jpg,Fixed,336,336,25,57,2226.0,31236.0,11172,22290,0.07126392623895506,0.09986541049798116
86de2feb5c1e43e9.jpg,DRIP,336,336,5,59,2619.0,16162.0,11564,7217,0.16204677638906076,0.36289316890674794
86de2feb5c1e43e9.jpg,Fixed,336,336,5,57,854.0,17535.0,11172,7217,0.048702594810379245,0.11833171677982542
86f392271e0c8866.jpg,DRIP,336,336,1,58,8512.0,77325.0,11368,74469,0.11008082767539605,0.11430259571096697
86f392271e0c8866.jpg,Fixed,336,336,1,57,7144.0,78497.0,11172,74469,0.09100984751009593,0.09593253568599014
86fd4b9632b36493.jpg,DRIP,336,336,17,59,2039.0,25168.0,11564,15643,0.08101557533375715,0.13034584159048776
86fd4b9632b36493.jpg,Fixed,336,336,17,57,1441.0,25374.0,11172,15643,0.05679041538582801,0.09211788020200729
8722d2986cbe54c2.jpg,DRIP,336,336,1,58,246.0,11603.0,11368,481,0.02120141342756184,0.5114345114345115
8722d2986cbe54c2.jpg,Fixed,336,336,1,57,70.0,11583.0,11172,481,0.00604333937667271,0.14553014553014554
8736dac667e8caa5.jpg,DRIP,336,336,96,58,3741.0,45310.0,11368,37683,0.08256455528580887,0.09927553538730993
8736dac667e8caa5.jpg,Fixed,336,336,96,57,3448.0,45407.0,11172,37683,0.07593542845816724,0.09150014595440915
873ee1c438bdc7e6.jpg,DRIP,336,336,7,59,1054.0,14890.0,11564,4380,0.07078576225654802,0.2406392694063927
873ee1c438bdc7e6.jpg,Fixed,336,336,7,57,575.0,14977.0,11172,4380,0.038392201375442345,0.1312785388127854
875cfc6a45699a0b.jpg,DRIP,336,336,0,58,,,11368,0,,
875cfc6a45699a0b.jpg,Fixed,336,336,0,57,,,11172,0,,
8765595053085d54.jpg,DRIP,336,336,1,59,0.0,14149.0,11564,2585,0.0,0.0
8765595053085d54.jpg,Fixed,336,336,1,57,448.0,13309.0,11172,2585,0.03366143211360733,0.17330754352030947
876897ccd1143950.jpg,DRIP,336,336,0,59,,,11564,0,,
876897ccd1143950.jpg,Fixed,336,336,0,57,,,11172,0,,
87a130cc71375751.jpg,DRIP,336,336,16,59,1707.0,16260.0,11564,6403,0.10498154981549815,0.2665937841636733
87a130cc71375751.jpg,Fixed,336,336,16,57,624.0,16951.0,11172,6403,0.03681198749336322,0.09745431828830235
87a65e01d3bb7278.jpg,DRIP,336,336,4,59,3864.0,20529.0,11564,12829,0.18822154026011984,0.3011926104918544
87a65e01d3bb7278.jpg,Fixed,336,336,4,57,1386.0,22615.0,11172,12829,0.061286756577492815,0.10803647985033908
87b83cbdade3ab4d.jpg,DRIP,336,336,2,59,238.0,12646.0,11564,1320,0.018820180294164164,0.1803030303030303
87b83cbdade3ab4d.jpg,Fixed,336,336,2,57,98.0,12394.0,11172,1320,0.007907051799257705,0.07424242424242425
87c5b9b8eb339c17.jpg,DRIP,336,336,1,59,1092.0,12792.0,11564,2320,0.08536585365853659,0.4706896551724138
87c5b9b8eb339c17.jpg,Fixed,336,336,1,57,352.0,13140.0,11172,2320,0.026788432267884323,0.15172413793103448
87cc4bb89802d049.jpg,DRIP,336,336,0,59,,,11564,0,,
87cc4bb89802d049.jpg,Fixed,336,336,0,57,,,11172,0,,
8808ca873bf70550.jpg,DRIP,336,336,7,58,3378.0,36616.0,11368,28626,0.09225475202097444,0.1180046111926221
8808ca873bf70550.jpg,Fixed,336,336,7,57,2758.0,37040.0,11172,28626,0.07446004319654427,0.09634597917976664
882727f6f1ec6ec8.jpg,DRIP,336,336,3,59,3290.0,14503.0,11564,6229,0.22684961732055436,0.5281746668807192
882727f6f1ec6ec8.jpg,Fixed,336,336,3,57,462.0,16939.0,11172,6229,0.02727433732805951,0.07416920854069674
883e1b8ce96b712e.jpg,DRIP,336,336,4,59,944.0,15799.0,11564,5179,0.05975061712766631,0.1822745703803823
883e1b8ce96b712e.jpg,Fixed,336,336,4,57,728.0,15623.0,11172,5179,0.04659796453946105,0.14056767715775245
88525c8656348be6.jpg,DRIP,336,336,3,59,926.0,15101.0,11564,4463,0.06132044235481094,0.2074837553215326
88525c8656348be6.jpg,Fixed,336,336,3,57,242.0,15393.0,11172,4463,0.015721431819658287,0.054223616401523636
885268cde91c955c.jpg,DRIP,336,336,3,59,550.0,11820.0,11564,806,0.046531302876480544,0.6823821339950372
885268cde91c955c.jpg,Fixed,336,336,3,57,34.0,11944.0,11172,806,0.0028466175485599462,0.04218362282878412
8860429283cf5c63.jpg,DRIP,336,336,2,58,1460.0,12215.0,11368,2307,0.11952517396643471,0.6328565236237538
8860429283cf5c63.jpg,Fixed,336,336,2,57,296.0,13183.0,11172,2307,0.02245315937191838,0.1283051582141309
886ced65b4959bf5.jpg,DRIP,336,336,4,59,2450.0,16414.0,11564,7300,0.1492628244181796,0.3356164383561644
886ced65b4959bf5.jpg,Fixed,336,336,4,57,581.0,17891.0,11172,7300,0.0324744284835951,0.0795890410958904
886e9e565b3a6eee.jpg,DRIP,336,336,4,59,404.0,13669.0,11564,2509,0.02955592947545541,0.16102032682343564
886e9e565b3a6eee.jpg,Fixed,336,336,4,57,419.0,13262.0,11172,2509,0.03159402805006786,0.16699880430450378
88704dd3f8399f4f.jpg,DRIP,336,336,6,58,4638.0,26772.0,11368,20042,0.17324069923800986,0.23141403053587467
88704dd3f8399f4f.jpg,Fixed,336,336,6,57,2376.0,28838.0,11172,20042,0.08239128927110063,0.11855104281009879
8873733d2c6195d9.jpg,DRIP,336,336,1,58,0.0,11773.0,11368,405,0.0,0.0
8873733d2c6195d9.jpg,Fixed,336,336,1,57,100.0,11477.0,11172,405,0.008713078330574192,0.24691358024691357
887bfd79f29a3fcb.jpg,DRIP,336,336,1,58,4060.0,15503.0,11368,8195,0.2618847964910017,0.49542403904820015
887bfd79f29a3fcb.jpg,Fixed,336,336,1,57,882.0,18485.0,11172,8195,0.04771436299702461,0.10762660158633312
88862c0e1ee73585.jpg,DRIP,336,336,3,59,1209.0,13095.0,11564,2740,0.09232531500572738,0.44124087591240874
88862c0e1ee73585.jpg,Fixed,336,336,3,57,331.0,13581.0,11172,2740,0.024372284809660555,0.1208029197080292
8897e87eba020dc4.jpg,DRIP,336,336,0,59,,,11564,0,,
8897e87eba020dc4.jpg,Fixed,336,336,0,57,,,11172,0,,
88e2c120ffc53381.jpg,DRIP,336,336,2,59,2918.0,14665.0,11564,6019,0.19897715649505626,0.484798139225785
88e2c120ffc53381.jpg,Fixed,336,336,2,57,700.0,16491.0,11172,6019,0.04244739554908738,0.11629838843661738
88f2513697fe0986.jpg,DRIP,336,336,3,58,2939.0,18743.0,11368,10314,0.15680520727738356,0.28495249175877446
88f2513697fe0986.jpg,Fixed,336,336,3,57,1120.0,20366.0,11172,10314,0.054993616812334285,0.10859026565832848
88f4ce44737175a4.jpg,DRIP,336,336,1,58,2226.0,17031.0,11368,7889,0.13070283600493218,0.2821650399290151
88f4ce44737175a4.jpg,Fixed,336,336,1,57,826.0,18235.0,11172,7889,0.04529750479846449,0.10470275066548358
892d6f84f71e4a97.jpg,DRIP,336,336,1,59,1860.0,12317.0,11564,2613,0.15101079808394902,0.711825487944891
892d6f84f71e4a97.jpg,Fixed,336,336,1,57,280.0,13505.0,11172,2613,0.02073306182895224,0.10715652506697283
893d9abd60abca2f.jpg,DRIP,336,336,0,59,,,11564,0,,
893d9abd60abca2f.jpg,Fixed,336,336,0,57,,,11172,0,,
8948be040946c0b8.jpg,DRIP,336,336,19,59,4612.0,27294.0,11564,20342,0.1689748662709753,0.22672303608298103
8948be040946c0b8.jpg,Fixed,336,336,19,57,1616.0,29898.0,11172,20342,0.05405043815639842,0.07944154950349032
895a8b2cf8263382.jpg,DRIP,336,336,1,58,0.0,12097.0,11368,729,0.0,0.0
895a8b2cf8263382.jpg,Fixed,336,336,1,57,8.0,11893.0,11172,729,0.0006726645926175061,0.010973936899862825
8970f545a5ceb8de.jpg,DRIP,336,336,0,59,,,11564,0,,
8970f545a5ceb8de.jpg,Fixed,336,336,0,57,,,11172,0,,
898bc9291f38a4ec.jpg,DRIP,336,336,0,58,,,11368,0,,
898bc9291f38a4ec.jpg,Fixed,336,336,0,57,,,11172,0,,
8999410486fed918.jpg,DRIP,336,336,3,59,400.0,13133.0,11564,1969,0.0304576258280667,0.2031488065007618
8999410486fed918.jpg,Fixed,336,336,3,57,322.0,12819.0,11172,1969,0.025118964037756455,0.16353478923311326
89d1211e69c867b9.jpg,DRIP,336,336,9,59,4681.0,27525.0,11564,20642,0.17006357856494098,0.22677066175758162
89d1211e69c867b9.jpg,Fixed,336,336,9,57,2030.0,29784.0,11172,20642,0.06815739994627988,0.09834318380001938
89d9552a610e6a67.jpg,DRIP,336,336,3,58,238.0,13063.0,11368,1933,0.01821939830054352,0.12312467666839111
89d9552a610e6a67.jpg,Fixed,336,336,3,57,84.0,13021.0,11172,1933,0.006451117425696951,0.04345576823590274
89fbd8dd5560dfce.jpg,DRIP,336,336,13,59,3565.0,29455.0,11564,21456,0.1210320828382278,0.16615398956002983
89fbd8dd5560dfce.jpg,Fixed,336,336,13,57,2296.0,30332.0,11172,21456,0.07569563497296584,0.1070096942580164
8a0f072b70206a27.jpg,DRIP,336,336,9,59,4648.0,20284.0,11564,13368,0.22914612502464998,0.3476959904248953
8a0f072b70206a27.jpg,Fixed,336,336,9,57,1374.0,23166.0,11172,13368,0.05931105931105931,0.10278276481149012
8a80719844e402c4.jpg,DRIP,336,336,9,58,2156.0,20783.0,11368,11571,0.10373863253620748,0.18632788868723532
8a80719844e402c4.jpg,Fixed,336,336,9,57,888.0,21855.0,11172,11571,0.04063143445435827,0.07674358309567021
8abcb6a037ed0ba5.jpg,DRIP,336,336,0,58,,,11368,0,,
8abcb6a037ed0ba5.jpg,Fixed,336,336,0,57,,,11172,0,,
8ac2480ef3e92c96.jpg,DRIP,336,336,4,59,2974.0,17471.0,11564,8881,0.1702249441932345,0.33487219907668053
8ac2480ef3e92c96.jpg,Fixed,336,336,4,57,796.0,19257.0,11172,8881,0.04133561821675235,0.08962954622227226
8b16ed46dd0e0291.jpg,DRIP,336,336,0,59,,,11564,0,,
8b16ed46dd0e0291.jpg,Fixed,336,336,0,57,,,11172,0,,
8b17986e8453934f.jpg,DRIP,336,336,7,59,2820.0,16339.0,11564,7595,0.17259318195728013,0.37129690585911784
8b17986e8453934f.jpg,Fixed,336,336,7,57,571.0,18196.0,11172,7595,0.03138052319191031,0.07518104015799869
8b18730da2ae509d.jpg,DRIP,336,336,1,58,112.0,11575.0,11368,319,0.009676025917926566,0.3510971786833856
8b18730da2ae509d.jpg,Fixed,336,336,1,57,0.0,11491.0,11172,319,0.0,0.0
8b3628a43cf6f668.jpg,DRIP,336,336,3,59,1118.0,13166.0,11564,2720,0.0849156919337688,0.41102941176470587
8b3628a43cf6f668.jpg,Fixed,336,336,3,57,266.0,13626.0,11172,2720,0.019521503008953472,0.09779411764705882
8b3e34ce484cd24d.jpg,DRIP,336,336,1,59,3444.0,19436.0,11564,11316,0.1771969541057831,0.30434782608695654
8b3e34ce484cd24d.jpg,Fixed,336,336,1,57,896.0,21592.0,11172,11316,0.041496850685439055,0.07917992223400495
8b68e3febcc65648.jpg,DRIP,336,336,10,59,5726.0,35494.0,11564,29656,0.16132304051388968,0.19308065821418938
8b68e3febcc65648.jpg,Fixed,336,336,10,57,2524.0,38304.0,11172,29656,0.06589390142021721,0.08510925276503911
8b6d1f308dd2769c.jpg,DRIP,336,336,1,58,826.0,21614.0,11368,11072,0.038215971129823265,0.07460260115606937
8b6d1f308dd2769c.jpg,Fixed,336,336,1,57,896.0,21348.0,11172,11072,0.04197114483792393,0.08092485549132948
8b885fdb609fda16.jpg,DRIP,336,336,0,59,,,11564,0,,
8b885fdb609fda16.jpg,Fixed,336,336,0,57,,,11172,0,,
8b96da3d0bf836c1.jpg,DRIP,336,336,1,59,948.0,12548.0,11564,1932,0.07554988842843481,0.4906832298136646
8b96da3d0bf836c1.jpg,Fixed,336,336,1,57,294.0,12810.0,11172,1932,0.022950819672131147,0.15217391304347827
8bb8ecbd65b3e2ae.jpg,DRIP,336,336,1,59,480.0,11788.0,11564,704,0.04071937563624024,0.6818181818181818
8bb8ecbd65b3e2ae.jpg,Fixed,336,336,1,57,196.0,11680.0,11172,704,0.01678082191780822,0.2784090909090909
8bd349d5e4a5f155.jpg,DRIP,336,336,1,58,326.0,12011.0,11368,969,0.027141786695529097,0.3364293085655315
8bd349d5e4a5f155.jpg,Fixed,336,336,1,57,48.0,12093.0,11172,969,0.003969238402381543,0.04953560371517028
8bd41185d7ba6f86.jpg,DRIP,336,336,3,59,2114.0,17977.0,11564,8527,0.11759470434444012,0.24791837692037058
8bd41185d7ba6f86.jpg,Fixed,336,336,3,57,690.0,19009.0,11172,8527,0.03629859540217792,0.08091943239122787
8bf4242cb2938ec4.jpg,DRIP,336,336,6,59,1486.0,27503.0,11564,17425,0.05403046940333782,0.08527977044476327
8bf4242cb2938ec4.jpg,Fixed,336,336,6,57,1603.0,26994.0,11172,17425,0.05938356671853005,0.09199426111908178
8c14ba5d19e23020.jpg,DRIP,336,336,3,58,966.0,16029.0,11368,5627,0.060265768294965376,0.17167229429536165
8c14ba5d19e23020.jpg,Fixed,336,336,3,57,1066.0,15733.0,11172,5627,0.06775567278967774,0.18944375333214858
8c2d5e811335f70e.jpg,DRIP,336,336,0,59,,,11564,0,,
8c2d5e811335f70e.jpg,Fixed,336,336,0,57,,,11172,0,,
8c7f0f3cb77d9a96.jpg,DRIP,336,336,9,58,2600.0,20537.0,11368,11769,0.12660076934313677,0.22091936443198232
8c7f0f3cb77d9a96.jpg,Fixed,336,336,9,57,1084.0,21857.0,11172,11769,0.04959509539278034,0.09210638117087264
8c978b60b1b5ae45.jpg,DRIP,336,336,4,58,691.0,14392.0,11368,3715,0.048012784880489164,0.18600269179004036
8c978b60b1b5ae45.jpg,Fixed,336,336,4,57,427.0,14460.0,11172,3715,0.029529737206085753,0.11493943472409152
8c9f3f4497d6f094.jpg,DRIP,336,336,0,58,,,11368,0,,
8c9f3f4497d6f094.jpg,Fixed,336,336,0,57,,,11172,0,,
8cbd7005380d7ff4.jpg,DRIP,336,336,1,58,1204.0,12075.0,11368,1911,0.09971014492753623,0.63003663003663
8cbd7005380d7ff4.jpg,Fixed,336,336,1,57,77.0,13006.0,11172,1911,0.005920344456404736,0.040293040293040296
8cc379dbe56621ee.jpg,DRIP,336,336,3,59,952.0,15049.0,11564,4437,0.06326001727689548,0.21455938697318008
8cc379dbe56621ee.jpg,Fixed,336,336,3,57,280.0,15329.0,11172,4437,0.018266031704612173,0.06310570205093531
8cd086f9d7f21a2a.jpg,DRIP,336,336,2,59,616.0,12866.0,11564,1918,0.04787812840043525,0.32116788321167883
8cd086f9d7f21a2a.jpg,Fixed,336,336,2,57,244.0,12846.0,11172,1918,0.018994239451969486,0.12721584984358708
8cd5c75d45ef6d1c.jpg,DRIP,336,336,9,59,4050.0,25923.0,11564,18409,0.15623191760212937,0.22000108642511815
8cd5c75d45ef6d1c.jpg,Fixed,336,336,9,57,1813.0,27768.0,11172,18409,0.06529098242581388,0.09848443696018253
8ced208689f6bc1e.jpg,DRIP,336,336,7,59,3214.0,25939.0,11564,17589,0.12390608735880335,0.18272784126442662
8ced208689f6bc1e.jpg,Fixed,336,336,7,57,1565.0,27196.0,11172,17589,0.0575452272392999,0.08897606458582068
8cf28803cc5df381.jpg,DRIP,336,336,0,59,,,11564,0,,
8cf28803cc5df381.jpg,Fixed,336,336,0,57,,,11172,0,,
8cf5bb178a625922.jpg,DRIP,336,336,3,58,375.0,13036.0,11368,2043,0.02876649278919914,0.18355359765051396
8cf5bb178a625922.jpg,Fixed,336,336,3,57,143.0,13072.0,11172,2043,0.010939412484700123,0.06999510523739598
8cfd3916eac85404.jpg,DRIP,336,336,1,58,0.0,12167.0,11368,799,0.0,0.0
8cfd3916eac85404.jpg,Fixed,336,336,1,57,154.0,11817.0,11172,799,0.013032072438013033,0.1927409261576971
8cff6e048cfc3aec.jpg,DRIP,336,336,3,58,2660.0,17114.0,11368,8406,0.15542830431225896,0.3164406376397811
8cff6e048cfc3aec.jpg,Fixed,336,336,3,57,1022.0,18556.0,11172,8406,0.05507652511317094,0.12157982393528433
8d0dc9e4192e42a7.jpg,DRIP,336,336,2,58,156.0,12364.0,11368,1152,0.012617275962471692,0.13541666666666666
8d0dc9e4192e42a7.jpg,Fixed,336,336,2,57,162.0,12162.0,11172,1152,0.013320177602368031,0.140625
8d21320badc9b703.jpg,DRIP,336,336,0,58,,,11368,0,,
8d21320badc9b703.jpg,Fixed,336,336,0,57,,,11172,0,,
8d25f4f5651d7151.jpg,DRIP,336,336,5,58,4553.0,29780.0,11368,22965,0.15288784419073204,0.1982582190289571
8d25f4f5651d7151.jpg,Fixed,336,336,5,57,2183.0,31954.0,11172,22965,0.06831695562370908,0.09505769649466579
8d4a4c833f93e4d9.jpg,DRIP,336,336,1,59,868.0,12631.0,11564,1935,0.06871981632491489,0.44857881136950906
8d4a4c833f93e4d9.jpg,Fixed,336,336,1,57,196.0,12911.0,11172,1935,0.015180853535744714,0.10129198966408269
8d5b7d3c09a447a2.jpg,DRIP,336,336,10,59,3984.0,23099.0,11564,15519,0.17247499891770207,0.2567175720085057
8d5b7d3c09a447a2.jpg,Fixed,336,336,10,57,1490.0,25201.0,11172,15519,0.059124637911194,0.09601134093691605
8d61fa3a5520e350.jpg,DRIP,336,336,0,59,,,11564,0,,
8d61fa3a5520e350.jpg,Fixed,336,336,0,57,,,11172,0,,
8d6990a01efd059a.jpg,DRIP,336,336,4,59,530.0,16227.0,11564,5193,0.032661613360448635,0.10206046601193915
8d6990a01efd059a.jpg,Fixed,336,336,4,57,642.0,15723.0,11172,5193,0.04083190230871971,0.12362796071634893
8d69bf28a03c73b8.jpg,DRIP,336,336,0,59,,,11564,0,,
8d69bf28a03c73b8.jpg,Fixed,336,336,0,57,,,11172,0,,
8d9a8547825d645e.jpg,DRIP,336,336,7,58,4964.0,33052.0,11368,26648,0.1501875832022268,0.18628039627739418
8d9a8547825d645e.jpg,Fixed,336,336,7,57,2492.0,35328.0,11172,26648,0.07053894927536232,0.09351546082257581
8da1859227014a72.jpg,DRIP,336,336,11,59,2513.0,19691.0,11564,10640,0.12762175613224316,0.2361842105263158
8da1859227014a72.jpg,Fixed,336,336,11,57,914.0,20898.0,11172,10640,0.043736242702650974,0.08590225563909774
8db8d42a45bb2041.jpg,DRIP,336,336,0,59,,,11564,0,,
8db8d42a45bb2041.jpg,Fixed,336,336,0,57,,,11172,0,,
8dc903eeab115200.jpg,DRIP,336,336,4,59,1411.0,15052.0,11564,4899,0.0937416954557534,0.28801796284956116
8dc903eeab115200.jpg,Fixed,336,336,4,57,784.0,15287.0,11172,4899,0.05128540590043828,0.1600326597264748
8ddb8e440d06d296.jpg,DRIP,336,336,2,59,1311.0,13086.0,11564,2833,0.10018340210912426,0.4627603247440875
8ddb8e440d06d296.jpg,Fixed,336,336,2,57,420.0,13585.0,11172,2833,0.030916451969083547,0.1482527356159548
8de8a2b786a447c3.jpg,DRIP,336,336,12,59,3577.0,25862.0,11564,17875,0.13831103549609466,0.20011188811188813
8de8a2b786a447c3.jpg,Fixed,336,336,12,57,1808.0,27239.0,11172,17875,0.06637541759976505,0.10114685314685315
8dfc63d1a6836744.jpg,DRIP,336,336,13,59,2153.0,19681.0,11564,10270,0.10939484782277323,0.20963972736124634
8dfc63d1a6836744.jpg,Fixed,336,336,13,57,743.0,20699.0,11172,10270,0.03589545388666119,0.07234664070107108
8e257482d86e2ece.jpg,DRIP,336,336,2,58,1430.0,12038.0,11368,2100,0.11879049676025918,0.680952380952381
8e257482d86e2ece.jpg,Fixed,336,336,2,57,349.0,12923.0,11172,2100,0.027006113131625785,0.1661904761904762
8e527bbeafa2d865.jpg,DRIP,336,336,1,59,9240.0,64148.0,11564,61824,0.14404190309908338,0.14945652173913043
8e527bbeafa2d865.jpg,Fixed,336,336,1,57,6132.0,66864.0,11172,61824,0.09170854271356783,0.09918478260869565
8e5c22ac37a5c26c.jpg,DRIP,336,336,15,58,1969.0,30012.0,11368,20613,0.06560709049713448,0.09552224324455441
8e5c22ac37a5c26c.jpg,Fixed,336,336,15,57,1664.0,30121.0,11172,20613,0.05524384980578334,0.0807257555911318
8e6a1dfce13b6b2a.jpg,DRIP,336,336,2,59,928.0,12497.0,11564,1861,0.07425782187725054,0.4986566362170876
8e6a1dfce13b6b2a.jpg,Fixed,336,336,2,57,252.0,12781.0,11172,1861,0.019716767076128627,0.1354110693175712
8e767faa989e366d.jpg,DRIP,336,336,2,59,3836.0,47002.0,11564,39274,0.08161354835964427,0.0976727606049804
8e767faa989e366d.jpg,Fixed,336,336,2,57,3774.0,46672.0,11172,39274,0.08086218717860816,0.09609410806131283
8e8a88dd5b2886d8.jpg,DRIP,336,336,0,58,,,11368,0,,
8e8a88dd5b2886d8.jpg,Fixed,336,336,0,57,,,11172,0,,
8ece4ea8f823d818.jpg,DRIP,336,336,2,58,1358.0,12311.0,11368,2301,0.11030785476403217,0.5901781833985223
8ece4ea8f823d818.jpg,Fixed,336,336,2,57,111.0,13362.0,11172,2301,0.00830713964975303,0.048239895697522815
8ed06c0fbde83a3a.jpg,DRIP,336,336,30,58,3304.0,42907.0,11368,34843,0.07700375230148927,0.09482535946962087
8ed06c0fbde83a3a.jpg,Fixed,336,336,30,57,3544.0,42471.0,11172,34843,0.08344517435426527,0.10171340010906064
8ed1bb755e9a3f8b.jpg,DRIP,336,336,0,58,,,11368,0,,
8ed1bb755e9a3f8b.jpg,Fixed,336,336,0,57,,,11172,0,,
8edadd53790a464a.jpg,DRIP,336,336,4,59,8182.0,55595.0,11564,52213,0.1471715082291573,0.1567042690517687
8edadd53790a464a.jpg,Fixed,336,336,4,57,4682.0,58703.0,11172,52213,0.07975742295964432,0.08967115469327562
8ef76d6dde9bf612.jpg,DRIP,336,336,24,58,4058.0,42198.0,11368,34888,0.09616569505663776,0.1163150653519835
8ef76d6dde9bf612.jpg,Fixed,336,336,24,57,3388.0,42672.0,11172,34888,0.07939632545931759,0.0971107544141252
8f255fcf31f22e34.jpg,DRIP,336,336,4,59,2864.0,23686.0,11564,14986,0.1209153086211264,0.1911117042573068
8f255fcf31f22e34.jpg,Fixed,336,336,4,57,1497.0,24661.0,11172,14986,0.06070313450387251,0.09989323368477246
8f4ac02ff9b45bdf.jpg,DRIP,336,336,5,58,1021.0,14214.0,11368,3867,0.07183058955958914,0.2640289630204293
8f4ac02ff9b45bdf.jpg,Fixed,336,336,5,57,151.0,14888.0,11172,3867,0.010142396560988715,0.03904835790018102
8f57ce71836fef2d.jpg,DRIP,336,336,3,58,771.0,11907.0,11368,1310,0.06475182665658856,0.5885496183206107
8f57ce71836fef2d.jpg,Fixed,336,336,3,57,42.0,12440.0,11172,1310,0.0033762057877813503,0.03206106870229008
8f8c2a1686072e8a.jpg,DRIP,336,336,13,58,4884.0,29251.0,11368,22767,0.1669686506444224,0.21452101726182632
8f8c2a1686072e8a.jpg,Fixed,336,336,13,57,2074.0,31865.0,11172,22767,0.06508708614467283,0.0910967628585233
8fe207f360cc8161.jpg,DRIP,336,336,1,58,1380.0,13391.0,11368,3403,0.10305429019490703,0.40552453717308257
8fe207f360cc8161.jpg,Fixed,336,336,1,57,392.0,14183.0,11172,3403,0.027638722414157796,0.11519247722597709
8fe66ea8c7e2a60e.jpg,DRIP,336,336,45,58,2880.0,38789.0,11368,30301,0.07424785377297688,0.09504636810666314
8fe66ea8c7e2a60e.jpg,Fixed,336,336,45,57,3212.0,38261.0,11172,30301,0.08394971380779384,0.10600310220784792
8ff45a7751923320.jpg,DRIP,336,336,7,59,4588.0,54459.0,11564,47483,0.08424686461374611,0.0966240549249205
8ff45a7751923320.jpg,Fixed,336,336,7,57,4968.0,53687.0,11172,47483,0.09253636820831859,0.10462691910789125
901b349a190211a6.jpg,DRIP,336,336,6,59,3354.0,15524.0,11564,7314,0.21605256377222365,0.4585726004922067
901b349a190211a6.jpg,Fixed,336,336,6,57,838.0,17648.0,11172,7314,0.047484134179510425,0.11457478807765928
901fbc393f9371fe.jpg,DRIP,336,336,0,59,,,11564,0,,
901fbc393f9371fe.jpg,Fixed,336,336,0,57,,,11172,0,,
903cfc24491d4976.jpg,DRIP,336,336,0,59,,,11564,0,,
903cfc24491d4976.jpg,Fixed,336,336,0,57,,,11172,0,,
9058691616d32a9d.jpg,DRIP,336,336,0,59,,,11564,0,,
9058691616d32a9d.jpg,Fixed,336,336,0,57,,,11172,0,,
9082d5a7cfb2baa7.jpg,DRIP,336,336,14,59,5194.0,26317.0,11564,19947,0.19736292130561994,0.26039003358901086
9082d5a7cfb2baa7.jpg,Fixed,336,336,14,57,1989.0,29130.0,11172,19947,0.0682801235839341,0.09971424274326966
90a0c9aa3574f883.jpg,DRIP,336,336,0,58,,,11368,0,,
90a0c9aa3574f883.jpg,Fixed,336,336,0,57,,,11172,0,,
90ca854541e275bf.jpg,DRIP,336,336,0,59,,,11564,0,,
90ca854541e275bf.jpg,Fixed,336,336,0,57,,,11172,0,,
90db11cd7de11f9e.jpg,DRIP,336,336,1,59,0.0,12431.0,11564,867,0.0,0.0
90db11cd7de11f9e.jpg,Fixed,336,336,1,57,45.0,11994.0,11172,867,0.0037518759379689846,0.05190311418685121
90f8639319d3a7e4.jpg,DRIP,336,336,2,58,518.0,12077.0,11368,1227,0.04289144655129585,0.4221678891605542
90f8639319d3a7e4.jpg,Fixed,336,336,2,57,54.0,12345.0,11172,1227,0.004374240583232078,0.044009779951100246
91295ca3c35a54cd.jpg,DRIP,336,336,0,59,,,11564,0,,
91295ca3c35a54cd.jpg,Fixed,336,336,0,57,,,11172,0,,
9137817ca747e7ae.jpg,DRIP,336,336,1,59,1704.0,13796.0,11564,3936,0.12351406204697013,0.4329268292682927
9137817ca747e7ae.jpg,Fixed,336,336,1,57,336.0,14772.0,11172,3936,0.022745735174654752,0.08536585365853659
9137c587273b1c0f.jpg,DRIP,336,336,3,58,2526.0,13950.0,11368,5108,0.1810752688172043,0.49451840250587314
9137c587273b1c0f.jpg,Fixed,336,336,3,57,610.0,15670.0,11172,5108,0.0389278876834716,0.11942051683633516
913bcca774e2bbc2.jpg,DRIP,336,336,3,59,2100.0,20425.0,11564,10961,0.10281517747858017,0.19158835872639357
913bcca774e2bbc2.jpg,Fixed,336,336,3,57,1280.0,20853.0,11172,10961,0.06138205533975927,0.1167776662713256
913e3a07448f61d4.jpg,DRIP,336,336,5,59,1273.0,13508.0,11564,3217,0.09424045010364229,0.3957102890892136
913e3a07448f61d4.jpg,Fixed,336,336,5,57,249.0,14140.0,11172,3217,0.01760961810466761,0.07740130556419024
913f30d7365660d1.jpg,DRIP,336,336,4,59,1000.0,13008.0,11564,2444,0.07687576875768758,0.40916530278232405
913f30d7365660d1.jpg,Fixed,336,336,4,57,282.0,13334.0,11172,2444,0.021148942552872356,0.11538461538461539
914ccc612352581c.jpg,DRIP,336,336,3,59,2013.0,19655.0,11564,10104,0.10241668786568303,0.19922802850356294
914ccc612352581c.jpg,Fixed,336,336,3,57,868.0,20408.0,11172,10104,0.042532340258722066,0.08590657165479018
9152949a52506c35.jpg,DRIP,336,336,0,58,,,11368,0,,
9152949a52506c35.jpg,Fixed,336,336,0,57,,,11172,0,,
91c56a3e4729344a.jpg,DRIP,336,336,1,58,1496.0,11717.0,11368,1845,0.1276777332081591,0.810840108401084
91c56a3e4729344a.jpg,Fixed,336,336,1,57,238.0,12779.0,11172,1845,0.018624305501212926,0.12899728997289972
91ca5899f70666a6.jpg,DRIP,336,336,6,59,4424.0,17886.0,11564,10746,0.24734429162473442,0.4116880699795273
91ca5899f70666a6.jpg,Fixed,336,336,6,57,1128.0,20790.0,11172,10746,0.05425685425685426,0.10496929089893914
91f383e314227712.jpg,DRIP,336,336,12,59,2126.0,27216.0,11564,17778,0.07811581422692533,0.11958600517493531
91f383e314227712.jpg,Fixed,336,336,12,57,1871.0,27079.0,11172,17778,0.0690941319841944,0.10524243446956913
9218c5a41010b6b3.jpg,DRIP,336,336,1,58,102.0,11721.0,11368,455,0.008702329152802661,0.22417582417582418
9218c5a41010b6b3.jpg,Fixed,336,336,1,57,24.0,11603.0,11172,455,0.0020684305782987158,0.05274725274725275
92195e2fe403a11f.jpg,DRIP,336,336,6,59,3976.0,19881.0,11564,12293,0.19998994014385593,0.32343610184657934
92195e2fe403a11f.jpg,Fixed,336,336,6,57,1327.0,22138.0,11172,12293,0.05994218086548017,0.10794761246237697
9263605410aee40c.jpg,DRIP,336,336,5,59,1504.0,16153.0,11564,6093,0.09310963907633257,0.24684063679632365
9263605410aee40c.jpg,Fixed,336,336,5,57,705.0,16560.0,11172,6093,0.042572463768115944,0.11570654849827672
9276c03a71bed858.jpg,DRIP,336,336,2,58,1238.0,12713.0,11368,2583,0.09738063399669629,0.47928765001935736
9276c03a71bed858.jpg,Fixed,336,336,2,57,252.0,13503.0,11172,2583,0.01866251944012442,0.0975609756097561
927895f465fd2bbf.jpg,DRIP,336,336,2,58,153.0,13396.0,11368,2181,0.011421319796954314,0.07015130674002751
927895f465fd2bbf.jpg,Fixed,336,336,2,57,83.0,13270.0,11172,2181,0.006254709871891484,0.0380559376432829
92839e8182b79c40.jpg,DRIP,336,336,0,58,,,11368,0,,
92839e8182b79c40.jpg,Fixed,336,336,0,57,,,11172,0,,
929914233691e992.jpg,DRIP,336,336,1,59,206.0,12093.0,11564,735,0.017034648143554123,0.2802721088435374
929914233691e992.jpg,Fixed,336,336,1,57,196.0,11711.0,11172,735,0.016736401673640166,0.26666666666666666
92d780f8273eb148.jpg,DRIP,336,336,2,59,1302.0,14697.0,11564,4435,0.08858950806286997,0.2935738444193912
92d780f8273eb148.jpg,Fixed,336,336,2,57,364.0,15243.0,11172,4435,0.02387981368497015,0.08207440811724916
92e3de591083a4b3.jpg,DRIP,336,336,0,59,,,11564,0,,
92e3de591083a4b3.jpg,Fixed,336,336,0,57,,,11172,0,,
92e578dd7e9dccd3.jpg,DRIP,336,336,3,59,3530.0,21739.0,11564,13705,0.16238097428584572,0.25757022984312294
92e578dd7e9dccd3.jpg,Fixed,336,336,3,57,1456.0,23421.0,11172,13705,0.06216643183467828,0.10623859905144108
9314103af729a4f9.jpg,DRIP,336,336,1,59,42.0,11841.0,11564,319,0.00354699771978718,0.13166144200626959
9314103af729a4f9.jpg,Fixed,336,336,1,57,112.0,11379.0,11172,319,0.00984269267949732,0.3510971786833856
931bb75b8740ae93.jpg,DRIP,336,336,8,58,8219.0,58196.0,11368,55047,0.14122963777579214,0.149308772503497
931bb75b8740ae93.jpg,Fixed,336,336,8,57,4804.0,61415.0,11172,55047,0.07822193275258488,0.0872708776136756
93455e24049a52b4.jpg,DRIP,336,336,3,58,,,11368,0,,
93455e24049a52b4.jpg,Fixed,336,336,3,57,,,11172,0,,
9360a6b1261f437c.jpg,DRIP,336,336,6,59,2831.0,12816.0,11564,4083,0.22089575530586766,0.6933627234876316
9360a6b1261f437c.jpg,Fixed,336,336,6,57,299.0,14956.0,11172,4083,0.019991976464295267,0.07323046779328925
939c8612c97e37cb.jpg,DRIP,336,336,0,58,,,11368,0,,
939c8612c97e37cb.jpg,Fixed,336,336,0,57,,,11172,0,,
93b42d46403459f0.jpg,DRIP,336,336,1,59,84.0,11909.0,11564,429,0.007053488957930977,0.1958041958041958
93b42d46403459f0.jpg,Fixed,336,336,1,57,84.0,11517.0,11172,429,0.0072935660328210476,0.1958041958041958
93b8aabad14ad618.jpg,DRIP,336,336,1,58,0.0,11957.0,11368,589,0.0,0.0
93b8aabad14ad618.jpg,Fixed,336,336,1,57,56.0,11705.0,11172,589,0.004784280222127296,0.09507640067911714
93d62ff716bf7a75.jpg,DRIP,336,336,11,58,4656.0,26362.0,11368,19650,0.1766178590395266,0.23694656488549617
93d62ff716bf7a75.jpg,Fixed,336,336,11,57,1951.0,28871.0,11172,19650,0.06757646080842368,0.09928753180661577
93e1be7a3784ed0c.jpg,DRIP,336,336,7,59,3033.0,30305.0,11564,21774,0.10008249463784855,0.1392945715073023
93e1be7a3784ed0c.jpg,Fixed,336,336,7,57,1985.0,30961.0,11172,21774,0.06411291624947514,0.09116377330761459
93e892daf76f8531.jpg,DRIP,336,336,11,59,4168.0,28801.0,11564,21405,0.14471719731953753,0.19472085961224014
93e892daf76f8531.jpg,Fixed,336,336,11,57,1994.0,30583.0,11172,21405,0.06519962070431286,0.09315580471852371
93ea3d883ebb9df8.jpg,DRIP,336,336,17,59,4591.0,30795.0,11564,23822,0.14908264328624776,0.1927210141885652
93ea3d883ebb9df8.jpg,Fixed,336,336,17,57,1621.0,33373.0,11172,23822,0.04857219908309112,0.06804634371589287
940024b12f59207d.jpg,DRIP,336,336,3,59,6426.0,32990.0,11564,27852,0.194786298878448,0.23071951744937527
940024b12f59207d.jpg,Fixed,336,336,3,57,3080.0,35944.0,11172,27852,0.08568884932116626,0.11058451816745656
940b438a08d0115b.jpg,DRIP,336,336,2,58,0.0,12660.0,11368,1292,0.0,0.0
940b438a08d0115b.jpg,Fixed,336,336,2,57,161.0,12303.0,11172,1292,0.013086239128667805,0.12461300309597523
940e5cb62545645c.jpg,DRIP,336,336,21,59,3276.0,23795.0,11564,15507,0.13767598234923303,0.21125943122460825
940e5cb62545645c.jpg,Fixed,336,336,21,57,1353.0,25326.0,11172,15507,0.053423359393508646,0.08725091893983362
941689c4421c17ef.jpg,DRIP,336,336,5,59,994.0,17963.0,11564,7393,0.05533596837944664,0.13445150818341675
941689c4421c17ef.jpg,Fixed,336,336,5,57,657.0,17908.0,11172,7393,0.03668751396024123,0.08886784796429055
9433af852c82ca07.jpg,DRIP,336,336,10,59,6104.0,63466.0,11564,58006,0.09617748085589134,0.10523049339723477
9433af852c82ca07.jpg,Fixed,336,336,10,57,5204.0,63974.0,11172,58006,0.08134554662831775,0.08971485708374996
9449b42424129d49.jpg,DRIP,336,336,0,59,,,11564,0,,
9449b42424129d49.jpg,Fixed,336,336,0,57,,,11172,0,,
94554e5a880089a8.jpg,DRIP,336,336,1,58,196.0,12117.0,11368,945,0.016175621028307337,0.2074074074074074
94554e5a880089a8.jpg,Fixed,336,336,1,57,182.0,11935.0,11172,945,0.015249266862170088,0.1925925925925926
9465a2acc11bce7d.jpg,DRIP,336,336,7,59,3735.0,19372.0,11564,11543,0.19280404707825727,0.3235727280602963
9465a2acc11bce7d.jpg,Fixed,336,336,7,57,1119.0,21596.0,11172,11543,0.05181515095388035,0.09694186953131768
9469e682447efc81.jpg,DRIP,336,336,2,58,2625.0,13342.0,11368,4599,0.1967471143756558,0.5707762557077626
9469e682447efc81.jpg,Fixed,336,336,2,57,547.0,15224.0,11172,4599,0.03593011035207567,0.11893889976081756
9487ef37f745ca94.jpg,DRIP,336,336,4,59,3648.0,16009.0,11564,8093,0.2278718221000687,0.45075991597677006
9487ef37f745ca94.jpg,Fixed,336,336,4,57,723.0,18542.0,11172,8093,0.038992557437169666,0.08933646361052762
949c2a96fdc2d21a.jpg,DRIP,336,336,6,58,3729.0,22228.0,11368,14589,0.16776138204066943,0.25560353691137155
949c2a96fdc2d21a.jpg,Fixed,336,336,6,57,1488.0,24273.0,11172,14589,0.06130268199233716,0.10199465350606621
94ad4aad01e27a32.jpg,DRIP,336,336,0,58,,,11368,0,,
94ad4aad01e27a32.jpg,Fixed,336,336,0,57,,,11172,0,,
94c4bf4a429e0526.jpg,DRIP,336,336,5,59,3900.0,25625.0,11564,17961,0.1521951219512195,0.21713713044930683
94c4bf4a429e0526.jpg,Fixed,336,336,5,57,1725.0,27408.0,11172,17961,0.06293782837127845,0.09604142308334725
94fc067412eb7fe4.jpg,DRIP,336,336,7,59,1932.0,15132.0,11564,5500,0.12767644726407612,0.3512727272727273
94fc067412eb7fe4.jpg,Fixed,336,336,7,57,570.0,16102.0,11172,5500,0.03539932927586635,0.10363636363636364
950204dd66b5ffd4.jpg,DRIP,336,336,0,58,,,11368,0,,
950204dd66b5ffd4.jpg,Fixed,336,336,0,57,,,11172,0,,
950f6af0adfa0e89.jpg,DRIP,336,336,3,58,2477.0,16296.0,11368,7405,0.15200049091801668,0.33450371370695475
950f6af0adfa0e89.jpg,Fixed,336,336,3,57,756.0,17821.0,11172,7405,0.04242186184838112,0.10209318028359217
951184493cdcc5bb.jpg,DRIP,336,336,3,59,915.0,12491.0,11564,1842,0.07325274197422144,0.496742671009772
951184493cdcc5bb.jpg,Fixed,336,336,3,57,182.0,12832.0,11172,1842,0.014183291770573566,0.0988056460369164
9550f172ccfe9291.jpg,DRIP,336,336,7,59,3164.0,23278.0,11564,14878,0.13592233009708737,0.2126629923376798
9550f172ccfe9291.jpg,Fixed,336,336,7,57,1640.0,24410.0,11172,14878,0.06718557968045882,0.11022986960612986
956871ce5512396b.jpg,DRIP,336,336,1,59,5642.0,28233.0,11564,22311,0.19983707009527857,0.2528797454170589
956871ce5512396b.jpg,Fixed,336,336,1,57,2030.0,31453.0,11172,22311,0.06454074333131975,0.09098650889695666
9582c4a5baed1b40.jpg,DRIP,336,336,2,59,596.0,12935.0,11564,1967,0.04607653652879783,0.30299949161159123
9582c4a5baed1b40.jpg,Fixed,336,336,2,57,308.0,12831.0,11172,1967,0.024004364429896344,0.15658362989323843
958495c7b4ef2f66.jpg,DRIP,336,336,1,58,1260.0,12873.0,11368,2765,0.09787928221859707,0.45569620253164556
958495c7b4ef2f66.jpg,Fixed,336,336,1,57,217.0,13720.0,11172,2765,0.015816326530612244,0.07848101265822785
9587a0ca6501d771.jpg,DRIP,336,336,4,58,1386.0,12679.0,11368,2697,0.109314614717249,0.5139043381535039
9587a0ca6501d771.jpg,Fixed,336,336,4,57,95.0,13774.0,11172,2697,0.006897052417598374,0.035224323322209865
95ae7cbb6bb7c860.jpg,DRIP,336,336,9,58,2508.0,46559.0,11368,37699,0.05386713632165639,0.0665269635799358
95ae7cbb6bb7c860.jpg,Fixed,336,336,9,57,4098.0,44773.0,11172,37699,0.09152837647689456,0.10870314862463196
95b6824c679d6a5f.jpg,DRIP,336,336,0,58,,,11368,0,,
95b6824c679d6a5f.jpg,Fixed,336,336,0,57,,,11172,0,,
95c665a8c0f63d49.jpg,DRIP,336,336,5,59,5880.0,29657.0,11564,23973,0.19826685099639207,0.24527593542735576
95c665a8c0f63d49.jpg,Fixed,336,336,5,57,2080.0,33065.0,11172,23973,0.06290639649175865,0.08676427647770409
95db6480b10ed9b1.jpg,DRIP,336,336,20,59,2819.0,23042.0,11564,14297,0.12234181060671817,0.1971742323564384
95db6480b10ed9b1.jpg,Fixed,336,336,20,57,1622.0,23847.0,11172,14297,0.06801694133433975,0.11345037420437853
95fa33240de709aa.jpg,DRIP,336,336,4,58,3724.0,31111.0,11368,23467,0.11970042750152679,0.1586909276856863
95fa33240de709aa.jpg,Fixed,336,336,4,57,2126.0,32513.0,11172,23467,0.06538922892381509,0.09059530404397664
95fdfa4c9e58a1da.jpg,DRIP,336,336,1,58,1088.0,12029.0,11368,1749,0.0904480837974894,0.6220697541452258
95fdfa4c9e58a1da.jpg,Fixed,336,336,1,57,201.0,12720.0,11172,1749,0.01580188679245283,0.11492281303602059
963bca9b622ecaa8.jpg,DRIP,336,336,179,59,5301.0,75042.0,11564,68779,0.0706404413528424,0.07707294377644339
963bca9b622ecaa8.jpg,Fixed,336,336,179,57,6751.0,73200.0,11172,68779,0.09222677595628416,0.09815496008956222
9655a546f63dd653.jpg,DRIP,336,336,9,59,7642.0,33393.0,11564,29471,0.2288503578594316,0.2593057582029792
9655a546f63dd653.jpg,Fixed,336,336,9,57,2764.0,37879.0,11172,29471,0.07296919137252832,0.09378711275491161
969289cfeacac611.jpg,DRIP,336,336,1,59,922.0,12973.0,11564,2331,0.07107068526940569,0.39553839553839554
969289cfeacac611.jpg,Fixed,336,336,1,57,98.0,13405.0,11172,2331,0.007310704960835509,0.042042042042042045
96e869cb078c8d2c.jpg,DRIP,336,336,1,59,8400.0,61313.0,11564,58149,0.13700194086082887,0.1444564824846515
96e869cb078c8d2c.jpg,Fixed,336,336,1,57,5768.0,63553.0,11172,58149,0.09075889415133825,0.09919345130612736
970631402c548b5f.jpg,DRIP,336,336,8,59,5285.0,32206.0,11564,25927,0.16409985716947154,0.20384155513557295
970631402c548b5f.jpg,Fixed,336,336,8,57,2451.0,34648.0,11172,25927,0.07074001385361349,0.09453465499286458
971164976cb1b58b.jpg,DRIP,336,336,2,59,6258.0,26194.0,11564,20888,0.23890967397113844,0.299597855227882
971164976cb1b58b.jpg,Fixed,336,336,2,57,1988.0,30072.0,11172,20888,0.06610800744878957,0.09517426273458444
9742c58a933a5a1e.jpg,DRIP,336,336,16,59,3885.0,32669.0,11564,24990,0.11892007713734733,0.15546218487394958
9742c58a933a5a1e.jpg,Fixed,336,336,16,57,2100.0,34062.0,11172,24990,0.06165228113440197,0.08403361344537816
976d3326f2e08e56.jpg,DRIP,336,336,1,59,756.0,11739.0,11564,931,0.06440071556350627,0.8120300751879699
976d3326f2e08e56.jpg,Fixed,336,336,1,57,0.0,12103.0,11172,931,0.0,0.0
97b1112b17015396.jpg,DRIP,336,336,0,59,,,11564,0,,
97b1112b17015396.jpg,Fixed,336,336,0,57,,,11172,0,,
97c8c2c2c6f572f1.jpg,DRIP,336,336,1,58,1057.0,12166.0,11368,1855,0.08688147295742232,0.569811320754717
97c8c2c2c6f572f1.jpg,Fixed,336,336,1,57,236.0,12791.0,11172,1855,0.018450472988820264,0.12722371967654986
97d814b5fcf487af.jpg,DRIP,336,336,5,59,2735.0,21599.0,11564,12770,0.12662623269595816,0.21417384494909944
97d814b5fcf487af.jpg,Fixed,336,336,5,57,1198.0,22744.0,11172,12770,0.05267323250087935,0.09381362568519969
9812a5e9858805d7.jpg,DRIP,336,336,2,58,2440.0,30940.0,11368,22012,0.0788623141564318,0.1108486280210794
9812a5e9858805d7.jpg,Fixed,336,336,2,57,2492.0,30692.0,11172,22012,0.08119379642903689,0.1132109758313647
981633c755384f58.jpg,DRIP,336,336,2,59,1586.0,11739.0,11564,1761,0.13510520487264674,0.9006246450880182
981633c755384f58.jpg,Fixed,336,336,2,57,196.0,12737.0,11172,1761,0.015388238988772866,0.11130039750141965
981c4e34bf81f7f7.jpg,DRIP,336,336,0,59,,,11564,0,,
981c4e34bf81f7f7.jpg,Fixed,336,336,0,57,,,11172,0,,
981e06b58e3babde.jpg,DRIP,336,336,2,59,496.0,13348.0,11564,2280,0.0371591249625412,0.21754385964912282
981e06b58e3babde.jpg,Fixed,336,336,2,57,356.0,13096.0,11172,2280,0.02718387293830177,0.156140350877193
9841790fecbc16e3.jpg,DRIP,336,336,0,58,,,11368,0,,
9841790fecbc16e3.jpg,Fixed,336,336,0,57,,,11172,0,,
985de75e18bcd12c.jpg,DRIP,336,336,10,58,1238.0,15712.0,11368,5582,0.07879327902240325,0.2217843067001075
985de75e18bcd12c.jpg,Fixed,336,336,10,57,493.0,16261.0,11172,5582,0.030317938626160754,0.08831959871013974
986ecc217fb89bc7.jpg,DRIP,336,336,0,58,,,11368,0,,
986ecc217fb89bc7.jpg,Fixed,336,336,0,57,,,11172,0,,
988657a12423091e.jpg,DRIP,336,336,2,58,644.0,13961.0,11368,3237,0.04612850082372323,0.19894964473277726
988657a12423091e.jpg,Fixed,336,336,2,57,406.0,14003.0,11172,3237,0.028993787045633077,0.12542477602718566
988b2fa56cdd7702.jpg,DRIP,336,336,3,58,4188.0,17418.0,11368,10238,0.24044092318291424,0.40906427036530574
988b2fa56cdd7702.jpg,Fixed,336,336,3,57,892.0,20518.0,11172,10238,0.04347402280924067,0.08712639187341277
9915724d3c7c15cb.jpg,DRIP,336,336,3,59,3913.0,18211.0,11564,10560,0.2148701334358355,0.3705492424242424
9915724d3c7c15cb.jpg,Fixed,336,336,3,57,924.0,20808.0,11172,10560,0.04440599769319493,0.0875
991913e1b2bc5faa.jpg,DRIP,336,336,4,58,2381.0,12016.0,11368,3029,0.1981524633821571,0.7860680092439749
991913e1b2bc5faa.jpg,Fixed,336,336,4,57,247.0,13954.0,11172,3029,0.01770101762935359,0.0815450643776824
994732d4686ff3a2.jpg,DRIP,336,336,5,59,7462.0,50487.0,11564,46385,0.14780042387149167,0.16087097121914412
994732d4686ff3a2.jpg,Fixed,336,336,5,57,4282.0,53275.0,11172,46385,0.0803754106053496,0.09231432575185944
994a1dba94f4d46a.jpg,DRIP,336,336,2,58,1722.0,12391.0,11368,2745,0.13897183439593253,0.6273224043715847
994a1dba94f4d46a.jpg,Fixed,336,336,2,57,56.0,13861.0,11172,2745,0.004040112545992352,0.02040072859744991
994ac02f464e612f.jpg,DRIP,336,336,6,59,1772.0,13022.0,11564,3230,0.1360774074642912,0.5486068111455108
994ac02f464e612f.jpg,Fixed,336,336,6,57,266.0,14136.0,11172,3230,0.01881720430107527,0.08235294117647059
9957f57c943f51f6.jpg,DRIP,336,336,7,59,1626.0,15693.0,11564,5755,0.10361307589371058,0.28253692441355344
9957f57c943f51f6.jpg,Fixed,336,336,7,57,644.0,16283.0,11172,5755,0.03955045139102131,0.11190269331016507
995e9de69253e04d.jpg,DRIP,336,336,2,59,7434.0,31149.0,11564,27019,0.2386593470095348,0.27513971649579927
995e9de69253e04d.jpg,Fixed,336,336,2,57,2804.0,35387.0,11172,27019,0.07923813829937548,0.10377882231022614
996137f933ef63c2.jpg,DRIP,336,336,2,58,392.0,13009.0,11368,2033,0.030132984856637714,0.1928184948352189
996137f933ef63c2.jpg,Fixed,336,336,2,57,98.0,13107.0,11172,2033,0.007476920729381247,0.048204623708804725
99a115157c85155e.jpg,DRIP,336,336,3,59,374.0,14345.0,11564,3155,0.026071802021610316,0.11854199683042789
99a115157c85155e.jpg,Fixed,336,336,3,57,235.0,14092.0,11172,3155,0.016676128299744537,0.07448494453248812
99ac4d391e55e648.jpg,DRIP,336,336,4,58,2590.0,16989.0,11368,8211,0.15245158632056036,0.3154305200341006
99ac4d391e55e648.jpg,Fixed,336,336,4,57,742.0,18641.0,11172,8211,0.039804731505820506,0.09036658141517477
99b7a6ff5238a458.jpg,DRIP,336,336,1,58,2989.0,12474.0,11368,4095,0.23961840628507294,0.7299145299145299
99b7a6ff5238a458.jpg,Fixed,336,336,1,57,392.0,14875.0,11172,4095,0.02635294117647059,0.09572649572649573
99bc11f22d19a274.jpg,DRIP,336,336,1,59,6104.0,30712.0,11564,25252,0.19874967439437352,0.24172342784729922
99bc11f22d19a274.jpg,Fixed,336,336,1,57,2376.0,34048.0,11172,25252,0.06978383458646617,0.09409155710438777
9a0626f82ce8bd1a.jpg,DRIP,336,336,0,59,,,11564,0,,
9a0626f82ce8bd1a.jpg,Fixed,336,336,0,57,,,11172,0,,
9a0ac78c6e914fc8.jpg,DRIP,336,336,0,59,,,11564,0,,
9a0ac78c6e914fc8.jpg,Fixed,336,336,0,57,,,11172,0,,
9a1c95210b1a5788.jpg,DRIP,336,336,0,59,,,11564,0,,
9a1c95210b1a5788.jpg,Fixed,336,336,0,57,,,11172,0,,
9a3382d727c7add1.jpg,DRIP,336,336,0,58,,,11368,0,,
9a3382d727c7add1.jpg,Fixed,336,336,0,57,,,11172,0,,
9a54e4e2bc6c57be.jpg,DRIP,336,336,3,59,714.0,18650.0,11564,7800,0.03828418230563003,0.09153846153846154
9a54e4e2bc6c57be.jpg,Fixed,336,336,3,57,798.0,18174.0,11172,7800,0.043908880818752064,0.10230769230769231
9a56e4d24d9be240.jpg,DRIP,336,336,1,59,9324.0,98339.0,11564,96099,0.09481487507499568,0.09702494302750289
9a56e4d24d9be240.jpg,Fixed,336,336,1,57,9520.0,97751.0,11172,96099,0.09739030802753935,0.09906450639444739
9a7aa54a2d675787.jpg,DRIP,336,336,10,59,6603.0,44094.0,11564,39133,0.14974826507007757,0.16873227199550253
9a7aa54a2d675787.jpg,Fixed,336,336,10,57,3833.0,46472.0,11172,39133,0.08247977276639697,0.09794802340735441
9a8247580d999e28.jpg,DRIP,336,336,0,59,,,11564,0,,
9a8247580d999e28.jpg,Fixed,336,336,0,57,,,11172,0,,
9ab49f7e6c6edd27.jpg,DRIP,336,336,3,58,1946.0,21745.0,11368,12323,0.08949183720395493,0.1579160918607482
9ab49f7e6c6edd27.jpg,Fixed,336,336,3,57,1120.0,22375.0,11172,12323,0.05005586592178771,0.09088695934431551
9ac0d24d22f19e07.jpg,DRIP,336,336,0,59,,,11564,0,,
9ac0d24d22f19e07.jpg,Fixed,336,336,0,57,,,11172,0,,
9ac301ba7138a306.jpg,DRIP,336,336,0,58,,,11368,0,,
9ac301ba7138a306.jpg,Fixed,336,336,0,57,,,11172,0,,
9af15887b3175468.jpg,DRIP,336,336,2,59,77.0,13864.0,11564,2377,0.005553952683208309,0.032393773664282706
9af15887b3175468.jpg,Fixed,336,336,2,57,196.0,13353.0,11172,2377,0.014678349434583989,0.08245687841817417
9afedd4c2d65b9fd.jpg,DRIP,336,336,2,59,4632.0,16391.0,11564,9459,0.2825941065218718,0.48969235648588644
9afedd4c2d65b9fd.jpg,Fixed,336,336,2,57,980.0,19651.0,11172,9459,0.04987023561141927,0.1036050322444233
9b08ffab24f5b8b7.jpg,DRIP,336,336,8,58,2572.0,15153.0,11368,6357,0.16973536593413846,0.4045933616485764
9b08ffab24f5b8b7.jpg,Fixed,336,336,8,57,720.0,16809.0,11172,6357,0.042834195966446546,0.11326097215667767
9b1b29d9a6ba9716.jpg,DRIP,336,336,0,59,,,11564,0,,
9b1b29d9a6ba9716.jpg,Fixed,336,336,0,57,,,11172,0,,
9b20e8ade3634d88.jpg,DRIP,336,336,4,59,3353.0,25336.0,11564,17125,0.13234133249131672,0.1957956204379562
9b20e8ade3634d88.jpg,Fixed,336,336,4,57,1834.0,26463.0,11172,17125,0.06930431168045952,0.1070948905109489
9b5832fb6e4b513e.jpg,DRIP,336,336,3,58,2748.0,23670.0,11368,15050,0.11609632446134348,0.18259136212624585
9b5832fb6e4b513e.jpg,Fixed,336,336,3,57,1042.0,25180.0,11172,15050,0.041382049245432886,0.0692358803986711
9b87da2089548795.jpg,DRIP,336,336,3,59,234.0,13997.0,11564,2667,0.016717868114595986,0.08773903262092239
9b87da2089548795.jpg,Fixed,336,336,3,57,140.0,13699.0,11172,2667,0.010219724067450179,0.05249343832020997
9bac4628351058df.jpg,DRIP,336,336,0,58,,,11368,0,,
9bac4628351058df.jpg,Fixed,336,336,0,57,,,11172,0,,
9bb67e375455cce6.jpg,DRIP,336,336,2,59,697.0,12232.0,11564,1365,0.05698168737737083,0.5106227106227106
9bb67e375455cce6.jpg,Fixed,336,336,2,57,0.0,12537.0,11172,1365,0.0,0.0
9bc104f99bf3d018.jpg,DRIP,336,336,0,59,,,11564,0,,
9bc104f99bf3d018.jpg,Fixed,336,336,0,57,,,11172,0,,
9bc936a43a541177.jpg,DRIP,336,336,16,59,8009.0,48958.0,11564,45403,0.16358919890518403,0.176398035372112
9bc936a43a541177.jpg,Fixed,336,336,16,57,5013.0,51562.0,11172,45403,0.09722276094798495,0.11041120630795322
9bcaa57bf95232ec.jpg,DRIP,336,336,8,58,5877.0,29262.0,11368,23771,0.20084068074636047,0.24723402465188676
9bcaa57bf95232ec.jpg,Fixed,336,336,8,57,2155.0,32788.0,11172,23771,0.0657252653409784,0.09065668251230491
9bd884d77f56ad13.jpg,DRIP,336,336,0,59,,,11564,0,,
9bd884d77f56ad13.jpg,Fixed,336,336,0,57,,,11172,0,,
9be1f64953e5cef3.jpg,DRIP,336,336,5,59,2300.0,15915.0,11564,6651,0.1445177505497958,0.3458126597504135
9be1f64953e5cef3.jpg,Fixed,336,336,5,57,434.0,17389.0,11172,6651,0.024958306975674277,0.06525334536159975
9be4968923a9ae89.jpg,DRIP,336,336,1,58,,,11368,0,,
9be4968923a9ae89.jpg,Fixed,336,336,1,57,,,11172,0,,
9bf5082c0219d773.jpg,DRIP,336,336,3,59,5272.0,22804.0,11564,16512,0.23118751096298895,0.3192829457364341
9bf5082c0219d773.jpg,Fixed,336,336,3,57,1652.0,26032.0,11172,16512,0.06346035648432698,0.1000484496124031
9bf9315a8c80f5d7.jpg,DRIP,336,336,13,58,3904.0,24474.0,11368,17010,0.1595162212960693,0.22951205173427397
9bf9315a8c80f5d7.jpg,Fixed,336,336,13,57,1785.0,26397.0,11172,17010,0.06762132060461416,0.10493827160493827
9c00cebcedf73d93.jpg,DRIP,336,336,3,59,3290.0,17064.0,11564,8790,0.1928035630567276,0.3742889647326507
9c00cebcedf73d93.jpg,Fixed,336,336,3,57,854.0,19108.0,11172,8790,0.04469332216872514,0.09715585893060295
9c43d89c212f7455.jpg,DRIP,336,336,9,58,1718.0,30336.0,11368,20686,0.056632383966244725,0.08305133906990235
9c43d89c212f7455.jpg,Fixed,336,336,9,57,2126.0,29732.0,11172,20686,0.07150544867482847,0.10277482355216089
9c5e52b920bb81e2.jpg,DRIP,336,336,2,59,3150.0,20739.0,11564,12325,0.15188774772168379,0.25557809330628806
9c5e52b920bb81e2.jpg,Fixed,336,336,2,57,1190.0,22307.0,11172,12325,0.053346483166718965,0.09655172413793103
9c695f32b8127957.jpg,DRIP,336,336,3,59,5602.0,68354.0,11564,62392,0.08195570120256312,0.08978715219899987
9c695f32b8127957.jpg,Fixed,336,336,3,57,6174.0,67390.0,11172,62392,0.09161596676064698,0.09895499423002949
9c7d75ff8378fc04.jpg,DRIP,336,336,168,59,9204.0,96343.0,11564,93983,0.09553366617190663,0.09793260483278891
9c7d75ff8378fc04.jpg,Fixed,336,336,168,57,8810.0,96345.0,11172,93983,0.09144221288079299,0.0937403572986604
9c8b5faa177f1f2d.jpg,DRIP,336,336,37,59,5869.0,52278.0,11564,46583,0.11226519759745973,0.1259901680870704
9c8b5faa177f1f2d.jpg,Fixed,336,336,37,57,4565.0,53190.0,11172,46583,0.08582440308328633,0.09799712341412103
9ccd7f41f1166a93.jpg,DRIP,336,336,0,59,,,11564,0,,
9ccd7f41f1166a93.jpg,Fixed,336,336,0,57,,,11172,0,,
9cdaff5c427c167f.jpg,DRIP,336,336,7,59,2351.0,14673.0,11564,5460,0.16022626593062086,0.4305860805860806
9cdaff5c427c167f.jpg,Fixed,336,336,7,57,588.0,16044.0,11172,5460,0.03664921465968586,0.1076923076923077
9cdef54acc03e6fd.jpg,DRIP,336,336,2,59,2322.0,17266.0,11564,8024,0.1344839569095332,0.28938185443668996
9cdef54acc03e6fd.jpg,Fixed,336,336,2,57,760.0,18436.0,11172,8024,0.04122369277500543,0.09471585244267199
9cf2f9cac47458d0.jpg,DRIP,336,336,2,59,852.0,14989.0,11564,4277,0.05684168390152779,0.19920505026888005
9cf2f9cac47458d0.jpg,Fixed,336,336,2,57,322.0,15127.0,11172,4277,0.02128644146228598,0.07528641571194762
9d08fd65fa0e6b86.jpg,DRIP,336,336,0,58,,,11368,0,,
9d08fd65fa0e6b86.jpg,Fixed,336,336,0,57,,,11172,0,,
9d158ea2dd58b019.jpg,DRIP,336,336,0,58,,,11368,0,,
9d158ea2dd58b019.jpg,Fixed,336,336,0,57,,,11172,0,,
9d25dca93b68a95c.jpg,DRIP,336,336,1,58,2283.0,14262.0,11368,5177,0.16007572570466974,0.4409889897624107
9d25dca93b68a95c.jpg,Fixed,336,336,1,57,434.0,15915.0,11172,5177,0.027269871190700595,0.08383233532934131
9d3ec86554e13e4c.jpg,DRIP,336,336,22,59,2647.0,34780.0,11564,25863,0.07610695802185163,0.10234698217530835
9d3ec86554e13e4c.jpg,Fixed,336,336,22,57,2738.0,34297.0,11172,25863,0.07983205528180308,0.10586552217453506
9d45c91a54ad2866.jpg,DRIP,336,336,1,59,980.0,12408.0,11564,1824,0.0789813023855577,0.5372807017543859
9d45c91a54ad2866.jpg,Fixed,336,336,1,57,56.0,12940.0,11172,1824,0.004327666151468315,0.03070175438596491
9d69fa6d29d5d369.jpg,DRIP,336,336,1,58,28.0,12561.0,11368,1221,0.0022291218852002227,0.02293202293202293
9d69fa6d29d5d369.jpg,Fixed,336,336,1,57,10.0,12383.0,11172,1221,0.0008075587498990552,0.00819000819000819
9d74f00ea0548b56.jpg,DRIP,336,336,5,59,863.0,14392.0,11564,3691,0.059963868816008896,0.23381197507450555
9d74f00ea0548b56.jpg,Fixed,336,336,5,57,390.0,14473.0,11172,3691,0.026946728390796655,0.10566242210782986
9d85d260f22be0c8.jpg,DRIP,336,336,4,59,1862.0,14403.0,11564,4701,0.12927862250919947,0.39608593916188045
9d85d260f22be0c8.jpg,Fixed,336,336,4,57,636.0,15237.0,11172,4701,0.04174050009844458,0.13529036375239312
9da5aba162e27a01.jpg,DRIP,336,336,2,59,7364.0,28870.0,11564,24670,0.2550744717700035,0.29850020267531413
9da5aba162e27a01.jpg,Fixed,336,336,2,57,2520.0,33322.0,11172,24670,0.07562571274233239,0.1021483583299554
9da89a072ed1529b.jpg,DRIP,336,336,4,58,4765.0,57806.0,11368,51203,0.08243088952703871,0.09306095345975822
9da89a072ed1529b.jpg,Fixed,336,336,4,57,4658.0,57717.0,11172,51203,0.08070412530103782,0.09097123215436595
9dbf0225475ea1ae.jpg,DRIP,336,336,9,59,2081.0,29381.0,11564,19898,0.07082808617814233,0.1045833752135893
9dbf0225475ea1ae.jpg,Fixed,336,336,9,57,2195.0,28875.0,11172,19898,0.07601731601731601,0.11031259423057593
9dbf06489aee8b0c.jpg,DRIP,336,336,33,59,5442.0,33531.0,11564,27409,0.1622975753780084,0.19854792221533074
9dbf06489aee8b0c.jpg,Fixed,336,336,33,57,2366.0,36215.0,11172,27409,0.06533204473284551,0.08632201101827867
9dc0b41b097cfba4.jpg,DRIP,336,336,2,59,138.0,11648.0,11564,222,0.011847527472527472,0.6216216216216216
9dc0b41b097cfba4.jpg,Fixed,336,336,2,57,0.0,11394.0,11172,222,0.0,0.0
9dc2f629d9f7dd97.jpg,DRIP,336,336,0,58,,,11368,0,,
9dc2f629d9f7dd97.jpg,Fixed,336,336,0,57,,,11172,0,,
9df433acdae9095c.jpg,DRIP,336,336,2,59,3570.0,17649.0,11564,9655,0.20227774944756077,0.3697566027964785
9df433acdae9095c.jpg,Fixed,336,336,2,57,960.0,19867.0,11172,9655,0.04832133689032063,0.09943034697048161
9e1b8725af836e9c.jpg,DRIP,336,336,0,59,,,11564,0,,
9e1b8725af836e9c.jpg,Fixed,336,336,0,57,,,11172,0,,
9e1d1e8f0f3ebae8.jpg,DRIP,336,336,29,58,2407.0,39604.0,11368,30643,0.060776689223310774,0.07854975035081421
9e1d1e8f0f3ebae8.jpg,Fixed,336,336,29,57,2801.0,39014.0,11172,30643,0.07179474034961808,0.09140749926573769
9e46d4e221c1970c.jpg,DRIP,336,336,13,59,5348.0,27831.0,11564,21615,0.1921598217814667,0.2474207726116123
9e46d4e221c1970c.jpg,Fixed,336,336,13,57,2113.0,30674.0,11172,21615,0.06888570124535437,0.09775618783252371
9e5471af39ae4eb4.jpg,DRIP,336,336,1,58,488.0,11741.0,11368,861,0.04156375095818073,0.5667828106852497
9e5471af39ae4eb4.jpg,Fixed,336,336,1,57,0.0,12033.0,11172,861,0.0,0.0
9ea09a6404e50112.jpg,DRIP,336,336,1,58,112.0,11750.0,11368,494,0.009531914893617021,0.22672064777327935
9ea09a6404e50112.jpg,Fixed,336,336,1,57,112.0,11554.0,11172,494,0.009693612601696383,0.22672064777327935
9ebbe79077ffe201.jpg,DRIP,336,336,6,59,7689.0,59663.0,11564,55788,0.12887384140924862,0.1378253387825339
9ebbe79077ffe201.jpg,Fixed,336,336,6,57,5558.0,61402.0,11172,55788,0.09051822416207941,0.099627159962716
9ee45ccfb4b09966.jpg,DRIP,336,336,45,59,6916.0,60067.0,11564,55419,0.11513809579303111,0.12479474548440066
9ee45ccfb4b09966.jpg,Fixed,336,336,45,57,5487.0,61104.0,11172,55419,0.08979772191673213,0.09900936501921724
9ef00d499b0ed0b1.jpg,DRIP,336,336,1,59,7280.0,75180.0,11564,70896,0.09683426443202979,0.10268562401263823
9ef00d499b0ed0b1.jpg,Fixed,336,336,1,57,7084.0,74984.0,11172,70896,0.09447348767737117,0.09992101105845182
9ef775ca34640e87.jpg,DRIP,336,336,2,58,2884.0,17642.0,11368,9158,0.1634735290783358,0.31491592050666084
9ef775ca34640e87.jpg,Fixed,336,336,2,57,1022.0,19308.0,11172,9158,0.052931427387611356,0.11159641843197204
9f57624d38c5acd8.jpg,DRIP,336,336,16,59,2197.0,20151.0,11564,10784,0.10902684730286338,0.20372774480712166
9f57624d38c5acd8.jpg,Fixed,336,336,16,57,1178.0,20778.0,11172,10784,0.05669458080662239,0.10923590504451039
9f5777663f6f5c99.jpg,DRIP,336,336,2,58,1792.0,14403.0,11368,4827,0.12441852391862807,0.3712450797596851
9f5777663f6f5c99.jpg,Fixed,336,336,2,57,602.0,15397.0,11172,4827,0.03909852568682211,0.12471514398176921
9f8ff7d76a47943f.jpg,DRIP,336,336,0,58,,,11368,0,,
9f8ff7d76a47943f.jpg,Fixed,336,336,0,57,,,11172,0,,
9fa89359f69d1e03.jpg,DRIP,336,336,2,59,484.0,12414.0,11564,1334,0.03898823908490414,0.36281859070464767
9fa89359f69d1e03.jpg,Fixed,336,336,2,57,70.0,12436.0,11172,1334,0.005628819556127372,0.05247376311844078
9fb9f2eb73dcaa43.jpg,DRIP,336,336,7,58,1051.0,19767.0,11368,9450,0.053169423787119946,0.11121693121693121
9fb9f2eb73dcaa43.jpg,Fixed,336,336,7,57,869.0,19753.0,11172,9450,0.04399331747076393,0.09195767195767196
9fbd421cb65057b9.jpg,DRIP,336,336,8,58,329.0,17144.0,11368,6105,0.01919038730751283,0.05389025389025389
9fbd421cb65057b9.jpg,Fixed,336,336,8,57,450.0,16827.0,11172,6105,0.026742734890354787,0.07371007371007371
9fc2185d2de5b452.jpg,DRIP,336,336,6,58,2114.0,14480.0,11368,5226,0.14599447513812155,0.4045158821278224
9fc2185d2de5b452.jpg,Fixed,336,336,6,57,515.0,15883.0,11172,5226,0.03242460492350312,0.09854573287409109
a023b7e346df33c8.jpg,DRIP,336,336,1,59,2436.0,14687.0,11564,5559,0.1658609654796759,0.4382083108472747
a023b7e346df33c8.jpg,Fixed,336,336,1,57,448.0,16283.0,11172,5559,0.02751335748940613,0.08059003417880914
a0258ea87dd50239.jpg,DRIP,336,336,0,58,,,11368,0,,
a0258ea87dd50239.jpg,Fixed,336,336,0,57,,,11172,0,,
a044c0fa45d32fe5.jpg,DRIP,336,336,6,59,3174.0,16448.0,11564,8058,0.1929717898832685,0.39389426656738646
a044c0fa45d32fe5.jpg,Fixed,336,336,6,57,637.0,18593.0,11172,8058,0.03426020545366536,0.0790518739141226
a04ed16bd62a0382.jpg,DRIP,336,336,10,59,7662.0,65108.0,11564,61206,0.11768139091970264,0.1251838055092638
a04ed16bd62a0382.jpg,Fixed,336,336,10,57,6214.0,66164.0,11172,61206,0.09391814279668702,0.10152599418357677
a056def09b282363.jpg,DRIP,336,336,6,58,1029.0,20930.0,11368,10591,0.04916387959866221,0.09715796430931924
a056def09b282363.jpg,Fixed,336,336,6,57,1066.0,20697.0,11172,10591,0.0515050490409238,0.10065149655367765
a060f9c5f7e7428a.jpg,DRIP,336,336,6,58,6076.0,58311.0,11368,53019,0.10419989367357789,0.11460042626228334
a060f9c5f7e7428a.jpg,Fixed,336,336,6,57,5390.0,58801.0,11172,53019,0.09166510773626299,0.10166166845847716
a064ee47c57d7a15.jpg,DRIP,336,336,18,59,5010.0,43318.0,11564,36764,0.11565630915554735,0.13627461647263628
a064ee47c57d7a15.jpg,Fixed,336,336,18,57,3710.0,44226.0,11172,36764,0.08388730610952833,0.10091393754760092
a0750277d403952b.jpg,DRIP,336,336,1,58,1904.0,18950.0,11368,9486,0.10047493403693931,0.2007168458781362
a0750277d403952b.jpg,Fixed,336,336,1,57,910.0,19748.0,11172,9486,0.046080615758557826,0.09593084545646216
a0af7571d8d4ac64.jpg,DRIP,336,336,1,58,280.0,11921.0,11368,833,0.023487962419260128,0.33613445378151263
a0af7571d8d4ac64.jpg,Fixed,336,336,1,57,98.0,11907.0,11172,833,0.00823045267489712,0.11764705882352941
a0cea9146b5c964d.jpg,DRIP,336,336,1,59,728.0,12061.0,11564,1225,0.06035983749274521,0.5942857142857143
a0cea9146b5c964d.jpg,Fixed,336,336,1,57,196.0,12201.0,11172,1225,0.01606425702811245,0.16
a0ef202f025bed32.jpg,DRIP,336,336,42,59,6401.0,69442.0,11564,64279,0.09217764465309179,0.09958151184679288
a0ef202f025bed32.jpg,Fixed,336,336,42,57,6301.0,69150.0,11172,64279,0.09112075198843095,0.09802579380513075
a105a120c618af3f.jpg,DRIP,336,336,5,59,1692.0,16881.0,11564,7009,0.10023102896747824,0.24140390925952346
a105a120c618af3f.jpg,Fixed,336,336,5,57,490.0,17691.0,11172,7009,0.027697699395172685,0.06991011556570124
a122a9aa839dd2da.jpg,DRIP,336,336,3,58,345.0,12276.0,11368,1253,0.028103616813294232,0.2753391859537111
a122a9aa839dd2da.jpg,Fixed,336,336,3,57,112.0,12313.0,11172,1253,0.009096077316657191,0.0893854748603352
a1230d1f96777292.jpg,DRIP,336,336,14,59,3117.0,51964.0,11564,43517,0.05998383496266646,0.07162718018245744
a1230d1f96777292.jpg,Fixed,336,336,14,57,4668.0,50021.0,11172,43517,0.09332080526179005,0.10726842383436358
a12eb24cf67a08d3.jpg,DRIP,336,336,2,59,1344.0,20895.0,11564,10675,0.06432160804020101,0.1259016393442623
a12eb24cf67a08d3.jpg,Fixed,336,336,2,57,972.0,20875.0,11172,10675,0.04656287425149701,0.09105386416861827
a13162c693769766.jpg,DRIP,336,336,0,58,,,11368,0,,
a13162c693769766.jpg,Fixed,336,336,0,57,,,11172,0,,
a18c450944c27d30.jpg,DRIP,336,336,1,59,392.0,17157.0,11564,5985,0.02284781721746226,0.06549707602339182
a18c450944c27d30.jpg,Fixed,336,336,1,57,490.0,16667.0,11172,5985,0.029399412011759767,0.08187134502923976
a1919ea8773c12fb.jpg,DRIP,336,336,5,59,256.0,14075.0,11564,2767,0.018188277087033747,0.09251897361763643
a1919ea8773c12fb.jpg,Fixed,336,336,5,57,168.0,13771.0,11172,2767,0.012199549778520079,0.06071557643657391
a19398891ccbd859.jpg,DRIP,336,336,9,58,2318.0,17737.0,11368,8687,0.1306872639115972,0.2668355013238172
a19398891ccbd859.jpg,Fixed,336,336,9,57,716.0,19143.0,11172,8687,0.037402705949955595,0.08242200989985035
a195538a7b65179a.jpg,DRIP,336,336,4,58,1948.0,15596.0,11368,6176,0.12490382149269043,0.31541450777202074
a195538a7b65179a.jpg,Fixed,336,336,4,57,584.0,16764.0,11172,6176,0.03483655452159389,0.09455958549222798
a19c4da7c279e38c.jpg,DRIP,336,336,0,58,,,11368,0,,
a19c4da7c279e38c.jpg,Fixed,336,336,0,57,,,11172,0,,
a1a422edbbd2b0be.jpg,DRIP,336,336,6,58,3260.0,20292.0,11368,12184,0.16065444510151783,0.2675640183847669
a1a422edbbd2b0be.jpg,Fixed,336,336,6,57,1134.0,22222.0,11172,12184,0.05103051030510305,0.09307288246881155
a1a4d1911d80c0ea.jpg,DRIP,336,336,16,59,7158.0,56178.0,11564,51772,0.12741642635907294,0.1382600633547091
a1a4d1911d80c0ea.jpg,Fixed,336,336,16,57,4728.0,58216.0,11172,51772,0.08121478631304109,0.09132349532565866
a1c01e66df817ea7.jpg,DRIP,336,336,2,58,98.0,12074.0,11368,804,0.008116614212357131,0.12189054726368159
a1c01e66df817ea7.jpg,Fixed,336,336,2,57,21.0,11955.0,11172,804,0.0017565872020075283,0.026119402985074626
a1d4b9307484b676.jpg,DRIP,336,336,41,59,4538.0,38922.0,11564,31896,0.11659215867632701,0.1422748934035616
a1d4b9307484b676.jpg,Fixed,336,336,41,57,3167.0,39901.0,11172,31896,0.07937144432470364,0.09929144720341108
a1f35b70efd6fbbc.jpg,DRIP,336,336,1,59,162.0,11844.0,11564,442,0.013677811550151976,0.3665158371040724
a1f35b70efd6fbbc.jpg,Fixed,336,336,1,57,0.0,11614.0,11172,442,0.0,0.0
a20bb71106ca59e7.jpg,DRIP,336,336,8,59,5698.0,37248.0,11564,31382,0.15297465635738833,0.1815690523229877
a20bb71106ca59e7.jpg,Fixed,336,336,8,57,2899.0,39655.0,11172,31382,0.07310553524145758,0.09237779618889809
a20e42f07882a622.jpg,DRIP,336,336,2,59,2186.0,13353.0,11564,3975,0.1637085299183704,0.5499371069182389
a20e42f07882a622.jpg,Fixed,336,336,2,57,350.0,14797.0,11172,3975,0.023653443265526795,0.0880503144654088
a20e5f23d0557a47.jpg,DRIP,336,336,11,58,2049.0,26693.0,11368,17374,0.0767616978233994,0.11793484517094509
a20e5f23d0557a47.jpg,Fixed,336,336,11,57,1877.0,26669.0,11172,17374,0.07038134163260715,0.10803499481984574
a24361071d906035.jpg,DRIP,336,336,6,59,6340.0,37818.0,11564,32594,0.1676450367549844,0.19451432779039088
a24361071d906035.jpg,Fixed,336,336,6,57,3244.0,40522.0,11172,32594,0.08005527861408618,0.09952752040252807
a24f47f2e0f5b8ff.jpg,DRIP,336,336,4,59,4801.0,23481.0,11564,16718,0.20446318299902047,0.2871754994616581
a24f47f2e0f5b8ff.jpg,Fixed,336,336,4,57,1812.0,26078.0,11172,16718,0.06948385612393589,0.10838617059456873
a263c9ee48ef1815.jpg,DRIP,336,336,0,59,,,11564,0,,
a263c9ee48ef1815.jpg,Fixed,336,336,0,57,,,11172,0,,
a270d5964a5c1ce0.jpg,DRIP,336,336,18,59,3935.0,41766.0,11564,34137,0.09421539050902648,0.11527082051732725
a270d5964a5c1ce0.jpg,Fixed,336,336,18,57,3306.0,42003.0,11172,34137,0.07870866366688094,0.09684506547148256
a29264dfa5c11b31.jpg,DRIP,336,336,0,59,,,11564,0,,
a29264dfa5c11b31.jpg,Fixed,336,336,0,57,,,11172,0,,
a2a0f9bb530897ba.jpg,DRIP,336,336,1,59,1358.0,15222.0,11564,5016,0.08921298121140454,0.27073365231259966
a2a0f9bb530897ba.jpg,Fixed,336,336,1,57,616.0,15572.0,11172,5016,0.03955818135114308,0.12280701754385964
a2bd22cf91b46bee.jpg,DRIP,336,336,4,58,2534.0,15405.0,11368,6571,0.16449204803635184,0.3856338456855882
a2bd22cf91b46bee.jpg,Fixed,336,336,4,57,682.0,17061.0,11172,6571,0.039974210186976146,0.10378937756810226
a2d6f44673bc855d.jpg,DRIP,336,336,3,58,462.0,13519.0,11368,2613,0.03417412530512612,0.17680826636050517
a2d6f44673bc855d.jpg,Fixed,336,336,3,57,103.0,13682.0,11172,2613,0.007528139160941383,0.039418293149636435
a30a00e52088ae0b.jpg,DRIP,336,336,5,58,1367.0,16716.0,11368,6715,0.08177793730557549,0.2035740878629933
a30a00e52088ae0b.jpg,Fixed,336,336,5,57,667.0,17220.0,11172,6715,0.038734030197444834,0.09932985852568876
a31228a5fc665e08.jpg,DRIP,336,336,0,59,,,11564,0,,
a31228a5fc665e08.jpg,Fixed,336,336,0,57,,,11172,0,,
a3229d1f02fdae12.jpg,DRIP,336,336,0,58,,,11368,0,,
a3229d1f02fdae12.jpg,Fixed,336,336,0,57,,,11172,0,,
a3366a6b509bfa01.jpg,DRIP,336,336,5,58,1105.0,14558.0,11368,4295,0.07590328341805193,0.2572759022118743
a3366a6b509bfa01.jpg,Fixed,336,336,5,57,490.0,14977.0,11172,4295,0.03271683247646391,0.1140861466821886
a33f8844790a1af0.jpg,DRIP,336,336,3,58,3183.0,17405.0,11368,9220,0.18287848319448435,0.3452277657266811
a33f8844790a1af0.jpg,Fixed,336,336,3,57,980.0,19412.0,11172,9220,0.05048423655470843,0.10629067245119306
a35b7cd2dc197a55.jpg,DRIP,336,336,2,58,196.0,13140.0,11368,1968,0.014916286149162862,0.09959349593495935
a35b7cd2dc197a55.jpg,Fixed,336,336,2,57,182.0,12958.0,11172,1968,0.014045377373051397,0.09247967479674797
a368ca124a246167.jpg,DRIP,336,336,6,58,3132.0,15968.0,11368,7732,0.19614228456913826,0.40506983962752197
a368ca124a246167.jpg,Fixed,336,336,6,57,856.0,18048.0,11172,7732,0.047429078014184396,0.1107087428867046
a37ccf435dc3482c.jpg,DRIP,336,336,0,58,,,11368,0,,
a37ccf435dc3482c.jpg,Fixed,336,336,0,57,,,11172,0,,
a3a0dc3be10723b3.jpg,DRIP,336,336,1,59,855.0,11564.0,11564,855,0.07393635420269803,1.0
a3a0dc3be10723b3.jpg,Fixed,336,336,1,57,0.0,12027.0,11172,855,0.0,0.0
a3abc549d131a435.jpg,DRIP,336,336,0,58,,,11368,0,,
a3abc549d131a435.jpg,Fixed,336,336,0,57,,,11172,0,,
a3bcbf35f6845b4d.jpg,DRIP,336,336,7,59,6328.0,36220.0,11564,30984,0.17471010491441194,0.20423444358378517
a3bcbf35f6845b4d.jpg,Fixed,336,336,7,57,2734.0,39422.0,11172,30984,0.06935213839987824,0.08823909114381616
a3c3d83d89f067f5.jpg,DRIP,336,336,11,59,7731.0,38916.0,11564,35083,0.1986586493987049,0.22036313884217426
a3c3d83d89f067f5.jpg,Fixed,336,336,11,57,3742.0,42513.0,11172,35083,0.08802013501752405,0.10666134595103041
a3d2ea198c2767cc.jpg,DRIP,336,336,7,59,6035.0,19998.0,11564,14469,0.30178017801780177,0.41709862464579445
a3d2ea198c2767cc.jpg,Fixed,336,336,7,57,1388.0,24253.0,11172,14469,0.057230033397930154,0.0959292280046997
a3f1fe4ebd510d4e.jpg,DRIP,336,336,2,58,775.0,12753.0,11368,2160,0.060770014898455266,0.3587962962962963
a3f1fe4ebd510d4e.jpg,Fixed,336,336,2,57,210.0,13122.0,11172,2160,0.01600365797896662,0.09722222222222222
a41d362539616318.jpg,DRIP,336,336,1,59,900.0,12723.0,11564,2059,0.07073803348266919,0.4371053909664886
a41d362539616318.jpg,Fixed,336,336,1,57,210.0,13021.0,11172,2059,0.016127793564242376,0.10199125789218066
a43139a64464b43f.jpg,DRIP,336,336,1,59,,,11564,0,,
a43139a64464b43f.jpg,Fixed,336,336,1,57,,,11172,0,,
a45a08ab8b0812a1.jpg,DRIP,336,336,1,59,361.0,11662.0,11564,459,0.030955239238552566,0.7864923747276689
a45a08ab8b0812a1.jpg,Fixed,336,336,1,57,0.0,11631.0,11172,459,0.0,0.0
a470285a40296e2d.jpg,DRIP,336,336,4,59,1465.0,18288.0,11564,8189,0.08010717410323709,0.17889852240810844
a470285a40296e2d.jpg,Fixed,336,336,4,57,868.0,18493.0,11172,8189,0.04693667874330828,0.10599584808889974
a478936450790c72.jpg,DRIP,336,336,20,59,6769.0,40060.0,11564,35265,0.16897154268597103,0.19194668935204878
a478936450790c72.jpg,Fixed,336,336,20,57,3663.0,42774.0,11172,35265,0.0856361341001543,0.10387069332199064
a4a5ce907d49c239.jpg,DRIP,336,336,0,59,,,11564,0,,
a4a5ce907d49c239.jpg,Fixed,336,336,0,57,,,11172,0,,
a4c1a5a0ebb58bb5.jpg,DRIP,336,336,25,58,5752.0,39675.0,11368,34059,0.14497794580970386,0.16888340820341172
a4c1a5a0ebb58bb5.jpg,Fixed,336,336,25,57,3087.0,42144.0,11172,34059,0.073248861047836,0.09063683607856954
a4c5d8be910efa3e.jpg,DRIP,336,336,3,59,3664.0,19726.0,11564,11826,0.18574470242319782,0.3098258075427025
a4c5d8be910efa3e.jpg,Fixed,336,336,3,57,1078.0,21920.0,11172,11826,0.04917883211678832,0.09115508202266193
a4dc6dff750053cd.jpg,DRIP,336,336,4,59,5700.0,29417.0,11564,23553,0.1937655097392664,0.24200738759393708
a4dc6dff750053cd.jpg,Fixed,336,336,4,57,2586.0,32139.0,11172,23553,0.08046298889200038,0.10979493058209146
a4dfd4dbffa11503.jpg,DRIP,336,336,0,58,,,11368,0,,
a4dfd4dbffa11503.jpg,Fixed,336,336,0,57,,,11172,0,,
a4f8fd67378730a8.jpg,DRIP,336,336,1,59,0.0,13039.0,11564,1475,0.0,0.0
a4f8fd67378730a8.jpg,Fixed,336,336,1,57,196.0,12451.0,11172,1475,0.015741707493374026,0.13288135593220338
a50ceaeef959e452.jpg,DRIP,336,336,5,59,966.0,17677.0,11564,7079,0.054647281778582336,0.13645995197061733
a50ceaeef959e452.jpg,Fixed,336,336,5,57,478.0,17773.0,11172,7079,0.02689472795813875,0.06752366153411499
a52161d6eee94830.jpg,DRIP,336,336,2,59,6398.0,20896.0,11564,15730,0.30618300153139355,0.4067387158296249
a52161d6eee94830.jpg,Fixed,336,336,2,57,1274.0,25628.0,11172,15730,0.04971125331668488,0.08099173553719008
a523da17dbe30535.jpg,DRIP,336,336,2,59,3340.0,21555.0,11564,13331,0.15495244722802134,0.25054384517290523
a523da17dbe30535.jpg,Fixed,336,336,2,57,1624.0,22879.0,11172,13331,0.07098212334455177,0.12182131873077788
a54fdaa154416f95.jpg,DRIP,336,336,1,59,532.0,12580.0,11564,1548,0.042289348171701116,0.34366925064599485
a54fdaa154416f95.jpg,Fixed,336,336,1,57,112.0,12608.0,11172,1548,0.008883248730964468,0.07235142118863049
a56b17c45ac1ac06.jpg,DRIP,336,336,5,58,6100.0,32873.0,11368,27605,0.18556261977915006,0.22097446114834268
a56b17c45ac1ac06.jpg,Fixed,336,336,5,57,2744.0,36033.0,11172,27605,0.0761524158410346,0.09940228219525449
a56edf96dc42ae8e.jpg,DRIP,336,336,4,59,3276.0,27423.0,11564,19135,0.11946176567115195,0.17120459890253462
a56edf96dc42ae8e.jpg,Fixed,336,336,4,57,1787.0,28520.0,11172,19135,0.0626577840112202,0.09338907760648027
a59bb7f78afc83a5.jpg,DRIP,336,336,1,58,294.0,11851.0,11368,777,0.024808033077377438,0.3783783783783784
a59bb7f78afc83a5.jpg,Fixed,336,336,1,57,0.0,11949.0,11172,777,0.0,0.0
a5a79a5811b8b602.jpg,DRIP,336,336,1,58,462.0,11959.0,11368,1053,0.03863199264152521,0.43874643874643876
a5a79a5811b8b602.jpg,Fixed,336,336,1,57,196.0,12029.0,11172,1053,0.016293956272341842,0.18613485280151948
a5bddc383f8772d3.jpg,DRIP,336,336,0,59,,,11564,0,,
a5bddc383f8772d3.jpg,Fixed,336,336,0,57,,,11172,0,,
a5f3a2c634ca375a.jpg,DRIP,336,336,9,58,6257.0,47045.0,11368,41934,0.13300031884366031,0.1492106643773549
a5f3a2c634ca375a.jpg,Fixed,336,336,9,57,3987.0,49119.0,11172,41934,0.08117021926342148,0.095077979682358
a6046cde1105e803.jpg,DRIP,336,336,7,59,3942.0,26561.0,11564,18939,0.14841308685666954,0.20814192935213052
a6046cde1105e803.jpg,Fixed,336,336,7,57,1423.0,28688.0,11172,18939,0.04960262130507529,0.07513596282802683
a604dd6cf38a4a12.jpg,DRIP,336,336,11,58,2535.0,22105.0,11368,13272,0.1146799366659127,0.19100361663652804
a604dd6cf38a4a12.jpg,Fixed,336,336,11,57,1298.0,23146.0,11172,13272,0.056078804113021685,0.09779987944544906
a61308902a95346e.jpg,DRIP,336,336,7,59,635.0,13112.0,11564,2183,0.04842892007321538,0.2908841044434265
a61308902a95346e.jpg,Fixed,336,336,7,57,366.0,12989.0,11172,2183,0.028177688813611518,0.16765918460833715
a63a44f94aa79896.jpg,DRIP,336,336,20,58,590.0,26370.0,11368,15592,0.022373909745923397,0.03783991790661878
a63a44f94aa79896.jpg,Fixed,336,336,20,57,2229.0,24535.0,11172,15592,0.0908498063990218,0.14295792714212416
a64f08dc9658945f.jpg,DRIP,336,336,11,59,1530.0,20617.0,11564,10583,0.074210602900519,0.14457148256638006
a64f08dc9658945f.jpg,Fixed,336,336,11,57,1384.0,20371.0,11172,10583,0.06793971822689117,0.1307757724652745
a67440cd07b0af06.jpg,DRIP,336,336,6,58,1746.0,15280.0,11368,5658,0.11426701570680628,0.30858960763520676
a67440cd07b0af06.jpg,Fixed,336,336,6,57,606.0,16224.0,11172,5658,0.03735207100591716,0.1071049840933192
a684099193e0f153.jpg,DRIP,336,336,2,59,1533.0,13090.0,11564,3059,0.11711229946524064,0.5011441647597255
a684099193e0f153.jpg,Fixed,336,336,2,57,518.0,13713.0,11172,3059,0.03777437468095967,0.16933638443935928
a69dc556d6ea3625.jpg,DRIP,336,336,1,58,4676.0,20042.0,11368,13350,0.23331004889731563,0.3502621722846442
a69dc556d6ea3625.jpg,Fixed,336,336,1,57,1246.0,23276.0,11172,13350,0.053531534627942946,0.09333333333333334
a6a16806a65f0ada.jpg,DRIP,336,336,1,59,1518.0,12272.0,11564,2226,0.12369621903520209,0.6819407008086253
a6a16806a65f0ada.jpg,Fixed,336,336,1,57,238.0,13160.0,11172,2226,0.018085106382978722,0.1069182389937107
a6ba8a7b7f10f515.jpg,DRIP,336,336,8,59,7357.0,35861.0,11564,31654,0.20515323052898693,0.23241928350287483
a6ba8a7b7f10f515.jpg,Fixed,336,336,8,57,3037.0,39789.0,11172,31654,0.07632762823896051,0.09594364061414039
a6d195e879492326.jpg,DRIP,336,336,3,59,0.0,15726.0,11564,4162,0.0,0.0
a6d195e879492326.jpg,Fixed,336,336,3,57,262.0,15072.0,11172,4162,0.017383227176220806,0.06295050456511293
a6d7668cf8a57563.jpg,DRIP,336,336,0,58,,,11368,0,,
a6d7668cf8a57563.jpg,Fixed,336,336,0,57,,,11172,0,,
a6f11b421cd58ca3.jpg,DRIP,336,336,12,58,3699.0,26803.0,11368,19134,0.13800693952169532,0.19332079021636878
a6f11b421cd58ca3.jpg,Fixed,336,336,12,57,2037.0,28269.0,11172,19134,0.07205773108351905,0.10645970523675133
a70c0eac40d03f13.jpg,DRIP,336,336,41,59,4762.0,31447.0,11564,24645,0.1514293891309187,0.19322377764252383
a70c0eac40d03f13.jpg,Fixed,336,336,41,57,2312.0,33505.0,11172,24645,0.06900462617519773,0.09381213227835261
a76a2b6bbd273396.jpg,DRIP,336,336,21,59,6268.0,39416.0,11564,34120,0.15902171706921048,0.18370457209847596
a76a2b6bbd273396.jpg,Fixed,336,336,21,57,3638.0,41654.0,11172,34120,0.08733855091947952,0.10662368112543963
a77ac2fe65cc9c55.jpg,DRIP,336,336,10,59,3017.0,16334.0,11564,7787,0.1847067466634015,0.38744060613843584
a77ac2fe65cc9c55.jpg,Fixed,336,336,10,57,798.0,18161.0,11172,7787,0.04394031165684709,0.10247848979067677
a7ad2bcb93d48576.jpg,DRIP,336,336,14,59,6905.0,66307.0,11564,61648,0.10413681813383202,0.11200687775759148
a7ad2bcb93d48576.jpg,Fixed,336,336,14,57,6159.0,66661.0,11172,61648,0.09239285339253836,0.0999059174669089
a7b647bd2b9488f2.jpg,DRIP,336,336,1,59,834.0,12657.0,11564,1927,0.06589239156198151,0.4327970939283861
a7b647bd2b9488f2.jpg,Fixed,336,336,1,57,196.0,12903.0,11172,1927,0.015190265829652019,0.101712506486767
a7b978b6db4a0957.jpg,DRIP,336,336,5,59,1817.0,19172.0,11564,9425,0.09477362820780305,0.19278514588859416
a7b978b6db4a0957.jpg,Fixed,336,336,5,57,742.0,19855.0,11172,9425,0.037370939309997485,0.07872679045092838
a7c8c64b17cf2b93.jpg,DRIP,336,336,0,58,,,11368,0,,
a7c8c64b17cf2b93.jpg,Fixed,336,336,0,57,,,11172,0,,
a7ec58b2c2373f03.jpg,DRIP,336,336,0,58,,,11368,0,,
a7ec58b2c2373f03.jpg,Fixed,336,336,0,57,,,11172,0,,
a7fabb3bd4936e1d.jpg,DRIP,336,336,0,59,,,11564,0,,
a7fabb3bd4936e1d.jpg,Fixed,336,336,0,57,,,11172,0,,
a803592ab7ec97e5.jpg,DRIP,336,336,1,58,1.0,12494.0,11368,1127,8.003841844085161e-05,0.0008873114463176575
a803592ab7ec97e5.jpg,Fixed,336,336,1,57,14.0,12285.0,11172,1127,0.0011396011396011395,0.012422360248447204
a8194229237ab0c2.jpg,DRIP,336,336,5,59,4558.0,12927.0,11564,5921,0.35259534308037443,0.7698023982435399
a8194229237ab0c2.jpg,Fixed,336,336,5,57,708.0,16385.0,11172,5921,0.043210253280439426,0.11957439621685526
a826571d72815d08.jpg,DRIP,336,336,3,59,2606.0,13543.0,11564,4585,0.19242413054714613,0.5683751363140677
a826571d72815d08.jpg,Fixed,336,336,3,57,518.0,15239.0,11172,4585,0.033991731740927886,0.11297709923664122
a82f3b484c30fa80.jpg,DRIP,336,336,5,58,933.0,12788.0,11368,2353,0.07295902408507976,0.3965150871228219
a82f3b484c30fa80.jpg,Fixed,336,336,5,57,244.0,13281.0,11172,2353,0.018372110533845343,0.10369740756481088
a83cf4c5ba6fb445.jpg,DRIP,336,336,0,59,,,11564,0,,
a83cf4c5ba6fb445.jpg,Fixed,336,336,0,57,,,11172,0,,
a845d2f9fd1d01c4.jpg,DRIP,336,336,1,58,829.0,12743.0,11368,2204,0.0650553244918779,0.3761343012704174
a845d2f9fd1d01c4.jpg,Fixed,336,336,1,57,266.0,13110.0,11172,2204,0.020289855072463767,0.1206896551724138
a85c9148747ada87.jpg,DRIP,336,336,13,59,7525.0,59695.0,11564,55656,0.1260574587486389,0.13520554836854967
a85c9148747ada87.jpg,Fixed,336,336,13,57,5660.0,61168.0,11172,55656,0.09253204289824744,0.10169613339082938
a86007a2ef271f92.jpg,DRIP,336,336,2,59,2559.0,13063.0,11564,4058,0.19589680777769272,0.6306062099556432
a86007a2ef271f92.jpg,Fixed,336,336,2,57,318.0,14912.0,11172,4058,0.02132510729613734,0.07836372597338591
a861b419b2044b43.jpg,DRIP,336,336,1,59,1316.0,12011.0,11564,1763,0.10956623095495796,0.7464549064095292
a861b419b2044b43.jpg,Fixed,336,336,1,57,196.0,12739.0,11172,1763,0.015385823063034775,0.11117413499716393
a8b93d2b71458539.jpg,DRIP,336,336,5,59,4745.0,19522.0,11564,12703,0.2430591127958201,0.37353381091080845
a8b93d2b71458539.jpg,Fixed,336,336,5,57,1342.0,22533.0,11172,12703,0.05955709403985266,0.10564433598362591
a8bcf15084b50c9c.jpg,DRIP,336,336,15,59,6726.0,24132.0,11564,19294,0.2787170561909498,0.34860578418161087
a8bcf15084b50c9c.jpg,Fixed,336,336,15,57,1962.0,28504.0,11172,19294,0.06883244456918328,0.10168964444905151
a8c1ab41aae1ed22.jpg,DRIP,336,336,0,58,,,11368,0,,
a8c1ab41aae1ed22.jpg,Fixed,336,336,0,57,,,11172,0,,
a8eb76a80a86f46f.jpg,DRIP,336,336,1,58,1148.0,21400.0,11368,11180,0.05364485981308411,0.10268336314847942
a8eb76a80a86f46f.jpg,Fixed,336,336,1,57,910.0,21442.0,11172,11180,0.042440070888909616,0.08139534883720931
a8ed32151682f25b.jpg,DRIP,336,336,2,59,1149.0,13579.0,11564,3164,0.08461595110096473,0.3631479140328698
a8ed32151682f25b.jpg,Fixed,336,336,2,57,277.0,14059.0,11172,3164,0.019702681556298455,0.08754740834386852
a90039ba8a060a2e.jpg,DRIP,336,336,6,59,1469.0,13137.0,11564,3042,0.11182157265737992,0.4829059829059829
a90039ba8a060a2e.jpg,Fixed,336,336,6,57,295.0,13919.0,11172,3042,0.02119405129678856,0.09697567389875082
a91245a62621b25f.jpg,DRIP,336,336,5,59,1966.0,14611.0,11564,5013,0.13455615632058038,0.3921803311390385
a91245a62621b25f.jpg,Fixed,336,336,5,57,457.0,15728.0,11172,5013,0.029056459816887082,0.09116297626171953
a9285906a1c8ae67.jpg,DRIP,336,336,2,58,1960.0,13149.0,11368,3741,0.14906076507719218,0.5239240844693932
a9285906a1c8ae67.jpg,Fixed,336,336,2,57,414.0,14499.0,11172,3741,0.028553693358162633,0.11066559743384122
a93c8fe0e15346d6.jpg,DRIP,336,336,2,59,5222.0,24948.0,11564,18606,0.20931537598204264,0.2806621519939804
a93c8fe0e15346d6.jpg,Fixed,336,336,2,57,1820.0,27958.0,11172,18606,0.06509764646970456,0.09781790820165538
a94f5e596927ebea.jpg,DRIP,336,336,1,59,2282.0,22160.0,11564,12878,0.10297833935018051,0.17720142879329087
a94f5e596927ebea.jpg,Fixed,336,336,1,57,1148.0,22902.0,11172,12878,0.05012662649550258,0.08914427706165554
a95faa37484790b0.jpg,DRIP,336,336,12,59,4853.0,36887.0,11564,30176,0.13156396562474584,0.16082317073170732
a95faa37484790b0.jpg,Fixed,336,336,12,57,2928.0,38420.0,11172,30176,0.07621030713170224,0.09703075291622482
a96defddecf9155d.jpg,DRIP,336,336,4,58,1326.0,13049.0,11368,3007,0.10161698214422561,0.44097106750914533
a96defddecf9155d.jpg,Fixed,336,336,4,57,290.0,13889.0,11172,3007,0.02087983296133631,0.09644163618224144
a97f41b33e7a4086.jpg,DRIP,336,336,77,59,4819.0,65054.0,11564,58309,0.07407692071202386,0.08264590371983742
a97f41b33e7a4086.jpg,Fixed,336,336,77,57,5722.0,63759.0,11172,58309,0.08974419297667781,0.09813236378603646
a97fce17f3941874.jpg,DRIP,336,336,3,58,3218.0,24045.0,11368,15895,0.13383239758785612,0.20245360176156024
a97fce17f3941874.jpg,Fixed,336,336,3,57,1344.0,25723.0,11172,15895,0.052248960074641373,0.0845548914753067
a98c9ce07aaabf5f.jpg,DRIP,336,336,46,59,5296.0,44158.0,11564,37890,0.11993296797862223,0.13977302718395354
a98c9ce07aaabf5f.jpg,Fixed,336,336,46,57,3179.0,45883.0,11172,37890,0.06928492034086699,0.08390076537344945
a99bb1af434349a4.jpg,DRIP,336,336,10,59,2457.0,34585.0,11564,25478,0.07104235940436605,0.09643614098437868
a99bb1af434349a4.jpg,Fixed,336,336,10,57,2274.0,34376.0,11172,25478,0.06615080288573423,0.08925347358505377
a9af41cdbf102758.jpg,DRIP,336,336,0,58,,,11368,0,,
a9af41cdbf102758.jpg,Fixed,336,336,0,57,,,11172,0,,
aa00c3d5ab3ef2cb.jpg,DRIP,336,336,1,59,1064.0,17873.0,11564,7373,0.05953113635092038,0.1443103214431032
aa00c3d5ab3ef2cb.jpg,Fixed,336,336,1,57,868.0,17677.0,11172,7373,0.049103354641624714,0.11772684117726841
aa16b34ff354eaa6.jpg,DRIP,336,336,1,58,507.0,11640.0,11368,779,0.04355670103092783,0.6508344030808729
aa16b34ff354eaa6.jpg,Fixed,336,336,1,57,45.0,11906.0,11172,779,0.0037796069208802284,0.057766367137355584
aa6cc0581ef86a45.jpg,DRIP,336,336,5,59,2272.0,14490.0,11564,5198,0.15679779158040028,0.43709118891881493
aa6cc0581ef86a45.jpg,Fixed,336,336,5,57,624.0,15746.0,11172,5198,0.039629112155468056,0.12004617160446325
aa952a4f774595a7.jpg,DRIP,336,336,3,59,350.0,12369.0,11564,1155,0.028296547821165818,0.30303030303030304
aa952a4f774595a7.jpg,Fixed,336,336,3,57,140.0,12187.0,11172,1155,0.011487650775416428,0.12121212121212122
aab582e28551b4ae.jpg,DRIP,336,336,2,59,672.0,12692.0,11564,1800,0.052946738102741885,0.37333333333333335
aab582e28551b4ae.jpg,Fixed,336,336,2,57,252.0,12720.0,11172,1800,0.01981132075471698,0.14
aada520afe935da8.jpg,DRIP,336,336,6,59,5869.0,25630.0,11564,19935,0.22898946547015217,0.2944068221720592
aada520afe935da8.jpg,Fixed,336,336,6,57,2184.0,28923.0,11172,19935,0.07551083912457214,0.10955605718585402
aaddff024d49bfd2.jpg,DRIP,336,336,5,59,2221.0,35998.0,11564,26655,0.06169787210400578,0.08332395422997561
aaddff024d49bfd2.jpg,Fixed,336,336,5,57,2610.0,35217.0,11172,26655,0.07411193457705086,0.09791783905458638
aaf017d2b9d2e308.jpg,DRIP,336,336,16,59,4649.0,30257.0,11564,23342,0.15365039494992894,0.19916888013023734
aaf017d2b9d2e308.jpg,Fixed,336,336,16,57,2340.0,32174.0,11172,23342,0.07272953316342388,0.10024847913632079
ab3391e71df6cae3.jpg,DRIP,336,336,1,59,1988.0,13151.0,11564,3575,0.1511672116188883,0.556083916083916
ab3391e71df6cae3.jpg,Fixed,336,336,1,57,196.0,14551.0,11172,3575,0.013469864614115869,0.05482517482517483
ab3670d0409c530e.jpg,DRIP,336,336,3,59,0.0,11996.0,11564,432,0.0,0.0
ab3670d0409c530e.jpg,Fixed,336,336,3,57,84.0,11520.0,11172,432,0.007291666666666667,0.19444444444444445
ab3a83ad21d5ba04.jpg,DRIP,336,336,0,59,,,11564,0,,
ab3a83ad21d5ba04.jpg,Fixed,336,336,0,57,,,11172,0,,
ab9c12b4c9a65443.jpg,DRIP,336,336,10,59,4578.0,23287.0,11564,16301,0.19659037231073132,0.2808416661554506
ab9c12b4c9a65443.jpg,Fixed,336,336,10,57,1827.0,25646.0,11172,16301,0.07123917959915776,0.11207901355745047
abb34c6b91164a58.jpg,DRIP,336,336,5,59,2832.0,18815.0,11564,10083,0.15051820356098858,0.2808687890508777
abb34c6b91164a58.jpg,Fixed,336,336,5,57,1288.0,19967.0,11172,10083,0.06450643561877097,0.12773975999206585
abb4f05c1cd83374.jpg,DRIP,336,336,12,59,1648.0,15893.0,11564,5977,0.10369344994651733,0.275723607160783
abb4f05c1cd83374.jpg,Fixed,336,336,12,57,789.0,16360.0,11172,5977,0.04822738386308068,0.13200602308850595
abc2cd9469f6795b.jpg,DRIP,336,336,5,59,2331.0,14894.0,11564,5661,0.15650597556062845,0.4117647058823529
abc2cd9469f6795b.jpg,Fixed,336,336,5,57,504.0,16329.0,11172,5661,0.030865331618592687,0.0890302066772655
abd00dfa7d8681b0.jpg,DRIP,336,336,0,58,,,11368,0,,
abd00dfa7d8681b0.jpg,Fixed,336,336,0,57,,,11172,0,,
abe4d58ef1071f88.jpg,DRIP,336,336,52,59,8350.0,73119.0,11564,69905,0.11419740423145831,0.11944782204420284
abe4d58ef1071f88.jpg,Fixed,336,336,52,57,6801.0,74276.0,11172,69905,0.0915638968172761,0.09728917817037408
abedeb5f780f2a81.jpg,DRIP,336,336,7,59,4192.0,14978.0,11564,7606,0.279877153157965,0.5511438338154089
abedeb5f780f2a81.jpg,Fixed,336,336,7,57,861.0,17917.0,11172,7606,0.04805491990846682,0.11320010518012096
abf44da933c834da.jpg,DRIP,336,336,0,59,,,11564,0,,
abf44da933c834da.jpg,Fixed,336,336,0,57,,,11172,0,,
abfafbff575e80a5.jpg,DRIP,336,336,3,58,632.0,13055.0,11368,2319,0.048410570662581386,0.27253126347563605
abfafbff575e80a5.jpg,Fixed,336,336,3,57,192.0,13299.0,11172,2319,0.014437175727498308,0.08279430789133248
abff7a10c0e23564.jpg,DRIP,336,336,1,59,378.0,12401.0,11564,1215,0.030481412789291187,0.3111111111111111
abff7a10c0e23564.jpg,Fixed,336,336,1,57,149.0,12238.0,11172,1215,0.01217519202484066,0.12263374485596708
ac3196fa33ad7043.jpg,DRIP,336,336,2,59,2604.0,27656.0,11564,18696,0.09415678333815447,0.1392811296534018
ac3196fa33ad7043.jpg,Fixed,336,336,2,57,1843.0,28025.0,11172,18696,0.06576271186440678,0.09857723577235772
ac49288b13c93c07.jpg,DRIP,336,336,3,59,336.0,19369.0,11564,8141,0.01734730755330683,0.0412725709372313
ac49288b13c93c07.jpg,Fixed,336,336,3,57,686.0,18627.0,11172,8141,0.0368282600526118,0.08426483233018056
ac5cc03ac60750a6.jpg,DRIP,336,336,2,58,1324.0,12233.0,11368,2189,0.10823183193002534,0.6048423937871175
ac5cc03ac60750a6.jpg,Fixed,336,336,2,57,75.0,13286.0,11172,2189,0.005645039891615234,0.034262220191868434
ac91a25008355823.jpg,DRIP,336,336,0,58,,,11368,0,,
ac91a25008355823.jpg,Fixed,336,336,0,57,,,11172,0,,
acc2a6c28a356b86.jpg,DRIP,336,336,5,58,2590.0,17051.0,11368,8273,0.15189724942818603,0.3130666021999275
acc2a6c28a356b86.jpg,Fixed,336,336,5,57,840.0,18605.0,11172,8273,0.045149153453372746,0.10153511422700351
acd7649af3a05139.jpg,DRIP,336,336,3,58,769.0,21456.0,11368,10857,0.03584079045488441,0.07082987934051764
acd7649af3a05139.jpg,Fixed,336,336,3,57,888.0,21141.0,11172,10857,0.04200368951326806,0.08179054987565626
acda8184c4c7f187.jpg,DRIP,336,336,1,59,7350.0,42269.0,11564,38055,0.1738862996522274,0.19314150571541192
acda8184c4c7f187.jpg,Fixed,336,336,1,57,3612.0,45615.0,11172,38055,0.07918447878987175,0.09491525423728814
ace9dc023177ac5f.jpg,DRIP,336,336,4,58,1075.0,14801.0,11368,4508,0.07263022768731843,0.23846495119787045
ace9dc023177ac5f.jpg,Fixed,336,336,4,57,280.0,15400.0,11172,4508,0.01818181818181818,0.062111801242236024
acf3e290378d9ff6.jpg,DRIP,336,336,1,58,700.0,16800.0,11368,6132,0.041666666666666664,0.1141552511415525
acf3e290378d9ff6.jpg,Fixed,336,336,1,57,588.0,16716.0,11172,6132,0.035175879396984924,0.0958904109589041
acfa4bdc00bf4b75.jpg,DRIP,336,336,4,58,4074.0,34335.0,11368,27041,0.11865443425076452,0.1506601087237898
acfa4bdc00bf4b75.jpg,Fixed,336,336,4,57,2648.0,35565.0,11172,27041,0.0744552228314354,0.09792537258237491
ad177bea5de173a4.jpg,DRIP,336,336,2,58,8526.0,71251.0,11368,68409,0.11966147843539038,0.12463272376441696
ad177bea5de173a4.jpg,Fixed,336,336,2,57,6384.0,73197.0,11172,68409,0.08721668920857412,0.09332105424724817
ad1caa38f58eafe9.jpg,DRIP,336,336,3,58,0.0,12749.0,11368,1381,0.0,0.0
ad1caa38f58eafe9.jpg,Fixed,336,336,3,57,108.0,12445.0,11172,1381,0.008678184009642426,0.0782041998551774
ad2c56d201d226e4.jpg,DRIP,336,336,1,59,49.0,11892.0,11564,377,0.00412041708711739,0.129973474801061
ad2c56d201d226e4.jpg,Fixed,336,336,1,57,49.0,11500.0,11172,377,0.004260869565217392,0.129973474801061
ad2e785016c2152a.jpg,DRIP,336,336,4,58,3459.0,16348.0,11368,8439,0.21158551504771225,0.4098826875222183
ad2e785016c2152a.jpg,Fixed,336,336,4,57,798.0,18813.0,11172,8439,0.04241747727635146,0.0945609669392108
ad399ac4a7401c3f.jpg,DRIP,336,336,7,59,654.0,17447.0,11564,6537,0.03748495443342695,0.10004589261128959
ad399ac4a7401c3f.jpg,Fixed,336,336,7,57,507.0,17202.0,11172,6537,0.029473317056156263,0.07755851307939422
ad3b473388f62613.jpg,DRIP,336,336,2,58,2534.0,16625.0,11368,7791,0.15242105263157896,0.3252470799640611
ad3b473388f62613.jpg,Fixed,336,336,2,57,642.0,18321.0,11172,7791,0.035041755362698546,0.08240277242972661
ad4fe79a5857148a.jpg,DRIP,336,336,1,58,2268.0,14575.0,11368,5475,0.1556089193825043,0.41424657534246573
ad4fe79a5857148a.jpg,Fixed,336,336,1,57,252.0,16395.0,11172,5475,0.015370539798719121,0.046027397260273974
ad5781b6c1545384.jpg,DRIP,336,336,1,58,1974.0,19050.0,11368,9656,0.10362204724409449,0.2044324772162386
ad5781b6c1545384.jpg,Fixed,336,336,1,57,994.0,19834.0,11172,9656,0.050115962488655845,0.10294117647058823
ad6dd057704d74c8.jpg,DRIP,336,336,5,58,3745.0,16536.0,11368,8913,0.22647556845670053,0.4201727813306406
ad6dd057704d74c8.jpg,Fixed,336,336,5,57,642.0,19443.0,11172,8913,0.033019595741397935,0.07202961965668125
ad7a69ec83cfc789.jpg,DRIP,336,336,117,59,6493.0,74805.0,11564,69734,0.08679901076131274,0.0931109645223277
ad7a69ec83cfc789.jpg,Fixed,336,336,117,57,6654.0,74252.0,11172,69734,0.08961374777783764,0.09541973786101471
adbc9f3013136c20.jpg,DRIP,336,336,2,59,3308.0,17316.0,11564,9060,0.19103719103719105,0.365121412803532
adbc9f3013136c20.jpg,Fixed,336,336,2,57,686.0,19546.0,11172,9060,0.03509669497595416,0.07571743929359824
adf07fa720dfe849.jpg,DRIP,336,336,6,59,6244.0,46146.0,11564,40826,0.13530966931044944,0.1529417528045853
adf07fa720dfe849.jpg,Fixed,336,336,6,57,4004.0,47994.0,11172,40826,0.08342709505354837,0.09807475628276098
ae39c77955f120f6.jpg,DRIP,336,336,2,58,0.0,14424.0,11368,3056,0.0,0.0
ae39c77955f120f6.jpg,Fixed,336,336,2,57,371.0,13857.0,11172,3056,0.0267734718914628,0.12140052356020943
ae4ea151f72c15ad.jpg,DRIP,336,336,1,59,409.0,11683.0,11564,528,0.035008131473080545,0.7746212121212122
ae4ea151f72c15ad.jpg,Fixed,336,336,1,57,0.0,11700.0,11172,528,0.0,0.0
ae4ec6fb975a1c45.jpg,DRIP,336,336,2,58,3584.0,16598.0,11368,8814,0.21592963007591276,0.4066258225550261
ae4ec6fb975a1c45.jpg,Fixed,336,336,2,57,948.0,19038.0,11172,8814,0.04979514654900725,0.10755616065350579
ae5292d160537db2.jpg,DRIP,336,336,13,58,2105.0,15597.0,11368,6334,0.13496185163813554,0.3323334385854121
ae5292d160537db2.jpg,Fixed,336,336,13,57,445.0,17061.0,11172,6334,0.026082879080944844,0.07025576255131039
ae71e1a90ac00703.jpg,DRIP,336,336,1,58,1176.0,12487.0,11368,2295,0.09417794506286538,0.5124183006535947
ae71e1a90ac00703.jpg,Fixed,336,336,1,57,196.0,13271.0,11172,2295,0.014769045286715394,0.08540305010893247
aea7fa8d423390e1.jpg,DRIP,336,336,3,58,769.0,15483.0,11368,4884,0.04966737712329652,0.15745290745290746
aea7fa8d423390e1.jpg,Fixed,336,336,3,57,336.0,15720.0,11172,4884,0.021374045801526718,0.0687960687960688
aea9ee32aa90d9bd.jpg,DRIP,336,336,7,58,1232.0,17179.0,11368,7043,0.07171546655800687,0.17492545790146244
aea9ee32aa90d9bd.jpg,Fixed,336,336,7,57,696.0,17519.0,11172,7043,0.039728294994006506,0.09882152491835866
aead40683525340f.jpg,DRIP,336,336,3,59,3955.0,63142.0,11564,55533,0.06263659687688068,0.07121891487944106
aead40683525340f.jpg,Fixed,336,336,3,57,5201.0,61504.0,11172,55533,0.08456360561914672,0.09365602434588442
aec66d724f5a24a0.jpg,DRIP,336,336,7,58,252.0,17393.0,11368,6277,0.014488587362732133,0.04014656683128883
aec66d724f5a24a0.jpg,Fixed,336,336,7,57,490.0,16959.0,11172,6277,0.02889321304322189,0.07806276883861718
aee9e570aedffd19.jpg,DRIP,336,336,0,59,,,11564,0,,
aee9e570aedffd19.jpg,Fixed,336,336,0,57,,,11172,0,,
af081acf3f6798ea.jpg,DRIP,336,336,1,59,1028.0,11580.0,11564,1044,0.08877374784110535,0.9846743295019157
af081acf3f6798ea.jpg,Fixed,336,336,1,57,160.0,12056.0,11172,1044,0.013271400132714002,0.1532567049808429
af0ce62e7c65ef9e.jpg,DRIP,336,336,16,59,5278.0,24699.0,11564,18413,0.2136928620591927,0.2866453049475914
af0ce62e7c65ef9e.jpg,Fixed,336,336,16,57,1470.0,28115.0,11172,18413,0.052285256980259646,0.07983489925596046
af1a0c51c806719c.jpg,DRIP,336,336,0,58,,,11368,0,,
af1a0c51c806719c.jpg,Fixed,336,336,0,57,,,11172,0,,
af211446c229675e.jpg,DRIP,336,336,3,58,4449.0,14715.0,11368,7796,0.30234454638124364,0.5706772703950744
af211446c229675e.jpg,Fixed,336,336,3,57,812.0,18156.0,11172,7796,0.04472350738048028,0.10415597742432016
af67237a4a504a29.jpg,DRIP,336,336,1,58,322.0,13383.0,11368,2337,0.024060375102742285,0.13778348309798888
af67237a4a504a29.jpg,Fixed,336,336,1,57,196.0,13313.0,11172,2337,0.014722451738901826,0.08386820710312366
af7aaac7abe0a4af.jpg,DRIP,336,336,1,59,,,11564,0,,
af7aaac7abe0a4af.jpg,Fixed,336,336,1,57,,,11172,0,,
af7be6b69ba0510b.jpg,DRIP,336,336,0,59,,,11564,0,,
af7be6b69ba0510b.jpg,Fixed,336,336,0,57,,,11172,0,,
af898ab71febb6ee.jpg,DRIP,336,336,10,59,7560.0,40795.0,11564,36791,0.1853168280426523,0.20548503710146504
af898ab71febb6ee.jpg,Fixed,336,336,10,57,3332.0,44631.0,11172,36791,0.07465662880060944,0.09056562746323829
afb0de7efbb6f177.jpg,DRIP,336,336,2,59,3122.0,16551.0,11564,8109,0.18862908585583954,0.3850043161918856
afb0de7efbb6f177.jpg,Fixed,336,336,2,57,1099.0,18182.0,11172,8109,0.06044439555604444,0.1355284252065606
afb4bdaab3ea89e7.jpg,DRIP,336,336,11,58,2348.0,19372.0,11368,10352,0.12120586413380137,0.2268160741885626
afb4bdaab3ea89e7.jpg,Fixed,336,336,11,57,930.0,20594.0,11172,10352,0.045158784111877244,0.08983771251931993
afb834316305ec9a.jpg,DRIP,336,336,10,59,6586.0,32626.0,11564,27648,0.2018635444124318,0.23820891203703703
afb834316305ec9a.jpg,Fixed,336,336,10,57,2624.0,36196.0,11172,27648,0.07249419825395072,0.09490740740740741
afc9c49c9871e24e.jpg,DRIP,336,336,2,59,3066.0,17658.0,11564,9160,0.17363234794427454,0.3347161572052402
afc9c49c9871e24e.jpg,Fixed,336,336,2,57,910.0,19422.0,11172,9160,0.04685408299866131,0.09934497816593886
afd0c5a6d3ef244d.jpg,DRIP,336,336,5,58,2458.0,19737.0,11368,10827,0.12453767036530375,0.22702503001754873
afd0c5a6d3ef244d.jpg,Fixed,336,336,5,57,980.0,21019.0,11172,10827,0.046624482610971026,0.09051445460423016
afe006b794efb2fa.jpg,DRIP,336,336,20,59,4963.0,31204.0,11564,24603,0.15905012177925906,0.2017233670690566
afe006b794efb2fa.jpg,Fixed,336,336,20,57,2243.0,33532.0,11172,24603,0.06689132768698557,0.09116774377108483
aff3af3f9bb39f12.jpg,DRIP,336,336,6,58,2064.0,24834.0,11368,15530,0.08311186276878473,0.1329040566645203
aff3af3f9bb39f12.jpg,Fixed,336,336,6,57,1360.0,25342.0,11172,15530,0.053665851156183414,0.0875724404378622
aff45eb75b9e7a6a.jpg,DRIP,336,336,11,59,4128.0,28379.0,11564,20943,0.1454596708833997,0.19710643174330325
aff45eb75b9e7a6a.jpg,Fixed,336,336,11,57,2068.0,30047.0,11172,20943,0.06882550670616035,0.09874421047605406
b00e419be374801c.jpg,DRIP,336,336,10,59,3529.0,17290.0,11564,9255,0.2041064198958936,0.38130740140464614
b00e419be374801c.jpg,Fixed,336,336,10,57,1079.0,19348.0,11172,9255,0.05576803804010751,0.11658562938951918
b018190417857436.jpg,DRIP,336,336,0,59,,,11564,0,,
b018190417857436.jpg,Fixed,336,336,0,57,,,11172,0,,
b04abbdd2149d763.jpg,DRIP,336,336,1,59,0.0,13159.0,11564,1595,0.0,0.0
b04abbdd2149d763.jpg,Fixed,336,336,1,57,196.0,12571.0,11172,1595,0.015591440617293771,0.12288401253918495
b04c2070f2fa6bad.jpg,DRIP,336,336,11,59,3573.0,21180.0,11564,13189,0.16869688385269122,0.2709075744938964
b04c2070f2fa6bad.jpg,Fixed,336,336,11,57,1182.0,23179.0,11172,13189,0.05099443461754174,0.0896201379937827
b0515e708cf42046.jpg,DRIP,336,336,7,58,2666.0,20185.0,11368,11483,0.13207827594748575,0.23216929373857007
b0515e708cf42046.jpg,Fixed,336,336,7,57,1401.0,21254.0,11172,11483,0.0659170038580973,0.12200644430897849
b058a294238c5e08.jpg,DRIP,336,336,4,59,4113.0,22659.0,11564,15208,0.18151727790282007,0.2704497632824829
b058a294238c5e08.jpg,Fixed,336,336,4,57,1480.0,24900.0,11172,15208,0.05943775100401606,0.097317201472909
b083d82acee71f2d.jpg,DRIP,336,336,1,59,1516.0,13117.0,11564,3069,0.11557520774567355,0.4939719778429456
b083d82acee71f2d.jpg,Fixed,336,336,1,57,266.0,13975.0,11172,3069,0.019033989266547407,0.086673183447377
b089ad2e20483e08.jpg,DRIP,336,336,0,58,,,11368,0,,
b089ad2e20483e08.jpg,Fixed,336,336,0,57,,,11172,0,,
b09dd0e7fad13f08.jpg,DRIP,336,336,0,58,,,11368,0,,
b09dd0e7fad13f08.jpg,Fixed,336,336,0,57,,,11172,0,,
b0a81a66a0d63dfb.jpg,DRIP,336,336,4,59,,,11564,0,,
b0a81a66a0d63dfb.jpg,Fixed,336,336,4,57,,,11172,0,,
b0b6386ea1ebbfef.jpg,DRIP,336,336,17,59,8011.0,60940.0,11564,57387,0.13145717098785692,0.13959607576628852
b0b6386ea1ebbfef.jpg,Fixed,336,336,17,57,5418.0,63141.0,11172,57387,0.08580795362759538,0.09441162632651995
b0dfddaeebd5d64d.jpg,DRIP,336,336,6,59,5474.0,38521.0,11564,32431,0.1421043067417772,0.1687891215195338
b0dfddaeebd5d64d.jpg,Fixed,336,336,6,57,3701.0,39902.0,11172,32431,0.09275224299533857,0.11411920693163947
b10370e5b29e423f.jpg,DRIP,336,336,0,59,,,11564,0,,
b10370e5b29e423f.jpg,Fixed,336,336,0,57,,,11172,0,,
b11676d5dfd9c6a0.jpg,DRIP,336,336,0,59,,,11564,0,,
b11676d5dfd9c6a0.jpg,Fixed,336,336,0,57,,,11172,0,,
b1180f01df324535.jpg,DRIP,336,336,25,59,6836.0,35231.0,11564,30503,0.19403366353495502,0.22410910402255516
b1180f01df324535.jpg,Fixed,336,336,25,57,3216.0,38459.0,11172,30503,0.08362151902025533,0.10543225256532145
b11e8b1bde9bca77.jpg,DRIP,336,336,2,59,320.0,12585.0,11564,1341,0.02542709574890743,0.23862788963460105
b11e8b1bde9bca77.jpg,Fixed,336,336,2,57,196.0,12317.0,11172,1341,0.015912965819598928,0.14615958240119314
b13cc5f7ef2110be.jpg,DRIP,336,336,17,59,2862.0,21212.0,11564,12510,0.1349236281350179,0.22877697841726619
b13cc5f7ef2110be.jpg,Fixed,336,336,17,57,1522.0,22160.0,11172,12510,0.06868231046931408,0.12166266986410872
b14093fe05f0f3fa.jpg,DRIP,336,336,1,59,2632.0,13153.0,11564,4221,0.20010643959552954,0.6235489220563848
b14093fe05f0f3fa.jpg,Fixed,336,336,1,57,266.0,15127.0,11172,4221,0.017584451642757983,0.06301824212271974
b15515a1cddcfbba.jpg,DRIP,336,336,5,59,1431.0,13083.0,11564,2950,0.10937858289383169,0.4850847457627119
b15515a1cddcfbba.jpg,Fixed,336,336,5,57,434.0,13688.0,11172,2950,0.031706604324956165,0.14711864406779662
b17045cd21c713c0.jpg,DRIP,336,336,12,59,4499.0,27685.0,11564,20620,0.16250677262055266,0.21818622696411252
b17045cd21c713c0.jpg,Fixed,336,336,12,57,1988.0,29804.0,11172,20620,0.0667024560461683,0.09641125121241513
b193fee48f0b0314.jpg,DRIP,336,336,9,58,4418.0,34145.0,11368,27195,0.12938936886806268,0.16245633388490532
b193fee48f0b0314.jpg,Fixed,336,336,9,57,2844.0,35523.0,11172,27195,0.08006080567519636,0.1045780474351903
b194c1d4d687fd6e.jpg,DRIP,336,336,16,58,5410.0,36115.0,11368,30157,0.14979925238820435,0.1793945021056471
b194c1d4d687fd6e.jpg,Fixed,336,336,16,57,3252.0,38077.0,11172,30157,0.08540588806891299,0.10783566004576052
b1a23041365708ed.jpg,DRIP,336,336,0,58,,,11368,0,,
b1a23041365708ed.jpg,Fixed,336,336,0,57,,,11172,0,,
b1c20a83bb4646b2.jpg,DRIP,336,336,3,58,1710.0,15910.0,11368,6252,0.10747957259585167,0.27351247600767753
b1c20a83bb4646b2.jpg,Fixed,336,336,3,57,620.0,16804.0,11172,6252,0.03689597714829802,0.09916826615483046
b20db61b8a4b0e88.jpg,DRIP,336,336,3,58,896.0,12750.0,11368,2278,0.07027450980392157,0.3933274802458297
b20db61b8a4b0e88.jpg,Fixed,336,336,3,57,254.0,13196.0,11172,2278,0.01924825704759018,0.11150131694468832
b246086b7454248c.jpg,DRIP,336,336,2,58,5024.0,22608.0,11368,16264,0.2222222222222222,0.308903098868667
b246086b7454248c.jpg,Fixed,336,336,2,57,1666.0,25770.0,11172,16264,0.06464881645324021,0.10243482538121003
b24c7024a6d15d66.jpg,DRIP,336,336,7,59,2394.0,29097.0,11564,19927,0.08227652335292299,0.12013850554524012
b24c7024a6d15d66.jpg,Fixed,336,336,7,57,2235.0,28864.0,11172,19927,0.07743209534368072,0.11215938174336328
b25c12646ad0fa83.jpg,DRIP,336,336,4,59,1197.0,14905.0,11564,4538,0.08030862126803086,0.2637725870427501
b25c12646ad0fa83.jpg,Fixed,336,336,4,57,414.0,15296.0,11172,4538,0.027065899581589958,0.09122961657117673
b25efd82bcaf3be5.jpg,DRIP,336,336,32,58,5048.0,42725.0,11368,36405,0.11815096547688707,0.13866227166597994
b25efd82bcaf3be5.jpg,Fixed,336,336,32,57,3484.0,44093.0,11172,36405,0.07901480960696709,0.09570113995330312
b270c8b23d03eaab.jpg,DRIP,336,336,10,58,753.0,14646.0,11368,4031,0.051413355182302334,0.18680228231208137
b270c8b23d03eaab.jpg,Fixed,336,336,10,57,558.0,14645.0,11172,4031,0.03810174120860362,0.1384271892830563
b2a6d5f9b68f7761.jpg,DRIP,336,336,3,58,907.0,14052.0,11368,3591,0.06454597210361514,0.2525758841548315
b2a6d5f9b68f7761.jpg,Fixed,336,336,3,57,511.0,14252.0,11172,3591,0.03585461689587426,0.14230019493177387
b2ae0f96dfbea5d8.jpg,DRIP,336,336,10,58,172.0,16259.0,11368,5063,0.010578756381081248,0.03397195338731977
b2ae0f96dfbea5d8.jpg,Fixed,336,336,10,57,313.0,15922.0,11172,5063,0.019658334380103,0.06182105471064586
b2b3302d4fb4ecf4.jpg,DRIP,336,336,0,58,,,11368,0,,
b2b3302d4fb4ecf4.jpg,Fixed,336,336,0,57,,,11172,0,,
b2d87d7d13d1bb95.jpg,DRIP,336,336,8,59,3649.0,21620.0,11564,13705,0.16877890841813137,0.2662531922655965
b2d87d7d13d1bb95.jpg,Fixed,336,336,8,57,1327.0,23550.0,11172,13705,0.056348195329087046,0.09682597592119664
b2f05154506f573f.jpg,DRIP,336,336,0,59,,,11564,0,,
b2f05154506f573f.jpg,Fixed,336,336,0,57,,,11172,0,,
b34be2e8d59288be.jpg,DRIP,336,336,3,59,5250.0,26051.0,11564,19737,0.20152777244635522,0.26599787201702385
b34be2e8d59288be.jpg,Fixed,336,336,3,57,2478.0,28431.0,11172,19737,0.08715838345467974,0.12555099559203525
b35885b1e21bff2a.jpg,DRIP,336,336,2,59,4564.0,19848.0,11564,12848,0.22994760177347845,0.35523038605230384
b35885b1e21bff2a.jpg,Fixed,336,336,2,57,1316.0,22704.0,11172,12848,0.05796335447498238,0.10242839352428394
b395175f315bdddb.jpg,DRIP,336,336,124,58,4898.0,59302.0,11368,52832,0.08259417894843345,0.09270896426408237
b395175f315bdddb.jpg,Fixed,336,336,124,57,4802.0,59202.0,11172,52832,0.08111212459038546,0.09089188370684434
b39d378c785d2af6.jpg,DRIP,336,336,10,58,1934.0,31176.0,11368,21742,0.06203489863997947,0.08895225830190415
b39d378c785d2af6.jpg,Fixed,336,336,10,57,2036.0,30878.0,11172,21742,0.0659369130125008,0.09364363903964677
b3c37fa242e67920.jpg,DRIP,336,336,5,59,2678.0,14570.0,11564,5684,0.18380233356211392,0.4711470795214638
b3c37fa242e67920.jpg,Fixed,336,336,5,57,693.0,16163.0,11172,5684,0.04287570376786488,0.12192118226600986
b3d36514d305b380.jpg,DRIP,336,336,2,59,5446.0,36317.0,11564,30199,0.1499573202632376,0.18033709725487598
b3d36514d305b380.jpg,Fixed,336,336,2,57,3402.0,37969.0,11172,30199,0.08959941004503674,0.11265273684559092
b3def51bbc6c1af8.jpg,DRIP,336,336,16,58,4760.0,23810.0,11368,17202,0.1999160016799664,0.27671201023136843
b3def51bbc6c1af8.jpg,Fixed,336,336,16,57,1652.0,26722.0,11172,17202,0.061821719931142875,0.09603534472735728
b3eaf5d8d754100d.jpg,DRIP,336,336,3,58,1216.0,12556.0,11368,2404,0.09684612934055431,0.5058236272878536
b3eaf5d8d754100d.jpg,Fixed,336,336,3,57,154.0,13422.0,11172,2404,0.011473699895693638,0.06405990016638935
b3fb37c73531b1ef.jpg,DRIP,336,336,7,59,3079.0,18369.0,11564,9884,0.16761935870216124,0.3115135572642655
b3fb37c73531b1ef.jpg,Fixed,336,336,7,57,901.0,20155.0,11172,9884,0.04470354750682213,0.09115742614326183
b45d4503c9cf3733.jpg,DRIP,336,336,2,58,468.0,12529.0,11368,1629,0.037353340250618566,0.287292817679558
b45d4503c9cf3733.jpg,Fixed,336,336,2,57,170.0,12631.0,11172,1629,0.013458950201884253,0.1043585021485574
b45fef2565bc76e4.jpg,DRIP,336,336,3,58,2640.0,18514.0,11368,9786,0.1425947931295236,0.269773145309626
b45fef2565bc76e4.jpg,Fixed,336,336,3,57,1128.0,19830.0,11172,9786,0.05688350983358548,0.11526670754138565
b491759eb0197da6.jpg,DRIP,336,336,36,58,5550.0,58170.0,11368,52352,0.09541000515729757,0.10601314180929096
b491759eb0197da6.jpg,Fixed,336,336,36,57,5272.0,58252.0,11172,52352,0.09050333035775596,0.10070293398533008
b4e240aa5f1d1488.jpg,DRIP,336,336,0,58,,,11368,0,,
b4e240aa5f1d1488.jpg,Fixed,336,336,0,57,,,11172,0,,
b4f068422f930d2b.jpg,DRIP,336,336,1,58,3164.0,14703.0,11368,6499,0.21519417805889954,0.48684412986613324
b4f068422f930d2b.jpg,Fixed,336,336,1,57,812.0,16859.0,11172,6499,0.04816418530161931,0.12494229881520234
b50496a372ba924c.jpg,DRIP,336,336,0,58,,,11368,0,,
b50496a372ba924c.jpg,Fixed,336,336,0,57,,,11172,0,,
b50e4aa3bed32c99.jpg,DRIP,336,336,1,58,0.0,13123.0,11368,1755,0.0,0.0
b50e4aa3bed32c99.jpg,Fixed,336,336,1,57,196.0,12731.0,11172,1755,0.015395491320399026,0.11168091168091168
b513db9e5610a9cc.jpg,DRIP,336,336,9,59,2125.0,14824.0,11564,5385,0.143348623853211,0.3946146703806871
b513db9e5610a9cc.jpg,Fixed,336,336,9,57,503.0,16054.0,11172,5385,0.03133175532577551,0.09340761374187558
b530c3f7b3f92e70.jpg,DRIP,336,336,3,59,3066.0,16808.0,11564,8310,0.1824131366016183,0.3689530685920578
b530c3f7b3f92e70.jpg,Fixed,336,336,3,57,826.0,18656.0,11172,8310,0.04427530017152659,0.09939831528279182
b56256c27908d1f7.jpg,DRIP,336,336,5,59,1688.0,13840.0,11564,3964,0.12196531791907514,0.425832492431887
b56256c27908d1f7.jpg,Fixed,336,336,5,57,385.0,14751.0,11172,3964,0.02609992542878449,0.09712411705348133
b5872f9e752efd8c.jpg,DRIP,336,336,1,59,626.0,12342.0,11564,1404,0.050721114892237885,0.4458689458689459
b5872f9e752efd8c.jpg,Fixed,336,336,1,57,140.0,12436.0,11172,1404,0.011257639112254744,0.09971509971509972
b5ab94f7b2f92fce.jpg,DRIP,336,336,6,59,5646.0,33307.0,11564,27389,0.16951391599363497,0.2061411515571945
b5ab94f7b2f92fce.jpg,Fixed,336,336,6,57,2432.0,36129.0,11172,27389,0.0673143458163802,0.08879477162364453
b5ba1f34c0b7b14a.jpg,DRIP,336,336,18,59,2351.0,26407.0,11564,17194,0.0890294240163593,0.13673374432941723
b5ba1f34c0b7b14a.jpg,Fixed,336,336,18,57,1528.0,26838.0,11172,17194,0.056934197779268204,0.08886820984064209
b5c2c50202792f10.jpg,DRIP,336,336,6,59,5712.0,61430.0,11564,55578,0.0929838840957187,0.10277447911043938
b5c2c50202792f10.jpg,Fixed,336,336,6,57,5671.0,61079.0,11172,55578,0.09284696867990636,0.10203677714203462
b5eb5c9107d2587f.jpg,DRIP,336,336,1,59,1253.0,12264.0,11564,1953,0.1021689497716895,0.6415770609318996
b5eb5c9107d2587f.jpg,Fixed,336,336,1,57,198.0,12927.0,11172,1953,0.01531677883499652,0.10138248847926268
b608394619d226e9.jpg,DRIP,336,336,4,59,3415.0,14875.0,11564,6726,0.22957983193277312,0.507731192387749
b608394619d226e9.jpg,Fixed,336,336,4,57,875.0,17023.0,11172,6726,0.051401045644128535,0.13009217960154623
b60dc6dee9c060de.jpg,DRIP,336,336,14,59,2418.0,35543.0,11564,26397,0.0680302731902203,0.0916013183316286
b60dc6dee9c060de.jpg,Fixed,336,336,14,57,2730.0,34839.0,11172,26397,0.07836045810729356,0.10342084327764518
b6240f299ec33dea.jpg,DRIP,336,336,2,58,308.0,15101.0,11368,4041,0.02039600026488312,0.07621875773323435
b6240f299ec33dea.jpg,Fixed,336,336,2,57,350.0,14863.0,11172,4041,0.023548408800376775,0.08661222469685721
b664d69f4baa2f2c.jpg,DRIP,336,336,6,59,293.0,15079.0,11564,3808,0.019430996750447644,0.07694327731092437
b664d69f4baa2f2c.jpg,Fixed,336,336,6,57,441.0,14539.0,11172,3808,0.03033220991815118,0.11580882352941177
b6829d71b31aa1e0.jpg,DRIP,336,336,0,59,,,11564,0,,
b6829d71b31aa1e0.jpg,Fixed,336,336,0,57,,,11172,0,,
b6ab41bc68a00d27.jpg,DRIP,336,336,6,58,3068.0,19643.0,11368,11343,0.15618795499669094,0.2704751829322049
b6ab41bc68a00d27.jpg,Fixed,336,336,6,57,1131.0,21384.0,11172,11343,0.05289001122334456,0.09970907167416028
b6af24738c2861e7.jpg,DRIP,336,336,12,59,2151.0,22121.0,11564,12708,0.09723791871976854,0.16926345609065155
b6af24738c2861e7.jpg,Fixed,336,336,12,57,1069.0,22811.0,11172,12708,0.04686335539871115,0.08412023921938937
b70414b5b19f5f46.jpg,DRIP,336,336,0,58,,,11368,0,,
b70414b5b19f5f46.jpg,Fixed,336,336,0,57,,,11172,0,,
b70c949e1d4503ff.jpg,DRIP,336,336,6,58,3604.0,21717.0,11368,13953,0.1659529400930147,0.25829570701641225
b70c949e1d4503ff.jpg,Fixed,336,336,6,57,1400.0,23725.0,11172,13953,0.059009483667017915,0.10033684512291263
b71e69f5d5f356d0.jpg,DRIP,336,336,7,59,6330.0,24975.0,11564,19741,0.25345345345345344,0.32065244921736485
b71e69f5d5f356d0.jpg,Fixed,336,336,7,57,1974.0,28939.0,11172,19741,0.06821244687100453,0.0999949344004863
b77fc6bccce2fb35.jpg,DRIP,336,336,6,59,9190.0,57598.0,11564,55224,0.15955415118580507,0.16641315370128928
b77fc6bccce2fb35.jpg,Fixed,336,336,6,57,5218.0,61178.0,11172,55224,0.0852920984667691,0.09448790380993771
b78a5e005c5c1591.jpg,DRIP,336,336,2,59,168.0,13006.0,11564,1610,0.012917115177610334,0.10434782608695652
b78a5e005c5c1591.jpg,Fixed,336,336,2,57,118.0,12664.0,11172,1610,0.009317751105495894,0.07329192546583851
b78b162168d81b7f.jpg,DRIP,336,336,3,58,2644.0,14524.0,11368,5800,0.18204351418342055,0.45586206896551723
b78b162168d81b7f.jpg,Fixed,336,336,3,57,475.0,16497.0,11172,5800,0.02879311389949688,0.08189655172413793
b7b19072bc7f4bea.jpg,DRIP,336,336,5,59,1300.0,15285.0,11564,5021,0.08505070330389271,0.25891256721768574
b7b19072bc7f4bea.jpg,Fixed,336,336,5,57,412.0,15781.0,11172,5021,0.026107344274760788,0.08205536745668193
b7c1613ac4172d53.jpg,DRIP,336,336,1,59,1093.0,13168.0,11564,2697,0.08300425273390036,0.40526510938079346
b7c1613ac4172d53.jpg,Fixed,336,336,1,57,248.0,13621.0,11172,2697,0.01820718008956758,0.09195402298850575
b7dfaa4a8b04ba60.jpg,DRIP,336,336,10,58,4010.0,29065.0,11368,21707,0.13796662652675037,0.18473303542636016
b7dfaa4a8b04ba60.jpg,Fixed,336,336,10,57,2156.0,30723.0,11172,21707,0.07017543859649122,0.09932279909706546
b7fdadfda6823801.jpg,DRIP,336,336,1,59,0.0,11925.0,11564,361,0.0,0.0
b7fdadfda6823801.jpg,Fixed,336,336,1,57,0.0,11533.0,11172,361,0.0,0.0
b81f6619d16d6889.jpg,DRIP,336,336,23,58,4088.0,23950.0,11368,16670,0.17068893528183715,0.24523095380923815
b81f6619d16d6889.jpg,Fixed,336,336,23,57,1526.0,26316.0,11172,16670,0.057987536099711204,0.09154169166166766
b82521b285df462f.jpg,DRIP,336,336,1,58,350.0,11777.0,11368,759,0.0297189437038295,0.461133069828722
b82521b285df462f.jpg,Fixed,336,336,1,57,16.0,11915.0,11172,759,0.0013428451531682752,0.021080368906455864
b8439958d2dcc04d.jpg,DRIP,336,336,2,59,2002.0,46999.0,11564,37437,0.04259665099257431,0.053476507198760584
b8439958d2dcc04d.jpg,Fixed,336,336,2,57,4155.0,44454.0,11172,37437,0.09346740450803077,0.11098645724817693
b8b2b6ed85d79c00.jpg,DRIP,336,336,2,58,1890.0,13804.0,11368,4326,0.13691683569979715,0.4368932038834951
b8b2b6ed85d79c00.jpg,Fixed,336,336,2,57,518.0,14980.0,11172,4326,0.03457943925233645,0.11974110032362459
b8fd6df5863754d9.jpg,DRIP,336,336,9,58,6153.0,44335.0,11368,39120,0.13878425623096877,0.15728527607361964
b8fd6df5863754d9.jpg,Fixed,336,336,9,57,3616.0,46676.0,11172,39120,0.07747022024166596,0.09243353783231084
b9077002279a85a8.jpg,DRIP,336,336,1,58,84.0,14305.0,11368,3021,0.005872072701852499,0.027805362462760674
b9077002279a85a8.jpg,Fixed,336,336,1,57,350.0,13843.0,11172,3021,0.02528353680560572,0.11585567692816948
b907985d53591bff.jpg,DRIP,336,336,0,58,,,11368,0,,
b907985d53591bff.jpg,Fixed,336,336,0,57,,,11172,0,,
b907e08fbf0e6897.jpg,DRIP,336,336,0,59,,,11564,0,,
b907e08fbf0e6897.jpg,Fixed,336,336,0,57,,,11172,0,,
b917faf5923773c8.jpg,DRIP,336,336,5,59,2561.0,15410.0,11564,6407,0.16619078520441272,0.3997190572810988
b917faf5923773c8.jpg,Fixed,336,336,5,57,532.0,17047.0,11172,6407,0.03120783715609785,0.08303418136413299
b91ce02625f7e772.jpg,DRIP,336,336,7,59,2346.0,14330.0,11564,5112,0.16371249127704118,0.45892018779342725
b91ce02625f7e772.jpg,Fixed,336,336,7,57,533.0,15751.0,11172,5112,0.03383912132563012,0.10426447574334899
b94568551399f24c.jpg,DRIP,336,336,0,59,,,11564,0,,
b94568551399f24c.jpg,Fixed,336,336,0,57,,,11172,0,,
b958e104a7f85527.jpg,DRIP,336,336,0,59,,,11564,0,,
b958e104a7f85527.jpg,Fixed,336,336,0,57,,,11172,0,,
b975a12b717d49ce.jpg,DRIP,336,336,0,59,,,11564,0,,
b975a12b717d49ce.jpg,Fixed,336,336,0,57,,,11172,0,,
b9889e90b2f9ec8f.jpg,DRIP,336,336,0,58,,,11368,0,,
b9889e90b2f9ec8f.jpg,Fixed,336,336,0,57,,,11172,0,,
b99c1e3c87edf50d.jpg,DRIP,336,336,0,58,,,11368,0,,
b99c1e3c87edf50d.jpg,Fixed,336,336,0,57,,,11172,0,,
b9a732cc485c4792.jpg,DRIP,336,336,0,58,,,11368,0,,
b9a732cc485c4792.jpg,Fixed,336,336,0,57,,,11172,0,,
b9aa71c9eb453aab.jpg,DRIP,336,336,0,59,,,11564,0,,
b9aa71c9eb453aab.jpg,Fixed,336,336,0,57,,,11172,0,,
b9ca5e72bb5d7b9a.jpg,DRIP,336,336,2,58,9828.0,97041.0,11368,95501,0.10127677991776672,0.10290991717364216
b9ca5e72bb5d7b9a.jpg,Fixed,336,336,2,57,8914.0,97759.0,11172,95501,0.09118342045233686,0.09333933676087161
b9d59703e38efb3f.jpg,DRIP,336,336,6,59,3234.0,21678.0,11564,13348,0.14918350401328537,0.24228348816302067
b9d59703e38efb3f.jpg,Fixed,336,336,6,57,1264.0,23256.0,11172,13348,0.0543515651874785,0.09469583458195985
b9dc400eb20bad64.jpg,DRIP,336,336,1,59,5586.0,45248.0,11564,39270,0.1234529702970297,0.14224598930481283
b9dc400eb20bad64.jpg,Fixed,336,336,1,57,3652.0,46790.0,11172,39270,0.07805086556956614,0.09299719887955182
b9f2e770ca7d94d9.jpg,DRIP,336,336,0,59,,,11564,0,,
b9f2e770ca7d94d9.jpg,Fixed,336,336,0,57,,,11172,0,,
b9f45d24da6e9758.jpg,DRIP,336,336,20,59,3601.0,35433.0,11564,27470,0.10162842547907318,0.13108846013833272
b9f45d24da6e9758.jpg,Fixed,336,336,20,57,2616.0,36026.0,11172,27470,0.07261422306112253,0.09523116126683655
ba14b10507c76058.jpg,DRIP,336,336,3,59,4463.0,20021.0,11564,12920,0.22291593826482195,0.34543343653250774
ba14b10507c76058.jpg,Fixed,336,336,3,57,1318.0,22774.0,11172,12920,0.05787301308509704,0.10201238390092879
ba15fadf92419848.jpg,DRIP,336,336,1,59,578.0,12441.0,11564,1455,0.046459287838598186,0.3972508591065292
ba15fadf92419848.jpg,Fixed,336,336,1,57,28.0,12599.0,11172,1455,0.0022223986030637352,0.019243986254295534
ba34a66787f17856.jpg,DRIP,336,336,4,58,736.0,16007.0,11368,5375,0.04597988380083713,0.13693023255813955
ba34a66787f17856.jpg,Fixed,336,336,4,57,546.0,16001.0,11172,5375,0.03412286732079245,0.10158139534883721
ba38f2c46029b41e.jpg,DRIP,336,336,11,59,1795.0,17328.0,11564,7559,0.10358956602031394,0.23746527318428365
ba38f2c46029b41e.jpg,Fixed,336,336,11,57,668.0,18063.0,11172,7559,0.036981675247744004,0.08837147770869162
ba4b86ea409e14ed.jpg,DRIP,336,336,1,59,5768.0,38000.0,11564,32204,0.15178947368421053,0.17910818531859396
ba4b86ea409e14ed.jpg,Fixed,336,336,1,57,3192.0,40184.0,11172,32204,0.0794346008361537,0.09911812197242578
ba66c4ff9cb972d8.jpg,DRIP,336,336,1,58,3898.0,13574.0,11368,6104,0.287166642109916,0.6385976408912188
ba66c4ff9cb972d8.jpg,Fixed,336,336,1,57,748.0,16528.0,11172,6104,0.04525653436592449,0.12254259501965924
ba80426d9cad7fd9.jpg,DRIP,336,336,10,59,2868.0,22426.0,11564,13730,0.12788727370016945,0.20888565185724692
ba80426d9cad7fd9.jpg,Fixed,336,336,10,57,1415.0,23487.0,11172,13730,0.060246093583684594,0.10305899490167517
ba83027cefcadb0d.jpg,DRIP,336,336,0,58,,,11368,0,,
ba83027cefcadb0d.jpg,Fixed,336,336,0,57,,,11172,0,,
ba8a66e1e1934514.jpg,DRIP,336,336,3,59,3598.0,17998.0,11564,10032,0.1999111012334704,0.358652312599681
ba8a66e1e1934514.jpg,Fixed,336,336,3,57,1112.0,20092.0,11172,10032,0.05534541110889907,0.11084529505582137
baa1eee9f1da96d7.jpg,DRIP,336,336,148,59,6564.0,82752.0,11564,77752,0.07932134570765662,0.0844222656651919
baa1eee9f1da96d7.jpg,Fixed,336,336,148,57,7729.0,81195.0,11172,77752,0.09519059055360551,0.09940580306615907
bab5276e620ee873.jpg,DRIP,336,336,126,59,6867.0,69534.0,11564,64837,0.09875744240227802,0.10591174792171137
bab5276e620ee873.jpg,Fixed,336,336,126,57,6226.0,69783.0,11172,64837,0.0892194373987934,0.09602541758563783
bab809da334ef2b4.jpg,DRIP,336,336,2,58,931.0,11756.0,11368,1319,0.07919360326641715,0.7058377558756633
bab809da334ef2b4.jpg,Fixed,336,336,2,57,36.0,12455.0,11172,1319,0.002890405459654757,0.027293404094010616
bb00fe08f620a367.jpg,DRIP,336,336,8,59,1922.0,17672.0,11564,8030,0.10875961973743775,0.23935242839352427
bb00fe08f620a367.jpg,Fixed,336,336,8,57,901.0,18301.0,11172,8030,0.04923228238894049,0.11220423412204233
bb14eb04b368614b.jpg,DRIP,336,336,0,59,,,11564,0,,
bb14eb04b368614b.jpg,Fixed,336,336,0,57,,,11172,0,,
bb636f0f4acf80d9.jpg,DRIP,336,336,7,58,6539.0,70198.0,11368,65369,0.09315080201715148,0.10003212531934097
bb636f0f4acf80d9.jpg,Fixed,336,336,7,57,6039.0,70502.0,11172,65369,0.08565714447817083,0.09238323976196668
bb66130552280e6b.jpg,DRIP,336,336,1,59,70.0,14621.0,11564,3127,0.004787634224745229,0.02238567316917173
bb66130552280e6b.jpg,Fixed,336,336,1,57,476.0,13823.0,11172,3127,0.03443536135426463,0.15222257755036778
bb807f6c33b9f04c.jpg,DRIP,336,336,2,59,365.0,13421.0,11564,2222,0.027196185083078757,0.16426642664266428
bb807f6c33b9f04c.jpg,Fixed,336,336,2,57,28.0,13366.0,11172,2222,0.0020948675744426157,0.012601260126012601
bb8a181d58d3a975.jpg,DRIP,336,336,16,59,2494.0,28590.0,11564,19520,0.08723329835606855,0.12776639344262294
bb8a181d58d3a975.jpg,Fixed,336,336,16,57,1746.0,28946.0,11172,19520,0.060319215090167896,0.08944672131147541
bb9428d39f8c2bc7.jpg,DRIP,336,336,1,59,1116.0,13200.0,11564,2752,0.08454545454545455,0.4055232558139535
bb9428d39f8c2bc7.jpg,Fixed,336,336,1,57,252.0,13672.0,11172,2752,0.018431831480397894,0.09156976744186046
bb9a367e26bacc68.jpg,DRIP,336,336,3,59,2259.0,16541.0,11564,7236,0.13656973580799225,0.31218905472636815
bb9a367e26bacc68.jpg,Fixed,336,336,3,57,916.0,17492.0,11172,7236,0.05236679624971415,0.1265892758430072
bba27be461e8c60c.jpg,DRIP,336,336,1,59,1596.0,13664.0,11564,3696,0.1168032786885246,0.4318181818181818
bba27be461e8c60c.jpg,Fixed,336,336,1,57,420.0,14448.0,11172,3696,0.029069767441860465,0.11363636363636363
bbbf087a3b1e2951.jpg,DRIP,336,336,14,58,3205.0,20085.0,11368,11922,0.15957181976599452,0.2688307330984734
bbbf087a3b1e2951.jpg,Fixed,336,336,14,57,1302.0,21792.0,11172,11922,0.05974669603524229,0.10920986411675894
bbd7888601f90cde.jpg,DRIP,336,336,3,58,1456.0,21672.0,11368,11760,0.06718346253229975,0.12380952380952381
bbd7888601f90cde.jpg,Fixed,336,336,3,57,932.0,22000.0,11172,11760,0.04236363636363636,0.07925170068027211
bbd8278f9206dcd6.jpg,DRIP,336,336,5,59,4791.0,42966.0,11564,36193,0.11150677279709538,0.1323736634155776
bbd8278f9206dcd6.jpg,Fixed,336,336,5,57,3290.0,44075.0,11172,36193,0.07464549064095292,0.09090155554941563
bbe59e98c1746141.jpg,DRIP,336,336,5,58,5944.0,34979.0,11368,29555,0.16993052974641928,0.20111656234139738
bbe59e98c1746141.jpg,Fixed,336,336,5,57,2912.0,37815.0,11172,29555,0.07700647891048526,0.09852816782270343
bc009005494704cb.jpg,DRIP,336,336,2,59,516.0,13085.0,11564,2037,0.039434466946885745,0.2533136966126657
bc009005494704cb.jpg,Fixed,336,336,2,57,192.0,13017.0,11172,2037,0.014749942383037565,0.09425625920471281
bc45f608fe55eaf2.jpg,DRIP,336,336,125,58,4207.0,94525.0,11368,87364,0.044506744247553555,0.04815484638981732
bc45f608fe55eaf2.jpg,Fixed,336,336,125,57,7873.0,90663.0,11172,87364,0.08683807065726923,0.09011721075042352
bc6be81f736cb81a.jpg,DRIP,336,336,1,59,1218.0,13146.0,11564,2800,0.0926517571884984,0.435
bc6be81f736cb81a.jpg,Fixed,336,336,1,57,546.0,13426.0,11172,2800,0.040667361835245046,0.195
bc7ffa8306e1befe.jpg,DRIP,336,336,0,58,,,11368,0,,
bc7ffa8306e1befe.jpg,Fixed,336,336,0,57,,,11172,0,,
bc902e477f5afbd2.jpg,DRIP,336,336,1,58,976.0,11505.0,11368,1113,0.08483268144285093,0.8769092542677448
bc902e477f5afbd2.jpg,Fixed,336,336,1,57,74.0,12211.0,11172,1113,0.006060109737122267,0.0664869721473495
bc98f6302a9ab8b4.jpg,DRIP,336,336,8,58,378.0,18740.0,11368,7750,0.02017075773745998,0.0487741935483871
bc98f6302a9ab8b4.jpg,Fixed,336,336,8,57,801.0,18121.0,11172,7750,0.04420285856188952,0.10335483870967742
bcae4b24082da442.jpg,DRIP,336,336,11,59,4762.0,27629.0,11564,20827,0.1723551340982301,0.22864550823450328
bcae4b24082da442.jpg,Fixed,336,336,11,57,1980.0,30019.0,11172,20827,0.0659582264565775,0.09506890094588755
bcb41f0e7017cfbd.jpg,DRIP,336,336,1,58,2520.0,49850.0,11368,41002,0.050551654964894686,0.061460416565045604
bcb41f0e7017cfbd.jpg,Fixed,336,336,1,57,4242.0,47932.0,11172,41002,0.08850037553200367,0.10345836788449345
bcf5297d24a635c4.jpg,DRIP,336,336,1,58,1862.0,13057.0,11368,3551,0.14260549896607183,0.5243593353984793
bcf5297d24a635c4.jpg,Fixed,336,336,1,57,518.0,14205.0,11172,3551,0.03646603308694122,0.14587440157702056
bd069cb2c813388a.jpg,DRIP,336,336,5,59,4922.0,30713.0,11564,24071,0.16025787125972715,0.2044784180133771
bd069cb2c813388a.jpg,Fixed,336,336,5,57,2492.0,32751.0,11172,24071,0.07608927971664987,0.10352706576378215
bd203969ed05d2d9.jpg,DRIP,336,336,1,59,2702.0,18571.0,11564,9709,0.1454956652845835,0.2782984859408796
bd203969ed05d2d9.jpg,Fixed,336,336,1,57,1022.0,19859.0,11172,9709,0.05146281283045471,0.10526315789473684
bd28712de43dbce0.jpg,DRIP,336,336,3,59,460.0,13626.0,11564,2522,0.033758990165859384,0.1823949246629659
bd28712de43dbce0.jpg,Fixed,336,336,3,57,310.0,13384.0,11172,2522,0.02316198445905559,0.12291831879460745
bd48a14b372ecd8c.jpg,DRIP,336,336,3,58,3798.0,29662.0,11368,22092,0.12804261344481155,0.1719174361759913
bd48a14b372ecd8c.jpg,Fixed,336,336,3,57,2030.0,31234.0,11172,22092,0.06499327655759748,0.09188846641318124
bd63f6f2a002ee10.jpg,DRIP,336,336,25,59,6084.0,37484.0,11564,32004,0.1623092519474976,0.19010123734533182
bd63f6f2a002ee10.jpg,Fixed,336,336,25,57,2953.0,40223.0,11172,32004,0.07341570743107177,0.09226971628546432
bd76e31815f8abcc.jpg,DRIP,336,336,1,58,336.0,12139.0,11368,1107,0.027679380509102892,0.3035230352303523
bd76e31815f8abcc.jpg,Fixed,336,336,1,57,140.0,12139.0,11172,1107,0.011533075212126204,0.12646793134598014
bd86878e04fcaeae.jpg,DRIP,336,336,24,59,2069.0,36103.0,11564,26608,0.05730825693155694,0.07775856885147324
bd86878e04fcaeae.jpg,Fixed,336,336,24,57,2665.0,35115.0,11172,26608,0.07589349280934074,0.10015784726398076
bd91ea245cc76c1e.jpg,DRIP,336,336,0,58,,,11368,0,,
bd91ea245cc76c1e.jpg,Fixed,336,336,0,57,,,11172,0,,
bdbfae49210475d4.jpg,DRIP,336,336,5,58,488.0,21617.0,11368,10737,0.022574825368922607,0.04545031200521561
bdbfae49210475d4.jpg,Fixed,336,336,5,57,1080.0,20829.0,11172,10737,0.05185078496327236,0.10058675607711651
bdc83b304a475001.jpg,DRIP,336,336,8,59,1687.0,16765.0,11564,6888,0.10062630480167015,0.24491869918699186
bdc83b304a475001.jpg,Fixed,336,336,8,57,532.0,17528.0,11172,6888,0.03035143769968051,0.07723577235772358
bde8c688ab2415da.jpg,DRIP,336,336,29,58,4909.0,50366.0,11368,43907,0.09746654489139499,0.11180449586626279
bde8c688ab2415da.jpg,Fixed,336,336,29,57,4266.0,50813.0,11172,43907,0.08395489343278295,0.09715990616530394
bdf46cb1efefd5f7.jpg,DRIP,336,336,6,59,2351.0,17753.0,11564,8540,0.13242832197375093,0.2752927400468384
bdf46cb1efefd5f7.jpg,Fixed,336,336,6,57,1097.0,18615.0,11172,8540,0.05893096964813323,0.1284543325526932
be05ffc9c0ef2650.jpg,DRIP,336,336,0,58,,,11368,0,,
be05ffc9c0ef2650.jpg,Fixed,336,336,0,57,,,11172,0,,
be27c234315caca1.jpg,DRIP,336,336,0,59,,,11564,0,,
be27c234315caca1.jpg,Fixed,336,336,0,57,,,11172,0,,
be58e0f7968d5773.jpg,DRIP,336,336,1,58,,,11368,0,,
be58e0f7968d5773.jpg,Fixed,336,336,1,57,,,11172,0,,
be888e2de7747c25.jpg,DRIP,336,336,2,58,196.0,19227.0,11368,8055,0.010193998023612628,0.024332712600869024
be888e2de7747c25.jpg,Fixed,336,336,2,57,994.0,18233.0,11172,8055,0.0545165359512971,0.1234016139044072
beb4d1113966e492.jpg,DRIP,336,336,0,59,,,11564,0,,
beb4d1113966e492.jpg,Fixed,336,336,0,57,,,11172,0,,
bec0c224a292bacc.jpg,DRIP,336,336,3,59,3316.0,13990.0,11564,5742,0.2370264474624732,0.5774991292232672
bec0c224a292bacc.jpg,Fixed,336,336,3,57,532.0,16382.0,11172,5742,0.032474667317787816,0.0926506443747823
bed92a668908d3a4.jpg,DRIP,336,336,9,58,2872.0,15788.0,11368,7292,0.18191031162908539,0.3938562808557323
bed92a668908d3a4.jpg,Fixed,336,336,9,57,783.0,17681.0,11172,7292,0.044284825518918616,0.1073779484366429
bf06f8dda2f6f1d6.jpg,DRIP,336,336,1,59,460.0,11731.0,11564,627,0.03921234336373711,0.733652312599681
bf06f8dda2f6f1d6.jpg,Fixed,336,336,1,57,0.0,11799.0,11172,627,0.0,0.0
bf66597b13a2f6ca.jpg,DRIP,336,336,2,58,1139.0,11982.0,11368,1753,0.09505925554999166,0.6497432972047917
bf66597b13a2f6ca.jpg,Fixed,336,336,2,57,184.0,12741.0,11172,1753,0.01444156659602857,0.10496292070735881
bf682b86659bc94f.jpg,DRIP,336,336,2,58,4830.0,27933.0,11368,21395,0.1729137579207389,0.22575368076653424
bf682b86659bc94f.jpg,Fixed,336,336,2,57,2212.0,30355.0,11172,21395,0.07287102619008401,0.10338864220612293
bfb4e541ec1f3912.jpg,DRIP,336,336,0,59,,,11564,0,,
bfb4e541ec1f3912.jpg,Fixed,336,336,0,57,,,11172,0,,
bfbc65202d729722.jpg,DRIP,336,336,2,58,544.0,11641.0,11368,817,0.04673138046559574,0.6658506731946144
bfbc65202d729722.jpg,Fixed,336,336,2,57,0.0,11989.0,11172,817,0.0,0.0
bfd2a825e65bb0f7.jpg,DRIP,336,336,0,58,,,11368,0,,
bfd2a825e65bb0f7.jpg,Fixed,336,336,0,57,,,11172,0,,
bffce5f0c4160bf8.jpg,DRIP,336,336,0,58,,,11368,0,,
bffce5f0c4160bf8.jpg,Fixed,336,336,0,57,,,11172,0,,
c0165f98ac53e0eb.jpg,DRIP,336,336,1,59,621.0,11978.0,11564,1035,0.051845049256971115,0.6
c0165f98ac53e0eb.jpg,Fixed,336,336,1,57,168.0,12039.0,11172,1035,0.01395464739596312,0.16231884057971013
c01928d2bc823bae.jpg,DRIP,336,336,1,59,4704.0,38684.0,11564,31824,0.12160066177230897,0.1478129713423831
c01928d2bc823bae.jpg,Fixed,336,336,1,57,2912.0,40084.0,11172,31824,0.07264744037521205,0.0915032679738562
c02193f277f02e26.jpg,DRIP,336,336,3,59,3411.0,16898.0,11564,8745,0.20185820807196117,0.3900514579759863
c02193f277f02e26.jpg,Fixed,336,336,3,57,826.0,19091.0,11172,8745,0.043266460635901734,0.09445397369925672
c03498f8886bd10b.jpg,DRIP,336,336,0,59,,,11564,0,,
c03498f8886bd10b.jpg,Fixed,336,336,0,57,,,11172,0,,
c04710d84715558a.jpg,DRIP,336,336,8,59,2842.0,17444.0,11564,8722,0.16292134831460675,0.3258426966292135
c04710d84715558a.jpg,Fixed,336,336,8,57,565.0,19329.0,11172,8722,0.029230689637332507,0.06477872047695482
c0577b61ef3f57c7.jpg,DRIP,336,336,3,59,695.0,13436.0,11564,2567,0.051726704376302474,0.2707440592130892
c0577b61ef3f57c7.jpg,Fixed,336,336,3,57,160.0,13579.0,11172,2567,0.011782900066278813,0.06232956758862485
c05b878ffc274966.jpg,DRIP,336,336,1,59,3500.0,14268.0,11564,6204,0.24530417717970282,0.5641521598968408
c05b878ffc274966.jpg,Fixed,336,336,1,57,658.0,16718.0,11172,6204,0.039358774973082905,0.10606060606060606
c06af499315e4b07.jpg,DRIP,336,336,6,59,3160.0,16556.0,11564,8152,0.19086735926552306,0.38763493621197254
c06af499315e4b07.jpg,Fixed,336,336,6,57,924.0,18400.0,11172,8152,0.050217391304347825,0.11334641805691854
c075ae5c3bd06d9f.jpg,DRIP,336,336,2,59,1604.0,12438.0,11564,2478,0.12895963981347483,0.6472962066182405
c075ae5c3bd06d9f.jpg,Fixed,336,336,2,57,154.0,13496.0,11172,2478,0.011410788381742738,0.062146892655367235
c0aa4be8d0dd95aa.jpg,DRIP,336,336,0,58,,,11368,0,,
c0aa4be8d0dd95aa.jpg,Fixed,336,336,0,57,,,11172,0,,
c0c4f86d21584dd4.jpg,DRIP,336,336,0,59,,,11564,0,,
c0c4f86d21584dd4.jpg,Fixed,336,336,0,57,,,11172,0,,
c0ef21210b7ae35f.jpg,DRIP,336,336,1,58,1667.0,11726.0,11368,2025,0.14216271533344704,0.8232098765432099
c0ef21210b7ae35f.jpg,Fixed,336,336,1,57,56.0,13141.0,11172,2025,0.004261471729700936,0.027654320987654323
c0f0b5891028986a.jpg,DRIP,336,336,6,58,504.0,24382.0,11368,13518,0.020670986793536215,0.037283621837549935
c0f0b5891028986a.jpg,Fixed,336,336,6,57,1087.0,23603.0,11172,13518,0.046053467779519554,0.08041130344725551
c1109221d077771d.jpg,DRIP,336,336,0,59,,,11564,0,,
c1109221d077771d.jpg,Fixed,336,336,0,57,,,11172,0,,
c125b0fd37701101.jpg,DRIP,336,336,2,59,3164.0,21621.0,11564,13221,0.1463392072522085,0.23931623931623933
c125b0fd37701101.jpg,Fixed,336,336,2,57,1553.0,22840.0,11172,13221,0.06799474605954466,0.1174646395885334
c164bd4358945dc8.jpg,DRIP,336,336,18,59,5074.0,31053.0,11564,24563,0.16339806137893279,0.20657085860847615
c164bd4358945dc8.jpg,Fixed,336,336,18,57,2216.0,33519.0,11172,24563,0.06611175751066559,0.09021699303830966
c179a1b614a28af0.jpg,DRIP,336,336,9,59,3400.0,21020.0,11564,12856,0.16175071360608945,0.26446795270690726
c179a1b614a28af0.jpg,Fixed,336,336,9,57,1294.0,22734.0,11172,12856,0.056919151931028415,0.10065339141257
c188032115a0ba1e.jpg,DRIP,336,336,0,59,,,11564,0,,
c188032115a0ba1e.jpg,Fixed,336,336,0,57,,,11172,0,,
c19dab6c482134c5.jpg,DRIP,336,336,0,59,,,11564,0,,
c19dab6c482134c5.jpg,Fixed,336,336,0,57,,,11172,0,,
c21494cdb7d4876c.jpg,DRIP,336,336,10,59,5608.0,34774.0,11564,28818,0.1612699143037902,0.19460059684919148
c21494cdb7d4876c.jpg,Fixed,336,336,10,57,3012.0,36978.0,11172,28818,0.08145383741684245,0.10451800957734748
c2324e4b92563f9a.jpg,DRIP,336,336,0,58,,,11368,0,,
c2324e4b92563f9a.jpg,Fixed,336,336,0,57,,,11172,0,,
c25c142b0807f800.jpg,DRIP,336,336,1,58,2758.0,36609.0,11368,27999,0.07533666584719605,0.0985035179827851
c25c142b0807f800.jpg,Fixed,336,336,1,57,3002.0,36169.0,11172,27999,0.08299925350438221,0.10721811493267616
c26864934f1ce5f6.jpg,DRIP,336,336,2,58,4132.0,32836.0,11368,25600,0.1258374954318431,0.16140625
c26864934f1ce5f6.jpg,Fixed,336,336,2,57,2684.0,34088.0,11172,25600,0.07873738559023703,0.10484375
c28021306256c5ee.jpg,DRIP,336,336,8,58,2941.0,26729.0,11368,18302,0.11003030416401662,0.16069282045678068
c28021306256c5ee.jpg,Fixed,336,336,8,57,1980.0,27494.0,11172,18302,0.07201571251909508,0.10818489782537427
c2a601516bf3bf91.jpg,DRIP,336,336,14,59,4326.0,38929.0,11564,31691,0.11112538210588507,0.13650563251396294
c2a601516bf3bf91.jpg,Fixed,336,336,14,57,2817.0,40046.0,11172,31691,0.07034410428007791,0.08888959010444605
c2b41eda50d53424.jpg,DRIP,336,336,3,59,3089.0,14542.0,11564,6067,0.21241919955989547,0.5091478490192847
c2b41eda50d53424.jpg,Fixed,336,336,3,57,672.0,16567.0,11172,6067,0.04056256413351844,0.11076314488214933
c2c747f698ebd308.jpg,DRIP,336,336,5,59,6278.0,22239.0,11564,16953,0.28229686586627095,0.370317937828113
c2c747f698ebd308.jpg,Fixed,336,336,5,57,1520.0,26605.0,11172,16953,0.05713211802292802,0.08965964726007196
c2cd2acc77c02ad4.jpg,DRIP,336,336,7,59,5961.0,24364.0,11564,18761,0.24466425874240683,0.31773359629017645
c2cd2acc77c02ad4.jpg,Fixed,336,336,7,57,1858.0,28075.0,11172,18761,0.06617987533392698,0.09903523266350407
c2d8f29a82ec36a3.jpg,DRIP,336,336,3,58,532.0,19479.0,11368,8643,0.027311463627496278,0.06155270160823788
c2d8f29a82ec36a3.jpg,Fixed,336,336,3,57,536.0,19279.0,11172,8643,0.02780227190206961,0.06201550387596899
c2e01a58f2826ab0.jpg,DRIP,336,336,2,59,2772.0,35953.0,11564,27161,0.07710065919394765,0.10205809800817349
c2e01a58f2826ab0.jpg,Fixed,336,336,2,57,2772.0,35561.0,11172,27161,0.07795056381991508,0.10205809800817349
c30804d873987754.jpg,DRIP,336,336,0,59,,,11564,0,,
c30804d873987754.jpg,Fixed,336,336,0,57,,,11172,0,,
c31085d8f3cde533.jpg,DRIP,336,336,2,59,56.0,13177.0,11564,1669,0.004249829247932003,0.033553025763930495
c31085d8f3cde533.jpg,Fixed,336,336,2,57,182.0,12659.0,11172,1669,0.014377122995497274,0.10904733373277412
c34f82f72754cd06.jpg,DRIP,336,336,2,59,0.0,12537.0,11564,973,0.0,0.0
c34f82f72754cd06.jpg,Fixed,336,336,2,57,0.0,12145.0,11172,973,0.0,0.0
c372e49d60216e8a.jpg,DRIP,336,336,4,59,4296.0,23241.0,11564,15973,0.1848457467406738,0.26895385963813934
c372e49d60216e8a.jpg,Fixed,336,336,4,57,1464.0,25681.0,11172,15973,0.057007125890736345,0.09165466725098603
c38407369b19347a.jpg,DRIP,336,336,3,58,284.0,22388.0,11368,11304,0.012685367160979096,0.025123849964614295
c38407369b19347a.jpg,Fixed,336,336,3,57,1092.0,21384.0,11172,11304,0.051066217732884396,0.09660297239915075
c3950a3e71c73d05.jpg,DRIP,336,336,0,58,,,11368,0,,
c3950a3e71c73d05.jpg,Fixed,336,336,0,57,,,11172,0,,
c3990ee23ae4358a.jpg,DRIP,336,336,2,59,1718.0,14304.0,11564,4458,0.1201062639821029,0.3853746074472858
c3990ee23ae4358a.jpg,Fixed,336,336,2,57,378.0,15252.0,11172,4458,0.024783634933123525,0.0847913862718708
c3a62d664dd65a7f.jpg,DRIP,336,336,0,59,,,11564,0,,
c3a62d664dd65a7f.jpg,Fixed,336,336,0,57,,,11172,0,,
c3b082feb511227d.jpg,DRIP,336,336,1,59,248.0,11788.0,11564,472,0.021038344078724125,0.5254237288135594
c3b082feb511227d.jpg,Fixed,336,336,1,57,0.0,11644.0,11172,472,0.0,0.0
c3ded891bfcc43b4.jpg,DRIP,336,336,0,58,,,11368,0,,
c3ded891bfcc43b4.jpg,Fixed,336,336,0,57,,,11172,0,,
c3e1b0176ca3edb1.jpg,DRIP,336,336,2,59,7840.0,55013.0,11564,51289,0.14251176994528567,0.15285928756653475
c3e1b0176ca3edb1.jpg,Fixed,336,336,2,57,4900.0,57561.0,11172,51289,0.08512708257327009,0.0955370547290842
c3e59f3c4c59ed09.jpg,DRIP,336,336,4,59,2058.0,14411.0,11564,4905,0.14280757754493095,0.41957186544342506
c3e59f3c4c59ed09.jpg,Fixed,336,336,4,57,408.0,15669.0,11172,4905,0.026038675090943902,0.08318042813455657
c3fd8f5a1f0e25ea.jpg,DRIP,336,336,1,59,722.0,12096.0,11564,1254,0.05968915343915344,0.5757575757575758
c3fd8f5a1f0e25ea.jpg,Fixed,336,336,1,57,168.0,12258.0,11172,1254,0.013705335291238374,0.1339712918660287
c40ea2cfe677fc43.jpg,DRIP,336,336,0,58,,,11368,0,,
c40ea2cfe677fc43.jpg,Fixed,336,336,0,57,,,11172,0,,
c4177802cfad1791.jpg,DRIP,336,336,1,59,112.0,12289.0,11564,837,0.009113841647001384,0.13381123058542413
c4177802cfad1791.jpg,Fixed,336,336,1,57,0.0,12009.0,11172,837,0.0,0.0
c4259313acd41873.jpg,DRIP,336,336,2,58,616.0,16413.0,11368,5661,0.0375312252482788,0.10881469704999117
c4259313acd41873.jpg,Fixed,336,336,2,57,476.0,16357.0,11172,5661,0.029100690835727822,0.08408408408408409
c425c8d6a0f7aff3.jpg,DRIP,336,336,0,59,,,11564,0,,
c425c8d6a0f7aff3.jpg,Fixed,336,336,0,57,,,11172,0,,
c4517f4b4031d2d8.jpg,DRIP,336,336,1,58,7644.0,105868.0,11368,102144,0.07220312086749538,0.07483552631578948
c4517f4b4031d2d8.jpg,Fixed,336,336,1,57,9632.0,103684.0,11172,102144,0.09289765055360519,0.09429824561403509
c45297f2af76648a.jpg,DRIP,336,336,8,59,3512.0,17190.0,11564,9138,0.204304828388598,0.3843291748741519
c45297f2af76648a.jpg,Fixed,336,336,8,57,852.0,19458.0,11172,9138,0.04378661732963306,0.09323703217334209
c46f6617ac82b392.jpg,DRIP,336,336,0,59,,,11564,0,,
c46f6617ac82b392.jpg,Fixed,336,336,0,57,,,11172,0,,
c47eea828508764e.jpg,DRIP,336,336,5,59,811.0,15752.0,11564,4999,0.05148552564753682,0.16223244648929785
c47eea828508764e.jpg,Fixed,336,336,5,57,266.0,15905.0,11172,4999,0.01672430053442314,0.05321064212842568
c47fe679bc59349b.jpg,DRIP,336,336,0,58,,,11368,0,,
c47fe679bc59349b.jpg,Fixed,336,336,0,57,,,11172,0,,
c48f82ad757484d6.jpg,DRIP,336,336,27,59,3633.0,38948.0,11564,31017,0.09327821710999282,0.11712931618144888
c48f82ad757484d6.jpg,Fixed,336,336,27,57,3315.0,38874.0,11172,31017,0.08527550547924062,0.10687687397233775
c4931cd0ebb27f14.jpg,DRIP,336,336,4,58,2895.0,17684.0,11368,9211,0.16370730603935763,0.3142981218108783
c4931cd0ebb27f14.jpg,Fixed,336,336,4,57,882.0,19501.0,11172,9211,0.04522844982308599,0.09575507545326241
c4ce9cd260acf0e8.jpg,DRIP,336,336,2,58,1362.0,13028.0,11368,3022,0.10454405894995394,0.45069490403706153
c4ce9cd260acf0e8.jpg,Fixed,336,336,2,57,84.0,14110.0,11172,3022,0.00595322466335932,0.027796161482461945
c4dcaff97d72a46f.jpg,DRIP,336,336,7,59,3428.0,19261.0,11564,11125,0.17797622137999067,0.30813483146067416
c4dcaff97d72a46f.jpg,Fixed,336,336,7,57,687.0,21610.0,11172,11125,0.03179083757519667,0.06175280898876404
c5005a1df2ff4cea.jpg,DRIP,336,336,4,59,1495.0,13259.0,11564,3190,0.11275360132740025,0.46865203761755486
c5005a1df2ff4cea.jpg,Fixed,336,336,4,57,418.0,13944.0,11172,3190,0.02997705106138841,0.1310344827586207
c5073f0e08d2f926.jpg,DRIP,336,336,2,59,690.0,13489.0,11564,2615,0.05115279116316999,0.2638623326959847
c5073f0e08d2f926.jpg,Fixed,336,336,2,57,196.0,13591.0,11172,2615,0.014421308218674123,0.07495219885277246
c519f4e1f3c47673.jpg,DRIP,336,336,11,58,5138.0,27762.0,11368,21532,0.18507312153303077,0.23862158647594278
c519f4e1f3c47673.jpg,Fixed,336,336,11,57,2256.0,30448.0,11172,21532,0.07409353652128219,0.10477428942968604
c51edf00492c6011.jpg,DRIP,336,336,0,58,,,11368,0,,
c51edf00492c6011.jpg,Fixed,336,336,0,57,,,11172,0,,
c522c05d47c66d15.jpg,DRIP,336,336,16,58,3629.0,25531.0,11368,17792,0.1421409267165407,0.20396807553956833
c522c05d47c66d15.jpg,Fixed,336,336,16,57,1496.0,27468.0,11172,17792,0.054463375564292996,0.08408273381294964
c55b8176180ad921.jpg,DRIP,336,336,1,59,3010.0,17869.0,11564,9315,0.16844815042811573,0.3231347289318304
c55b8176180ad921.jpg,Fixed,336,336,1,57,896.0,19591.0,11172,9315,0.04573528661119902,0.09618894256575417
c57fb9dba3163429.jpg,DRIP,336,336,2,59,2652.0,15300.0,11564,6388,0.17333333333333334,0.41515341264871636
c57fb9dba3163429.jpg,Fixed,336,336,2,57,532.0,17028.0,11172,6388,0.031242659149635893,0.08328115216030056
c5830e157900928b.jpg,DRIP,336,336,2,59,1664.0,12078.0,11564,2178,0.1377711541645968,0.7640036730945822
c5830e157900928b.jpg,Fixed,336,336,2,57,184.0,13166.0,11172,2178,0.013975391159046028,0.0844811753902663
c593f4b0b290254e.jpg,DRIP,336,336,0,59,,,11564,0,,
c593f4b0b290254e.jpg,Fixed,336,336,0,57,,,11172,0,,
c5a92ade8149a8f8.jpg,DRIP,336,336,3,58,196.0,14503.0,11368,3331,0.013514445287181962,0.05884118883218253
c5a92ade8149a8f8.jpg,Fixed,336,336,3,57,238.0,14265.0,11172,3331,0.016684192078513845,0.07145001501050735
c5d01db7976d7704.jpg,DRIP,336,336,1,59,132.0,12107.0,11564,675,0.010902783513669778,0.19555555555555557
c5d01db7976d7704.jpg,Fixed,336,336,1,57,84.0,11763.0,11172,675,0.00714103545014027,0.12444444444444444
c5fda1264f46be5c.jpg,DRIP,336,336,21,59,3780.0,18998.0,11564,11214,0.19896831245394253,0.33707865168539325
c5fda1264f46be5c.jpg,Fixed,336,336,21,57,945.0,21441.0,11172,11214,0.04407443682664055,0.08426966292134831
c61aa275e9d8ccaa.jpg,DRIP,336,336,1,58,516.0,11852.0,11368,1000,0.043536955788052646,0.516
c61aa275e9d8ccaa.jpg,Fixed,336,336,1,57,14.0,12158.0,11172,1000,0.001151505181773318,0.014
c628b13e4668acd9.jpg,DRIP,336,336,9,59,2559.0,36853.0,11564,27848,0.06943803760887851,0.09189169778799196
c628b13e4668acd9.jpg,Fixed,336,336,9,57,2436.0,36584.0,11172,27848,0.06658648589547343,0.08747486354495834
c631aaa23a493d28.jpg,DRIP,336,336,1,58,2168.0,12772.0,11368,3572,0.1697463200751644,0.606942889137738
c631aaa23a493d28.jpg,Fixed,336,336,1,57,336.0,14408.0,11172,3572,0.023320377568017768,0.0940649496080627
c636b7cab03cf9cc.jpg,DRIP,336,336,10,59,610.0,17226.0,11564,6272,0.035411587135725064,0.09725765306122448
c636b7cab03cf9cc.jpg,Fixed,336,336,10,57,687.0,16757.0,11172,6272,0.04099779196753595,0.10953443877551021
c65cdb6fa5ee5aae.jpg,DRIP,336,336,4,59,2044.0,14409.0,11564,4889,0.14185578457908252,0.41808140724074455
c65cdb6fa5ee5aae.jpg,Fixed,336,336,4,57,616.0,15445.0,11172,4889,0.03988345742958886,0.12599713642871752
c6706d06947cc8db.jpg,DRIP,336,336,4,59,2810.0,14694.0,11564,5940,0.19123451749013204,0.4730639730639731
c6706d06947cc8db.jpg,Fixed,336,336,4,57,550.0,16562.0,11172,5940,0.03320854969206617,0.09259259259259259
c6707699d5c54d46.jpg,DRIP,336,336,4,59,1361.0,12331.0,11564,2128,0.11037223258454303,0.6395676691729323
c6707699d5c54d46.jpg,Fixed,336,336,4,57,336.0,12964.0,11172,2128,0.02591792656587473,0.15789473684210525
c67eab03428d7ec7.jpg,DRIP,336,336,1,59,4906.0,34112.0,11564,27454,0.1438203564727955,0.17869891454797115
c67eab03428d7ec7.jpg,Fixed,336,336,1,57,2856.0,35770.0,11172,27454,0.07984344422700587,0.10402855685874554
c6a66ea1bf90fff7.jpg,DRIP,336,336,0,59,,,11564,0,,
c6a66ea1bf90fff7.jpg,Fixed,336,336,0,57,,,11172,0,,
c6a6b58f829cf11f.jpg,DRIP,336,336,2,58,5152.0,30493.0,11368,24277,0.16895680975961697,0.21221732504016147
c6a6b58f829cf11f.jpg,Fixed,336,336,2,57,2190.0,33259.0,11172,24277,0.06584683844974293,0.09020883964245995
c6d14c2ec786cce3.jpg,DRIP,336,336,3,59,3151.0,15745.0,11564,7332,0.20012702445220704,0.429759956355701
c6d14c2ec786cce3.jpg,Fixed,336,336,3,57,633.0,17871.0,11172,7332,0.03542051368138325,0.08633387888707038
c6d9a9a9344e104e.jpg,DRIP,336,336,5,59,4489.0,21684.0,11564,14609,0.2070190001844678,0.3072763365048942
c6d9a9a9344e104e.jpg,Fixed,336,336,5,57,1485.0,24296.0,11172,14609,0.061121172209417186,0.10164966801286877
c6f457b2fccaaa1a.jpg,DRIP,336,336,1,58,240.0,11848.0,11368,720,0.02025658338960162,0.3333333333333333
c6f457b2fccaaa1a.jpg,Fixed,336,336,1,57,0.0,11892.0,11172,720,0.0,0.0
c70c3610354a5e79.jpg,DRIP,336,336,45,58,1512.0,41150.0,11368,31294,0.036743620899149454,0.048315971112673356
c70c3610354a5e79.jpg,Fixed,336,336,45,57,2913.0,39553.0,11172,31294,0.07364801658534119,0.09308493640953537
c720c5952345c607.jpg,DRIP,336,336,3,59,5404.0,20787.0,11564,14627,0.2599701736662337,0.3694537499145416
c720c5952345c607.jpg,Fixed,336,336,3,57,1472.0,24327.0,11172,14627,0.06050889957660213,0.10063581048745471
c7368efc7e8eb09d.jpg,DRIP,336,336,1,58,154.0,18354.0,11368,7140,0.008390541571319604,0.021568627450980392
c7368efc7e8eb09d.jpg,Fixed,336,336,1,57,672.0,17640.0,11172,7140,0.0380952380952381,0.09411764705882353
c7372c2a157e69c5.jpg,DRIP,336,336,15,58,6022.0,32747.0,11368,27401,0.18389470791217516,0.2197730009853655
c7372c2a157e69c5.jpg,Fixed,336,336,15,57,2883.0,35690.0,11172,27401,0.08077892967217708,0.10521513813364476
c740c3b6312705e6.jpg,DRIP,336,336,0,58,,,11368,0,,
c740c3b6312705e6.jpg,Fixed,336,336,0,57,,,11172,0,,
c74791981d5340bb.jpg,DRIP,336,336,5,59,5348.0,48302.0,11564,42086,0.11072005299987578,0.12707313595970157
c74791981d5340bb.jpg,Fixed,336,336,5,57,4291.0,48967.0,11172,42086,0.08763044499356709,0.10195789573729981
c775efbcdd3c874b.jpg,DRIP,336,336,2,58,48.0,22447.0,11368,11127,0.0021383703835701874,0.004313831221353465
c775efbcdd3c874b.jpg,Fixed,336,336,2,57,1144.0,21155.0,11172,11127,0.05407705034270858,0.10281297744225758
c7bf380fc62ecca9.jpg,DRIP,336,336,0,58,,,11368,0,,
c7bf380fc62ecca9.jpg,Fixed,336,336,0,57,,,11172,0,,
c7e2a58af072f582.jpg,DRIP,336,336,3,59,2038.0,14260.0,11564,4734,0.1429172510518934,0.4305027460920997
c7e2a58af072f582.jpg,Fixed,336,336,3,57,376.0,15530.0,11172,4734,0.02421120412105602,0.07942543303760034
c7fcaaba5fdf2bd8.jpg,DRIP,336,336,0,58,,,11368,0,,
c7fcaaba5fdf2bd8.jpg,Fixed,336,336,0,57,,,11172,0,,
c80a03bda5046286.jpg,DRIP,336,336,1,58,549.0,11712.0,11368,893,0.046875,0.6147816349384099
c80a03bda5046286.jpg,Fixed,336,336,1,57,28.0,12037.0,11172,893,0.002326161003572319,0.03135498320268757
c818f4769a432e6e.jpg,DRIP,336,336,0,58,,,11368,0,,
c818f4769a432e6e.jpg,Fixed,336,336,0,57,,,11172,0,,
c84a41c2ed083c2a.jpg,DRIP,336,336,1,59,3122.0,16105.0,11564,7663,0.1938528407326917,0.4074122406368263
c84a41c2ed083c2a.jpg,Fixed,336,336,1,57,434.0,18401.0,11172,7663,0.02358567469159285,0.05663578233067989
c8616652f54577f4.jpg,DRIP,336,336,4,58,1591.0,22958.0,11368,13181,0.06930046171269275,0.12070404369926409
c8616652f54577f4.jpg,Fixed,336,336,4,57,1073.0,23280.0,11172,13181,0.04609106529209622,0.08140505272741067
c88cd3e3c8f08e2a.jpg,DRIP,336,336,6,59,2457.0,16927.0,11564,7820,0.14515271459797957,0.3141943734015345
c88cd3e3c8f08e2a.jpg,Fixed,336,336,6,57,948.0,18044.0,11172,7820,0.052538239858124586,0.12122762148337596
c8a3d256acd17769.jpg,DRIP,336,336,12,59,7802.0,36864.0,11564,33102,0.2116427951388889,0.2356957283547822
c8a3d256acd17769.jpg,Fixed,336,336,12,57,3184.0,41090.0,11172,33102,0.07748844000973473,0.09618754153827563
c8a8a2cbc0e4af9e.jpg,DRIP,336,336,16,58,3318.0,19252.0,11368,11202,0.17234573031373362,0.29619710765934654
c8a8a2cbc0e4af9e.jpg,Fixed,336,336,16,57,948.0,21426.0,11172,11202,0.04424530943713246,0.08462774504552759
c8bb446b8120bc9e.jpg,DRIP,336,336,8,58,4090.0,37767.0,11368,30489,0.10829560198056504,0.13414674144773525
c8bb446b8120bc9e.jpg,Fixed,336,336,8,57,3207.0,38454.0,11172,30489,0.08339834607583087,0.10518547672931221
c8c92c8b9250020a.jpg,DRIP,336,336,1,59,132.0,11757.0,11564,325,0.011227353916815515,0.40615384615384614
c8c92c8b9250020a.jpg,Fixed,336,336,1,57,6.0,11491.0,11172,325,0.0005221477678182926,0.018461538461538463
c8ce0524d70710fc.jpg,DRIP,336,336,2,59,822.0,14047.0,11564,3305,0.058517832989250375,0.24871406959152798
c8ce0524d70710fc.jpg,Fixed,336,336,2,57,486.0,13991.0,11172,3305,0.034736616396254735,0.1470499243570348
c8d8ca60388bc975.jpg,DRIP,336,336,5,59,5585.0,30362.0,11564,24383,0.18394703906198537,0.22905302874953862
c8d8ca60388bc975.jpg,Fixed,336,336,5,57,2510.0,33045.0,11172,24383,0.07595702829474958,0.10294057335028503
c8dc32aa8ad274a6.jpg,DRIP,336,336,1,59,1800.0,13985.0,11564,4221,0.12870933142652843,0.42643923240938164
c8dc32aa8ad274a6.jpg,Fixed,336,336,1,57,392.0,15001.0,11172,4221,0.026131591227251515,0.09286898839137644
c8dda228bcc4ca78.jpg,DRIP,336,336,12,58,4433.0,24226.0,11368,17291,0.1829852224882358,0.2563761494419062
c8dda228bcc4ca78.jpg,Fixed,336,336,12,57,1802.0,26661.0,11172,17291,0.06758936273958216,0.10421606616158695
c8e20d1ab5c569da.jpg,DRIP,336,336,0,59,,,11564,0,,
c8e20d1ab5c569da.jpg,Fixed,336,336,0,57,,,11172,0,,
c8ea6575a851bb9b.jpg,DRIP,336,336,5,59,247.0,13620.0,11564,2303,0.01813509544787078,0.10725141120277898
c8ea6575a851bb9b.jpg,Fixed,336,336,5,57,182.0,13293.0,11172,2303,0.01369141653501843,0.0790273556231003
c8ec9bc6dfb7ad17.jpg,DRIP,336,336,3,59,1355.0,13613.0,11564,3404,0.09953720708146624,0.3980611045828437
c8ec9bc6dfb7ad17.jpg,Fixed,336,336,3,57,294.0,14282.0,11172,3404,0.02058535219156981,0.0863689776733255
c90664f10fd88078.jpg,DRIP,336,336,4,59,4582.0,21726.0,11564,14744,0.2108993832274694,0.31077048290830167
c90664f10fd88078.jpg,Fixed,336,336,4,57,1345.0,24571.0,11172,14744,0.0547393268487241,0.09122354856212697
c9271675f8fd3b88.jpg,DRIP,336,336,7,58,3003.0,19123.0,11368,10758,0.15703602991162474,0.2791411042944785
c9271675f8fd3b88.jpg,Fixed,336,336,7,57,796.0,21134.0,11172,10758,0.03766442698968487,0.07399144822457705
c930e3ff0499dd84.jpg,DRIP,336,336,6,59,3491.0,22070.0,11564,13997,0.15817852288173992,0.24941058798313925
c930e3ff0499dd84.jpg,Fixed,336,336,6,57,1364.0,23805.0,11172,13997,0.057298886788489815,0.09744945345431164
c95288460e3f1a35.jpg,DRIP,336,336,2,59,1080.0,14376.0,11564,3892,0.07512520868113523,0.2774922918807811
c95288460e3f1a35.jpg,Fixed,336,336,2,57,448.0,14616.0,11172,3892,0.03065134099616858,0.11510791366906475
c98c3557527bcdeb.jpg,DRIP,336,336,4,59,1276.0,14518.0,11564,4230,0.08789089406254305,0.3016548463356974
c98c3557527bcdeb.jpg,Fixed,336,336,4,57,214.0,15188.0,11172,4230,0.014090071108770082,0.050591016548463354
c99aaef9025b20aa.jpg,DRIP,336,336,0,58,,,11368,0,,
c99aaef9025b20aa.jpg,Fixed,336,336,0,57,,,11172,0,,
c9a40ccbb87fe799.jpg,DRIP,336,336,2,59,679.0,13885.0,11564,3000,0.04890169247389269,0.22633333333333333
c9a40ccbb87fe799.jpg,Fixed,336,336,2,57,282.0,13890.0,11172,3000,0.020302375809935207,0.094
c9ba71f6d0ba0496.jpg,DRIP,336,336,1,59,,,11564,0,,
c9ba71f6d0ba0496.jpg,Fixed,336,336,1,57,,,11172,0,,
c9cf598ae4453a95.jpg,DRIP,336,336,4,59,6272.0,63012.0,11564,57720,0.09953659620389767,0.10866250866250866
c9cf598ae4453a95.jpg,Fixed,336,336,4,57,5638.0,63254.0,11172,57720,0.08913270307016156,0.09767844767844767
c9d902416037a09e.jpg,DRIP,336,336,5,58,748.0,12642.0,11368,2022,0.059167853187786744,0.36993076162215627
c9d902416037a09e.jpg,Fixed,336,336,5,57,306.0,12888.0,11172,2022,0.023743016759776536,0.1513353115727003
c9ec14611c1b5e46.jpg,DRIP,336,336,0,59,,,11564,0,,
c9ec14611c1b5e46.jpg,Fixed,336,336,0,57,,,11172,0,,
c9eed1ca5bccf637.jpg,DRIP,336,336,1,58,1400.0,13234.0,11368,3266,0.10578812150521384,0.4286589099816289
c9eed1ca5bccf637.jpg,Fixed,336,336,1,57,252.0,14186.0,11172,3266,0.017763992668828422,0.0771586037966932
c9f3cd12043e95de.jpg,DRIP,336,336,10,59,1402.0,13778.0,11564,3616,0.10175642328349543,0.3877212389380531
c9f3cd12043e95de.jpg,Fixed,336,336,10,57,257.0,14531.0,11172,3616,0.017686325786250085,0.07107300884955753
ca02eb6ad06874b7.jpg,DRIP,336,336,1,59,396.0,11597.0,11564,429,0.03414676209364491,0.9230769230769231
ca02eb6ad06874b7.jpg,Fixed,336,336,1,57,0.0,11601.0,11172,429,0.0,0.0
ca279fcde178427f.jpg,DRIP,336,336,1,59,7028.0,27852.0,11564,23316,0.2523337641821054,0.3014239149082175
ca279fcde178427f.jpg,Fixed,336,336,1,57,2156.0,32332.0,11172,23316,0.06668316219225535,0.09246869102762052
ca6bfc069a68d7bf.jpg,DRIP,336,336,7,59,4364.0,15165.0,11564,7965,0.28776788658094293,0.5478970495919648
ca6bfc069a68d7bf.jpg,Fixed,336,336,7,57,1057.0,18080.0,11172,7965,0.05846238938053097,0.13270558694287507
ca7df728f4072636.jpg,DRIP,336,336,1,58,1077.0,13341.0,11368,3050,0.08072858106588711,0.35311475409836063
ca7df728f4072636.jpg,Fixed,336,336,1,57,203.0,14019.0,11172,3050,0.014480348099008488,0.06655737704918033
ca84693dd06a5d40.jpg,DRIP,336,336,1,59,0.0,14700.0,11564,3136,0.0,0.0
ca84693dd06a5d40.jpg,Fixed,336,336,1,57,364.0,13944.0,11172,3136,0.02610441767068273,0.11607142857142858
caa4d9095b01888e.jpg,DRIP,336,336,2,58,2796.0,16355.0,11368,7783,0.17095689391623356,0.35924450725941154
caa4d9095b01888e.jpg,Fixed,336,336,2,57,742.0,18213.0,11172,7783,0.04074013067589085,0.09533598869330592
cab45d8e7a5d8094.jpg,DRIP,336,336,0,58,,,11368,0,,
cab45d8e7a5d8094.jpg,Fixed,336,336,0,57,,,11172,0,,
cacc844764a50fcc.jpg,DRIP,336,336,1,58,2260.0,13844.0,11368,4736,0.16324761629586826,0.47719594594594594
cacc844764a50fcc.jpg,Fixed,336,336,1,57,560.0,15348.0,11172,4736,0.036486838676048995,0.11824324324324324
cacd6de8b48499f7.jpg,DRIP,336,336,3,59,534.0,11913.0,11564,883,0.044824981113069755,0.6047565118912798
cacd6de8b48499f7.jpg,Fixed,336,336,3,57,74.0,11981.0,11172,883,0.006176446039562641,0.08380520951302378
cae18a2a67cc4035.jpg,DRIP,336,336,4,58,2515.0,14184.0,11368,5331,0.17731246474901297,0.4717688988932658
cae18a2a67cc4035.jpg,Fixed,336,336,4,57,680.0,15823.0,11172,5331,0.042975415534348735,0.12755580566497843
cae70efd6016a666.jpg,DRIP,336,336,1,58,0.0,11667.0,11368,299,0.0,0.0
cae70efd6016a666.jpg,Fixed,336,336,1,57,0.0,11471.0,11172,299,0.0,0.0
caef3d1e97c2cf15.jpg,DRIP,336,336,0,58,,,11368,0,,
caef3d1e97c2cf15.jpg,Fixed,336,336,0,57,,,11172,0,,
cafce599b5f8bad8.jpg,DRIP,336,336,0,58,,,11368,0,,
cafce599b5f8bad8.jpg,Fixed,336,336,0,57,,,11172,0,,
cb26499cae74775c.jpg,DRIP,336,336,7,59,1093.0,16353.0,11564,5882,0.06683788907234146,0.18582114926895613
cb26499cae74775c.jpg,Fixed,336,336,7,57,616.0,16438.0,11172,5882,0.03747414527314759,0.10472628357701462
cb59631efbbeeadc.jpg,DRIP,336,336,61,59,3809.0,59095.0,11564,51340,0.0644555376935443,0.07419166342033502
cb59631efbbeeadc.jpg,Fixed,336,336,61,57,4980.0,57532.0,11172,51340,0.08656052283946325,0.09700038955979742
cb5ccdebc29f1a37.jpg,DRIP,336,336,2,58,1591.0,14247.0,11368,4470,0.1116726328349828,0.3559284116331096
cb5ccdebc29f1a37.jpg,Fixed,336,336,2,57,476.0,15166.0,11172,4470,0.031385994988790716,0.10648769574944071
cb608c4b326ff117.jpg,DRIP,336,336,2,58,771.0,27548.0,11368,16951,0.02798751270509656,0.04548404223939591
cb608c4b326ff117.jpg,Fixed,336,336,2,57,1354.0,26769.0,11172,16951,0.05058089581232022,0.07987729337502213
cb8c1e4d0ba9b4fb.jpg,DRIP,336,336,0,58,,,11368,0,,
cb8c1e4d0ba9b4fb.jpg,Fixed,336,336,0,57,,,11172,0,,
cbaa262aa370a64e.jpg,DRIP,336,336,0,58,,,11368,0,,
cbaa262aa370a64e.jpg,Fixed,336,336,0,57,,,11172,0,,
cbc82d6dbafa5966.jpg,DRIP,336,336,7,59,2310.0,16696.0,11564,7442,0.1383564925730714,0.3104004299919377
cbc82d6dbafa5966.jpg,Fixed,336,336,7,57,938.0,17676.0,11172,7442,0.053066304593799504,0.12604138672399892
cbf35b61f360bc1f.jpg,DRIP,336,336,1,58,3206.0,15299.0,11368,7137,0.20955618014249297,0.4492083508476951
cbf35b61f360bc1f.jpg,Fixed,336,336,1,57,719.0,17590.0,11172,7137,0.040875497441728255,0.10074260893933025
cbf63fa904a81837.jpg,DRIP,336,336,5,59,5221.0,46168.0,11564,39825,0.11308698665742506,0.13109855618330193
cbf63fa904a81837.jpg,Fixed,336,336,5,57,4197.0,46800.0,11172,39825,0.08967948717948718,0.10538606403013183
cc18a902757ee29b.jpg,DRIP,336,336,0,58,,,11368,0,,
cc18a902757ee29b.jpg,Fixed,336,336,0,57,,,11172,0,,
cc2e2539c39414c8.jpg,DRIP,336,336,3,59,1240.0,12881.0,11564,2557,0.09626581787128329,0.48494329292139227
cc2e2539c39414c8.jpg,Fixed,336,336,3,57,258.0,13471.0,11172,2557,0.019152252987899934,0.10089949159170904
cc3b0981d7a9f482.jpg,DRIP,336,336,0,58,,,11368,0,,
cc3b0981d7a9f482.jpg,Fixed,336,336,0,57,,,11172,0,,
cc47da48ff76478a.jpg,DRIP,336,336,2,59,660.0,15363.0,11564,4459,0.042960359304823274,0.1480152500560664
cc47da48ff76478a.jpg,Fixed,336,336,2,57,406.0,15225.0,11172,4459,0.02666666666666667,0.09105180533751962
cc483568873edd96.jpg,DRIP,336,336,70,59,8080.0,58114.0,11564,54630,0.1390370650789827,0.14790408200622368
cc483568873edd96.jpg,Fixed,336,336,70,57,5374.0,60428.0,11172,54630,0.08893228304759383,0.09837085850265422
cc6e213303d14c61.jpg,DRIP,336,336,11,58,5466.0,43786.0,11368,37884,0.12483442196135751,0.14428254672157112
cc6e213303d14c61.jpg,Fixed,336,336,11,57,3388.0,45668.0,11172,37884,0.07418761496014716,0.08943089430894309
cc6f5ffd7ec306d4.jpg,DRIP,336,336,3,59,2090.0,17683.0,11564,8209,0.11819261437538879,0.2545986112803021
cc6f5ffd7ec306d4.jpg,Fixed,336,336,3,57,784.0,18597.0,11172,8209,0.042157337204925524,0.09550493360945304
cc799e70f4d1be27.jpg,DRIP,336,336,7,59,3043.0,14937.0,11564,6416,0.20372230032804445,0.474283042394015
cc799e70f4d1be27.jpg,Fixed,336,336,7,57,576.0,17012.0,11172,6416,0.03385845285680696,0.08977556109725686
cc9c3bff02242301.jpg,DRIP,336,336,3,59,1295.0,17750.0,11564,7481,0.07295774647887324,0.17310519983959363
cc9c3bff02242301.jpg,Fixed,336,336,3,57,1008.0,17645.0,11172,7481,0.05712666477755738,0.134741344740008
ccaa1f1a2718566a.jpg,DRIP,336,336,10,58,2302.0,18732.0,11368,9666,0.1228913089899637,0.23815435547279123
ccaa1f1a2718566a.jpg,Fixed,336,336,10,57,986.0,19852.0,11172,9666,0.049667539794479146,0.10200703496792882
ccb5a79ab85660c2.jpg,DRIP,336,336,2,59,922.0,12035.0,11564,1393,0.07660988782717075,0.6618808327351041
ccb5a79ab85660c2.jpg,Fixed,336,336,2,57,174.0,12391.0,11172,1393,0.01404245016544266,0.1249102656137832
ccb8540a7d0d9243.jpg,DRIP,336,336,15,58,6438.0,55763.0,11368,50833,0.11545289887559851,0.1266500108197431
ccb8540a7d0d9243.jpg,Fixed,336,336,15,57,5001.0,57004.0,11172,50833,0.0877306855659252,0.09838097298998683
cccc856a7ca1d5eb.jpg,DRIP,336,336,8,58,671.0,19173.0,11368,8476,0.03499713138267355,0.0791647003303445
cccc856a7ca1d5eb.jpg,Fixed,336,336,8,57,644.0,19004.0,11172,8476,0.03388760260997685,0.07597923548843795
ccd024fc9abca026.jpg,DRIP,336,336,4,59,3058.0,24695.0,11564,16189,0.12383073496659243,0.18889369324850208
ccd024fc9abca026.jpg,Fixed,336,336,4,57,1748.0,25613.0,11172,16189,0.06824659352672471,0.10797455062079189
ccde4043b8a15a79.jpg,DRIP,336,336,0,58,,,11368,0,,
ccde4043b8a15a79.jpg,Fixed,336,336,0,57,,,11172,0,,
cd01d5766225ba2b.jpg,DRIP,336,336,1,58,6496.0,59147.0,11368,54275,0.10982805552268078,0.11968678028558268
cd01d5766225ba2b.jpg,Fixed,336,336,1,57,5082.0,60365.0,11172,54275,0.08418785720202104,0.09363426992169507
cd1fa6fd5eb2c99f.jpg,DRIP,336,336,2,59,,,11564,0,,
cd1fa6fd5eb2c99f.jpg,Fixed,336,336,2,57,,,11172,0,,
cd3f9f7c7ccf7552.jpg,DRIP,336,336,7,58,4985.0,27418.0,11368,21035,0.18181486614632722,0.23698597575469454
cd3f9f7c7ccf7552.jpg,Fixed,336,336,7,57,2198.0,30009.0,11172,21035,0.07324469325868906,0.10449251247920133
cd61cafbbbb03a91.jpg,DRIP,336,336,12,59,8071.0,76309.0,11564,72816,0.10576734068065366,0.11084102395078005
cd61cafbbbb03a91.jpg,Fixed,336,336,12,57,6901.0,77087.0,11172,72816,0.08952222813185103,0.0947731267853219
cd72a6dcbbc9d2b9.jpg,DRIP,336,336,1,59,0.0,14927.0,11564,3363,0.0,0.0
cd72a6dcbbc9d2b9.jpg,Fixed,336,336,1,57,602.0,13933.0,11172,3363,0.0432067752817053,0.17900683913172763
cd75fd55f7a10830.jpg,DRIP,336,336,1,58,895.0,12656.0,11368,2183,0.07071744627054362,0.40998625744388456
cd75fd55f7a10830.jpg,Fixed,336,336,1,57,232.0,13123.0,11172,2183,0.017678884401432598,0.10627576729271644
cd8cc54debd9ff8b.jpg,DRIP,336,336,7,59,1952.0,21256.0,11564,11644,0.0918328942416259,0.16763998625901752
cd8cc54debd9ff8b.jpg,Fixed,336,336,7,57,941.0,21875.0,11172,11644,0.04301714285714286,0.08081415321195465
cd9e4723fd982ab0.jpg,DRIP,336,336,3,59,2662.0,30412.0,11564,21510,0.08753123766934105,0.12375639237563923
cd9e4723fd982ab0.jpg,Fixed,336,336,3,57,1876.0,30806.0,11172,21510,0.06089722781276375,0.08721524872152488
cdbf5361fa660ff7.jpg,DRIP,336,336,3,59,7586.0,52499.0,11564,48521,0.14449799043791312,0.15634467550132933
cdbf5361fa660ff7.jpg,Fixed,336,336,3,57,4774.0,54919.0,11172,48521,0.08692802126768513,0.09839038766719564
cdce00e90d1030b2.jpg,DRIP,336,336,2,58,343.0,12814.0,11368,1789,0.026767597939753394,0.1917272219116825
cdce00e90d1030b2.jpg,Fixed,336,336,2,57,142.0,12819.0,11172,1789,0.011077307122240424,0.07937395192845165
cde910e31ca76087.jpg,DRIP,336,336,2,59,221.0,12529.0,11564,1186,0.017639077340569877,0.18634064080944351
cde910e31ca76087.jpg,Fixed,336,336,2,57,18.0,12340.0,11172,1186,0.001458670988654781,0.01517706576728499
ce19e0a4099817af.jpg,DRIP,336,336,18,59,3756.0,28773.0,11564,20965,0.13053904702325098,0.17915573575005964
ce19e0a4099817af.jpg,Fixed,336,336,18,57,1897.0,30240.0,11172,20965,0.06273148148148149,0.09048414023372287
ce31a028d8200064.jpg,DRIP,336,336,4,58,1276.0,16123.0,11368,6031,0.07914159895801029,0.21157353672691095
ce31a028d8200064.jpg,Fixed,336,336,4,57,616.0,16587.0,11172,6031,0.037137517332851026,0.10213894876471563
ce49356f95ea9188.jpg,DRIP,336,336,1,59,3752.0,17672.0,11564,9860,0.21231326392032593,0.38052738336714
ce49356f95ea9188.jpg,Fixed,336,336,1,57,1028.0,20004.0,11172,9860,0.05138972205558888,0.10425963488843813
ce5c81701d1be3b0.jpg,DRIP,336,336,1,59,420.0,11724.0,11564,580,0.03582395087001024,0.7241379310344828
ce5c81701d1be3b0.jpg,Fixed,336,336,1,57,0.0,11752.0,11172,580,0.0,0.0
cead6e8729c7f9bc.jpg,DRIP,336,336,0,58,,,11368,0,,
cead6e8729c7f9bc.jpg,Fixed,336,336,0,57,,,11172,0,,
ceae5b760d375a1e.jpg,DRIP,336,336,12,58,2745.0,20618.0,11368,11995,0.13313609467455623,0.22884535223009586
ceae5b760d375a1e.jpg,Fixed,336,336,12,57,1200.0,21967.0,11172,11995,0.05462739563891292,0.1000416840350146
cee0cb5deaa1eb17.jpg,DRIP,336,336,2,59,234.0,12284.0,11564,954,0.01904916965157929,0.24528301886792453
cee0cb5deaa1eb17.jpg,Fixed,336,336,2,57,210.0,11916.0,11172,954,0.017623363544813697,0.22012578616352202
cf1c7cad93141e9e.jpg,DRIP,336,336,1,59,1694.0,12015.0,11564,2145,0.14099042863087807,0.7897435897435897
cf1c7cad93141e9e.jpg,Fixed,336,336,1,57,196.0,13121.0,11172,2145,0.01493788583187257,0.09137529137529138
cf5679eb664b61ad.jpg,DRIP,336,336,1,59,4968.0,30226.0,11564,23630,0.16436180771521208,0.21024121878967414
cf5679eb664b61ad.jpg,Fixed,336,336,1,57,2380.0,32422.0,11172,23630,0.07340694590093147,0.10071942446043165
cf9582a0d7b1c9ba.jpg,DRIP,336,336,22,58,2033.0,46393.0,11368,37058,0.04382126613928825,0.05485994926871391
cf9582a0d7b1c9ba.jpg,Fixed,336,336,22,57,3420.0,44810.0,11172,37058,0.07632224949787994,0.09228776512493929
cf97e9fe7921d3f6.jpg,DRIP,336,336,0,59,,,11564,0,,
cf97e9fe7921d3f6.jpg,Fixed,336,336,0,57,,,11172,0,,
cfac6a86c5e7bc51.jpg,DRIP,336,336,4,59,1465.0,20151.0,11564,10052,0.07270110664483152,0.14574214086748905
cfac6a86c5e7bc51.jpg,Fixed,336,336,4,57,941.0,20283.0,11172,10052,0.046393531528866536,0.09361321130123358
cfce13331e46860e.jpg,DRIP,336,336,4,59,56.0,12459.0,11564,951,0.004494742756240469,0.058885383806519455
cfce13331e46860e.jpg,Fixed,336,336,4,57,28.0,12095.0,11172,951,0.0023150062009094667,0.029442691903259727
cfd10d78bfa84ce5.jpg,DRIP,336,336,2,59,3234.0,23442.0,11564,15112,0.13795751215766572,0.21400211752249867
cfd10d78bfa84ce5.jpg,Fixed,336,336,2,57,1799.0,24485.0,11172,15112,0.07347355523790075,0.1190444679724722
cff0be367ac9c3d5.jpg,DRIP,336,336,1,59,1652.0,12515.0,11564,2603,0.13200159808230125,0.6346523242412601
cff0be367ac9c3d5.jpg,Fixed,336,336,1,57,196.0,13579.0,11172,2603,0.014434052581191546,0.07529773338455628
cffff51120c76bed.jpg,DRIP,336,336,3,59,425.0,12586.0,11564,1447,0.03376767837279517,0.29371112646855563
cffff51120c76bed.jpg,Fixed,336,336,3,57,160.0,12459.0,11172,1447,0.012842122160687053,0.11057360055286801
d06388f63e72aa19.jpg,DRIP,336,336,76,58,1422.0,36290.0,11368,26344,0.03918434830531827,0.053978135438809596
d06388f63e72aa19.jpg,Fixed,336,336,76,57,2522.0,34994.0,11172,26344,0.07206949762816482,0.09573337382326147
d0760d4dacac46a8.jpg,DRIP,336,336,0,59,,,11564,0,,
d0760d4dacac46a8.jpg,Fixed,336,336,0,57,,,11172,0,,
d08dd251be734ff0.jpg,DRIP,336,336,6,58,1447.0,14578.0,11368,4657,0.09925915763479215,0.31071505260897575
d08dd251be734ff0.jpg,Fixed,336,336,6,57,406.0,15423.0,11172,4657,0.02632432081955521,0.08718058836160618
d09de4e2a869a314.jpg,DRIP,336,336,2,59,2338.0,17884.0,11564,8658,0.13073138000447326,0.27003927003927003
d09de4e2a869a314.jpg,Fixed,336,336,2,57,694.0,19136.0,11172,8658,0.03626672240802675,0.08015708015708016
d0e08c3b24641270.jpg,DRIP,336,336,2,59,3450.0,21703.0,11564,13589,0.15896419849790352,0.2538818161748473
d0e08c3b24641270.jpg,Fixed,336,336,2,57,1354.0,23407.0,11172,13589,0.05784594352116888,0.09963941423209949
d0e4f6fd93c5b282.jpg,DRIP,336,336,8,59,2579.0,19268.0,11564,10283,0.13384886859040898,0.25080229505008267
d0e4f6fd93c5b282.jpg,Fixed,336,336,8,57,817.0,20638.0,11172,10283,0.03958716929935071,0.07945152192939804
d0ef5b3e45c0ca64.jpg,DRIP,336,336,0,58,,,11368,0,,
d0ef5b3e45c0ca64.jpg,Fixed,336,336,0,57,,,11172,0,,
d0f08887f2254621.jpg,DRIP,336,336,11,59,2816.0,19348.0,11564,10600,0.14554475914823237,0.2656603773584906
d0f08887f2254621.jpg,Fixed,336,336,11,57,938.0,20834.0,11172,10600,0.0450225592781031,0.08849056603773585
d0faf2e155330bdc.jpg,DRIP,336,336,1,59,699.0,12613.0,11564,1748,0.05541901213034171,0.3998855835240275
d0faf2e155330bdc.jpg,Fixed,336,336,1,57,98.0,12822.0,11172,1748,0.007643113398845734,0.05606407322654462
d10e0feabd14e699.jpg,DRIP,336,336,50,59,4425.0,50878.0,11564,43739,0.08697275836314321,0.10116829374242667
d10e0feabd14e699.jpg,Fixed,336,336,50,57,4271.0,50640.0,11172,43739,0.08434044233807267,0.0976474084912778
d1230e0dfb10888d.jpg,DRIP,336,336,10,59,2452.0,27066.0,11564,17954,0.09059336436858051,0.13657123760721845
d1230e0dfb10888d.jpg,Fixed,336,336,10,57,1356.0,27770.0,11172,17954,0.04882967230824631,0.07552634510415507
d127ebae32aae39a.jpg,DRIP,336,336,4,58,2285.0,13025.0,11368,3942,0.17543186180422266,0.5796549974632167
d127ebae32aae39a.jpg,Fixed,336,336,4,57,266.0,14848.0,11172,3942,0.017914870689655173,0.06747843734145104
d16a7b0adff1b2de.jpg,DRIP,336,336,11,59,5150.0,20028.0,11564,13614,0.25714000399440784,0.3782870574408697
d16a7b0adff1b2de.jpg,Fixed,336,336,11,57,1110.0,23676.0,11172,13614,0.04688291941206285,0.08153371529308065
d16af4c04f78b5aa.jpg,DRIP,336,336,1,59,0.0,12191.0,11564,627,0.0,0.0
d16af4c04f78b5aa.jpg,Fixed,336,336,1,57,84.0,11715.0,11172,627,0.007170294494238156,0.1339712918660287
d173cb52f25eeddd.jpg,DRIP,336,336,3,59,1020.0,17692.0,11564,7148,0.05765317657698395,0.14269725797425853
d173cb52f25eeddd.jpg,Fixed,336,336,3,57,882.0,17438.0,11172,7148,0.05057919486179608,0.1233911583659765
d193db4220154879.jpg,DRIP,336,336,0,59,,,11564,0,,
d193db4220154879.jpg,Fixed,336,336,0,57,,,11172,0,,
d1b1285e7c9170fc.jpg,DRIP,336,336,4,59,3893.0,16812.0,11564,9141,0.23156078991196763,0.4258833825620829
d1b1285e7c9170fc.jpg,Fixed,336,336,4,57,616.0,19697.0,11172,9141,0.031273798040310705,0.06738868832731648
d1e9dedab1a57636.jpg,DRIP,336,336,0,59,,,11564,0,,
d1e9dedab1a57636.jpg,Fixed,336,336,0,57,,,11172,0,,
d222362444d7f282.jpg,DRIP,336,336,0,58,,,11368,0,,
d222362444d7f282.jpg,Fixed,336,336,0,57,,,11172,0,,
d2289de94783bf68.jpg,DRIP,336,336,0,59,,,11564,0,,
d2289de94783bf68.jpg,Fixed,336,336,0,57,,,11172,0,,
d23a26a545c16f78.jpg,DRIP,336,336,53,59,6787.0,60970.0,11564,56193,0.11131704116778744,0.1207801683483708
d23a26a545c16f78.jpg,Fixed,336,336,53,57,5319.0,62046.0,11172,56193,0.08572671888598782,0.09465591799690352
d2440e12ec1ea121.jpg,DRIP,336,336,1,59,1442.0,15987.0,11564,5865,0.09019828610746232,0.24586530264279624
d2440e12ec1ea121.jpg,Fixed,336,336,1,57,798.0,16239.0,11172,5865,0.04914095695547755,0.1360613810741688
d25b2c907316e051.jpg,DRIP,336,336,8,58,6096.0,75366.0,11368,70094,0.08088527983440809,0.08696892744029446
d25b2c907316e051.jpg,Fixed,336,336,8,57,6849.0,74417.0,11172,70094,0.09203542201378717,0.09771164436328358
d26f0d74fcedf564.jpg,DRIP,336,336,0,58,,,11368,0,,
d26f0d74fcedf564.jpg,Fixed,336,336,0,57,,,11172,0,,
d2af5ee28b5a79ce.jpg,DRIP,336,336,3,59,1818.0,13227.0,11564,3481,0.13744613290995691,0.5222637173226085
d2af5ee28b5a79ce.jpg,Fixed,336,336,3,57,352.0,14301.0,11172,3481,0.024613663380183205,0.10112036771042804
d2b67ea246693cdc.jpg,DRIP,336,336,3,59,420.0,18084.0,11564,6940,0.023224950232249502,0.06051873198847262
d2b67ea246693cdc.jpg,Fixed,336,336,3,57,784.0,17328.0,11172,6940,0.04524469067405355,0.11296829971181556
d2e34ed134258908.jpg,DRIP,336,336,0,58,,,11368,0,,
d2e34ed134258908.jpg,Fixed,336,336,0,57,,,11172,0,,
d3006fae309edba7.jpg,DRIP,336,336,40,58,5982.0,57038.0,11368,51652,0.10487745012097198,0.11581352125764734
d3006fae309edba7.jpg,Fixed,336,336,40,57,5146.0,57678.0,11172,51652,0.08921945975935365,0.09962828157670564
d31724a0e1a6889d.jpg,DRIP,336,336,0,59,,,11564,0,,
d31724a0e1a6889d.jpg,Fixed,336,336,0,57,,,11172,0,,
d34862230978401c.jpg,DRIP,336,336,1,58,,,11368,0,,
d34862230978401c.jpg,Fixed,336,336,1,57,,,11172,0,,
d3637f148c5612e4.jpg,DRIP,336,336,2,58,525.0,12791.0,11368,1948,0.041044484403095924,0.2695071868583162
d3637f148c5612e4.jpg,Fixed,336,336,2,57,203.0,12917.0,11172,1948,0.0157157234652009,0.10420944558521561
d39d71d4a0287360.jpg,DRIP,336,336,18,58,6036.0,51486.0,11368,46154,0.11723575340869362,0.13077956406811977
d39d71d4a0287360.jpg,Fixed,336,336,18,57,4573.0,52753.0,11172,46154,0.08668701306086858,0.09908133639554535
d3a3150761068f75.jpg,DRIP,336,336,0,59,,,11564,0,,
d3a3150761068f75.jpg,Fixed,336,336,0,57,,,11172,0,,
d3bbfbd2ca8e68d0.jpg,DRIP,336,336,3,59,2205.0,13849.0,11564,4490,0.15921727200519892,0.4910913140311804
d3bbfbd2ca8e68d0.jpg,Fixed,336,336,3,57,681.0,14981.0,11172,4490,0.04545757960082771,0.15167037861915367
d3e95ff33f0bea56.jpg,DRIP,336,336,32,58,3491.0,40478.0,11368,32601,0.08624437966302682,0.10708260482807276
d3e95ff33f0bea56.jpg,Fixed,336,336,32,57,3331.0,40442.0,11172,32601,0.08236486820632016,0.10217477991472654
d40499fd5b63346b.jpg,DRIP,336,336,0,58,,,11368,0,,
d40499fd5b63346b.jpg,Fixed,336,336,0,57,,,11172,0,,
d42cd6e2dc38b62f.jpg,DRIP,336,336,4,59,686.0,19338.0,11564,8460,0.035474195883752196,0.08108747044917258
d42cd6e2dc38b62f.jpg,Fixed,336,336,4,57,840.0,18792.0,11172,8460,0.04469987228607918,0.09929078014184398
d446e470f7ec0dd9.jpg,DRIP,336,336,8,59,5356.0,31338.0,11564,25130,0.17091071542536218,0.2131317150815758
d446e470f7ec0dd9.jpg,Fixed,336,336,8,57,2463.0,33839.0,11172,25130,0.07278583882502437,0.09801034619976125
d46c86089079ee79.jpg,DRIP,336,336,4,58,1645.0,15190.0,11368,5467,0.10829493087557604,0.30089628681177977
d46c86089079ee79.jpg,Fixed,336,336,4,57,510.0,16129.0,11172,5467,0.03162006324012648,0.0932869946954454
d476739ccdbe9898.jpg,DRIP,336,336,0,58,,,11368,0,,
d476739ccdbe9898.jpg,Fixed,336,336,0,57,,,11172,0,,
d4b9b56e8b2a1ed5.jpg,DRIP,336,336,3,59,1791.0,16693.0,11564,6920,0.10729048103995686,0.2588150289017341
d4b9b56e8b2a1ed5.jpg,Fixed,336,336,3,57,560.0,17532.0,11172,6920,0.03194159251654118,0.08092485549132948
d4d3781de1e36334.jpg,DRIP,336,336,1,59,429.0,11746.0,11564,611,0.036523071683977525,0.7021276595744681
d4d3781de1e36334.jpg,Fixed,336,336,1,57,126.0,11657.0,11172,611,0.010808955992107747,0.20621931260229132
d515b9f642e713ea.jpg,DRIP,336,336,3,58,4116.0,15328.0,11368,8076,0.2685281837160752,0.5096582466567607
d515b9f642e713ea.jpg,Fixed,336,336,3,57,815.0,18433.0,11172,8076,0.04421418108826561,0.10091629519564141
d5298049524bd456.jpg,DRIP,336,336,1,58,182.0,11911.0,11368,725,0.015279993283519436,0.25103448275862067
d5298049524bd456.jpg,Fixed,336,336,1,57,0.0,11897.0,11172,725,0.0,0.0
d54e6d457355b017.jpg,DRIP,336,336,5,59,5046.0,27583.0,11564,21065,0.18293876663162092,0.23954426774270116
d54e6d457355b017.jpg,Fixed,336,336,5,57,2224.0,30013.0,11172,21065,0.07410122280345184,0.10557797294089723
d5542a3db60eedf5.jpg,DRIP,336,336,8,59,1015.0,15033.0,11564,4484,0.06751812678773365,0.22636039250669046
d5542a3db60eedf5.jpg,Fixed,336,336,8,57,644.0,15012.0,11172,4484,0.04289901412203571,0.14362176628010706
d560bf438f687312.jpg,DRIP,336,336,9,58,2122.0,28958.0,11368,19712,0.0732785413357276,0.10765016233766234
d560bf438f687312.jpg,Fixed,336,336,9,57,1998.0,28886.0,11172,19712,0.06916845530706917,0.10135957792207792
d56f2325b2894c78.jpg,DRIP,336,336,2,59,351.0,12097.0,11564,884,0.029015458378110277,0.39705882352941174
d56f2325b2894c78.jpg,Fixed,336,336,2,57,65.0,11991.0,11172,884,0.005420732215828538,0.07352941176470588
d5891e4c4653057f.jpg,DRIP,336,336,2,59,696.0,12471.0,11564,1603,0.055809477988934326,0.43418590143480973
d5891e4c4653057f.jpg,Fixed,336,336,2,57,42.0,12733.0,11172,1603,0.003298515667949423,0.026200873362445413
d5c8c24cf6729da4.jpg,DRIP,336,336,15,58,2759.0,18771.0,11368,10162,0.14698204677427948,0.2715016728990356
d5c8c24cf6729da4.jpg,Fixed,336,336,15,57,816.0,20518.0,11172,10162,0.03976995808558339,0.08029915370989962
d5ccd36c19120929.jpg,DRIP,336,336,1,58,0.0,12127.0,11368,759,0.0,0.0
d5ccd36c19120929.jpg,Fixed,336,336,1,57,0.0,11931.0,11172,759,0.0,0.0
d5f70fa76d905f86.jpg,DRIP,336,336,4,59,1431.0,12472.0,11564,2339,0.11473701090442591,0.6117999144933732
d5f70fa76d905f86.jpg,Fixed,336,336,4,57,214.0,13297.0,11172,2339,0.016093855756937656,0.09149209063702438
d6094f5f6ca92537.jpg,DRIP,336,336,3,58,358.0,12029.0,11368,1019,0.029761409926012138,0.35132482826300293
d6094f5f6ca92537.jpg,Fixed,336,336,3,57,140.0,12051.0,11172,1019,0.01161729317069123,0.13738959764474976
d622dc602765f427.jpg,DRIP,336,336,9,58,1813.0,16884.0,11368,7329,0.10737976782752902,0.24737344794651384
d622dc602765f427.jpg,Fixed,336,336,9,57,642.0,17859.0,11172,7329,0.035948261380816394,0.08759721653704462
d62492cee124713e.jpg,DRIP,336,336,2,59,1762.0,18744.0,11564,8942,0.09400341442594964,0.19704764034891523
d62492cee124713e.jpg,Fixed,336,336,2,57,602.0,19512.0,11172,8942,0.03085280852808528,0.06732274658912994
d6763fc14413bba4.jpg,DRIP,336,336,6,59,3576.0,18257.0,11564,10269,0.19587007723065125,0.34823254455156294
d6763fc14413bba4.jpg,Fixed,336,336,6,57,1162.0,20279.0,11172,10269,0.05730065585088022,0.11315610088616224
d6a13284abb93a52.jpg,DRIP,336,336,7,59,1927.0,14712.0,11564,5075,0.13098151169113648,0.37970443349753696
d6a13284abb93a52.jpg,Fixed,336,336,7,57,712.0,15535.0,11172,5075,0.04583199227550692,0.14029556650246305
d6cb1656ac4fc989.jpg,DRIP,336,336,5,59,3096.0,21372.0,11564,12904,0.14486243683323977,0.23992560446373218
d6cb1656ac4fc989.jpg,Fixed,336,336,5,57,1294.0,22782.0,11172,12904,0.05679922746027566,0.10027898326100435
d72635b52f3f35fe.jpg,DRIP,336,336,5,59,7252.0,41980.0,11564,37668,0.1727489280609814,0.19252415843686949
d72635b52f3f35fe.jpg,Fixed,336,336,5,57,3766.0,45074.0,11172,37668,0.08355149310023517,0.0999787618137411
d73301e08e412143.jpg,DRIP,336,336,2,59,182.0,11795.0,11564,413,0.01543026706231454,0.4406779661016949
d73301e08e412143.jpg,Fixed,336,336,2,57,14.0,11571.0,11172,413,0.0012099213551119178,0.03389830508474576
d7399c496b57791b.jpg,DRIP,336,336,0,59,,,11564,0,,
d7399c496b57791b.jpg,Fixed,336,336,0,57,,,11172,0,,
d73eff1103e8c43e.jpg,DRIP,336,336,6,59,3931.0,20171.0,11564,12538,0.19488374398889494,0.3135268782899984
d73eff1103e8c43e.jpg,Fixed,336,336,6,57,1244.0,22466.0,11172,12538,0.05537256298406481,0.0992183761365449
d752ed9c0a5bf0fd.jpg,DRIP,336,336,2,59,266.0,12328.0,11564,1030,0.021576898118105127,0.258252427184466
d752ed9c0a5bf0fd.jpg,Fixed,336,336,2,57,280.0,11922.0,11172,1030,0.023485992283173964,0.27184466019417475
d7ba2a258521e8cf.jpg,DRIP,336,336,2,59,5488.0,24005.0,11564,17929,0.22861903770047906,0.30609626861509287
d7ba2a258521e8cf.jpg,Fixed,336,336,2,57,1830.0,27271.0,11172,17929,0.06710424993582927,0.10206927324446427
d7c0a6f1f977e3c0.jpg,DRIP,336,336,2,59,2844.0,18955.0,11564,10235,0.15003956739646532,0.2778700537371764
d7c0a6f1f977e3c0.jpg,Fixed,336,336,2,57,668.0,20739.0,11172,10235,0.03220984618351897,0.06526624328285295
d843ff5df246c166.jpg,DRIP,336,336,19,59,5590.0,33282.0,11564,27308,0.16795865633074936,0.20470191885161856
d843ff5df246c166.jpg,Fixed,336,336,19,57,2598.0,35882.0,11172,27308,0.07240399085892649,0.09513695620331039
d844791cda43c520.jpg,DRIP,336,336,2,59,982.0,15420.0,11564,4838,0.06368352788586251,0.20297643654402645
d844791cda43c520.jpg,Fixed,336,336,2,57,490.0,15520.0,11172,4838,0.03157216494845361,0.10128152128978916
d84ba777116deca8.jpg,DRIP,336,336,0,59,,,11564,0,,
d84ba777116deca8.jpg,Fixed,336,336,0,57,,,11172,0,,
d85af6144fc80f43.jpg,DRIP,336,336,2,59,854.0,12983.0,11564,2273,0.0657783255025803,0.37571491421029474
d85af6144fc80f43.jpg,Fixed,336,336,2,57,38.0,13407.0,11172,2273,0.0028343402700082045,0.01671799384073911
d87f51217798fc41.jpg,DRIP,336,336,0,59,,,11564,0,,
d87f51217798fc41.jpg,Fixed,336,336,0,57,,,11172,0,,
d8800354e8ab991e.jpg,DRIP,336,336,1,59,840.0,13906.0,11564,3182,0.06040558032503955,0.26398491514770583
d8800354e8ab991e.jpg,Fixed,336,336,1,57,322.0,14032.0,11172,3182,0.022947548460661344,0.10119421747328725
d891143be43b70ff.jpg,DRIP,336,336,0,59,,,11564,0,,
d891143be43b70ff.jpg,Fixed,336,336,0,57,,,11172,0,,
d89857f08c1900f0.jpg,DRIP,336,336,2,59,1036.0,13439.0,11564,2911,0.0770890691271672,0.3558914462384061
d89857f08c1900f0.jpg,Fixed,336,336,2,57,326.0,13757.0,11172,2911,0.023697026968088973,0.1119890072140158
d8b2f5483ce39702.jpg,DRIP,336,336,1,59,5250.0,29425.0,11564,23111,0.1784197111299915,0.22716455367573882
d8b2f5483ce39702.jpg,Fixed,336,336,1,57,2340.0,31943.0,11172,23111,0.07325548633503429,0.10125048678118645
d8bee3b52087d4a6.jpg,DRIP,336,336,8,59,5662.0,30703.0,11564,24801,0.1844119467153047,0.22829724607878715
d8bee3b52087d4a6.jpg,Fixed,336,336,8,57,2168.0,33805.0,11172,24801,0.06413252477444165,0.08741583000685456
d92d8a020969a2d3.jpg,DRIP,336,336,0,58,,,11368,0,,
d92d8a020969a2d3.jpg,Fixed,336,336,0,57,,,11172,0,,
d9326e5ca4a41dd7.jpg,DRIP,336,336,8,59,4490.0,23964.0,11564,16890,0.1873643799031881,0.26583777383066903
d9326e5ca4a41dd7.jpg,Fixed,336,336,8,57,1490.0,26572.0,11172,16890,0.05607406292337799,0.08821788040260509
d99b90b6302c936e.jpg,DRIP,336,336,0,58,,,11368,0,,
d99b90b6302c936e.jpg,Fixed,336,336,0,57,,,11172,0,,
d9a19adcee0e2eba.jpg,DRIP,336,336,30,59,7892.0,46683.0,11564,43011,0.1690551164235375,0.18348794494431658
d9a19adcee0e2eba.jpg,Fixed,336,336,30,57,3749.0,50434.0,11172,43011,0.07433477416028869,0.08716374880844435
d9b35c813fa0a72f.jpg,DRIP,336,336,2,58,276.0,13471.0,11368,2379,0.02048845668473016,0.11601513240857503
d9b35c813fa0a72f.jpg,Fixed,336,336,2,57,252.0,13299.0,11172,2379,0.01894879314234153,0.10592686002522068
d9d0de79f080397d.jpg,DRIP,336,336,1,58,42.0,11887.0,11368,561,0.003533271641288803,0.0748663101604278
d9d0de79f080397d.jpg,Fixed,336,336,1,57,124.0,11609.0,11172,561,0.010681367904212249,0.22103386809269163
da0b3724106ec078.jpg,DRIP,336,336,19,59,6848.0,51925.0,11564,47209,0.13188252286952334,0.1450570865724756
da0b3724106ec078.jpg,Fixed,336,336,19,57,4565.0,53816.0,11172,47209,0.08482607403002825,0.09669766358109683
da3706a9f3616962.jpg,DRIP,336,336,1,59,3570.0,39713.0,11564,31719,0.08989499660060937,0.11255083703773763
da3706a9f3616962.jpg,Fixed,336,336,1,57,3052.0,39839.0,11172,31719,0.07660834860312758,0.09621993127147767
da47d6dd9cc5ed0d.jpg,DRIP,336,336,7,58,2894.0,22627.0,11368,14153,0.12790029610642153,0.20447961562919523
da47d6dd9cc5ed0d.jpg,Fixed,336,336,7,57,1386.0,23939.0,11172,14153,0.05789715526964368,0.09792976754045078
dab49ece62937464.jpg,DRIP,336,336,0,59,,,11564,0,,
dab49ece62937464.jpg,Fixed,336,336,0,57,,,11172,0,,
dab80ee6e59bafab.jpg,DRIP,336,336,0,59,,,11564,0,,
dab80ee6e59bafab.jpg,Fixed,336,336,0,57,,,11172,0,,
dab8c43fb5355c5f.jpg,DRIP,336,336,16,58,3092.0,22774.0,11368,14498,0.1357688592254325,0.2132707959718582
dab8c43fb5355c5f.jpg,Fixed,336,336,16,57,1180.0,24490.0,11172,14498,0.04818293180890159,0.08139053662574149
dad3e4c11cb8e867.jpg,DRIP,336,336,19,59,3163.0,20956.0,11564,12555,0.15093529299484634,0.251931501393867
dad3e4c11cb8e867.jpg,Fixed,336,336,19,57,1126.0,22601.0,11172,12555,0.04982080438918632,0.08968538430904022
dae7b07540e932a1.jpg,DRIP,336,336,4,59,252.0,13921.0,11564,2609,0.018102147834207313,0.09658873131467996
dae7b07540e932a1.jpg,Fixed,336,336,4,57,112.0,13669.0,11172,2609,0.00819372302289853,0.04292832502874665
daf1e1835dfeb276.jpg,DRIP,336,336,0,59,,,11564,0,,
daf1e1835dfeb276.jpg,Fixed,336,336,0,57,,,11172,0,,
daf519a56aed454c.jpg,DRIP,336,336,3,59,1012.0,20191.0,11564,9639,0.05012134119162003,0.10499014420583049
daf519a56aed454c.jpg,Fixed,336,336,3,57,1050.0,19761.0,11172,9639,0.053134962805526036,0.10893246187363835
db0a046c37797be5.jpg,DRIP,336,336,2,58,3784.0,18354.0,11368,10770,0.2061675928952817,0.3513463324048282
db0a046c37797be5.jpg,Fixed,336,336,2,57,1260.0,20682.0,11172,10770,0.060922541340295906,0.116991643454039
db4a19279c88afdd.jpg,DRIP,336,336,1,58,0.0,13662.0,11368,2294,0.0,0.0
db4a19279c88afdd.jpg,Fixed,336,336,1,57,229.0,13237.0,11172,2294,0.017299992445418147,0.0998256320836966
db51fbe4908a0d41.jpg,DRIP,336,336,6,59,5981.0,62245.0,11564,56662,0.09608803919993573,0.10555575165013589
db51fbe4908a0d41.jpg,Fixed,336,336,6,57,5208.0,62626.0,11172,56662,0.08316034873694632,0.09191345169602202
db658f1e52e4ecc0.jpg,DRIP,336,336,63,59,1191.0,29922.0,11564,19549,0.03980348907158612,0.06092383242109571
db658f1e52e4ecc0.jpg,Fixed,336,336,63,57,2214.0,28507.0,11172,19549,0.07766513487915248,0.11325387487851041
db81daf9aafe797f.jpg,DRIP,336,336,3,58,797.0,12971.0,11368,2400,0.06144476139079485,0.33208333333333334
db81daf9aafe797f.jpg,Fixed,336,336,3,57,398.0,13174.0,11172,2400,0.03021102170942766,0.16583333333333333
dbb1ad4e4e91b583.jpg,DRIP,336,336,2,59,6146.0,37747.0,11564,32329,0.1628208864280605,0.19010795261220576
dbb1ad4e4e91b583.jpg,Fixed,336,336,2,57,3346.0,40155.0,11172,32329,0.08332710745859793,0.1034984070030004
dbe037191a003444.jpg,DRIP,336,336,2,58,1497.0,12113.0,11368,2242,0.12358622967060183,0.6677074041034791
dbe037191a003444.jpg,Fixed,336,336,2,57,140.0,13274.0,11172,2242,0.010546933855657676,0.06244424620874219
dbedbdc186534c76.jpg,DRIP,336,336,1,58,574.0,12642.0,11368,1848,0.04540420819490587,0.3106060606060606
dbedbdc186534c76.jpg,Fixed,336,336,1,57,378.0,12642.0,11172,1848,0.029900332225913623,0.20454545454545456
dbf4c96c188b5f4f.jpg,DRIP,336,336,9,59,5866.0,29384.0,11564,23686,0.19963245303566568,0.24765684370514227
dbf4c96c188b5f4f.jpg,Fixed,336,336,9,57,2310.0,32548.0,11172,23686,0.07097210274056778,0.09752596470488896
dc1c745f77d7900c.jpg,DRIP,336,336,0,58,,,11368,0,,
dc1c745f77d7900c.jpg,Fixed,336,336,0,57,,,11172,0,,
dc2ea493b38c8751.jpg,DRIP,336,336,4,59,5054.0,25783.0,11564,19273,0.19602063375092116,0.26223213822445907
dc2ea493b38c8751.jpg,Fixed,336,336,4,57,2233.0,28212.0,11172,19273,0.07915071600737275,0.1158615679966793
dc3fab751eab1a39.jpg,DRIP,336,336,0,59,,,11564,0,,
dc3fab751eab1a39.jpg,Fixed,336,336,0,57,,,11172,0,,
dc531a84cb50e897.jpg,DRIP,336,336,1,58,115.0,11604.0,11368,351,0.009910375732506032,0.32763532763532766
dc531a84cb50e897.jpg,Fixed,336,336,1,57,54.0,11469.0,11172,351,0.004708344232278315,0.15384615384615385
dc5c2b5a4b9b9f05.jpg,DRIP,336,336,3,59,6874.0,29761.0,11564,25071,0.2309734215920164,0.27418132503689524
dc5c2b5a4b9b9f05.jpg,Fixed,336,336,3,57,2212.0,34031.0,11172,25071,0.06499955922541212,0.0882294284232779
dc739a78b6c50d20.jpg,DRIP,336,336,3,59,840.0,18045.0,11564,7321,0.046550290939318374,0.11473842371260756
dc739a78b6c50d20.jpg,Fixed,336,336,3,57,466.0,18027.0,11172,7321,0.02585011371831142,0.06365250648818467
dc8f2786cc122c2f.jpg,DRIP,336,336,15,59,5461.0,37751.0,11564,31648,0.14465841964451273,0.17255434782608695
dc8f2786cc122c2f.jpg,Fixed,336,336,15,57,3033.0,39787.0,11172,31648,0.076230929700656,0.09583543983822042
dcb44af44943a3b0.jpg,DRIP,336,336,1,59,0.0,12525.0,11564,961,0.0,0.0
dcb44af44943a3b0.jpg,Fixed,336,336,1,57,0.0,12133.0,11172,961,0.0,0.0
dcc5cbc9e4825377.jpg,DRIP,336,336,12,59,6276.0,30404.0,11564,25116,0.20642020786738588,0.24988055422838032
dcc5cbc9e4825377.jpg,Fixed,336,336,12,57,3010.0,33278.0,11172,25116,0.09045014724442575,0.11984392419175027
dcc75bc47d863707.jpg,DRIP,336,336,6,59,1897.0,15562.0,11564,5895,0.12189949877907724,0.32179813401187446
dcc75bc47d863707.jpg,Fixed,336,336,6,57,554.0,16513.0,11172,5895,0.03354932477442015,0.09397794741306191
dcd273cc9e81afed.jpg,DRIP,336,336,5,59,2239.0,19975.0,11564,10650,0.112090112640801,0.21023474178403756
dcd273cc9e81afed.jpg,Fixed,336,336,5,57,686.0,21136.0,11172,10650,0.03245647236941711,0.0644131455399061
dcda5e4f315f61eb.jpg,DRIP,336,336,2,58,408.0,12256.0,11368,1296,0.03328981723237598,0.3148148148148148
dcda5e4f315f61eb.jpg,Fixed,336,336,2,57,196.0,12272.0,11172,1296,0.015971316818774447,0.15123456790123457
dced6d4991f4632e.jpg,DRIP,336,336,0,59,,,11564,0,,
dced6d4991f4632e.jpg,Fixed,336,336,0,57,,,11172,0,,
dd22182e290287b2.jpg,DRIP,336,336,2,58,573.0,13045.0,11368,2250,0.043924875431199696,0.25466666666666665
dd22182e290287b2.jpg,Fixed,336,336,2,57,177.0,13245.0,11172,2250,0.013363533408833523,0.07866666666666666
dd2d9d8f9bbc46f5.jpg,DRIP,336,336,2,58,526.0,12072.0,11368,1230,0.04357190192180252,0.4276422764227642
dd2d9d8f9bbc46f5.jpg,Fixed,336,336,2,57,106.0,12296.0,11172,1230,0.008620689655172414,0.08617886178861789
dd3360f54a347a30.jpg,DRIP,336,336,8,59,1230.0,16055.0,11564,5721,0.0766116474618499,0.2149973780807551
dd3360f54a347a30.jpg,Fixed,336,336,8,57,689.0,16204.0,11172,5721,0.04252036534189089,0.12043349064848803
dd3eaed3ab17e4f1.jpg,DRIP,336,336,1,59,1568.0,17784.0,11564,7788,0.08816914080071975,0.20133538777606574
dd3eaed3ab17e4f1.jpg,Fixed,336,336,1,57,812.0,18148.0,11172,7788,0.04474322239365219,0.10426296866974834
dd42f00a168d5f58.jpg,DRIP,336,336,0,59,,,11564,0,,
dd42f00a168d5f58.jpg,Fixed,336,336,0,57,,,11172,0,,
dd4c98590502ed2a.jpg,DRIP,336,336,8,59,5726.0,29698.0,11564,23860,0.19280759647114284,0.23998323554065382
dd4c98590502ed2a.jpg,Fixed,336,336,8,57,2782.0,32250.0,11172,23860,0.08626356589147287,0.11659681475272422
dd7d764e8d5251e5.jpg,DRIP,336,336,5,58,4727.0,18945.0,11368,12304,0.24951174452362102,0.3841840052015605
dd7d764e8d5251e5.jpg,Fixed,336,336,5,57,1328.0,22148.0,11172,12304,0.05996026729275781,0.10793237971391417
dd80a9fadce5a8a5.jpg,DRIP,336,336,0,59,,,11564,0,,
dd80a9fadce5a8a5.jpg,Fixed,336,336,0,57,,,11172,0,,
dd970b6095ee6740.jpg,DRIP,336,336,4,59,1914.0,17653.0,11564,8003,0.10842349742253442,0.23916031488191927
dd970b6095ee6740.jpg,Fixed,336,336,4,57,831.0,18344.0,11172,8003,0.04530091583078936,0.10383606147694614
dda00fdb71c2e986.jpg,DRIP,336,336,2,58,1064.0,14332.0,11368,4028,0.07423946413619871,0.2641509433962264
dda00fdb71c2e986.jpg,Fixed,336,336,2,57,616.0,14584.0,11172,4028,0.042238069116840374,0.1529294935451837
de16e970e8c0adbe.jpg,DRIP,336,336,4,59,3589.0,23518.0,11564,15543,0.1526065141593673,0.2309078041562118
de16e970e8c0adbe.jpg,Fixed,336,336,4,57,1572.0,25143.0,11172,15543,0.0625223720319771,0.10113877629801196
de1abfcce50ab798.jpg,DRIP,336,336,10,59,1804.0,22844.0,11564,13084,0.07897040798459114,0.13787832467135433
de1abfcce50ab798.jpg,Fixed,336,336,10,57,1026.0,23230.0,11172,13084,0.04416702539819199,0.07841638642616937
de37d4819233d6dc.jpg,DRIP,336,336,1,58,524.0,15231.0,11368,4387,0.03440351913859891,0.11944381126054252
de37d4819233d6dc.jpg,Fixed,336,336,1,57,378.0,15181.0,11172,4387,0.02489954548448719,0.08616366537497151
de67d772a6b93f98.jpg,DRIP,336,336,0,58,,,11368,0,,
de67d772a6b93f98.jpg,Fixed,336,336,0,57,,,11172,0,,
de6c60548526861a.jpg,DRIP,336,336,27,58,2861.0,25201.0,11368,16694,0.1135272409825007,0.1713789385407931
de6c60548526861a.jpg,Fixed,336,336,27,57,1616.0,26250.0,11172,16694,0.06156190476190476,0.09680124595663113
de801d8016a4764a.jpg,DRIP,336,336,0,59,,,11564,0,,
de801d8016a4764a.jpg,Fixed,336,336,0,57,,,11172,0,,
de845946d591a724.jpg,DRIP,336,336,0,58,,,11368,0,,
de845946d591a724.jpg,Fixed,336,336,0,57,,,11172,0,,
dea12e9e78df007e.jpg,DRIP,336,336,4,59,693.0,12875.0,11564,2004,0.0538252427184466,0.3458083832335329
dea12e9e78df007e.jpg,Fixed,336,336,4,57,102.0,13074.0,11172,2004,0.007801743919229004,0.05089820359281437
deaa5f12d5c4d710.jpg,DRIP,336,336,2,59,5064.0,37996.0,11564,31496,0.1332771870723234,0.16078232156464312
deaa5f12d5c4d710.jpg,Fixed,336,336,2,57,3444.0,39224.0,11172,31496,0.08780338568223536,0.10934721869443739
decc68cb92878ee1.jpg,DRIP,336,336,0,59,,,11564,0,,
decc68cb92878ee1.jpg,Fixed,336,336,0,57,,,11172,0,,
ded3f580dab69d11.jpg,DRIP,336,336,39,58,9040.0,90134.0,11368,87806,0.10029511616038343,0.10295424002915518
ded3f580dab69d11.jpg,Fixed,336,336,39,57,8401.0,90577.0,11172,87806,0.09274981507446703,0.09567683301824477
dee3b64f1590bf7e.jpg,DRIP,336,336,27,59,1365.0,38940.0,11564,28741,0.03505392912172573,0.04749312828363662
dee3b64f1590bf7e.jpg,Fixed,336,336,27,57,2306.0,37607.0,11172,28741,0.061318371579759084,0.0802338123238579
deebd66e28aecfaa.jpg,DRIP,336,336,18,58,1567.0,49164.0,11368,39363,0.031872915141160196,0.03980895765058558
deebd66e28aecfaa.jpg,Fixed,336,336,18,57,3204.0,47331.0,11172,39363,0.06769347784749953,0.08139623504306075
df0a49f53bbf4e9e.jpg,DRIP,336,336,0,59,,,11564,0,,
df0a49f53bbf4e9e.jpg,Fixed,336,336,0,57,,,11172,0,,
df1c84eb74c79d38.jpg,DRIP,336,336,10,59,9996.0,59848.0,11564,58280,0.16702312525063495,0.17151681537405628
df1c84eb74c79d38.jpg,Fixed,336,336,10,57,5644.0,63808.0,11172,58280,0.08845285857572718,0.09684282772820865
df25faa4662bac60.jpg,DRIP,336,336,6,59,1682.0,13793.0,11564,3911,0.12194591459435945,0.43006903605216057
df25faa4662bac60.jpg,Fixed,336,336,6,57,554.0,14529.0,11172,3911,0.03813063528116181,0.14165175147021222
df2f4fb23f18939f.jpg,DRIP,336,336,0,58,,,11368,0,,
df2f4fb23f18939f.jpg,Fixed,336,336,0,57,,,11172,0,,
df37e8d8ac872966.jpg,DRIP,336,336,1,59,476.0,12445.0,11564,1357,0.038248292486942545,0.3507737656595431
df37e8d8ac872966.jpg,Fixed,336,336,1,57,28.0,12501.0,11172,1357,0.002239820814334853,0.020633750921149593
df73de65502977b8.jpg,DRIP,336,336,1,59,1406.0,13058.0,11564,2900,0.10767345688466841,0.48482758620689653
df73de65502977b8.jpg,Fixed,336,336,1,57,280.0,13792.0,11172,2900,0.020301624129930394,0.09655172413793103
df96ed2ac714a9db.jpg,DRIP,336,336,0,58,,,11368,0,,
df96ed2ac714a9db.jpg,Fixed,336,336,0,57,,,11172,0,,
dfa14cad3255c3cd.jpg,DRIP,336,336,15,59,7874.0,55350.0,11564,51660,0.1422583559168925,0.1524196670538134
dfa14cad3255c3cd.jpg,Fixed,336,336,15,57,4425.0,58407.0,11172,51660,0.07576146694745493,0.0856562137049942
dfa287272584f3d4.jpg,DRIP,336,336,3,59,5660.0,22582.0,11564,16678,0.250642104330883,0.33936922892433147
dfa287272584f3d4.jpg,Fixed,336,336,3,57,1568.0,26282.0,11172,16678,0.0596606042158131,0.09401606907303034
dfa67f40988e73b5.jpg,DRIP,336,336,5,59,5096.0,24818.0,11564,18350,0.205334837617858,0.27771117166212533
dfa67f40988e73b5.jpg,Fixed,336,336,5,57,1968.0,27554.0,11172,18350,0.07142338680409378,0.10724795640326976
dfe0949a435a65e6.jpg,DRIP,336,336,3,58,5088.0,18899.0,11368,12619,0.2692205936822054,0.4032015215151755
dfe0949a435a65e6.jpg,Fixed,336,336,3,57,1246.0,22545.0,11172,12619,0.05526724329119539,0.09873999524526508
dfe641eb6e3615ba.jpg,DRIP,336,336,17,59,5418.0,61223.0,11564,55077,0.08849615340639956,0.09837137098970532
dfe641eb6e3615ba.jpg,Fixed,336,336,17,57,5603.0,60646.0,11172,55077,0.0923886159021205,0.10173030484594295
dfe9bd50b0154a85.jpg,DRIP,336,336,2,59,4284.0,18459.0,11564,11179,0.23208191126279865,0.38321853475266127
dfe9bd50b0154a85.jpg,Fixed,336,336,2,57,1008.0,21343.0,11172,11179,0.04722859954083306,0.09016906700062617
dfef434060058340.jpg,DRIP,336,336,8,59,4111.0,23562.0,11564,16109,0.1744758509464392,0.25519895710472407
dfef434060058340.jpg,Fixed,336,336,8,57,1462.0,25819.0,11172,16109,0.0566249661102289,0.09075671984604879
e02a7817af8277af.jpg,DRIP,336,336,3,59,4132.0,18455.0,11564,11023,0.2238959631536169,0.37485258096706886
e02a7817af8277af.jpg,Fixed,336,336,3,57,1246.0,20949.0,11172,11023,0.05947777936894363,0.11303637848135716
e02cf439f170d150.jpg,DRIP,336,336,2,59,3228.0,15494.0,11564,7158,0.20833871175939073,0.4509639564124057
e02cf439f170d150.jpg,Fixed,336,336,2,57,952.0,17378.0,11172,7158,0.0547819081597422,0.13299804414640962
e0623c6bc38acbe0.jpg,DRIP,336,336,5,59,967.0,15785.0,11564,5188,0.06126069052898321,0.1863916730917502
e0623c6bc38acbe0.jpg,Fixed,336,336,5,57,595.0,15765.0,11172,5188,0.0377418331747542,0.11468774094063224
e081deec0d8211a0.jpg,DRIP,336,336,4,59,2391.0,16183.0,11564,7010,0.1477476364085769,0.3410841654778887
e081deec0d8211a0.jpg,Fixed,336,336,4,57,833.0,17349.0,11172,7010,0.04801429477203297,0.118830242510699
e08ccd92443c5924.jpg,DRIP,336,336,1,58,476.0,12712.0,11368,1820,0.037444933920704845,0.26153846153846155
e08ccd92443c5924.jpg,Fixed,336,336,1,57,196.0,12796.0,11172,1820,0.015317286652078774,0.1076923076923077
e0901be5d8497e7e.jpg,DRIP,336,336,0,58,,,11368,0,,
e0901be5d8497e7e.jpg,Fixed,336,336,0,57,,,11172,0,,
e0994cf4679fe93b.jpg,DRIP,336,336,10,59,1146.0,19483.0,11564,9065,0.05882051018836935,0.12642029784886927
e0994cf4679fe93b.jpg,Fixed,336,336,10,57,757.0,19480.0,11172,9065,0.03886036960985626,0.08350799779371208
e0a7927884f6ad97.jpg,DRIP,336,336,3,59,1817.0,16889.0,11564,7142,0.10758481852093078,0.2544105292635116
e0a7927884f6ad97.jpg,Fixed,336,336,3,57,532.0,17782.0,11172,7142,0.029917894500056236,0.07448893867264071
e0b87f73bd1fc3b6.jpg,DRIP,336,336,0,59,,,11564,0,,
e0b87f73bd1fc3b6.jpg,Fixed,336,336,0,57,,,11172,0,,
e0b89185459f5478.jpg,DRIP,336,336,7,59,5056.0,22774.0,11564,16266,0.22200755247211731,0.310832411164392
e0b89185459f5478.jpg,Fixed,336,336,7,57,1589.0,25849.0,11172,16266,0.06147239738481179,0.09768842985368253
e0cfbe1c13372905.jpg,DRIP,336,336,0,58,,,11368,0,,
e0cfbe1c13372905.jpg,Fixed,336,336,0,57,,,11172,0,,
e0ea177236379345.jpg,DRIP,336,336,2,59,2554.0,19465.0,11564,10455,0.13120986385820704,0.24428503108560498
e0ea177236379345.jpg,Fixed,336,336,2,57,980.0,20647.0,11172,10455,0.047464522690947836,0.0937350549976088
e1026e0c4b1c6a3b.jpg,DRIP,336,336,4,58,580.0,18073.0,11368,7285,0.032092071045205554,0.07961564859299931
e1026e0c4b1c6a3b.jpg,Fixed,336,336,4,57,812.0,17645.0,11172,7285,0.04601870218192122,0.11146190803019904
e14568617acccd92.jpg,DRIP,336,336,1,59,76.0,13063.0,11564,1575,0.005817959121181964,0.04825396825396826
e14568617acccd92.jpg,Fixed,336,336,1,57,214.0,12533.0,11172,1575,0.0170749222053778,0.13587301587301587
e1476fd0c103ad19.jpg,DRIP,336,336,1,58,1708.0,45399.0,11368,35739,0.0376219740522919,0.04779092867735527
e1476fd0c103ad19.jpg,Fixed,336,336,1,57,3598.0,43313.0,11172,35739,0.0830697481125759,0.10067433336131397
e153cbe601bf65aa.jpg,DRIP,336,336,0,59,,,11564,0,,
e153cbe601bf65aa.jpg,Fixed,336,336,0,57,,,11172,0,,
e1741f781d306a3c.jpg,DRIP,336,336,0,59,,,11564,0,,
e1741f781d306a3c.jpg,Fixed,336,336,0,57,,,11172,0,,
e1a85708af778b92.jpg,DRIP,336,336,3,59,4318.0,17259.0,11564,10013,0.25018830754968424,0.4312393887945671
e1a85708af778b92.jpg,Fixed,336,336,3,57,1036.0,20149.0,11172,10013,0.05141694376892154,0.10346549485668631
e1ad82ad7b00d0dc.jpg,DRIP,336,336,19,58,4304.0,23852.0,11368,16788,0.1804460841858125,0.25637360019061234
e1ad82ad7b00d0dc.jpg,Fixed,336,336,19,57,1582.0,26378.0,11172,16788,0.059974220941693836,0.09423397664998809
e1b781b6508297d9.jpg,DRIP,336,336,6,58,1595.0,14750.0,11368,4977,0.10813559322033899,0.3204741812336749
e1b781b6508297d9.jpg,Fixed,336,336,6,57,476.0,15673.0,11172,4977,0.030370701205895488,0.09563994374120956
e1d1952b478e89ec.jpg,DRIP,336,336,8,59,2067.0,19093.0,11564,9596,0.10825957157073272,0.21540225093789078
e1d1952b478e89ec.jpg,Fixed,336,336,8,57,890.0,19878.0,11172,9596,0.04477311600764664,0.09274697790746145
e1d4162436e3616e.jpg,DRIP,336,336,7,59,3726.0,27470.0,11564,19632,0.13563887877684747,0.1897921760391198
e1d4162436e3616e.jpg,Fixed,336,336,7,57,2118.0,28686.0,11172,19632,0.07383392595691278,0.10788508557457213
e1d8f6ff0797fa68.jpg,DRIP,336,336,22,58,3818.0,31913.0,11368,24363,0.11963776517406699,0.15671304847514675
e1d8f6ff0797fa68.jpg,Fixed,336,336,22,57,2053.0,33482.0,11172,24363,0.06131652828385401,0.08426712638016665
e1db16acf4f8b368.jpg,DRIP,336,336,3,59,721.0,12599.0,11564,1756,0.05722676402889118,0.41059225512528474
e1db16acf4f8b368.jpg,Fixed,336,336,3,57,239.0,12689.0,11172,1756,0.018835211600598943,0.13610478359908884
e1dd44177f2eb45e.jpg,DRIP,336,336,0,58,,,11368,0,,
e1dd44177f2eb45e.jpg,Fixed,336,336,0,57,,,11172,0,,
e237a557ee9e7916.jpg,DRIP,336,336,2,59,1946.0,12997.0,11564,3379,0.14972686004462568,0.5759100325540101
e237a557ee9e7916.jpg,Fixed,336,336,2,57,225.0,14326.0,11172,3379,0.015705709898087394,0.0665877478543948
e237b1addcd000da.jpg,DRIP,336,336,3,59,1044.0,12976.0,11564,2456,0.08045622688039457,0.4250814332247557
e237b1addcd000da.jpg,Fixed,336,336,3,57,203.0,13425.0,11172,2456,0.015121042830540037,0.08265472312703583
e2a04ac53d89a4e4.jpg,DRIP,336,336,0,58,,,11368,0,,
e2a04ac53d89a4e4.jpg,Fixed,336,336,0,57,,,11172,0,,
e2a07d672d34e092.jpg,DRIP,336,336,3,59,3559.0,15703.0,11564,7698,0.2266445902056932,0.46232787737074565
e2a07d672d34e092.jpg,Fixed,336,336,3,57,882.0,17988.0,11172,7698,0.04903268845897265,0.11457521434138737
e2b3c1a87966781c.jpg,DRIP,336,336,1,58,1473.0,11512.0,11368,1617,0.12795343988881167,0.9109461966604824
e2b3c1a87966781c.jpg,Fixed,336,336,1,57,168.0,12621.0,11172,1617,0.013311148086522463,0.1038961038961039
e2ce165e035f7ef9.jpg,DRIP,336,336,31,59,6936.0,43159.0,11564,38531,0.16070807942723417,0.18001090031403286
e2ce165e035f7ef9.jpg,Fixed,336,336,31,57,3632.0,46071.0,11172,38531,0.07883484187449806,0.09426176325556046
e2e7355f2e82212a.jpg,DRIP,336,336,18,59,7238.0,58739.0,11564,54413,0.12322307155382284,0.13301968279639056
e2e7355f2e82212a.jpg,Fixed,336,336,18,57,5359.0,60226.0,11172,54413,0.08898150300534653,0.09848749379743811
e2f1e6c0abe6bc8e.jpg,DRIP,336,336,1,59,759.0,11840.0,11564,1035,0.06410472972972973,0.7333333333333333
e2f1e6c0abe6bc8e.jpg,Fixed,336,336,1,57,172.0,12035.0,11172,1035,0.014291649356044869,0.16618357487922705
e2f87b78c66b0df6.jpg,DRIP,336,336,4,58,830.0,13203.0,11368,2665,0.06286450049231235,0.31144465290806755
e2f87b78c66b0df6.jpg,Fixed,336,336,4,57,411.0,13426.0,11172,2665,0.030612244897959183,0.15422138836772983
e2f912248846a7ae.jpg,DRIP,336,336,7,58,2405.0,15986.0,11368,7023,0.15044413862129363,0.34244624804214724
e2f912248846a7ae.jpg,Fixed,336,336,7,57,826.0,17369.0,11172,7023,0.0475559905578905,0.11761355546062936
e31ea844abb41108.jpg,DRIP,336,336,16,59,6177.0,33287.0,11564,27900,0.1855679394358158,0.2213978494623656
e31ea844abb41108.jpg,Fixed,336,336,16,57,2930.0,36142.0,11172,27900,0.08106911626362681,0.10501792114695341
e33728d76efa33fe.jpg,DRIP,336,336,9,58,760.0,14226.0,11368,3618,0.053423309433431744,0.21006080707573244
e33728d76efa33fe.jpg,Fixed,336,336,9,57,211.0,14579.0,11172,3618,0.014472871939090472,0.05831951354339414
e35f39ca76a28840.jpg,DRIP,336,336,1,58,2156.0,13677.0,11368,4465,0.15763690867880384,0.48286674132138857
e35f39ca76a28840.jpg,Fixed,336,336,1,57,392.0,15245.0,11172,4465,0.025713348638898,0.0877939529675252
e378ec31a384027c.jpg,DRIP,336,336,1,59,563.0,12312.0,11564,1311,0.045727745289148795,0.429443173150267
e378ec31a384027c.jpg,Fixed,336,336,1,57,126.0,12357.0,11172,1311,0.010196649672250545,0.09610983981693363
e3830d043ccad5c0.jpg,DRIP,336,336,1,59,5040.0,17707.0,11564,11183,0.28463319591122155,0.450684074040955
e3830d043ccad5c0.jpg,Fixed,336,336,1,57,1358.0,20997.0,11172,11183,0.06467590608182121,0.12143431994992399
e3a7787d78c2b9c8.jpg,DRIP,336,336,7,58,2542.0,14731.0,11368,5905,0.17256126535876723,0.4304826418289585
e3a7787d78c2b9c8.jpg,Fixed,336,336,7,57,780.0,16297.0,11172,5905,0.047861569614039395,0.13209144792548688
e3f513d80be62837.jpg,DRIP,336,336,10,58,2329.0,24585.0,11368,15546,0.09473256050437258,0.14981345683777178
e3f513d80be62837.jpg,Fixed,336,336,10,57,1306.0,25412.0,11172,15546,0.05139304265701244,0.08400874823105622
e3f517aa3847f39e.jpg,DRIP,336,336,7,58,3247.0,17177.0,11368,9056,0.1890318449088898,0.35854681978798586
e3f517aa3847f39e.jpg,Fixed,336,336,7,57,663.0,19565.0,11172,9056,0.03388704318936877,0.07321113074204948
e40e055d35247e1d.jpg,DRIP,336,336,5,59,5038.0,41802.0,11564,35276,0.12052054925601646,0.1428166458782175
e40e055d35247e1d.jpg,Fixed,336,336,5,57,3290.0,43158.0,11172,35276,0.0762315213865332,0.0932645424651321
e40eed6ba7911173.jpg,DRIP,336,336,2,58,8762.0,72728.0,11368,70122,0.12047629523704763,0.12495365220615498
e40eed6ba7911173.jpg,Fixed,336,336,2,57,7308.0,73986.0,11172,70122,0.09877544400291947,0.10421836228287841
e422f1049201b0f8.jpg,DRIP,336,336,1,59,1456.0,11644.0,11564,1536,0.12504294057025078,0.9479166666666666
e422f1049201b0f8.jpg,Fixed,336,336,1,57,56.0,12652.0,11172,1536,0.004426177679418274,0.036458333333333336
e44141458340f372.jpg,DRIP,336,336,3,58,202.0,11816.0,11368,650,0.017095463777928234,0.31076923076923074
e44141458340f372.jpg,Fixed,336,336,3,57,21.0,11801.0,11172,650,0.0017795102109990678,0.03230769230769231
e44a8f4a6e23f811.jpg,DRIP,336,336,1,58,682.0,12531.0,11368,1845,0.054425025935679515,0.36964769647696477
e44a8f4a6e23f811.jpg,Fixed,336,336,1,57,196.0,12821.0,11172,1845,0.015287419078075033,0.10623306233062331
e47e7967bf9c14b1.jpg,DRIP,336,336,1,58,196.0,11723.0,11368,551,0.016719269811481703,0.35571687840290384
e47e7967bf9c14b1.jpg,Fixed,336,336,1,57,0.0,11723.0,11172,551,0.0,0.0
e49f2bbeb3661824.jpg,DRIP,336,336,0,59,,,11564,0,,
e49f2bbeb3661824.jpg,Fixed,336,336,0,57,,,11172,0,,
e4a557e886cf77ff.jpg,DRIP,336,336,1,58,363.0,11734.0,11368,729,0.030935742287370036,0.49794238683127573
e4a557e886cf77ff.jpg,Fixed,336,336,1,57,27.0,11874.0,11172,729,0.0022738756947953513,0.037037037037037035
e4abf9b3912d5934.jpg,DRIP,336,336,3,58,5684.0,40754.0,11368,35070,0.1394709721745105,0.16207584830339322
e4abf9b3912d5934.jpg,Fixed,336,336,3,57,3483.0,42759.0,11172,35070,0.08145653546621764,0.09931565440547477
e4c560f58c885ece.jpg,DRIP,336,336,0,58,,,11368,0,,
e4c560f58c885ece.jpg,Fixed,336,336,0,57,,,11172,0,,
e4def7461f35bd7b.jpg,DRIP,336,336,2,58,1547.0,14753.0,11368,4932,0.104860028468786,0.31366585563665855
e4def7461f35bd7b.jpg,Fixed,336,336,2,57,532.0,15572.0,11172,4932,0.03416388389416902,0.10786699107866991
e4f7cfae5984af81.jpg,DRIP,336,336,35,59,8127.0,42182.0,11564,38745,0.19266511782276802,0.2097560975609756
e4f7cfae5984af81.jpg,Fixed,336,336,35,57,3838.0,46079.0,11172,38745,0.08329173810195534,0.09905794296038198
e51a1b4c91ae15e8.jpg,DRIP,336,336,0,59,,,11564,0,,
e51a1b4c91ae15e8.jpg,Fixed,336,336,0,57,,,11172,0,,
e52675ff7a666460.jpg,DRIP,336,336,10,59,4749.0,39916.0,11564,33101,0.11897484717907605,0.1434699858010332
e52675ff7a666460.jpg,Fixed,336,336,10,57,3010.0,41263.0,11172,33101,0.07294670770423867,0.09093380864626446
e537eb4f30b0217c.jpg,DRIP,336,336,4,58,1394.0,13292.0,11368,3318,0.10487511284983449,0.42013261000602775
e537eb4f30b0217c.jpg,Fixed,336,336,4,57,346.0,14144.0,11172,3318,0.02446266968325792,0.10427968655816756
e5a7543eac0e743b.jpg,DRIP,336,336,0,59,,,11564,0,,
e5a7543eac0e743b.jpg,Fixed,336,336,0,57,,,11172,0,,
e5ad5b716b903c67.jpg,DRIP,336,336,0,59,,,11564,0,,
e5ad5b716b903c67.jpg,Fixed,336,336,0,57,,,11172,0,,
e5b4b52987e90319.jpg,DRIP,336,336,0,59,,,11564,0,,
e5b4b52987e90319.jpg,Fixed,336,336,0,57,,,11172,0,,
e5ee236cb7116964.jpg,DRIP,336,336,3,59,2640.0,13044.0,11564,4120,0.20239190432382706,0.6407766990291263
e5ee236cb7116964.jpg,Fixed,336,336,3,57,488.0,14804.0,11172,4120,0.03296406376654958,0.11844660194174757
e61803d4807e167d.jpg,DRIP,336,336,5,59,2481.0,16919.0,11564,7836,0.1466398723328802,0.3166156202143951
e61803d4807e167d.jpg,Fixed,336,336,5,57,826.0,18182.0,11172,7836,0.045429545704542953,0.10541092394078612
e6331925eab49904.jpg,DRIP,336,336,0,59,,,11564,0,,
e6331925eab49904.jpg,Fixed,336,336,0,57,,,11172,0,,
e687cf450e381174.jpg,DRIP,336,336,0,58,,,11368,0,,
e687cf450e381174.jpg,Fixed,336,336,0,57,,,11172,0,,
e6a63b3b06282e4f.jpg,DRIP,336,336,2,59,2968.0,35140.0,11564,26544,0.08446215139442231,0.11181434599156118
e6a63b3b06282e4f.jpg,Fixed,336,336,2,57,2263.0,35453.0,11172,26544,0.06383098750458353,0.0852546714888487
e6aafe9677bd0f76.jpg,DRIP,336,336,0,58,,,11368,0,,
e6aafe9677bd0f76.jpg,Fixed,336,336,0,57,,,11172,0,,
e6c1a7b56123bbdb.jpg,DRIP,336,336,25,58,2801.0,28594.0,11368,20027,0.09795761348534658,0.13986118739701403
e6c1a7b56123bbdb.jpg,Fixed,336,336,25,57,2074.0,29125.0,11172,20027,0.07121030042918455,0.10356019373845309
e6d31487d1c1a2a6.jpg,DRIP,336,336,2,59,1553.0,13431.0,11564,3420,0.11562802471893381,0.454093567251462
e6d31487d1c1a2a6.jpg,Fixed,336,336,2,57,210.0,14382.0,11172,3420,0.014601585314977055,0.06140350877192982
e6f8d1ce06837912.jpg,DRIP,336,336,1,58,238.0,11823.0,11368,693,0.020130254588513915,0.3434343434343434
e6f8d1ce06837912.jpg,Fixed,336,336,1,57,196.0,11669.0,11172,693,0.016796640671865627,0.2828282828282828
e7618ce326c05962.jpg,DRIP,336,336,0,59,,,11564,0,,
e7618ce326c05962.jpg,Fixed,336,336,0,57,,,11172,0,,
e76545f5fae2e38e.jpg,DRIP,336,336,13,58,3738.0,26749.0,11368,19119,0.13974354181464727,0.1955123175898321
e76545f5fae2e38e.jpg,Fixed,336,336,13,57,1556.0,28735.0,11172,19119,0.054149991299808596,0.0813850096762383
e7802559de07d74d.jpg,DRIP,336,336,2,58,4410.0,24955.0,11368,17997,0.1767180925666199,0.24504084014002334
e7802559de07d74d.jpg,Fixed,336,336,2,57,1902.0,27267.0,11172,17997,0.06975464847618,0.10568428071345225
e795907084cea8f4.jpg,DRIP,336,336,0,59,,,11564,0,,
e795907084cea8f4.jpg,Fixed,336,336,0,57,,,11172,0,,
e7b08b0cc6080758.jpg,DRIP,336,336,0,58,,,11368,0,,
e7b08b0cc6080758.jpg,Fixed,336,336,0,57,,,11172,0,,
e7b54b932696b900.jpg,DRIP,336,336,9,58,8676.0,89797.0,11368,87105,0.09661792710224172,0.09960392629584984
e7b54b932696b900.jpg,Fixed,336,336,9,57,8661.0,89616.0,11172,87105,0.09664568826995179,0.09943172033752368
e7b7be77caf99b9e.jpg,DRIP,336,336,30,59,5706.0,38357.0,11564,32499,0.1487603305785124,0.17557463306563278
e7b7be77caf99b9e.jpg,Fixed,336,336,30,57,2959.0,40712.0,11172,32499,0.07268127333464335,0.09104895535247239
e7c0f5361203ec60.jpg,DRIP,336,336,2,58,154.0,13284.0,11368,2070,0.011592893706714845,0.07439613526570048
e7c0f5361203ec60.jpg,Fixed,336,336,2,57,294.0,12948.0,11172,2070,0.022706209453197405,0.14202898550724638
e7d4db0805480b89.jpg,DRIP,336,336,1,58,1570.0,14798.0,11368,5000,0.10609541829977023,0.314
e7d4db0805480b89.jpg,Fixed,336,336,1,57,392.0,15780.0,11172,5000,0.024841571609632445,0.0784
e7d63255fad3e1ca.jpg,DRIP,336,336,16,59,6386.0,49342.0,11564,44164,0.12942320943618013,0.14459740965492257
e7d63255fad3e1ca.jpg,Fixed,336,336,16,57,4066.0,51270.0,11172,44164,0.07930563682465379,0.09206593605651663
e7d656c4407826c5.jpg,DRIP,336,336,26,59,5426.0,29429.0,11564,23291,0.18437595568996568,0.2329655231634537
e7d656c4407826c5.jpg,Fixed,336,336,26,57,2369.0,32094.0,11172,23291,0.07381442014083629,0.10171310806749388
e7e77e2d4aaf4808.jpg,DRIP,336,336,2,59,1152.0,12759.0,11564,2347,0.09028920761815189,0.4908393694077546
e7e77e2d4aaf4808.jpg,Fixed,336,336,2,57,308.0,13211.0,11172,2347,0.02331390507910075,0.13123135918193438
e7f634f907d437d5.jpg,DRIP,336,336,0,59,,,11564,0,,
e7f634f907d437d5.jpg,Fixed,336,336,0,57,,,11172,0,,
e82388122290db4a.jpg,DRIP,336,336,4,59,2248.0,15788.0,11564,6472,0.1423866227514568,0.3473423980222497
e82388122290db4a.jpg,Fixed,336,336,4,57,570.0,17074.0,11172,6472,0.03338409277263676,0.0880716934487021
e83176c8fc8e24dc.jpg,DRIP,336,336,0,59,,,11564,0,,
e83176c8fc8e24dc.jpg,Fixed,336,336,0,57,,,11172,0,,
e85a52547fb81234.jpg,DRIP,336,336,17,59,5711.0,36250.0,11564,30397,0.1575448275862069,0.18788038293252624
e85a52547fb81234.jpg,Fixed,336,336,17,57,3187.0,38382.0,11172,30397,0.08303371371997291,0.10484587294798829
e86a6823f092750f.jpg,DRIP,336,336,2,58,9212.0,61049.0,11368,58893,0.15089518255827286,0.15641926884349583
e86a6823f092750f.jpg,Fixed,336,336,2,57,5859.0,64206.0,11172,58893,0.09125315391084945,0.09948550761550609
e88e679f7067b201.jpg,DRIP,336,336,1,58,3290.0,21259.0,11368,13181,0.15475798485347383,0.2496016994158258
e88e679f7067b201.jpg,Fixed,336,336,1,57,1274.0,23079.0,11172,13181,0.055201698513800426,0.09665427509293681
e899e6df86b9ed34.jpg,DRIP,336,336,2,59,457.0,11877.0,11564,770,0.038477730066515115,0.5935064935064935
e899e6df86b9ed34.jpg,Fixed,336,336,2,57,14.0,11928.0,11172,770,0.0011737089201877935,0.01818181818181818
e8a58d6a31e12445.jpg,DRIP,336,336,26,59,2781.0,27657.0,11564,18874,0.10055320533680442,0.1473455547313765
e8a58d6a31e12445.jpg,Fixed,336,336,26,57,1705.0,28341.0,11172,18874,0.06016019194806111,0.09033591183638869
e8cfb5f4de0198f1.jpg,DRIP,336,336,0,59,,,11564,0,,
e8cfb5f4de0198f1.jpg,Fixed,336,336,0,57,,,11172,0,,
e8d4b34171630d37.jpg,DRIP,336,336,2,59,2784.0,13932.0,11564,5152,0.19982773471145565,0.5403726708074534
e8d4b34171630d37.jpg,Fixed,336,336,2,57,266.0,16058.0,11172,5152,0.016564952048823016,0.051630434782608696
e8e903492cd0fe53.jpg,DRIP,336,336,4,59,2562.0,29699.0,11564,20697,0.08626553082595373,0.1237860559501377
e8e903492cd0fe53.jpg,Fixed,336,336,4,57,2002.0,29867.0,11172,20697,0.06703050189171995,0.09672899454027153
e8f2dc06f4eca44f.jpg,DRIP,336,336,9,59,1980.0,23672.0,11564,14088,0.08364312267657993,0.14054514480408858
e8f2dc06f4eca44f.jpg,Fixed,336,336,9,57,1298.0,23962.0,11172,14088,0.054169101076704786,0.0921351504826803
e90557ab2be28853.jpg,DRIP,336,336,7,58,1865.0,19455.0,11368,9952,0.09586224620920072,0.18739951768488747
e90557ab2be28853.jpg,Fixed,336,336,7,57,854.0,20270.0,11172,9952,0.04213122841637888,0.08581189710610933
e90a89c5d4a0779e.jpg,DRIP,336,336,0,59,,,11564,0,,
e90a89c5d4a0779e.jpg,Fixed,336,336,0,57,,,11172,0,,
e920a8a8522e9404.jpg,DRIP,336,336,36,58,2516.0,26740.0,11368,17888,0.09409124906507106,0.14065295169946332
e920a8a8522e9404.jpg,Fixed,336,336,36,57,1819.0,27241.0,11172,17888,0.06677434749091443,0.10168828264758498
e96fc2131f727dd4.jpg,DRIP,336,336,3,59,4283.0,15312.0,11564,8031,0.27971525600835945,0.5333084298343918
e96fc2131f727dd4.jpg,Fixed,336,336,3,57,686.0,18517.0,11172,8031,0.03704703785710428,0.08541900136969244
e9915e4011219b78.jpg,DRIP,336,336,11,59,7333.0,35102.0,11564,30871,0.2089054754714831,0.23753684687894788
e9915e4011219b78.jpg,Fixed,336,336,11,57,2911.0,39132.0,11172,30871,0.07438924665235613,0.09429561724595899
e9e9d9b60db59083.jpg,DRIP,336,336,3,59,2134.0,17290.0,11564,7860,0.12342394447657605,0.27150127226463106
e9e9d9b60db59083.jpg,Fixed,336,336,3,57,718.0,18314.0,11172,7860,0.039204979796876704,0.09134860050890585
e9f50657a757f45e.jpg,DRIP,336,336,14,59,6300.0,44377.0,11564,39113,0.14196543254388536,0.16107176642037174
e9f50657a757f45e.jpg,Fixed,336,336,14,57,3624.0,46661.0,11172,39113,0.07766657379824693,0.09265461611229003
ea0382ccbdd59942.jpg,DRIP,336,336,2,59,1946.0,16508.0,11564,6890,0.11788223891446571,0.28243831640058054
ea0382ccbdd59942.jpg,Fixed,336,336,2,57,550.0,17512.0,11172,6890,0.031407035175879394,0.07982583454281568
ea06c699fbebf914.jpg,DRIP,336,336,7,59,2220.0,14656.0,11564,5312,0.15147379912663755,0.41792168674698793
ea06c699fbebf914.jpg,Fixed,336,336,7,57,477.0,16007.0,11172,5312,0.029799462735053413,0.08979668674698796
ea36655fdf84f6e6.jpg,DRIP,336,336,6,59,2694.0,14918.0,11564,6048,0.18058721008178039,0.44543650793650796
ea36655fdf84f6e6.jpg,Fixed,336,336,6,57,476.0,16744.0,11172,6048,0.028428093645484948,0.0787037037037037
ea43052275fb10ff.jpg,DRIP,336,336,0,58,,,11368,0,,
ea43052275fb10ff.jpg,Fixed,336,336,0,57,,,11172,0,,
ea49770b54136009.jpg,DRIP,336,336,5,58,4309.0,39062.0,11368,32003,0.11031181199119348,0.13464362715995376
ea49770b54136009.jpg,Fixed,336,336,5,57,2851.0,40324.0,11172,32003,0.07070231127864299,0.08908539824391463
ea4cd165454e3c18.jpg,DRIP,336,336,0,59,,,11564,0,,
ea4cd165454e3c18.jpg,Fixed,336,336,0,57,,,11172,0,,
ea79782f32732483.jpg,DRIP,336,336,1,59,196.0,13825.0,11564,2457,0.014177215189873417,0.07977207977207977
ea79782f32732483.jpg,Fixed,336,336,1,57,378.0,13251.0,11172,2457,0.028526148969889066,0.15384615384615385
ea9e9adcb6cc7f16.jpg,DRIP,336,336,1,59,1109.0,11690.0,11564,1235,0.09486740804106074,0.8979757085020242
ea9e9adcb6cc7f16.jpg,Fixed,336,336,1,57,140.0,12267.0,11172,1235,0.011412733349637239,0.11336032388663968
eaa10e6569c11895.jpg,DRIP,336,336,35,58,9158.0,83990.0,11368,81780,0.10903679009405881,0.1119833700171191
eaa10e6569c11895.jpg,Fixed,336,336,35,57,7738.0,85214.0,11172,81780,0.0908066749595137,0.09461971142088531
eaa57dc95659150c.jpg,DRIP,336,336,0,58,,,11368,0,,
eaa57dc95659150c.jpg,Fixed,336,336,0,57,,,11172,0,,
eab75930d06bc747.jpg,DRIP,336,336,2,58,428.0,11809.0,11368,869,0.03624354306037768,0.49252013808975836
eab75930d06bc747.jpg,Fixed,336,336,2,57,108.0,11933.0,11172,869,0.009050532137769211,0.12428078250863062
eb13caa55b531594.jpg,DRIP,336,336,54,58,3666.0,39912.0,11368,32210,0.09185207456404089,0.11381558522198075
eb13caa55b531594.jpg,Fixed,336,336,54,57,3181.0,40201.0,11172,32210,0.07912738489092311,0.09875814964296802
eb24f244823ada19.jpg,DRIP,336,336,1,59,36.0,11813.0,11564,285,0.003047490053331076,0.12631578947368421
eb24f244823ada19.jpg,Fixed,336,336,1,57,0.0,11457.0,11172,285,0.0,0.0
eb38600d8a5ade9a.jpg,DRIP,336,336,0,59,,,11564,0,,
eb38600d8a5ade9a.jpg,Fixed,336,336,0,57,,,11172,0,,
eb3c37e5553f7ce0.jpg,DRIP,336,336,3,58,1242.0,15416.0,11368,5290,0.08056564608199274,0.23478260869565218
eb3c37e5553f7ce0.jpg,Fixed,336,336,3,57,552.0,15910.0,11172,5290,0.03469516027655563,0.10434782608695652
eb695bea8f3d1b30.jpg,DRIP,336,336,1,59,624.0,11648.0,11564,708,0.05357142857142857,0.8813559322033898
eb695bea8f3d1b30.jpg,Fixed,336,336,1,57,168.0,11712.0,11172,708,0.014344262295081968,0.23728813559322035
eb7038a3c1dee2d8.jpg,DRIP,336,336,26,59,7034.0,63306.0,11564,58776,0.1111111111111111,0.11967469715530149
eb7038a3c1dee2d8.jpg,Fixed,336,336,26,57,6149.0,63799.0,11172,58776,0.09638082101600338,0.10461753096501973
eb90fe82875b37b5.jpg,DRIP,336,336,5,58,2022.0,16327.0,11368,6981,0.12384393948673976,0.2896433175762785
eb90fe82875b37b5.jpg,Fixed,336,336,5,57,630.0,17523.0,11172,6981,0.035952747817154594,0.09024495058014612
eb92d60d390619f1.jpg,DRIP,336,336,18,59,2427.0,19931.0,11564,10794,0.121770106868697,0.22484713729849917
eb92d60d390619f1.jpg,Fixed,336,336,18,57,1228.0,20738.0,11172,10794,0.05921496769215932,0.1137669075412266
eb93b875b7025559.jpg,DRIP,336,336,48,58,3650.0,47658.0,11368,39940,0.07658735154643502,0.0913870806209314
eb93b875b7025559.jpg,Fixed,336,336,48,57,3756.0,47356.0,11172,39940,0.07931413126108625,0.09404106159238858
eba183bd81ae10ca.jpg,DRIP,336,336,2,58,1208.0,12427.0,11368,2267,0.09720769292669187,0.5328628142920159
eba183bd81ae10ca.jpg,Fixed,336,336,2,57,196.0,13243.0,11172,2267,0.014800271841727705,0.08645787384208205
ebb8302411af6e98.jpg,DRIP,336,336,0,59,,,11564,0,,
ebb8302411af6e98.jpg,Fixed,336,336,0,57,,,11172,0,,
ebe13ce1d27c50bc.jpg,DRIP,336,336,15,59,6478.0,52652.0,11564,47566,0.12303426270607004,0.13618971534289198
ebe13ce1d27c50bc.jpg,Fixed,336,336,15,57,4452.0,54286.0,11172,47566,0.08201009468371219,0.09359626624059202
ebfaa564111cf51a.jpg,DRIP,336,336,0,59,,,11564,0,,
ebfaa564111cf51a.jpg,Fixed,336,336,0,57,,,11172,0,,
ebfd23e7a363e788.jpg,DRIP,336,336,8,59,1729.0,13834.0,11564,3999,0.1249819285817551,0.4323580895223806
ebfd23e7a363e788.jpg,Fixed,336,336,8,57,420.0,14751.0,11172,3999,0.02847264592231035,0.10502625656414104
ec01eaf185559102.jpg,DRIP,336,336,3,59,6612.0,34677.0,11564,29725,0.19067393373129163,0.2224390243902439
ec01eaf185559102.jpg,Fixed,336,336,3,57,3360.0,37537.0,11172,29725,0.08951168180728349,0.11303616484440707
ec1c5f09b7aaa72a.jpg,DRIP,336,336,2,59,2566.0,15193.0,11564,6195,0.16889356940696373,0.4142050040355125
ec1c5f09b7aaa72a.jpg,Fixed,336,336,2,57,660.0,16707.0,11172,6195,0.039504399353564375,0.10653753026634383
ec58d889cd3b2a23.jpg,DRIP,336,336,0,59,,,11564,0,,
ec58d889cd3b2a23.jpg,Fixed,336,336,0,57,,,11172,0,,
ec6b3bf31c65b3cb.jpg,DRIP,336,336,1,59,518.0,12177.0,11564,1131,0.04253921327092059,0.45800176834659595
ec6b3bf31c65b3cb.jpg,Fixed,336,336,1,57,196.0,12107.0,11172,1131,0.016188981580903608,0.17329796640141468
ec95322fbb425e5a.jpg,DRIP,336,336,47,59,2403.0,34712.0,11564,25551,0.0692267803641392,0.09404719971821064
ec95322fbb425e5a.jpg,Fixed,336,336,47,57,2686.0,34037.0,11172,25551,0.07891412286629257,0.1051230871590153
eca676746ef1a5d1.jpg,DRIP,336,336,15,59,3702.0,25529.0,11564,17667,0.145011555485918,0.2095432161657327
eca676746ef1a5d1.jpg,Fixed,336,336,15,57,1269.0,27570.0,11172,17667,0.04602829162132753,0.0718288334182374
ecb64a19c7398c8e.jpg,DRIP,336,336,12,59,3623.0,37977.0,11564,30036,0.09539984727598283,0.12062192036223199
ecb64a19c7398c8e.jpg,Fixed,336,336,12,57,2675.0,38533.0,11172,30036,0.06942101575273142,0.08905979491277134
ecba4f9e3fe02b17.jpg,DRIP,336,336,32,58,3311.0,25381.0,11368,17324,0.13045191284819352,0.1911221426922189
ecba4f9e3fe02b17.jpg,Fixed,336,336,32,57,2213.0,26283.0,11172,17324,0.08419891184415781,0.12774186100207804
ed15b1f83c4e11b6.jpg,DRIP,336,336,7,59,3680.0,19785.0,11564,11901,0.18599949456659085,0.3092177127972439
ed15b1f83c4e11b6.jpg,Fixed,336,336,7,57,1209.0,21864.0,11172,11901,0.05529637760702525,0.1015881018401815
ed25836fdf23f34e.jpg,DRIP,336,336,7,58,606.0,17274.0,11368,6512,0.035081625564432097,0.09305896805896806
ed25836fdf23f34e.jpg,Fixed,336,336,7,57,677.0,17007.0,11172,6512,0.03980713823719645,0.10396191646191646
ed404dc8608c3c7b.jpg,DRIP,336,336,1,58,14.0,13734.0,11368,2380,0.0010193679918450561,0.0058823529411764705
ed404dc8608c3c7b.jpg,Fixed,336,336,1,57,84.0,13468.0,11172,2380,0.006237006237006237,0.03529411764705882
ed45c7df45f5d281.jpg,DRIP,336,336,23,59,2552.0,29199.0,11564,20187,0.08740025343333675,0.12641799177688612
ed45c7df45f5d281.jpg,Fixed,336,336,23,57,1832.0,29527.0,11172,20187,0.062044908050259084,0.09075147372071135
ed84d64c24970467.jpg,DRIP,336,336,1,59,1442.0,11803.0,11564,1681,0.12217232906888079,0.8578227245687091
ed84d64c24970467.jpg,Fixed,336,336,1,57,65.0,12788.0,11172,1681,0.0050828902095714735,0.03866745984533016
ed946401476a301c.jpg,DRIP,336,336,0,58,,,11368,0,,
ed946401476a301c.jpg,Fixed,336,336,0,57,,,11172,0,,
ede449a84f6fba77.jpg,DRIP,336,336,6,59,1007.0,20312.0,11564,9755,0.0495766049625837,0.10322911327524346
ede449a84f6fba77.jpg,Fixed,336,336,6,57,872.0,20055.0,11172,9755,0.043480428820742954,0.0893900563813429
edff45c02561d54d.jpg,DRIP,336,336,18,59,4874.0,37089.0,11564,30399,0.13141362668176548,0.16033422152044474
edff45c02561d54d.jpg,Fixed,336,336,18,57,2729.0,38842.0,11172,30399,0.07025899799186448,0.08977268989111484
ee1e78b23c92d86b.jpg,DRIP,336,336,7,58,772.0,12688.0,11368,2092,0.06084489281210593,0.3690248565965583
ee1e78b23c92d86b.jpg,Fixed,336,336,7,57,308.0,12956.0,11172,2092,0.023772769373263353,0.14722753346080306
ee223ca336449259.jpg,DRIP,336,336,4,58,1148.0,14897.0,11368,4677,0.0770624958045244,0.24545648920248023
ee223ca336449259.jpg,Fixed,336,336,4,57,518.0,15331.0,11172,4677,0.03378775030982976,0.11075475732307034
ee5193a6f58478a8.jpg,DRIP,336,336,8,58,1624.0,13281.0,11368,3537,0.12227994879903621,0.4591461690698332
ee5193a6f58478a8.jpg,Fixed,336,336,8,57,362.0,14347.0,11172,3537,0.025231755767756325,0.1023466214305909
eeeef5268b31530b.jpg,DRIP,336,336,4,59,4833.0,19417.0,11564,12686,0.24890559818715557,0.3809711492984392
eeeef5268b31530b.jpg,Fixed,336,336,4,57,1154.0,22704.0,11172,12686,0.05082804792107118,0.09096641967523254
ef00f12063be7b07.jpg,DRIP,336,336,1,59,5264.0,54127.0,11564,47827,0.09725275740388346,0.11006335333598177
ef00f12063be7b07.jpg,Fixed,336,336,1,57,4732.0,54267.0,11172,47827,0.08719848158180847,0.0989399293286219
ef0289acb724706c.jpg,DRIP,336,336,1,59,40.0,12679.0,11564,1155,0.0031548229355627417,0.03463203463203463
ef0289acb724706c.jpg,Fixed,336,336,1,57,154.0,12173.0,11172,1155,0.012650948821161587,0.13333333333333333
ef228af87e71e7f5.jpg,DRIP,336,336,3,59,1666.0,14642.0,11564,4744,0.11378227018166917,0.3511804384485666
ef228af87e71e7f5.jpg,Fixed,336,336,3,57,672.0,15244.0,11172,4744,0.04408291786932564,0.14165261382799327
ef241c6c2a16df4d.jpg,DRIP,336,336,2,59,1845.0,14068.0,11564,4349,0.13114870628376457,0.4242354564267648
ef241c6c2a16df4d.jpg,Fixed,336,336,2,57,414.0,15107.0,11172,4349,0.027404514463493745,0.0951942975396643
ef45a7b16461aa19.jpg,DRIP,336,336,4,59,6706.0,50867.0,11564,46009,0.13183399846658933,0.1457540915907757
ef45a7b16461aa19.jpg,Fixed,336,336,4,57,4322.0,52859.0,11172,46009,0.08176469475396811,0.09393814253732966
ef7060f902075ba6.jpg,DRIP,336,336,26,59,9252.0,95388.0,11564,93076,0.09699333249465342,0.09940263870385492
ef7060f902075ba6.jpg,Fixed,336,336,26,57,9045.0,95203.0,11172,93076,0.09500751026753358,0.09717864970561692
ef8086221ab0e99f.jpg,DRIP,336,336,20,59,2657.0,26685.0,11564,17778,0.09956904628068203,0.14945438182022724
ef8086221ab0e99f.jpg,Fixed,336,336,20,57,1999.0,26951.0,11172,17778,0.07417164483692627,0.11244234447069412
efb2cfa49091b465.jpg,DRIP,336,336,125,59,5957.0,77844.0,11564,72237,0.07652484456091671,0.08246466492240818
efb2cfa49091b465.jpg,Fixed,336,336,125,57,7353.0,76056.0,11172,72237,0.09667876301672453,0.10178994144275094
efed24eaa45c8f63.jpg,DRIP,336,336,4,59,7770.0,63485.0,11564,59691,0.1223911160116563,0.13017037744383575
efed24eaa45c8f63.jpg,Fixed,336,336,4,57,5523.0,65340.0,11172,59691,0.08452708907254362,0.09252651153440217
eff8b3f84f897a32.jpg,DRIP,336,336,1,59,392.0,12097.0,11564,925,0.032404728445069024,0.4237837837837838
eff8b3f84f897a32.jpg,Fixed,336,336,1,57,56.0,12041.0,11172,925,0.004650776513578606,0.06054054054054054
f005221d88b96e31.jpg,DRIP,336,336,12,59,5959.0,52212.0,11564,46607,0.11413085114533057,0.12785633059411677
f005221d88b96e31.jpg,Fixed,336,336,12,57,4870.0,52909.0,11172,46607,0.09204483169215068,0.10449074173407429
f00d9d8a17483493.jpg,DRIP,336,336,12,59,5632.0,35952.0,11564,30020,0.15665331553182021,0.18760826115922719
f00d9d8a17483493.jpg,Fixed,336,336,12,57,3240.0,37952.0,11172,30020,0.08537099494097808,0.10792804796802132
f0256606e601cf21.jpg,DRIP,336,336,13,59,5217.0,26358.0,11564,20011,0.19792852264966992,0.26070661136374995
f0256606e601cf21.jpg,Fixed,336,336,13,57,2019.0,29164.0,11172,20011,0.06922918666849541,0.10089450802058868
f06084d1c3d3be45.jpg,DRIP,336,336,3,59,745.0,11856.0,11564,1037,0.06283738191632929,0.7184185149469624
f06084d1c3d3be45.jpg,Fixed,336,336,3,57,62.0,12147.0,11172,1037,0.005104140940149831,0.05978784956605593
f0823cbf952b7547.jpg,DRIP,336,336,4,58,1931.0,13368.0,11368,3931,0.14444943147815678,0.49122360722462477
f0823cbf952b7547.jpg,Fixed,336,336,4,57,303.0,14800.0,11172,3931,0.020472972972972972,0.07707962350546935
f0cb3744d4029780.jpg,DRIP,336,336,7,59,6142.0,32278.0,11564,26856,0.1902844042381808,0.22870122132856718
f0cb3744d4029780.jpg,Fixed,336,336,7,57,2562.0,35466.0,11172,26856,0.07223819996616478,0.09539767649687221
f0e6dfb568f72c1a.jpg,DRIP,336,336,0,59,,,11564,0,,
f0e6dfb568f72c1a.jpg,Fixed,336,336,0,57,,,11172,0,,
f0f987412b7e4d98.jpg,DRIP,336,336,3,58,1669.0,17283.0,11368,7584,0.09656888271712087,0.22006856540084388
f0f987412b7e4d98.jpg,Fixed,336,336,3,57,654.0,18102.0,11172,7584,0.036128604574080216,0.08623417721518987
f127244e633e1152.jpg,DRIP,336,336,6,59,1065.0,14813.0,11564,4314,0.07189630729764396,0.24687065368567454
f127244e633e1152.jpg,Fixed,336,336,6,57,444.0,15042.0,11172,4314,0.029517351416035103,0.10292072322670376
f13f10a79762cc5e.jpg,DRIP,336,336,2,59,1060.0,12109.0,11564,1605,0.08753819473119168,0.660436137071651
f13f10a79762cc5e.jpg,Fixed,336,336,2,57,29.0,12748.0,11172,1605,0.0022748666457483527,0.01806853582554517
f143c89b2d1e0a62.jpg,DRIP,336,336,2,59,2156.0,13721.0,11564,4313,0.1571314044165877,0.4998840714120102
f143c89b2d1e0a62.jpg,Fixed,336,336,2,57,294.0,15191.0,11172,4313,0.01935356461062471,0.0681660097380014
f14a5333b682f3da.jpg,DRIP,336,336,4,59,4763.0,26297.0,11564,19496,0.1811233220519451,0.24430652441526468
f14a5333b682f3da.jpg,Fixed,336,336,4,57,1988.0,28680.0,11172,19496,0.06931659693165969,0.10196963479688141
f14dc0dbe9515756.jpg,DRIP,336,336,1,58,896.0,17852.0,11368,7380,0.05019045485099709,0.12140921409214092
f14dc0dbe9515756.jpg,Fixed,336,336,1,57,644.0,17908.0,11172,7380,0.03596158141612687,0.08726287262872628
f15557381b898bb1.jpg,DRIP,336,336,1,58,850.0,12193.0,11368,1675,0.06971212991060445,0.5074626865671642
f15557381b898bb1.jpg,Fixed,336,336,1,57,154.0,12693.0,11172,1675,0.01213267155124872,0.09194029850746269
f17a51c65907b6f2.jpg,DRIP,336,336,1,59,1302.0,13686.0,11564,3424,0.09513371328364752,0.3802570093457944
f17a51c65907b6f2.jpg,Fixed,336,336,1,57,424.0,14172.0,11172,3424,0.029918148461755573,0.12383177570093458
f1b4532de184af7e.jpg,DRIP,336,336,5,59,838.0,19552.0,11564,8826,0.042860065466448445,0.09494674824382507
f1b4532de184af7e.jpg,Fixed,336,336,5,57,587.0,19411.0,11172,8826,0.03024058523517593,0.06650804441423068
f200621d0bc17280.jpg,DRIP,336,336,102,58,2857.0,42169.0,11368,33658,0.06775119163366454,0.08488323726899993
f200621d0bc17280.jpg,Fixed,336,336,102,57,3301.0,41529.0,11172,33658,0.07948662380505189,0.0980747519163349
f2035b9600c88c83.jpg,DRIP,336,336,3,59,5023.0,42858.0,11564,36317,0.11720098931354707,0.13830988242420905
f2035b9600c88c83.jpg,Fixed,336,336,3,57,3836.0,43653.0,11172,36317,0.087874831053994,0.10562546465842443
f2208df6e8ec7800.jpg,DRIP,336,336,5,58,1602.0,14765.0,11368,4999,0.10849983068066373,0.3204640928185637
f2208df6e8ec7800.jpg,Fixed,336,336,5,57,350.0,15821.0,11172,4999,0.022122495417483092,0.07001400280056011
f254431e175cfbeb.jpg,DRIP,336,336,3,59,24.0,12766.0,11564,1226,0.0018799937333542221,0.01957585644371941
f254431e175cfbeb.jpg,Fixed,336,336,3,57,138.0,12260.0,11172,1226,0.011256117455138662,0.11256117455138662
f29a434ee3d5c06c.jpg,DRIP,336,336,8,59,8208.0,52441.0,11564,49085,0.15651875440971758,0.16722012834878272
f29a434ee3d5c06c.jpg,Fixed,336,336,8,57,4348.0,55909.0,11172,49085,0.07776923214509292,0.08858103290210859
f2e15920d54d861f.jpg,DRIP,336,336,3,58,3384.0,19074.0,11368,11090,0.1774142812205096,0.30513976555455363
f2e15920d54d861f.jpg,Fixed,336,336,3,57,882.0,21380.0,11172,11090,0.041253507951356405,0.07953110910730388
f2f9b42a2b485ac6.jpg,DRIP,336,336,2,58,702.0,12733.0,11368,2067,0.05513233330715464,0.33962264150943394
f2f9b42a2b485ac6.jpg,Fixed,336,336,2,57,14.0,13225.0,11172,2067,0.0010586011342155009,0.006773101112723754
f317ca8ea185a765.jpg,DRIP,336,336,15,58,2495.0,14750.0,11368,5877,0.16915254237288135,0.42453632805853325
f317ca8ea185a765.jpg,Fixed,336,336,15,57,560.0,16489.0,11172,5877,0.03396203529625811,0.0952867109069253
f3192eff16d9c8ab.jpg,DRIP,336,336,1,59,2381.0,14370.0,11564,5187,0.16569241475295754,0.45903219587430116
f3192eff16d9c8ab.jpg,Fixed,336,336,1,57,532.0,15827.0,11172,5187,0.03361344537815126,0.10256410256410256
f325d1fea61f50c7.jpg,DRIP,336,336,8,58,5788.0,27363.0,11368,21783,0.211526513905639,0.26571179360051417
f325d1fea61f50c7.jpg,Fixed,336,336,8,57,1910.0,31045.0,11172,21783,0.0615235947817684,0.08768305559381169
f335846dbb1da743.jpg,DRIP,336,336,10,58,4793.0,27866.0,11368,21291,0.17200172252924711,0.2251185947113804
f335846dbb1da743.jpg,Fixed,336,336,10,57,1991.0,30472.0,11172,21291,0.06533867156734051,0.09351369123103659
f34b8601eb875a8d.jpg,DRIP,336,336,0,58,,,11368,0,,
f34b8601eb875a8d.jpg,Fixed,336,336,0,57,,,11172,0,,
f34c5b5527068a07.jpg,DRIP,336,336,3,59,4732.0,24304.0,11564,17472,0.19470046082949308,0.2708333333333333
f34c5b5527068a07.jpg,Fixed,336,336,3,57,1651.0,26993.0,11172,17472,0.061164005482902975,0.09449404761904762
f37e70c5519847c3.jpg,DRIP,336,336,6,59,4328.0,25476.0,11564,18240,0.16988538232061548,0.23728070175438595
f37e70c5519847c3.jpg,Fixed,336,336,6,57,1792.0,27620.0,11172,18240,0.06488052136133236,0.09824561403508772
f39168c23620129b.jpg,DRIP,336,336,6,58,1148.0,21886.0,11368,11666,0.05245362332084438,0.09840562317846734
f39168c23620129b.jpg,Fixed,336,336,6,57,1118.0,21720.0,11172,11666,0.051473296500920813,0.09583404765986628
f3aaa4cce9902cf9.jpg,DRIP,336,336,18,59,3954.0,28609.0,11564,20999,0.13820825614317173,0.1882946806990809
f3aaa4cce9902cf9.jpg,Fixed,336,336,18,57,2031.0,30140.0,11172,20999,0.06738553417385534,0.0967188913757798
f3ea11ff4d7bb711.jpg,DRIP,336,336,17,58,3268.0,26055.0,11368,17955,0.1254269813855306,0.182010582010582
f3ea11ff4d7bb711.jpg,Fixed,336,336,17,57,1905.0,27222.0,11172,17955,0.06998016310337227,0.1060985797827903
f3f1dc7b8d3fc7cc.jpg,DRIP,336,336,0,59,,,11564,0,,
f3f1dc7b8d3fc7cc.jpg,Fixed,336,336,0,57,,,11172,0,,
f409fb247d2dae35.jpg,DRIP,336,336,2,59,999.0,15441.0,11564,4876,0.06469788226151156,0.20488105004101723
f409fb247d2dae35.jpg,Fixed,336,336,2,57,558.0,15490.0,11172,4876,0.036023240800516464,0.11443806398687449
f473176f1265a938.jpg,DRIP,336,336,12,59,6865.0,21174.0,11564,16475,0.3242183810333428,0.4166919575113809
f473176f1265a938.jpg,Fixed,336,336,12,57,1694.0,25953.0,11172,16475,0.06527183755249875,0.10282245827010622
f477eeec5374737a.jpg,DRIP,336,336,0,59,,,11564,0,,
f477eeec5374737a.jpg,Fixed,336,336,0,57,,,11172,0,,
f4793ff4e283ba81.jpg,DRIP,336,336,3,59,3583.0,16337.0,11564,8356,0.21931811226051295,0.42879368118717087
f4793ff4e283ba81.jpg,Fixed,336,336,3,57,770.0,18758.0,11172,8356,0.04104915236165903,0.09214935375777884
f49e3c24b7b79ab2.jpg,DRIP,336,336,4,59,1237.0,16891.0,11564,6564,0.07323426676928542,0.1884521633150518
f49e3c24b7b79ab2.jpg,Fixed,336,336,4,57,681.0,17055.0,11172,6564,0.03992963940193492,0.10374771480804387
f4dc687a07426503.jpg,DRIP,336,336,4,58,1693.0,13509.0,11368,3834,0.12532385816862832,0.4415753781950965
f4dc687a07426503.jpg,Fixed,336,336,4,57,241.0,14765.0,11172,3834,0.016322384016254656,0.06285863328116849
f4e6b98b017d7a09.jpg,DRIP,336,336,2,58,1680.0,14413.0,11368,4725,0.11656143759106362,0.35555555555555557
f4e6b98b017d7a09.jpg,Fixed,336,336,2,57,443.0,15454.0,11172,4725,0.028665717613562833,0.09375661375661376
f5147a615e292c6c.jpg,DRIP,336,336,12,59,4768.0,25011.0,11564,18215,0.19063612010715286,0.2617622838320066
f5147a615e292c6c.jpg,Fixed,336,336,12,57,1786.0,27601.0,11172,18215,0.06470780044201296,0.09805105682130112
f52cfdca527c9db5.jpg,DRIP,336,336,11,58,2652.0,19253.0,11368,10537,0.137744767049291,0.25168454019170544
f52cfdca527c9db5.jpg,Fixed,336,336,11,57,934.0,20775.0,11172,10537,0.044957882069795424,0.08864003036917528
f548c875258111b7.jpg,DRIP,336,336,0,58,,,11368,0,,
f548c875258111b7.jpg,Fixed,336,336,0,57,,,11172,0,,
f5528de5641931e5.jpg,DRIP,336,336,1,59,1706.0,15151.0,11564,5293,0.11259982839416541,0.32231248819195163
f5528de5641931e5.jpg,Fixed,336,336,1,57,714.0,15751.0,11172,5293,0.045330455209193064,0.134895144530512
f57317b33b4818c3.jpg,DRIP,336,336,17,58,6360.0,27588.0,11368,22580,0.23053501522401043,0.2816651904340124
f57317b33b4818c3.jpg,Fixed,336,336,17,57,2287.0,31465.0,11172,22580,0.07268393453043064,0.10128432240921169
f5e10e73636eb26a.jpg,DRIP,336,336,120,59,3568.0,61792.0,11564,53796,0.05774210253754531,0.06632463380176964
f5e10e73636eb26a.jpg,Fixed,336,336,120,57,5325.0,59643.0,11172,53796,0.08928122327850711,0.09898505465090342
f608cb022dbf1fcc.jpg,DRIP,336,336,1,59,224.0,13005.0,11564,1665,0.017224144559784698,0.13453453453453454
f608cb022dbf1fcc.jpg,Fixed,336,336,1,57,90.0,12747.0,11172,1665,0.007060484819957637,0.05405405405405406
f614e73458e4827c.jpg,DRIP,336,336,1,59,4116.0,32975.0,11564,25527,0.12482183472327521,0.16124103889998825
f614e73458e4827c.jpg,Fixed,336,336,1,57,2366.0,34333.0,11172,25527,0.06891329042029534,0.09268617542210209
f62b653cffd71af0.jpg,DRIP,336,336,4,59,2004.0,15067.0,11564,5507,0.1330059069489613,0.3639004902850917
f62b653cffd71af0.jpg,Fixed,336,336,4,57,784.0,15895.0,11172,5507,0.049323686693928906,0.1423642636644271
f62e7c15c3fe81fe.jpg,DRIP,336,336,0,58,,,11368,0,,
f62e7c15c3fe81fe.jpg,Fixed,336,336,0,57,,,11172,0,,
f67ace2fe8eb209e.jpg,DRIP,336,336,13,59,3925.0,17269.0,11564,9630,0.22728588800741212,0.4075804776739356
f67ace2fe8eb209e.jpg,Fixed,336,336,13,57,1058.0,19744.0,11172,9630,0.05358589951377634,0.109865005192108
f692dc5bea9a6b33.jpg,DRIP,336,336,5,59,2268.0,15260.0,11564,5964,0.14862385321100918,0.38028169014084506
f692dc5bea9a6b33.jpg,Fixed,336,336,5,57,588.0,16548.0,11172,5964,0.03553299492385787,0.09859154929577464
f69af751d50337e9.jpg,DRIP,336,336,0,58,,,11368,0,,
f69af751d50337e9.jpg,Fixed,336,336,0,57,,,11172,0,,
f6af9470b2185cb5.jpg,DRIP,336,336,3,59,2797.0,14765.0,11564,5998,0.1894344734168642,0.46632210736912305
f6af9470b2185cb5.jpg,Fixed,336,336,3,57,889.0,16281.0,11172,5998,0.05460352558196671,0.148216072024008
f6c0f9282064585a.jpg,DRIP,336,336,1,58,2680.0,13448.0,11368,4760,0.19928613920285546,0.5630252100840336
f6c0f9282064585a.jpg,Fixed,336,336,1,57,490.0,15442.0,11172,4760,0.03173164097914778,0.10294117647058823
f6c612d3cfa76fe2.jpg,DRIP,336,336,2,58,1540.0,13414.0,11368,3586,0.11480542716564783,0.4294478527607362
f6c612d3cfa76fe2.jpg,Fixed,336,336,2,57,428.0,14330.0,11172,3586,0.029867411025819957,0.11935303959843838
f76d43b4b2f61ffe.jpg,DRIP,336,336,51,59,7589.0,69773.0,11564,65798,0.10876700156220888,0.11533785221435303
f76d43b4b2f61ffe.jpg,Fixed,336,336,51,57,6443.0,70527.0,11172,65798,0.09135508386858933,0.09792090945013526
f76db9cbeb6634c4.jpg,DRIP,336,336,8,58,6664.0,54680.0,11368,49976,0.1218727139722019,0.13334400512245878
f76db9cbeb6634c4.jpg,Fixed,336,336,8,57,5024.0,56124.0,11172,49976,0.08951607155584064,0.10052825356170962
f77ae0bc1eb9aaba.jpg,DRIP,336,336,13,58,3122.0,24937.0,11368,16691,0.12519549264145646,0.18704691150919658
f77ae0bc1eb9aaba.jpg,Fixed,336,336,13,57,1650.0,26213.0,11172,16691,0.0629458665547629,0.0988556707207477
f78aaf3268a66fec.jpg,DRIP,336,336,0,59,,,11564,0,,
f78aaf3268a66fec.jpg,Fixed,336,336,0,57,,,11172,0,,
f78d5fdb17274d1f.jpg,DRIP,336,336,2,59,2100.0,13244.0,11564,3780,0.15856236786469344,0.5555555555555556
f78d5fdb17274d1f.jpg,Fixed,336,336,2,57,442.0,14510.0,11172,3780,0.030461750516884906,0.11693121693121693
f7a5ebbae8415001.jpg,DRIP,336,336,3,59,6762.0,49353.0,11564,44551,0.1370129475411829,0.15178110480123902
f7a5ebbae8415001.jpg,Fixed,336,336,3,57,4172.0,51551.0,11172,44551,0.08092956489689822,0.09364548494983277
f7a6663912886b86.jpg,DRIP,336,336,29,59,9154.0,67265.0,11564,64855,0.13608860477216977,0.14114563256495258
f7a6663912886b86.jpg,Fixed,336,336,29,57,6461.0,69566.0,11172,64855,0.09287583014691085,0.09962223421478683
f7ea84135e0c86f5.jpg,DRIP,336,336,6,59,822.0,16644.0,11564,5902,0.04938716654650324,0.13927482209420536
f7ea84135e0c86f5.jpg,Fixed,336,336,6,57,692.0,16382.0,11172,5902,0.04224148455622024,0.11724839037614368
f7f7c00e9f09c7d3.jpg,DRIP,336,336,4,59,2147.0,13362.0,11564,3945,0.160679538991169,0.544233206590621
f7f7c00e9f09c7d3.jpg,Fixed,336,336,4,57,490.0,14627.0,11172,3945,0.03349969234976413,0.12420785804816223
f80461e7623b718c.jpg,DRIP,336,336,1,59,774.0,13413.0,11564,2623,0.05770521136211138,0.29508196721311475
f80461e7623b718c.jpg,Fixed,336,336,1,57,196.0,13599.0,11172,2623,0.014412824472387675,0.07472359893252002
f812b2ebbec82b9a.jpg,DRIP,336,336,7,58,3968.0,21133.0,11368,13733,0.1877632139308191,0.28893905191873587
f812b2ebbec82b9a.jpg,Fixed,336,336,7,57,1230.0,23675.0,11172,13733,0.05195353748680042,0.08956528071069686
f8356984577dff65.jpg,DRIP,336,336,4,58,960.0,15511.0,11368,5103,0.061891560827799626,0.18812463256907702
f8356984577dff65.jpg,Fixed,336,336,4,57,443.0,15832.0,11172,5103,0.027981303688731682,0.086811679404272
f8418c45981468e9.jpg,DRIP,336,336,0,59,,,11564,0,,
f8418c45981468e9.jpg,Fixed,336,336,0,57,,,11172,0,,
f844ca01f13786d1.jpg,DRIP,336,336,0,58,,,11368,0,,
f844ca01f13786d1.jpg,Fixed,336,336,0,57,,,11172,0,,
f84d81be3c452eaf.jpg,DRIP,336,336,1,58,392.0,13239.0,11368,2263,0.02960948712138379,0.17322138753866548
f84d81be3c452eaf.jpg,Fixed,336,336,1,57,392.0,13043.0,11172,2263,0.030054435329295408,0.17322138753866548
f850dc4a39ecc58c.jpg,DRIP,336,336,0,58,,,11368,0,,
f850dc4a39ecc58c.jpg,Fixed,336,336,0,57,,,11172,0,,
f861545168d6c88d.jpg,DRIP,336,336,0,58,,,11368,0,,
f861545168d6c88d.jpg,Fixed,336,336,0,57,,,11172,0,,
f87135cc1aef6c43.jpg,DRIP,336,336,0,59,,,11564,0,,
f87135cc1aef6c43.jpg,Fixed,336,336,0,57,,,11172,0,,
f8910192f8bb056a.jpg,DRIP,336,336,1,58,937.0,13896.0,11368,3465,0.06742947610823259,0.2704184704184704
f8910192f8bb056a.jpg,Fixed,336,336,1,57,406.0,14231.0,11172,3465,0.02852926709296606,0.11717171717171718
f8a979d3ffb4711a.jpg,DRIP,336,336,4,58,7586.0,82341.0,11368,78559,0.09212907300129948,0.09656436563601879
f8a979d3ffb4711a.jpg,Fixed,336,336,4,57,7406.0,82325.0,11172,78559,0.08996052232007289,0.09427309410761339
f8b2122176af46c3.jpg,DRIP,336,336,3,59,348.0,18514.0,11564,7298,0.018796586367073567,0.04768429706768978
f8b2122176af46c3.jpg,Fixed,336,336,3,57,868.0,17602.0,11172,7298,0.04931257811612317,0.11893669498492737
f8b451d8846b720a.jpg,DRIP,336,336,6,59,2932.0,18442.0,11564,9810,0.15898492571304632,0.2988786952089704
f8b451d8846b720a.jpg,Fixed,336,336,6,57,933.0,20049.0,11172,9810,0.04653598683226096,0.09510703363914373
f8c758bc3d0a925c.jpg,DRIP,336,336,6,58,3182.0,27530.0,11368,19344,0.1155830003632401,0.16449545078577338
f8c758bc3d0a925c.jpg,Fixed,336,336,6,57,1800.0,28716.0,11172,19344,0.06268282490597576,0.09305210918114144
f8e2e89dc859eb82.jpg,DRIP,336,336,1,59,2716.0,18848.0,11564,10000,0.14410016977928694,0.2716
f8e2e89dc859eb82.jpg,Fixed,336,336,1,57,896.0,20276.0,11172,10000,0.04419017557703689,0.0896
f8e38cba92bf175e.jpg,DRIP,336,336,0,58,,,11368,0,,
f8e38cba92bf175e.jpg,Fixed,336,336,0,57,,,11172,0,,
f8e804759515944a.jpg,DRIP,336,336,1,58,1190.0,15572.0,11368,5394,0.07641921397379912,0.22061549870226177
f8e804759515944a.jpg,Fixed,336,336,1,57,476.0,16090.0,11172,5394,0.029583592293349906,0.0882461994809047
f8f1391e7205d087.jpg,DRIP,336,336,1,58,0.0,11773.0,11368,405,0.0,0.0
f8f1391e7205d087.jpg,Fixed,336,336,1,57,0.0,11577.0,11172,405,0.0,0.0
f8fe1c74d1fb7076.jpg,DRIP,336,336,0,59,,,11564,0,,
f8fe1c74d1fb7076.jpg,Fixed,336,336,0,57,,,11172,0,,
f9274821ee154508.jpg,DRIP,336,336,29,58,360.0,46145.0,11368,35137,0.0078014952865965975,0.01024561004069784
f9274821ee154508.jpg,Fixed,336,336,29,57,3809.0,42500.0,11172,35137,0.0896235294117647,0.10840424623616131
f9381b8e8a8efc3f.jpg,DRIP,336,336,1,59,2100.0,14802.0,11564,5338,0.14187271990271585,0.3934057699512926
f9381b8e8a8efc3f.jpg,Fixed,336,336,1,57,504.0,16006.0,11172,5338,0.03148819192802699,0.09441738478831023
f93af7a46db91ddb.jpg,DRIP,336,336,5,58,672.0,19622.0,11368,8926,0.0342472734685557,0.07528568227649562
f93af7a46db91ddb.jpg,Fixed,336,336,5,57,910.0,19188.0,11172,8926,0.04742547425474255,0.10194936141608783
f93dff5e31fd2342.jpg,DRIP,336,336,2,59,5463.0,28058.0,11564,21957,0.19470382778530188,0.24880448148654188
f93dff5e31fd2342.jpg,Fixed,336,336,2,57,2170.0,30959.0,11172,21957,0.07009270325268904,0.09882953044587148
f96745297c996924.jpg,DRIP,336,336,0,58,,,11368,0,,
f96745297c996924.jpg,Fixed,336,336,0,57,,,11172,0,,
f9771bbe5f9e2206.jpg,DRIP,336,336,0,59,,,11564,0,,
f9771bbe5f9e2206.jpg,Fixed,336,336,0,57,,,11172,0,,
f985b7d836206302.jpg,DRIP,336,336,4,58,3958.0,19295.0,11368,11885,0.20513086291785437,0.3330248212031973
f985b7d836206302.jpg,Fixed,336,336,4,57,1246.0,21811.0,11172,11885,0.05712713768282059,0.10483803113167858
f98b5cd14d4e29f6.jpg,DRIP,336,336,1,59,3122.0,13585.0,11564,5143,0.2298122929701877,0.6070386933696286
f98b5cd14d4e29f6.jpg,Fixed,336,336,1,57,504.0,15811.0,11172,5143,0.0318765416482196,0.09799727785339296
f9e60f38014a522c.jpg,DRIP,336,336,0,58,,,11368,0,,
f9e60f38014a522c.jpg,Fixed,336,336,0,57,,,11172,0,,
fa03a9ad4d82432a.jpg,DRIP,336,336,5,59,6560.0,52095.0,11564,47091,0.12592379307035223,0.13930475037692977
fa03a9ad4d82432a.jpg,Fixed,336,336,5,57,4810.0,53453.0,11172,47091,0.089985594821619,0.1021426599562549
fa313d5146c0d208.jpg,DRIP,336,336,1,59,1097.0,13262.0,11564,2795,0.08271753883275525,0.3924865831842576
fa313d5146c0d208.jpg,Fixed,336,336,1,57,336.0,13631.0,11172,2795,0.02464969554691512,0.12021466905187836
fa4554d34fd10108.jpg,DRIP,336,336,2,59,3440.0,16589.0,11564,8465,0.20736632708421243,0.4063792085056113
fa4554d34fd10108.jpg,Fixed,336,336,2,57,970.0,18667.0,11172,8465,0.05196335779718219,0.11458948611931483
fa54ccee9f535366.jpg,DRIP,336,336,6,59,3953.0,16628.0,11564,9017,0.23773153716622564,0.4383941443939226
fa54ccee9f535366.jpg,Fixed,336,336,6,57,875.0,19314.0,11172,9017,0.04530392461426944,0.09703892647221914
fa8357ac028251f0.jpg,DRIP,336,336,13,59,5421.0,23046.0,11564,16903,0.2352252017703723,0.32071229959178843
fa8357ac028251f0.jpg,Fixed,336,336,13,57,1817.0,26258.0,11172,16903,0.06919795871734329,0.1074957108205644
fa9ac5bdfb832ade.jpg,DRIP,336,336,0,59,,,11564,0,,
fa9ac5bdfb832ade.jpg,Fixed,336,336,0,57,,,11172,0,,
fa9ffd5aca1e4e51.jpg,DRIP,336,336,0,59,,,11564,0,,
fa9ffd5aca1e4e51.jpg,Fixed,336,336,0,57,,,11172,0,,
fadf7ca2cc49d232.jpg,DRIP,336,336,8,59,1965.0,24055.0,11564,14456,0.08168779879442943,0.13592971776425014
fadf7ca2cc49d232.jpg,Fixed,336,336,8,57,1527.0,24101.0,11172,14456,0.06335836687274388,0.10563087991145545
faf47627827b0b39.jpg,DRIP,336,336,2,58,3108.0,21474.0,11368,13214,0.14473316568873987,0.23520508551536248
faf47627827b0b39.jpg,Fixed,336,336,2,57,1120.0,23266.0,11172,13214,0.04813891515516204,0.08475858937490541
faf72774b598adbd.jpg,DRIP,336,336,1,59,324.0,11780.0,11564,540,0.027504244482173174,0.6
faf72774b598adbd.jpg,Fixed,336,336,1,57,78.0,11634.0,11172,540,0.006704486848891181,0.14444444444444443
fb2d743942556cf6.jpg,DRIP,336,336,1,59,1078.0,19129.0,11564,8643,0.05635422656699252,0.12472521115353465
fb2d743942556cf6.jpg,Fixed,336,336,1,57,672.0,19143.0,11172,8643,0.03510421564018179,0.0777507809788268
fb39f5b120097669.jpg,DRIP,336,336,1,59,522.0,12824.0,11564,1782,0.04070492825951341,0.29292929292929293
fb39f5b120097669.jpg,Fixed,336,336,1,57,350.0,12604.0,11172,1782,0.02776896223421136,0.19640852974186307
fb3c4ee4de650af6.jpg,DRIP,336,336,83,59,10025.0,101680.0,11564,100141,0.0985936270653029,0.10010884652639777
fb3c4ee4de650af6.jpg,Fixed,336,336,83,57,9685.0,101628.0,11172,100141,0.09529853977250365,0.0967136337763753
fb8def9936391f5c.jpg,DRIP,336,336,10,59,6934.0,42234.0,11564,37604,0.16418051806601316,0.18439527709818104
fb8def9936391f5c.jpg,Fixed,336,336,10,57,3826.0,44950.0,11172,37604,0.08511679644048943,0.10174449526646101
fbac42c3a2ee2a21.jpg,DRIP,336,336,0,58,,,11368,0,,
fbac42c3a2ee2a21.jpg,Fixed,336,336,0,57,,,11172,0,,
fbf5f29787f677dd.jpg,DRIP,336,336,8,58,3881.0,24577.0,11368,17090,0.15791186882044186,0.22709186658864833
fbf5f29787f677dd.jpg,Fixed,336,336,8,57,1610.0,26652.0,11172,17090,0.060408224523487916,0.09420713867758923
fc126f88f3500417.jpg,DRIP,336,336,4,58,2480.0,21802.0,11368,12914,0.11375103201541142,0.19203964689484282
fc126f88f3500417.jpg,Fixed,336,336,4,57,1346.0,22740.0,11172,12914,0.05919085312225154,0.10422796964534614
fc5b1ba2fc54da86.jpg,DRIP,336,336,0,58,,,11368,0,,
fc5b1ba2fc54da86.jpg,Fixed,336,336,0,57,,,11172,0,,
fc5e25716377e42c.jpg,DRIP,336,336,53,59,5704.0,53455.0,11564,47595,0.10670657562435694,0.11984452148334909
fc5e25716377e42c.jpg,Fixed,336,336,53,57,4821.0,53946.0,11172,47595,0.08936714492270048,0.10129215253703121
fc7045b20448d177.jpg,DRIP,336,336,7,59,4599.0,52974.0,11564,46009,0.08681617397213727,0.09995870373187854
fc7045b20448d177.jpg,Fixed,336,336,7,57,4120.0,53061.0,11172,46009,0.07764648235050225,0.08954769718968028
fca0891051e3ad6b.jpg,DRIP,336,336,0,59,,,11564,0,,
fca0891051e3ad6b.jpg,Fixed,336,336,0,57,,,11172,0,,
fca7508d87c588ea.jpg,DRIP,336,336,1,58,1161.0,12208.0,11368,2001,0.09510157273918741,0.5802098950524738
fca7508d87c588ea.jpg,Fixed,336,336,1,57,322.0,12851.0,11172,2001,0.025056415843125047,0.16091954022988506
fcb2e79426180288.jpg,DRIP,336,336,1,59,249.0,11744.0,11564,429,0.02120231607629428,0.5804195804195804
fcb2e79426180288.jpg,Fixed,336,336,1,57,21.0,11580.0,11172,429,0.0018134715025906736,0.04895104895104895
fcbf3690bb2c1049.jpg,DRIP,336,336,18,58,3333.0,23428.0,11368,15393,0.1422656650162199,0.21652699278893003
fcbf3690bb2c1049.jpg,Fixed,336,336,18,57,1880.0,24685.0,11172,15393,0.07615961109985821,0.1221334372766842
fce2b2a3e9f75882.jpg,DRIP,336,336,8,59,6604.0,57156.0,11564,52196,0.11554342501224718,0.1265231052187907
fce2b2a3e9f75882.jpg,Fixed,336,336,8,57,4576.0,58792.0,11172,52196,0.0778337188733161,0.08766955322246915
fcf8b0b0a66a03a6.jpg,DRIP,336,336,9,59,5281.0,25671.0,11564,19388,0.20571851505589966,0.27238498040024756
fcf8b0b0a66a03a6.jpg,Fixed,336,336,9,57,1960.0,28600.0,11172,19388,0.06853146853146853,0.10109345987208583
fcfb3c4a410ebbd2.jpg,DRIP,336,336,9,58,4572.0,28971.0,11368,22175,0.1578129853991923,0.20617812852311163
fcfb3c4a410ebbd2.jpg,Fixed,336,336,9,57,2007.0,31340.0,11172,22175,0.06403956604977665,0.09050732807215332
fcff752608dd37bf.jpg,DRIP,336,336,2,58,390.0,11803.0,11368,825,0.033042446835550285,0.4727272727272727
fcff752608dd37bf.jpg,Fixed,336,336,2,57,156.0,11841.0,11172,825,0.013174562959209527,0.1890909090909091
fd08820ab053df8c.jpg,DRIP,336,336,11,58,1896.0,23117.0,11368,13645,0.08201756283254748,0.13895199706852326
fd08820ab053df8c.jpg,Fixed,336,336,11,57,1330.0,23487.0,11172,13645,0.05662707029420531,0.09747160131916453
fd0a0a41bd0b200a.jpg,DRIP,336,336,0,59,,,11564,0,,
fd0a0a41bd0b200a.jpg,Fixed,336,336,0,57,,,11172,0,,
fd6c5bc5b97c539b.jpg,DRIP,336,336,14,58,398.0,16621.0,11368,5651,0.02394561097406895,0.07043001238718812
fd6c5bc5b97c539b.jpg,Fixed,336,336,14,57,505.0,16318.0,11172,5651,0.030947420026964087,0.08936471420987435
fda6dba2a48b95cf.jpg,DRIP,336,336,0,58,,,11368,0,,
fda6dba2a48b95cf.jpg,Fixed,336,336,0,57,,,11172,0,,
fda94716ee211a0f.jpg,DRIP,336,336,1,59,308.0,11883.0,11564,627,0.025919380627787595,0.49122807017543857
fda94716ee211a0f.jpg,Fixed,336,336,1,57,112.0,11687.0,11172,627,0.009583297681184221,0.17862838915470494
fdd336246aad6fe8.jpg,DRIP,336,336,2,59,5474.0,39245.0,11564,33155,0.13948273665435088,0.16510330266928064
fdd336246aad6fe8.jpg,Fixed,336,336,2,57,2996.0,41331.0,11172,33155,0.07248796303017106,0.09036344442768814
fddb29c9153b9c02.jpg,DRIP,336,336,2,59,1722.0,15440.0,11564,5598,0.11152849740932642,0.30760986066452306
fddb29c9153b9c02.jpg,Fixed,336,336,2,57,728.0,16042.0,11172,5598,0.04538087520259319,0.13004644515898536
fdfe93ff18b06788.jpg,DRIP,336,336,7,59,2238.0,15266.0,11564,5940,0.14660028822219312,0.37676767676767675
fdfe93ff18b06788.jpg,Fixed,336,336,7,57,598.0,16514.0,11172,5940,0.036211699164345405,0.10067340067340068
fe0871d67ced0701.jpg,DRIP,336,336,3,59,728.0,11844.0,11564,1008,0.061465721040189124,0.7222222222222222
fe0871d67ced0701.jpg,Fixed,336,336,3,57,70.0,12110.0,11172,1008,0.005780346820809248,0.06944444444444445
fe1f2382d66996da.jpg,DRIP,336,336,2,58,1092.0,12714.0,11368,2438,0.08588957055214724,0.4479081214109926
fe1f2382d66996da.jpg,Fixed,336,336,2,57,322.0,13288.0,11172,2438,0.024232390126429863,0.1320754716981132
fe22e106b365634a.jpg,DRIP,336,336,5,58,1760.0,15511.0,11368,5903,0.11346786151763265,0.29815348128070474
fe22e106b365634a.jpg,Fixed,336,336,5,57,520.0,16555.0,11172,5903,0.03141045001510118,0.08809080128748094
fe29338f6aad2127.jpg,DRIP,336,336,1,58,5756.0,16332.0,11368,10720,0.3524369336272349,0.5369402985074627
fe29338f6aad2127.jpg,Fixed,336,336,1,57,1008.0,20884.0,11172,10720,0.04826661559088297,0.09402985074626866
fe2b3be1f9c416ea.jpg,DRIP,336,336,0,59,,,11564,0,,
fe2b3be1f9c416ea.jpg,Fixed,336,336,0,57,,,11172,0,,
fe2f51ed151aab30.jpg,DRIP,336,336,4,59,4224.0,42929.0,11564,35589,0.09839502434251904,0.11868835876253898
fe2f51ed151aab30.jpg,Fixed,336,336,4,57,3636.0,43125.0,11172,35589,0.08431304347826087,0.10216639973025372
fe32ee8991d2e59f.jpg,DRIP,336,336,3,58,3716.0,22279.0,11368,14627,0.16679384173436868,0.25405072810555823
fe32ee8991d2e59f.jpg,Fixed,336,336,3,57,1316.0,24483.0,11172,14627,0.053751582730874485,0.08997060231079511
fe3bfe0b60a3a261.jpg,DRIP,336,336,0,58,,,11368,0,,
fe3bfe0b60a3a261.jpg,Fixed,336,336,0,57,,,11172,0,,
fe788c23eb999498.jpg,DRIP,336,336,1,59,2254.0,13135.0,11564,3825,0.17160258850399696,0.589281045751634
fe788c23eb999498.jpg,Fixed,336,336,1,57,392.0,14605.0,11172,3825,0.026840123245463882,0.10248366013071895
fe96f14d5ca8d3a6.jpg,DRIP,336,336,4,58,1087.0,14112.0,11368,3831,0.0770266439909297,0.2837379274340903
fe96f14d5ca8d3a6.jpg,Fixed,336,336,4,57,588.0,14415.0,11172,3831,0.04079084287200833,0.1534847298355521
fed917cb37831a14.jpg,DRIP,336,336,9,59,3613.0,27029.0,11564,19078,0.13367124199933406,0.18938043820106928
fed917cb37831a14.jpg,Fixed,336,336,9,57,2088.0,28162.0,11172,19078,0.07414246147290675,0.10944543453192158
fede1a5c4d9ca272.jpg,DRIP,336,336,3,58,3836.0,38176.0,11368,30644,0.10048197820620285,0.12517948048557628
fede1a5c4d9ca272.jpg,Fixed,336,336,3,57,2885.0,38931.0,11172,30644,0.07410546864966222,0.09414567288865683
fee241e6fa6bc0ec.jpg,DRIP,336,336,1,58,952.0,11837.0,11368,1421,0.08042578356002365,0.6699507389162561
fee241e6fa6bc0ec.jpg,Fixed,336,336,1,57,98.0,12495.0,11172,1421,0.00784313725490196,0.06896551724137931
fee71c03d5a6cc98.jpg,DRIP,336,336,9,59,4998.0,23734.0,11564,17168,0.21058397236032697,0.29112301957129544
fee71c03d5a6cc98.jpg,Fixed,336,336,9,57,1768.0,26572.0,11172,17168,0.06653620352250489,0.10298229263746506
fee949a9845570cd.jpg,DRIP,336,336,0,59,,,11564,0,,
fee949a9845570cd.jpg,Fixed,336,336,0,57,,,11172,0,,
ff10941b1a40b3f7.jpg,DRIP,336,336,4,59,776.0,13719.0,11564,2931,0.05656388949631897,0.26475605595359947
ff10941b1a40b3f7.jpg,Fixed,336,336,4,57,224.0,13879.0,11172,2931,0.016139491317818288,0.0764244285226885
ff1a85d8e1ebc5ac.jpg,DRIP,336,336,5,59,2003.0,12316.0,11564,2755,0.16263397206885352,0.7270417422867513
ff1a85d8e1ebc5ac.jpg,Fixed,336,336,5,57,140.0,13787.0,11172,2755,0.010154493363313265,0.050816696914700546
ff210ae85b333ec0.jpg,DRIP,336,336,12,58,5750.0,38592.0,11368,32974,0.1489946102819237,0.17437981439922362
ff210ae85b333ec0.jpg,Fixed,336,336,12,57,3229.0,40917.0,11172,32974,0.07891585404599555,0.09792563838175532
ff29aae56046bf2c.jpg,DRIP,336,336,2,58,640.0,12631.0,11368,1903,0.05066898899532895,0.33631108775617446
ff29aae56046bf2c.jpg,Fixed,336,336,2,57,154.0,12921.0,11172,1903,0.011918582153084127,0.08092485549132948
ff3696efebf1ef47.jpg,DRIP,336,336,7,59,4914.0,40195.0,11564,33545,0.12225401169299664,0.1464897898345506
ff3696efebf1ef47.jpg,Fixed,336,336,7,57,3276.0,41441.0,11172,33545,0.07905214642503801,0.0976598598897004
ff37a90f49b3e643.jpg,DRIP,336,336,56,58,6255.0,67310.0,11368,62197,0.0929282424602585,0.10056755148962168
ff37a90f49b3e643.jpg,Fixed,336,336,56,57,5777.0,67592.0,11172,62197,0.08546869452006155,0.09288229335820056
ff3ead2112f2f3f7.jpg,DRIP,336,336,6,58,817.0,13613.0,11368,3062,0.06001616102255197,0.2668190725016329
ff3ead2112f2f3f7.jpg,Fixed,336,336,6,57,78.0,14156.0,11172,3062,0.005510031082226617,0.025473546701502287
ff8700aea4449c7e.jpg,DRIP,336,336,2,58,5044.0,48435.0,11368,42111,0.10413956849385775,0.1197786801548289
ff8700aea4449c7e.jpg,Fixed,336,336,2,57,4382.0,48901.0,11172,42111,0.08960961943518538,0.1040583220536202
ff92bdd5d68ddca6.jpg,DRIP,336,336,5,59,2020.0,14604.0,11564,5060,0.13831826896740618,0.39920948616600793
ff92bdd5d68ddca6.jpg,Fixed,336,336,5,57,604.0,15628.0,11172,5060,0.03864857947274123,0.11936758893280633
ff9b80a751bc3ecc.jpg,DRIP,336,336,2,58,896.0,12632.0,11368,2160,0.07093096896770108,0.4148148148148148
ff9b80a751bc3ecc.jpg,Fixed,336,336,2,57,124.0,13208.0,11172,2160,0.00938824954572986,0.05740740740740741
ffb9d5c76f1259a8.jpg,DRIP,336,336,1,58,408.0,11860.0,11368,900,0.034401349072512646,0.4533333333333333
ffb9d5c76f1259a8.jpg,Fixed,336,336,1,57,168.0,11904.0,11172,900,0.014112903225806451,0.18666666666666668
ffda1919cf90a8eb.jpg,DRIP,336,336,58,59,3217.0,45961.0,11564,37614,0.06999412545418943,0.08552666560323284
ffda1919cf90a8eb.jpg,Fixed,336,336,58,57,3758.0,45028.0,11172,37614,0.08345918095407302,0.09990960812463444
ffdf2c012fcee84d.jpg,DRIP,336,336,3,58,1520.0,13341.0,11368,3493,0.11393448766958998,0.43515602633839107
ffdf2c012fcee84d.jpg,Fixed,336,336,3,57,294.0,14371.0,11172,3493,0.020457866536775452,0.0841683366733467
